cell_id,latent_1,latent_2,latent_3,latent_4,latent_5,latent_6,latent_7,latent_8,latent_9,latent_10,latent_11,latent_12,latent_13,latent_14,latent_15,latent_16,latent_17,latent_18,latent_19,latent_20,latent_21,latent_22,latent_23,latent_24,latent_25,latent_26,latent_27,latent_28,latent_29,latent_30,latent_31,latent_32,latent_33,latent_34,latent_35,latent_36,latent_37,latent_38,latent_39,latent_40,latent_41,latent_42,latent_43,latent_44,latent_45,latent_46,latent_47,latent_48,latent_49,latent_50,latent_51,latent_52,latent_53,latent_54,latent_55,latent_56,latent_57,latent_58,latent_59,latent_60,latent_61,latent_62,latent_63,latent_64
cell_0000,0.21865161,-0.07539915,-0.009681432,0.16884433,0.12738147,-0.061793298,-0.12749082,0.0642128,-0.16123681,0.052326977,0.174551,0.0016648124,-0.12797475,0.10727511,0.16992556,0.18934685,0.078288935,-0.059845332,-0.0034936164,0.20667203,-0.014845711,0.20593712,-0.023237426,0.18404041,-0.04756124,-0.069121204,-0.044246726,-0.2107821,-0.03196296,-0.09704134,0.08861548,0.14776006,0.09612632,0.13008347,-0.07378154,0.15525977,-0.06473603,0.017080635,-0.12714,0.1283918,0.08923543,0.111801185,0.19035578,-0.08860015,-0.11665211,0.050835,0.09541706,-0.12203733,0.24144047,-0.0017666253,0.15172073,-0.18930568,0.11935534,-0.14147216,0.20995964,-0.1580717,0.08682753,0.019434849,-0.11560135,0.029850852,-0.062398933,0.22567889,0.011400551,0.086296976
cell_0001,0.23035678,-0.10103224,-0.04435413,0.19616334,0.03481041,-0.118958004,-0.11991354,0.079621926,-0.17364565,0.006696056,0.09008797,-0.09455669,-0.14963375,0.019175198,0.18349054,0.14871301,0.0642324,-0.062115893,0.0026166665,0.19406568,-0.09367304,0.23066989,-0.13242792,0.06471579,0.07081771,-0.121908985,-0.17527623,-0.2133042,-0.052007254,0.029051421,0.029011821,0.18487732,0.14244668,0.08245907,-0.121309124,0.17376854,-0.15619224,0.049835958,-0.08342272,0.023218954,0.09282146,0.029368881,0.14395916,-0.11253535,-0.11839509,0.083549134,0.12681688,-0.0014778178,0.19086598,0.033323374,0.0105173085,-0.06765997,0.04817182,-0.24766393,0.13934557,-0.21532421,0.18658559,0.007949908,-0.13544315,0.03590327,-0.059276823,0.15706685,-0.031284727,0.169418
cell_0002,0.23332314,-0.049014255,-0.13605437,0.15990064,0.16706738,-0.10711281,-0.13919601,0.01418568,-0.14688113,-0.13097617,0.17235887,0.04035614,-0.15665928,0.114512295,0.2035654,0.15203336,0.1524042,-0.038425345,0.013199739,0.23765036,-0.055072736,0.12978594,-0.058952816,0.19572385,-0.043509744,-0.08207056,-0.060033407,-0.19604564,0.042785585,-0.06881536,0.08370551,0.08391931,0.05562511,0.12290957,-0.06116395,0.15542866,-0.06538128,0.062727325,-0.25598603,0.09790958,0.14217977,0.041456867,0.16531485,-0.14871614,-0.14442341,0.053127684,0.099613525,-0.060615767,0.1863596,0.055687625,0.07998207,-0.09193315,-0.062516175,-0.110754326,0.16171874,-0.14877377,0.14200626,0.006310092,-0.062667966,-0.021713598,-0.05470585,0.2218475,0.04330292,0.14012493
cell_0003,0.19684316,-0.09270634,-0.109606,0.2543054,0.03464375,-0.11202914,-0.10917959,0.1622756,-0.17650697,-0.028856868,0.07145013,-0.023914032,-0.09379066,0.12789233,0.24313441,0.20926526,0.07587516,-0.16762225,0.012025076,0.17401053,-0.096776776,0.16406706,-0.0764553,0.10979651,-0.013174351,-0.06003627,-0.11978181,-0.18853365,-0.026264848,0.06305254,0.097013205,0.15613298,0.08246716,0.12366968,-0.10309893,0.14751145,-0.15474485,0.024207093,-0.16627625,0.04902127,0.12877503,0.038574327,0.12538543,-0.14691898,-0.14861393,0.08847013,0.14986147,0.010088033,0.111263566,0.05859708,0.118585825,0.0020226943,0.07140518,-0.24931496,0.13361292,-0.1686253,0.15695581,0.044908945,-0.073260956,0.056070957,0.0048302505,0.13157488,0.04372295,0.18140045
cell_0004,0.17328687,-0.10486764,-0.0023716993,0.14062178,0.10165376,-0.1387002,-0.13650216,0.0030164071,-0.09639304,-0.009002277,0.121793225,-0.07897366,-0.10549271,0.10084344,0.13416149,0.13191609,0.120090485,0.056744438,-0.021480784,0.2019218,-0.025856227,0.2582301,-0.07878022,0.21379113,0.047812585,-0.12081899,-0.10782205,-0.18497178,-0.112982206,-0.0728511,0.07656541,0.1392299,0.07575331,0.041766576,-0.1540708,0.17003666,-0.13092263,0.04605128,-0.13790172,0.06098265,0.01613127,0.14121579,0.22444786,-0.011484992,-0.15013002,0.07923585,0.13807623,-0.15636636,0.1989203,0.02141453,0.19374688,-0.037531715,0.047631983,-0.16154109,0.1335381,-0.258964,0.14204389,0.04053092,-0.08102003,0.026018487,-0.14778723,0.105143,-0.050729483,0.1331104
cell_0005,0.2058961,-0.13929358,-0.094077915,0.1136385,0.113981254,-0.132827,-0.21995708,0.089063644,-0.18779135,0.03892055,0.14359769,-0.124695495,-0.08464635,-0.089129835,0.21158019,0.13300419,0.13782027,-0.014042587,-0.056583747,0.109598584,-0.04640353,0.16787075,-0.050919436,0.13379854,0.13877557,-0.10575822,-0.09771272,-0.22061762,0.05504041,-0.02149586,0.046791326,0.16809854,0.017328892,0.007775841,-0.060022067,0.21419312,-0.12629405,0.16675782,-0.16906339,-0.0009637187,0.061320707,0.115401246,0.11817693,-0.13856208,-0.1179015,0.016165499,0.10068693,-0.07160001,0.2189077,-0.039104626,0.07857482,-0.023442358,0.10350763,-0.16217728,0.19397111,-0.2288574,0.18348238,0.038662538,-0.09516874,0.04529878,-0.114859745,0.12896442,-0.09938802,0.01124784
cell_0006,0.13295124,-0.15512156,-0.124371834,0.08410453,0.07987846,-0.17935847,-0.18617408,0.08887755,-0.13521639,-0.10332557,0.18472765,-0.051894404,-0.108520806,0.01199213,0.20436764,0.21676253,0.10274725,0.015106403,-0.10589023,0.23998988,-0.09096206,0.15732516,-0.07172696,0.14776587,0.1023874,-0.12821718,-0.1117687,-0.20779471,-0.016908787,-0.019690571,0.03429153,0.1866533,0.04868281,0.15647791,-0.03382409,0.15492897,-0.06336557,0.1257093,-0.16002704,0.046380762,0.079733565,-0.035137873,0.13725902,-0.12641744,-0.10629991,0.034743365,0.08167723,-0.0077512087,0.19904937,-0.046105154,0.03762525,-0.0438391,0.01574945,-0.13462614,0.13552964,-0.25600186,0.2516868,0.010068565,-0.13095509,0.051013175,-0.049855802,0.15875602,-0.06267959,0.07660863
cell_0007,0.049802706,-0.14616252,-0.07873902,0.18480232,0.07683765,-0.12910694,-0.13152891,0.09506849,-0.15092763,0.09752682,0.11665229,-0.13128214,-0.04865002,0.057880163,0.19277886,0.14315422,0.07705761,-0.14673418,0.06483087,0.164074,-0.014343244,0.24621546,-0.04667655,0.09826343,-0.036027446,-0.10735032,-0.09437152,-0.20852739,-0.013927961,-0.062416118,0.04466025,0.14073223,0.07203609,-0.009777515,-0.120046556,0.10711337,-0.044662185,0.045796722,-0.18796907,0.05901976,0.10368356,0.21325783,0.12396136,0.026983907,-0.135539,-0.0006348709,0.08039076,-0.1457688,0.275471,0.048818007,0.16884257,-0.093922734,0.10146226,-0.17881869,0.19337368,-0.22797932,0.051954154,0.09284351,-0.121866964,0.0602159,-0.13429388,0.18500057,0.06526981,0.10952352
cell_0008,0.20194365,-0.12945071,-0.10383673,0.10526373,0.08270849,-0.13684651,-0.18715975,0.062386688,-0.10011822,0.05754368,0.13038447,-0.037329234,-0.1510592,0.091969974,0.23343086,0.1105068,0.15508696,-0.018806577,0.012411432,0.18485042,-0.041781798,0.1990327,-0.05567357,0.16369438,0.057017557,-0.07325179,-0.112093866,-0.2346181,-0.04497694,0.048124805,0.034404345,0.18384765,0.11243511,0.081226036,-0.03283863,0.11039517,-0.06780962,0.06208599,-0.16159418,0.10611739,0.070914485,0.013305769,0.18450412,-0.08396847,-0.15592198,-0.014911658,0.10318581,-0.09870361,0.21364003,-0.0077468297,0.09273724,-0.05646157,-0.0024956458,-0.17099601,0.24828859,-0.28663766,0.20955966,0.02038467,-0.06609335,0.058847807,-0.056736115,0.074756734,-0.052694757,0.13047579
cell_0009,0.14062876,-0.15881346,-0.10961118,0.08739762,0.056289125,-0.21220735,-0.14269729,0.058581237,-0.1055464,0.044784382,0.111082576,-0.09484934,-0.1479725,-0.0067808484,0.20618413,0.15405232,0.13379402,0.0013328387,-0.012222762,0.1875546,-0.074917704,0.20105779,-0.07687804,0.08761186,0.04843008,-0.073627755,-0.09320676,-0.28480297,-0.013956998,-0.017140953,0.017876865,0.19552761,0.040897354,0.081765264,-0.0626139,0.14770456,-0.1121777,0.06779989,-0.027664637,0.06784844,0.047729973,0.003401877,0.14874294,-0.1677351,-0.19265676,0.037564535,0.131284,-0.0618298,0.24373792,0.09605057,0.031937066,-0.056364857,0.060579393,-0.24096037,0.23841836,-0.23078953,0.15545996,0.061506566,-0.050037015,0.033701938,-0.10596415,0.074820936,-0.16144615,0.057424415
cell_0010,0.16071835,-0.074480906,-0.0924528,0.15411747,0.10985772,-0.16304599,-0.13400853,0.07684308,-0.109159894,0.05610683,0.071090154,-0.060250636,-0.12003627,-0.039773937,0.2490247,0.19345854,0.17690733,0.010957236,0.07607356,0.15908703,-0.13134806,0.20214532,-0.1097451,0.18979011,0.107312635,-0.10835627,-0.13766201,-0.189744,0.100395985,-0.02097211,-0.01105075,0.12735033,0.1014622,0.031154312,-0.102456346,0.08175943,-0.01579715,0.101782784,-0.23801629,0.054553915,0.08410494,0.07175182,0.23219179,-0.066357665,-0.084424615,-0.04782023,0.077077456,-0.11688843,0.2275414,0.055968445,0.065491654,0.108644225,0.012446139,-0.09469219,0.17435725,-0.22011574,0.13522556,0.08964609,-0.07742695,0.046230532,-0.14015505,0.10987123,-0.09268259,0.16998067
cell_0011,0.19144914,-0.06334848,-0.06510877,0.12965445,0.04222689,-0.117404416,-0.18941972,0.048635583,-0.09766805,0.05961181,0.14724892,-0.08857952,-0.10950534,-0.046772197,0.18085982,0.13884988,0.073064424,0.07608924,-0.033722028,0.23374945,-0.0704099,0.25330165,-0.039622303,0.07771414,0.08503403,-0.10272945,-0.1566784,-0.22874732,0.08120266,0.11989935,0.024678256,0.11936946,-0.062222093,0.036964674,0.06537947,0.2337064,-0.13930409,0.1593787,-0.09594373,0.13136324,0.09284363,-0.010405993,0.122890994,-0.2052337,-0.17549402,0.03662719,0.05384239,-0.028393062,0.14347403,0.049868505,-0.0025727202,-0.017326053,0.054691017,-0.21995115,0.26681492,-0.16333005,0.16991861,0.057063673,-0.103911094,0.0071809557,-0.06303398,0.11376285,-0.15953799,0.08005236
cell_0012,0.20227402,-0.12478369,-0.1381962,0.17593971,-0.0012565668,-0.12299263,-0.16617699,0.12939733,-0.08285613,0.06000499,0.1018638,-0.089693494,-0.15726322,0.025398603,0.26897302,0.11792293,0.11268303,-0.07478907,-0.014170285,0.1996955,-0.07673157,0.18811928,-0.111198194,0.08765877,0.026861398,-0.09670275,-0.09559088,-0.21761166,0.007317769,0.11647273,0.014548525,0.16611853,0.028037654,0.06071478,-0.04747765,0.22904488,-0.09137163,0.125686,-0.19242124,0.11433261,0.06478962,0.0046234033,0.13389923,-0.15831894,-0.12250112,0.03650272,0.07612912,-0.04239594,0.13038114,0.07427684,-0.0018328539,-0.013168331,0.09632381,-0.19581471,0.14729546,-0.25852922,0.19630815,0.06918668,-0.13819343,0.0267053,-0.035588544,0.11810877,-0.081405185,0.13178958
cell_0013,0.2539858,-0.105576746,-0.100183696,0.137563,0.10609133,-0.093001515,-0.1268437,0.067883655,-0.13941754,0.09349227,0.11544597,-0.035925083,-0.121486805,0.05588571,0.20550832,0.118224375,0.14852424,-0.07709225,0.038239628,0.21847942,-0.073656105,0.1823922,-0.053701993,0.12288336,0.07769205,-0.08487857,-0.15136643,-0.20106746,-0.06501845,-0.09756686,-0.0038111596,0.20166515,0.11434766,0.06778989,-0.17272702,0.14460252,-0.12381205,0.04656364,-0.210555,0.07420216,0.09378253,0.020365028,0.1439273,-0.097446874,-0.13614742,0.00424451,0.120449446,-0.06114485,0.17825352,0.04709991,0.07188163,-0.08355421,0.09511778,-0.1918965,0.19784819,-0.24644332,0.15673149,0.019895256,-0.07440794,0.051062353,-0.073009446,0.10992779,-0.0038107757,0.13641645
cell_0014,0.18586725,-0.10493047,0.014642496,0.11300749,0.06901159,-0.09073727,-0.25497115,0.07710517,-0.10985172,0.09007926,0.14724572,-0.11210458,-0.10672595,-0.07232676,0.16352864,0.11138852,0.124526024,0.025009971,-0.12264983,0.20448753,-0.11034845,0.25397497,-0.037901204,0.08464669,0.18912134,-0.12839687,-0.19746386,-0.26028675,0.12526715,-0.015492393,0.017578566,0.11035133,0.05303049,0.00017813395,-0.040542778,0.19813272,-0.14624193,0.0655376,-0.047056623,0.032990858,-0.04746577,0.09958546,0.21291122,-0.08136481,-0.12532285,0.06912963,0.11929784,-0.09277293,0.12010709,0.0380943,0.020506691,-0.082852356,0.108633615,-0.20488532,0.22362891,-0.13958327,0.11348986,0.026595142,-0.06745979,0.0003466604,-0.15556476,0.043508075,-0.15890191,0.074586794
cell_0015,0.12838937,-0.14703488,-0.09998097,0.0454608,0.11670249,-0.15284453,-0.13770778,0.01600171,-0.10908631,-0.035322055,0.1410949,-0.039435208,-0.092875674,-0.040880606,0.15557793,0.13732573,0.16314887,0.08692111,-0.095503606,0.19603126,-0.07619267,0.21406426,-0.0948109,0.11625341,0.17982897,-0.15873906,-0.1098862,-0.1939884,0.088774174,-0.043188173,0.0038513255,0.15941131,0.036935505,0.022849405,-0.021115592,0.18003167,-0.06800593,0.082991354,-0.13701966,0.037816815,0.008689838,0.035579756,0.19061686,-0.09460326,-0.18072869,0.055788506,0.028058035,-0.09384909,0.22273988,-0.057273075,0.018340666,-0.040615246,0.08745385,-0.14987314,0.21234366,-0.23764835,0.26795635,-0.004261988,0.017330958,0.007128829,-0.12410963,0.1739696,-0.20489512,0.050590623
cell_0016,0.21554202,-0.13874935,-0.11461974,0.20547447,0.014688989,-0.1517963,-0.09191252,0.14647269,-0.16613264,0.06503551,0.1319282,-0.12722299,-0.09771788,0.022969566,0.25692168,0.13225324,0.10123319,-0.085824944,0.076333456,0.17040478,-0.0506235,0.16155879,-0.11935994,0.086261205,-0.0058632004,-0.044103876,-0.13380069,-0.22307946,0.015601794,-0.049369656,0.06954908,0.10640067,0.089587845,0.012167979,-0.09329941,0.12187539,-0.07471219,0.022880545,-0.23314215,0.04333199,0.15168163,0.08480077,0.20882908,-0.05382537,-0.15288338,-0.050298378,0.042792898,-0.019302998,0.19929084,0.100984424,0.057643134,-0.030262187,0.10629233,-0.22052364,0.19491744,-0.18657462,0.11120218,0.03647475,-0.09174876,-0.013964255,-0.12353193,0.14050919,-0.007962803,0.17976886
cell_0017,0.14505452,-0.15278494,-0.07046058,0.12696399,0.07011328,-0.17844754,-0.18669072,-0.012588574,-0.10124998,0.10365157,0.09244973,-0.17367788,-0.00070809666,-0.07214988,0.20814344,0.12517272,0.028803146,0.031209143,-0.027688488,0.25423807,-0.07205425,0.275701,-0.031654615,0.026124805,0.18032716,-0.15045798,-0.12755409,-0.26817176,-0.0007285581,0.010043448,-0.13930574,0.14194384,-0.035679482,0.07692405,-0.07801884,0.1110092,-0.13112421,0.20951131,-0.08528979,0.095103405,0.052403387,-0.021279663,0.10467714,-0.15268597,-0.1665583,-0.11596628,0.070917346,0.035448056,0.14977665,0.012215533,-0.061593667,0.069870524,0.07068009,-0.20533857,0.21761024,-0.13337722,0.16266282,0.126269,-0.11201275,0.036318656,-0.036456067,-0.0014961667,-0.12668166,0.02452835
cell_0018,0.18220605,-0.14893322,-0.07232827,0.12258824,0.045282684,-0.1263697,-0.119189136,0.15054484,-0.13645867,0.081463985,0.13541675,-0.058066163,-0.106216215,0.0047161225,0.19760375,0.19500485,0.11174985,-0.034910318,-0.008384909,0.24418823,-0.090733245,0.22381915,-0.033707675,0.052718718,0.08137917,-0.08333701,-0.19146632,-0.22419329,-0.05661482,0.017830014,-0.03446533,0.22575946,0.060039308,0.036491305,-0.049206294,0.18319893,-0.15907857,0.10651653,-0.13706893,0.08494258,0.14397213,-0.04226921,0.1058739,-0.08268315,-0.1907722,0.035055812,0.11492223,-0.008241705,0.12418194,0.053744987,0.0039191074,0.000890066,0.12738238,-0.19712003,0.20998552,-0.23731126,0.16782452,0.053994026,-0.063567914,0.0632747,-0.024402015,0.13888082,-0.076478265,0.092741996
cell_0019,0.2170438,-0.1281117,-0.07463201,0.14875901,0.07504534,-0.15485573,-0.16756059,0.06528318,-0.075925216,0.022642648,0.20339878,-0.09490821,-0.19004366,-0.019766157,0.20013791,0.18832089,0.07888268,0.02500441,-0.025242604,0.2389435,-0.08197067,0.23354548,-0.051478226,0.12054195,0.107402794,-0.10711676,-0.11187422,-0.26828158,-0.042687353,-0.005718906,-0.0056762155,0.18539284,0.09910687,0.07480022,-0.058158673,0.12967435,-0.08614211,0.014952961,-0.1024561,0.14362936,0.12714174,-0.036500417,0.19968615,-0.11181273,-0.1117709,-0.0193573,0.011834913,-0.11446221,0.177628,0.010544201,-0.034527592,-0.0934947,0.05223828,-0.18421991,0.10978511,-0.1597616,0.1874783,-0.04545535,-0.042379882,-0.019783163,-0.11143923,0.100320905,-0.061086792,0.19885394
cell_0020,0.16856052,-0.05632826,-0.05095082,0.1675392,0.14463605,-0.14304923,-0.1853808,0.086054675,-0.16647129,-0.008646423,0.16306967,-0.066407315,-0.085072905,0.030535156,0.10096811,0.13291022,0.1569036,-0.020428663,0.012692229,0.19663653,-0.11073959,0.22541991,-0.040393952,0.17551848,-0.015389826,-0.12430153,-0.1618461,-0.18205325,0.015400472,-0.04519992,0.006759265,0.13168024,0.013584147,0.08614803,-0.12104442,0.13325217,0.001089093,0.048106518,-0.15183352,0.11271754,0.088042945,0.13228443,0.24992737,-0.07311205,-0.16641359,-0.021419968,0.086527914,-0.06387988,0.22650163,0.029083425,0.08544787,-0.016356768,0.03615912,-0.18654662,0.18453436,-0.22047806,0.16477604,0.02217368,-0.06842379,0.03662359,-0.11133546,0.20790401,-0.043675885,0.15861079
cell_0021,0.11023358,-0.043711964,-0.06568204,0.01380453,0.18923618,-0.058501348,-0.1893489,0.017059453,-0.08033454,0.06891621,0.18161887,-0.0768798,-0.07147749,-0.037811033,0.23221897,0.0491099,0.070284985,-0.083681084,-0.0052771596,0.19693278,-0.07764545,0.28276286,-0.042246766,0.15793236,0.08570411,-0.07761484,-0.13577999,-0.32159212,0.06591499,-0.022690415,-0.01124474,0.19693768,0.04740674,0.0011106307,-0.058661375,0.10341616,-0.064591296,0.10017103,-0.06308527,0.11258121,0.030159978,0.14423636,0.2105343,-0.09016457,-0.20201354,0.036781404,0.087449566,-0.11951664,0.22801498,-0.016924694,0.08234395,-0.10017483,0.08372087,-0.19265781,0.22823206,-0.21397085,0.10179932,0.038124025,-0.11858446,-0.004775891,-0.039312735,0.14544004,-0.07068511,-0.020584686
cell_0022,0.13685556,-0.12417826,-0.091034174,0.19851814,0.09827902,-0.09242588,-0.15177003,0.12045766,-0.097676285,0.0017411239,0.21280016,-0.050997533,-0.17555366,0.048749823,0.122433364,0.1848596,0.16018131,-0.05413382,0.04879053,0.12616573,-0.04944764,0.13885675,-0.03151279,0.17563787,0.012976288,-0.046686977,-0.011411919,-0.23888944,-0.051883914,-0.07458764,-0.020915557,0.18137673,0.105832584,0.033805493,-0.16294281,0.036629885,-0.090933606,0.014569168,-0.19045897,0.10511078,0.17581855,0.06304309,0.074351236,-0.04146794,-0.11981524,0.016200507,0.20767595,-0.10009994,0.25681403,0.055909537,0.11029609,-0.098611325,0.08977675,-0.21072808,0.21030115,-0.23161243,0.09530933,0.054761242,-0.10317122,0.047693398,-0.0724446,0.19824323,0.005418342,0.06483006
cell_0023,0.20262147,-0.18299034,-0.033968832,0.16833901,0.055142846,-0.10974006,-0.17386152,0.13064712,-0.11579503,0.13485543,0.1328882,-0.14677598,-0.12694614,0.0042172917,0.17627425,0.17855507,0.093801,-0.002905596,0.010063542,0.2153793,-0.10881476,0.23632385,-0.07270119,0.09467893,0.061070908,-0.13429037,-0.14721516,-0.21589933,0.0478519,0.054354966,0.05354761,0.120243505,0.04371133,0.028688872,-0.029887162,0.20410591,-0.08982579,0.111151285,-0.111897185,0.06347022,0.09392841,0.02698766,0.17783813,-0.07777117,-0.16123073,0.040054794,0.0675524,-0.01168038,0.16448958,0.04145694,0.040553037,-0.037751127,0.13944502,-0.20733792,0.20472702,-0.24456418,0.10409352,0.03434498,-0.1502124,0.049909808,-0.08987889,0.1435414,-0.075429454,0.06795926
cell_0024,0.19854584,-0.038093533,-0.041559994,0.10793459,0.058964256,-0.1579412,-0.18130697,0.09991912,-0.14339961,0.0027129895,0.20084472,-0.037883393,-0.19974196,0.06578223,0.15773563,0.22395818,0.12799056,-0.025028897,-0.01887241,0.18118979,-0.018843561,0.14541417,-0.12341601,0.16130577,0.040285528,-0.09285663,-0.12602384,-0.22371209,0.018364713,-0.06189697,0.09002115,0.15271881,0.057094425,0.09173523,-0.03515215,0.24297391,-0.10568358,0.027827961,-0.11108599,0.09711657,0.0714063,0.06195097,0.21190543,-0.077403024,-0.11262438,0.12342789,0.08593191,-0.13516444,0.19898279,-0.020018358,0.1376657,-0.07845966,0.09586944,-0.13392398,0.16915655,-0.20444578,0.14435355,0.03506737,-0.12467485,0.009846561,-0.08019806,0.19124039,-0.045599796,0.060425784
cell_0025,0.18527906,-0.14252613,-0.057167392,0.1810864,0.030693367,-0.13613445,-0.15446174,0.14767495,-0.10933795,0.11385822,0.14278598,-0.16159819,-0.10754574,-0.017906578,0.24464887,0.19499128,0.08361234,-0.049002856,0.023852577,0.2097281,-0.053129047,0.21836701,-0.06529549,0.0872162,0.111200064,-0.10672678,-0.1335296,-0.18495677,0.007824521,0.07960783,0.020093618,0.18967554,0.023664262,0.024617424,-0.06371943,0.19085672,-0.09731102,0.076644674,-0.14290132,0.078816056,0.08510002,0.035524413,0.15202565,-0.13311669,-0.1354188,0.0059515173,0.11271858,0.028112307,0.13719279,0.064598314,0.028149366,-0.030581173,0.089840285,-0.24760965,0.179641,-0.22140159,0.08893467,0.08207186,-0.18865728,0.07198011,-0.08689249,0.08064643,-0.101667166,0.08966616
cell_0026,0.23274608,-0.11665851,-0.006533775,0.18739747,0.045513723,-0.06125456,-0.10933323,0.098283455,-0.16124663,0.1032473,0.115767114,-0.09918333,-0.04637885,0.001288989,0.18617809,0.16160014,0.10010427,0.0077457163,0.006836643,0.09230569,0.015275702,0.2827606,-0.096118994,0.18645115,0.09447613,-0.11407791,-0.11490735,-0.16648537,0.046901304,-0.0069887983,0.08740582,0.09465746,0.09861712,-0.059608784,-0.03348482,0.1939832,-0.094945,0.09086544,-0.19557811,-0.0141594615,0.023207601,0.14830695,0.18772751,-0.061179,-0.12409829,0.09511622,0.063737825,-0.1082446,0.25940043,0.021321032,0.18088743,-0.018488878,0.07363932,-0.1441419,0.29171592,-0.21156825,0.05898036,0.048623886,-0.10409575,0.010062317,-0.12205438,0.104345195,-0.07725248,0.085746385
cell_0027,0.18256,-0.13150981,-0.046878815,0.169314,0.026578605,-0.17004229,-0.118647456,0.06241718,-0.10363184,0.056594867,0.19094962,-0.099231854,-0.107988484,0.03562311,0.10599653,0.14491388,0.1547003,-0.0067759203,0.02568989,0.22310334,-0.058269724,0.23509571,-0.04977779,0.119290605,0.010364916,-0.060159553,-0.07003077,-0.17011455,-0.0594221,-0.0734933,0.05894865,0.13507174,0.06508417,-0.022047926,-0.1281437,0.08769617,-0.0670424,0.005787201,-0.14750195,0.13115157,0.13269895,0.053709704,0.20602763,0.022229156,-0.17688176,0.055969317,0.13637456,-0.12212049,0.23639593,0.12507097,0.16073534,-0.05327538,0.0104005225,-0.22248536,0.18753143,-0.25954986,0.11065589,0.033509374,-0.089979544,0.07143101,-0.15961021,0.0890402,-0.04906111,0.17055388
cell_0028,0.1880455,-0.14336668,-0.07928927,0.06335647,0.055625845,-0.12844492,-0.18243577,0.045418415,-0.15934686,0.13285151,0.10919393,-0.09759968,-0.110029094,-0.07007201,0.16331922,0.14236182,0.06960093,0.020252964,-0.101481475,0.16942175,-0.04809451,0.24233979,-0.05916147,0.020099703,0.17518933,-0.11866078,-0.17124602,-0.28260612,0.06814202,0.018627794,0.002407426,0.16176379,0.027317427,0.0014888901,-0.029856179,0.20958863,-0.1554901,0.14111763,-0.10455226,0.028636351,0.04839517,-0.009122956,0.1220668,-0.15001749,-0.19189341,-0.00079521525,0.07449943,-0.035418797,0.19317782,-0.033861507,-0.038673453,-0.010694291,0.13756043,-0.19369824,0.2627718,-0.15274,0.16026555,-0.024061806,-0.052478295,0.04603691,-0.093562335,0.03473129,-0.18606456,0.08117306
cell_0029,0.19768612,-0.13425155,-0.15366638,0.1332367,0.07948922,-0.1136448,-0.07883698,0.0700763,-0.14614329,0.003476484,0.18319659,-0.07620468,-0.16252467,0.051792104,0.1374962,0.122514635,0.15089051,-0.028238641,0.07954454,0.21246412,-0.086958915,0.18795814,-0.12760442,0.124306604,0.059412505,-0.12448488,-0.13884509,-0.26845372,0.03084544,-0.05868757,0.08683872,0.15192948,0.096591495,0.04406254,-0.060328823,0.1366224,-0.087644435,0.052381914,-0.163055,0.012275446,0.09113927,0.07798255,0.17385234,-0.047726966,-0.19075756,0.025220934,0.02104377,-0.084240995,0.18632904,-0.02055462,0.0758686,0.014559337,0.1006121,-0.17352903,0.25142822,-0.25726527,0.10730242,-0.022015948,-0.05544266,0.012722256,-0.12853855,0.14726332,-0.084990144,0.13699049
cell_0030,0.12309421,-0.14306693,-0.13993113,0.15652215,-0.003878314,-0.11760972,-0.098068625,0.15046771,-0.08205762,-0.012830402,0.14121024,-0.07561656,-0.16356236,-0.007916901,0.24882254,0.14120144,0.06203467,-0.0070037814,-0.04180026,0.20581047,-0.058028933,0.21149804,-0.09194124,0.054353014,0.0665221,-0.060319792,-0.12825358,-0.20958649,0.06096313,0.1304967,0.0080410475,0.18466133,0.067005254,0.07917302,-0.049998187,0.13308564,-0.13073671,0.110524364,-0.13084301,0.14533983,0.06886132,-0.050784245,0.115620084,-0.20024611,-0.14741504,0.08358396,0.08148309,0.036805566,0.20151262,0.043329455,-0.023456974,0.017626494,0.107309,-0.24078381,0.14010416,-0.24282368,0.22688824,0.094382085,-0.10794541,0.08089883,-0.04339364,0.08131181,-0.098959476,0.13339178
cell_0031,0.25945234,-0.12040146,-0.059670255,0.1888103,0.007936411,-0.114577845,-0.15619497,0.103416,-0.14357868,0.087624,0.15773307,-0.058224168,-0.15923658,0.051002026,0.18829712,0.14069024,0.1063483,-0.04529554,-0.031646486,0.2417522,-0.084877245,0.16951337,-0.084153876,0.10376268,0.0253624,-0.08871487,-0.21070325,-0.22387166,0.07452095,0.04714811,0.09296732,0.16160147,0.054724418,0.07364467,-0.07146605,0.15989615,-0.105226345,0.0635034,-0.17232105,0.076205015,0.0040388354,0.041707493,0.11614359,-0.09939986,-0.16718525,0.08116136,0.07789389,-0.037293956,0.19356968,0.072183475,0.028333602,-0.023829453,0.09631673,-0.19756907,0.18991667,-0.23878387,0.11163625,0.03927358,-0.041742194,0.0390473,-0.12602201,0.11100674,-0.124216475,0.12487764
cell_0032,0.20838556,-0.03734044,-0.09101076,0.15083,0.1088745,-0.1929756,-0.11902902,0.08918263,-0.10161502,-0.0106163295,0.085485004,-0.008402479,-0.14353594,0.05424074,0.17351735,0.21182168,0.16087924,0.014542861,0.119554445,0.12289891,-0.057623897,0.2777488,-0.12050798,0.15555239,0.019001849,-0.14395158,-0.04382954,-0.15734501,0.010502681,0.055227272,0.054216236,0.17619874,0.07590955,0.08329638,-0.019748472,0.24307986,-0.07075701,0.048081968,-0.12718487,0.12918255,0.14478418,0.031355005,0.17135565,-0.06038738,-0.09220629,0.021871025,0.102550626,-0.09493446,0.1548251,0.050600436,0.05629729,-0.075708374,0.029798936,-0.20495489,0.24290869,-0.2371796,0.16290762,0.021496078,-0.078320324,0.0162841,-0.04236996,0.11610996,-0.04037684,0.1931206
cell_0033,0.20358796,-0.15045018,-0.08965686,0.118669115,-0.014524414,-0.14705272,-0.1691644,-0.003794845,-0.15825698,0.1254638,0.057214115,-0.16707668,-0.12993917,0.05089023,0.19866104,0.08984023,0.11913346,-0.07599364,-0.002258471,0.2707495,-0.053672638,0.19504666,-0.08586306,0.058475394,0.051457603,-0.035639033,-0.13722454,-0.23439078,-0.030995043,-0.042707738,-0.079987824,0.18865453,0.06506801,0.07627093,-0.054495633,0.13719966,-0.10153334,0.099268645,-0.24657595,0.12757386,0.10846899,0.029059624,0.08266762,-0.13313363,-0.14557216,-0.052157108,0.08903257,-0.095745884,0.14270663,-0.004838891,0.029171586,-0.07506494,0.029207159,-0.22611892,0.23181094,-0.20563348,0.17931624,0.067216724,-0.06260722,0.047949474,-0.104221925,0.079008125,-0.057855632,0.10681827
cell_0034,0.16254047,-0.11330469,-0.10006081,0.1530848,0.06048201,-0.11202173,-0.13056344,0.12014255,-0.11472207,0.021741485,0.20259339,-0.099773645,-0.1667453,0.028336214,0.24232055,0.1889169,0.08841345,-0.023777835,-0.10263338,0.15032683,-0.03462184,0.12641713,-0.08614414,0.07410829,0.08247859,-0.07221179,-0.1181248,-0.2749186,0.050677434,0.010282145,0.07609545,0.16295741,0.053941887,-0.037029248,-0.03000525,0.15771687,-0.15798728,0.06796351,-0.116259776,0.043475486,0.059946157,0.06137627,0.12463708,-0.18187001,-0.16254577,0.11768731,0.15195766,-0.050002992,0.2050625,0.06807398,0.08423498,-0.028292032,0.09715394,-0.22379397,0.17701389,-0.21860461,0.12284326,0.011618088,-0.17922191,0.0115072485,-0.12588422,0.15548657,-0.05394867,0.05717288
cell_0035,0.19724947,-0.1219488,-0.13255398,0.16677865,-0.023631673,-0.16122843,-0.13515617,0.15386286,-0.104789495,0.04174777,0.13463412,-0.106251344,-0.14981417,0.0133568905,0.23105882,0.15696935,0.05367313,-0.030737076,-0.024797156,0.22673005,-0.06653712,0.19346154,-0.077684775,0.05572052,0.084129,-0.08926174,-0.11917213,-0.17371604,0.036959194,0.13390432,-0.051815335,0.23383093,0.01379851,0.039131165,0.036243763,0.17594273,-0.08702168,0.14329754,-0.15148576,0.13477048,0.13951541,-0.026553148,0.12370093,-0.12043508,-0.09542728,0.04325503,0.09715602,0.029309472,0.16625941,0.00445066,-0.0036639897,-0.0003365079,0.107111745,-0.16535337,0.23403715,-0.23889957,0.20151712,0.11328716,-0.057150155,0.06500607,-0.081832334,0.047039077,-0.045921367,0.14790958
cell_0036,0.11619024,-0.12903795,-0.08750888,0.22790787,0.012524192,-0.06755598,-0.24650592,0.12091449,-0.10761038,0.055313,0.1736708,-0.06709678,-0.028055489,0.013953619,0.18468037,0.14253432,0.043287367,-0.12789842,-0.114134975,0.24181215,-0.011786367,0.21636607,-0.024209632,0.13155036,0.012294332,-0.014337067,-0.080607474,-0.22993462,-0.029073732,0.07412264,0.0057761674,0.15892768,-0.0018320454,0.11205654,-0.07841488,0.15964107,-0.1694882,0.038369697,-0.10817492,0.09964475,0.11989268,0.0054179574,0.09308394,-0.16165182,-0.20784467,0.051131297,0.13338356,0.003015323,0.10476252,0.069737524,0.099588685,-0.0756643,0.04022365,-0.25199887,0.22355035,-0.1646382,0.24170439,0.11364859,-0.085279845,0.029004818,-0.06971815,0.06770195,-0.070808046,0.05544602
cell_0037,0.041591305,-0.15204945,-0.04816776,0.1963951,-0.041913174,-0.034846887,-0.00083127496,0.11085594,-0.11744563,0.13081308,0.11330474,-0.13029894,-0.07334276,0.08204711,0.3293957,0.12477618,0.042526096,-0.117153995,-0.03813342,0.26833886,-0.06303777,0.2190208,-0.056665283,0.08680574,0.07048629,-0.02674251,-0.1865435,-0.23777267,0.038056843,0.034460843,-0.041929528,0.20996471,0.014552803,0.067059346,-0.064205416,0.11296684,-0.053753346,0.10052407,-0.20889589,0.09477421,0.105249554,0.10487706,0.14916988,-0.14246048,-0.14321086,-0.0060226666,0.013049764,-0.012203925,0.16553614,0.11329118,0.07372947,0.039520632,0.119241565,-0.22495796,0.16011325,-0.17049026,0.08373638,0.08843465,-0.16914445,0.047628444,-0.08313366,0.1394561,-0.09440721,0.0668993
cell_0038,0.13002776,-0.19082779,-0.0447312,0.06745644,0.047112327,-0.1569912,-0.18044257,0.044160467,-0.029984048,0.015021289,0.15723602,-0.05779121,-0.10420766,-0.017798873,0.19226632,0.05317941,0.07794779,0.022410816,-0.16157095,0.3209002,-0.14122881,0.20433275,0.08863289,0.12523149,0.08303593,-0.07660108,-0.14831392,-0.16873261,0.07322752,0.12295601,-0.091559045,0.16183706,-0.0017755021,0.17734732,-0.07413116,0.12909977,-0.04731233,0.090767615,-0.03920755,0.14538868,-0.013790177,-0.087912716,0.11953886,-0.12802136,-0.17060271,-0.01793063,0.06783714,0.036222465,0.17313722,0.013671441,-0.034194116,-0.017763393,0.02439747,-0.18190481,0.23559463,-0.21415707,0.17868541,0.16069038,0.0032978868,0.12567903,-0.044439673,-0.011124881,-0.23709054,-0.011640137
cell_0039,0.17203371,-0.13608435,-0.08108904,0.19297425,0.044661824,-0.12043038,-0.061447885,0.1342208,-0.122695714,0.15145804,0.10664996,-0.1044967,-0.08313586,0.10200689,0.24422908,0.10669091,0.12633878,-0.09807586,-0.031034505,0.25425616,-0.07232693,0.19224472,-0.08932341,-0.017337965,-0.022264864,-0.07070894,-0.13580543,-0.2338149,0.07728798,0.0119332,-0.0662334,0.16549855,-0.024304727,0.055224612,-0.07884218,0.09444802,-0.045902733,0.0836402,-0.18439661,0.16715264,0.09235786,0.10249497,0.16157746,-0.11903251,-0.095805876,-0.0704631,0.038869567,0.057076927,0.14426166,0.12467134,0.031794295,0.0029052317,0.09886275,-0.24825807,0.24826057,-0.19026265,0.14884153,0.1449976,-0.06671317,0.09880861,-0.07378464,0.08341931,-0.11574066,0.071685806
cell_0040,0.21870857,-0.044778697,-0.028108573,0.206878,0.15322365,-0.098788485,-0.10348669,0.08033035,-0.13747142,0.018456928,0.21301948,-0.051443268,-0.12013528,0.04850782,0.1673329,0.17065123,0.19543336,-0.08148059,0.01810233,0.1412312,-0.03320168,0.17343593,-0.09570003,0.085926674,0.076625876,-0.0510167,-0.17684878,-0.22020373,0.09225892,-0.08676373,0.029309524,0.11521533,0.06894761,-0.0030538668,-0.044837385,0.21020414,-0.13848348,-0.0063680266,-0.12394658,0.037483748,0.07074262,0.07347411,0.23945044,-0.09121671,-0.13664316,0.037623204,0.08294975,-0.06401245,0.13436237,0.026496142,0.05838162,-0.09304787,0.1282273,-0.19621396,0.26728207,-0.21349436,0.018363666,-0.06898646,-0.18318906,-0.08980962,-0.091946766,0.1659372,-0.04775714,0.04376209
cell_0041,0.22237085,-0.07925016,-0.08539672,0.1981228,0.08859992,-0.08916546,-0.107197925,0.07575541,-0.16734377,-0.014620613,0.2319617,-0.02192885,-0.112542555,0.022943582,0.20776364,0.19789372,0.120519385,-0.054307595,-0.026456617,0.24074225,-0.06305666,0.18699175,-0.05704422,0.0821546,0.036484685,-0.067384504,-0.1715203,-0.20763083,0.022287836,-0.051655218,0.10193074,0.18888661,0.03312555,0.06863079,-0.06758938,0.1333113,-0.13984679,0.07067188,-0.18276247,0.055649523,0.08295167,0.053223565,0.0912462,-0.10456829,-0.18188791,0.043016598,0.10058415,-0.040102974,0.1932408,0.008747624,0.08492966,-0.092931606,0.13469215,-0.17096116,0.15072602,-0.2142725,0.13399415,-0.07728475,-0.07904958,-0.007873356,-0.1303595,0.21223632,-0.06489459,0.058064666
cell_0042,0.2119517,-0.119633935,-0.10150235,0.11044326,0.041398685,-0.16496699,-0.15964143,0.051763475,-0.05280473,0.041120876,0.11948074,-0.048938062,-0.094253235,0.02632819,0.22308017,0.16086112,0.16815765,-0.029782388,0.03609632,0.20622271,-0.088992395,0.19825597,-0.05453592,0.19795528,0.047150586,-0.03839048,-0.15206732,-0.1816054,0.04173566,0.0050091934,0.06132239,0.18180524,0.048686445,0.051286135,0.0075414814,0.17652777,-0.13063085,0.08044634,-0.20403965,0.04184827,0.11527443,0.071395904,0.19136614,-0.063774996,-0.18563855,0.049663153,0.10217014,-0.12071026,0.15631959,-0.021898387,0.12694493,-0.04886077,0.0069167446,-0.15434997,0.29180723,-0.24299693,0.1538673,0.05126866,-0.037479073,0.023740701,-0.0880278,0.09368832,-0.11311848,0.028409863
cell_0043,0.22338805,-0.12772778,-0.04785006,0.059719384,0.09204527,-0.09041342,-0.20314333,0.070403494,-0.07354122,0.083632104,0.23162584,-0.07597346,-0.10133055,-0.06324662,0.23325463,0.117388286,0.12610689,0.040455747,-0.15128964,0.22796354,-0.079178825,0.15707906,-0.027791565,0.04258702,0.15393874,-0.10290678,-0.17136388,-0.30862388,0.1064738,-0.001280988,0.02036534,0.10497655,0.019879123,0.008694449,-0.009524632,0.22908115,-0.085922316,0.076498635,-0.08790154,0.11272578,0.06631154,-0.04386899,0.18236022,-0.14764139,-0.1588137,0.0004896962,0.0615281,-0.011960445,0.13612078,0.01358922,-0.0047625345,-0.026285786,0.062141646,-0.21417522,0.2500546,-0.15721138,0.14881557,-0.01164244,-0.09724948,0.015701342,-0.09429532,0.057366878,-0.13079849,0.0909057
cell_0044,0.20421433,-0.091380075,-0.08079766,0.073640056,0.1571194,-0.1831005,-0.18456984,0.06121566,-0.20236887,0.013971744,0.18327789,-0.098559685,-0.078810714,0.021469282,0.11999471,0.15487726,0.17468305,-0.049952544,-0.021003561,0.14738177,-0.0351869,0.19664814,-0.08757355,0.11651043,0.10279718,-0.09661054,-0.15178552,-0.23224029,0.009735899,-0.122374825,0.0020758952,0.10774959,0.041361187,-0.01772815,-0.08486053,0.18835418,-0.15283993,0.016148426,-0.111182675,0.010271694,0.13369416,0.09648597,0.22057961,-0.05784616,-0.142236,-0.008096269,0.1031068,-0.11809736,0.1965498,-0.025526067,0.07330068,-0.12217187,0.04682851,-0.22988881,0.17851166,-0.20085315,0.14505908,-0.042550787,-0.07163936,-0.06744711,-0.09786915,0.15311089,-0.059073694,0.108836055
cell_0045,0.16124974,-0.15350062,-0.12494182,0.090532936,0.09129493,-0.14974204,-0.14662209,0.026317364,-0.13228214,-0.12920628,0.19230455,-0.0083222035,-0.15244706,0.058978144,0.18238753,0.15748174,0.14242992,0.0051233596,-0.026437987,0.1941501,-0.086698934,0.23984125,-0.12030017,0.15425599,0.024876952,-0.123152085,-0.013783198,-0.2496013,0.0005964881,0.005090592,0.10061628,0.15891518,0.07748306,0.0111911185,-0.013815317,0.13542357,-0.15999809,0.024808185,-0.07852464,0.011691292,0.0740303,0.0314863,0.19952577,-0.08466318,-0.19840606,0.0999237,0.098139174,-0.10956914,0.17937979,0.024169432,0.056389898,-0.053115718,0.035030995,-0.09708984,0.23476894,-0.24413739,0.18920556,-0.110189214,-0.046978325,-0.052850828,-0.033417564,0.19710365,-0.046897486,0.033241704
cell_0046,0.058239605,-0.11526753,-0.06453672,-0.021963872,0.08877487,-0.064278014,-0.1501571,0.13795641,-0.11627558,0.08893141,0.118367255,-0.12588747,-0.03310592,-0.067132,0.21752617,0.09486665,0.16133156,0.076545365,-0.003477692,0.13739836,-0.062350158,0.20352453,-0.03882119,0.17026977,0.1480471,-0.058272347,-0.050192155,-0.20503812,0.049561404,0.007605447,0.10539278,0.19557191,0.039357007,-0.021663733,0.0009956943,0.18231797,-0.0696583,0.15917154,-0.15383281,0.023801485,0.11010486,0.020205488,0.23604704,-0.14492217,-0.14735915,-0.024552729,0.047662195,-0.034643676,0.22188593,0.0368235,0.094721735,-0.0106187975,0.021041065,-0.2507689,0.29463392,-0.23615067,0.09206606,0.13747163,0.011452964,0.0843122,-0.12663531,0.094375156,-0.18257451,-0.01888065
cell_0047,0.23953421,-0.08508052,-0.08142444,0.2014628,0.066088244,-0.12177895,-0.13886486,0.07338293,-0.1466325,0.009893534,0.13294072,-0.06468915,-0.13145271,-0.009049855,0.20694356,0.12069564,0.104876325,-0.046463992,0.012650445,0.17816868,-0.06071654,0.15947598,-0.09983584,0.11527442,0.07191899,-0.081787124,-0.21994156,-0.14298992,0.033266358,-0.010127099,0.112514205,0.15861022,0.040415592,0.060462978,-0.087530464,0.25399977,-0.09812712,0.10909787,-0.12973069,0.026745373,0.03110589,0.13862419,0.19806325,-0.056558404,-0.14948396,0.012322052,0.06585321,-0.07149388,0.13782288,0.027449014,0.027718684,-0.041084297,0.12604618,-0.16023132,0.05239991,-0.2873988,0.22029392,0.0125148585,-0.15998222,-0.0040628896,-0.15770227,0.17663085,-0.049688045,0.12609524
cell_0048,0.13504279,-0.07656177,-0.08603482,0.078897394,0.1113387,-0.12077018,-0.21389653,0.016617004,-0.11524395,0.037942633,0.16052306,-0.09694743,-0.12666173,-0.0009986686,0.18013161,0.15788561,0.15147279,0.044357527,-0.062356293,0.26467535,-0.041098233,0.24330385,-0.050034236,0.07607899,0.1532873,-0.07020021,-0.1538979,-0.2527495,0.026057912,0.0023962646,-0.02648103,0.18305035,0.013570791,0.01602285,-0.03432076,0.18693969,-0.07335442,0.10842938,-0.08154943,0.078952864,0.059657287,-0.0060820403,0.19384775,-0.05132275,-0.20198205,0.019858567,0.0799095,-0.103917085,0.11688654,0.05533004,-0.023194576,0.02083768,0.072077475,-0.1926263,0.1777532,-0.21042617,0.24373534,0.0014166788,-0.09195437,0.0020739764,-0.1298872,0.060831428,-0.18969484,0.13408284
cell_0049,0.113386214,-0.13751267,-0.0774085,0.14475803,0.03373246,-0.15281257,-0.17655247,0.08800748,-0.15366928,0.08608266,0.17972511,-0.085962586,-0.093808025,0.038628127,0.21818145,0.2023433,0.19451652,-0.06432444,0.021823134,0.24763167,-0.009682881,0.2372077,-0.07479209,0.05312326,0.07666578,-0.10341086,-0.155254,-0.27010593,-0.011229168,-0.04609118,-0.030962199,0.07497864,0.041429657,0.07349822,-0.056183703,0.15862793,-0.07033332,0.06501854,-0.08933565,0.077654585,0.16987412,0.039570972,0.1668869,-0.012353188,-0.13420056,0.046486255,0.09667258,-0.074893594,0.16578227,0.025818644,0.08107055,0.025246263,0.1338498,-0.19243945,0.15559937,-0.18865712,0.16794944,0.06664224,-0.10292228,-0.019577783,-0.103334814,0.20622915,-0.112845495,0.07390046
cell_0050,0.06462259,-0.16121832,-0.0936265,0.1205737,0.08827243,-0.11167871,-0.12285309,0.11040182,-0.10593835,0.09102534,0.17263061,-0.077421725,-0.037122265,0.07234449,0.25515166,0.11289983,0.13972299,-0.02289857,-0.051600847,0.20490374,-0.05458807,0.18761279,-0.025875546,0.09603516,-0.034437347,-0.05680337,-0.042138156,-0.26242593,0.039998688,0.08135818,-0.0129305525,0.14908177,-0.051235728,0.0043156072,-0.010755018,0.14291562,-0.06704812,0.11431836,-0.16893502,0.1402451,0.13433151,0.053463455,0.121263236,-0.13497952,-0.13730283,-0.004096048,0.087682456,0.019709758,0.25058755,0.1053145,0.060593598,-0.037821084,0.019812476,-0.27360198,0.25396383,-0.23911114,0.14065559,0.10529064,-0.07159219,0.1292152,-0.055702113,0.14635597,-0.13030195,0.030873489
cell_0051,0.19231607,-0.06261574,-0.04984427,0.15597276,0.124086365,-0.13310513,-0.083286814,0.06284524,-0.12893163,-0.087203816,0.14448598,-0.006925388,-0.103536285,0.073962286,0.17492792,0.23203029,0.08744862,-0.0254142,0.04127224,0.16164026,-0.068902336,0.23991075,-0.104081914,0.16902171,0.05983391,-0.055797417,-0.14699315,-0.17064019,0.031102706,0.0102240825,0.11217844,0.15619688,0.11838961,0.0986097,-0.051745884,0.23474865,-0.15524313,0.008146975,-0.1142124,0.0013895883,0.037195314,0.086093746,0.22200686,-0.020662079,-0.18024173,0.11728241,0.09876611,-0.1454236,0.13661496,-0.037877798,0.10151278,-0.081711315,0.07833329,-0.15285212,0.17300335,-0.24998973,0.15887298,-0.073487505,-0.11334004,-0.046323184,-0.05592414,0.1837129,-0.042399194,0.10720746
cell_0052,0.18252093,-0.08141228,-0.077869125,0.15975437,0.14556709,-0.13290633,-0.16336842,0.06665441,-0.1741951,0.027936444,0.14617084,-0.036045436,-0.06175962,0.08614078,0.11111134,0.14589317,0.12669598,-0.060928546,-0.007686931,0.1997978,-0.09742392,0.19907415,-0.101048015,0.123971544,0.055279814,-0.05636495,-0.14424856,-0.22940072,-0.0073353434,-0.047256287,0.10039142,0.17488652,0.069805555,0.03942007,-0.09179884,0.20771581,-0.11303562,0.057220478,-0.1775408,0.048450314,0.062291566,0.10497194,0.17372578,-0.0634219,-0.17544778,0.025948916,0.11316695,-0.09418631,0.124708965,-0.014592869,0.11452037,-0.07349124,0.042016704,-0.20068048,0.17115818,-0.2602837,0.23560178,-0.009871729,-0.0729863,0.04820767,-0.14060923,0.13504812,-0.012179765,0.13357532
cell_0053,0.18812127,-0.14304323,-0.05386569,0.14044335,0.08314091,-0.049478054,-0.11937445,0.05184728,-0.12454473,0.022974217,0.171406,-0.048083946,-0.06573131,0.061335403,0.13903783,0.13059479,0.13264643,-0.033995003,0.06433991,0.15439747,-0.031449378,0.17470568,-0.08533607,0.13262352,0.06119153,-0.027251944,-0.14086843,-0.25744256,-0.04563333,-0.0694184,0.113682084,0.131664,0.08692195,0.022395296,-0.14917423,0.2144014,-0.1833114,0.0006098284,-0.1919321,-0.060801975,0.1263882,0.09772962,0.19940087,0.0105083175,-0.1918275,0.07271684,0.13485903,-0.104024045,0.11706079,0.049888108,0.11149134,-0.046209026,0.09764127,-0.21587995,0.1911376,-0.22346449,0.14278068,-0.079523966,-0.06524599,-0.039449047,-0.1537487,0.11993262,-0.041959375,0.19891332
cell_0054,0.14472747,-0.14445099,-0.08810776,0.1537267,-0.0010621159,-0.10876356,-0.14711137,0.13047904,-0.113814116,0.050513163,0.0886867,-0.13390458,-0.11334916,-0.14005798,0.25302312,0.073692895,0.04708009,-0.068679355,-0.09390839,0.22889425,-0.13881297,0.21123245,-0.030174306,0.06203489,0.116302565,-0.110261,-0.1031793,-0.23817809,0.03783636,0.06574506,-0.033318747,0.1263717,0.04863338,0.051354013,-0.0022701568,0.22598723,-0.12994662,0.12720278,-0.10203954,0.08829379,0.119797215,0.00835013,0.099514686,-0.17627937,-0.19050352,-0.05351165,0.12967344,0.051970538,0.0892273,0.008885416,-0.026240602,-0.039371133,0.08350638,-0.2372744,0.24701613,-0.21503375,0.14100344,0.12215476,-0.06821368,0.021123398,-0.06971968,0.07682339,-0.14441764,0.08150099
cell_0055,0.21357977,-0.11513832,-0.019566342,0.14639524,0.1545346,-0.13420407,-0.19107915,0.0032517333,-0.09799521,-0.044163615,0.13037798,-0.037594657,-0.18280672,0.013272096,0.15314136,0.19043513,0.11306208,0.008877994,0.00036551873,0.17528005,-0.065535225,0.19861805,-0.018943312,0.17220224,0.096454166,-0.09280057,-0.048005257,-0.23096225,-0.0072724107,-0.049980555,-0.016674276,0.18004033,0.052575886,0.035166405,-0.097190104,0.20327036,-0.14717525,0.056217358,-0.14271122,0.04763664,0.11106559,0.06522959,0.21920562,-0.101890974,-0.0846021,0.0605915,0.13880588,-0.1068373,0.1905357,0.030649591,0.09352088,-0.10525246,0.016233321,-0.1795024,0.22908321,-0.25104764,0.13563013,0.06291276,-0.09759346,0.058950845,-0.04397472,0.10845414,-0.10991141,0.08081512
cell_0056,0.22173391,-0.11912641,-0.07383747,0.111783355,0.029256523,-0.103010364,-0.14101255,0.062198043,-0.12697242,0.16171628,0.11970054,-0.10965924,-0.13230643,-0.035572905,0.24846916,0.13620026,0.1357956,-0.03449862,-0.03817708,0.19517785,-0.052768797,0.20013951,-0.080250606,0.0059647607,0.15539734,-0.09734026,-0.20561595,-0.26855323,0.08177224,0.038435943,0.004462962,0.13076258,0.035940073,-0.01548913,-0.017402867,0.22757451,-0.117467,0.10781534,-0.11461977,0.07228414,0.07261591,0.029263604,0.14354253,-0.13497327,-0.15738715,0.0016923482,0.069259584,-0.012943956,0.14068489,0.03453667,-0.032747157,-0.01782352,0.14105006,-0.22581595,0.23638833,-0.20143712,0.09026252,0.03422562,-0.07794571,-0.006057859,-0.13162568,0.080776095,-0.1503297,0.10142554
cell_0057,0.14760152,-0.121391796,-0.10775131,0.07631211,0.06925346,-0.14031409,-0.05862441,0.10374204,-0.17752531,0.07007935,0.17197457,-0.08802008,-0.16419813,0.039429806,0.20908767,0.0917759,0.09180249,-0.042281486,-0.021211483,0.24400392,-0.051697757,0.25453553,-0.086296,0.01032741,0.0942821,-0.12819213,-0.19945729,-0.24820553,0.010541807,-0.036681816,0.04584867,0.17355536,0.05368406,0.009181562,-0.018235268,0.12669353,-0.06406555,0.065330595,-0.1643932,0.113889426,0.06714637,0.01773678,0.14051884,-0.079719156,-0.20239899,0.006273983,0.054262817,-0.08702713,0.18996063,0.04937091,0.026428081,-0.052949056,0.10852405,-0.24551663,0.21473882,-0.23894575,0.11022329,0.034258448,-0.006760417,0.05033705,-0.126416,0.12360297,-0.14421274,0.109241225
cell_0058,0.1262114,-0.17560342,-0.15730228,0.17937177,0.04485734,-0.14763984,-0.072983906,0.11357598,-0.16689561,0.014417701,0.189512,-0.1372912,-0.12585764,0.06621901,0.21511218,0.1372485,0.055106122,-0.041499052,-0.05475569,0.21392374,0.036549952,0.208275,-0.094312,0.02863739,0.045391526,-0.120430104,-0.11577621,-0.27507085,0.00859541,0.06423988,-0.07299588,0.13306662,0.021025017,0.094989225,-0.101038456,0.112795964,-0.076544456,0.09418526,-0.12179961,0.11588568,0.11287934,-0.021174466,0.06878768,-0.15362461,-0.14642207,-0.057714034,0.051155683,0.048793547,0.21559946,-0.015041542,-0.009977108,0.035872605,0.08486276,-0.25285855,0.24874598,-0.19200115,0.1679517,0.07232904,-0.14825861,0.06609261,-0.057679363,0.077386476,-0.07446596,0.077441275
cell_0059,0.15294133,-0.14864583,-0.09888212,0.10185945,0.036693946,-0.08016526,-0.025114696,0.1130764,-0.09011669,0.02478343,0.16222426,-0.05298923,-0.17569329,0.04826981,0.25038424,0.17739315,0.15362428,-0.07248312,-0.015593955,0.18885233,-0.055974856,0.1709587,-0.054831292,0.03859333,0.09825513,-0.030131772,-0.09820474,-0.2455867,0.11073814,0.057459615,0.004825659,0.19801559,0.073617384,0.069852106,0.0567074,0.17553332,-0.09647882,0.10828382,-0.20526731,0.08100796,0.087013215,-0.0424994,0.17674556,-0.14926948,-0.13596775,0.116664365,0.0626331,-0.099047095,0.1275019,0.015840253,0.09429819,-0.054534536,0.071466036,-0.17237523,0.34177542,-0.21548457,0.15535422,-0.0028037406,-0.091026545,-0.028218852,-0.036690857,0.13271667,-0.072547294,0.06590808
cell_0060,0.27313244,-0.10750561,-0.05629052,0.17652161,0.026456157,-0.1127292,-0.08477241,0.08456341,-0.13574736,0.06772675,0.11152017,-0.093227364,-0.16520879,0.022295052,0.24036473,0.20727298,0.07645473,-0.04769042,-0.018533733,0.18633707,-0.045449924,0.23264153,-0.033687826,0.094409764,0.08977269,-0.13331519,-0.09499992,-0.22907504,-0.024928244,0.019328559,0.008127742,0.19444627,0.06952282,-0.042404685,0.017196614,0.17514431,-0.08528951,0.07156694,-0.17966036,0.085002646,0.11309095,0.05887342,0.14349732,-0.1175736,-0.12320612,0.013586848,0.05326939,-0.10828107,0.20990331,0.037339702,0.039132886,-0.057257723,0.07524879,-0.1856209,0.24541841,-0.19020924,0.086244546,0.049605433,-0.09407798,0.040051177,-0.08832875,0.1529032,-0.033721484,0.18414967
cell_0061,0.18424901,-0.117672436,0.0426925,0.10495201,0.046417672,-0.13563812,-0.19162063,0.029894454,-0.07868312,0.12535617,0.10673076,-0.21176799,-0.019934297,-0.11757216,0.22044791,0.06587816,0.053774647,0.032220095,0.0014333122,0.34826052,-0.14325468,0.22740464,0.00029789336,0.11362433,0.15379754,-0.10333279,-0.100031786,-0.16988239,0.079905786,0.0066308705,-0.0627346,0.1250816,0.004335909,0.09495782,-0.113882534,0.24058045,0.008245214,0.177351,-0.07128012,0.11536754,0.033095468,0.09182048,0.1810202,-0.049976435,-0.09922727,-0.020967562,0.09864137,-0.03718838,0.009725253,0.038292065,-0.009427752,-0.015155189,0.12671979,-0.21935776,0.115403354,-0.21410313,0.056120966,0.086340226,-0.17222948,0.06368517,-0.1560477,0.033519372,-0.16241018,0.09464894
cell_0062,0.26167616,-0.08454528,-0.053833757,0.120234974,0.1667763,-0.118251644,-0.1493994,0.04527795,-0.117337726,0.016967569,0.11876614,-0.009873924,-0.13594137,0.070946656,0.15670285,0.1703998,0.14073078,-0.0028617622,0.04224436,0.19296063,-0.051886704,0.2256817,-0.05082028,0.15733486,0.08539981,-0.08991808,-0.14718272,-0.22427347,-0.080550306,-0.07639846,0.09517512,0.13589688,0.11175001,0.023879804,-0.13130736,0.19259964,-0.11875265,0.064148195,-0.18157662,0.039319728,0.07397995,0.09468864,0.18613051,-0.0538074,-0.11314948,0.078539915,0.12104423,-0.10829383,0.16734578,0.052067995,0.14644776,-0.09846284,0.05231676,-0.1691953,0.13803546,-0.22218215,0.1659974,0.027301135,-0.07080015,0.038304206,-0.12726536,0.13930245,0.023942452,0.13584441
cell_0063,0.21335392,-0.1318846,-0.07356132,0.17102924,0.038416818,-0.07417582,-0.13288999,0.08224984,-0.11208559,0.09836139,0.15030448,-0.12968798,-0.080834836,-0.038525477,0.20041749,0.14104208,0.074689396,-0.015239842,-0.02177826,0.26501614,-0.042712137,0.2173488,0.01382288,0.09730665,0.07819999,-0.084249735,-0.1499226,-0.24523605,0.037174672,0.08112161,-0.03354714,0.21675275,-0.003435266,0.03378747,-0.09357741,0.19049235,-0.12198139,0.12642182,-0.17152274,0.06317229,0.07229422,0.041062884,0.10319479,-0.121067554,-0.1596175,-0.0052524223,0.08759255,0.027454056,0.1646588,-0.013393902,0.016689382,-0.033908542,0.08021231,-0.23130597,0.20044938,-0.2538191,0.102641925,0.06932228,-0.19392724,0.099258944,-0.05948039,0.07626743,-0.07702775,0.07861463
cell_0064,0.18250254,-0.09841897,-0.11259728,0.12660849,0.073833905,-0.12680641,-0.06453957,0.13693157,-0.11589153,0.06469026,0.1863496,-0.062760055,-0.10961874,0.045112144,0.26860318,0.107087396,0.15614632,-0.09681905,-0.041610513,0.1253697,0.006452606,0.120818414,-0.030614004,0.069609664,0.109440334,-0.058209546,-0.08780864,-0.24837746,0.07977613,-0.03284202,-0.026602551,0.21719746,0.029607993,-0.03928907,-0.045551132,0.1436641,-0.13677466,0.07290867,-0.20631896,0.06713326,0.17155334,0.062588826,0.14605531,-0.14055936,-0.084004864,0.0238586,0.13455673,-0.062960036,0.20430797,0.050363827,0.09721608,-0.047298413,0.11967387,-0.25741243,0.24876896,-0.26279014,0.053754393,0.046465065,-0.102768734,0.0035730707,-0.081971884,0.09580866,-0.06149591,0.122572586
cell_0065,0.21596451,-0.098147266,-0.043357797,0.13420928,0.055982392,-0.12633835,-0.19949861,0.12574905,-0.089520134,0.046669815,0.15046114,-0.028848803,-0.08414473,0.06769047,0.15924412,0.1853535,0.1447692,-0.013313215,-0.03665037,0.19688557,-0.042498387,0.17086555,-0.028551124,0.14383656,0.030980995,-0.06275991,-0.066618085,-0.22451186,0.018784879,0.06374584,-0.011679278,0.15069957,0.020882085,0.04793656,-0.05667967,0.2588488,-0.11757798,0.011731659,-0.12272105,0.0939038,0.06070855,0.008512889,0.1894728,-0.13097714,-0.09322131,0.027630609,0.12515558,-0.04946638,0.2548884,0.0808207,0.05357799,-0.14087716,-0.025447229,-0.2547967,0.15697038,-0.23555328,0.14935258,0.13413696,-0.05563551,0.12525153,-0.059835665,0.12452988,-0.09412886,0.14568804
cell_0066,0.20432214,-0.0627941,-0.11839364,0.18214303,0.09581494,-0.12156574,-0.23496625,0.11420504,-0.09001723,-0.013432063,0.18711749,0.03624629,-0.17354003,0.045457352,0.16825938,0.17178644,0.21833767,0.017678069,0.04946274,0.16462502,-0.04214885,0.176707,-0.098795876,0.19463329,0.057873618,-0.01655182,-0.099156484,-0.21464984,0.123690225,0.006032976,0.03876109,0.19630739,0.05802817,0.09032356,-0.03461589,0.14739339,-0.096242495,0.058259364,-0.21633855,0.09530529,0.085726574,0.09442356,0.16383989,0.02143314,-0.11698249,0.09209108,0.081905976,-0.07226574,0.17432511,-0.005968479,0.013476058,-0.011138274,0.0990233,-0.061508074,0.21041682,-0.2332042,0.17397976,0.006159794,-0.026084661,0.02026665,-0.108512044,0.10377498,-0.11667677,0.12657091
cell_0067,0.12267827,-0.15013972,-0.14371178,0.12334325,0.08096675,-0.16451631,-0.1498047,0.117770664,-0.15997322,0.052506093,0.10718919,-0.15825799,-0.12922415,-0.05438408,0.2240373,0.13228194,0.08901741,-0.033999592,-0.053504393,0.17537722,-0.09127132,0.24117433,-0.121128306,0.025027594,0.10858912,-0.09406243,-0.1172555,-0.2673817,0.10793406,0.03980222,-0.020030154,0.14461833,0.06594093,0.017416803,-0.035928022,0.1853992,-0.1069004,0.16575344,-0.051550243,0.09232397,0.068333395,0.018749315,0.11833518,-0.12834463,-0.16340737,-0.036333915,0.06647573,-0.020018075,0.15010841,0.016412482,-0.03898081,0.041902762,0.19334595,-0.2507275,0.2148385,-0.15899563,0.16950653,0.031448524,-0.12125299,-0.023842335,-0.10984832,0.04763534,-0.15334448,0.0106973965
cell_0068,0.19202591,-0.09583758,-0.06512244,0.12775753,0.03336698,-0.1596202,-0.17581071,0.060155664,-0.099955924,-0.045961928,0.1556818,-0.009995505,-0.23587608,0.01704353,0.16394876,0.12950924,0.132074,-0.08837231,0.019260798,0.21962279,-0.11182743,0.19988471,-0.12203099,0.095548145,0.030710936,-0.11074788,-0.111270174,-0.26163206,0.00079170987,-0.07494589,0.034949988,0.20437276,0.06851612,0.10070945,-0.0618728,0.13441779,-0.18716787,0.0101775965,-0.104751505,0.07388182,0.087079234,0.09144446,0.1863895,-0.124537215,-0.15020609,0.096191846,0.1125655,-0.1387405,0.15881743,0.059607714,0.067338005,-0.021703307,0.038733054,-0.12428871,0.23017584,-0.18910308,0.17309292,0.013310287,-0.022677265,-0.055608146,-0.10019634,0.09673361,-0.14125705,0.11160622
cell_0069,0.21361487,-0.12509082,-0.031725865,0.17898718,0.06400741,-0.06950352,-0.09289643,0.10202875,-0.12993026,0.08198971,0.14877671,-0.068447046,-0.12939592,0.073915355,0.18888071,0.1526694,0.09985596,-0.061307613,0.04689039,0.24978258,-0.045671638,0.26225826,-0.016024556,0.061225977,0.05647847,-0.06531886,-0.14589171,-0.19658709,-0.029881611,0.027746579,0.04132328,0.17578864,0.090365194,0.05766705,-0.06978937,0.1180045,-0.13351819,0.07340536,-0.15345074,0.12376251,0.054987956,0.088867806,0.13300896,-0.11227074,-0.16940264,0.061289042,0.10486317,-0.015883423,0.206189,0.09798277,0.07047793,-0.06620856,0.10872799,-0.2224975,0.19884019,-0.25364646,0.06830141,0.076361425,-0.17420332,0.041299302,-0.09359782,0.17727497,-0.018182687,0.06502391
cell_0070,0.10600578,-0.03906491,-0.113968626,0.056252334,0.14395145,-0.19655882,-0.105092876,0.12441864,-0.10953895,-0.044718158,0.21732466,-0.124494016,-0.1567313,-0.030462908,0.22527163,0.1514715,0.11306263,-0.026391264,-0.055273972,0.27563918,-0.083986625,0.14914054,-0.07752679,0.088736795,0.16070594,-0.06374514,-0.18911487,-0.22443682,0.08498114,-0.022011103,0.001215946,0.19551401,-0.02377415,0.033385236,-0.054551553,0.22549698,-0.070492566,0.07244774,-0.1328272,0.040996127,0.09302947,0.00425458,0.15276052,-0.04465771,-0.16044061,0.12642767,0.053340245,-0.10487928,0.08258723,0.018752154,0.011031024,-0.039400455,0.10369272,-0.18104413,0.19099683,-0.21536797,0.1467592,0.020812633,-0.09467889,-0.07418312,-0.10862596,0.08614737,-0.2098306,0.04573776
cell_0071,0.20795424,-0.08988643,-0.039475877,0.09902233,0.11889411,-0.1479481,-0.21190107,0.059320588,-0.17921224,0.0118427705,0.123093344,-0.044955134,-0.1076195,-0.006859413,0.147211,0.18608461,0.08310516,-0.08130022,-0.053553496,0.22024065,-0.06202399,0.21998242,-0.06997888,0.096276894,0.015290352,-0.12265908,-0.13977496,-0.21388626,-0.024263972,-0.07444393,0.08023421,0.09233221,0.07143071,0.081670344,-0.09736686,0.21565287,-0.11550659,0.05232409,-0.043109953,0.03974234,0.09519821,0.07738155,0.21844143,-0.12526534,-0.1509573,0.056163333,0.1278461,-0.051044885,0.2196833,0.023749562,0.10083547,-0.11424766,0.102880076,-0.1992277,0.13192856,-0.17856312,0.19135603,0.045038484,-0.1225581,-0.00798365,-0.100899026,0.2059139,-0.045075085,0.10942878
cell_0072,0.18001534,-0.07418468,-0.049255583,0.101936,0.11254054,-0.1609307,-0.13614331,0.050772745,-0.14072374,0.072293155,0.14325684,-0.111840196,-0.15937123,-0.008454675,0.16730918,0.07738353,0.16192514,0.015222271,0.009644578,0.18660076,-0.069299534,0.24724829,-0.11547104,0.062872104,0.08411608,-0.1086164,-0.19201463,-0.26739532,-0.011136618,-0.11175064,0.040880524,0.20134614,0.08582943,0.009217078,-0.05584619,0.0847757,-0.04222843,0.06752642,-0.11027782,0.12709585,0.031433083,0.081879005,0.18885915,-0.04158389,-0.17378944,-0.05691257,0.020083563,-0.08253967,0.1863035,0.011384956,0.009098466,-0.011405057,0.09756687,-0.22296676,0.25691918,-0.25772735,0.15404947,-0.007793,-0.07109798,0.00063710596,-0.14123666,0.13776784,-0.07272983,0.086553246
cell_0073,0.1673689,-0.086043395,-0.006706506,0.12915763,0.16530359,-0.053253833,-0.17277913,0.0648872,-0.12415373,-0.004572387,0.19471633,-0.08793007,-0.11326146,-0.09281742,0.1879927,0.057490885,0.11304444,0.005900334,-0.07193438,0.17149666,-0.07236804,0.20377395,-0.047265276,0.12188401,0.1256388,-0.071747445,-0.22441043,-0.28191957,0.04628152,-0.029488632,-0.0031924637,0.15901628,0.0508033,0.076906085,-0.14214213,0.20419154,-0.1547026,0.11208687,-0.14956248,0.0390294,0.025961412,0.100671835,0.15490143,-0.08914504,-0.11303619,0.0801529,0.11872264,-0.080349416,0.1320472,-0.009830007,0.049081717,-0.06867255,0.09223161,-0.21401219,0.1726985,-0.2690423,0.14308934,-0.030702936,-0.12823139,0.027566157,-0.06760719,0.14087477,-0.08081867,0.09002487
cell_0074,0.13529842,-0.19859931,-0.15570281,0.10673563,0.054715898,-0.14252868,-0.102940485,0.12818608,-0.041655473,0.014787495,0.097236365,-0.06583836,-0.078565724,0.07491448,0.27439556,0.19426498,0.18952778,-0.039533466,0.07015451,0.13975072,-0.06564758,0.21841519,-0.048798807,0.18675742,0.020608153,-0.06157933,-0.084969364,-0.16289784,-0.00948816,0.06069354,0.049746953,0.18161437,0.09675472,0.0492293,0.02390267,0.1432981,-0.14181015,0.078133404,-0.20459335,0.0021227063,0.11806092,0.06651336,0.19692394,-0.006094134,-0.15046039,0.09642831,0.11897467,-0.1109102,0.15961555,0.041176256,0.16111119,-0.04405858,9.13257e-05,-0.17015931,0.18672821,-0.3205762,0.1305189,0.02844383,-0.02894494,0.061889756,-0.04196244,0.057347942,-0.043545384,0.14016464
cell_0075,0.2149866,-0.09479862,0.013376409,0.24940127,0.04279035,-0.11944132,-0.09265058,0.12526843,-0.13566582,0.07886517,0.06188576,-0.07774826,-0.0649716,0.027767798,0.28034234,0.16238168,0.033830084,-0.05827845,-0.031265385,0.17028248,-0.049419757,0.29340926,-0.020098157,0.09743956,0.12777072,-0.097442195,-0.16716592,-0.17860489,0.023439398,0.08138753,-0.09767236,0.1174805,0.057265885,0.06414275,-0.062085737,0.17499739,-0.10388707,0.047967386,-0.14423363,0.11854189,0.07607531,0.08095252,0.14692432,-0.12191853,-0.0765074,0.029801438,0.13332283,-0.013392657,0.16108303,-0.01986135,0.012388195,-0.006365025,0.06560549,-0.22947025,0.18546891,-0.22009224,0.12511593,0.15745378,-0.15945634,0.07445014,0.0017282792,0.1681861,-0.07031056,0.11904785
cell_0076,0.20193477,-0.12796764,-0.10612173,0.09058785,0.08898393,-0.077138685,-0.08401153,0.03951212,-0.09617662,0.042864654,0.20304798,-0.044551246,-0.10041622,0.010771724,0.2703514,0.08719566,0.07254858,0.013119359,-0.16451772,0.22061259,-0.036292776,0.13618083,-0.064902745,0.044580046,0.14831938,-0.085778154,-0.18352227,-0.24929523,-0.01235615,0.054107733,0.02502676,0.11320744,-0.02163152,0.030674089,-0.017564638,0.1802096,-0.077685215,0.05736516,-0.21933967,0.083620705,0.03385089,0.025422178,0.17128457,-0.19021574,-0.1604805,0.082804754,0.11663718,-0.05402068,0.15153034,0.03392868,0.084098086,-0.13301677,-0.0049752896,-0.22292043,0.15798841,-0.25418097,0.17951025,-0.011120337,-0.082375765,0.072243065,-0.11817702,0.1340518,-0.09753375,0.13313216
cell_0077,0.18876393,-0.01460958,-0.084233694,0.1853006,0.094016336,-0.15125383,-0.12673399,0.10369556,-0.12416064,0.07748445,0.13833842,-0.05680088,-0.1661212,0.048974108,0.16339529,0.13443898,0.15637729,-0.082175076,0.13958415,0.21868251,-0.08800869,0.26338485,-0.09230381,0.19118954,0.027780311,-0.061731048,-0.10858523,-0.21826018,-0.106824495,-0.0915774,0.008756173,0.13050084,0.11710535,0.108478405,-0.1567538,0.078390904,-0.05762568,-0.037782557,-0.14649539,0.15319997,0.16093394,0.11864834,0.21908505,0.08176635,-0.09489211,-0.022004459,0.06855192,-0.07681585,0.14993824,0.10262498,0.0711817,-0.024680562,-0.013022225,-0.1852506,0.08869672,-0.14154615,0.08807459,0.12892184,-0.10777064,-0.04774491,-0.12961851,0.103415266,-0.0041866545,0.19113216
cell_0078,0.20129041,-0.040040266,-0.042624544,0.14805219,-0.0019904652,-0.09952375,-0.098835096,0.13977383,-0.15158387,0.08765406,0.15153576,-0.06004482,-0.16477677,-0.039933614,0.16447273,0.15135843,0.17024514,-0.011405347,-0.0020486026,0.24736005,-0.06214947,0.25057083,-0.058484975,-0.004777684,0.09316352,-0.061147857,-0.21287033,-0.20167899,0.04113844,0.039297737,-0.06807149,0.19659603,0.020468974,0.074200206,0.03427713,0.13929059,-0.12209599,0.104809046,-0.11462368,0.16381475,0.09206433,0.017963156,0.13612244,-0.16228831,-0.11342069,-0.031920824,0.083725214,0.011658133,0.14314,0.045119807,-0.007974449,-0.014911901,0.1183753,-0.24139263,0.23616713,-0.19368334,0.143028,0.07938275,-0.12888747,-0.014542844,-0.10129396,0.12930168,-0.12164057,0.11343365
cell_0079,0.18183625,-0.12441677,-0.058513176,0.11561139,0.03494972,-0.11062247,-0.19078562,0.15424173,-0.027909575,0.049832642,0.1537271,-0.049986564,-0.14984769,0.108704016,0.19391313,0.19449696,0.12009787,-0.01611784,0.012098331,0.15976238,-0.041756418,0.1280356,-0.050354503,0.13371903,0.06519995,-0.01856989,-0.07113606,-0.22709532,0.039256074,0.06398693,0.029390771,0.2066803,0.11684707,0.018689359,-0.044579893,0.21147801,-0.15042639,0.03553875,-0.13870089,0.07502505,0.11109963,-0.023585226,0.25097194,-0.11377242,-0.12306179,0.11710038,0.11671805,-0.082448244,0.20511906,0.055229567,0.09364953,-0.09081625,0.0813878,-0.20828408,0.19117878,-0.26457325,0.13585836,0.10222673,-0.07188294,0.076245494,-0.014725031,0.08091563,-0.076427855,0.11748437
cell_0080,-0.13780476,-0.117647216,0.050830737,-0.0532848,-0.2611141,0.1950146,0.1584012,0.0774025,0.10632952,0.11383199,0.060178015,-0.0040736864,0.04332052,0.012121858,0.3150838,-0.15104544,-0.019107133,-0.049238306,-0.12963763,0.20654632,0.032854494,0.017421842,0.09266052,-0.05222265,-0.009753565,0.051787302,0.12204034,-0.102477,-0.027204124,0.09624361,-0.16610469,0.09148423,-0.12289232,0.16788107,0.16537409,-0.13033693,0.1012415,0.119476914,-0.16256289,0.20880936,0.095399015,-0.0666885,-0.12397299,-0.12160702,0.14221278,-0.15771797,0.011012561,0.13948533,-0.099105775,0.15176097,0.01710849,0.07314549,-0.17619008,-0.108143754,0.035244904,0.036889024,-0.15359543,0.18843225,0.10769262,0.12239381,0.18049529,-0.09919285,-0.12839106,-0.066126026
cell_0081,-0.12230308,-0.12688805,-0.08584528,-0.08848196,-0.15141527,0.12154557,0.11347593,0.16877167,0.11863412,0.012215676,0.12978691,0.07661647,0.014184061,0.035555862,0.26363775,-0.12966256,0.07684186,-0.07266599,-0.1149212,0.29730645,-0.013910886,0.05092742,0.026676938,-0.11004322,-0.023309726,0.07633248,0.017725099,-0.15851146,0.013740831,0.04498359,-0.18426663,0.14199312,-0.1204458,0.22439162,0.06196281,-0.10254508,0.016431503,0.017341483,-0.18364441,0.22703314,0.1391336,-0.086627856,-0.110667884,-0.15888947,-0.052968323,-0.08703307,0.08189352,0.16898212,-0.09738481,0.14642847,-0.03890849,-0.010015765,-0.15482019,-0.1520827,0.14469656,0.018275954,-0.1080277,0.20979014,0.1151883,0.17385083,0.13872293,-0.014720882,-0.19682774,0.009750818
cell_0082,-0.0317721,-0.100668095,-0.038226355,-0.036158368,-0.20378289,0.10474581,0.11695097,0.18907198,0.064038225,-0.011602035,0.08314715,0.0962643,-0.029598296,0.041204102,0.2507072,-0.017646216,0.14216451,-0.15648998,-0.028510932,0.32810503,-0.047141306,0.07505154,0.050079808,-0.06921381,-0.008517892,0.038009576,-0.00907281,-0.1782242,-0.061151896,0.055834696,-0.17555551,0.14037162,-0.06768164,0.21798545,0.08657561,-0.07992038,-0.018560464,0.08107764,-0.28697392,0.21289675,0.17707047,-0.06640107,-0.124805026,-0.19076127,-0.051853877,-0.12889023,0.05302966,0.15906186,-0.1538552,0.21349856,0.030055698,0.055927098,-0.075591564,-0.20210934,0.13250469,0.040611714,-0.05735751,0.15310118,0.04176863,0.103851885,0.13087532,0.027535455,-0.08368662,0.004400794
cell_0083,-0.0776143,-0.12035364,0.0482746,-0.03266111,-0.26641756,0.16765314,0.14086416,0.08663319,0.1851381,0.079089835,0.007481182,0.028132575,0.086255655,-0.054505304,0.27701885,-0.15189597,-0.011273424,-0.0020642446,-0.03293317,0.25920218,-0.004870934,0.032403085,0.08875621,-0.06362566,-0.028704392,0.052802667,0.09382011,-0.08469349,0.040106,0.15502334,-0.14627399,0.012083442,-0.08705525,0.21775407,0.1304219,-0.13682996,0.04720404,0.15704706,-0.1504867,0.16496259,0.015699867,-0.04226358,-0.10463988,-0.21568425,0.049429387,-0.13746925,0.045158714,0.14396296,-0.16222237,0.15864323,-0.027535286,0.11636028,-0.092806436,-0.08584404,0.09055795,0.011726772,-0.051920384,0.23921089,0.15137945,0.19107723,0.11631582,-0.09812178,-0.20791863,-0.054474473
cell_0084,-0.11597257,-0.11323596,-0.011060703,-0.12371049,-0.1376709,0.082626164,0.12706436,0.0749337,0.08259075,-0.009951836,0.09203377,0.044015054,0.09884165,-0.011827109,0.28113407,-0.14844923,0.072076276,-0.039586715,-0.13662179,0.27758592,-0.007373939,0.034566283,0.10836554,-0.09253114,0.04095051,0.06168664,0.10786333,-0.14168277,-0.04753655,-0.023540482,-0.12951592,0.13476998,-0.14545219,0.20742136,-0.019319592,-0.17031638,-0.030611977,0.04869752,-0.1764668,0.1688962,0.13149557,-0.106130145,-0.17003356,-0.12564015,-0.015989223,-0.06633979,0.1253652,0.1436154,-0.22567022,0.19699776,-0.034743913,0.05988082,-0.21289164,-0.08299764,0.087229416,0.060403146,-0.11433566,0.13202113,0.1390396,0.09547208,0.1790196,-0.17494702,-0.18112071,0.016753186
cell_0085,-0.1548016,-0.13089088,-0.081756935,-0.07945772,-0.116477124,0.047201794,0.11765659,0.054743722,0.09680722,0.053721953,0.084220685,0.074949265,0.04529498,0.030665718,0.2980093,-0.13189727,0.06846279,-0.0747479,-0.102431886,0.34055963,-0.026896324,0.047832727,0.047714155,-0.10185028,-0.04688232,0.04566625,0.037849,-0.17911959,0.024869738,0.05430016,-0.20533846,0.09180164,-0.06643775,0.19534518,0.055795647,-0.11866202,0.03921493,0.08674406,-0.25104085,0.24827977,0.09490633,-0.12808114,-0.17500848,-0.16630876,-0.029670443,-0.1446132,0.050487563,0.11571575,-0.14796628,0.16613337,-0.047511466,0.11529863,-0.14709634,-0.14307286,0.14650483,0.0053784926,-0.045165583,0.13361774,0.12143954,0.08973899,0.17164782,-0.09537327,-0.09741466,-0.020594833
cell_0086,-0.15217113,-0.11396476,-0.02553031,-0.063137665,-0.19064946,0.06833161,0.1686315,0.1509445,0.023931911,0.051751096,0.08823594,0.043555234,-0.023052877,-0.019097557,0.30865744,-0.12009938,0.059082497,-0.023849221,-0.11056679,0.313116,-0.05768735,0.01998351,0.042305008,-0.06283878,0.038430154,0.01932955,0.017950958,-0.13791077,0.05293532,0.06662746,-0.156503,0.07905445,-0.070502296,0.23020707,0.09501605,-0.10024809,0.08364775,0.16724733,-0.2245987,0.17243885,0.02140614,-0.1269654,-0.20626085,-0.17685351,0.015639117,-0.13480558,0.042820863,0.08426828,-0.11996742,0.100901216,-0.041122198,0.11658129,-0.11597314,-0.09370821,0.0972524,-0.031816933,-0.059104316,0.17512429,0.21629944,0.16858393,0.08497858,-0.08835964,-0.23082672,-0.017668335
cell_0087,-0.138255,-0.14584905,-0.051780198,-0.08331558,-0.23660904,0.12071688,0.12671827,0.16605596,0.052542094,0.07509153,0.05081575,0.09075192,-0.021985073,0.011641369,0.3282406,-0.14503329,0.092291474,-0.117439635,-0.07508833,0.26975086,0.022944767,0.048696168,0.03938681,-0.1256872,-0.037039403,0.035571307,0.06330296,-0.16890264,-0.02156129,0.092339106,-0.15473703,0.10315707,-0.04310173,0.1668392,0.15546441,-0.10960215,0.01466957,0.08771159,-0.21196668,0.21233393,0.0925146,-0.08177682,-0.18749902,-0.1713034,0.023642203,-0.15915927,0.08340557,0.14782105,-0.07596935,0.12581271,-0.006413553,0.08230071,-0.123046525,-0.12051379,0.076288946,0.027688464,-0.13047943,0.1829606,0.09226634,0.1576764,0.14022166,-0.018876625,-0.13637057,-0.045618802
cell_0088,-0.18627435,-0.12150494,-0.0445768,-0.04684348,-0.104387574,0.15068428,0.1335109,0.17164324,0.117712714,0.06472982,0.10322392,0.088335715,0.029236214,0.04906686,0.17371666,-0.16413715,0.11937423,-0.06983252,-0.07387974,0.32364908,0.009618215,0.083534874,0.01049496,-0.12529258,-0.031447012,-0.012811376,0.035602808,-0.21578358,-0.00038490427,0.077674486,-0.2209304,0.12530644,-0.107040524,0.18673502,0.10298428,-0.14646545,-0.02063302,0.12595613,-0.19963188,0.22244944,0.03202397,-0.07665633,-0.12344494,-0.19724886,-0.027179519,-0.09176566,0.04438411,0.12593327,-0.11144204,0.16813517,-0.05713596,0.124568805,-0.12114862,-0.13112116,0.13446742,-0.012419026,-0.056694757,0.16732648,0.11294009,0.07974221,0.13554981,-0.0402291,-0.20113769,-0.0666386
cell_0089,-0.09962102,-0.09207607,-0.04668235,-0.055964533,-0.099893,0.042408705,0.15001366,0.13874798,0.079665974,-0.011130908,0.101695284,0.056741055,0.11608716,0.069383875,0.34190357,-0.1472704,0.10159239,-0.06816885,-0.12406857,0.31361693,0.039370682,0.011838831,0.08063536,-0.061179515,-0.0062896917,0.04561693,0.05867984,-0.15441333,0.045872387,0.04565454,-0.15403967,0.048901863,-0.12507865,0.27306473,0.023020808,-0.118851,0.022201652,0.019274127,-0.18430206,0.18331428,0.048675433,-0.073461846,-0.16698842,-0.16652872,0.03010807,-0.10855897,0.1501121,0.117374234,-0.16750272,0.20095503,-0.031232025,0.034594037,-0.18973006,-0.15964638,0.10153967,0.054684516,-0.10814121,0.15095502,0.13818143,0.07641526,0.16838814,-0.09779892,-0.12492582,0.038135037
cell_0090,0.014917941,-0.10211831,-0.040073786,-0.04606091,-0.13730918,0.07056733,0.041581023,0.1157571,0.08546959,0.068130955,0.087247625,0.031119743,-0.09890035,0.015067876,0.33027062,-0.08665871,0.117846586,-0.1338327,-0.008357363,0.28007284,-0.098037176,0.06336345,0.015377688,-0.057417978,0.05609736,0.011618369,-0.0073445165,-0.19349286,-0.021584177,0.003243969,-0.19445458,0.0921829,-0.1076488,0.22100244,0.052901678,-0.007257022,-0.01633225,0.14966528,-0.28684053,0.22635843,0.17611347,-0.06863283,-0.088222414,-0.23010588,0.013047273,-0.08053951,0.07579127,0.1297426,-0.15731841,0.21222356,-0.012050529,0.028781155,-0.109217614,-0.14219134,0.10574207,0.04019852,-0.075046845,0.25109398,0.073485896,0.08860989,0.11952116,-0.062777646,-0.15263507,-0.01364774
cell_0091,-0.05182636,-0.120391056,-0.04574185,-0.058531143,-0.22585002,0.07722929,0.12788348,0.08567852,0.113100596,0.03804335,0.09746724,0.056181595,0.06416123,-0.03054313,0.29436773,-0.15913484,0.021027392,-0.06194417,-0.09583872,0.21888146,0.02121956,0.004773952,0.06759485,-0.11560719,0.014659845,0.069018185,0.14450489,-0.13031039,0.0032342598,0.08180503,-0.18440816,0.10111539,-0.10621599,0.1801198,0.087564096,-0.07645908,0.059441704,0.088242844,-0.17538857,0.24091865,0.06677611,-0.13212548,-0.16001265,-0.2229696,0.0613455,-0.1654616,0.07001867,0.1285148,-0.124168664,0.16189043,-0.018145142,0.058278073,-0.18370791,-0.11304814,0.16052207,0.0043905666,-0.11077811,0.15118806,0.13938616,0.17743167,0.2136736,-0.08831338,-0.12024329,-0.019510157
cell_0092,-0.046734422,-0.13407004,-0.05965669,-0.0835098,-0.19564107,0.09675752,0.06731144,0.12677978,0.029757982,-0.012712303,0.059785355,0.12627368,-0.050469786,-0.04047186,0.2014835,-0.11788117,0.21619926,0.0022526162,-0.100587346,0.3064684,-0.0091507705,0.10272565,0.043502256,-0.08421102,0.012373527,-0.01299064,0.10703318,-0.19790675,0.008400081,0.021981103,-0.15094984,0.17858063,-0.081806436,0.23401135,0.07488208,-0.13043036,-0.079066925,0.08495656,-0.24015322,0.19859438,0.07360273,-0.11969017,-0.15516321,-0.17121322,0.044402957,-0.043483634,0.05715511,0.11870449,-0.030972226,0.20997855,-0.060473014,0.11523175,-0.16018134,-0.11568499,0.11783826,0.03890393,-0.0039650267,0.19192423,0.13237141,0.073965095,0.027126634,-0.11571891,-0.2557383,0.020816056
cell_0093,-0.17094886,-0.056427162,0.1127552,-0.07685337,-0.13205974,0.12624216,0.03662793,0.002980388,0.07572747,0.09300111,0.030780593,-0.01542325,0.027160699,0.01942448,0.27212453,-0.1602031,-0.055017877,-0.032583166,-0.13566427,0.2599748,0.05537952,-0.065721594,0.017030075,0.021790087,-0.0058303718,0.058460113,0.08422266,0.016848098,-0.026405318,0.13274136,-0.2540832,0.026966307,-0.19717427,0.18064564,0.05404556,-0.065845154,0.06512824,0.15536433,-0.20034243,0.12139357,0.037131727,-0.084998414,-0.11319979,-0.15525252,-0.009839272,-0.118806176,0.06035159,0.122289725,-0.11330376,0.124017596,-0.077433236,0.04978837,-0.21191321,0.026344875,0.00508222,0.12887746,-0.11094713,0.3080077,0.21160316,0.09409876,0.08600042,-0.1301312,-0.27032894,-0.08766266
cell_0094,-0.11044288,-0.06510769,0.022728402,-0.1350661,-0.17877708,0.08042734,0.028162174,0.057693467,0.10146594,0.036072124,0.08366171,0.05634173,0.00473726,0.020933613,0.20390761,-0.11025197,0.08143063,-0.05124795,-0.14904588,0.3341885,-0.016507516,0.025186235,0.09903962,-0.08931079,0.009414176,0.046491694,0.062084436,-0.13534129,-0.04950092,0.07884805,-0.18984434,0.1477976,-0.16401835,0.20016466,0.038937427,-0.14661203,-0.039886855,0.06255988,-0.17023669,0.23327774,0.09141787,-0.11165799,-0.20758402,-0.17370042,-0.0046833577,-0.113350034,0.069528185,0.15888079,-0.10121657,0.23827778,-0.06052377,0.13511527,-0.18678862,-0.14344002,0.10788652,0.07919165,-0.051971633,0.22443156,0.07598502,0.10772736,0.1230248,-0.09294438,-0.13488324,-0.053071816
cell_0095,-0.10746278,-0.1927059,-0.06407894,-0.019937312,-0.26945177,0.095666364,0.10965077,0.05084224,0.1554715,0.0059250044,0.033498656,0.010292967,0.0004258341,-0.0403215,0.2554252,-0.07568793,0.00887829,0.044705264,-0.13294421,0.27695504,0.014685208,0.13275334,0.052711774,-0.08032034,-0.0024687194,-0.008908465,0.05800533,-0.15254915,0.026925432,0.17945921,-0.19771522,-0.025869766,-0.09276476,0.20170087,0.13976192,-0.07545312,0.0518439,0.096462384,-0.09069146,0.1892726,0.054549485,-0.10649641,-0.12340815,-0.20013629,0.02138582,-0.14733385,0.010096876,0.18806343,-0.046412237,0.0967647,-0.03075162,0.1286134,-0.17333876,-0.122700624,0.14607331,0.0143020665,0.0073497687,0.2271614,0.0609075,0.22941853,0.08462843,-0.025237108,-0.24531637,-0.007791742
cell_0096,-0.1649365,-0.10340747,0.02589129,-0.07860736,-0.0831602,0.14301856,0.06983218,-0.016481094,0.1266138,0.024503767,0.007539266,0.017900072,0.07059913,-0.07563025,0.3076298,-0.118068114,0.023679683,-0.0154285375,-0.15150215,0.18851222,-0.044447616,-0.04693357,0.025841234,-0.07102175,0.07755476,0.079706036,0.15220338,-0.11607004,0.026603458,0.14294513,-0.30016452,0.022671854,-0.14376959,0.1747293,0.00035647227,-0.12958501,0.07777187,0.14404185,-0.19603294,0.22180146,0.05089172,-0.16872701,-0.15556979,-0.15559047,0.022762267,-0.16883862,0.068027996,0.15444066,-0.1735056,0.15707096,-0.10580703,0.106638595,-0.17667909,-0.093505345,0.060959022,0.06176408,-0.08357743,0.11432682,0.08004161,0.15476017,0.16731426,-0.10952888,-0.116028965,-0.091771126
cell_0097,-0.088323526,-0.0888074,-0.009645838,-0.06972501,-0.19529033,0.09228785,0.099482246,0.064313605,0.07547121,0.028346356,0.03972536,-0.03319254,0.04160696,-0.020006223,0.2570627,-0.10204925,0.10687418,0.0019117119,-0.17271645,0.36353883,-0.020592017,0.08785343,0.084450655,-0.094055645,0.061903037,0.010153889,0.051750135,-0.25663522,0.0739227,0.031838182,-0.14206208,0.043445125,-0.10092451,0.21729493,0.077955194,-0.12912244,0.015750764,0.010581618,-0.2126584,0.2036779,0.064864226,-0.06670402,-0.12224821,-0.19925703,-0.027464548,-0.11801574,0.025963666,0.11948815,-0.1626663,0.17450808,-0.06531892,0.09567745,-0.13776173,-0.19045351,0.11303604,0.11572871,-0.056050126,0.21066573,0.12324668,0.050985947,0.022962086,-0.12260378,-0.1980479,0.017203335
cell_0098,-0.068181686,-0.06908731,-0.07648937,-0.045420326,-0.11860966,0.09570825,0.14504062,0.110693365,0.034371577,0.04366539,0.08654525,0.071197055,0.08533597,0.045996834,0.26060715,-0.112539515,0.12527464,-0.04729045,-0.0653071,0.4012999,-0.038868684,0.07502245,0.07908054,-0.08257336,0.0031710432,0.05926627,0.031774536,-0.20602496,0.08750886,0.056299817,-0.17777187,0.109188914,-0.0905888,0.1758464,0.020608539,-0.09236575,0.05126668,0.07680411,-0.18599439,0.16202211,-0.033431705,-0.1053751,-0.16308983,-0.15949328,-0.031123588,-0.13254182,0.04696642,0.077375084,-0.13307658,0.20496273,-0.11998543,0.1309416,-0.14679715,-0.18728077,0.12818775,0.06971283,-0.07990305,0.19247165,0.15591191,0.081652895,0.053566962,-0.08136632,-0.23086335,-0.030454265
cell_0099,-0.18837053,-0.151971,-0.009361715,-0.06183651,-0.14420146,0.10349527,0.13743554,0.1449729,0.05832167,0.048736967,0.13294233,0.06448236,0.0034682665,0.076702304,0.34511268,-0.12129345,0.081930295,-0.051134992,-0.1117847,0.31537637,-0.00051873503,0.064052045,0.05491726,-0.04356473,0.016632382,0.04116431,-0.038380824,-0.1368513,-0.038377997,0.0023549546,-0.12447498,0.16958165,-0.08651325,0.2565609,0.06769737,-0.16395137,0.0039382074,0.077588946,-0.1953805,0.18967174,0.03154898,-0.1134196,-0.12714756,-0.15006739,-0.016108114,-0.120836735,0.057370458,0.086258374,-0.19839613,0.12289823,0.017453905,-0.004805201,-0.14731032,-0.08796747,0.13772456,-0.10823305,-0.021711629,0.076366164,0.14649543,0.114831254,0.21158078,-0.052531384,-0.17969699,-0.04242607
cell_0100,-0.11375036,-0.10044482,-0.005873974,-0.11709396,-0.15834591,0.09006357,0.15186992,0.052148696,0.10499398,0.0826455,0.02477581,-0.039798018,0.021397728,-0.039829988,0.27085397,-0.1677112,0.013501138,-0.016261142,-0.14845029,0.33005306,-0.009912772,0.011583224,0.06313059,-0.08186388,0.058744635,-0.0064830626,0.021887736,-0.20421202,0.07561609,0.12011169,-0.1931102,0.101377144,-0.15807152,0.21683817,0.11510326,-0.07957984,0.074079685,0.12772913,-0.13001531,0.14706634,-0.022894839,-0.12869601,-0.11647834,-0.17334943,0.011675163,-0.09169938,-0.012969445,0.10874411,-0.12473097,0.15352851,-0.02465561,0.14771405,-0.16440265,-0.15957987,0.12861392,0.02907951,-0.04452604,0.21488756,0.12549345,0.12057961,0.015008929,-0.14179748,-0.22984943,-0.09345385
cell_0101,-0.11611673,-0.10628363,-0.09790317,0.018683434,-0.08418883,0.04872397,0.029963192,0.13124354,0.035526298,0.0466595,0.009099335,0.018387174,0.044100415,-0.02302282,0.21344037,-0.10856318,0.08996,-0.0668481,-0.07651155,0.26094332,-0.0051286896,0.042961873,-0.03823023,-0.11671286,-0.0005290241,-0.00017856261,0.08044064,-0.21444014,0.052329477,0.11152212,-0.24194653,0.08472998,-0.1437458,0.13130146,0.06436566,-0.06965883,-0.026626835,0.2207359,-0.21059053,0.24306835,0.056631863,-0.07570223,-0.22252011,-0.19423796,-0.049903475,-0.26604834,0.12612443,0.13921037,-0.1403128,0.16318546,-0.076276794,0.13956186,-0.03943623,-0.18898936,0.18259233,0.036726132,0.005566472,0.14677528,0.0964709,0.16326079,0.060990714,-0.027527394,-0.13512985,-0.09415174
cell_0102,-0.07270334,-0.17577139,-0.07815751,-0.009497808,-0.22214742,0.13930307,0.17914963,0.20596537,0.07267133,0.08544947,0.07030289,0.034220517,-0.018069936,0.010898565,0.32452238,-0.0725287,0.12314533,-0.08124664,-0.06207717,0.3036969,-0.015622524,0.06486824,0.040930912,-0.05981025,0.009854861,0.06599681,-0.0017142303,-0.15638752,0.054074816,0.095049,-0.14246981,0.069498494,-0.05740173,0.17536658,0.098365314,-0.048982363,0.0024022637,0.06213385,-0.25477457,0.1430009,0.09163867,-0.0702484,-0.15693782,-0.19049042,-0.0034651607,-0.1787195,0.0018586215,0.16311452,-0.092524625,0.18474044,-0.058184948,0.13229504,-0.062463522,-0.16839734,0.13140765,0.029553425,-0.05180075,0.23028736,0.11304629,0.09364972,0.06606013,0.042259373,-0.15972254,-0.0035943042
cell_0103,-0.1891221,-0.079763785,-0.0058370735,-0.037461836,-0.11499485,0.15231684,0.14571849,0.036118526,0.12418491,0.08752828,0.033274777,0.01948558,0.067055546,-0.025676321,0.28716615,-0.16316901,-0.024741838,-0.023449056,-0.15264775,0.26001143,0.010800861,-0.0038495485,0.079122856,-0.04391745,0.01061749,-0.019756077,0.020013934,-0.09298964,-0.004437853,0.19525887,-0.2200277,-0.021777475,-0.1820361,0.18019913,0.06317282,-0.07126357,0.15621904,0.15462564,-0.13177446,0.2172443,0.0415071,-0.08102153,-0.14943999,-0.1292269,-0.0030502297,-0.11003993,0.101984255,0.10235967,-0.08200486,0.16163316,-0.0056342017,0.035379693,-0.22778638,-0.10323943,0.06576311,0.049397673,-0.10294639,0.2715164,0.12527551,0.13254304,0.16020839,-0.03441906,-0.21432337,0.002552629
cell_0104,-0.020461328,-0.07870078,-0.06968444,0.08547064,-0.23066647,0.11607664,0.15133527,0.1436999,0.12656114,-0.027335713,0.046227183,0.085629664,0.009766922,-0.0014279976,0.33951613,-0.11660314,-0.019210374,-0.054800544,0.00077101006,0.23482846,-0.04653426,0.030242378,0.037025925,0.0031782037,-0.02911037,0.0098096635,0.0711781,-0.10371444,0.035489313,0.1581163,-0.14475165,0.0440813,-0.057522953,0.26292276,0.12015753,-0.01983047,0.1350779,0.12506004,-0.23473151,0.22215049,0.08195624,-0.108375445,-0.08955418,-0.24229018,-0.02504024,-0.14321353,0.106897496,0.10813071,-0.056204017,0.15680166,0.04832433,0.0031924038,-0.16531833,-0.17926593,0.1155834,0.0030153266,-0.010948348,0.19930542,0.112495445,0.18509875,0.1668308,-0.013689778,-0.07960254,0.08833998
cell_0105,-0.032234177,-0.09323884,-0.028937532,-0.038825553,-0.1903733,0.09556637,0.16646586,0.15559278,0.106008716,0.03520333,0.058334272,0.096820466,-0.034958683,-0.006608181,0.3401436,-0.12109932,0.09587054,-0.04123134,-0.036879335,0.23164028,0.053205647,0.07187148,0.012304937,-0.06148652,-0.0070280572,0.054383125,0.06188732,-0.16267018,0.049070742,0.081138395,-0.07719416,0.1373911,-0.07516652,0.24853823,0.10137778,-0.065912075,0.064513676,0.12288347,-0.26905075,0.21034549,0.024534862,-0.07941076,-0.097435735,-0.22883697,0.06487192,-0.0981796,0.0366908,-0.01821979,-0.060440253,0.22451599,-0.023369646,0.028298547,-0.15758467,-0.1322263,0.16391453,-0.045362182,-0.030021053,0.22491711,0.14407824,0.14125362,0.076945305,-0.07918862,-0.2316173,0.043152053
cell_0106,-0.0007427101,-0.10076797,-0.06850363,0.073676586,-0.17196159,-0.008355904,0.019880207,0.094648615,-0.019028125,0.048521467,0.064600214,-0.035016797,-0.10216506,-0.0460997,0.26090828,-0.07202593,0.050745044,-0.090293095,-0.11786549,0.31602407,-0.06184973,0.16542347,0.021919742,-0.13051152,0.07380996,-0.038285404,-0.12921616,-0.28702238,-0.031950116,0.15347336,-0.2065647,0.11605125,-0.07140552,0.16691476,0.088005334,0.024040202,0.0043230783,0.17353465,-0.19703794,0.22635564,0.09665301,-0.062156115,-0.122945055,-0.1846687,-0.096911944,-0.11284537,0.067659505,0.10174353,-0.039073624,0.12953511,-0.06263379,0.0988108,-0.01865797,-0.27566513,0.15183038,-0.012875963,0.08027238,0.15033334,0.038588174,0.118355714,-0.025943076,-0.03392753,-0.21675998,0.032187104
cell_0107,-0.14209707,-0.13145758,-0.0707753,-0.05978114,-0.18388757,0.13831632,0.11488075,0.12821545,0.10091522,0.08374708,0.06713989,0.030246418,0.035989285,0.011131479,0.27650875,-0.12402897,0.053008035,-0.004108414,-0.0811534,0.21576801,-0.01222234,0.011397521,0.086456925,-0.060653273,0.020143246,0.06970126,0.049606625,-0.1648649,0.049321115,0.11411099,-0.2290608,0.054388054,-0.14862664,0.1454657,0.08257691,-0.07110832,0.14920855,0.11389773,-0.2219369,0.15815696,0.096405074,-0.07292484,-0.14075927,-0.16500972,-0.0045642536,-0.13382894,0.07627529,0.10321249,-0.10851819,0.10928958,-0.109990194,0.043343734,-0.16166902,-0.109535396,0.11059747,0.057843514,-0.10946231,0.23538384,0.17746085,0.1874186,0.14869314,-0.048502855,-0.26701763,0.020804133
cell_0108,-0.1557221,-0.06535842,-0.026209842,-0.07818738,-0.1744771,0.09382985,0.15363848,0.08706074,0.12593338,0.062276315,0.032861598,0.11180168,0.08164748,-0.04485985,0.2510059,-0.1557298,0.0344235,-0.023204552,-0.088694036,0.30069375,0.018233286,0.052884687,-0.0012394239,-0.07911277,-0.059121843,0.042815227,0.08313986,-0.14447999,0.028530527,0.114138745,-0.18359281,0.058672924,-0.13150616,0.23919164,0.04959579,-0.11589609,0.0106310155,0.07863114,-0.14599413,0.23308693,-0.017087502,-0.11085222,-0.19962977,-0.16862535,-0.00091162976,-0.10933431,0.062992215,0.1300874,-0.1854069,0.22369926,-0.05038271,0.11616241,-0.16060401,-0.15501149,0.11777743,0.074021034,-0.047715157,0.17341326,0.10201905,0.13125859,0.15256841,-0.067128986,-0.16500057,-0.028775604
cell_0109,-0.07578438,-0.067304455,-0.044769492,-0.027630467,-0.19083264,0.115775935,0.13748431,0.16288184,0.12710442,0.011917701,0.028378084,0.037578017,0.11860437,0.014569903,0.28272936,-0.10885697,0.075638466,-0.057453174,-0.08083182,0.21821716,-0.06727164,0.0073918505,0.12584677,-0.060253944,0.048678216,0.06824363,0.073846385,-0.15271896,0.057719,0.09094641,-0.18534896,0.0816306,-0.0888068,0.24108762,0.1302797,-0.13450111,0.102004305,0.12957421,-0.20788638,0.14893833,0.12608634,-0.08435996,-0.090183966,-0.21604162,0.085216165,-0.1351098,0.08878615,0.19001578,-0.056563973,0.13219279,-0.018439913,0.04383807,-0.18496455,-0.18994518,0.13326535,0.05904789,-0.103635944,0.19665718,0.08531279,0.1859706,0.13134812,-0.031469442,-0.16240336,0.010789458
cell_0110,-0.16466494,-0.11688382,-0.0370808,-0.053781494,-0.16405594,0.14725126,0.07892205,0.0476286,0.1760507,0.0019143036,0.005782712,-0.04219472,0.07812747,-0.03263536,0.30286577,-0.1318245,0.014620824,-0.054830547,-0.11941183,0.24096923,-0.09460045,0.03006304,0.08323019,-0.040144697,0.008444923,0.010944113,0.066972606,-0.22128336,0.013385363,0.046958826,-0.25855437,0.04152032,-0.07612739,0.19084527,0.03860339,-0.18865684,0.07554867,0.11049996,-0.16602181,0.23976915,0.1250979,-0.053865768,-0.10142482,-0.2063428,0.052257296,-0.12994371,0.06969909,0.17291991,-0.13338944,0.16715641,-0.00022225165,0.09761317,-0.18433979,-0.15390186,0.0748366,0.08558836,-0.048652895,0.17484653,0.041120343,0.12086518,0.18184409,-0.07880342,-0.08812233,-0.0064554918
cell_0111,-0.0678273,-0.06114794,-0.042581044,-0.10548521,-0.12566559,0.0536446,0.08376383,0.1395536,0.07569316,0.03927985,0.07054968,0.054013338,0.09419511,-0.034159977,0.36083618,-0.15670526,0.0948333,-0.049326368,-0.120131135,0.34694958,-0.026187021,0.06111725,0.03688534,-0.04167807,0.013797522,0.03179734,0.0021877591,-0.11748747,0.14109172,0.11812763,-0.13647105,0.037803654,-0.08974611,0.28006488,0.06860032,-0.058620486,0.0032687248,0.11507117,-0.21739195,0.19624546,0.10259253,-0.072633155,-0.13161789,-0.14016825,-0.060574353,-0.061633002,0.108416,0.16782011,-0.16875404,0.18168621,-0.011734081,0.06377685,-0.0908424,-0.21313445,0.08520633,0.011264414,-0.02481928,0.20362793,0.09662624,0.1179313,0.116766356,-0.044622943,-0.16983074,0.023525389
cell_0112,-0.11414547,-0.13959497,-0.03415724,-0.07203855,-0.14767337,0.076419786,0.13737488,0.15391423,0.06849649,-0.012002426,0.06321135,0.12303585,0.005950358,0.03154255,0.300457,-0.11234089,0.11838711,-0.10004938,-0.067909345,0.33733347,-0.01995699,0.08661696,0.043501843,-0.06368962,0.016381994,0.010274635,0.033853754,-0.1534634,-0.05079517,0.10096658,-0.15049157,0.056839306,-0.11750064,0.19754376,0.0543795,-0.085646406,-0.013374733,0.08118423,-0.24110739,0.17766507,0.043734804,-0.10287107,-0.19939004,-0.15244432,-0.022416623,-0.121444955,0.042034574,0.062629506,-0.1050386,0.19749683,-0.019393358,0.11402365,-0.16644469,-0.17311594,0.097509876,0.0203367,-0.10728331,0.22693911,0.11742036,0.16259782,0.15031376,0.031958196,-0.1703673,-0.010540393
cell_0113,-0.13251716,-0.12324147,-0.030098094,-0.06950812,-0.23316,0.090966426,0.1567229,0.13042527,0.14266855,-0.016465012,0.07344616,0.07216354,0.023936553,-0.042301398,0.2526573,-0.13803236,0.0515194,-0.04600972,-0.09621156,0.29378766,-0.029733248,0.09196806,0.053041045,-0.121295944,0.034996115,0.010362229,0.051375337,-0.16295183,0.074327774,0.09690652,-0.11106079,0.021248495,-0.0917015,0.14391299,0.13450988,-0.13261388,-0.011878097,0.11509331,-0.2156155,0.20824918,0.057882883,-0.07400219,-0.12809154,-0.19096844,5.50495e-05,-0.11867704,0.028668348,0.13742445,-0.12953481,0.1356465,-0.042067565,0.11639847,-0.092094146,-0.16339818,0.15191394,0.08023373,-0.038297758,0.28698015,0.14144091,0.15456313,0.07728533,-0.053683713,-0.19188322,-0.057130378
cell_0114,-0.12150026,-0.12761676,0.010804924,0.051736366,-0.1589148,0.12622276,0.039244134,0.08750021,0.13386065,0.16093734,0.0022776667,-0.043211613,0.06905141,-0.17745903,0.33963773,-0.10025443,0.09989723,-0.013847496,-0.11765956,0.20239654,-0.10581903,0.054910067,0.042015605,-0.1108786,0.083671555,0.01515279,0.03345566,-0.194138,0.10068785,0.11284276,-0.17462924,0.038261324,-0.14070114,0.15886976,0.1139323,-0.094529495,0.013559921,0.21164839,-0.16592255,0.18601461,0.02139958,-0.034245368,-0.1457829,-0.2192155,-0.009813479,-0.10601473,0.058728274,0.1426301,-0.17867747,0.13829623,-0.08716927,0.06759792,-0.0220009,-0.17654583,0.15927626,0.0025905315,0.06831939,0.15034918,-0.035701737,0.13406897,0.0701443,0.018835984,-0.22002997,-0.11709078
cell_0115,-0.14975058,-0.13321553,-0.04861779,-0.105058245,-0.20310244,0.15052283,0.22420111,0.07760419,0.13754414,0.016763674,0.052707292,-0.0019747196,0.050806742,-0.04444738,0.20567203,-0.15865025,0.010619154,-0.031308495,-0.13800932,0.23567465,-0.045910846,-0.008502588,0.071688265,-0.1441849,0.023795959,0.029854113,0.10728806,-0.1445824,0.05847577,0.065448835,-0.26498306,0.0500357,-0.06465079,0.116951965,0.15142538,-0.10253222,0.09532297,0.08804941,-0.14954259,0.2281019,0.05501694,-0.057367466,-0.17048201,-0.11693409,0.030080168,-0.18924128,0.05789217,0.19609359,-0.20624024,0.053102013,-0.060620595,0.18908021,-0.1000483,-0.09599543,0.12457085,0.07243398,-0.09085121,0.15544918,0.13395756,0.15434696,0.1436851,-0.09721762,-0.10391699,-0.064615846
cell_0116,-0.11699606,-0.044233266,-0.087560505,-0.083794616,-0.15285216,0.108777694,0.0893523,0.05067935,0.16774604,0.10147285,0.02828828,-0.04522418,-0.01735023,-0.008394189,0.22459263,-0.21376723,0.024663089,0.08572327,-0.116830856,0.2838803,-0.009404957,0.048298404,0.08772375,-0.06779201,-0.024823708,0.013971282,0.06407621,-0.18197486,0.076962665,0.13265465,-0.18467228,0.06052274,-0.19366069,0.19010429,0.111501805,-0.047767196,0.021545157,0.21502416,-0.11983091,0.2583207,0.04731254,-0.082289085,-0.12166631,-0.2017167,0.028068915,-0.1362861,0.063926525,0.170982,-0.077572115,0.12893431,-0.055873193,0.11926638,-0.17195648,-0.1205375,0.121826604,0.057093907,0.017487224,0.28113768,0.06899875,0.09761321,0.06717014,-0.092698075,-0.16350839,-0.030141674
cell_0117,-0.15440662,-0.15740064,-0.020992393,-0.02891683,-0.19547679,0.1471496,0.15315372,0.13081366,0.09233428,0.05815333,0.049167003,0.028933786,-0.0043649827,0.008203438,0.3561604,-0.114186816,0.08752591,-0.0022142958,-0.11341116,0.28584114,-0.02702932,0.05601744,0.060602106,-0.054814316,0.022436628,0.027601346,0.020159092,-0.15900914,0.09057393,0.09689685,-0.15846603,0.09269766,-0.05435961,0.19354197,0.09151638,-0.14760311,0.05610431,0.09343552,-0.2525612,0.19015816,0.046782244,-0.1046422,-0.12192866,-0.2134725,-0.0076488005,-0.12494445,0.020319747,0.10713986,-0.095402755,0.19827805,-0.0624475,0.11450056,-0.08962073,-0.14363557,0.098123565,0.03102019,-0.032405265,0.19625735,0.11740557,0.09135129,0.11890938,-0.06430558,-0.18793046,0.000115978866
cell_0118,-0.18823433,-0.090506315,0.03247134,-0.119533144,-0.105101496,0.0937873,0.09507299,0.0031432328,0.1599837,0.028754892,0.060913403,-0.021085044,0.11514433,-0.061267957,0.28910577,-0.15800874,0.022313835,0.035717662,-0.1527729,0.25780982,-0.02471967,0.009294137,0.12083071,-0.1306033,0.061419953,-0.03376787,0.09112491,-0.13032168,0.09065493,0.07653356,-0.18944973,0.06308061,-0.15347494,0.14498657,0.08792433,-0.17265615,0.084231526,0.14626803,-0.12403923,0.17968713,0.046192568,-0.12640119,-0.08877469,-0.1640347,0.057860967,-0.115671165,0.06208919,0.13335893,-0.105686694,0.15462178,-0.08377428,0.09219753,-0.18746692,-0.106152415,0.11233909,0.015308612,-0.104906484,0.19472648,0.12405882,0.170953,0.1340541,-0.14931905,-0.20816681,-0.10666426
cell_0119,-0.12854938,-0.099453315,0.01445513,-0.05437027,-0.1859193,0.11890818,0.1170297,0.10536968,0.11169014,0.033853132,0.08219854,0.02565694,-0.07134777,-0.037424415,0.3732474,-0.1385488,0.0014929293,-0.034678146,-0.10282537,0.28930047,-0.0480643,0.0563211,0.030275848,-0.06698103,0.037425373,0.025507936,-0.012201169,-0.14379811,0.03627241,0.12639564,-0.17243181,0.03320558,-0.067027114,0.2633252,0.1176525,-0.12545396,0.09220655,0.08266692,-0.19416223,0.22808105,0.07132729,-0.101943485,-0.08470542,-0.17019853,-0.018799266,-0.1423631,0.02817923,0.08457596,-0.15515411,0.11769065,-0.040165048,0.07614873,-0.07470304,-0.13144957,0.1298682,-0.05372086,-0.06180412,0.18371528,0.1526236,0.15421544,0.113159984,-0.08938761,-0.22583382,0.021577682
cell_0120,-0.11670887,-0.13316086,-0.088634774,-0.033576373,-0.1568449,0.09052186,0.08860666,0.10554973,0.08031231,0.044389784,0.15978722,0.005067441,0.006040114,0.0374065,0.2685257,-0.11134948,0.057615604,0.0037836668,-0.09691934,0.30621296,-0.003542478,0.07610719,0.1073294,-0.048940677,0.038449,0.024250438,0.058562998,-0.15949352,0.06639782,0.08260926,-0.14366868,0.11066735,-0.13456327,0.18676049,0.088739224,0.044339154,0.093701094,0.12518044,-0.15456057,0.22209765,0.11273243,-0.10903645,-0.10068064,-0.22104828,-0.036689833,-0.14182886,0.13596231,0.10619641,-0.12757638,0.24197479,-0.0359112,0.03459342,-0.1682574,-0.1696378,0.1852814,0.013335839,-0.03655115,0.16348195,0.11579471,0.15705894,0.033929244,-0.11095921,-0.19679722,0.06431142
cell_0121,-0.14558116,-0.108952045,0.007825678,-0.014969376,-0.19774029,0.087726705,0.08650164,0.06803476,0.03477208,0.037320912,0.086978465,0.048210822,0.08133058,0.027584532,0.22435133,-0.098206215,-0.008586816,-0.040370684,-0.13545631,0.30247045,0.032618318,0.014652901,0.014350491,-0.065033734,-0.03450727,0.066373155,0.06795993,-0.12570164,-0.027043864,0.14893861,-0.25670624,0.06831959,-0.15539837,0.23069444,0.008845337,-0.08570232,0.049835294,0.11763694,-0.18000413,0.18320218,-0.015872914,-0.14293002,-0.21284457,-0.18132582,-0.011865854,-0.08869155,0.06910375,0.17512456,-0.13633353,0.16573031,-0.062079657,0.08949904,-0.20009016,-0.11085827,0.056553435,0.025808088,-0.0863894,0.1640825,0.1472694,0.19192487,0.14660765,-0.059699476,-0.21303967,-0.06553193
cell_0122,-0.13585083,-0.15324841,-0.06126597,-0.11663094,-0.21033117,0.12283279,0.18686795,0.10674005,0.115203455,0.048762124,0.029506061,0.051266707,0.04415002,-0.032463644,0.24736542,-0.15563914,0.07176213,-0.0076571973,-0.17149685,0.27902785,-0.029324345,0.058847275,0.07121715,-0.10995833,0.025011584,0.05583256,0.10655556,-0.15800114,0.092424355,0.10121958,-0.23048688,0.06548404,-0.08805034,0.12779598,0.11731118,-0.070301384,0.08493803,0.08816249,-0.17973877,0.19307508,0.0026809645,-0.09416279,-0.20529003,-0.15013085,0.026198432,-0.15172307,0.01905248,0.12722047,-0.14494325,0.093522675,-0.10351957,0.11387005,-0.1532221,-0.10261896,0.11664945,0.05115399,-0.06515853,0.17116408,0.14342703,0.1781689,0.08884659,-0.07400391,-0.18113492,-0.019903364
cell_0123,-0.15187289,-0.10485127,-0.056636963,-0.04155697,-0.14227934,0.12038601,0.17758846,0.11185617,0.13096449,0.0019964261,0.043855503,0.012469919,0.07471442,-0.07561693,0.25897384,-0.1435725,0.031589605,-0.081113294,-0.1334474,0.22197954,-0.11077642,0.02495822,0.11005629,-0.124480695,0.0562312,0.030522149,0.054095417,-0.14692125,0.07813527,0.06879439,-0.26518932,0.058624167,-0.11286921,0.18070374,0.08189123,-0.15973052,0.08268575,0.12386612,-0.143158,0.20668846,0.07312994,-0.09351622,-0.169765,-0.16921933,0.033749443,-0.15654925,0.108073294,0.13866039,-0.1689139,0.13403235,-0.08600129,0.14509122,-0.10406264,-0.119570106,0.14221573,0.079013094,-0.03432502,0.15333499,0.12753509,0.11711255,0.13901179,-0.069709115,-0.18961164,-0.056413595
cell_0124,-0.11847323,-0.16632244,-0.08996753,-0.023439687,-0.24492536,0.090279445,0.106106505,0.07233364,0.11222537,-0.013615053,0.08853721,0.07249912,0.10452978,-0.0234354,0.21734065,-0.16261375,0.067492016,-0.06293556,-0.09245026,0.26548898,0.02043121,0.03279818,0.04001251,-0.12306075,-0.06453108,0.05767509,0.13585442,-0.08996784,0.043585643,-0.0011023792,-0.19823928,0.074523225,-0.10556322,0.13012904,0.044319615,-0.12366772,-0.03873463,0.111525945,-0.2295047,0.19988298,0.073889695,-0.096962646,-0.20204243,-0.15989877,-0.036900997,-0.19236392,0.110388994,0.15727416,-0.22861606,0.13049634,-0.114573434,0.14694938,-0.07548145,-0.1102885,0.104516596,0.03178065,-0.05728937,0.1801943,0.14997835,0.123597875,0.113892205,-0.063561656,-0.16934203,-0.077201344
cell_0125,-0.16236791,-0.12646978,-0.029402278,-0.07881035,-0.21005277,0.16084997,0.110012695,0.067324944,0.139689,0.05820795,0.02156442,0.036693066,-0.011972136,-0.059268154,0.20912586,-0.1371307,0.06032117,0.039205544,-0.101132214,0.25231493,-0.022083573,0.07380751,0.07567097,-0.10179953,-0.021808589,0.0046247984,0.11250856,-0.1867328,0.05671902,0.10799922,-0.18593094,0.06154523,-0.10616271,0.14328867,0.13326257,-0.15449964,0.035581637,0.12654804,-0.14789872,0.20133577,0.048815098,-0.107365645,-0.17033553,-0.15484406,0.051205385,-0.12595424,0.013039997,0.13898802,-0.04179983,0.09909801,-0.09252798,0.15016541,-0.14233913,-0.079930946,0.13686168,0.071730144,-0.035071958,0.26456732,0.11326485,0.19097054,0.10979777,-0.107198074,-0.27041727,-0.047711868
cell_0126,-0.115772724,-0.16455252,-0.03308383,-0.0210786,-0.15174419,0.1150261,0.06413576,0.100866176,0.023605563,0.059306704,0.09417109,0.019930007,-0.049777415,0.12726688,0.337988,-0.14332186,0.14411949,-0.09448684,0.056289148,0.28910515,0.061294843,-0.018980281,-0.0025030363,-0.044242695,-0.090834856,0.034869075,0.06190692,-0.18837985,-0.022221431,0.0652263,-0.13133791,0.10507588,-0.124924324,0.25693965,0.039097626,-0.026985258,-0.029945176,0.11788827,-0.29824,0.147876,0.16913776,-0.0158817,-0.15978973,-0.17838675,0.050636988,-0.09380418,0.06252618,0.07778041,-0.04171527,0.2511915,-0.008058395,0.07832053,-0.1573483,-0.21354686,0.045885537,0.011271323,-0.02422181,0.21448804,0.033962376,0.06661603,0.09799513,0.004997265,-0.111334845,0.0377737
cell_0127,-0.110780686,-0.11499426,-0.068156704,-0.061807293,-0.20357056,0.17758805,0.14835359,0.124224246,0.15346436,0.020840745,0.075261205,0.073641494,0.0009194271,-0.004331249,0.25049642,-0.120539725,0.056767214,-0.049236007,-0.09723295,0.25946206,-0.052485295,0.028617917,0.028379206,-0.0558825,0.0105696255,0.012186778,0.061981905,-0.1532412,0.027958844,0.09616543,-0.19700481,0.08931858,-0.12513672,0.18009682,0.098973736,-0.08712374,-0.0148239555,0.107120335,-0.16303137,0.20432827,0.049051505,-0.099858604,-0.16881326,-0.19258277,-0.00012867058,-0.17520581,0.068872474,0.16762844,-0.1285367,0.15695055,-0.07941141,0.13023776,-0.14704646,-0.12350335,0.13346629,0.08785589,-0.034633,0.24592444,0.12001253,0.112154335,0.12809001,-0.05947396,-0.20952518,-0.05077941
cell_0128,-0.15563874,-0.08516144,-0.03366364,-0.101611935,-0.1601346,0.11876163,0.14580788,0.029548801,0.17957556,0.029705258,0.023331799,0.0018969395,0.13825199,-0.124328196,0.22013113,-0.1857779,0.026550857,0.04649667,-0.15790655,0.173587,-0.080170244,-0.014348444,0.12874979,-0.09870409,0.05656877,0.052883405,0.16446956,-0.046119675,0.12967536,0.094128005,-0.23640482,-0.0049943286,-0.13675253,0.088623255,0.09944097,-0.13935077,0.07829892,0.1564323,-0.14348917,0.17403182,0.014085417,-0.09031086,-0.16351132,-0.16345857,0.030362343,-0.18042885,0.08531031,0.112930834,-0.17839472,0.08288086,-0.119825274,0.11919464,-0.16142617,-0.038279124,0.08877946,0.09831485,-0.10111146,0.22858739,0.18353139,0.13617723,0.09787761,-0.1421411,-0.1529375,-0.058751825
cell_0129,-0.1389325,-0.12823786,-0.028557327,-0.10715284,-0.17457674,0.16059421,0.17384684,0.1581451,0.08181809,0.05254035,0.080843374,0.039797127,0.031172188,0.0031029521,0.2552445,-0.14142977,0.060389634,-0.04526249,-0.110853255,0.29269984,-0.015836267,0.02809713,0.11117509,-0.09140268,0.022325773,0.026183706,0.03960739,-0.13419782,0.022872325,0.035616536,-0.20293136,0.09831218,-0.0715361,0.22062704,0.14480215,-0.16536677,0.08227897,0.11508555,-0.13526806,0.19820294,0.058318537,-0.09714622,-0.13435477,-0.17527622,0.055966906,-0.1349894,0.061858512,0.15456958,-0.15483515,0.11980824,-0.012433123,0.08096121,-0.14089525,-0.08994718,0.104568176,0.027475959,-0.13198316,0.14723189,0.16757101,0.14068,0.17106244,-0.09666667,-0.18609099,-0.051721092
cell_0130,-0.08961516,-0.03781511,-0.003923818,-0.07664578,-0.20522173,0.082182035,0.0706926,0.040034443,0.19189888,0.053931374,0.052124258,0.051364277,0.024968226,-0.042296585,0.22148925,-0.12474995,-0.007940142,0.028612848,-0.12854484,0.30483243,-0.029169608,0.04099406,0.11149839,-0.07298348,0.03258923,0.041228406,0.07904624,-0.1021428,0.04523097,0.13965757,-0.2146974,0.0871384,-0.14852229,0.20433317,0.040169824,-0.10823564,-0.02223562,0.1347308,-0.1382496,0.23210785,0.064903595,-0.09315059,-0.14948472,-0.24921182,0.010420089,-0.068629056,0.06488045,0.18528447,-0.13201196,0.16821635,-0.063359186,0.09302705,-0.20602867,-0.06786766,0.09065391,0.0485931,-0.08252326,0.2369874,0.08642456,0.16454773,0.15217707,-0.11411296,-0.18028912,0.007558351
cell_0131,-0.13612844,-0.09889229,-0.094971314,-0.16345042,-0.13875625,0.058093667,0.07562039,0.0020167488,0.1753915,-0.017264355,0.07363259,0.09203326,0.046091683,-0.006733159,0.32054403,-0.118778706,0.09097345,-0.034229755,-0.11091474,0.23726866,-0.023954194,-0.04835032,0.019424384,-0.1298297,0.0051934747,0.014935666,0.1994791,-0.11341452,0.026346002,0.05666114,-0.21357892,0.1484591,-0.1326211,0.114858866,0.06275635,-0.13611344,0.01179524,0.020894954,-0.22592822,0.19827797,0.06956613,-0.17918038,-0.13724184,-0.17241447,0.017454479,-0.1360926,0.099007614,0.1563541,-0.15518115,0.11969323,-0.05569789,0.0639379,-0.2543075,-0.09748786,0.096007355,0.098137535,-0.0797751,0.11559928,0.10831408,0.06736733,0.19477819,-0.095456906,-0.06509272,-0.11089824
cell_0132,-0.084622934,-0.16550833,-0.01924126,-0.060197495,-0.21429308,0.12375155,0.12845367,0.15888707,0.15086485,0.016050937,0.063552834,0.1004426,0.017063627,0.03419813,0.3078207,-0.13530202,0.08839456,-0.13631997,-0.08719079,0.21585459,-0.031024814,0.03696218,0.08154586,-0.08745122,-0.0076530427,0.04882808,0.11862608,-0.11768249,-0.04226134,0.063955344,-0.18763413,0.092407495,-0.03271771,0.14318265,0.119336456,-0.10612718,0.0010886419,0.06491987,-0.18348669,0.2532321,0.112498686,-0.06491022,-0.13805449,-0.1992464,0.08677927,-0.15027332,0.07670982,0.16960363,-0.07155241,0.14127673,-0.015747812,0.07963462,-0.16445406,-0.1409701,0.13049497,0.038851205,-0.09163123,0.23615873,0.03349769,0.17166984,0.19632769,0.009803148,-0.055507116,-0.080734074
cell_0133,-0.18057705,-0.07528497,0.07730284,-0.029539464,-0.14965805,0.11091856,0.08343418,-0.016107237,0.047510337,0.1359055,-0.01964981,0.00998523,0.054913193,-0.03088658,0.33072698,-0.19691066,-0.049299024,0.016311925,-0.15976593,0.22787182,-0.029808912,-0.0019627,0.060866788,0.034340955,0.05313397,0.04003476,0.094531395,-0.08003696,-0.015366732,0.22327776,-0.21800733,-0.03371388,-0.14723459,0.20702492,0.021371065,-0.056513254,0.082379535,0.13551767,-0.14036813,0.21153311,-0.02282784,-0.10046156,-0.18383396,-0.13994685,0.05489393,-0.14143491,0.08323645,0.13379425,-0.07733828,0.12517062,-0.021279277,0.0669457,-0.22948857,-0.076955765,0.04015553,0.033531893,-0.08170173,0.2149538,0.108491935,0.19596134,0.14364034,-0.12367778,-0.19165172,-0.043884687
cell_0134,-0.11920437,-0.08269338,-0.035252094,-0.04260476,-0.20397778,0.14618173,0.12078493,0.0005204191,0.16485345,0.027178373,-0.055330846,0.06499706,0.08873584,-0.11431966,0.2644342,-0.12355091,-0.029962825,0.029539004,-0.12860303,0.23060752,-0.07024623,0.076945536,0.09510819,-0.020167485,0.026125195,0.023921572,0.114644885,-0.12913994,0.066206016,0.15788867,-0.2431157,0.021320464,-0.067523785,0.1525925,0.14919797,-0.11594344,0.08975618,0.16903406,-0.1783279,0.22235665,0.046132587,-0.08849379,-0.1535142,-0.18041897,0.03375294,-0.1990504,0.039505914,0.07615218,-0.10684295,0.05920471,-0.06799437,0.15601704,-0.15313192,-0.13684689,0.116588704,-0.007261519,-0.0883299,0.18123733,0.14295913,0.1939453,0.18433842,-0.05050795,-0.120918915,0.008546865
cell_0135,-0.079111956,-0.03521513,-0.013374464,-0.06853192,-0.15766582,0.063168705,0.109154746,0.12812388,0.15744501,0.0542647,0.03254042,0.045612335,0.036090862,-0.032484822,0.23821709,-0.16102508,0.021139128,-0.070219114,-0.08048117,0.2531483,-0.049511362,0.06647219,0.13112421,-0.08258708,0.036087487,-0.027397558,-0.02206814,-0.08096063,-0.030782763,0.17491831,-0.23491187,0.05330655,-0.14858598,0.17808358,0.13640969,-0.13644136,0.029218908,0.22593579,-0.13278869,0.18282956,0.06830531,-0.106986545,-0.12048002,-0.18254337,0.011562403,-0.07406606,0.07318692,0.17079143,-0.10740999,0.1840992,0.018321346,0.11571784,-0.15216951,-0.17253517,0.09962208,0.013087061,-0.039207257,0.24228393,0.093229,0.19745074,0.20023179,-0.078646,-0.1778309,-0.05465927
cell_0136,-0.065482505,-0.051259656,0.0038156484,0.047823776,-0.17106828,0.16708425,0.16722153,0.09681339,0.15714572,0.06070836,0.06073906,0.035710517,0.06409418,-0.02200102,0.29212758,-0.116383016,0.016351543,-0.01912558,-0.09253648,0.28003547,-0.023649327,0.074699916,0.03276967,-0.05059353,-0.0102755455,0.017831871,0.09993111,-0.15790208,0.097984344,0.1528539,-0.14088404,0.07169039,-0.13320787,0.1870354,0.10016244,-0.096884675,0.08433599,0.12423851,-0.170224,0.27776954,0.01826665,-0.052110836,-0.06283023,-0.2070012,-0.020940062,-0.13678658,0.018914226,0.090850554,-0.16212687,0.2335004,-0.060710452,0.06150895,-0.11154995,-0.23039284,0.1296724,0.030870205,-0.055723414,0.22865708,0.08688362,0.16106835,0.10093976,-0.026323717,-0.13781136,-0.0020324243
cell_0137,-0.05761818,-0.0982317,-0.033241443,-0.051990148,-0.22032583,0.14287113,0.22214046,0.06523873,0.057808302,0.0874309,0.047483854,0.003353037,-0.020893712,-0.07443602,0.3561801,-0.17177594,-0.0627285,-0.046103753,-0.08876015,0.24000388,-0.055175178,0.043993227,0.09570716,-0.039215695,0.015020592,0.08676658,0.076439925,-0.12666121,0.019593438,0.1809706,-0.20787871,0.06820933,-0.019680135,0.20406173,0.122941025,-0.030268252,0.16679753,0.097335584,-0.17546572,0.23690398,0.050790142,-0.09327763,-0.13335706,-0.17524529,0.013718448,-0.17245665,0.07176674,0.17332609,-0.15422413,0.080642916,-0.065306224,0.081236206,-0.15792252,-0.15723522,0.07041284,0.041467562,-0.10836797,0.061847296,0.07949383,0.14741638,0.1585069,-0.09513791,-0.06758518,0.013650251
cell_0138,-0.06447044,-0.09737529,-0.078760006,-0.09986298,-0.15763138,0.0020021554,0.09168906,0.051476616,0.14319196,-0.02168885,0.08839174,0.04540014,0.0049850037,-0.0015288836,0.19375955,-0.11728178,0.02828377,0.030808888,-0.14943118,0.33455607,-0.020413855,0.07310419,0.10413248,-0.06881499,0.026450023,0.035306953,0.053306334,-0.1046385,0.058395654,0.1588353,-0.25053838,0.029150596,-0.12342266,0.20664033,0.047573898,-0.070278734,0.09187295,0.10220648,-0.1254106,0.20418344,-0.0017249247,-0.15267086,-0.14723846,-0.17578202,-0.0055259457,-0.16620886,0.058741737,0.11283098,-0.031625457,0.11782024,-0.101582624,0.12219974,-0.18557663,-0.101466544,0.11985785,-0.009081951,-0.0011358332,0.27233884,0.2129084,0.17049615,0.091677256,-0.11407094,-0.23663656,-0.01718583
cell_0139,-0.05936369,-0.15976536,-0.06293778,-0.13775373,-0.19000608,0.100882895,0.14769752,0.1392334,0.032860793,0.0014936073,0.06969629,0.11129744,0.017030384,0.047015253,0.2737794,-0.07586352,0.16417572,-0.058289442,-0.12377425,0.33842522,0.027394967,0.057498172,0.07606103,-0.09479957,-0.0039898525,0.057852685,0.04022308,-0.21004583,0.02044041,0.05100874,-0.0671679,0.09016827,-0.020188954,0.26451164,0.10378332,-0.09550682,-0.028857758,-0.0071014347,-0.18435794,0.17346899,0.07136063,-0.12720057,-0.1806016,-0.19839418,0.04494473,-0.17336904,0.075657524,0.19411421,-0.14368656,0.20116611,0.0070293206,0.08681599,-0.12954456,-0.1808553,0.13775353,0.019869331,-0.05541072,0.14463584,0.07057766,0.10087549,0.08610572,-0.051411092,-0.06642706,0.008045335
cell_0140,-0.12954333,-0.08855419,-0.022278165,-0.046986416,-0.21381086,0.07345842,0.12795095,0.03508333,0.14944904,0.07018836,0.030459123,0.052225232,-0.04676724,0.052863933,0.2785455,-0.17341818,-0.04356026,-0.024883946,-0.11804676,0.21885192,0.051719178,-0.032458868,0.073718,-0.06281437,-0.021061996,0.06792631,0.0034524456,-0.08520406,0.056233745,0.12771629,-0.22189185,0.058657467,-0.15014906,0.23534536,0.09779987,-0.051763233,0.1193739,0.12541299,-0.18570481,0.1635028,0.06107868,-0.09053577,-0.1683803,-0.20370966,0.057506073,-0.14340946,0.056598417,0.16002303,-0.07554948,0.121155374,-0.02943109,0.060659487,-0.20023432,-0.07243711,0.09066476,0.02713771,-0.06518685,0.2628734,0.16230674,0.17757127,0.14387038,-0.107133,-0.19422951,-0.047648367
cell_0141,-0.0024815865,-0.09003903,-0.13339268,-0.09643788,-0.16425285,0.06488626,0.06861422,0.14687592,0.1281342,-0.03899796,0.10826957,0.17035393,0.028943567,-0.020793006,0.31495184,-0.1296453,0.10585646,-0.11107793,-0.18136124,0.29239672,-0.05038518,0.021518206,0.03644544,-0.03463508,-0.018871691,-0.021765716,0.044522353,-0.21747491,0.062374443,0.08905523,-0.009452304,0.16327718,-0.061148196,0.20549612,0.1302152,-0.08336934,-0.10880701,0.049654555,-0.20159955,0.1907341,0.05275748,-0.15750478,-0.07452705,-0.2693489,-0.050065365,-0.12512462,0.100281805,0.1814535,-0.14745125,0.14200856,0.034455158,0.06731041,-0.11139441,-0.19520679,0.16454878,-0.054842807,0.06508877,0.13144393,0.06932397,0.059099805,0.06948587,0.001215487,-0.05312754,-0.038740996
cell_0142,0.013089444,-0.08307546,-0.06753662,-0.0321435,-0.23474985,0.05232374,0.0957545,0.13500549,0.10708924,0.043638304,0.012456927,0.03130555,0.036672894,-0.08053858,0.27635723,-0.15293445,0.07222956,-0.033182222,-0.10662964,0.269791,-0.0054200813,0.07960996,0.05260479,-0.057828188,0.007608967,0.01470933,0.119692124,-0.18983267,0.045020316,0.08527401,-0.11279403,0.03531532,-0.11201812,0.21822092,0.093833596,-0.04475774,-0.028645547,0.107248425,-0.2186739,0.2429934,0.10639656,-0.12912048,-0.132295,-0.24431212,0.019442935,-0.20161246,0.06080767,0.19464175,-0.14562914,0.19309193,-0.025436275,0.05432808,-0.14652924,-0.240809,0.059066538,0.038825616,-0.042976025,0.23176417,0.03224084,0.098107606,0.08448632,-0.030051578,-0.06600137,-0.002661592
cell_0143,-0.092246376,-0.1836703,-0.08216143,0.00038811966,-0.22446296,0.07725082,0.07420135,0.097860195,0.08791096,0.019637467,0.06326681,0.03340558,-0.04523701,-0.013330353,0.2650219,-0.08214925,0.047387503,-0.054008774,-0.12616062,0.24968709,-0.043108337,0.049243506,0.076470174,-0.101650625,0.018844435,0.028274428,0.0625988,-0.18947358,0.0066046743,0.067331284,-0.17619266,0.11688521,-0.06285309,0.17893137,0.03868726,-0.048460152,-0.016052425,0.118769996,-0.22152172,0.23202416,0.14527576,-0.14526127,-0.19633897,-0.24026139,-0.034469612,-0.16145961,0.0871711,0.2214253,-0.105368614,0.14219859,-0.07653211,0.11959412,-0.12282066,-0.16274291,0.09468574,-0.01951916,0.015338929,0.16417606,0.016720608,0.19597496,0.11446509,-0.066562325,-0.16309655,0.03361939
cell_0144,-0.082690604,-0.0830899,-0.0326019,-0.046955332,-0.22625816,0.098808706,0.14327739,0.09638649,0.1164513,0.039109766,-0.015954975,0.114719324,-0.0016628881,-0.026643787,0.2639233,-0.18670762,0.06111102,-0.06715428,-0.026397025,0.25990245,-0.09404097,0.0021270094,0.06375012,-0.08582294,-0.039197806,0.06654535,0.03632559,-0.095599644,0.04471594,0.1887268,-0.22829084,0.036612786,-0.11294889,0.19184528,0.08642847,-0.12874079,0.0075314934,0.07568482,-0.19560327,0.19182542,0.048821166,-0.09693648,-0.21076663,-0.17283113,-0.024120484,-0.15866312,0.064684965,0.1976511,-0.091628596,0.111907974,-0.07493687,0.117920294,-0.062346544,-0.14939523,0.16635601,0.044146027,-0.06070212,0.22726803,0.1332039,0.14772025,0.15281746,0.016995532,-0.16367888,-0.055553798
cell_0145,-0.14046277,-0.105793424,-0.099796,-0.12591392,-0.09380122,0.073043466,0.14228143,0.17929542,0.09086173,0.0473693,0.12489756,0.099201985,0.055809528,0.037401646,0.31398162,-0.15487356,0.13621628,-0.06762579,-0.115720704,0.3205251,-0.01414396,0.08765874,-0.00060240796,-0.12679543,0.04302274,-0.010649471,0.0041999887,-0.22143163,0.06368427,0.057802767,-0.13918594,0.13030984,-0.090537965,0.15670095,0.10109199,-0.10366976,-0.014864601,0.02336745,-0.24765608,0.22886181,0.059983406,-0.09495153,-0.11775766,-0.15000892,-0.0704345,-0.082618594,0.07696939,0.10592884,-0.19617033,0.16109768,-0.036164623,0.059111174,-0.12670976,-0.17652924,0.16365832,-0.01020578,-0.065074414,0.12970087,0.08911334,0.06744494,0.1211898,-0.008380378,-0.12415097,-0.050596174
cell_0146,-0.14845406,-0.11332338,-0.039278205,-0.045132186,-0.18826178,0.21134195,0.12797034,0.038349543,0.13736798,0.0989311,-0.02015969,0.062056143,0.028601315,-0.08730731,0.2833978,-0.15053166,0.013634161,-0.058934547,-0.16911647,0.118726455,0.034149975,-0.000684098,0.091576666,-0.055115458,0.09858763,0.018298244,0.19877978,-0.0573736,-0.06171907,0.11697834,-0.28285438,0.0541655,-0.1050946,0.12319049,0.1454582,-0.08957997,0.034630474,0.1753194,-0.21941005,0.25555328,0.10005477,-0.08063597,-0.15399528,-0.16106524,0.06600788,-0.15471862,0.069394335,0.18348259,-0.11919855,0.06159977,-0.026867187,0.039203044,-0.17396046,-0.06495589,0.07070761,0.074875265,-0.09704563,0.18139274,0.028197948,0.09244992,0.21697912,-0.02381826,-0.060690023,-0.07027882
cell_0147,-0.10650126,-0.0643389,-0.04695399,-0.050002515,-0.2419554,0.05861796,0.099564694,0.08607512,0.13111141,-0.013560726,0.09305061,0.027813885,0.02963557,-0.07817325,0.25916776,-0.08496839,0.026586184,-0.03126326,-0.20313403,0.27330106,-0.06727388,0.099036835,0.111313485,-0.06506702,0.1009453,-0.022483997,0.024198217,-0.10646172,0.061669014,0.1842629,-0.20813587,0.026055725,-0.11763789,0.13496351,0.108717255,-0.09348944,0.05891424,0.174265,-0.12160717,0.19273716,0.06866796,-0.1353406,-0.14766216,-0.16075255,-0.00036240695,-0.074284926,0.064242184,0.17213799,-0.13390198,0.07170804,-0.06022538,0.15221244,-0.14409333,-0.04162865,0.16232939,0.085605346,-0.053835336,0.23223566,0.16889861,0.16890794,0.12556659,-0.103134125,-0.21130538,-0.0056410986
cell_0148,-0.057814423,-0.04551972,-0.029566832,-0.09103644,-0.18746595,0.14531848,0.13789348,0.13007437,0.11691595,0.025209995,0.026185408,0.119807534,0.04949935,0.005134215,0.2639825,-0.18659054,0.086929195,-0.052017562,-0.09050754,0.28882012,-0.015849205,0.020848366,0.071551956,-0.042135667,-0.010525143,-0.0112560615,0.095738165,-0.148726,0.04751173,0.13531803,-0.16629772,0.08828045,-0.13303469,0.20342955,0.11190044,-0.083504036,-0.041770436,0.09142224,-0.17922711,0.2000869,0.040377103,-0.07526623,-0.14851716,-0.20426224,0.030466484,-0.13969815,0.068652265,0.1214337,-0.11811984,0.18499775,-0.03925157,0.12462249,-0.17836832,-0.15441495,0.13141438,0.049191345,-0.12567963,0.25176194,0.1397427,0.049990036,0.14634588,-0.069873154,-0.13920876,-0.02483064
cell_0149,-0.09842662,-0.114825524,-0.051428884,-0.07922399,-0.17667167,0.09696356,0.09602575,0.04430024,0.107946485,0.011955023,0.05379386,0.022376645,0.00606345,0.004811053,0.25516742,-0.12155036,0.06588421,0.035518486,-0.15595019,0.38820225,-0.048823178,0.054585792,0.10384172,-0.0877055,0.038437314,0.061300132,-0.013798186,-0.18006995,0.056594282,0.12428154,-0.18526457,0.074614406,-0.059851076,0.17621244,0.04980039,-0.13786161,0.06317911,0.030529378,-0.22867778,0.17183825,0.058837544,-0.10820114,-0.14114045,-0.16679373,-0.059445154,-0.10894441,0.023244467,0.16623351,-0.17820045,0.11395437,-0.08881268,0.17532006,-0.117720865,-0.121280596,0.12754239,0.060187317,0.030639468,0.23053974,0.14515573,0.12685293,0.06186097,-0.13057849,-0.16444638,0.008822752
cell_0150,-0.116704516,-0.1471803,-0.06915424,-0.072920695,-0.13109863,0.12716827,0.12617919,0.08199443,0.26508236,0.04834413,0.04588699,0.0812336,0.09223774,-0.043756656,0.31441084,-0.16694313,0.065156795,0.041179232,-0.15758593,0.24006498,0.002256892,0.018611029,0.10166061,-0.013235039,0.04044051,0.03018046,0.08140173,-0.11991508,0.12580739,0.1317263,-0.16271971,-0.0039118365,-0.09803368,0.15487228,0.13146402,-0.041325018,0.028413711,0.16306749,-0.13858405,0.14820084,0.032424487,-0.10626142,-0.094250664,-0.1865143,-0.0066901348,-0.1700434,0.08718903,0.117635734,-0.16313173,0.14839089,-0.046393547,0.101973526,-0.13439794,-0.0952346,0.16043875,0.03316202,-0.0033568991,0.24520212,0.14997263,0.15835743,0.10552801,-0.096541174,-0.15592897,-0.04969478
cell_0151,-0.09211664,-0.0873935,-0.060675364,-0.10348605,-0.07841573,0.09685959,0.112765424,0.02571367,0.09979341,0.062985234,0.015926164,0.07571732,0.11116835,-0.011214726,0.29896104,-0.17725681,0.10553225,-0.01374945,-0.12681003,0.28311932,0.05892733,0.05125115,0.10246572,-0.03068538,0.04341474,-0.019658014,0.16884466,-0.06062295,0.02645833,0.11681218,-0.17407641,0.014215764,-0.13492803,0.20978847,0.13871486,-0.05489663,0.010212642,0.18408822,-0.17629905,0.24967095,-0.014913068,-0.12485484,-0.13842024,-0.20783006,0.053405702,-0.116272725,0.068267755,0.110526875,-0.098688394,0.12727974,-0.031190002,0.07035144,-0.21691667,-0.19848199,0.12018374,-0.013991298,-0.04576306,0.22832794,0.10615141,0.077500425,0.17613126,-0.023347033,-0.1482171,-0.041149125
cell_0152,-0.14268778,-0.18150742,-0.015008931,-0.07590918,-0.18878073,0.21184118,0.1643118,0.10575584,0.13043714,0.09967331,0.060980517,0.022866191,-0.015694793,-0.060317863,0.23395176,-0.16287091,0.02901042,-0.037640113,-0.09952211,0.26595533,-0.06225025,0.031842466,0.11145767,-0.104506254,0.016886776,0.04012548,0.051258914,-0.14648716,0.010236331,0.08091367,-0.23985302,0.118031606,-0.09239462,0.177092,0.12971847,-0.11940361,0.019653624,0.13624462,-0.1215578,0.2161703,0.07951427,-0.09287042,-0.11716728,-0.21120448,-0.01098087,-0.100199565,0.040599365,0.12876199,-0.12284618,0.16286485,-0.09073415,0.12398827,-0.12430017,-0.111634225,0.10033204,0.05008127,-0.034231946,0.18667825,0.09685994,0.08667016,0.12094478,-0.1048967,-0.22360201,-0.055602197
cell_0153,-0.038517572,-0.08093162,-0.049854867,-0.0013570577,-0.22222519,0.05085479,0.06093309,0.11550469,0.056958195,0.02156708,0.083167635,0.072094746,-0.0647513,0.01492013,0.29681146,-0.08953458,0.08660761,-0.06535763,-0.08980263,0.3624803,-0.05855941,0.10323104,0.025421774,-0.14365034,-0.01249051,-0.0022708338,-0.039543744,-0.2376801,0.08796695,0.17281197,-0.093615554,0.12841551,-0.10464622,0.27092174,0.12531386,-0.09073572,-0.02861119,0.053402606,-0.21607493,0.23817743,0.12847851,-0.027588405,-0.0687796,-0.2083051,-0.059295125,-0.06972813,0.037979152,0.14124782,-0.064706564,0.15545891,-0.03096961,0.037212614,-0.013273913,-0.21076615,0.15866031,-0.0046075196,0.06060173,0.2078308,0.02447604,0.118603095,0.04031926,-0.0030369083,-0.1415935,0.046812233
cell_0154,-0.09200818,-0.11782234,-0.033254407,-0.07892344,-0.19788755,0.10580487,0.12446023,0.061661545,0.1277985,0.011438418,0.015673535,0.03802421,0.060027026,-0.008971122,0.27491722,-0.12036914,0.07254856,0.04667917,-0.08815646,0.34086323,-0.080788694,0.060268953,0.095929265,-0.07515699,0.00404391,-0.007413963,0.07454968,-0.16540237,0.0893636,0.06900259,-0.18361393,0.06847169,-0.062151764,0.19453967,0.08465349,-0.18221536,0.009307444,0.108719975,-0.20194559,0.2222788,0.078402415,-0.13031991,-0.1250282,-0.18491514,0.011114098,-0.096536435,0.01452675,0.18093301,-0.12692441,0.12294686,-0.09038116,0.1631371,-0.11508592,-0.12847333,0.14572512,0.027879365,-0.05899774,0.20734777,0.092981,0.12541561,0.15620892,-0.08597725,-0.16539498,0.030452779
cell_0155,-0.07086383,-0.08373488,-0.06391097,0.016998388,-0.23645613,0.11960362,0.17469682,0.112705484,0.10841401,0.07686064,0.03636374,0.06730719,0.015626242,0.031791843,0.30986485,-0.1583156,-0.053851582,-0.053087726,-0.04250718,0.333488,-0.02471886,0.09525379,0.061041426,-0.040454213,-0.067563206,0.00856615,0.022694053,-0.108703196,-0.018963318,0.17006801,-0.1765111,0.022234375,-0.12060811,0.16600624,0.12947679,-0.019296495,0.04697115,0.15530527,-0.1664113,0.21709889,0.039864317,-0.13033113,-0.12228159,-0.16255866,-0.023437522,-0.1277821,0.05431586,0.14893286,-0.110373,0.12600644,-0.021605037,0.13440101,-0.16609564,-0.1373933,0.097583964,0.038020793,-0.04151527,0.2681374,0.12404901,0.16051166,0.12229299,-0.013873933,-0.12570949,-0.022714546
cell_0156,-0.070535295,-0.077823296,-0.0052992553,-0.0021800627,-0.20772985,0.06665879,0.054393917,0.12457722,0.023392167,0.036431998,0.098977,0.034736834,-0.016108673,0.008147348,0.2225267,-0.10017579,0.03624102,-0.02337489,-0.10281838,0.3047166,-0.008299991,0.091216646,0.07452891,-0.04067758,-0.016063944,-0.020872673,0.07156223,-0.26784068,-0.03036941,0.13328065,-0.09832566,0.07554703,-0.18312107,0.25379717,0.03807415,-0.030908125,0.0075030075,0.01020936,-0.19639573,0.22535793,0.14209582,-0.07903636,-0.11244288,-0.15697539,-0.03955838,-0.10029666,0.06721182,0.16735426,-0.16662244,0.22143614,-0.02083869,0.028926468,-0.13121873,-0.24876751,0.1456139,0.071961135,-0.06880557,0.22749479,0.09999918,0.108068325,0.102062665,-0.108651556,-0.170478,0.0828397
cell_0157,-0.091418475,-0.16013753,0.026692191,0.09230639,-0.17479515,0.13155746,0.07792894,0.10146302,0.034206238,0.14363648,0.053184416,-0.059994165,-0.03164094,-0.045271095,0.37856153,-0.107202165,0.037089676,0.049459103,-0.06924833,0.23027493,-0.059484914,0.11273423,-0.005695259,0.021200063,0.027300343,0.030847294,-0.026847197,-0.1892122,0.07568108,0.12620781,-0.15229401,0.09256162,-0.083159,0.203181,0.08865992,0.041982073,0.050290473,0.16863531,-0.18727173,0.116385184,0.008964114,-0.060593084,-0.13831541,-0.2132589,0.0163714,-0.1492646,-0.012586289,0.094108865,-0.12583597,0.12517446,-0.1128959,0.007195137,-0.1546015,-0.14267357,0.16219121,-0.029269986,0.013966691,0.24304007,0.08581672,0.17343378,-0.012762553,-0.027963266,-0.2928067,0.0030070702
cell_0158,-0.011847534,-0.10680878,-0.09114877,-0.04284729,-0.29020527,0.028933462,0.022982115,0.12532204,0.085182585,-0.024295561,0.06256043,0.04408668,-0.0060081,-0.028032131,0.27384755,-0.081589825,0.14517169,-0.08553663,-0.030525345,0.3302297,-0.02741365,0.024721099,-0.010557411,-0.14534111,-0.05678088,0.052618083,0.09850828,-0.20059127,0.08495072,0.0468701,-0.078268275,0.14664398,-0.046100166,0.17953512,0.15054762,-0.16041283,-0.01973867,0.09936707,-0.30774888,0.14091395,0.16938251,-0.106751524,-0.11707229,-0.24286127,-0.038530897,-0.08174956,0.07902068,0.18367594,-0.08715406,0.1515834,-0.04319583,0.027367549,-0.04958186,-0.097785756,0.17747994,0.05899088,-0.0034516903,0.16481136,0.10316097,0.097451404,0.04297835,-0.032268006,-0.16725011,0.0047835703
cell_0159,0.025275264,-0.12852901,-0.0069872923,-0.05033363,-0.27243626,0.13302507,0.078077465,0.10549748,0.04374868,0.027711336,0.0009599252,-0.004956247,0.0013330193,-0.108109646,0.27899668,-0.1300087,0.11383996,-0.022114007,-0.16314858,0.25843793,-0.09004458,0.07879826,0.07391137,0.014979252,0.08069302,-0.06362709,0.06860133,-0.11004882,0.10885634,0.18865839,-0.18634365,-0.045465443,-0.032384213,0.1229041,0.12054283,-0.014274146,0.06908124,0.19028832,-0.14971039,0.13700669,-0.069659755,-0.044814114,-0.15839961,-0.21461818,0.080469385,-0.225025,0.049656384,0.14504886,-0.02334766,0.0672573,-0.06761058,0.11933701,-0.12991624,-0.112299114,0.114206955,0.031884234,-0.069957346,0.21910472,0.15090117,0.16257907,0.012604258,-0.002824674,-0.28542304,-0.025637517
cell_0160,0.09668871,-0.16642317,-0.18019891,0.02043894,0.0034706278,0.007105849,-0.090269856,0.17649834,-0.084190935,-0.019424126,0.21262392,0.12607653,-0.07001098,0.18192407,0.25683215,0.029916532,0.23895024,-0.22857216,0.09771025,0.25013041,0.039279178,0.07031505,0.032888737,0.0041527306,-0.14783055,0.04592118,0.049424324,-0.19818318,-0.13453002,-0.11403015,0.031285033,0.17593871,0.053604666,0.10947378,-0.013378209,-0.04365923,-0.15162665,-0.12953006,-0.20276147,0.15448435,0.18470599,0.0046991524,-0.07437026,0.018473811,-0.1294039,-0.023208125,0.11925824,-0.038769387,0.00059447007,0.21204571,0.06232743,-0.107359,-0.015476882,-0.22529306,0.1794244,-0.07770509,-0.06334892,0.009051041,0.06366276,0.028523056,0.11645624,0.1152114,-0.015148948,0.13849667
cell_0161,0.10600648,-0.16106002,-0.13328548,-0.013572104,0.025863722,-0.016599417,-0.09948674,0.15280242,-0.044110432,-0.018288434,0.14516401,0.11303416,-0.1364348,0.11631244,0.2618015,0.059562817,0.21222098,-0.19233425,0.041117176,0.2514306,0.05508201,0.10986228,0.04202654,0.015566134,-0.059066493,0.008446108,0.090169266,-0.20533425,-0.1267195,-0.071626745,0.023201818,0.19715336,0.019465521,0.10949325,0.026451832,0.020018965,-0.16084184,-0.040935982,-0.2737459,0.20425227,0.20933127,0.013060251,-0.053002443,-0.15140454,-0.123216055,-0.05634907,0.12422494,0.0070718653,0.031031065,0.23117085,0.0418723,-0.14744876,-0.055189658,-0.25177208,0.148251,-0.037533566,-0.07358964,0.11354994,-0.075364925,0.077121235,0.10833337,0.023708344,0.036043894,0.13905932
cell_0162,0.1545002,-0.16842178,-0.16911119,0.059157252,-0.031095952,-0.044865597,-0.07869818,0.14267847,-0.06711547,-0.07009667,0.1935052,0.08710617,-0.08011619,0.18352284,0.25800928,0.06696605,0.21323727,-0.18080607,0.07841346,0.26618695,0.09794995,0.10859748,0.039305165,-0.028379299,-0.066263795,0.045875635,0.047924954,-0.1964087,-0.14212081,-0.02567396,0.060638655,0.1502893,0.05432817,0.13636597,0.011337476,0.021616114,-0.1337431,-0.0582335,-0.25941718,0.1833406,0.1762755,-0.01902196,-0.011221493,-0.151011,-0.15969847,-0.056192737,0.14575045,0.026741995,0.05231009,0.1935502,0.093658745,-0.10003452,-0.06938587,-0.21720944,0.15124702,-0.077527106,0.0036699823,0.077915914,-0.084137104,0.059154835,0.030048775,0.1412344,0.09368197,0.1080571
cell_0163,0.11591709,-0.13030495,-0.14164184,0.003062061,0.0012018032,0.003464869,-0.06660908,0.058172256,-0.10842336,-0.027450722,0.17101406,0.13974077,-0.07453732,0.22895953,0.18743841,0.09832636,0.1912633,-0.20394841,0.08904725,0.24557817,0.13237807,0.1335644,0.0018220006,-0.011567449,-0.14101759,0.06813944,0.013652777,-0.2356956,-0.19212614,-0.079472646,0.05220629,0.1929212,0.047249276,0.18291435,0.02427738,0.027159669,-0.22142279,-0.07893376,-0.23875591,0.134358,0.20835294,0.0013897305,0.00013008794,-0.1072411,-0.14545017,0.019064251,0.0905139,0.010564435,-0.0062696864,0.17650603,0.09662205,-0.104482986,-0.05894309,-0.26868662,0.12742138,-0.04092267,0.0033678804,0.010933392,-0.045436226,0.037984874,0.050165668,0.117994696,0.040676937,0.11590998
cell_0164,0.03318678,-0.15075956,-0.18985236,0.023133507,0.053203624,0.02735491,-0.102391824,0.16100216,-0.09573143,-0.024864672,0.18816413,0.16580018,-0.10269283,0.16174084,0.21089758,0.03515618,0.21386018,-0.220903,0.05797392,0.15747559,0.1181578,0.14492957,-0.028430613,-0.009817417,-0.05348274,0.05973634,0.0667227,-0.1756213,-0.15976349,-0.12948817,0.009633358,0.19426632,0.07363345,0.12053851,0.016462885,0.0045322683,-0.16402218,-0.08322428,-0.26958132,0.17578396,0.22400373,0.03976466,-0.08011459,-0.016272988,-0.13236496,-0.023802664,0.104403116,-0.07871369,0.050395545,0.18814205,0.07688624,-0.16699274,-0.039082758,-0.20376173,0.15175858,-0.10857,-0.011880096,0.041664064,-0.01831961,-0.03944391,0.10882366,0.16935605,0.043198124,0.13064075
cell_0165,0.14689499,-0.14589567,-0.1688906,-0.010974353,0.082962796,-0.090866126,-0.15978889,0.11743263,-0.07588325,-0.012492654,0.15769261,0.11174901,-0.14341566,0.113130674,0.23262177,0.09593468,0.20458253,-0.14720052,0.07771191,0.23064257,0.10599969,0.12555045,0.04900113,0.005054463,-0.0240368,-0.023725716,0.026009249,-0.20793492,-0.097038895,-0.11424177,0.06505265,0.15880595,0.09644615,0.09655548,-0.01624754,0.0427879,-0.12889741,-0.09168314,-0.24731067,0.17636296,0.18121974,0.019970365,0.03886712,-0.1433931,-0.18772563,-0.014258803,0.15022129,-0.059309408,0.09175312,0.15594797,0.10844054,-0.14922911,0.042404015,-0.20382097,0.20741318,-0.14735019,0.025033886,0.045281444,-0.09550572,0.014872146,0.03645319,0.12882955,0.068576336,0.14348015
cell_0166,0.060213972,-0.11685385,-0.16973619,0.009534746,0.033876993,0.01898319,-0.045870967,0.17268611,-0.107950985,-0.06638098,0.19958213,0.20522042,-0.103778735,0.18095213,0.20861216,0.029874105,0.21599807,-0.21012458,0.089307904,0.23476008,0.081788816,0.10581514,0.009005137,0.050118025,-0.12028195,0.054871336,0.035658427,-0.15945232,-0.13968693,-0.11401888,0.026324693,0.17175192,0.062245633,0.11013941,-0.049816724,-0.09177731,-0.15800741,-0.1363874,-0.23646921,0.19370145,0.16539566,0.034256324,-0.08402528,0.002102711,-0.1865768,-0.03486304,0.10456331,-0.048586965,0.052348692,0.20947541,0.091112725,-0.11470086,-0.024961693,-0.18943892,0.10688909,-0.08592475,-0.041579485,0.036214717,-0.08476636,0.03778267,0.14047247,0.19673386,0.027628975,0.10058526
cell_0167,0.10637071,-0.15853296,-0.18130858,0.026141107,-0.03091912,-0.037626475,-0.05599713,0.14418787,-0.06708982,-0.05313778,0.17480531,0.095699444,-0.08610173,0.14139044,0.21485086,0.08804421,0.14068063,-0.21046256,0.043344043,0.24452919,0.11378099,0.13797069,-0.0184294,-0.033467565,-0.06871447,0.042393964,0.033303447,-0.24330817,-0.14549296,-0.067590944,0.007973458,0.16892709,0.049771983,0.12565748,0.004268141,-0.037965145,-0.10893352,-0.0111395875,-0.23572026,0.14750743,0.23651296,-0.010187786,-0.021674696,-0.13026413,-0.15579844,-0.032738674,0.13018905,-0.021301085,0.0958617,0.2247111,0.14455791,-0.110876635,-0.065074414,-0.25500518,0.19453123,-0.074526995,0.0076672286,0.066977516,-0.07940365,0.059955593,0.05939463,0.16041452,0.040009174,0.1373652
cell_0168,0.15706249,-0.11342623,-0.14565052,0.0032702922,-0.0034023395,-0.056556184,-0.06432326,0.0758902,-0.089100756,0.0017645886,0.16410172,0.13127328,-0.119068295,0.13352948,0.271021,0.009944861,0.24802798,-0.23567891,0.028307727,0.2608418,-0.0070350333,0.09105643,-0.01663162,-0.0009126968,-0.10069162,-0.011235074,0.022778403,-0.22597317,-0.096941866,-0.084754325,0.008103282,0.18526672,0.0259994,0.062882565,-0.0491536,-0.056571547,-0.15709178,-0.09412406,-0.2635128,0.21889368,0.15323688,-0.0445634,-0.10227632,-0.068245284,-0.1517694,-0.009670606,0.0832776,0.02167266,-0.02632263,0.22027941,0.094100304,-0.13719235,-0.04010673,-0.27131775,0.17927802,-0.039081465,-0.076192565,0.00712949,-0.0016869308,0.057990465,0.10113603,0.117948376,0.033899475,0.10287905
cell_0169,0.18126395,-0.13350075,-0.13688965,0.0008829625,0.08536454,-0.025654783,-0.05962263,0.08984579,-0.16836102,-0.015712025,0.17259698,0.120825894,-0.11427865,0.18845949,0.22559303,0.11939292,0.18035829,-0.24283448,0.061240822,0.2152297,0.030667374,0.14764035,-0.008494794,0.029140001,-0.0548966,0.031083254,-0.043821234,-0.16363335,-0.1412436,-0.117019355,0.03383912,0.20679535,0.1084931,0.1056197,-0.07297006,0.058543686,-0.16727822,-0.07133179,-0.30251005,0.12351158,0.13349986,0.033167336,-0.053043876,0.025749577,-0.22069885,-0.021763243,0.12316999,-0.09623289,0.010162937,0.117095746,0.17697676,-0.15608835,0.03457452,-0.18073247,0.16405979,-0.11557386,0.037589394,0.0028731509,-0.014433516,0.029980447,0.06482413,0.15027294,0.0095941,0.09099548
cell_0170,0.14203154,-0.18221678,-0.18701297,0.030077238,0.028647251,-0.08340125,-0.12824914,0.15245661,-0.0915285,-0.027972693,0.21190251,0.1016029,-0.108755454,0.1282557,0.21781406,0.069054164,0.18475078,-0.1533327,0.06202933,0.21234675,0.12396782,0.054464348,0.043509103,0.020627765,0.014171136,0.045124903,0.06727984,-0.21081728,-0.12993196,-0.1410855,0.033090234,0.16174096,0.04908529,0.084085494,-0.009833713,0.076825544,-0.15659605,-0.026064076,-0.26285017,0.16419512,0.23653755,-0.018781086,-0.004533481,-0.088548474,-0.13978826,-0.0022335663,0.16775072,-0.041167136,0.076337256,0.17889635,0.1581406,-0.12304951,-0.007147574,-0.2267482,0.19603644,-0.12861474,0.02112348,0.022789832,-0.050941497,-0.025301721,0.030327698,0.11743873,0.023765163,0.14746779
cell_0171,0.083713405,-0.14036907,-0.17800492,0.02827221,0.07075764,-0.045921676,-0.077181384,0.092445076,-0.15769635,0.03779065,0.20851873,0.07040092,-0.095422536,0.11016032,0.23956324,0.04851811,0.16833891,-0.18213458,0.048170824,0.20512612,0.09530774,0.17324804,0.021462286,0.08349425,-0.023370218,0.027497163,0.03786816,-0.2819245,-0.06436409,-0.11183494,-0.03350227,0.17581874,0.0890538,0.055685803,-0.059117414,0.017987778,-0.20571083,0.0019897185,-0.27659696,0.1529778,0.16747712,0.047938336,-0.07338671,-0.080578,-0.16395131,-0.057668883,0.13170752,-0.09764505,0.15235505,0.12475679,0.06979127,-0.12645662,-0.0015363613,-0.2438826,0.21453618,-0.13523707,0.022644443,0.0051174187,-0.088589735,-0.005273183,0.0629605,0.08812448,0.0648943,0.12627302
cell_0172,0.11184472,-0.12902422,-0.14234416,0.07069269,-0.00044048444,-0.06643731,-0.073850654,0.11835904,-0.09827906,-0.119082995,0.23417401,0.11232156,-0.09909749,0.20163107,0.2190239,0.06913147,0.17227058,-0.21288228,0.06258516,0.2705089,0.109906726,0.1351809,-0.031832125,0.020886555,-0.093369134,0.02936435,0.016688785,-0.16901048,-0.12815933,-0.099582955,0.06975776,0.12971197,0.059807196,0.15561537,-0.03202925,-0.037763815,-0.15920088,-0.07452918,-0.24170685,0.17643327,0.24125999,0.024128538,-0.005810968,-0.0506578,-0.14107609,-0.021975106,0.10595042,-0.05672415,0.09620366,0.1887907,0.09226585,-0.10581466,-0.06533313,-0.2215665,0.11702761,-0.09802751,0.021321127,0.062149014,-0.08714341,-0.007875828,0.017232286,0.19154039,0.032833245,0.13645929
cell_0173,0.14234532,-0.16767052,-0.2007404,-0.021004416,0.03321833,-0.02627001,-0.122449085,0.15064487,-0.041373257,-0.03826862,0.18101594,0.10714327,-0.061893255,0.13569622,0.21936417,0.089091465,0.21744199,-0.14478895,0.0797917,0.25091758,0.14326409,0.14404121,0.0073724417,-0.03677975,-0.0681628,0.052680466,0.05039142,-0.19750002,-0.15422733,-0.09451848,0.058468364,0.14632191,0.08087075,0.14427218,-0.003347213,0.019506373,-0.16136973,-0.0672487,-0.23814216,0.17238125,0.22113144,-0.004040448,0.0012424107,-0.06845837,-0.15889642,-0.004966275,0.12628634,-0.034855194,0.08355437,0.16805431,0.12160609,-0.13678192,-0.016245404,-0.22361033,0.18228531,-0.1311843,0.012400731,0.088628605,-0.05505144,0.012935872,0.026704451,0.14613223,0.06926928,0.10316315
cell_0174,0.15831746,-0.09348536,-0.1507074,0.06299372,-0.00430117,-0.0467087,-0.054333135,0.15890855,-0.08024583,-0.03798234,0.21136501,0.17450342,-0.12686418,0.16124061,0.22436684,0.07681775,0.22308314,-0.18941909,0.0533752,0.29020825,0.057280246,0.10923862,0.011353558,0.0012621662,-0.076774694,0.031217199,-0.00211665,-0.19820121,-0.16119163,-0.09822839,0.07394607,0.18719053,0.05177428,0.12729192,0.006248217,-0.008588632,-0.16599199,-0.05712706,-0.22379276,0.1883686,0.1897668,-0.049118385,-0.033383187,-0.10657402,-0.1533125,-0.01924257,0.118221425,-0.038840353,0.016499918,0.25191665,0.10535218,-0.081793025,-0.033360265,-0.22214918,0.15108986,-0.0726981,-0.001595189,0.030754773,-0.028670507,-0.009425968,0.0704051,0.095597126,0.010826603,0.12491291
cell_0175,0.1271388,-0.19286366,-0.17483439,0.029836359,-0.0015749261,-0.01854282,-0.094192326,0.21496399,-0.018894183,-0.05194732,0.11455439,0.16201746,-0.052717615,0.18112433,0.1891723,0.07419728,0.20419733,-0.18315181,0.020621052,0.2503185,0.08811164,0.13798423,0.06729644,0.007987821,-0.03178337,0.018059498,0.03928571,-0.15676875,-0.19598956,-0.08418626,0.005859777,0.17705595,0.055074126,0.138685,0.008087856,-0.017229255,-0.13590257,-0.079158515,-0.2098038,0.19233358,0.19249827,-0.029274583,0.012985734,-0.123345815,-0.118931346,-0.0043275002,0.12658307,-0.0038337947,0.07243968,0.1652219,0.14392014,-0.10412159,-0.049551032,-0.27487442,0.16701843,-0.10434991,-0.039086904,0.101363316,-0.09182613,0.07546012,0.1016509,0.11345544,0.0421196,0.15071572
cell_0176,0.09795896,-0.15464048,-0.17256807,-0.002826373,-0.04919423,-0.062690735,-0.12707932,0.13380748,-0.07232451,0.010438897,0.18312731,0.15033746,-0.14874515,0.13033102,0.24026844,0.066450655,0.16903202,-0.21513523,0.04571726,0.27793428,0.07022021,0.07274545,-0.028932048,0.0011043838,-0.11537549,0.052160643,0.017709201,-0.21233588,-0.119972214,-0.03876664,-0.022506041,0.15964998,0.03835563,0.19483382,-0.010831573,-0.04679637,-0.18420768,-0.04773388,-0.22443295,0.23300128,0.21423651,-0.000531158,-0.092153236,-0.058185156,-0.14543448,-0.016254477,0.10990994,-0.0048167696,0.061175644,0.17266093,0.067556866,-0.1024975,0.03035455,-0.23808314,0.16277339,-0.10325345,0.0018244969,0.018163325,-0.064315386,0.080487974,0.073138766,0.14832354,0.014697327,0.09585147
cell_0177,0.13702771,-0.14489605,-0.1701011,-0.04134445,0.047276106,0.004565613,-0.10674879,0.12007795,-0.0092507135,0.031003578,0.18028802,0.13306658,-0.08068691,0.106992975,0.24403705,0.08977547,0.1504617,-0.1685833,0.11625622,0.26951844,0.07263638,0.06831375,0.046283886,0.012662168,-0.102340244,0.05171287,0.083130285,-0.18766946,-0.2056925,-0.094127126,0.022476817,0.14878567,0.08192932,0.17346865,-0.05252101,-0.03754686,-0.17102088,-0.129233,-0.15245788,0.22050045,0.21357091,-0.04163151,-0.020966427,-0.0024190173,-0.14510745,0.05681325,0.14897826,0.006946679,0.076256,0.18001468,0.15980802,-0.13283437,-0.03174386,-0.2401169,0.15770017,-0.08152758,-0.0554567,0.020477477,-0.02002281,0.06335021,0.12363645,0.11740676,0.032797873,0.15295203
cell_0178,0.11394214,-0.11569591,-0.11432133,0.044208355,-0.0025682868,0.0057159946,-0.064818315,0.11049414,-0.06536853,-0.024258517,0.22560015,0.118353024,-0.102906495,0.18124078,0.22238195,0.0021777793,0.25100932,-0.1929891,0.10097427,0.26386857,0.09090693,0.10628114,-0.02460437,0.05148745,-0.14039512,0.06498991,0.06677487,-0.14756498,-0.19102585,-0.11266686,-0.00015338957,0.21216989,0.029512675,0.15567315,-0.07565475,-0.06120255,-0.16539107,-0.133654,-0.22389874,0.24216126,0.14227313,0.010176311,-0.085115045,0.021714214,-0.12755091,-0.0439066,0.1002286,-0.01511655,-0.0074135056,0.2159816,0.07105354,-0.102246694,-0.050781578,-0.2267507,0.12035618,-0.066842206,-0.074311435,0.023250345,-0.01676495,0.00055221864,0.17739484,0.079935655,0.016944975,0.08658741
cell_0179,0.02009524,-0.07829124,-0.10252181,-0.030740999,0.015532707,0.068879075,-0.04912449,0.14682783,-0.089574836,-0.07477788,0.1584734,0.19438323,-0.15366952,0.15413581,0.22161345,0.008480681,0.15306632,-0.24877897,0.038436346,0.22918686,0.0747399,0.07903709,0.014005667,-0.025697328,-0.07739015,0.06558751,0.06562528,-0.1848474,-0.14654908,-0.092794865,-0.07219514,0.21202815,0.09236763,0.10544553,-0.035669032,-0.12295319,-0.15860799,-0.12996008,-0.24914934,0.19458877,0.22682443,0.0042408593,-0.14218591,-0.074191175,-0.13613892,-0.034368694,0.14564437,0.028949196,0.037433106,0.25855213,0.049422618,-0.06348258,-0.04943585,-0.18632832,0.080174804,-0.035750307,-0.0912147,0.1233355,-0.024620919,0.06177242,0.16717708,0.12769036,0.05218256,0.08629036
cell_0180,0.05197522,-0.15773763,-0.1828557,0.05907645,0.010908177,-0.024593133,-0.105776876,0.17166218,-0.11698825,-0.04033457,0.19917166,0.14349002,-0.08926254,0.14812487,0.20157164,0.10200304,0.21033879,-0.17015862,0.05892266,0.26668432,0.10612241,0.08415041,0.016004784,0.041263483,-0.07427155,0.040829025,0.07074938,-0.19187182,-0.06330236,-0.13682503,0.0063892454,0.1593778,0.04489695,0.14662413,-0.028290592,-0.046706907,-0.16417243,-0.101464964,-0.23904538,0.16556215,0.22215807,0.035963546,0.0031475597,-0.12187056,-0.11524122,-0.077411585,0.124764584,-0.033404738,0.097136594,0.17246582,0.096758716,-0.12114459,0.032311376,-0.2630724,0.17226687,-0.0634385,-0.05777506,0.05893023,-0.04614771,0.033334393,0.0061375927,0.1889705,0.0057056895,0.09780486
cell_0181,0.08588105,-0.12599264,-0.15188536,0.010312055,0.024107354,-0.01088225,-0.0813431,0.15137851,-0.13697456,-0.0740501,0.24567592,0.19005215,-0.083128914,0.17636533,0.2357286,0.04568033,0.26427585,-0.21331358,0.107055,0.2204325,0.058403894,0.1262238,-0.012178723,0.020916972,-0.09070199,0.06711204,0.0515968,-0.19487095,-0.07772883,-0.050127752,0.016263438,0.17824437,0.0016601933,0.14563581,0.0004172603,-0.038235147,-0.16487889,-0.13807772,-0.21238162,0.15872516,0.23384754,-0.009888542,-0.029609006,-0.03879722,-0.17392087,-0.028879149,0.12414664,-0.03400837,0.023828806,0.19408636,0.07386344,-0.09353976,-0.021702256,-0.21788536,0.11958104,-0.06934938,-0.059981234,0.017543383,-0.034871146,0.011065489,0.11372691,0.15638079,0.017820189,0.10573944
cell_0182,0.18225437,-0.15145557,-0.17682186,0.03349776,-0.005686468,-0.00971945,-0.07250799,0.17078522,-0.048163943,-0.08431729,0.1750257,0.13716178,-0.08196344,0.18793863,0.26816306,0.05759469,0.21846104,-0.18154529,0.10887346,0.23594907,0.045144532,0.10372993,0.027843155,-0.011279198,-0.06372246,0.05015491,-0.0035491826,-0.16914615,-0.13454325,-0.032275517,0.1028797,0.18585293,0.08443427,0.13711819,-0.00044100283,0.011408282,-0.14450145,-0.05119246,-0.24727976,0.16128546,0.16885416,-0.017708134,-0.017574757,-0.08664515,-0.19878536,-0.010740272,0.15732744,-0.016083024,0.02255905,0.14926545,0.12065854,-0.09062509,-0.008198126,-0.21787475,0.13930087,-0.15821324,0.03644573,0.04565615,-0.051367387,0.04816137,0.06377092,0.15175134,0.09076264,0.14191486
cell_0183,0.15852262,-0.14061476,-0.18439192,0.057138782,-0.030998936,-0.014338789,-0.1282185,0.13988055,-0.036950648,-0.03704694,0.21264946,0.1668554,-0.085645474,0.13040374,0.24568616,0.05513206,0.20603074,-0.161146,0.011665273,0.27235675,0.07884269,0.07413846,0.023469009,-0.020835087,-0.09054903,0.034948647,0.048700396,-0.22089107,-0.12021038,-0.11157287,0.03770636,0.1661871,-0.01608745,0.18216701,-0.029874178,-0.0076289717,-0.23004994,-0.120078854,-0.22222431,0.18203142,0.18428601,-0.009705729,-0.066208735,-0.087876745,-0.16064735,-0.03222435,0.11755444,-0.017005922,0.0022098317,0.2058534,0.05856558,-0.093389325,-0.012822459,-0.24423552,0.12545273,-0.0707105,-0.038551744,0.008403241,-0.015214522,0.013983618,0.07884236,0.11930283,-0.042603817,0.12025913
cell_0184,0.1536262,-0.12898791,-0.1499057,0.0144633595,-0.05087563,-0.05703756,-0.041088134,0.1663975,-0.10042476,0.012712741,0.23588276,0.16425599,-0.13177201,0.18917194,0.28235894,0.0372935,0.25711006,-0.20435262,0.024835529,0.24904723,0.07341948,0.03764664,-0.05301035,-0.008658026,-0.10389255,0.05526903,0.0058249687,-0.20780985,-0.07954735,-0.082441606,0.11374679,0.19897367,0.02532147,0.114882514,0.017113376,-0.05521578,-0.09348569,-0.105651155,-0.20381476,0.1912608,0.1433972,-0.032368295,-0.02875765,-0.08575416,-0.13856223,-0.01711255,0.09953556,-0.057350837,0.035856873,0.23044586,0.06889164,-0.074210785,-0.01806795,-0.2270723,0.16349944,-0.09934473,-0.031715292,0.07026291,-0.034122307,-0.0035622485,0.03291232,0.14670442,-0.044743054,0.09624192
cell_0185,0.083907016,-0.15700005,-0.2180462,0.026298447,0.006358983,-0.01208273,-0.028028356,0.18050273,-0.067164496,0.024019133,0.14061499,0.16514574,-0.11245937,0.13418718,0.23780014,0.053242788,0.21008544,-0.17510423,0.029362155,0.23105578,0.12528227,0.14275606,-0.009029334,-0.08551121,-0.0595097,0.017778799,0.03373085,-0.24541302,-0.10382706,-0.06772981,0.0009491721,0.22153173,0.05705619,0.13644795,0.035493262,-0.037672434,-0.10561727,-0.02430157,-0.23090826,0.20572378,0.19243649,0.001834722,-0.06416358,-0.091427796,-0.12551631,-0.04969436,0.10297584,-0.028576422,0.08499522,0.18918906,0.08292881,-0.06510443,0.0056716055,-0.24985853,0.21519645,-0.13208443,0.0038034825,0.07523157,-0.02452952,0.052989352,0.078598544,0.13033763,-0.017703593,0.13476437
cell_0186,0.17410699,-0.17726256,-0.16196005,-0.00029963473,-0.025928713,-0.04875471,-0.09562736,0.11929948,-0.031184362,-0.07310111,0.13307303,0.14676413,-0.10739622,0.13456185,0.22956719,0.06701699,0.17376754,-0.22484614,0.12404076,0.23177098,0.1087905,0.093684375,0.021714224,-0.009978455,-0.10192573,0.03574529,0.03305813,-0.15595333,-0.20894916,-0.09579079,0.08895588,0.12343004,0.08940739,0.18054014,-0.023587933,-0.01718904,-0.17618766,-0.11471725,-0.21740153,0.16378996,0.19209504,0.0018481553,-0.025853172,-0.069482096,-0.171763,0.019972315,0.11254595,-0.05600744,0.06519165,0.18742983,0.17346999,-0.086105086,-0.041782606,-0.20686707,0.0850644,-0.13215868,-0.027502524,0.05980839,-0.06883438,0.037896294,0.08026897,0.16650188,0.09720006,0.14498323
cell_0187,0.16971447,-0.14345844,-0.17014961,0.049140096,0.0048945076,-0.016409935,-0.1272278,0.114277184,-0.015407117,0.012700801,0.19825642,0.14771643,-0.09017867,0.061790805,0.22865857,0.048380602,0.14349398,-0.13356277,0.030834055,0.26440716,0.085116066,0.18308611,0.01895265,0.030644089,-0.052384555,0.019682247,0.10718264,-0.17345022,-0.17317496,-0.114677854,0.012840186,0.14244848,0.079860546,0.141966,-0.01753729,0.007686462,-0.22528285,-0.07826904,-0.1957581,0.25120145,0.21428679,0.0033084569,-0.019418756,-0.12160594,-0.15049133,0.0051975017,0.13140944,-0.07677172,0.08593035,0.16709623,0.12498682,-0.13092493,-0.09700668,-0.22956455,0.17074616,-0.109837994,-0.035582166,0.07015277,-0.037951637,0.019853681,0.05652235,0.07606818,0.041030303,0.14049482
cell_0188,0.08946384,-0.100056075,-0.14490505,0.04998769,0.02053914,0.018563818,-0.089821585,0.14955235,-0.030295786,-0.07309333,0.22252582,0.121414006,-0.052504852,0.1253737,0.28060532,0.014570803,0.22935863,-0.19014296,0.07866054,0.24037784,0.10062123,0.07705307,0.00019298542,0.0211395,-0.028308291,0.07979654,0.048458677,-0.22163033,-0.096630126,-0.08300606,0.020777203,0.1912486,-0.00036307302,0.17064257,-0.036017038,-0.05407926,-0.16598982,-0.08248869,-0.3185812,0.18411893,0.21921,-0.014909635,-0.062465582,-0.09366104,-0.088445485,-0.024661465,0.14604968,-0.051670115,0.02317106,0.22253385,0.07953985,-0.13347825,-0.09741208,-0.20390421,0.12372343,-0.040822536,-0.046671513,0.03374969,-0.013067368,0.025908086,0.11677181,0.08936568,0.082131475,0.083618276
cell_0189,0.14053111,-0.14378102,-0.21372937,0.0048039053,0.015794542,-0.088558555,-0.16299617,0.15086369,-0.007079153,-0.07670222,0.09947976,0.12230787,-0.10076479,0.10418817,0.2496753,0.040078312,0.20614311,-0.16354463,0.050546773,0.25740936,0.07366531,0.08023715,-0.013375725,-0.04454749,-0.041026372,-0.008374331,0.11468236,-0.22098704,-0.0556587,-0.035518207,-0.05922711,0.09833187,0.026837405,0.13509823,0.0020715836,0.03370488,-0.13373697,-0.06460545,-0.2988626,0.22951946,0.19859529,-0.08035993,-0.052603986,-0.16316628,-0.12043989,-0.07090813,0.12001682,0.09521557,0.0332157,0.16775353,0.05606815,-0.13069624,-0.06182994,-0.23017642,0.18089795,-0.08704722,-0.042801376,0.1112199,-0.033510253,0.06025644,0.1443907,0.08078461,0.04957771,0.0976063
cell_0190,0.061285324,-0.14930637,-0.19256933,-0.008786789,0.036136206,-0.046574302,-0.079274856,0.1566252,-0.11429182,-0.06242329,0.19271852,0.124027394,-0.11876683,0.1366974,0.2103997,0.051874258,0.20430732,-0.1891143,0.10010734,0.2203253,0.17238194,0.107368946,-0.006195608,0.014797981,-0.06970328,0.10070816,0.071136706,-0.20707574,-0.13682215,-0.12411774,0.04862818,0.19343969,0.091537505,0.1000091,0.016563075,-0.022172283,-0.14473648,-0.0900447,-0.2535111,0.14878906,0.18004459,0.042938173,-0.015038904,-0.0788601,-0.15955663,-0.034973986,0.11956287,-0.07089412,0.11110678,0.20265868,0.0949483,-0.10699545,-0.00848293,-0.20058684,0.14517911,-0.13891837,-0.006952407,0.052990805,-0.08870693,-0.0034483061,0.05230879,0.15805067,0.04902436,0.14869633
cell_0191,0.119300924,-0.17207052,-0.13303702,0.019067436,0.002933334,-0.01951687,-0.043174103,0.16245371,-0.115675844,-0.069248274,0.1931341,0.15355721,-0.12581803,0.18315963,0.20919469,0.10710378,0.20785153,-0.18952173,0.06114223,0.27337942,0.09350297,0.11679733,0.04129639,-0.0025281669,-0.062144414,0.029271923,0.009538798,-0.174746,-0.15440793,-0.056538917,0.035956748,0.15143742,0.057627372,0.14870995,0.0074350014,-0.026569284,-0.11254146,-0.13469476,-0.23316322,0.17284533,0.18336414,-0.043442413,-0.008755274,-0.11202881,-0.16932009,0.011186479,0.16073024,-0.061357833,0.0838327,0.17352888,0.16547361,-0.05972871,-0.044104002,-0.20748729,0.1264927,-0.100324236,0.02656158,0.08293838,-0.09019814,0.019960098,0.06163641,0.18829128,0.03042639,0.11940817
cell_0192,0.15029357,-0.10775493,-0.1025821,0.0060641775,0.008123537,-0.05644333,-0.11206968,0.13290754,-0.09521258,-0.07864867,0.24222735,0.15907976,-0.11934645,0.14175357,0.2046515,0.049717665,0.2000741,-0.15804037,0.026676957,0.27561492,0.09966615,0.085636124,-0.009403686,0.0068272376,-0.04858661,0.052610032,0.0150045585,-0.17871661,-0.12978469,-0.10116555,0.08535825,0.16313109,0.055985477,0.098986134,0.0037886086,-0.015876802,-0.17032327,-0.09666354,-0.23894791,0.19926958,0.2093009,-0.019363824,0.033624966,-0.10446949,-0.20158257,0.004854893,0.13665494,-0.049307562,0.07230495,0.21113229,0.1602997,-0.12842378,-0.031739257,-0.19119392,0.16430828,-0.1193131,-0.00014598352,0.041215528,-0.044660065,-0.015393372,0.020036427,0.14874916,0.043827355,0.14481851
cell_0193,0.105154306,-0.15788215,-0.09813572,0.029230922,0.034245167,0.019893503,-0.05761883,0.118444994,-0.010846717,0.026381494,0.15659651,0.112887174,-0.11784351,0.13495058,0.2389238,0.041157436,0.21568237,-0.20400187,0.034373615,0.30706516,0.03460575,0.13118754,-0.04985965,0.036715347,-0.118223645,-0.018187407,-0.002040155,-0.16076788,-0.18890609,-0.13539727,0.037702292,0.14942406,0.0760728,0.13413471,-0.098012276,-0.04235537,-0.105032586,-0.07253959,-0.23607136,0.22039255,0.051422723,-0.016938414,-0.07070426,0.008047553,-0.17321803,-0.032915134,0.102156006,-0.13229299,0.050685264,0.22097531,0.19754913,-0.12394382,-0.051869784,-0.23747353,0.1313359,-0.122199774,-0.10614965,0.07535763,0.018599961,0.058235355,0.12085226,0.13115105,-0.06947204,0.068688266
cell_0194,0.11908244,-0.14507079,-0.10237375,0.072316945,-0.013122802,-0.05104982,-0.091699585,0.13572858,-0.08500272,-0.04074163,0.17338751,0.15429349,-0.15422867,0.1473061,0.2064873,0.100238524,0.22117272,-0.16979952,0.08779154,0.22714034,0.06307114,0.10576861,-0.004082285,0.032296985,-0.082479075,0.032847494,0.06344541,-0.18979844,-0.1627093,-0.09400394,0.08663556,0.1647694,0.0633659,0.14808391,0.028536852,0.060067825,-0.16820693,-0.04021261,-0.21819249,0.15990469,0.19045053,0.022223486,0.03021681,-0.075482525,-0.15432185,0.012933218,0.0917613,-0.08513271,0.05245632,0.22844613,0.21221419,-0.10558892,-0.02705222,-0.22267286,0.23037887,-0.121043555,-0.018844875,0.08534674,-0.02528517,0.02362891,0.05455392,0.07146886,0.008761296,0.15721333
cell_0195,0.095111884,-0.095142916,-0.1629255,0.021041553,0.06557314,-0.027234942,-0.15696841,0.055475365,-0.08547889,-0.11267138,0.21900232,0.18281662,-0.06550053,0.11986468,0.24159986,0.049338438,0.19312568,-0.23082973,0.07594056,0.22379701,0.0188821,0.06329203,-0.029561833,0.104242265,-0.124664426,0.065687224,0.15111202,-0.16002038,-0.09395408,-0.2045546,-0.04516929,0.15693963,0.038146418,0.107488364,-0.092847615,-0.076295875,-0.19114837,-0.14879237,-0.2465426,0.16216828,0.23481174,0.053604037,-0.052802496,-0.019760832,-0.13712595,-0.033140898,0.17927152,-0.025512617,0.013999351,0.19294778,0.060440935,-0.10782134,-0.077021316,-0.16651265,0.1406745,-0.031449262,-0.054038547,-0.00040122087,-0.026942523,-0.029496305,0.12136436,0.13270147,0.025149254,0.037663277
cell_0196,0.106190264,-0.17693739,-0.11371313,0.02133096,-0.007345511,0.006061009,-0.12511632,0.14349896,-0.06770819,-0.028498527,0.18589026,0.05545408,-0.1218892,0.18357776,0.2439209,0.09234499,0.23565924,-0.17852533,0.05713604,0.26342383,0.08625605,0.11496577,0.036911197,-0.003757663,-0.058430716,0.04288649,0.0624683,-0.19766614,-0.14333016,-0.03553476,0.014530296,0.16824448,0.042028382,0.10771072,0.010858162,-0.008295407,-0.101794966,-0.09684683,-0.25016177,0.21267918,0.25256297,0.013064629,0.0015288088,-0.11311362,-0.120839246,-0.056099858,0.14181162,0.03180341,0.07438553,0.16602564,0.12249578,-0.13065739,-0.020639086,-0.2448739,0.10042922,-0.08497069,-0.040024083,0.116884276,-0.07734115,0.0584904,0.04386518,0.15000042,0.07106431,0.11700101
cell_0197,0.16991773,-0.07221074,-0.09352596,0.027559875,0.00036380178,-0.05556037,-0.08881847,0.12433942,-0.12907837,-0.11510025,0.17432262,0.17947869,-0.12514287,0.15994264,0.21605982,0.077840514,0.18655017,-0.26097944,0.0878653,0.25162512,0.0072549316,0.10701732,-0.02825435,-0.0022249187,-0.11526515,0.012766454,-0.0145533625,-0.18745185,-0.17013247,-0.12596947,0.07896419,0.2094298,0.04166641,0.122039154,-0.025182704,-0.052419025,-0.14983754,-0.1274719,-0.21231398,0.13119884,0.22128032,-0.046261095,-0.003127964,-0.059643704,-0.15438087,0.00993637,0.09358437,-0.017470984,0.0027705017,0.22028139,0.13336809,-0.14264761,-0.038297076,-0.20554315,0.14012861,-0.022898111,-0.038675137,0.007774636,-0.026170531,-0.026234651,0.1049378,0.1520228,-0.017126082,0.1302146
cell_0198,0.111223154,-0.10111168,-0.11236844,-0.017003847,0.030669253,-0.014865004,-0.06488759,0.19846845,-0.023586031,-0.10473833,0.23703326,0.11162584,-0.100800075,0.20968798,0.27675992,0.050180335,0.2129958,-0.21741197,0.032131184,0.29734072,-0.011336767,0.02411751,0.03611871,0.024531716,-0.0958175,-0.004982442,0.018821133,-0.14636391,-0.06851032,-0.116100274,0.0341335,0.20645644,-0.012705352,0.15198193,-0.022798907,-0.09266569,-0.09113911,-0.11540597,-0.24671936,0.22870967,0.18144612,-0.07511586,-0.007784091,-0.07481484,-0.09724112,-0.03341733,0.14950727,0.029422853,0.015237576,0.19176207,0.06723759,-0.14420258,-0.07933328,-0.20309186,0.117891826,-0.034493018,-0.05247376,0.06359047,-0.013377739,0.076169245,0.15973352,0.11131993,0.037498333,0.080309056
cell_0199,0.16150151,-0.117108196,-0.14197235,-0.003846062,-0.021073004,-0.02732579,-0.083212,0.16758098,0.047841437,-0.02206296,0.13241924,0.17456535,-0.12513311,0.1367057,0.2918321,0.023117226,0.21418229,-0.169872,0.11859961,0.22921914,0.09025649,0.099306494,-0.03883105,-0.000517962,-0.0603299,0.07298387,0.024660453,-0.18075964,-0.17220728,-0.044762246,0.008271262,0.17643972,0.019264633,0.16855574,0.018795703,-0.016075268,-0.1918363,-0.056712896,-0.19174977,0.2240077,0.21078318,-0.023628188,-0.02946159,-0.07690689,-0.104288794,0.013769001,0.13259743,0.001134563,0.040450364,0.20289803,0.09582759,-0.12127779,-0.022700075,-0.23164189,0.13629219,-0.11227254,-0.056801494,0.08691677,-0.0629139,0.05158917,0.16278632,0.14208926,0.034112703,0.11384996
cell_0200,0.17023551,-0.17232494,-0.17331171,0.0052713337,0.015002144,-0.036436953,-0.1564965,0.16192856,-0.022244904,0.009704712,0.1442782,0.113863,-0.13530481,0.12505694,0.28414246,0.082953796,0.20935145,-0.162391,0.036908124,0.22577733,0.06856944,0.070421845,0.06253556,0.010849717,-0.052519534,0.007702416,0.06349443,-0.19960384,-0.14080599,-0.081364386,0.020975212,0.1772574,0.015899198,0.12984031,-0.038188007,0.04500933,-0.15067802,-0.11860172,-0.24298108,0.18181378,0.21708402,-0.03042269,-0.0071284203,-0.10682531,-0.14898066,-0.033021286,0.14927986,0.017674519,0.07532867,0.1723216,0.106815286,-0.15806016,-0.016393779,-0.23441397,0.1282481,-0.11228862,-0.020459076,0.08139043,-0.016575482,0.040544312,0.108768836,0.11384904,0.028575841,0.12795053
cell_0201,0.12802252,-0.08799911,-0.12756777,-0.047057506,-0.041068617,-0.036266975,-0.08858554,0.14193903,-0.013849477,-0.14144586,0.16740921,0.15781026,-0.1205875,0.16405033,0.21763444,0.030756101,0.20264697,-0.19466797,0.069450475,0.28647593,0.021764094,0.026794037,0.016083071,-0.016768016,-0.09966764,0.037808213,0.010748416,-0.19569518,-0.15163516,-0.078040555,-0.009551598,0.22840607,0.013523698,0.16920036,-0.0441194,-0.13041995,-0.12732938,-0.1153203,-0.22709654,0.174276,0.22972848,-0.107969336,-0.038228855,-0.09972804,-0.096376486,0.010821623,0.11908408,0.06322073,-0.026294542,0.22695743,0.09968596,-0.12412568,-0.067743614,-0.18233742,0.12025994,-0.009987153,-0.019023841,0.014281216,-0.0020924588,0.072625406,0.18998271,0.07517511,0.027247451,0.1544743
cell_0202,0.102091506,-0.11144372,-0.18006362,-0.014381758,0.014801014,-0.01907834,-0.0562937,0.16253406,-0.045512166,-0.050776575,0.18935914,0.16751976,-0.07011373,0.1712363,0.26997378,0.003016892,0.2650646,-0.18364416,0.06552727,0.27164125,0.096616104,0.064630054,-0.0055932486,-0.051063225,-0.061420366,0.05600425,0.035825923,-0.20313202,-0.12405317,-0.049044695,0.04431293,0.18320425,-0.034859274,0.1495894,0.01819439,-0.023401625,-0.13721286,-0.061000343,-0.26223746,0.1868809,0.20343558,-0.025140427,-0.054269668,-0.08796757,-0.11337215,-0.056927294,0.09830308,0.013677542,-0.031135602,0.24700178,0.09128171,-0.12112836,-0.061506763,-0.23889454,0.13485886,-0.053630073,-0.039855406,0.081143245,-0.03658308,0.06076416,0.093359925,0.1085511,0.031534996,0.08188808
cell_0203,0.07163674,-0.1272743,-0.19942525,0.010136365,0.00855333,-0.04943043,-0.1087518,0.1521152,-0.07965949,-0.105004795,0.23157232,0.1495879,-0.091359116,0.1615379,0.14985721,0.04563151,0.19761448,-0.19357716,0.03779018,0.22449556,0.13030572,0.12521413,-0.02156822,0.024703287,-0.091277055,0.041310053,0.047814462,-0.20726188,-0.118626125,-0.16693556,0.05511791,0.17200072,0.09502215,0.11227412,-0.022334352,-0.032522995,-0.17733544,-0.10396136,-0.24856523,0.14112195,0.21033569,0.0058052824,0.027773906,-0.06869509,-0.1321376,-0.034306064,0.13119192,-0.053886987,0.063089125,0.18395546,0.108203925,-0.17280135,0.008396528,-0.20354816,0.1991842,-0.08336084,0.013028207,0.023840863,-0.03684226,-0.0113679515,0.024821848,0.16110453,0.0816275,0.1356284
cell_0204,0.12626314,-0.069790795,-0.15711465,0.043290604,0.072641745,0.025491767,-0.06792014,0.1438836,-0.06873863,-0.077716045,0.25636882,0.12830223,-0.08552946,0.14042227,0.24815328,-0.005188394,0.20876375,-0.16558968,0.09713862,0.2306873,0.10707947,0.07321777,-0.031931236,0.05805512,-0.106765375,0.057591014,0.035525933,-0.17319764,-0.09016997,-0.11542053,-0.011409782,0.1948715,0.052794926,0.11296994,-0.06880383,-0.036675468,-0.21707663,-0.07357038,-0.29254463,0.18133979,0.17472033,-0.004982434,-0.0652547,-0.014102418,-0.13656145,-0.04513574,0.09838438,-0.059772532,0.044739213,0.25014412,0.10311851,-0.1211524,0.00056421454,-0.21986254,0.18342419,-0.09419524,-0.01866096,0.0010310439,0.027242716,0.0347277,0.14162487,0.077815495,0.042106714,0.08298445
cell_0205,0.15507744,-0.11777739,-0.1764112,0.07971396,0.006748555,-0.050159324,-0.08575302,0.14010094,-0.06196131,-0.025415156,0.17624165,0.13918787,-0.07949447,0.206701,0.23393662,0.07785139,0.21646802,-0.18114397,0.08402491,0.21740155,0.107088074,0.10839624,-0.0025307394,-0.005955349,-0.114306346,0.03544012,0.04624607,-0.204067,-0.15539214,-0.071904846,0.062753126,0.16317432,0.066241734,0.15074535,0.009121646,0.039316118,-0.13834491,-0.06637277,-0.20125969,0.18242094,0.19105285,-0.030247059,-0.011709065,-0.12873684,-0.13127182,-0.031864762,0.112651445,-0.023375843,0.067956805,0.19053562,0.09062564,-0.08978384,-0.06660991,-0.25343794,0.22901458,-0.07734403,-0.002752392,0.04901135,0.01098874,-0.014126143,0.110029414,0.12652484,0.041136835,0.16297227
cell_0206,0.14177462,-0.11288162,-0.1314091,0.017420601,-0.02152463,-0.025310213,-0.1262058,0.15858418,-0.031324297,-0.09588586,0.25547484,0.1393745,-0.101295695,0.13895905,0.20563363,0.046351217,0.16071793,-0.18807769,0.03922793,0.26424247,0.0720906,0.0671697,0.002894809,0.00521847,-0.08621683,0.062430494,0.049258016,-0.17203353,-0.17745873,-0.12975073,0.028551087,0.17277619,0.07162315,0.15971111,-0.052876484,-0.121652044,-0.2082637,-0.14357358,-0.2152964,0.17665525,0.22681789,-0.059069317,-0.035008173,-0.0777686,-0.15264498,-0.002281865,0.0907351,-0.025784818,0.045751743,0.21217097,0.096166015,-0.11321275,-0.05883455,-0.2089731,0.12812111,-0.09462362,-0.0436315,0.0010466723,-0.015518999,0.010591714,0.14497349,0.09785122,0.0016948226,0.123111345
cell_0207,0.14741404,-0.1916952,-0.14368725,0.019693574,0.014789137,-0.034761515,-0.075695865,0.18815239,-0.103485055,-0.044165913,0.21112019,0.097851366,-0.15533417,0.17063497,0.22567731,0.06608561,0.17400841,-0.22127454,0.03911167,0.25416946,0.05995538,0.091012575,-0.0074009923,0.011740452,-0.055309247,0.046994947,-0.0042428304,-0.19630153,-0.15907867,-0.096414156,0.09374314,0.18800941,0.063991636,0.056223057,-0.036620084,-0.026124047,-0.1258492,-0.061793823,-0.28064448,0.15502997,0.21039712,0.011755125,0.012911384,-0.0646612,-0.18997514,-0.021426843,0.115972005,-0.029733485,0.070335425,0.1997012,0.083772,-0.12548101,-0.01882092,-0.1952598,0.11009415,-0.106282316,-0.01755687,0.07160966,-0.09028968,0.023087217,0.052893545,0.14490741,0.060535755,0.141924
cell_0208,0.103590526,-0.14835176,-0.18174982,-0.032155998,0.046772044,-0.04833939,-0.07185909,0.20257825,-0.0838944,-0.057937436,0.23115888,0.090366945,-0.11628087,0.14602421,0.27870065,0.018518293,0.23147587,-0.22046064,0.023583783,0.23448858,0.0317014,0.06894771,-0.002063243,0.019026063,-0.01805456,0.036665197,0.0056004426,-0.24691258,-0.10068694,-0.06910574,0.045905218,0.22621089,0.039328735,0.050824553,-0.014036933,-0.026401712,-0.23595758,0.003001838,-0.29270047,0.16590571,0.19876511,-0.028329965,-0.1161675,-0.021402093,-0.11318414,-0.014235982,0.13638629,0.01821221,-0.022097949,0.14928244,0.05689841,-0.08413643,0.0038099652,-0.2124247,0.12335967,-0.12920901,0.0039937166,-0.007305237,-0.057789102,0.017728306,0.060465373,0.11870154,0.07931204,0.06988318
cell_0209,0.094433695,-0.071345024,-0.11197065,0.053136807,0.050201546,-0.070863105,-0.10584587,0.09048366,-0.078363135,-0.08975406,0.1692264,0.1435691,-0.14965166,0.18641888,0.21758491,0.042425536,0.19129631,-0.23371285,0.10843949,0.26011673,0.071496844,0.06562176,-0.07027923,0.090825245,-0.11766895,0.07052908,-0.004246795,-0.1572155,-0.09365371,-0.09514951,0.015138628,0.17982577,0.080768965,0.1699715,-0.091144174,-0.057354633,-0.10724508,-0.09568635,-0.27681133,0.17984354,0.24205439,-0.00093560875,0.03246818,-0.10441786,-0.120545454,-0.06593231,0.13311099,-0.02170561,0.0430632,0.23904712,0.06247316,-0.15410973,-0.06942634,-0.1907826,0.12119994,-0.06709933,0.030468663,0.026699333,-0.04652803,-0.0014676412,0.09965733,0.13639571,0.05005702,0.14356528
cell_0210,0.104610056,-0.17256847,-0.14666891,0.027709976,-0.009943872,-0.015663277,-0.04110337,0.20284294,-0.10279071,-0.035805795,0.20740044,0.13733216,-0.14553975,0.12753873,0.21932343,0.09128526,0.18209922,-0.17174894,0.06345957,0.28492126,0.04946581,0.14063756,0.041253887,0.040797286,-0.053377226,0.05969209,0.011768498,-0.2119063,-0.13449305,-0.06138713,0.030567946,0.14807726,0.08464505,0.05417721,0.029294416,-0.04219363,-0.12025968,-0.05853342,-0.2088607,0.24096003,0.20185117,-0.02247476,-0.032370545,-0.09669005,-0.14931335,-0.06478963,0.110433914,-2.578965e-05,0.11125206,0.20299882,0.10928902,-0.07924057,-0.02302945,-0.22661477,0.12384933,-0.10068954,-0.022629293,0.078537665,-0.10013785,0.053852927,0.042908672,0.20250705,0.094776094,0.11543397
cell_0211,0.121012904,-0.11095156,-0.14353225,-0.012917308,0.04256402,-0.0066623767,-0.109438136,0.14487539,-0.022449112,-0.032014158,0.13448648,0.16307199,-0.11341879,0.14481567,0.24949718,0.034165796,0.21704909,-0.1936018,0.08485698,0.21711636,0.108133644,0.13264935,-0.0406288,-0.04421922,-0.058048937,0.047942247,0.05758817,-0.19911772,-0.12062515,-0.063911855,0.006016669,0.17475055,0.07109146,0.13328393,-0.014191528,0.019616911,-0.1697834,-0.08033057,-0.24780859,0.20061533,0.22439264,0.008142736,-0.033554696,-0.073942624,-0.1419956,-0.022326672,0.11669842,-0.04511142,0.031497136,0.21754536,0.08298971,-0.11741307,-0.01128065,-0.24956436,0.18536952,-0.12769453,-0.054569863,0.106672965,-0.035456773,0.0018481209,0.12478309,0.15873638,0.030749189,0.10612097
cell_0212,0.18466078,-0.1393783,-0.16095746,0.025122833,-0.03913947,-0.060692586,-0.085618146,0.16290918,-0.0065323035,-0.10006144,0.22401078,0.07075903,-0.035339117,0.14944091,0.2378587,0.030627405,0.18373044,-0.08221585,0.05829306,0.2745763,0.113826975,0.1437318,0.0038954758,0.007661888,-0.019815406,0.06532228,0.07548828,-0.21686918,-0.14360005,-0.060596123,0.027827471,0.21108548,0.06676651,0.17223883,-0.046248045,0.0015265846,-0.21004264,-0.04598446,-0.21965563,0.19099805,0.18484536,-0.05886183,-0.028954312,-0.07595983,-0.12492158,0.029192943,0.14092937,-0.030241031,0.062342796,0.15114667,0.10600992,-0.08889675,-0.077812865,-0.23627065,0.18996017,-0.13906272,0.0035967224,0.048838455,-0.018459786,0.013782239,0.09110241,0.039451968,-0.023575455,0.17112854
cell_0213,0.1134609,-0.14201033,-0.18996538,-0.0059056226,0.020247756,-0.07679511,-0.07087994,0.1424182,-0.073909625,-0.06531871,0.19636497,0.16295557,-0.10685184,0.15608095,0.24474037,0.051394373,0.19826637,-0.22650445,0.08365363,0.22825395,0.07249257,0.077707075,-0.046183262,0.02841112,-0.12014645,0.03900267,0.06651172,-0.1608339,-0.17015055,-0.14072932,0.0517465,0.17710271,0.07846807,0.16465215,-0.033097096,-0.035037387,-0.15035176,-0.07119316,-0.22363105,0.18389322,0.18098517,-0.03195021,-0.05385469,-0.05686121,-0.13710359,-0.05134249,0.15107033,-0.07078838,0.03274132,0.21930994,0.111978896,-0.12600052,-0.07153294,-0.15791935,0.16513658,-0.09050226,0.019612297,0.0013589917,-0.018623859,0.012742953,0.107080035,0.12474629,0.09266665,0.13111417
cell_0214,0.061148144,-0.1229288,-0.19515003,-0.0012815761,-0.012388112,0.029169625,-0.116212934,0.13396606,-0.038290687,-0.08210965,0.20628364,0.18719772,-0.07888355,0.20598294,0.2509122,0.06539475,0.20007496,-0.19162658,0.10359543,0.24018659,0.06725234,0.049497083,-0.0053021596,0.028852072,-0.10539191,0.07198437,0.12873171,-0.1795751,-0.09567879,-0.103188224,0.01993543,0.20732677,0.08279673,0.16156611,-0.0151140625,-0.06856552,-0.14595535,-0.12552802,-0.21680617,0.16229863,0.22355027,-0.029895725,-0.048746347,-0.05813896,-0.10231543,-0.016458714,0.14695895,-0.028490378,0.022687733,0.1825148,0.053512894,-0.10745972,-0.054238215,-0.18171094,0.17104544,-0.0979231,-0.03474002,0.020434864,0.04439977,0.04061381,0.14809796,0.13969229,0.025641747,0.13841845
cell_0215,0.100378335,-0.13695651,-0.08133803,0.045438826,0.021724662,-0.020778313,-0.118046805,0.12925388,-0.064102136,-0.073379725,0.24954005,0.05475009,-0.16943751,0.21753944,0.26080927,0.047338367,0.21145637,-0.25211856,0.047119826,0.2586345,0.04645028,0.07655484,-0.0225407,0.051993053,-0.055828426,0.020367142,0.023617344,-0.1782501,-0.1237464,-0.08268621,0.059048776,0.13270804,0.021237623,0.15450343,-0.029858608,-0.047106415,-0.16670507,-0.12189334,-0.24706736,0.223709,0.19991194,0.025932029,-0.066809595,-0.081529774,-0.104520895,-0.034344707,0.1126712,-0.061339766,0.00079682266,0.1916775,0.05310056,-0.112658925,-0.07625137,-0.24385706,0.051802948,-0.07295206,-0.0504936,0.025487216,-0.059881285,0.04601111,0.095766805,0.13428134,0.0853879,0.1083574
cell_0216,0.18816857,-0.093940824,0.0067966096,0.10406083,-0.014419382,-0.077613845,-0.15153053,0.03840133,-0.017954571,-0.06180442,0.22315796,-0.00043790083,-0.19061811,0.16171858,0.259062,0.09722868,0.18782105,-0.20058319,0.042296838,0.33694467,0.08971868,0.07238568,-0.024516536,0.05527198,-0.09436423,0.027558222,0.015496585,-0.17720364,-0.12953342,-0.11342664,0.029384997,0.16620359,0.041545704,0.15827559,-0.019518726,-0.020413078,-0.1248361,-0.06060368,-0.2600205,0.22473195,0.18882932,-0.003137555,0.03341679,-0.1625318,-0.15883234,-0.037440173,0.15522058,-0.051873613,0.04876377,0.18547928,0.05837608,-0.10827534,-0.05605558,-0.194343,0.13351187,-0.06320121,-0.049397152,0.038141664,-0.06899143,0.01924166,0.04512204,0.048605025,0.015035656,0.064516366
cell_0217,0.10479289,-0.14669287,-0.1340178,-0.03889948,0.007106052,-0.025246363,-0.07778547,0.15591429,-0.08655156,-0.0514809,0.23239908,0.09735934,-0.119196706,0.19766027,0.2728587,0.10814103,0.21221463,-0.21549669,0.094259605,0.27966022,0.05423144,0.09821466,-0.0047669476,0.01928519,-0.049604405,0.035950202,0.007803557,-0.21712114,-0.10048192,-0.0864966,0.06221336,0.19527726,0.08005953,0.0784116,-0.0284484,-0.054087985,-0.10969005,-0.10991668,-0.22220361,0.21178244,0.19328871,-0.053822454,-0.0144866565,-0.07592541,-0.19908404,-0.036168385,0.12702139,-0.010887633,0.068070725,0.12185232,0.062351137,-0.08643477,-0.00086468545,-0.20753834,0.12233583,-0.085523225,-0.021930372,0.06554578,-0.070903905,0.06617476,0.124185465,0.1711687,0.039558012,0.0843445
cell_0218,0.14469299,-0.13206245,-0.016900338,0.037017845,-0.023626028,0.02498285,-0.0794154,0.14996909,-0.06857171,-0.015268711,0.17755131,0.0978099,-0.108997464,0.22695182,0.25827008,0.040878773,0.17902398,-0.2434018,0.04489539,0.3037411,0.009330477,0.046389464,0.036729556,0.046451896,-0.11948146,0.03398593,0.029753556,-0.13876094,-0.13757057,-0.06825237,0.042124018,0.15409666,0.01955559,0.1773667,-0.10004704,-0.10322205,-0.0900678,-0.16873401,-0.20438609,0.19761488,0.17133772,-0.032551732,-0.08651911,-0.0861561,-0.101739325,0.021912262,0.120791994,0.04448541,-0.006765735,0.28112525,0.0952752,-0.08419319,-0.066664524,-0.24151695,0.04974608,-0.0068293097,-0.11120832,0.12331725,-0.020162178,0.071705155,0.15181772,0.106451645,0.011420622,0.073470205
cell_0219,0.13808435,-0.11934737,-0.15367195,-0.00026675162,0.029052425,-0.058355235,-0.11443528,0.17590511,-0.06689233,-0.08201864,0.2347595,0.13499208,-0.08341681,0.13217144,0.24567074,0.020501094,0.211978,-0.1443041,0.088814,0.24581805,0.08019318,0.102403566,-0.04553085,-0.010531885,-0.0912187,0.04129731,0.041321617,-0.20519863,-0.12269292,-0.087511405,0.07637878,0.17686431,0.04085343,0.13448288,0.030255197,0.021536808,-0.12904593,-0.0676634,-0.21648046,0.19806609,0.20251109,-0.06342962,0.030447196,-0.0916558,-0.14318427,-0.019568715,0.11146779,-0.03746015,0.095539086,0.22661045,0.088621005,-0.13059762,-0.08818423,-0.23696275,0.1992805,-0.09607594,-0.0124586,0.05808086,-0.016016936,0.024365403,0.07312824,0.13766815,-0.0008969201,0.11718615
cell_0220,0.15292822,-0.12725753,-0.18207912,-0.01809477,0.009573377,-0.07103838,-0.08993603,0.14982776,-0.04288308,-0.060884103,0.25339717,0.09091124,-0.055549953,0.11674155,0.2462098,0.01675924,0.15908241,-0.18315487,0.01833083,0.26913744,0.06003522,0.10035403,0.025939366,-0.0136189265,-0.08213846,0.06658673,0.04203483,-0.18756965,-0.18454373,-0.11820646,0.04761549,0.22493555,0.041769695,0.15197428,-0.0654998,-0.041601017,-0.17961758,-0.11308126,-0.13762608,0.19029878,0.20770764,-0.096488185,-0.016768806,-0.0057492834,-0.13528499,0.022142623,0.12993394,-0.0049006566,0.043182015,0.20685339,0.13851029,-0.10489889,-0.03576027,-0.27849615,0.17266797,-0.104475625,0.0036434652,0.0014559191,-0.022533704,-0.017780412,0.07611884,0.06036033,0.04088497,0.120656274
cell_0221,0.09149725,-0.15937878,-0.19120905,-0.0069776103,0.0021495414,-0.04503195,-0.09015941,0.17945613,-0.059703156,-0.008776661,0.17629609,0.11438957,-0.14620326,0.12527826,0.24765958,0.06737841,0.19059183,-0.14072098,0.043140803,0.2526133,0.08331667,0.08487841,0.05081541,-0.04887924,-0.030733274,0.026638502,0.033983696,-0.22930501,-0.17575721,-0.08126281,0.047408495,0.21927129,0.055749983,0.15245531,0.07463968,0.011303152,-0.15148667,-0.017008595,-0.2671065,0.20886143,0.20322193,-0.031238807,-0.059202038,-0.14470954,-0.12822823,-0.049641874,0.08296661,0.021343103,0.05005948,0.17463394,0.1001006,-0.077737704,-0.03300985,-0.23574315,0.15644048,-0.11027578,-0.015019061,0.09568788,-0.03845008,0.1012574,0.087783515,0.08417934,0.02233165,0.10186561
cell_0222,0.12913369,-0.13897227,-0.1620401,-0.040522166,0.05561218,-0.05968976,-0.13313912,0.087969504,-0.097370066,-0.008256533,0.20378184,0.07419643,-0.120075434,0.08262394,0.31385055,0.08307762,0.13563907,-0.22497587,0.045465,0.20152283,0.009824016,0.07094493,0.006205951,0.016849913,-0.057993285,-0.023687843,0.08544428,-0.20589964,-0.13819425,-0.15621464,0.04785972,0.14968117,0.06035,0.09425898,-0.047585156,0.04707522,-0.21056385,-0.033362918,-0.25217536,0.15727563,0.23618275,0.01162415,-0.06390768,-0.01297687,-0.15845345,-0.031024938,0.121997885,-0.061420023,0.073071755,0.18047059,0.15761644,-0.17773691,0.0015376185,-0.23222597,0.13587663,-0.10878328,-0.019637631,-0.023276033,-0.0068200636,-0.013805273,0.09563804,0.1318192,0.09293378,0.10596236
cell_0223,0.095177524,-0.14239314,-0.14310703,-0.029619943,0.010306999,-0.024863841,-0.11695245,0.13841896,-0.062222753,-0.02015078,0.23265478,0.13763218,-0.04485026,0.19747125,0.27592808,0.03603022,0.22971389,-0.17419219,0.078426935,0.27787536,0.0929681,0.059217665,0.0130904,0.027643502,-0.11884019,0.086564116,0.07789045,-0.19887827,-0.14421457,-0.1102216,0.057157483,0.18247268,0.0550917,0.15333824,-0.011298922,-0.025508838,-0.14901218,-0.09450968,-0.20018585,0.17512079,0.18303268,-0.03477798,-0.045528404,-0.05825535,-0.1267455,-0.016389102,0.11112299,-0.02626165,0.03100666,0.20077398,0.08426085,-0.08688187,-0.09155825,-0.22114824,0.20156705,-0.08167386,-0.052873354,0.028662166,0.026202813,-0.01536378,0.1073742,0.07425964,-0.017206844,0.15002534
cell_0224,0.12260065,-0.09594287,-0.10801866,0.03547566,-0.0104041435,-0.009732946,-0.19284353,0.04888452,-0.07099474,-0.051342502,0.19412343,0.14686395,-0.035679452,0.108256586,0.22564271,0.023900937,0.14842622,-0.23854561,0.15329973,0.2122655,0.047809366,0.09434532,-0.01551861,0.104322515,-0.107390165,0.07106572,0.008052562,-0.1544942,-0.12793736,-0.17156349,-0.045588803,0.14057063,0.089072324,0.13788429,-0.14088161,-0.05722265,-0.23011553,-0.17234702,-0.2658253,0.13290597,0.22781062,0.019348469,-0.03797674,0.039076827,-0.16400574,0.0124177765,0.1437461,-0.060971044,0.04439581,0.15243661,0.14057331,-0.14985298,0.03322035,-0.18591976,0.10529912,-0.033136714,-0.04542434,-0.007842631,-0.07990154,-0.048476454,0.13643344,0.16339077,0.08659667,0.083753355
cell_0225,0.13390595,-0.13181028,-0.1657058,0.018619807,0.019550638,-0.0068887845,-0.07142401,0.13397025,-0.081670575,-0.010923572,0.24811262,0.14034644,-0.11583458,0.15650012,0.17458366,0.096777506,0.1694434,-0.25084105,0.058438342,0.25938696,0.09405402,0.10425431,0.0073747444,-0.0074181072,-0.08248016,0.019484924,0.03365046,-0.17037334,-0.15103784,-0.11903915,0.023750596,0.18374337,0.036772266,0.11182703,0.013748529,-0.055349328,-0.22831485,-0.064409815,-0.21862736,0.1845647,0.20556492,0.018538289,-0.027449423,-0.0036549598,-0.18315764,0.018639179,0.09058905,-0.061073933,0.05931864,0.18843473,0.161242,-0.06725045,0.055027112,-0.23343584,0.18635005,-0.1376972,-0.03536866,0.004320714,-0.013738913,0.019471277,0.07834079,0.11879345,0.008928358,0.097147115
cell_0226,0.14844845,-0.15281837,-0.16290833,0.004127418,-0.0136783235,-0.02793989,-0.08442593,0.12316379,-0.0017437586,-0.102114715,0.15820754,0.14375082,-0.06995984,0.1449684,0.28319225,0.024148244,0.167534,-0.16823927,0.110810004,0.2668558,0.11667729,0.055385318,0.044155285,0.047472317,-0.1319546,0.07060972,0.111871935,-0.1747453,-0.11407247,-0.10060406,0.046868533,0.13959648,0.04311821,0.18122636,-0.058883786,-0.07726473,-0.0983966,-0.13629588,-0.20764923,0.23247407,0.1854918,-0.0447067,-0.0020783306,-0.14873724,-0.08393498,-0.05041913,0.17011365,-0.00898792,0.054147083,0.18826364,0.0476075,-0.14195453,-0.0836967,-0.19059864,0.103266425,-0.030189877,-0.049394418,0.057848327,-0.0040020095,0.08217729,0.13900845,0.12708874,0.106093414,0.17109163
cell_0227,0.16863464,-0.123105146,-0.12354759,-0.0066074883,0.00031444925,-0.06176251,-0.04185808,0.13469349,-0.09418332,-0.065159455,0.21791884,0.1530144,-0.12225782,0.15422134,0.19264397,0.08160462,0.18802437,-0.18832085,0.06564319,0.25936362,0.09334292,0.06502236,-0.03666016,0.0127179455,-0.058669426,0.065351054,0.028169366,-0.18009558,-0.17198443,-0.11314907,0.09420475,0.17465207,0.06847489,0.13800697,0.009926436,0.03340493,-0.1851058,-0.04482807,-0.22051251,0.15940005,0.19242623,-0.041687656,0.013604503,-0.109566875,-0.16409926,0.0065207924,0.14480057,-0.050158616,0.03984219,0.21865506,0.1823548,-0.10499005,-0.038202338,-0.22063328,0.20033202,-0.11434192,0.03571862,0.03104954,-0.06651219,-0.019187728,0.0309302,0.10747696,0.03565162,0.12973157
cell_0228,0.120795034,-0.1108667,-0.16387747,0.05636245,0.014486587,-0.075615555,-0.0649955,0.1581085,-0.083730154,-0.115573354,0.18899025,0.11931373,-0.08832992,0.1603444,0.19688746,0.11979537,0.19907174,-0.17901061,0.049243797,0.26712504,0.108344905,0.18529825,-0.014892978,0.0015316616,-0.07297604,0.03308611,0.015586766,-0.16291669,-0.12658423,-0.09706562,0.047516637,0.15228927,0.09615247,0.1305974,0.009345662,0.02368861,-0.14994127,-0.08209862,-0.2248644,0.13427877,0.18944655,-0.034702558,0.05862457,-0.123334974,-0.16416432,-0.017998429,0.13480291,-0.066412866,0.070244044,0.20463017,0.121743724,-0.11076201,-0.04015488,-0.24557705,0.20780993,-0.12126959,0.010677749,0.05753114,-0.070188016,-0.008151131,0.038743142,0.12212522,-0.021424025,0.16051602
cell_0229,0.20225157,-0.10082297,-0.116072685,0.01489892,-0.01702957,-0.08875774,-0.062499717,0.075875185,-0.07204638,-0.025896603,0.14133371,0.17882301,-0.15902703,0.1281383,0.25878355,0.05168194,0.2025935,-0.24472858,0.045098357,0.29432067,0.035753198,0.07089277,-0.024313074,-0.02394457,-0.09910977,0.035242893,0.011730569,-0.14745921,-0.14790455,-0.13502234,0.061113197,0.20099747,0.033265192,0.13119589,-0.031619236,-0.056381825,-0.178074,-0.09789872,-0.2025538,0.1865221,0.17362446,-0.02402554,-0.03193503,-0.082727745,-0.18704094,0.007942619,0.092437774,-0.044681422,-0.0014479948,0.24386725,0.14716049,-0.11124949,-0.010176224,-0.21895075,0.1604982,-0.07942806,-0.032040406,0.0503387,-0.01360594,-0.012051269,0.09261568,0.099142,-0.01998766,0.11784712
cell_0230,0.15102348,-0.08009034,-0.14009507,0.043626364,0.030166905,-0.060007505,-0.07500816,0.11081585,-0.11147725,-0.09113978,0.14607333,0.20204957,-0.14769949,0.1858541,0.18750516,0.087189056,0.19551282,-0.20252563,0.12465531,0.20840055,0.10230589,0.13349105,-0.023866864,0.00021236275,-0.108256884,0.0199006,0.027049737,-0.19223972,-0.13222177,-0.07078924,0.06206965,0.18267265,0.060895514,0.17626731,0.008987652,-0.002197533,-0.19675702,-0.09332049,-0.1976744,0.16760641,0.16903715,-0.01756361,-0.061866242,-0.092209,-0.16512041,0.047568128,0.07653494,-0.0480571,0.040310454,0.21045032,0.099031605,-0.09512779,-0.04014244,-0.22695251,0.20391232,-0.06821743,-0.04914282,0.03789088,0.00017080268,0.0062657837,0.14376383,0.1489415,0.015380322,0.1696171
cell_0231,0.1858893,-0.17157567,-0.1686837,0.062643096,0.0066755097,-0.034231823,-0.1061696,0.16469942,-0.060736105,-0.00926224,0.19623081,0.11348966,-0.10250726,0.10865068,0.24444883,0.04120064,0.19912933,-0.15164275,0.03998412,0.2906496,0.06527504,0.10503458,0.017811146,-0.0041115587,-0.070035376,0.015484721,0.015452493,-0.19357325,-0.13784827,-0.093591586,0.07358665,0.15251797,0.050310213,0.11327016,-0.015463462,-0.016409842,-0.13222171,-0.05946351,-0.21209852,0.21534663,0.2062166,0.0067524277,0.016327234,-0.07527007,-0.15921737,-0.014167694,0.11243412,-0.010991671,0.0959493,0.17301746,0.15211776,-0.09248869,-0.021056233,-0.25827783,0.18449502,-0.14686531,-0.014641241,0.06946533,-0.047200724,0.054991603,0.036882244,0.10993089,0.012695829,0.16996482
cell_0232,0.09085941,-0.18691334,-0.15182962,0.053758547,-0.011038104,-0.022253113,-0.08011001,0.18341209,-0.05324362,-0.062435642,0.16254377,0.118516184,-0.086166255,0.15312871,0.27096295,0.07820371,0.17403705,-0.14059536,0.033469204,0.2926478,0.055203486,0.13303964,0.015462754,-0.039614722,-0.052412044,-0.015216469,0.020082977,-0.2439331,-0.06144692,0.02752968,0.0018001632,0.15111542,0.015791701,0.13383296,0.06978937,-0.036011163,-0.07648641,-0.040649515,-0.23572999,0.20823647,0.2197376,-0.038341194,0.030841406,-0.18073273,-0.11992392,-0.09840781,0.10465805,0.03619898,0.085071035,0.19921982,0.023727816,-0.058836132,-0.056738503,-0.26066405,0.1749235,-0.0834124,0.00474584,0.11416973,-0.03984806,0.09526099,0.08139075,0.14147231,0.025786458,0.14762597
cell_0233,0.08651711,-0.13666123,-0.22822379,-0.025882564,0.053834863,0.013254105,-0.03666784,0.18314104,-0.087991446,-0.062150665,0.19511686,0.19976723,-0.085236095,0.14412344,0.1723596,0.046435915,0.20930272,-0.18694171,0.06898678,0.22257999,0.12348064,0.16974035,-0.014237102,0.009455857,-0.06683898,0.024103506,0.07139344,-0.18810758,-0.095412344,-0.13925892,0.04999041,0.16035193,0.11276579,0.09155251,0.025445046,-0.023311958,-0.1883521,-0.10912042,-0.26007888,0.16190298,0.18359368,0.0061439313,-0.03267977,-0.053636648,-0.17289746,-0.03476269,0.15306017,-0.08898678,0.037905835,0.17372929,0.07251847,-0.090435,0.004569285,-0.19667508,0.18499692,-0.12767325,-0.013382879,0.052044187,-0.0581362,-0.019758552,0.07918796,0.16243662,0.037535768,0.1237951
cell_0234,0.17573245,-0.11668768,-0.09429127,-0.008353249,-0.009455198,-0.00878199,-0.053029116,0.17184064,-0.06858177,-0.06481194,0.16556367,0.16113596,-0.15373503,0.17080837,0.22388451,0.052230142,0.26870716,-0.23439606,0.11212526,0.29767832,0.03431885,0.07900037,-0.027401784,0.011943759,-0.1207877,0.016311245,0.016993312,-0.14724652,-0.2181249,-0.1091547,0.067369826,0.20056304,0.052386668,0.13190646,0.0053239716,-0.008222805,-0.1536794,-0.0566229,-0.19766918,0.19179085,0.15190566,-0.027707603,-0.046204895,-0.024208756,-0.11813031,0.0029319439,0.1067125,-0.033054527,0.008359603,0.2286511,0.15263438,-0.042095356,-0.015605209,-0.20151843,0.122177854,-0.10427424,-0.05481389,0.1084238,-0.04039218,0.024865553,0.08830998,0.11941678,-0.018946864,0.09453175
cell_0235,0.15269113,-0.16207416,-0.17905328,0.09133369,-0.043640945,-0.038639486,-0.0987819,0.07701467,-0.06857582,-0.07179108,0.17117468,0.07385588,-0.07395287,0.12575607,0.19321486,0.060338765,0.14975736,-0.14464878,0.013124177,0.22360449,0.12476297,0.1641397,-0.0072076097,0.049881324,-0.07464546,0.047422808,0.09410081,-0.21985827,-0.12490111,-0.1193735,0.0038975924,0.13604209,0.08709849,0.15445523,-0.04156245,-0.0057471404,-0.21372697,-0.077837005,-0.2420865,0.18653782,0.24429728,0.013068438,0.0005750474,-0.09870872,-0.117255695,-0.013106471,0.14520201,-0.06336781,0.09016576,0.111529686,0.083328255,-0.1120155,-0.03276723,-0.2531018,0.22162119,-0.10203628,0.03750887,0.025100427,-0.050803587,-0.002164705,0.049821682,0.11887737,0.05863208,0.23611501
cell_0236,0.0959084,-0.15337643,-0.16584162,0.049769565,0.012162716,-0.02826137,-0.09262176,0.19138534,-0.065269545,-0.07845155,0.22003831,0.13269015,-0.057106197,0.13297608,0.23283808,0.05843417,0.21118505,-0.1605248,0.042857893,0.26295477,0.09430154,0.12298332,0.036653616,-0.012101743,-0.042208362,0.037582327,0.016262563,-0.21208991,-0.121905185,-0.07822202,0.04606775,0.13778703,0.044161316,0.13556851,0.04323466,-0.027718525,-0.11633597,-0.06756116,-0.2296199,0.18262452,0.2228186,-0.06007001,0.0309193,-0.1366667,-0.1314372,-0.019875335,0.15660842,-0.035724856,0.09263237,0.20756009,0.1280522,-0.057115722,-0.069493674,-0.25671723,0.18752895,-0.09721261,-0.008898191,0.089014485,-0.055038758,0.037158508,0.077291474,0.11570435,0.027290782,0.12669417
cell_0237,0.1673276,-0.12618823,-0.19857764,0.056065712,0.035550196,-0.06263091,-0.06718175,0.12964855,-0.12541205,-0.03578568,0.17556912,0.16501573,-0.07620976,0.15824567,0.19464181,0.11650133,0.17546377,-0.19159728,0.11937226,0.2113338,0.12590364,0.15389438,0.005722784,-0.014343103,-0.04627421,0.056806337,0.022667512,-0.21744321,-0.18771516,-0.0642083,0.06854276,0.12339389,0.043000665,0.14952974,0.004768907,0.043179948,-0.22437087,-0.05141313,-0.23385586,0.13636757,0.19843039,-0.012402273,-0.035078045,-0.06284374,-0.18620159,0.019454038,0.094657406,-0.041474987,0.0636086,0.15332808,0.1329139,-0.08575194,-0.02037092,-0.2252671,0.20508051,-0.0748372,-0.008898962,0.015398096,-0.029394547,-0.039736945,0.050349765,0.14747569,0.058506306,0.1622584
cell_0238,0.19911377,-0.15465896,-0.20222925,0.02369169,-0.014218496,-0.04743948,-0.080960594,0.12693295,-0.08797168,-0.07540836,0.20576881,0.0958152,-0.113435425,0.14528412,0.25790718,0.05659467,0.22685093,-0.14070852,0.05739968,0.30310303,0.049927495,0.11185371,0.03747609,-0.012062524,-0.0726743,0.043016337,0.017502984,-0.21106228,-0.12102105,-0.07267044,0.05538411,0.16505268,0.06136406,0.12242904,-0.012771167,0.012033832,-0.12197054,-0.04698088,-0.2806981,0.20156783,0.15418842,-0.0223385,-0.041308355,-0.12356987,-0.16279891,-0.02874128,0.15320179,-0.033922482,0.031195085,0.17148496,0.10542008,-0.0808789,-0.033631414,-0.1882326,0.17249167,-0.10735485,0.026833324,0.03496996,-0.06779114,0.010187569,0.023984581,0.09686103,0.05069612,0.14899646
cell_0239,0.15959658,-0.14307342,-0.17461608,0.0049724965,0.030817326,-0.045457467,-0.08354623,0.15623625,-0.13045548,0.01934391,0.21791203,0.1273119,-0.11944597,0.16071482,0.2331945,0.06754026,0.21899214,-0.229256,0.056377,0.2639861,0.04015181,0.11373349,-0.03126039,0.031946443,-0.077287845,0.022493249,-0.022922236,-0.17779778,-0.12792596,-0.100412436,0.031444702,0.16584592,0.051131327,0.09501832,-0.029935148,-0.030225622,-0.20552295,-0.06252436,-0.22558066,0.17368448,0.17357849,-0.018018743,-0.051778425,-0.07428562,-0.20639752,-0.026194025,0.1167992,-0.03034303,0.08723422,0.1743316,0.09368041,-0.07847026,0.019078553,-0.21962042,0.14858697,-0.116305605,-0.012959792,0.061028153,-0.070154816,0.008129203,0.09007586,0.16579854,0.03317395,0.07515986
cell_0240,0.10839018,-0.09615282,-0.12270868,0.07868857,0.051326092,-0.12773469,-0.07969112,0.08167667,-0.15065557,0.0056483764,0.21695781,-0.03473385,-0.13512824,-0.007746308,0.21426864,0.09515466,0.07701519,-0.094514206,-0.069209434,0.3129843,-0.026991092,0.19704702,-0.038958322,0.06370266,0.06150661,-0.025648437,-0.1204278,-0.2738048,0.01997384,-0.0336229,-0.04871812,0.22558631,0.059548553,0.014991576,-0.047814608,0.091549225,-0.13231832,0.017375743,-0.17685173,0.08671757,0.11558886,0.008550761,0.13643083,-0.036173,-0.25119448,0.03137074,0.029666396,-0.09275119,0.11514654,0.02522314,0.03999604,-0.0060361205,0.14972031,-0.18312842,0.28550985,-0.20183517,0.16129556,-0.056037325,-0.035851683,-0.07658471,-0.0797385,0.054856285,-0.1621455,0.1624032
cell_0241,0.16866915,-0.15372822,-0.1472867,0.1351453,0.10218864,-0.15680254,-0.13312249,0.103129365,-0.1657888,0.03901002,0.16839348,-0.064141564,-0.0995309,0.0034115799,0.20334166,0.12999605,0.11852942,-0.07815195,0.0006173306,0.17325601,-0.007679235,0.20762838,-0.08083226,-0.010959666,0.038357325,-0.111306824,-0.12970676,-0.2828074,-0.0060726353,-0.05106718,0.031174554,0.15515009,0.05776262,0.014324065,-0.0613892,0.12559271,-0.13817126,0.062118795,-0.16214302,0.04274274,0.10899355,0.04541141,0.078683205,-0.1196404,-0.21144277,-0.004880183,0.08237063,-0.0450098,0.23634957,0.050574645,0.07976216,-0.09221683,0.122144975,-0.23398691,0.2525147,-0.21265762,0.1076579,0.0061004707,-0.08086847,0.011590852,-0.069753736,0.17513008,-0.05538355,0.07479525
cell_0242,0.26765677,-0.13054168,-0.100595765,0.15014899,-0.015795356,-0.1675003,-0.17343631,0.016385106,-0.08334906,0.026315115,0.19202688,-0.12833807,-0.14092395,0.025000675,0.2555143,0.15203317,0.11452039,-0.035280533,-0.023666942,0.242108,-0.037878994,0.13857803,-0.027528303,-0.009865331,0.10009106,-0.032214027,-0.11336456,-0.27184072,0.028402468,0.068089366,-0.079724856,0.13806245,-0.007140419,0.03536471,0.022603607,0.08377715,-0.079042725,0.09940657,-0.22228411,0.117220856,0.19969861,-0.030844823,0.114382945,-0.13067618,-0.14035454,-0.0029843901,0.094542354,0.03489354,0.13574107,0.03167008,-0.025652692,-0.001608727,0.04695535,-0.18276508,0.29380625,-0.16704859,0.16429125,0.021999983,-0.056956325,0.03865938,-0.08323948,0.05118383,-0.11101546,0.11600103
cell_0243,0.2549083,-0.057613637,-0.074772425,0.23497847,0.017346922,-0.11778848,-0.23550788,0.08364584,-0.05196069,0.0121758655,0.09116591,-0.049617097,-0.11429643,-0.15136188,0.20138124,0.12086448,0.10836308,0.08802075,-0.061792567,0.101709396,-0.08586096,0.2111254,-0.073820226,0.20679773,0.12574221,-0.056485116,-0.029222548,-0.19873643,0.028744228,0.05265385,-0.008988217,0.23627335,0.045436375,0.04672557,-0.06402384,0.2236142,-0.08912516,0.11882766,-0.10611794,0.051912572,0.06428698,0.012719696,0.24208003,-0.15905838,-0.07506136,0.013976314,0.16523115,-0.065240785,0.13100137,-0.027616106,0.06791327,-0.05361758,-0.0027765576,-0.14644909,0.18490742,-0.22355519,0.18976134,-0.026388207,-0.089552104,0.049667872,-0.06936246,-0.01774564,-0.092775576,0.15785995
cell_0244,0.21894339,-0.10659933,-0.09331131,0.17416003,0.029486643,-0.09812594,-0.1440701,0.056931984,-0.14443254,0.010240577,0.19711187,-0.093237795,-0.050132163,0.029397817,0.21368684,0.12552078,0.09493449,-0.12111606,-0.038559448,0.13181584,0.0024486189,0.15875582,-0.066014156,0.11447326,0.013207496,-0.027957464,-0.13517949,-0.24267498,-0.030836916,-0.087158896,0.095387675,0.13658245,0.103549406,4.9354418e-05,-0.121601164,0.18328291,-0.19160675,-0.006639427,-0.17258814,0.0061692526,0.11086028,0.06842381,0.19821543,-0.12073606,-0.21622421,0.010742108,0.13288021,-0.0352169,0.20302187,0.013424418,0.11180185,-0.12406457,0.062894695,-0.259132,0.18730357,-0.16706418,0.116733395,-0.062663995,-0.112710476,-0.02142726,-0.096632525,0.11832733,-0.020227086,0.11866475
cell_0245,0.15564084,-0.105520114,-0.10279038,0.16781965,0.053447016,-0.0404411,-0.10821156,0.15175724,-0.18015072,0.074518636,0.23176455,-0.008557406,-0.08931961,0.054997735,0.25873402,0.086718574,0.18032835,-0.08951606,0.046227694,0.24999021,0.052767526,0.20274504,-0.08581165,0.0051255072,0.010743004,-0.012910625,-0.1938335,-0.29195243,0.0769614,0.04690644,-0.01593473,0.19002956,0.08514647,0.012247712,0.036360953,0.05931311,-0.011854866,0.05157034,-0.21297617,0.12418717,0.12457351,0.06388642,0.0770294,-0.061426174,-0.1362763,-0.008161108,0.07298089,-0.002878559,0.18490992,0.112260744,0.017284429,0.051775534,0.04100159,-0.18471816,0.2542679,-0.17889108,0.082819596,0.08408192,-0.07876207,0.0012486794,-0.116112396,0.14999044,-0.05842636,0.12058161
cell_0246,0.22426079,-0.104439996,-0.09041397,0.17171103,0.08488236,-0.15325403,-0.26792225,0.019577319,-0.1805613,0.025252735,0.09399136,-0.062147763,-0.10685975,-0.03610887,0.2598207,0.1260729,0.15192741,-0.066816896,0.028859593,0.13872954,-0.042190854,0.20752667,-0.11950686,0.118873976,0.070034206,-0.14315337,-0.13062564,-0.18172723,-0.013869304,-0.08392142,-0.025879366,0.14617403,0.0326351,0.07206733,-0.08902653,0.22972515,-0.16675948,0.113093086,-0.15544118,0.044415843,0.08326116,0.09009027,0.11892135,-0.08435697,-0.1311905,0.00637262,0.13160284,-0.13949256,0.13861366,-0.016277773,0.09058926,-0.014223374,0.09931393,-0.13332899,0.1839981,-0.17974035,0.21371241,0.03612634,-0.054616872,-0.056170534,-0.09525073,0.03406796,-0.12390259,0.07848948
cell_0247,0.21723463,-0.14288947,-0.118681915,0.14878659,0.065977484,-0.11162285,-0.14194,0.11358963,-0.18140651,0.1015704,0.11899119,-0.06607455,-0.074580625,-0.0036665304,0.24778578,0.16937217,0.11927934,-0.112836614,-0.010327334,0.18256278,0.008822411,0.19900247,-0.058840897,-0.015265752,0.093929134,-0.07085222,-0.14673883,-0.25036493,0.01434264,0.007458135,-0.02998451,0.15905944,0.044231012,0.029734217,-0.011803655,0.13703291,-0.10285044,0.13189262,-0.20304777,0.104659215,0.1447754,0.032393552,0.09763498,-0.10426039,-0.15711382,-0.06556082,0.047406286,-0.02595125,0.18820848,-0.0056343772,0.048113868,-0.038578577,0.15155502,-0.2043719,0.26700172,-0.1962285,0.08832605,0.03944676,-0.13075934,-0.01913978,-0.09163162,0.15915303,-0.031388886,0.095160544
cell_0248,0.18215995,-0.10214683,-0.123675205,0.096869074,-0.012926518,-0.098928384,-0.048424255,0.068721786,0.00093972683,0.060016032,0.17975983,-0.03225104,-0.10994918,0.058080636,0.3334059,0.044231866,0.18247084,-0.0540829,-0.015174952,0.21315804,-0.0001871088,0.09609262,-0.010993569,0.00087668997,0.103870824,-0.0026291471,-0.11582774,-0.25772852,0.03661844,0.058119074,-0.08255326,0.26031289,-0.049811486,0.0011641006,0.007986487,0.10175364,-0.10974799,0.0917003,-0.24933884,0.14715496,0.08683428,0.021106934,0.10851972,-0.14461286,-0.113006316,0.02556983,0.15302025,-0.005970286,0.088694476,0.07985025,0.07764098,-0.012368659,0.008691233,-0.20984569,0.31749463,-0.26807547,0.13743952,0.012611644,-0.009509749,0.096308656,-0.023929441,0.036493536,-0.14307992,0.07247096
cell_0249,0.14950132,-0.111664966,-0.19425283,0.07056558,0.055974033,-0.1680401,-0.093189195,0.16923381,-0.20385352,0.041332573,0.17740366,-0.02917246,-0.15457526,0.037081596,0.29204485,0.14706577,0.1390599,-0.17739189,-0.0069867177,0.20904014,0.020802151,0.13798462,-0.10496512,-0.013649965,0.062964186,-0.07835571,-0.083597,-0.23974317,0.05943226,-0.029854527,0.004624705,0.20148286,0.0052365437,0.015162654,0.02959892,0.14711286,-0.068786286,0.08650542,-0.21193321,0.106300905,0.15642038,0.0355947,0.06786873,-0.044763565,-0.1552459,-0.005315308,0.029244823,-0.060767706,0.1686233,0.05827322,0.08768302,-0.048490316,0.16604035,-0.177651,0.21747752,-0.20105624,0.105458684,0.06400003,-0.052360576,-0.010578329,-0.104835935,0.11217554,-0.0921184,0.10040726
cell_0250,0.14806913,-0.091630906,-0.072005555,0.11053038,0.113574535,-0.17141998,-0.2069686,0.046508886,-0.14898193,-0.04295696,0.2137151,0.046640508,-0.14135815,0.088306636,0.15829132,0.016631406,0.05416178,-0.021851484,-0.07780481,0.26186302,0.029010054,0.23442852,-0.024524648,0.10581494,-0.04579522,-0.0872304,-0.122782156,-0.2041001,0.009266084,0.04551621,-0.06066015,0.20620045,0.015067,0.098188035,-0.11596104,0.025009226,-0.09644173,0.03427149,-0.12899287,0.116418146,0.028664894,0.03149382,0.05429029,-0.09107463,-0.17203717,0.019252107,0.1795194,-0.040225867,0.17775816,0.10010571,0.005470734,-0.0005385686,0.01072995,-0.17419036,0.27034575,-0.25346783,0.26288772,0.0976291,-0.04960895,0.06558489,-0.03884827,0.09680038,-0.13298276,0.121158734
cell_0251,0.21069194,-0.13187754,-0.10236071,0.12391995,0.008584395,-0.14467433,-0.2052781,0.07778216,-0.10641661,0.05550304,0.17075653,-0.052349094,-0.13529761,-0.0037261364,0.2066765,0.12034981,0.15147097,0.037122864,0.01503563,0.20189607,-0.05198303,0.22702105,-0.03264865,0.046999153,0.13502774,-0.074410416,-0.14533393,-0.24695504,0.046312485,0.07693079,-0.046956893,0.20902202,0.021595895,0.015245701,0.045346145,0.15368704,-0.08989388,0.13181463,-0.18087597,0.12476109,0.094390795,-0.029644936,0.13149892,-0.08104162,-0.1400559,0.01090773,0.0799287,-0.060458884,0.1896856,0.03334336,0.0056082956,-0.016846804,0.011502694,-0.17853539,0.25472257,-0.23836344,0.19123568,0.05293859,-0.07931113,0.07550438,-0.049670845,0.05911911,-0.08001855,0.14255472
cell_0252,0.1973026,-0.09369272,-0.08733538,0.13186105,0.0751742,-0.12353498,-0.1774219,0.08714669,-0.16626063,0.043242887,0.22101375,-0.05262943,-0.09222285,0.04995624,0.19972867,0.12032679,0.15858994,-0.080636725,-0.05007911,0.16046822,-0.003618315,0.18351167,-0.08100356,0.042559344,0.0893469,-0.045539748,-0.20735465,-0.26184392,-0.013216874,-0.0505192,-0.004200479,0.19290806,0.04428734,0.002877692,-0.014984728,0.16576852,-0.10569982,0.0815959,-0.08419395,0.088450015,0.12528262,0.040489804,0.18442523,-0.119551525,-0.21613379,-0.017324599,0.11571803,-0.027968068,0.17340901,0.036170363,0.012370834,-0.044418897,0.10686087,-0.21736896,0.1988604,-0.19948252,0.18911116,-0.0040469556,-0.113937505,0.0036920554,-0.06539774,0.15371795,-0.07567136,0.11867826
cell_0253,0.20788065,-0.0866816,-0.099012114,0.15187295,-0.0070785894,-0.12298886,-0.120698884,0.108434595,-0.13171124,0.008345028,0.13262966,0.0026510756,-0.12824099,0.06677695,0.256034,0.22323874,0.16586035,-0.10565321,-0.089187145,0.094846115,-0.016460039,0.16022743,-0.13500033,0.06408245,0.08620175,-0.029279782,-0.09212083,-0.26839203,0.021208216,-0.032210067,0.054378644,0.15341295,0.08518809,-0.029996322,-0.02350206,0.2182003,-0.14852397,0.018135179,-0.10900786,0.053894453,0.16250998,0.021828631,0.14801598,-0.12339568,-0.16301242,0.104220174,0.12744656,-0.09047626,0.13746765,0.03152382,0.10208814,-0.023594538,0.07468394,-0.23218277,0.21640052,-0.19637953,0.13117768,-0.0034169639,-0.11599372,0.019228766,-0.05535411,0.1330597,-0.113766946,0.15171884
cell_0254,0.13196163,-0.066663414,-0.052609164,0.13736773,0.129406,-0.110099636,-0.17524368,0.05596134,-0.16531274,0.007045008,0.18674974,-0.051721003,-0.14297608,-0.00017873895,0.22694834,0.16032694,0.06701301,-0.056691978,-0.044252057,0.19032,-0.022100141,0.27801505,-0.10339512,0.012967205,0.16489296,-0.07042742,-0.19286177,-0.26561692,0.04895851,-0.034041125,-0.09088785,0.16904637,0.07156468,-0.026168577,-0.015105004,0.14886692,-0.11034899,0.08768749,-0.16198787,0.087586895,0.09926088,0.0107149575,0.17609909,-0.09720863,-0.1537421,0.041511834,0.11651768,-0.087747715,0.17804627,0.0134237455,-0.062436424,-0.04105499,0.03757411,-0.13163677,0.24683698,-0.1644295,0.1976657,0.035799984,-0.079179026,-0.03445262,-0.09274378,0.12414195,-0.11085634,0.09528989
cell_0255,0.14579663,-0.08595102,-0.13363975,0.15096931,0.039736148,-0.15482172,-0.110561594,-0.037058186,-0.15808621,0.010129667,0.09041074,-0.12752698,-0.1055433,-0.07288636,0.15866578,0.0887052,0.0990948,-0.07793841,-0.06634707,0.19432905,-0.07924189,0.2726764,-0.10207335,0.007998965,0.1739118,-0.06675647,-0.16240403,-0.26097292,0.011960454,-0.052375734,-0.08614094,0.2301181,0.038245212,-0.029819261,0.0448745,0.15542118,-0.1356071,0.13443473,-0.12025995,0.035780363,0.061000105,0.07654509,0.041480433,-0.059269805,-0.2055144,-0.013100387,0.08365818,-0.09906838,0.098555975,-0.06589995,0.006292013,0.016378364,0.07221024,-0.21843219,0.32214746,-0.15203029,0.19508871,-0.03514494,-0.06671637,-0.06599344,-0.13539624,0.029651597,-0.18098651,0.043599255
cell_0256,0.14694804,-0.12792672,-0.011453165,0.10980329,0.038388923,-0.113837555,-0.21030025,0.030835196,-0.13221137,0.06564597,0.16527537,-0.12897623,-0.031052938,-0.071279,0.26227304,0.092790715,0.11086828,0.061085552,-0.070434175,0.2158961,-0.08813914,0.15720432,-0.046654545,0.05015467,0.119640425,-0.078670755,-0.10197739,-0.22191012,0.048644256,-0.00883555,-0.042025235,0.20279776,0.017111981,-0.019300831,-0.06875159,0.076672435,-0.10790239,0.13180338,-0.21785666,0.020049753,0.09894075,-0.071862765,0.18645558,-0.16740192,-0.1465414,-0.02943515,0.10334231,0.022544285,0.23769434,0.06609134,0.0021480045,-0.040785443,0.011682931,-0.20480572,0.24931872,-0.2156434,0.18535012,0.0047338125,-0.026071426,0.076441556,-0.0726532,0.07757787,-0.20601797,-0.05889455
cell_0257,0.16857757,-0.12675184,-0.065908186,0.17413665,0.06923176,-0.017360242,-0.074058816,0.06334192,-0.150336,-0.00806469,0.15024497,-0.037122995,-0.14598252,0.06682424,0.25369692,0.13404529,0.05955589,-0.08538448,-0.00097168254,0.17597936,-0.08086094,0.2321814,-0.07625844,0.10999711,0.055949572,-0.100948185,-0.13721234,-0.17721343,-0.009998369,0.012614477,0.05980368,0.23707685,0.09439371,-0.013852473,-0.004868769,0.1496272,-0.13433847,0.12109592,-0.2423091,0.06597552,0.104506284,0.086493105,0.19508074,-0.081703484,-0.17535378,0.062293902,0.10225681,-0.051411405,0.15085185,0.023028303,0.08476272,-0.034914132,0.111209,-0.12279011,0.24861726,-0.29997593,0.12925903,-0.01671172,-0.025649386,0.041335523,-0.075174846,0.1342189,-0.053001784,0.11337999
cell_0258,0.20385681,-0.0603008,-0.12380935,0.17654693,0.05158729,-0.15433386,-0.14146112,0.07549012,-0.1754785,0.04737731,0.16951656,-0.06393896,-0.11407199,0.027686194,0.23819818,0.15430315,0.16304263,-0.09671221,0.022094736,0.14838125,-0.015421751,0.22166684,-0.11166833,0.018514859,0.065986596,-0.052222647,-0.18366842,-0.29581445,0.073516056,0.029988723,-0.043997068,0.12757754,0.044903245,0.025342716,-0.025555538,0.15875661,-0.08183891,0.080109544,-0.112846196,0.11401053,0.10856844,0.066829145,0.12749724,-0.09779441,-0.15938865,0.0005083583,0.09585908,-0.059395008,0.17188938,0.004118658,0.018623367,0.052422676,0.090511285,-0.2026694,0.26037306,-0.18790258,0.15319422,-0.002738325,-0.124485396,-0.023982884,-0.084460266,0.15250924,-0.069013946,0.123197384
cell_0259,0.19964883,-0.056916248,-0.08267647,0.06471492,0.14265276,-0.082402214,-0.11671721,0.043425985,-0.19582881,0.044485822,0.19222744,-0.015476469,-0.041934058,0.05657392,0.18941674,0.14444606,0.102050036,-0.045923155,-0.021862641,0.2117119,-0.00013402758,0.26281524,-0.0011945277,0.11848723,-0.00095161184,-0.05664676,-0.16740562,-0.16361763,0.031918075,-0.056096043,-0.0034200256,0.21218364,0.03543715,-0.023570227,-0.07453763,0.16831213,-0.06321962,0.120893374,-0.19355884,0.093785904,0.07094293,0.086519584,0.17081514,-0.04814264,-0.20140098,-0.00661362,0.09211604,-0.07656645,0.24406473,-0.021728031,0.07233327,-0.07039679,0.09096271,-0.1628546,0.257135,-0.22986957,0.18221332,0.0017452752,-0.09531224,0.0650925,-0.08193549,0.1424273,-0.12235845,0.0620671
cell_0260,0.22397314,-0.07862361,-0.041664883,0.1321502,0.11871124,-0.14122671,-0.2993772,0.043390352,-0.10250778,0.031256843,0.1470496,-0.05369614,-0.11658506,-0.023710007,0.2192688,0.14302073,0.0952946,0.038249955,-0.091392346,0.20799495,-0.055906527,0.20070317,-0.03664517,0.13407807,0.11083511,-0.10321709,-0.12808517,-0.1932078,0.1009472,0.072733834,-0.052752588,0.118084714,0.03608411,0.07021312,-0.049324594,0.19761734,-0.07265531,0.13740966,-0.103852615,0.09872546,0.008056552,0.018369252,0.20970073,-0.1475483,-0.14944753,0.004694548,0.0986674,0.028325772,0.21041782,-0.05192326,0.023222769,-0.0617712,0.12315222,-0.13358149,0.18745138,-0.22459172,0.17040986,0.020898579,-0.12927176,0.082180515,-0.063388765,0.0998166,-0.13254403,0.02456957
cell_0261,0.13071063,-0.16694634,-0.11507903,0.18384914,0.027433962,-0.09271711,-0.2058319,0.072448306,-0.0874862,0.11041365,0.16145846,-0.12026784,-0.09374457,-0.07144793,0.22541545,0.11626067,0.13278136,-0.016725162,-0.020414408,0.14050195,0.011281049,0.1724349,-0.08345883,0.025183037,0.14919631,-0.063269414,-0.07887838,-0.34123343,0.053451017,0.015819965,-0.04712944,0.2086601,0.022369752,-0.024253512,-0.032900963,0.17024963,-0.11194297,0.0838215,-0.16497321,0.03311869,0.13839477,0.027002446,0.11240375,-0.15247312,-0.12851144,0.024135843,0.10839227,-0.038328454,0.17232384,0.013477429,-0.055840857,-0.0006911802,0.07897096,-0.21485956,0.2346118,-0.21710984,0.16154554,0.03306219,-0.048534315,0.04713941,-0.13979135,0.06897538,-0.1493279,0.08980988
cell_0262,0.16409896,-0.14197338,-0.15319729,0.14947984,0.0023442623,-0.10713779,-0.07771117,0.09167772,-0.062170275,0.10115833,0.14351921,-0.08865856,-0.10663523,0.0028931806,0.2950807,0.12221733,0.13665415,-0.053885993,-0.0016452317,0.16019943,0.01565413,0.19985703,-0.04372623,0.017740164,0.1320494,-0.058112565,-0.09861925,-0.24935725,0.15679774,0.1087112,-0.097036995,0.22776435,0.035084926,-0.004852054,0.01003851,0.13805497,-0.00069998996,0.14264877,-0.18808067,0.111159615,0.0662334,0.052648235,0.09091054,-0.11074069,-0.116205946,-0.013162056,0.012522328,-0.004281635,0.21577582,0.010366989,-0.026103891,-0.012930913,0.10740919,-0.15528457,0.33593434,-0.22405621,0.1110676,0.09676713,-0.048742462,0.066606954,-0.08591025,0.07596314,-0.12544088,0.10725245
cell_0263,0.19543946,-0.122145794,-0.100227624,0.16290282,0.072758235,-0.06599561,-0.13293293,0.07351006,-0.1302396,0.03695559,0.1710436,-0.023815805,-0.11689403,0.065677255,0.23939969,0.1396995,0.11841573,-0.09394161,-0.059856743,0.20506504,-0.020661997,0.23536636,-0.101027764,0.05237379,0.120921016,-0.031181235,-0.15470397,-0.23445871,0.020306746,-0.0109359035,0.00089630287,0.22525711,0.092735544,-0.024319958,0.047479823,0.2092175,-0.12128105,0.10688144,-0.20911624,0.089065135,0.083859526,0.036162816,0.14599976,-0.08710009,-0.17128062,-0.029250268,0.08391264,-0.07337923,0.16204898,0.01818412,0.010299546,-0.051750172,-0.0069821333,-0.1835831,0.25366044,-0.22685379,0.13453686,-0.01686349,-0.050042354,-0.004254339,-0.10733484,0.07875858,-0.12158393,0.07983103
cell_0264,0.08206951,-0.054210942,-0.1625294,-0.015629642,0.059058998,-0.03853612,-0.11183709,0.06840055,-0.11384539,0.011781679,0.18358676,0.003983056,-0.17433758,0.04291639,0.27660012,-0.0068157376,0.13348636,-0.08188109,0.04742461,0.24809414,-0.065285265,0.16244133,-0.073737524,-0.009753083,0.055783056,-0.041148514,-0.1372043,-0.34432098,0.015503651,-0.0024675187,-0.073987655,0.27037036,0.05781051,0.010563462,0.050631054,0.06325795,-0.049558233,0.17003056,-0.2549999,0.18128112,0.16091159,-0.05395397,0.08117325,-0.12687834,-0.10976564,-0.048341103,0.02262004,-0.004127972,0.12677982,0.06873021,0.048235036,-0.027078124,0.010020221,-0.16216643,0.30733773,-0.17111678,0.17924018,0.029301824,0.067768246,0.06304801,0.001275743,0.016308371,-0.11607103,0.07363114
cell_0265,0.27120957,-0.08161984,-0.053579304,0.14441793,0.065109186,-0.16531968,-0.2119669,0.047629215,-0.1857226,0.041356165,0.13589741,-0.080406345,-0.11342279,-0.07377874,0.2822142,0.15004644,0.07137725,-0.012710727,-0.111431405,0.1843202,-0.041124754,0.18863691,-0.073318884,0.07741218,0.08390141,-0.12188335,-0.14629087,-0.2300418,0.08638185,-0.02153914,0.005306371,0.084122844,0.046883717,0.027684206,-0.07360191,0.24352126,-0.110097595,0.1064617,-0.07935272,0.06223877,0.041345965,0.054882452,0.15106125,-0.15915903,-0.10721109,0.02173698,0.13853495,-0.044869192,0.20731235,-0.026011948,0.020349625,-0.05204148,0.080474965,-0.22221833,0.10652344,-0.17314179,0.1558161,0.047827117,-0.1520842,0.027717585,-0.09730344,0.12642893,-0.09301443,0.09091411
cell_0266,0.16313337,-0.09644779,-0.10592792,0.13861813,0.12431973,-0.13469,-0.15307643,0.027350733,-0.12320105,0.053513534,0.2112416,-0.07825253,-0.1506735,-0.010999648,0.19814092,0.08374818,0.11942227,-0.018800942,-0.059032403,0.1886861,-0.038794283,0.22522001,-0.0786478,0.054092575,0.13320018,-0.04241537,-0.18304805,-0.3002503,-0.039358556,-0.019235743,-0.027279953,0.18459654,0.026051609,-0.013405512,-0.012880509,0.16759846,-0.12741967,0.078699745,-0.12816902,0.13058144,0.095699064,0.039755285,0.13836399,-0.11949736,-0.20317303,0.037149377,0.077332444,-0.095054016,0.13677141,0.03573978,-0.029940115,-0.03244439,0.038768854,-0.21953368,0.23728172,-0.20841037,0.16945824,0.0075601335,-0.06997518,-0.005482544,-0.10237452,0.104001045,-0.09444732,0.14443482
cell_0267,0.18286887,-0.09143968,-0.0044385665,0.14376055,0.06752806,-0.07440239,-0.10980746,0.062231712,-0.20006315,0.20260832,0.100538574,-0.12942706,-0.03624989,0.0005576481,0.20993581,0.11987183,0.07306012,0.009685058,0.015514001,0.10002988,0.0034276992,0.28899723,-0.102664135,0.11455543,0.08935274,-0.11867812,-0.16540305,-0.21320201,0.06905267,-0.008775683,0.0878758,0.06484095,0.06940518,-0.072664596,0.007217429,0.20159501,-0.036537252,0.14312765,-0.120826654,0.07810358,0.026134126,0.11258928,0.16240616,-0.0780159,-0.10661827,0.021942733,0.029514546,-0.09024998,0.27692398,-0.034164276,0.08500782,-0.04390672,0.11735856,-0.20673622,0.2509757,-0.22914569,0.030168908,0.11488818,-0.13802835,0.030869106,-0.13445017,0.16628172,-0.08989811,0.048285168
cell_0268,0.24735917,-0.09584681,-0.12922925,0.072872505,0.10871124,-0.14189002,-0.15354456,0.11441007,-0.09834885,-0.010556264,0.17637055,-0.07604235,-0.1289631,-0.050016865,0.24969055,0.13157347,0.1267994,-0.06090775,-0.021008706,0.14264895,0.008135886,0.15392882,-0.09677687,0.051611867,0.0780191,-0.10130639,-0.053390305,-0.28859654,0.028717536,-0.06811168,0.039265748,0.13333544,0.08777974,0.013545164,0.0047041355,0.2229838,-0.15027377,0.07109559,-0.16558984,0.086737245,0.11787376,0.059934698,0.09210699,-0.06438854,-0.14895588,0.038021073,0.12389407,-0.051433064,0.16504864,-0.014080963,0.10601186,-0.12947224,0.12011959,-0.22459672,0.25337002,-0.19641729,0.115325354,-0.009627382,-0.15934145,-0.07389658,-0.055594992,0.15635458,0.031400014,0.045642406
cell_0269,0.12655054,-0.13218997,-0.10737859,0.10258912,0.14516461,-0.100756764,-0.10079118,0.084850416,-0.08705167,0.07349559,0.1845771,-0.08246251,-0.067389056,-0.020545453,0.23329179,0.083838135,0.16870004,-0.064000405,-0.05409332,0.17331435,-0.038897775,0.21334247,-0.044935193,-0.026755521,0.15761179,-0.07807207,-0.18511528,-0.24648285,0.07751561,-0.04954449,-0.07214432,0.19577822,-0.012263236,-0.033071842,0.022026857,0.14318489,-0.12287392,0.14229086,-0.19053556,0.11914539,-0.0028059934,0.038188096,0.101852626,-0.118939035,-0.21202162,0.002197412,0.08855057,-0.031308223,0.11123648,0.018357517,-0.012372859,-0.010855994,0.08224307,-0.23834574,0.29396296,-0.24040282,0.12807445,-0.018058337,-0.08937664,0.039929893,-0.035815157,0.09737946,-0.18252695,-0.05807297
cell_0270,0.11686074,-0.13763057,-0.096676074,0.1405815,0.047195178,-0.08940282,-0.09974362,0.06327103,-0.12241595,0.08918239,0.1882141,-0.07494874,-0.08919059,-0.0012298193,0.28479224,0.114702925,0.07949118,0.019554306,-0.101287276,0.21150805,-0.034777224,0.21767138,-0.026327843,0.04056282,0.14349607,-0.112140514,-0.14280707,-0.2642189,0.02912505,0.021014448,-0.09722595,0.16169284,0.004420162,-0.073604375,-0.05526762,0.18228045,-0.086280525,0.11655651,-0.17921866,0.114750706,0.08155251,-0.013738191,0.055786297,-0.187885,-0.1391186,0.0080032665,0.10980347,-0.054416962,0.22231095,-0.01870448,0.0021972787,0.041388355,0.023682471,-0.18319333,0.19474915,-0.21494795,0.21250042,0.08823623,-0.11664167,0.10416654,-0.07557587,0.15116903,-0.09314682,0.054156665
cell_0271,0.121962085,-0.1290335,-0.119745664,0.16760944,0.096253276,-0.08698783,-0.12518641,0.08442821,-0.122588165,-0.02690997,0.24186888,-0.014969916,-0.03578838,0.07844022,0.22369714,0.16010448,0.1323914,-0.062974714,-0.04426718,0.21789281,0.047030985,0.19094342,-0.0366275,0.1049585,0.07926208,-0.03654983,-0.123758905,-0.2966261,-0.009509393,0.025630489,0.03273533,0.14718534,-0.0251611,0.007001669,-0.02240894,0.22057581,-0.16025645,0.08117099,-0.21436408,0.029743932,0.102116525,0.05697099,0.1274862,-0.07335447,-0.2169565,0.011655609,0.0833587,-0.02663315,0.0944096,-0.031108161,0.09622638,-0.0798531,0.08317921,-0.17325181,0.26746383,-0.21180998,0.17370209,-0.06527761,-0.082515374,-0.009833989,-0.089936085,0.12443054,-0.059875637,0.077461034
cell_0272,0.16130728,-0.16852014,-0.12342688,0.104566716,0.020067567,-0.12110808,-0.19380116,0.13204499,-0.06785907,0.015789477,0.1644224,-0.07405875,-0.16395259,0.08155056,0.2470695,0.15426731,0.079938434,0.014231228,0.06108731,0.16296414,0.016974779,0.19146165,-0.06210694,0.061771337,0.09018473,-0.08628275,-0.016682902,-0.22759473,0.04292885,0.092272885,0.06591953,0.16687258,0.014274797,-0.0076242792,0.06734369,0.1828061,-0.118339896,0.13091233,-0.11592591,0.14156224,0.15106484,0.042016797,0.1848525,-0.126664,-0.15531704,0.068825535,0.06985576,-0.06725506,0.2060688,0.03582062,0.061739955,-0.02885921,0.109109394,-0.14067985,0.2729914,-0.24244852,0.13461687,0.10734718,-0.018066995,0.047942746,-0.093836546,0.05067031,-0.0828022,0.14867522
cell_0273,0.08884086,-0.106238365,-0.079963595,0.090121746,0.123269595,-0.1469076,-0.22568642,0.11239031,-0.17251529,0.05313171,0.18839851,-0.08268816,-0.13591671,-0.13697827,0.22055146,0.0778016,0.11005843,-0.06630204,-0.03694376,0.13926686,0.0010367733,0.17608403,-0.10082872,0.10818091,0.08228547,-0.10472706,-0.12949498,-0.27871844,0.016156327,0.03538259,-0.033353068,0.20548727,0.024582943,0.033768468,-0.041600175,0.12248599,-0.14506523,0.031584103,-0.101313874,0.08317652,0.07539551,0.024237862,0.09253214,-0.13503748,-0.16409193,-0.026875524,0.03657373,-0.03358339,0.20224431,-0.029489102,-0.03045564,-0.099884935,0.16768397,-0.22212538,0.2532357,-0.21835853,0.1579587,-0.02013615,-0.13910684,0.044045895,-0.033876978,0.16415752,-0.10032249,0.06549884
cell_0274,0.11364194,-0.10657368,-0.06413769,0.20750055,0.074403174,-0.029226903,-0.09428027,0.116830595,-0.1338656,0.03581826,0.23372641,-0.16091299,-0.02551351,-0.047954917,0.19421643,0.13981989,0.12064469,-0.03664261,0.003938123,0.14687699,-0.04496792,0.20857313,-0.10698321,0.071090795,0.12849115,0.015042048,-0.22185707,-0.28088123,0.16139673,-0.025623962,-0.014455637,0.16975011,0.11606539,-0.09581306,-0.023723984,0.1526854,-0.08987917,0.083514445,-0.13119759,-0.003654488,0.05962045,0.118115656,0.20449677,-0.03190243,-0.1700477,0.050482597,0.09075414,-0.046024375,0.18721898,-0.018106101,0.07200533,0.006379824,0.13222212,-0.20950413,0.24014047,-0.2032366,0.007884052,-0.029571718,-0.12588708,0.035665665,-0.16092506,0.09020329,-0.06910581,0.028449908
cell_0275,0.15865351,-0.09408304,-0.15174381,0.12898721,-0.0010370585,-0.10099035,-0.112223275,0.08146917,-0.15856881,0.06457188,0.17482476,-0.09105877,-0.09432658,0.019545553,0.2861579,0.11289006,0.131859,-0.13871875,0.0014257422,0.2214224,-0.05583858,0.21798714,-0.12223685,0.0027383063,0.04812007,-0.06146228,-0.1736388,-0.2839266,0.04377601,-0.050112344,-0.02212861,0.099333,0.06699621,0.0035044842,-0.041602876,0.1073165,-0.10727262,0.058023192,-0.2382325,0.09273055,0.18190263,0.07944703,0.08002648,-0.100983724,-0.13972446,0.043809943,0.11970392,-0.059588544,0.18388496,0.011016694,0.12115548,-0.048413455,0.05923934,-0.20349367,0.21107979,-0.19941013,0.09962417,0.046698038,-0.039864402,0.019876793,-0.11388791,0.1461611,-0.04133192,0.13523167
cell_0276,0.1449891,-0.16768765,-0.042945158,0.10289956,0.06579009,-0.0974543,-0.1774111,0.14228693,-0.13462353,0.12428949,0.17996924,-0.062210064,-0.10698111,0.0017898686,0.23834732,0.09857169,0.13976336,-0.04893896,-0.04190734,0.2568398,-0.027699526,0.18816413,-0.08303731,0.081620306,0.06626756,-0.055481866,-0.19280799,-0.24187303,-0.034800723,-0.02173346,-0.015538035,0.23742342,0.019738313,0.032894894,-0.013767001,0.102128536,-0.12737437,0.08507326,-0.1198128,0.0955635,0.1340355,0.05211549,0.14294198,-0.06992482,-0.1782723,0.005788381,0.11626364,-0.032579284,0.15578102,0.070186704,0.03646288,0.03366648,0.10325749,-0.19926587,0.23451692,-0.24143963,0.1053611,0.07696896,-0.06176262,0.050019614,-0.115111776,0.049883515,-0.1604467,0.11257938
cell_0277,0.21387047,-0.10389201,-0.037318207,0.14796415,0.11565032,-0.116926126,-0.16558623,0.055108186,-0.098943986,0.11399239,0.13363859,-0.12981425,-0.118184,8.7801636e-05,0.28419515,0.15496825,0.04640499,0.00092121586,0.008899604,0.22451425,-0.08038806,0.21219507,-0.033773698,0.10494372,0.07834591,-0.088686526,-0.054449625,-0.21646495,-0.0105129015,-0.021587031,0.0504073,0.18676141,0.010207198,-0.030421257,-0.032637477,0.20415825,-0.10431369,0.14586522,-0.071642205,0.1154211,0.10360634,0.05032981,0.18439007,-0.16034633,-0.15003191,0.01567939,0.10512751,-0.013341667,0.19170743,0.015284716,0.05588758,-0.052817665,0.08318629,-0.23485182,0.2266307,-0.21849303,0.05481515,0.122537315,-0.13364252,-0.0034480914,-0.104256526,0.075459085,-0.1016875,0.010269738
cell_0278,0.17048943,-0.13450964,-0.13489205,0.075477056,0.017876616,-0.15849765,-0.17034405,0.06495372,-0.09858738,-0.008942855,0.13958146,-0.061887164,-0.20532273,0.04910394,0.24167375,0.14807422,0.17124559,-0.080859624,0.029339965,0.21063407,-0.016535485,0.20894517,-0.061630514,0.027786173,0.08591883,-0.04419493,-0.075428575,-0.3108238,0.017471602,0.06814122,-0.06579593,0.23895563,0.07525492,-0.00295226,0.03904438,0.15358913,-0.07788303,0.1090145,-0.16752513,0.09180947,0.1294068,0.01529003,0.10561444,-0.06299887,-0.14160337,0.03406113,0.08254333,-0.10313597,0.120023005,0.06634871,0.057377435,0.031541854,0.065073095,-0.13851441,0.28847653,-0.21450098,0.20438181,0.01752608,-0.060987253,-0.0071140416,-0.03664503,0.01110577,-0.096724756,0.12743759
cell_0279,0.15694712,-0.109682694,-0.11217119,0.08230692,0.044771753,-0.12986022,-0.14795329,0.08963933,-0.13016811,0.08214863,0.1597647,-0.055989537,-0.17733967,-0.02235975,0.17248064,0.15193227,0.12931691,-0.029135128,-0.050077286,0.19490573,-0.004578263,0.18082052,-0.06302668,0.027096517,0.1082912,-0.041591544,-0.12940055,-0.2910646,-0.006140747,-0.05880001,-0.023385562,0.26451877,0.10051623,-0.084081076,0.02383096,0.113652855,-0.06980556,0.12092776,-0.080156766,0.08199693,0.090756625,-0.014914295,0.10397723,-0.11308017,-0.22673912,-0.05601327,0.061764166,-0.051686577,0.1973775,0.04041826,-0.059520744,0.038031954,0.14462711,-0.18991506,0.28529435,-0.18531632,0.18097553,-0.014726672,-0.053155165,-0.034424838,-0.12191135,0.073869824,-0.19066629,0.07267534
cell_0280,0.19587673,-0.035946682,-0.12576914,0.15527952,0.044669036,-0.12727155,-0.09946049,0.124478996,-0.11659548,-0.050219987,0.21291186,-0.026971394,-0.1014962,0.06353966,0.29777068,0.1428273,0.16693383,-0.07003791,0.013851407,0.23428226,-0.009373069,0.17380022,-0.056995098,0.062133733,0.044010974,-0.014109559,-0.16317105,-0.20227587,0.0433674,0.021237722,0.0043794652,0.18862176,-0.006004398,0.112324335,-0.018357165,0.17188905,-0.07313382,0.103344865,-0.21087945,0.15121356,0.1465748,-0.004721342,0.18358302,-0.14459479,-0.10130173,0.025398726,0.03222207,-0.00838281,0.18036462,0.09127042,0.03448411,-0.041914776,0.015673606,-0.2394108,0.13804764,-0.17689115,0.116023585,0.013330486,-0.1263944,-0.031447724,-0.090590075,0.17461155,-0.063517846,0.13893297
cell_0281,0.12671375,-0.1577529,-0.14845118,0.041568857,0.108399145,-0.15976381,-0.1701949,0.12539707,-0.12848409,0.060461346,0.23344414,-0.098315515,-0.10879959,-0.00834788,0.23744261,0.10383849,0.14184405,-0.04272875,-0.06303119,0.16503233,0.0036994864,0.1677594,-0.07220543,-0.0030503983,0.13209216,-0.08378652,-0.17561306,-0.3146852,-0.033918746,-0.0696398,0.025194649,0.16416122,0.007892038,0.0349797,-0.040371705,0.14365846,-0.08760797,0.10038854,-0.17244886,0.057789367,0.13346119,-0.02241846,0.132236,-0.050023142,-0.20759298,0.033237983,0.06330789,-0.06480082,0.17193043,-0.0024444943,0.072323196,-0.017325824,0.07402031,-0.19137006,0.24292839,-0.22177243,0.16186295,-0.00067303126,-0.027839296,0.025893552,-0.07794508,0.10692725,-0.13048765,0.05298572
cell_0282,0.16907316,-0.07321428,-0.12358793,0.17262582,0.0060413275,-0.15855268,-0.12315838,0.17821583,-0.13934901,0.07190907,0.14876248,-0.11229732,-0.14660008,-0.034311935,0.13193724,0.11594234,0.08819222,0.022987172,0.00575161,0.11549923,-0.050430495,0.20657454,-0.11703893,0.086971544,0.05100531,-0.105980776,-0.089104496,-0.16031286,0.119138844,0.08380943,0.08259567,0.16425188,0.03411426,-0.008988555,0.03838447,0.16794823,-0.043201953,0.12190951,-0.08601216,0.1246779,0.052264802,0.023590693,0.18371029,-0.2334971,-0.16954364,0.0025840725,0.034669477,0.013757118,0.2766551,-0.0023861,-0.023169013,-0.03563005,0.11864841,-0.21749778,0.24143702,-0.21207157,0.15495655,0.05153605,-0.06857143,0.028815243,-0.1536323,0.15438384,-0.14313635,0.099779785
cell_0283,0.14575848,-0.1209145,-0.14003608,0.114114664,0.07163932,-0.112850845,-0.17053032,0.16736247,-0.08447056,0.019536983,0.24767235,-0.041849826,-0.10864702,0.046711285,0.2981465,0.14654577,0.115993686,-0.049859505,-0.12482558,0.20977943,0.023087325,0.119170874,-0.0031603894,0.099848144,0.047845792,-0.028566003,-0.07946245,-0.29683313,0.061856832,0.009239547,0.06981865,0.22324136,0.00517655,0.021220783,-0.017704444,0.13422005,-0.15736613,0.07141937,-0.18007387,0.052287262,0.112870395,-0.008392497,0.119931675,-0.14618897,-0.20542209,0.049449116,0.055650983,0.052843038,0.15631595,0.031245708,0.01840958,-0.022838246,0.11291743,-0.18526545,0.24684252,-0.20148876,0.12870267,0.016996585,-0.08269595,0.055047486,-0.07857521,0.050902452,-0.10034847,0.04271373
cell_0284,0.13411398,-0.13635091,-0.14907809,0.06838747,0.12787865,-0.18913001,-0.19544625,0.06378876,-0.18359855,-0.024697166,0.19984873,-0.08169883,-0.1929217,-0.036648422,0.16101931,0.06396884,0.13254412,0.0002375717,-0.042878512,0.13005203,-0.028981708,0.19182298,-0.124565944,0.09297621,0.09510858,-0.09421892,-0.09294391,-0.3008603,-0.0333478,-0.12560332,0.026989967,0.15740816,0.11663916,-0.019475743,-0.07357632,0.111689426,-0.047917977,0.014136775,-0.07122452,0.047875855,0.049458005,0.044168208,0.104369685,-0.054061547,-0.17821623,-0.009575646,0.07301437,-0.08831297,0.23770772,-0.012292684,-0.020383831,-0.096622296,0.044212162,-0.17231493,0.20226043,-0.28299895,0.2184821,-0.006899716,-0.10367125,-0.012313333,-0.08597876,0.15891497,-0.12777895,0.05822219
cell_0285,0.2887447,-0.058038156,-0.10952261,0.21006234,0.06678122,-0.10485135,-0.21241358,0.038378388,-0.17581435,0.05707001,0.18706788,-0.05997852,-0.0698972,-0.016511839,0.28175798,0.13393718,0.10102662,-0.09690411,-0.024685333,0.17381562,-0.026281606,0.1980829,-0.1003955,0.086152725,0.04674605,-0.05420855,-0.14782868,-0.1969113,0.034621973,-0.014368541,0.014113811,0.087045014,0.059930395,-0.009968533,-0.039420355,0.22567816,-0.10724029,0.08663477,-0.16665207,0.14035375,0.08368157,0.05607311,0.13244577,-0.14472042,-0.16629843,-0.008029396,0.13124838,-0.043484025,0.16331689,0.04352636,0.0009363692,-0.10547444,0.036219977,-0.20560928,0.17620681,-0.13485996,0.16723831,0.02818707,-0.14751345,0.03595453,-0.0717627,0.14935507,-0.029042056,0.07944582
cell_0286,0.22995973,-0.10011829,-0.1016976,0.1101192,0.08394842,-0.12544344,-0.24618363,0.07857653,-0.12822278,0.005183204,0.24055651,-0.04153798,-0.06838447,-0.01658792,0.25046468,0.13052103,0.14839198,-0.044978,-0.07015996,0.1767183,0.020763637,0.13802326,-0.072107166,0.04009014,0.0723491,-0.025032705,-0.19251518,-0.1985531,0.04597861,-0.07880804,0.028771391,0.17201424,0.056893595,-0.022490218,-0.03604384,0.18542515,-0.15960528,0.08550267,-0.16891278,0.04598107,0.093429185,-0.0054451292,0.16917205,-0.1003829,-0.20742701,0.013338538,0.09399364,-0.03176123,0.20064174,0.03386469,-0.0034671556,-0.070444964,0.041726436,-0.19414769,0.23079644,-0.19933736,0.16110697,-0.016150411,-0.08295908,0.021173188,-0.08319769,0.07933353,-0.15850174,0.051508617
cell_0287,0.20782061,-0.112165354,-0.16453879,0.09532628,0.039336048,-0.13877654,-0.11520775,0.038138732,-0.13322388,-0.028123174,0.21724549,-0.06968268,-0.086563274,0.0021899801,0.16174766,0.11333743,0.16803469,-0.03304107,-0.09048456,0.13377284,-0.0033992436,0.21919793,-0.14760353,0.0337488,0.052093353,-0.12777558,-0.07569209,-0.30620834,0.04237785,-0.08962651,0.054753948,0.08897293,0.037877858,-0.05712236,-0.030581426,0.16649425,-0.13477156,0.075158,-0.18434507,0.024388563,0.06418323,0.07739109,0.12769827,-0.14020671,-0.14341326,0.059188467,0.119861364,-0.16662076,0.19175881,0.01481171,0.09426748,-0.075414106,0.028471671,-0.21846408,0.2492269,-0.20108983,0.11045419,-0.092656,-0.011319698,-0.031178271,-0.15239964,0.14037196,-0.095846765,0.095374934
cell_0288,0.19426493,-0.12840551,-0.14795679,0.103295304,0.04318657,-0.19574101,-0.16741374,0.15034659,-0.11009149,-0.053266574,0.1921728,-0.023352718,-0.11570389,0.042614423,0.20234519,0.19465238,0.06529007,-0.0064342483,-0.06376507,0.24224578,-0.012402812,0.20525646,-0.024924597,0.12112593,0.0011368985,-0.068786904,-0.07611921,-0.20641741,0.015445512,0.07179569,-0.039065316,0.17864247,0.031280745,0.107520185,0.0075453124,0.20547423,-0.14138693,0.05564267,-0.14352804,0.109967925,0.13738382,-0.05026672,0.106130995,-0.097560175,-0.1823715,0.022153959,0.09280703,-0.009153079,0.14593822,-0.0053167893,0.0060981666,-0.045964014,0.09158214,-0.18777186,0.25206107,-0.19583553,0.24571021,0.075661466,-0.048851132,0.074012086,-0.007230323,0.05852103,-0.08896178,0.098726556
cell_0289,0.14445013,-0.049227215,-0.11206476,0.13247491,0.1298115,-0.058122113,-0.05906386,0.088456444,-0.16215879,0.07332357,0.18485948,-0.016136555,-0.072578065,0.046703666,0.22798774,0.12066148,0.11510965,-0.05895771,0.023539638,0.15527499,0.024674522,0.2467529,-0.0779486,0.111649975,0.06894586,-0.04916107,-0.13923557,-0.25255686,0.10655376,-0.016264511,0.08007366,0.19428979,0.077843994,-0.047824506,0.019721046,0.14104499,-0.081903435,0.040983208,-0.25486442,0.069189936,0.08767936,0.09405439,0.14010037,-0.06656761,-0.21432522,0.018912017,0.07574183,-0.10115985,0.1755894,0.05447484,0.0384053,-0.059130907,0.049953405,-0.19994278,0.3564382,-0.22977203,0.019125879,0.009910271,-0.04833016,-9.286974e-06,-0.11069696,0.10250625,-0.097616434,0.040334206
cell_0290,0.21437512,-0.15593286,-0.19230247,0.09379689,0.07647177,-0.1883611,-0.11567289,0.10686754,-0.10456069,-0.010572678,0.19518375,-0.10198687,-0.12537259,0.016523397,0.24128051,0.1285936,0.05854782,-0.09996997,-0.04466565,0.23262301,0.011438116,0.13696174,-0.02410023,0.0677127,0.02918381,-0.057571225,-0.08419011,-0.2276623,0.005339572,0.06142228,-0.08780133,0.14676102,0.0050117173,0.038033467,-0.0468714,0.15776023,-0.083536975,0.09389472,-0.21130727,0.124701954,0.14561991,-0.026424013,0.071825124,-0.14256041,-0.1740472,-0.026942445,0.14123361,0.005275677,0.16888736,0.056794975,0.056043655,-0.06664264,0.0822849,-0.21470042,0.28416452,-0.19215083,0.17559776,0.07283056,-0.1224526,0.015497442,-0.04357806,0.02441749,-0.009317347,0.10516313
cell_0291,0.088707335,-0.22986045,-0.17650764,0.07570425,-0.003006337,-0.19979157,-0.09668024,0.13078044,-0.08715336,0.018232057,0.1287677,-0.07246651,-0.08247571,-0.009271085,0.32946026,0.11201047,0.08739678,-0.09494666,-0.084734075,0.20265916,-0.061509907,0.1823165,-0.06512654,0.050762672,0.056861453,-0.100453615,-0.0858957,-0.23503473,0.05804576,0.08656993,-0.052824844,0.1943329,0.01250198,0.10543837,0.032881822,0.13696854,-0.07324676,0.0948902,-0.15608156,0.030755093,0.114165924,-0.02150056,0.08119864,-0.09030007,-0.1734814,-0.013090978,0.04710455,-0.015450732,0.21371649,-0.018771954,0.004581119,-0.020045452,0.100497596,-0.1543833,0.31705385,-0.24806657,0.17153606,0.08713893,-0.019881956,0.04759956,-0.070535645,0.06655017,-0.11046881,0.081825875
cell_0292,0.22679645,-0.06716837,-0.13332786,0.13607574,0.13781492,-0.1525996,-0.1508516,0.104406044,-0.110891074,-0.006484849,0.25808066,0.03191506,-0.16970459,0.025313895,0.19135487,0.0889739,0.18946676,-0.038327526,0.049296208,0.20203976,-0.056736287,0.17381735,-0.036581572,0.114657156,0.055489253,-0.0155979,-0.17627278,-0.27042833,0.073668905,-0.014162353,0.015394967,0.18395758,0.07485403,0.009632205,-0.01372664,0.15017393,-0.050988853,0.08281075,-0.19039042,0.13630666,0.1203602,-0.016111076,0.1702092,-0.09575691,-0.19620578,-0.050779887,0.03620891,-0.056321535,0.15937422,0.06678999,-0.029265327,-0.100600384,0.011461753,-0.12847447,0.30640855,-0.13510396,0.10807194,-0.021198802,0.057021227,0.015385133,-0.0911153,0.06459636,-0.05300856,0.102170795
cell_0293,0.16238934,-0.123084076,-0.045243014,0.18404198,0.00204673,-0.15609747,-0.17083877,0.07370174,-0.15210652,0.14930141,0.10503391,-0.1610862,-0.0033045383,-0.06816648,0.26962298,0.037963048,0.113005094,-0.010093591,-0.020784799,0.15559758,-0.021338042,0.21877865,-0.10426832,0.056445923,0.060828533,-0.095085956,-0.12946942,-0.1547317,0.13168557,0.08517443,-0.06565978,0.15900655,-0.045811173,-0.019868396,-0.07900635,0.16041884,-0.057633255,0.20636639,-0.1413242,0.11049373,0.0041856393,0.09266143,0.17980975,-0.15725923,-0.10323321,-0.07475863,0.057835057,0.025489151,0.22725376,-0.035744373,0.0021498508,-0.021449368,0.08565544,-0.19662882,0.24953912,-0.22340849,0.13666528,0.077171706,-0.0731014,0.08245223,-0.1439103,0.024386285,-0.16272546,0.015778383
cell_0294,0.17495409,-0.13640176,-0.21701325,0.09900994,0.041855946,-0.12012796,-0.07145745,0.150089,-0.07234105,-0.009406636,0.22599833,-0.024224205,-0.09479107,0.0014269077,0.22656709,0.12818137,0.16685793,-0.080459096,-0.054992974,0.14718628,0.02550952,0.19656694,-0.049126454,0.10611186,0.10335814,-0.04584261,-0.0446596,-0.26156402,-0.008856308,0.006520842,-0.051196627,0.22068298,0.09701858,-0.09722631,-0.014240799,0.0996778,-0.11321478,0.04060943,-0.17930494,0.046314612,0.122987926,-0.02831167,0.10592697,-0.12286693,-0.18607928,0.029110644,0.17265221,-0.029970234,0.19537365,0.024212347,0.06602082,-0.044304848,-0.03890765,-0.21078779,0.3290356,-0.21427825,0.12445531,0.00206754,-0.102194756,0.013728305,-0.027476076,0.0092158,-0.027837906,0.10295772
cell_0295,0.16888426,-0.13653514,-0.07000955,0.14071412,0.0038348364,-0.089992195,-0.23400947,0.025947172,-0.09022564,0.07492582,0.13180159,-0.10228904,-0.15643242,-0.040568676,0.27553025,0.19142213,0.17201449,-0.025438523,-0.012226642,0.18733062,-0.0210213,0.11777337,-0.103007995,0.034822024,0.1391848,-0.05911446,-0.14021777,-0.27830347,0.04335818,0.0018414588,-0.05097219,0.16939005,-0.0047457726,-0.012228598,0.027147824,0.25268865,-0.1360244,0.14175016,-0.22468537,0.014115059,0.13123098,0.050774865,0.16029815,-0.10932443,-0.13505472,0.012984742,0.09543016,-0.05944561,0.15848492,0.031618763,0.018885303,-0.040166117,0.09368559,-0.10934654,0.21290976,-0.16349028,0.12708262,0.0005374667,-0.06406036,-0.0020548266,-0.14081962,0.11741596,-0.13981816,0.052086372
cell_0296,0.12943272,-0.07422959,-0.022076596,0.10304933,0.11133746,-0.0790903,-0.1657336,-0.0051736925,-0.19695991,0.07111274,0.13643374,-0.10013994,-0.054696605,0.046957176,0.23536254,0.03553071,0.09997631,-0.09868641,-0.0025090703,0.20421961,-0.03163939,0.25353053,-0.083419435,0.05744448,0.072047114,-0.09443822,-0.18642165,-0.319305,0.003513278,-0.07882865,-0.026318552,0.19890475,0.07001449,0.032651234,-0.04959787,0.11580103,-0.077667154,0.101416945,-0.1749806,0.059316657,0.0675662,0.13801177,0.15909763,-0.05194077,-0.18326771,-0.040323876,0.050631836,-0.09737595,0.17854476,-0.0103973765,0.10372201,-0.0570697,0.078110695,-0.22767177,0.283049,-0.18315975,0.11593753,-0.018625364,-0.109165974,-0.017405456,-0.0770474,0.16158552,-0.024680864,0.06644769
cell_0297,0.23351002,-0.1121512,-0.11615757,0.15331568,0.030071555,-0.13356471,-0.08664942,0.060441636,-0.18400899,0.06746108,0.12149791,-0.027196566,-0.15741499,0.025289979,0.23108181,0.118966594,0.17332843,-0.09349509,0.011141142,0.21288714,-0.02473833,0.1529805,-0.076719545,0.07271498,0.058416717,-0.054788765,-0.20248763,-0.24597365,-0.042179562,-0.008716949,0.010433489,0.17139633,0.055153184,0.037197966,-0.08927876,0.1378242,-0.11819666,0.044824578,-0.21460485,0.11049488,0.11978701,0.02367674,0.08327455,-0.10837916,-0.15520084,0.0017830956,0.12620972,-0.043623336,0.100722,0.07501636,0.07382183,-0.017221492,0.048510335,-0.24497198,0.18194522,-0.22074926,0.19414592,0.031512454,-0.091062196,0.033282306,-0.0900746,0.12204866,-0.043956697,0.20134394
cell_0298,0.19798037,-0.0637541,-0.07704126,0.1470596,0.04522062,-0.13404574,-0.18307324,0.026646815,-0.13082893,0.0020895903,0.13353007,-0.06923462,-0.17289639,-0.08733939,0.14701855,0.12467449,0.13867535,0.028074296,-0.07332976,0.16453496,-0.09309555,0.21572542,-0.076152846,0.06986036,0.18966489,-0.063817434,-0.16187745,-0.2423435,0.016945835,-0.06663165,-0.023896215,0.24887682,0.07683706,-0.0011190965,-0.014057093,0.17313077,-0.12495682,0.13776709,-0.10902393,0.0444535,0.043713298,-0.06369484,0.15966299,-0.11076161,-0.1809405,0.001525769,0.06796405,-0.13381866,0.12087633,0.011340366,-0.03395144,0.046302013,0.05036059,-0.15792048,0.21422589,-0.16751127,0.25505424,-0.0499847,-0.09763631,-0.06201521,-0.09477401,0.022150323,-0.20620804,0.11843253
cell_0299,0.19049497,-0.12993583,-0.08373732,0.15779352,0.05123333,-0.16166323,-0.21298504,0.061920688,-0.13886721,0.15997131,0.14283583,-0.17356771,-0.074705906,-0.075055405,0.22254838,0.06658003,0.09899116,0.019167274,-0.02315306,0.13707416,-0.008890645,0.20891026,-0.04394717,0.07356391,0.13906513,-0.052802686,-0.18934919,-0.1930197,0.03135689,-0.015077611,0.012490915,0.10917665,0.04705167,-0.04869842,-0.058741968,0.17513768,-0.034889728,0.15675403,-0.13769318,0.10015137,0.042077735,0.05334999,0.19649978,-0.07203009,-0.1893054,-0.05822738,0.09247366,-0.009835623,0.22936635,-0.014000416,-0.0016010976,-0.05302081,0.06723977,-0.16464618,0.23236063,-0.24157456,0.11694254,0.069330856,-0.07757819,0.03054688,-0.17432971,0.08241465,-0.17552766,0.0670624
cell_0300,0.20939867,-0.052430846,-0.093123585,0.17624202,0.023365192,-0.123077296,-0.1033965,0.096167624,-0.104146145,0.015349848,0.17209496,-0.09286951,-0.16185735,-0.0157321,0.33393866,0.13393761,0.16753198,-0.029931301,-0.06697155,0.18791,-0.027190026,0.20104957,-0.060947362,0.07496288,0.08923014,-0.041799013,-0.1360401,-0.23635112,0.052185535,0.065755755,-0.051126655,0.21401864,0.02009674,0.034184422,-0.031162769,0.08953899,-0.11821,0.0847037,-0.11737528,0.14839102,0.11420416,0.015436273,0.18194677,-0.13407582,-0.13302828,0.03708755,0.094352394,-0.0369838,0.13942167,0.03850046,-0.012191006,0.01424114,0.058919266,-0.18661232,0.23175019,-0.24687852,0.13650635,-0.02570867,-0.117088646,-0.054215632,-0.031008087,0.05685036,-0.07968988,0.17915228
cell_0301,0.14468612,-0.12556909,-0.11024395,0.10451468,0.11862964,-0.1389799,-0.16521122,0.11112499,-0.1752788,0.00932785,0.18443838,-0.09378989,-0.08747478,-0.024027748,0.25928053,0.12937835,0.1390229,-0.062221244,0.02043944,0.08538356,-0.024641426,0.12813942,-0.100131124,0.16132148,0.08787469,-0.05403731,-0.16716345,-0.24901144,0.018391667,-0.0624216,0.03595477,0.26412123,0.09398797,0.016393818,-0.066555806,0.16985697,-0.060500942,0.08832391,-0.14459555,-0.031640265,0.0867199,0.106313266,0.18340154,-0.046445083,-0.12521449,0.02418787,0.072122924,-0.090931654,0.22166416,-0.011937761,0.058869958,-0.0129191335,0.119850285,-0.18500781,0.15432125,-0.2627282,0.13026601,-0.03785833,-0.153403,0.007342088,-0.08902327,0.17184728,-0.069194295,0.053160537
cell_0302,0.15774915,-0.12585792,-0.17624155,0.09262213,0.05753398,-0.18568373,-0.1183281,0.11665718,-0.14561568,0.018484626,0.14474493,-0.022567429,-0.17144297,-0.004650416,0.19997707,0.14182834,0.12173937,-0.09252968,0.006456683,0.14077204,0.026054254,0.23678723,-0.11402836,0.0046903994,0.051971488,-0.07665168,-0.022956504,-0.28763795,0.04344666,0.02493931,-0.044932358,0.22211914,0.05427537,-0.04396355,0.052848287,0.14755711,-0.11256545,0.01825502,-0.102617726,0.10564154,0.1248833,-0.007443415,0.073344015,-0.15231182,-0.16820696,-0.01926525,0.089347005,-0.04620485,0.19901136,0.053878397,-0.010785127,-0.06032759,0.07521881,-0.25965795,0.31693316,-0.21278168,0.14238742,0.018651966,-0.055951066,-0.02498764,-0.02057435,0.11423652,-0.08180269,0.07894732
cell_0303,0.1857265,-0.117437094,-0.16810963,0.1327666,0.027443247,-0.18143786,-0.1760792,0.13377903,-0.121887825,0.010871123,0.18205416,-0.06782168,-0.13578732,-0.023024602,0.27888313,0.14090408,0.15897192,-0.052634567,-0.09577859,0.1508392,0.017106349,0.18551068,-0.08129882,0.052210476,0.053300332,-0.0728825,-0.07182718,-0.25395897,0.11353641,0.04822043,0.012324146,0.12414314,-0.024390606,0.065810695,0.090628915,0.18835878,-0.16528755,0.118602775,-0.20238931,0.093758166,0.06523278,0.0433391,0.052792046,-0.10526755,-0.16215044,0.043715924,0.060250465,-0.038021356,0.16034262,-0.01468172,0.047654238,-0.037131023,0.12553076,-0.171684,0.27802613,-0.19237782,0.14164321,0.06062821,-0.075828925,-0.012994901,-0.08895805,0.07175166,-0.11039603,0.06540737
cell_0304,0.17013612,-0.10912896,-0.21215916,0.064784676,0.051439956,-0.14081945,-0.08958664,0.16550355,-0.10394976,-0.043458745,0.22671379,0.007079049,-0.09802935,0.028986096,0.262797,0.103170596,0.12180027,-0.08372115,-0.026623955,0.21739988,-0.0034038995,0.21185087,-0.05668091,0.010891712,0.06588986,-0.05373336,-0.10934103,-0.28638312,0.03267313,0.061512236,0.0036648018,0.15219477,0.05318396,0.0006927625,0.006722627,0.09499805,-0.06492004,0.05271736,-0.20663448,0.12585217,0.20339887,-0.022464331,0.12629493,-0.10617319,-0.15653925,0.0025707793,0.089391306,0.0062630703,0.16040497,0.09884205,0.046550993,-0.029970035,-0.018215166,-0.2046731,0.24396323,-0.19923455,0.183439,0.025071923,0.017977916,0.022973003,-0.025224293,0.090594634,-0.059281036,0.20956853
cell_0305,0.19702157,-0.10982508,-0.14186639,0.07384766,0.14380252,-0.13601138,-0.17773215,0.038072187,-0.1630828,-0.07396747,0.2260504,0.04242224,-0.13985692,0.042114533,0.18505959,0.09696378,0.09690609,0.004955296,-0.055479873,0.16978817,0.016999863,0.17297338,-0.071262084,0.16805916,0.050630163,-0.04067653,-0.053447917,-0.26984847,0.07034446,-0.045232736,0.09445617,0.12885484,0.09340754,0.016133469,-0.0650969,0.25008485,-0.14700909,0.037772946,-0.20223507,0.037633676,0.060569685,0.029777186,0.10024321,-0.111094296,-0.18208398,0.034340877,0.09031278,-0.12409173,0.15824814,0.007822904,0.06395685,-0.11101733,0.0050666234,-0.108099364,0.27460277,-0.2129337,0.20602612,-0.028678674,-0.09392328,-0.035012774,-0.082258195,0.06816361,-0.017207751,0.1383997
cell_0306,0.15400383,-0.09244259,-0.108444855,0.038933326,0.06963644,-0.11478402,-0.17549364,0.066077195,-0.10428475,0.026089486,0.19459175,-0.0154170375,-0.10451118,-0.04841269,0.28605834,0.07196172,0.120469026,0.023150312,-0.00660967,0.23948678,-0.072527446,0.2251548,-0.077014074,0.052238632,0.111097865,-0.12211702,-0.2219245,-0.2286,0.068093576,0.055212542,-0.05435057,0.19697414,-0.016733386,0.033095013,0.019112732,0.11910965,-0.083437055,0.15035027,-0.15997888,0.10392235,0.06617094,0.02829337,0.18312427,-0.10742436,-0.1926598,0.026785059,0.08632435,-0.04574114,0.19638696,-0.007643475,-0.013438082,0.058271002,0.03750853,-0.09749897,0.22954197,-0.26668286,0.15778908,0.0022305613,-0.017173225,0.084551625,-0.01717972,0.10590615,-0.15283364,0.11142086
cell_0307,0.21323459,-0.12121445,-0.13154082,0.11835826,0.14009279,-0.09807759,-0.16828537,0.20535481,-0.10793715,0.012910848,0.22553727,-0.06901742,-0.10420236,-0.01744821,0.24388167,0.12174507,0.11313113,-0.11606011,-0.011944839,0.22051851,-0.037083216,0.12959318,-0.024654737,0.068307385,0.03235496,-0.06422047,-0.12856856,-0.20956585,0.07807863,-0.0039322884,-0.006857902,0.20345676,0.052218396,0.020732904,-0.10071707,0.18672588,-0.08971336,0.11259613,-0.21143338,0.08549504,0.0897966,0.0065001757,0.09906687,-0.09680396,-0.17029741,0.015424298,0.103080645,0.009383625,0.17991756,0.090480715,0.008987242,-0.08022364,0.14366773,-0.19216676,0.1714722,-0.24478653,0.15397547,0.0551831,-0.10815766,0.023088653,-0.046936426,0.12501222,-0.0699926,0.019858621
cell_0308,0.20278408,-0.08098129,-0.10553183,0.1037057,0.094511814,-0.107217185,-0.16359952,0.052360058,-0.12948301,0.021717846,0.16956101,-0.008122808,-0.122113615,0.099860005,0.2586255,0.124859065,0.1694029,-0.121851094,0.0009687014,0.16495845,-0.01217313,0.17246246,-0.09541009,0.05925271,0.01726089,-0.071530975,-0.053372547,-0.17610833,-0.07314991,-0.09331593,0.07126426,0.17862469,0.079080336,-0.034510233,-0.08503546,0.13632675,-0.12772626,0.05212681,-0.19586599,0.09937815,0.10454161,0.08684292,0.15393184,-0.051985007,-0.16616379,0.046402223,0.16078742,-0.14717783,0.163573,0.12222202,0.19092876,-0.14153482,0.081202716,-0.16455717,0.24733731,-0.23667607,0.14380099,0.02403224,-0.024490708,0.004873599,-0.072434366,0.12342098,-0.004348062,0.096929416
cell_0309,0.18684442,-0.086664476,-0.095610015,0.14696077,0.06262748,-0.18382429,-0.13570069,0.105994076,-0.14239845,-0.00696734,0.20779891,-0.11631769,-0.09314831,-0.0226013,0.24743807,0.17525925,0.14020254,-0.096702404,0.014872139,0.11736563,-0.053439096,0.18808985,-0.063293375,0.05185588,0.044083178,-0.009441278,-0.14164194,-0.25436834,0.07680716,-0.043386884,0.03842155,0.21552709,0.063280284,-0.0057151676,-0.021434242,0.14145856,-0.077305466,0.06144163,-0.1240818,0.035786446,0.19625469,-0.0249719,0.20791021,-0.084763214,-0.20125921,-0.0068724765,0.06224236,-0.033931617,0.19900133,0.0581064,-0.011884052,-0.044967968,0.09040667,-0.22819161,0.23747316,-0.14606078,0.091461234,-0.06533967,-0.05791326,-0.06253437,-0.094880685,0.1718963,-0.1148241,0.100297816
cell_0310,0.2434105,-0.07084244,-0.08863358,0.19080839,0.04994222,-0.1503492,-0.12089379,0.048781615,-0.061701152,0.0166634,0.17473374,-0.052630227,-0.16103752,0.042256728,0.22004187,0.14163035,0.15171102,0.009253569,-0.030721195,0.24360453,-0.0110295275,0.18945056,-0.039593186,0.085820206,0.070316404,-0.06552886,-0.14403702,-0.22674076,0.0047338572,0.07788017,-0.03330613,0.12469382,-0.042701516,0.05898087,0.04027143,0.17167753,-0.11430732,0.13808782,-0.1541839,0.14724427,0.16785157,0.06640656,0.15228269,-0.11942861,-0.12220714,0.031362545,0.13650632,-0.01614339,0.12536018,0.042010393,0.10468358,-0.011219358,0.043299124,-0.18072717,0.23473282,-0.20976667,0.15702876,0.0356302,-0.0695715,0.017821511,-0.116627306,0.087762386,-0.10081487,0.19930829
cell_0311,0.11329829,-0.16823936,-0.1622734,0.16252436,0.08376496,-0.10756438,-0.1364901,0.08383314,-0.15807898,0.059963595,0.14530425,-0.13180055,-0.052117627,-0.083496064,0.27226043,0.059327606,0.111685075,-0.049468197,0.0154748615,0.13839461,-0.021061458,0.21814871,-0.11792836,0.053323567,0.08821212,-0.102937765,-0.103073224,-0.27833113,-0.07385222,0.07095213,0.0048633553,0.015404475,0.0117365755,-0.041696962,-0.031396966,0.12486568,-0.086740315,0.10118383,-0.13563769,0.16630086,0.15213604,0.1155652,0.069580376,-0.09599208,-0.1757288,0.03602754,0.15192515,-0.05055509,0.1381689,0.068275735,0.04920243,-0.028525224,0.09769243,-0.2681041,0.16350652,-0.23488197,0.12735933,-0.009938154,-0.12036357,0.09765394,-0.13038334,0.17102587,-0.043593682,0.14731365
cell_0312,0.21196176,-0.103669696,-0.14267483,0.20000966,-0.0051857294,-0.1551528,-0.066633984,0.12468727,-0.16616467,0.07660145,0.15165712,-0.100706816,-0.10599739,0.0048423856,0.19729194,0.17313465,0.1327892,-0.06730729,0.06454767,0.118334465,0.033936467,0.21452087,-0.12970343,0.0701011,0.08598879,-0.04845665,-0.14671713,-0.24992774,0.018228106,-0.0019482493,0.005864413,0.18763636,0.04050401,-0.002399099,-0.046563905,0.14224942,-0.122824304,0.104786836,-0.13219902,0.037554994,0.122315764,0.09517351,0.12885337,-0.1118859,-0.16705981,-0.011322282,0.10127466,-0.053106237,0.200335,0.013866009,0.03497596,0.074935876,0.10932941,-0.20945202,0.26235518,-0.22305384,0.09593969,0.012186873,-0.07152873,0.040993977,-0.14285372,0.10390829,-0.051759098,0.1403126
cell_0313,0.22767483,-0.10753719,-0.05432591,0.14754975,0.042187616,-0.1154298,-0.17595643,0.047462564,-0.11815838,0.024919206,0.1613433,-0.018399192,-0.1141316,0.06583111,0.2906183,0.13116334,0.09631627,-0.012350463,-0.070103824,0.22045691,-0.035313535,0.23492897,-0.062455345,0.13244246,0.06839394,-0.07346959,-0.11451876,-0.19128554,0.05445244,0.022358142,0.010504409,0.17167944,0.05534762,0.071768165,0.001986871,0.19498554,-0.08590488,0.14340332,-0.17496769,0.11980889,0.041513473,0.02456539,0.1490895,-0.08673471,-0.19903558,0.043475565,0.09449464,-0.03962561,0.1926182,-0.07235978,0.08989665,-0.013368264,0.11918661,-0.12095705,0.22953235,-0.22446527,0.17069848,0.015846927,-0.1091142,0.04687228,-0.059209783,0.12083249,-0.15031515,0.0015519707
cell_0314,0.12633765,-0.14930305,-0.0981478,0.1598367,0.021584775,-0.10970887,-0.13903932,0.041732267,-0.1944523,0.07303309,0.11368636,-0.10319077,-0.0459745,0.03999124,0.24440792,0.09405251,0.100621305,-0.17504331,-0.04634795,0.16184363,0.015134762,0.23264347,-0.098542675,0.008300278,0.07121095,-0.06810455,-0.17567523,-0.25762844,-0.076712914,-0.063786775,-0.06357001,0.16494884,0.036767066,-0.0038057005,-0.048330046,0.14192875,-0.15056911,0.105185345,-0.22766425,0.024693832,0.10004386,0.03595202,0.061084162,-0.10297507,-0.22031267,-0.033632286,0.09932736,-0.09584233,0.1491018,0.038655136,0.07247529,-0.00092382357,0.09472622,-0.2254125,0.26132518,-0.16854219,0.17861357,0.038057104,-0.03666948,-0.004200918,-0.08654721,0.06321387,-0.15456465,0.11254115
cell_0315,0.23541975,-0.06930737,-0.046148364,0.14512776,0.027938556,-0.12373419,-0.13915646,0.057035428,-0.13237317,0.09820608,0.052911803,-0.12237523,-0.083426796,0.0082690455,0.2878246,0.12548546,0.12409544,-0.107308954,0.011977488,0.20093061,-0.040449463,0.3117288,-0.06268704,0.106302194,0.048319396,-0.05456517,-0.16069381,-0.24846913,-0.015264981,-0.00025320635,-0.08236407,0.087925754,0.061759505,0.043034516,-0.06668856,0.18172312,-0.10551342,0.11372894,-0.12530482,0.118077904,0.12300974,0.105484165,0.15893468,-0.064354286,-0.10753527,-0.046482574,0.10885207,-0.08376883,0.14369243,0.02172065,0.08955293,-0.009196088,0.07797967,-0.22600426,0.24268074,-0.19385408,0.059900917,0.08203318,-0.117261864,0.014356444,-0.10101176,0.042821128,-0.06865484,0.17100684
cell_0316,0.2120405,-0.13483939,-0.12025012,0.15554175,0.06257641,-0.115906574,-0.17502026,0.058576506,-0.20189722,0.072965406,0.15021233,-0.050259244,-0.16157807,-0.016540252,0.19135939,0.1649964,0.07216286,-0.021528298,-0.08905111,0.15387826,-0.0072383345,0.22814362,-0.07046097,0.021522826,0.122523636,-0.10143144,-0.1411065,-0.2855904,0.034482703,-0.018626994,0.0022764744,0.18158852,0.06383137,-0.014598771,-0.017170284,0.1709753,-0.15901981,0.10710887,-0.1565365,0.051205922,0.04909482,0.0066076037,0.0691581,-0.1288626,-0.20145029,0.008655567,0.07349041,-0.056514792,0.18942642,-0.019600121,-0.028048346,-0.05353466,0.13997121,-0.17556044,0.22486605,-0.17097454,0.16634978,-0.015131447,-0.059150122,0.016539073,-0.10936335,0.10229671,-0.15202849,0.10562822
cell_0317,0.1837161,-0.09418479,-0.07854027,0.054367486,-0.00025677224,-0.10649762,-0.15630528,0.13230033,-0.024193753,-0.023666918,0.26063794,0.012004263,-0.0981272,0.08870065,0.20493251,0.13334139,0.14615257,0.010850894,-0.06598292,0.2296032,0.07407014,0.15520191,-0.031146077,0.18345635,0.00533299,-0.021078454,0.050572615,-0.26570296,0.0010115803,0.004546709,0.03149935,0.16669868,0.03553985,0.014561474,0.023203444,0.19622432,-0.16307336,-0.016175209,-0.15647995,0.18092847,0.039415162,0.06989139,0.15432984,-0.07650178,-0.12633407,0.08050176,0.15527698,-0.089170694,0.14500992,0.013077417,0.11407996,-0.1299466,-0.017589422,-0.22892937,0.27423078,-0.19606568,0.111238204,0.034638345,-0.076862425,0.093713745,-0.06412534,0.015122523,-0.0891104,0.17346033
cell_0318,0.24894577,-0.053212147,-0.11543364,0.112689875,0.0669406,-0.0993603,-0.0908787,0.07229979,-0.13173789,-0.009753174,0.19275916,-0.027958868,-0.10313335,0.037308168,0.23519234,0.13487141,0.14369535,-0.07781261,0.013108932,0.14584392,-0.023960313,0.19455479,-0.1106396,0.048194736,0.10429683,-0.036558714,-0.1277646,-0.2527696,-0.02163939,-0.035062287,0.07774872,0.15071034,0.06724768,-0.0012242694,-0.07609208,0.13681728,-0.16717143,0.026366802,-0.15465774,0.052906092,0.1305322,0.09693242,0.15565963,-0.10308128,-0.16759452,0.11450274,0.15121819,-0.08759733,0.16753507,0.076905474,0.16917688,-0.096084855,0.06319139,-0.16779464,0.21666674,-0.23704803,0.11078789,-0.04388847,-0.06935976,-0.024366613,-0.10080322,0.16079803,-0.028383192,0.18819675
cell_0319,0.24050577,-0.08392041,-0.051440112,0.17660198,0.04879721,-0.06327394,-0.13481459,0.04687022,-0.10346149,0.007879022,0.23962373,-0.09395875,-0.047774456,-0.01715808,0.28398445,0.11882605,0.09460276,-0.036103714,-0.05720136,0.25467637,-0.08748158,0.28342783,-0.04105349,0.026653843,0.074305534,-0.0734389,-0.19069949,-0.31443152,0.12731706,0.011909352,-0.10030156,0.09258242,0.03108446,-0.043409437,0.007329874,0.12776609,-0.06527734,0.09488515,-0.1542055,0.14424026,0.11675074,0.00520505,0.12679112,-0.105628125,-0.16114281,-0.021696046,0.08330261,-0.015392173,0.12947369,-0.023551175,-0.050976504,0.048481673,0.0042153513,-0.20906836,0.2941122,-0.114136204,0.046239823,-0.02216456,-0.052907314,0.013536087,-0.07823065,0.08216624,-0.09448138,0.075847946
cell_0320,-0.045256242,-0.11560276,-0.06602583,-0.003938921,-0.26613572,0.10610025,0.05207788,0.08737147,0.14144865,0.03240833,0.044457883,-0.017993417,0.007854267,-0.064966984,0.27726626,-0.08383362,0.038995363,-0.048505966,-0.13131651,0.22327031,-0.026887434,0.024252288,0.08683066,-0.07839006,0.02012675,-0.017910054,0.100153886,-0.14421567,0.07586932,0.08712272,-0.16670178,0.04125245,-0.1075939,0.20316686,0.123600185,-0.05994222,0.07266045,0.18544401,-0.20294666,0.1950976,0.11518031,-0.06545371,-0.12194814,-0.2773081,0.08736743,-0.27047276,0.12591928,0.22917713,-0.13001251,0.10269982,-0.025444232,0.12177842,-0.12782276,-0.13937075,0.08614998,0.028220044,-0.012151807,0.176252,0.055928268,0.15296793,0.043078493,-0.07309129,-0.121690646,-0.0097253
cell_0321,-0.07203991,-0.12041765,-0.097914726,-0.07461792,-0.17091964,0.119613744,-0.023030639,0.05013901,0.15183541,0.07888155,0.036468815,-0.045125607,0.04266586,-0.06814483,0.25200048,-0.134111,0.13402984,0.033914447,-0.019851547,0.28894478,-0.04202809,0.075028546,0.03829765,-0.08964176,-0.037709374,0.044124905,0.11874237,-0.2323858,0.0076472242,0.119837835,-0.17853779,0.08771804,-0.12555082,0.13840276,0.14597468,-0.045254633,-0.005427422,0.21918094,-0.19028305,0.18915693,0.043040007,-0.0916713,-0.10261267,-0.2415289,-0.0132852895,-0.13314006,0.02995872,0.0957552,-0.14024949,0.13464762,-0.09004446,0.110592924,-0.13141946,-0.16508996,0.10506322,0.032541707,0.0458728,0.18842418,0.14097157,0.0792002,0.029206328,-0.08159191,-0.27494726,-0.0747696
cell_0322,-0.09444233,-0.114635065,-0.029967649,-0.03666606,-0.21649148,0.116188236,0.0641785,0.12615247,0.06660893,-0.020548705,0.14389645,0.08453789,-0.028035112,0.014894975,0.26984844,-0.099537574,0.12871158,-0.10717563,-0.04076015,0.33216703,-0.11250385,0.08616932,9.068671e-05,-0.074965805,-0.011700152,0.038450174,-0.004762117,-0.19191775,0.065850444,0.08929565,-0.17359236,0.14583543,-0.0424051,0.15029375,0.0819728,-0.18072301,0.02291108,0.0971404,-0.23947395,0.2752631,0.10994618,-0.15719809,-0.14558445,-0.17215824,-0.039096013,-0.076529644,0.025398776,0.121564746,-0.062181998,0.21581216,-0.04500012,0.14183216,-0.09346641,-0.1470256,0.15020324,0.06949758,-0.009480475,0.1411685,0.06989957,0.06612554,0.09284677,-0.032622542,-0.14125451,-0.06624186
cell_0323,-0.1391823,-0.11551676,-0.08284314,-0.087653406,-0.17759626,0.17388505,0.19142833,0.122800626,0.05917997,0.028798776,0.03336359,0.08141917,0.04813402,-0.014532346,0.23836578,-0.12112481,0.061979078,-0.037461966,-0.19510067,0.31952956,0.06588854,0.14120644,0.08253237,-0.09664344,0.05338368,0.028751634,-0.0126710795,-0.18536334,0.007471323,0.070325986,-0.2059812,0.07927335,-0.081524074,0.16231205,0.1751892,-0.07566842,0.014992955,0.06602932,-0.21831591,0.20379183,0.038093638,-0.07458263,-0.13281623,-0.13305102,-0.038515832,-0.123501256,0.03217879,0.089979,-0.12112733,0.09734857,-0.025607506,0.0854771,-0.13565096,-0.16369438,0.15908107,0.033038065,-0.08248017,0.2413186,0.12745363,0.112053305,0.09281005,-0.051525287,-0.18693589,0.0150535405
cell_0324,-0.14758085,-0.12077895,-0.014848153,-0.10391149,-0.18553662,0.17336123,0.112851955,0.040315244,0.10038043,0.032022685,0.043941338,0.080589026,0.05599413,-0.02345863,0.24258615,-0.14653121,0.0065419483,-0.034508023,-0.11111211,0.28867558,-0.0017561154,0.010997887,0.12461258,-0.041931484,-0.03889438,0.075460024,0.10269932,-0.082187966,0.05553465,0.10083968,-0.21187404,0.035879515,-0.11573654,0.18203731,0.05573219,-0.15081859,0.054179724,0.10054376,-0.1195756,0.23914722,0.033457767,-0.12794335,-0.14937788,-0.21953234,0.035068516,-0.09995873,0.030926276,0.17011683,-0.082157515,0.15737952,-0.08156611,0.14733067,-0.15761603,-0.059584126,0.07615995,0.08868265,-0.098656505,0.2634651,0.09553022,0.13752127,0.12604679,-0.121968605,-0.2043733,-0.06551861
cell_0325,-0.0908831,-0.08355264,-0.0580947,-0.053804405,-0.26750928,0.06911139,0.0400768,0.06308405,0.10704273,-0.017709417,0.024486994,0.03596576,0.07701982,-0.06509405,0.33488363,-0.1046391,0.07961251,-0.052788854,-0.06868558,0.27066994,-0.040039927,0.018195111,0.0695345,-0.088455826,0.004362816,0.007950791,0.16106786,-0.15914387,0.050946765,0.105031915,-0.1921844,-0.026042556,-0.12636472,0.13678738,0.11097839,-0.17045204,0.05135802,0.08897078,-0.2387328,0.21823493,0.049078196,-0.0486699,-0.18626928,-0.18952613,0.044383537,-0.101278655,0.08690704,0.15749805,-0.14637764,0.07931188,-0.06599147,0.102167994,-0.13822818,-0.14028707,0.07094762,0.062170777,-0.10430318,0.18697362,0.07553673,0.18318473,0.12270279,-0.05615116,-0.19911975,-0.031438645
cell_0326,-0.12409647,-0.08421391,-0.11259291,-0.09125492,-0.14050584,0.07044713,0.033222724,0.087177485,0.030688882,0.021173194,0.06406329,0.1300015,-0.07660727,-0.02984678,0.24465609,-0.08107696,0.12117443,-0.06544352,-0.0053743706,0.2725157,0.0021197216,0.014806263,-0.00073544023,-0.06376865,-0.022010464,0.052094243,0.075278796,-0.22404206,-0.0012814682,0.040168595,-0.23224801,0.12141577,-0.018563693,0.26486585,0.029003974,-0.10874447,0.012927622,0.11670078,-0.26080045,0.24312481,0.08519714,-0.14325735,-0.2098767,-0.20998761,-0.034130476,-0.16461632,0.07984071,0.10840818,-0.048691366,0.22540303,-0.058597267,0.11721306,-0.15366803,-0.11745706,0.08628259,0.039196536,-0.04172849,0.0924015,0.10518511,0.15007271,0.16052921,-0.09782173,-0.13507077,0.0048078652
cell_0327,-0.14794165,-0.09576573,0.0035993406,-0.16358083,-0.14952673,0.09460501,0.1534145,0.033324253,0.07172104,0.03832949,0.067237,0.049002685,0.063309304,-0.031569738,0.31443655,-0.2044455,0.020433838,-0.04525636,-0.17721283,0.265443,-0.04652076,-0.020694513,0.091769055,-0.07679376,0.0600629,0.060026154,0.06652417,-0.10926344,0.07245412,0.11564309,-0.2046202,0.057470694,-0.110690445,0.16268957,0.074712835,-0.079687975,0.10666445,0.09216305,-0.08895327,0.20681605,-0.038676802,-0.13559987,-0.1726554,-0.15633489,0.04937256,-0.13293478,0.0487389,0.12375703,-0.14520395,0.17707022,-0.07060347,0.11154896,-0.21796052,-0.09505805,0.071502835,0.07555263,-0.13567935,0.10631063,0.15813418,0.1235609,0.11281504,-0.1684004,-0.17337233,-0.08303316
cell_0328,-0.09623149,-0.03794809,-0.043939307,-0.028242396,-0.1553708,0.1692336,0.08378924,0.12475414,0.034169745,0.07448954,0.062492784,0.047989417,0.07627866,0.0271169,0.30526707,-0.16212052,0.012352699,-0.10797477,-0.057905458,0.25080025,-0.05876509,0.0098133115,0.080159985,0.02348615,-0.04405378,0.1178415,0.10206007,-0.16332343,0.019126676,0.025436744,-0.1956358,0.065425225,-0.074974656,0.2205596,0.038032953,-0.16412914,0.04883251,0.06963746,-0.19050136,0.25772354,0.13241455,-0.03844164,-0.15492935,-0.22596808,0.0022824118,-0.18220381,0.0923969,0.13677655,-0.10457217,0.2053459,-0.039184835,0.024483519,-0.15201621,-0.17028381,0.10379482,0.1281588,-0.13037205,0.18027923,0.061316185,0.08562185,0.19581895,-0.060990717,-0.052609425,0.0097894175
cell_0329,-0.061511885,-0.1526212,-0.073544726,-0.034942094,-0.115045264,0.074059546,0.03873185,0.082393065,0.076103106,0.032367166,0.08592387,-0.0029589306,0.10264218,-0.011970966,0.32110268,-0.099913836,0.13287888,-0.060079858,-0.06941383,0.3581106,-0.024125587,0.08806832,0.03506173,-0.13413435,0.014695032,-0.029062402,0.04683987,-0.25971314,0.009714896,0.0048608533,-0.096805215,0.042303786,-0.11932781,0.1950713,0.04598628,-0.10767115,0.00045575658,0.0982013,-0.20768654,0.20376655,0.056792147,-0.07910339,-0.13685937,-0.18269625,-0.04448023,-0.10806722,0.10017824,0.04415228,-0.17148551,0.20897666,-0.095473364,0.08432503,-0.11081203,-0.20964612,0.17185088,0.012943739,-0.01727586,0.16745377,0.12870535,0.11952553,0.040037673,-0.08436917,-0.21610133,0.005913179
cell_0330,-0.014939878,-0.16167463,-0.115401335,-0.0653482,-0.15458117,0.06804515,0.08548583,0.07802628,0.15051408,0.033978343,0.099235736,0.08630745,0.029182086,-0.038880546,0.18097891,-0.13286571,0.10228684,-0.0015244094,-0.103200264,0.36462924,-0.0038299111,0.050108578,0.08073796,-0.14553331,-0.026096689,0.047300052,0.06819372,-0.16954435,0.055093344,0.09556044,-0.17890532,0.07071302,-0.13002276,0.17500268,0.08910915,-0.07088738,0.025056526,0.09594161,-0.1506242,0.2215838,0.017753301,-0.119277485,-0.14442518,-0.17002088,-0.055198148,-0.12783235,0.0395436,0.11644273,-0.14135972,0.17586198,-0.07500572,0.12524986,-0.10439975,-0.13560992,0.22175878,-0.0042367848,0.01894663,0.20520528,0.15118559,0.1517321,0.052285288,-0.10704436,-0.23623897,-0.021875946
cell_0331,-0.12768424,-0.06892728,-0.055574212,-0.038797922,-0.21030273,0.105792336,0.09267127,0.09890648,0.095805556,0.0035303382,0.061616298,0.035977833,0.05661568,-0.011935762,0.2996179,-0.1214682,0.028661126,-0.029749352,-0.08198818,0.3222689,-0.077540204,0.065889746,0.07541904,-0.02853684,0.040675063,-0.0021581945,0.037758756,-0.17040284,0.04874854,0.13800927,-0.18627515,0.04046679,-0.08582864,0.16626169,0.12299051,-0.12984556,0.07694348,0.12521939,-0.21819353,0.28956124,0.110498086,-0.11062585,-0.10151804,-0.21108474,-0.01843517,-0.13288608,0.033882625,0.13684744,-0.109103255,0.09968639,-0.0724065,0.111956075,-0.1274034,-0.15661037,0.14300925,0.025445169,-0.058316763,0.22820182,0.07579425,0.13608624,0.1281923,-0.024899248,-0.15050836,0.035022855
cell_0332,-0.09311313,-0.14228658,0.00559,-0.034713984,-0.18096617,0.07683372,0.058314316,0.09736437,0.07693749,0.01755498,0.11038762,0.07407311,0.077719085,0.05676879,0.39886463,-0.10728457,0.12462482,-0.12311736,-0.081508964,0.24623239,0.038877238,-0.018489527,0.048284434,-0.13066395,0.03347704,0.09004686,0.09557492,-0.120769985,0.0016209034,0.007477762,-0.16266909,0.08120003,-0.15459625,0.1510832,0.079184495,-0.12027611,0.018825155,0.041050076,-0.28114974,0.21563852,0.13319872,-0.07971826,-0.101164155,-0.1990685,0.020909576,-0.07304576,0.09242633,0.13083714,-0.10808522,0.13846989,-0.083499275,0.022521807,-0.17079288,-0.09977463,0.13132074,0.07467277,-0.1196046,0.16741127,0.03754756,0.12762831,0.16873176,-0.07093546,-0.18134303,-0.04610517
cell_0333,-0.10052765,-0.10371226,-0.09623265,-0.09951369,-0.07674822,0.0782109,0.054653976,0.020049239,0.13343301,0.03898893,0.06436828,-0.00016816032,0.07391601,0.015377393,0.35003033,-0.18686402,0.05553079,0.053626556,-0.11713126,0.24908501,-0.0045935065,-0.033565965,0.11891892,-0.037036672,0.059687164,-0.038916036,0.15755367,-0.19177859,0.09450399,0.06445745,-0.14413525,0.056674067,-0.19128378,0.06546174,0.13684458,-0.031118717,0.07273197,0.13443871,-0.20297322,0.233999,0.042231325,-0.12745765,-0.06572649,-0.2573447,0.07714299,-0.15225223,0.12387881,0.06420708,-0.032355633,0.06514864,-0.06195999,0.07252824,-0.25859568,-0.13608706,0.13393828,0.015725663,-0.036937088,0.24327996,0.10100842,0.13432208,0.11196375,-0.101084344,-0.09159301,-0.029430298
cell_0334,-0.15346153,-0.118791915,-0.043553103,-0.109818645,-0.1452259,0.09868679,0.09801763,0.10248285,0.06366059,0.03606204,0.09162414,0.056096155,0.045047015,0.037612513,0.26550823,-0.15047725,0.1113986,-0.060779035,-0.09640395,0.24026535,-0.013240767,-0.011334286,0.075983,-0.1537068,0.0100495415,0.067047894,0.067430355,-0.19161768,0.01942809,0.04678862,-0.2355664,0.106477685,-0.10973567,0.16733001,0.083826154,-0.13306595,0.079240404,0.07284567,-0.19200079,0.24434993,0.09317457,-0.108520165,-0.17191064,-0.14618984,0.035467003,-0.14061345,0.07890011,0.1817059,-0.15288873,0.1538318,-0.045448795,0.08868364,-0.15224943,-0.15133153,0.08827605,0.091740705,-0.085573316,0.14984486,0.06688844,0.15548657,0.17277707,-0.10435449,-0.15624204,-0.091945834
cell_0335,-0.06494577,-0.074225,-0.09521863,-0.023337217,-0.15316847,0.058415998,0.07861059,0.022282755,0.12994166,0.015054404,0.07671118,0.04187628,0.04243784,-0.06442856,0.24309233,-0.118919194,0.07518896,0.009024896,-0.108864084,0.2501793,0.0050530694,-0.020477088,0.08769558,-0.07743108,0.009524334,0.079723045,0.057078008,-0.16254051,0.05247219,0.117770374,-0.23720038,0.08112609,-0.14471705,0.1733828,0.057002872,-0.041026544,0.042788636,0.18930514,-0.21228132,0.20356451,0.066392794,-0.11160983,-0.18151373,-0.23482835,-0.029246893,-0.21974267,0.10821483,0.15415747,-0.20851515,0.120005876,-0.16025384,0.11086485,-0.16108283,-0.12677407,0.10963875,0.018572142,-0.06518614,0.17353438,0.071759716,0.16017747,0.104036555,-0.05984725,-0.18372974,-0.0051909033
cell_0336,-0.1276162,-0.15232189,-0.051097497,-0.10006418,-0.13390294,0.12447386,0.026762983,0.12009029,0.12119737,0.009552692,0.09789392,0.014071971,0.055706594,-0.061644748,0.31980035,-0.22424887,0.037706863,-0.013747897,-0.15612267,0.2988629,-0.059563566,-0.020612452,0.084499165,-0.049560312,0.0054294905,-0.008305099,0.09345427,-0.07808374,0.06615734,0.082083814,-0.2038286,0.046974935,-0.11671937,0.20400064,0.10106339,-0.15938513,-0.0013533954,0.14904703,-0.1787716,0.23360085,0.041013468,-0.118889585,-0.041019984,-0.19087753,-0.007988768,-0.16238685,0.03430614,0.203242,-0.15322696,0.088558845,-0.053186122,0.037430257,-0.048524905,-0.1061173,0.1451146,-0.06371955,-0.028620057,0.12588114,0.10159411,0.12381777,0.15058216,-0.068068705,-0.20665206,-0.08696636
cell_0337,-0.041703966,-0.08813045,-0.060342256,-0.0076213446,-0.16145194,0.14437355,0.12252564,0.17616469,0.04827231,-0.0077008205,0.08887152,0.10379912,0.07203404,0.024315149,0.36515144,-0.15554965,0.098998144,-0.12973784,-0.02562091,0.2443741,-0.026659273,-0.029184699,0.08657686,-0.0052366657,0.0031496603,0.069725074,0.13216817,-0.1231378,-0.0051350873,0.10936231,-0.120264046,0.043964986,-0.07404381,0.15552603,0.13393117,-0.06510635,0.066113025,0.15635063,-0.22945623,0.22709167,0.078555554,-0.08330974,-0.17642853,-0.22372885,0.061097723,-0.12521574,0.0935348,0.14024875,-0.10604146,0.2144138,-0.017047511,0.06940852,-0.16708758,-0.16082464,0.085830905,0.08148944,-0.100665905,0.15312146,0.043595325,0.13132755,0.15897828,0.007087084,-0.11077527,-0.006174815
cell_0338,-0.17697187,-0.13182738,-0.024886664,-0.10680888,-0.13871665,0.08880537,0.10121814,0.0076182797,0.09487001,-0.01758751,0.09209019,0.056357402,0.07021861,0.017225621,0.25765905,-0.14832193,0.03798601,0.06445488,-0.12412345,0.25782496,-0.012034778,-0.023790443,0.08493898,-0.046676703,0.023920733,0.0582113,0.14951274,-0.1345367,0.07052375,0.035284325,-0.24749145,0.06774993,-0.12630093,0.11509002,0.03833033,-0.09685077,0.09134738,0.08800261,-0.23454095,0.18452284,0.013337245,-0.15170784,-0.15529831,-0.14694712,0.052086752,-0.13173346,0.027353225,0.071075015,-0.18438834,0.109701924,-0.10020594,0.11686996,-0.21283662,-0.07652872,0.049402494,0.057337213,-0.11294761,0.18000254,0.21981514,0.121053375,0.15078925,-0.19633119,-0.17712158,-0.07639339
cell_0339,-0.12650563,-0.15257964,0.028297573,-0.051538985,-0.13572624,0.08307414,0.07328794,0.07709263,0.09324869,0.02070118,0.08549016,0.016399551,0.07287709,0.023316128,0.33434263,-0.08871303,0.08899886,-0.118650846,-0.07378545,0.27478415,-0.018796658,-0.018525932,0.07658311,-0.12658611,0.042757303,-0.053727746,0.09410723,-0.1674253,0.005305255,0.04909817,-0.19792055,0.097721286,-0.12906961,0.22161408,0.089023896,-0.13159135,0.058739536,0.10675804,-0.19850774,0.2606631,0.07269738,-0.088489205,-0.11205278,-0.20099725,0.06881058,-0.075056866,0.09529279,0.1524507,-0.15094702,0.18626945,-0.0026638242,0.075309105,-0.16678259,-0.18245989,0.13264976,0.025873508,-0.068873644,0.113755375,0.0067660036,0.16631345,0.16121843,-0.07281862,-0.12609714,-0.054972645
cell_0340,-0.028720828,-0.077776656,-0.0603793,-0.079633996,-0.15086074,0.11691473,0.1717443,0.09612802,0.058240496,0.07442278,0.0703925,0.07359295,0.07174785,0.04567373,0.42787278,-0.11888331,0.024797406,-0.12364529,-0.090168305,0.31392556,0.031170355,0.087177254,0.06315987,-0.011592829,-0.00738278,0.029591424,0.037944116,-0.12712722,-0.055174917,0.12169479,-0.07048529,0.06800137,-0.10632556,0.2732681,0.108604476,-0.03681263,0.06754827,0.06709743,-0.18909007,0.1959405,0.04701764,-0.09354427,-0.10993354,-0.20271416,0.017171875,-0.06513682,0.12092207,0.023467528,-0.14225514,0.19063653,0.05072552,0.012162802,-0.2608539,-0.21050796,0.08473438,0.00081009336,-0.07077941,0.12538241,0.074228555,0.06381737,0.15208362,-0.035321698,-0.039088696,0.04152985
cell_0341,-0.08326952,-0.117962435,-0.062884726,-0.11396544,-0.15058051,0.1258502,0.10070907,0.13756864,0.10138193,0.019908676,0.10847852,0.09293165,0.060268313,-0.026058882,0.26028478,-0.11493103,0.09229412,-0.04203677,-0.09225969,0.30047175,-0.028447066,-0.017196596,0.09936127,-0.11081342,-0.0049165515,0.10055197,0.102049254,-0.10175876,0.040141035,0.04801026,-0.20364775,0.12387885,-0.09621403,0.15973622,0.13373724,-0.116123,0.008288114,0.12533993,-0.20572402,0.2083879,0.11647683,-0.15088278,-0.13778962,-0.2316114,-0.03462398,-0.14785446,0.072557874,0.18326348,-0.13338178,0.16526307,-0.07277083,0.07914514,-0.13416283,-0.08015654,0.10840998,0.05590752,-0.11606636,0.16629414,0.117747955,0.13264084,0.14138025,-0.05885018,-0.15226553,-0.024041882
cell_0342,-0.14724046,-0.10025902,-0.049285654,-0.13239105,-0.1457815,0.14599061,0.096835084,0.028892614,0.1607933,0.04233828,0.057069607,0.07304202,0.08613587,-0.010136142,0.2749108,-0.15110669,0.042736854,-0.044307847,-0.13263041,0.29977357,-0.0143688,0.006307003,0.13849297,-0.0554075,0.040390685,0.04756647,0.0753281,-0.112342715,0.044104006,0.07199737,-0.21078052,0.083469935,-0.14457251,0.15454005,0.09180457,-0.13835971,0.0055112974,0.1366948,-0.21130161,0.19263041,0.08034554,-0.059227098,-0.14260742,-0.16062856,0.013446399,-0.11156966,0.056448333,0.07101104,-0.17895575,0.17511041,-0.054063518,0.119093604,-0.16399716,-0.14890094,0.083142795,0.04897223,-0.09204284,0.22107506,0.18461025,0.088993035,0.12658273,-0.11921046,-0.1398823,-0.042466987
cell_0343,-0.13636763,-0.116460584,-0.07589311,-0.060045775,-0.118949406,0.09745177,0.1288366,0.13554968,0.056812257,0.0024598043,0.039815158,0.11497408,0.07640574,-0.02703228,0.33280742,-0.15097116,0.10841385,-0.031774964,-0.10285783,0.28590643,-0.016847031,0.088190265,0.053217176,-0.077414975,0.03307498,0.047278203,0.05080599,-0.20956416,0.12475158,0.11388787,-0.16481927,0.049691796,-0.09656704,0.17302139,0.053189076,-0.0989126,0.124014854,0.06498846,-0.2080478,0.21731128,0.04144649,-0.097770475,-0.103286564,-0.15036643,0.0058791717,-0.14584203,0.05495947,0.07271254,-0.10635739,0.16518585,-0.11096303,0.08509431,-0.13025019,-0.163156,0.11743793,0.05570756,-0.06823424,0.2173881,0.11555426,0.17928614,0.13256048,-0.086639196,-0.18331529,0.029190004
cell_0344,-0.10409071,-0.077746056,-0.04569029,-0.09943972,-0.17132263,0.101188846,0.11749951,0.043450445,0.17629586,0.040641453,0.040124714,0.04340796,0.09908135,-0.055837456,0.24001552,-0.18882959,0.008891192,-0.07639946,-0.10809619,0.27831155,-0.034159243,-0.009009416,0.079770386,-0.13690726,0.029690731,0.031805627,0.090082794,-0.098239005,0.018710457,0.0980809,-0.25759414,0.04148435,-0.16028056,0.14577392,0.056839455,-0.16889939,-0.013084715,0.16786873,-0.168214,0.23322044,0.0022148592,-0.05313118,-0.16993034,-0.16653278,0.0022279331,-0.07747721,0.09137712,0.14930521,-0.20071487,0.1427786,-0.058364093,0.12382694,-0.13418004,-0.10703131,0.08941333,0.06819796,-0.06627352,0.17679687,0.12355575,0.108826384,0.171649,-0.14548494,-0.15313551,-0.10069037
cell_0345,-0.13197444,-0.10229762,-0.010763015,-0.05649494,-0.1467505,0.050962616,-0.01961487,-0.008963466,0.10270274,0.04920675,0.021396035,0.08324936,0.20549218,-0.028089259,0.2937944,-0.114086784,0.048543505,-0.009705173,-0.090036824,0.36436757,-0.010266085,0.026392015,0.03749556,-0.08998974,-0.05565161,0.04698064,0.1374681,-0.13734522,0.053144883,0.08312566,-0.16052908,-0.020919755,-0.16866755,0.17571393,0.056958444,-0.13499849,0.039422285,0.12705146,-0.19699873,0.20498541,-0.0067415377,-0.09037547,-0.12516923,-0.17986196,-0.014554392,-0.10469869,-0.001211256,0.14267616,-0.18168789,0.12198388,-0.065350614,0.09705218,-0.14928924,-0.12250481,0.09063609,0.017944166,-0.029923908,0.19678032,0.11488937,0.18709208,0.09286812,-0.10750881,-0.2286387,-0.118759446
cell_0346,-0.066437155,-0.0942013,-0.1265248,-0.07042186,-0.18735632,0.030046264,0.12954693,0.09032699,0.07357881,-0.01290025,0.05807988,0.09499048,0.057329338,0.017869482,0.2843839,-0.12834302,0.03993031,-0.043768294,-0.11959548,0.27793938,0.029317131,0.008120187,0.11728242,-0.10016843,0.02836484,0.061893582,0.088387094,-0.14265937,0.08411788,0.08345791,-0.16472553,0.08127174,-0.11698835,0.21068121,0.11753154,-0.03185133,0.09235251,0.102400206,-0.24485238,0.22467549,0.10366943,-0.11728972,-0.13593443,-0.24214938,0.042439308,-0.18176311,0.11428898,0.12697569,-0.08839564,0.17923406,-0.023293352,0.059633944,-0.18933588,-0.14342462,0.11868801,0.030600911,-0.08222423,0.19587845,0.1065291,0.1425974,0.093165465,-0.10352296,-0.059055924,0.04843487
cell_0347,-0.12160274,-0.1520018,-0.057189412,-0.090305485,-0.16105346,0.09752075,0.09663533,0.15384927,-0.0016932277,-0.0046237814,0.10620087,0.1236206,0.040079974,0.036089238,0.25536767,-0.16532955,0.14883365,-0.035292417,-0.094692625,0.3264154,0.046196807,0.033207033,0.042048775,-0.133678,-0.007533931,0.053338964,0.07327556,-0.16622567,0.042153638,-0.022709092,-0.11433451,0.11420645,-0.10216276,0.14269234,0.09132215,-0.12082153,-0.023801038,0.051962674,-0.23308231,0.18579221,0.07568323,-0.14910214,-0.1383683,-0.19193073,-0.009104307,-0.12338469,0.03992574,0.13671087,-0.10260097,0.17946498,-0.113856845,0.077472284,-0.15023726,-0.11208702,0.10579398,0.05172158,-0.08076073,0.22789715,0.14348216,0.105654396,0.09720003,-0.09263318,-0.22043729,-0.034281872
cell_0348,-0.055406433,-0.11828249,-0.118362755,-0.060717862,-0.14501803,0.075312376,0.053497076,0.048491783,0.1262949,0.022826929,0.09197483,0.054560274,0.06435392,-0.0054675215,0.2809058,-0.14583041,0.08616355,0.075200036,-0.06862388,0.2955047,-0.0024443064,0.017427519,0.085876614,-0.07110534,0.0141332615,0.07789381,0.15592869,-0.17848869,0.06128619,0.061067436,-0.16797577,0.1709522,-0.12860097,0.17177498,0.013449737,-0.07490634,0.06469938,0.102349415,-0.1923214,0.26508233,0.05111069,-0.15336561,-0.14061321,-0.1605041,-0.007313004,-0.11531672,0.05419993,0.089927986,-0.18302016,0.1539628,-0.115226746,0.11330417,-0.18302204,-0.11710912,0.13368586,-0.02197844,-0.022198653,0.14945707,0.15490492,0.16774118,0.14524674,-0.13198657,-0.15388358,0.0041404422
cell_0349,-0.0042527495,-0.11022295,-0.08651659,0.025446068,-0.20591117,0.0977657,0.09309374,0.20028539,0.05569151,0.007929941,0.1643601,0.10604507,-0.020631734,0.04808043,0.27480587,-0.047427412,0.10360536,-0.1448887,-0.035895802,0.27374902,0.0051886793,0.098727345,0.05481198,-0.11029729,0.020592978,0.03550273,-0.0018697021,-0.16322744,-0.069939345,0.07432874,-0.1193594,0.15160158,-0.04090899,0.19491625,0.15369956,-0.066515855,0.039731074,0.114997536,-0.2291579,0.2471911,0.19111474,-0.0810742,-0.09758247,-0.17737465,-0.05115411,-0.079845876,0.06653846,0.13183552,-0.020691967,0.17276043,0.103684194,0.012953341,-0.1293058,-0.16095218,0.18377164,0.010154103,-0.12373585,0.19555637,0.06768136,0.18977275,0.11208457,0.027764479,-0.09488034,0.054457325
cell_0350,-0.056484196,-0.0951138,-0.12210086,-0.01899847,-0.1458415,0.042836268,0.026423628,0.18654342,0.021989161,0.025850695,0.16428119,0.13392977,-0.03940873,0.07352175,0.2602819,-0.034899518,0.18090901,-0.09499668,-0.057844654,0.31769362,0.06126937,0.07138939,-0.006253826,-0.11904003,-0.046725426,0.031015646,0.045902885,-0.23957112,-0.020162955,0.014004344,-0.048893645,0.20499118,-0.08384723,0.18473056,0.11726551,-0.11829789,-0.08461824,0.09520783,-0.20579337,0.23596485,0.13486218,-0.10021896,-0.115049444,-0.24323288,-0.06611344,-0.08883275,0.07399656,0.12462607,-0.037686147,0.25363463,-0.008310834,0.067213096,-0.09478428,-0.2063736,0.16204321,0.010434955,0.011594734,0.1440404,0.009883677,0.07829672,0.058174085,0.030524056,-0.13394177,-0.021013275
cell_0351,-0.105533086,-0.15380293,-0.083227545,-0.097331144,-0.12802355,0.069817625,0.05075645,0.07503876,0.06998596,0.034309987,0.022818303,0.062306464,0.032143474,0.01948386,0.2464347,-0.13120016,0.13771603,0.018793873,-0.08950547,0.33840707,0.07054686,0.030335475,0.04023582,-0.070733905,-0.021159923,0.034095343,0.119808,-0.1837972,0.023592254,0.08457304,-0.19113213,0.08186067,-0.10983523,0.17988877,0.016689701,-0.083595894,0.021706803,0.13531996,-0.2047627,0.19528894,0.009457478,-0.17328055,-0.21462521,-0.21070063,0.010431876,-0.113923945,0.0159098,0.15720853,-0.05062596,0.15720038,-0.124788105,0.13506903,-0.1861961,-0.12962392,0.05797917,-0.0025831405,-0.045166444,0.2136764,0.09131009,0.17625149,0.09459477,-0.0505106,-0.21662746,-0.06180635
cell_0352,-0.08977753,-0.11928147,-0.10302771,-0.0533272,-0.18526335,0.042889085,0.10531827,0.1458126,0.0601799,-0.0251172,0.07594634,0.0570243,0.078031145,0.027999865,0.337963,-0.097065695,0.08184908,-0.058209676,-0.057191826,0.32173893,0.030405268,0.043527912,0.071523756,-0.083859704,0.018401297,0.032342672,0.11787585,-0.15037027,0.051248983,0.0531062,-0.13506772,0.06545694,-0.0857101,0.1749636,0.10160785,-0.083847634,0.086184904,0.05793395,-0.27085152,0.23689084,0.10074859,-0.10270955,-0.14248814,-0.1949789,0.013092075,-0.16656429,0.08933285,0.12734923,-0.15426433,0.11521071,-0.022231875,0.021570627,-0.15740977,-0.11153815,0.14232463,0.027665762,-0.11602193,0.19657078,0.13209677,0.14635359,0.17264107,-0.044512972,-0.082580596,0.041124474
cell_0353,-0.16501106,-0.12664764,-0.1149513,-0.054619614,-0.20000479,0.1144296,0.10889041,0.09293647,0.06283328,0.026195494,0.043095056,0.060927033,0.10338897,-0.051024172,0.30734044,-0.11490294,0.013269988,-0.05098906,-0.15782598,0.26833174,-0.009871443,0.0020830473,0.07166307,-0.03980554,-0.0026359805,0.07081086,0.0993186,-0.15926456,0.06928321,0.1311498,-0.23115852,0.006005433,-0.113924704,0.19509168,0.041389335,-0.10023083,0.13410829,0.09335267,-0.18305713,0.22625834,0.05374245,-0.092816636,-0.17412943,-0.13055149,-0.032283194,-0.18749616,0.072268166,0.14876327,-0.16950518,0.11764649,-0.056200653,0.06751486,-0.13866454,-0.1316759,0.06538654,0.08023649,-0.08899461,0.13150594,0.1056668,0.19221513,0.1131655,-0.05153516,-0.17364302,-0.020693908
cell_0354,-0.13926505,-0.08773928,-0.032282233,-0.054696582,-0.19385745,0.0758793,0.12560706,0.096170716,0.11377219,0.0401285,0.12210741,-0.06524408,-0.003044499,-0.06353753,0.29018164,-0.131413,-0.039331783,0.014050099,-0.12394266,0.30957264,-0.07749149,0.05192108,0.08936522,-0.12743668,0.016966738,0.030637307,-0.0068981657,-0.13016376,0.080805115,0.12119258,-0.2085358,0.054244082,-0.086392805,0.22137162,0.13155718,-0.11850363,0.14820555,0.13551809,-0.12785979,0.19418594,0.068345144,-0.09619441,-0.053729948,-0.1787259,-0.027596287,-0.110446624,0.047403514,0.09784688,-0.15350044,0.059410848,-0.07048176,0.08411573,-0.10782726,-0.08538019,0.15971644,-0.007953615,-0.011009866,0.122297235,0.17402339,0.19929732,0.067783915,-0.18156795,-0.25864875,-0.025038522
cell_0355,-0.09700023,-0.119786285,-0.15139076,-0.018026993,-0.053174797,0.11829781,0.098710775,0.07082337,0.0358551,0.07236619,0.11492677,0.096762076,0.06009067,0.05374148,0.2974957,-0.11744124,0.16180663,-0.08005924,-0.081930116,0.28235662,0.057918537,-0.015681922,0.05486844,-0.07686083,0.003844062,0.08079729,0.13621524,-0.12800011,-0.00991101,-0.0020833628,-0.16271119,0.16111809,-0.1341574,0.16786674,0.10022725,-0.0927181,-0.060010858,0.07901395,-0.28430468,0.25219336,0.09873412,-0.110814616,-0.1487607,-0.19228171,-0.06506078,-0.181673,0.10294357,0.066604145,-0.13847183,0.19855481,-0.07446883,0.029953975,-0.1284693,-0.2355689,0.17095394,0.0078618415,-0.031164812,0.06702808,0.10348963,0.035481025,0.08353255,0.0259964,-0.11213524,-0.038463265
cell_0356,0.0031985762,-0.037886385,-0.037292052,0.004292595,-0.16489546,0.14415231,0.0060107852,0.14940746,0.09261377,0.049028534,-0.001821758,0.15170541,-0.04103911,-0.06773413,0.3202953,-0.12689993,0.15975067,-0.08970293,0.053320266,0.3339737,-0.032049637,0.06548383,0.040968236,-0.0029963495,-0.022606354,-0.025397984,0.043524608,-0.18879274,0.041915867,0.10160628,-0.054530073,0.044262033,-0.09251432,0.21704613,0.090832576,-0.032600522,-0.068673186,0.14628123,-0.1894074,0.22731961,-0.016888838,-0.066036046,-0.16477875,-0.25316647,-0.026975159,-0.14559206,0.08379902,0.044541325,-0.12508544,0.27842033,-0.03996007,0.09560805,-0.0704793,-0.16567974,0.12104995,0.024814116,-0.06435915,0.24497153,0.100407325,0.06595193,0.05484114,0.008394021,-0.13524036,-0.013682598
cell_0357,-0.15045829,-0.16890134,-0.058815148,-0.12756689,-0.12101826,0.17668901,0.14330272,0.019054987,0.09371309,0.044789214,0.025240134,0.084543854,0.13031515,-0.07853263,0.2720291,-0.16442968,0.012680397,0.04483007,-0.21939187,0.2767763,0.05700601,0.047776207,0.091120735,-0.03486065,0.018332027,0.063631915,0.07821528,-0.11299436,0.04291192,0.11493662,-0.21589893,-0.015688304,-0.12127154,0.21869853,0.06501104,-0.13372482,0.037351247,0.10240848,-0.17258097,0.17717026,-0.012492926,-0.13829897,-0.1440671,-0.14528358,0.0137127545,-0.110384926,0.04179886,0.07211192,-0.097801134,0.14186168,-0.05081504,0.088106975,-0.18482535,-0.13228375,0.07326515,0.043752037,-0.051415343,0.19848385,0.17122659,0.10594248,0.12862267,-0.12906182,-0.1943504,-0.04174936
cell_0358,-0.14722714,-0.051535264,-0.15143016,-0.16272153,-0.040173575,0.0343761,0.16021636,0.03753861,0.112651095,-0.018933415,0.0014867636,0.05041794,0.04204659,-0.030680066,0.32839707,-0.14246476,0.02325922,-0.05481091,-0.105839044,0.23331071,-0.034464028,-0.0055037346,0.023907235,-0.0603539,0.088476755,0.0043619666,0.17162187,-0.1434935,0.06797725,0.002687595,-0.21626782,0.10183994,-0.06635584,0.102097064,0.064283304,-0.034956727,0.122377545,0.100091085,-0.21180207,0.2004265,0.03541804,-0.15074709,-0.12153003,-0.23390394,-0.017108142,-0.20394707,0.15356754,0.04746446,-0.19369797,0.07973394,-0.08767983,0.016296994,-0.25934994,-0.071359076,0.10807263,0.06310828,-0.09252366,0.1592115,0.16942318,0.08192119,0.19572893,-0.10791731,-0.05885849,-0.041051816
cell_0359,-0.08648066,-0.11556714,-0.025351804,-0.083229266,-0.24343535,0.08881407,0.055888966,0.05431776,0.1312988,0.05261562,0.028123472,0.025175681,0.018050151,-0.037821107,0.26191783,-0.12513016,0.05186223,-0.0041295215,-0.09243163,0.34864178,-0.0030180989,0.09752361,0.09286726,-0.10217995,0.01052081,0.0019382716,0.074083306,-0.18917076,0.042360295,0.1036235,-0.13021107,0.081886865,-0.122767985,0.20440596,0.093719,-0.11328701,-0.029013066,0.14614487,-0.14329886,0.2261822,0.03873178,-0.100837454,-0.13157901,-0.21858723,-0.01179103,-0.030184563,0.022885943,0.16366626,-0.11907162,0.1284527,-0.07658842,0.15420975,-0.09709832,-0.09994839,0.12402892,0.03725521,-0.031740766,0.229379,0.10922632,0.1587843,0.09401869,-0.13303167,-0.24497965,-0.02532371
cell_0360,-0.21891122,-0.13839762,-0.0071035204,-0.09716413,-0.17476086,0.1246272,0.054609265,0.051655505,0.07090103,0.06703082,0.050007023,0.021152193,0.10330396,0.028024545,0.27761337,-0.13240078,0.058325324,-0.033386614,-0.056926515,0.25181082,0.05930071,-0.0059341774,0.06928208,-0.044346184,-0.039268702,0.058343135,0.09485382,-0.1246003,0.019241387,0.045010414,-0.17851092,0.04044728,-0.17265132,0.16648895,0.039374653,-0.13041273,0.100940965,0.107187726,-0.21843328,0.16695239,0.088594556,-0.075592995,-0.18944632,-0.16802302,0.0334544,-0.13795517,0.055546753,0.14446007,-0.11953134,0.1799436,-0.033529233,0.06379006,-0.20923829,-0.09795966,0.02534174,0.13486703,-0.1277397,0.24797244,0.116419144,0.15456083,0.15017533,-0.06599488,-0.20103602,-0.06746566
cell_0361,-0.10494746,-0.110486984,-0.07363314,-0.1069326,-0.1390507,0.10787539,0.036978997,0.108714454,0.09003769,-0.020823468,0.13611013,0.09814721,0.13478573,-0.018264249,0.27733564,-0.14920507,0.08355975,-0.06665167,-0.16928542,0.26276034,-0.005372526,-0.04959692,0.10030421,-0.039346486,-0.005406324,0.11798187,0.15086529,-0.10037967,0.062003084,-0.0042960034,-0.16017142,0.09675497,-0.098790556,0.16293287,0.04298909,-0.16656843,0.021436568,0.075527504,-0.17698403,0.22868092,0.13552566,-0.14270578,-0.1434216,-0.19374467,-0.028289473,-0.17169705,0.13703997,0.17688683,-0.16189481,0.18823731,-0.06959491,0.06266611,-0.12170273,-0.11082772,0.09685589,0.07206214,-0.15490028,0.106619716,0.1404008,0.08737436,0.12041496,-0.08333071,-0.1476495,-0.039926738
cell_0362,-0.12935193,-0.08231406,0.01621869,-0.13300525,-0.1466836,0.16058075,0.0738902,0.027817994,0.1356535,0.06854247,0.016640516,0.062921755,0.10891091,-0.02777147,0.26370314,-0.17896889,0.059976783,-0.04420637,-0.08095527,0.26532573,0.03334131,-0.006189853,0.0659374,-0.094414,-0.02937017,0.020253563,0.1165548,-0.11781991,0.018669061,0.0674484,-0.17865412,0.05602566,-0.17621681,0.19531055,0.12810832,-0.15104325,0.011080187,0.09058342,-0.12825042,0.23014969,0.0062940796,-0.09842828,-0.15726331,-0.16382095,0.05026847,-0.11905902,0.05654988,0.13707815,-0.18098216,0.19625716,-0.041287314,0.08850158,-0.16809772,-0.12368124,0.10719423,0.11473256,-0.10415196,0.22906847,0.11989941,0.096865915,0.16164836,-0.13300951,-0.14917748,-0.09761818
cell_0363,-0.066052064,-0.06953213,-0.059177034,-0.015935307,-0.17144802,0.018170621,0.032353926,0.10283714,0.06929553,-0.003950729,0.10272328,0.061614912,0.0029499324,-0.026128238,0.31943724,-0.11998902,0.07608794,-0.025507588,-0.054942768,0.36795333,0.006516766,0.071221195,-0.014394627,-0.14156386,-0.037565425,-0.010346642,0.07233093,-0.2356,0.07676406,0.108009316,-0.05690887,0.07537175,-0.09460846,0.21022998,0.14144044,-0.10515962,-0.017080234,0.087628,-0.17524856,0.29006308,0.08559013,-0.06934394,-0.085792206,-0.21718773,-0.050882895,-0.13571042,0.030379057,0.07206042,-0.09947128,0.19344905,-0.08794119,0.058537103,-0.09001901,-0.19918321,0.16561423,-0.0039021072,0.010700138,0.22037323,0.12679006,0.09869348,0.046870608,-0.052039776,-0.18544936,0.04638615
cell_0364,-0.114423804,-0.07587892,-0.0590576,-0.047207095,-0.15191744,0.075067624,0.069836386,0.06399298,0.14452618,-0.008281918,0.038922276,0.07380397,0.114499964,-0.022243459,0.25162327,-0.10182638,0.04424672,-0.042701114,-0.09021887,0.22511691,-0.012169716,-0.020115891,0.10615582,-0.110758506,0.030449806,0.06950467,0.102061935,-0.10436026,0.014724277,0.0813277,-0.21391112,0.047482952,-0.15811063,0.13547665,0.09495567,-0.13252768,0.04395244,0.12658854,-0.21472253,0.19643492,0.07165666,-0.112481594,-0.18056838,-0.20748152,0.018159755,-0.17378807,0.07251582,0.19637199,-0.20927367,0.16178176,-0.057396576,0.07461447,-0.19947731,-0.10654863,0.0665822,0.10266116,-0.11555685,0.21547118,0.11447119,0.17148007,0.18100323,-0.11221398,-0.117313996,-0.084941916
cell_0365,-0.1031737,-0.106251694,-0.04813513,-0.046365116,-0.23407847,0.12900494,0.08205534,0.12552677,0.08980975,0.031224722,0.048385024,0.02196851,0.067378834,-0.049807843,0.3109601,-0.13246183,0.08771083,-0.059102338,-0.060940433,0.30996627,-0.015461393,0.037018258,0.06391446,-0.105632186,0.014892821,0.004925265,0.12838817,-0.16716364,0.07965777,0.088442996,-0.16012402,0.04489293,-0.08464461,0.14729844,0.16703726,-0.10174724,0.09567782,0.14051226,-0.22806874,0.28125075,0.07234402,-0.09825248,-0.1383135,-0.20625448,-0.005842384,-0.16029057,0.086104676,0.16377941,-0.14430244,0.08039848,-0.034269966,0.07679248,-0.072664246,-0.14699747,0.08110841,0.028925937,-0.07616008,0.17969543,0.09496458,0.13863501,0.12835443,-0.0318959,-0.12134349,-0.036838003
cell_0366,-0.14020836,-0.12344837,-0.106232196,-0.021262491,-0.21247168,0.048620205,0.051780228,0.07318465,0.07727471,-0.0073175128,0.0643417,0.052141193,0.025018293,-0.006262809,0.29874462,-0.15136823,-0.015963068,0.01880822,-0.0670583,0.23729472,0.020054968,-0.01036046,0.05826151,-0.086612925,-0.024942536,0.051889945,0.14399028,-0.12793852,0.047221653,0.05836354,-0.14850219,0.051075492,-0.08014764,0.16630335,0.07784197,-0.11260436,0.17937914,0.103910156,-0.1937603,0.27259466,0.095946655,-0.16766238,-0.13574317,-0.17359677,-0.008415511,-0.21125089,0.09189227,0.17339684,-0.10079339,0.10354365,-0.039046824,0.06344304,-0.1324245,-0.08224437,0.149488,-0.04018507,-0.0901996,0.17250867,0.1698806,0.23172137,0.15370496,-0.07839001,-0.16409814,0.0021512858
cell_0367,-0.05696444,-0.13108896,-0.079394236,-0.10838089,-0.23506181,0.10706486,0.121581756,0.07408898,0.059006702,0.054065473,0.099359214,0.08197613,0.10381367,0.00093490776,0.2682202,-0.14229155,0.058139715,-0.030232677,-0.06556329,0.36030087,-0.037543602,0.055063613,0.10887618,-0.04170883,-0.044365562,0.09008965,0.06787203,-0.09355073,0.0938518,0.09992915,-0.22870268,0.084402226,-0.07766508,0.2183405,0.030202776,-0.19171327,0.062741816,0.029772844,-0.15921547,0.22789858,0.066555336,-0.07826005,-0.16607264,-0.15791081,-0.012001181,-0.122928254,0.040813334,0.16188365,-0.10509653,0.10474419,-0.05106671,0.15562266,-0.10933599,-0.12323586,0.120887086,0.0403488,-0.09865777,0.14605367,0.12899487,0.14402935,0.1348714,-0.07359954,-0.16141497,-0.02103689
cell_0368,-0.12525436,-0.1317337,-0.06911422,-0.065261394,-0.13328096,0.111999966,0.05507323,0.02805155,0.17685637,0.06852,0.016827669,-0.046596482,0.084009774,-0.078535356,0.28318247,-0.19928987,0.02452846,0.059184685,-0.13810761,0.20874901,-0.044582676,0.013974925,0.0883345,-0.054867566,0.04472322,-0.0031855558,0.07907554,-0.106562525,0.1405505,0.15888663,-0.23179999,-0.044447493,-0.1700125,0.09306801,0.16452101,-0.06327104,0.12671055,0.20816456,-0.15246037,0.20126487,-0.033237696,-0.081979066,-0.1122796,-0.20218267,0.04452976,-0.14503363,0.058646865,0.09809828,-0.069728665,0.070290156,-0.0902347,0.05657412,-0.17044106,-0.065541774,0.12032913,0.086290024,-0.005137382,0.26627833,0.17686814,0.07821876,0.028953798,-0.10941897,-0.23112024,-0.109613426
cell_0369,-0.06415136,-0.05360995,-0.03307679,-0.040568262,-0.17922455,0.11628615,0.13980341,0.12347198,-0.008464318,0.16286862,0.086883545,0.05585774,0.13172601,-0.03575852,0.35087976,-0.116749704,0.018636264,-0.06583111,-0.090063654,0.37244645,-0.028443256,0.052353926,0.11731284,-0.037071593,0.026031416,0.09296404,0.03433486,-0.110490285,0.049918815,0.12392602,-0.13748011,0.090804175,-0.12766756,0.16906679,0.106048234,-0.124680735,0.0866849,0.122783765,-0.1774171,0.18702728,0.002970438,-0.049153563,-0.14324689,-0.20043641,-0.082093515,-0.1297865,0.05450032,0.060713407,-0.11245011,0.16268101,0.0111883115,0.055747446,-0.0937441,-0.17923936,0.103575654,0.012262828,-0.08508814,0.1833375,0.11401637,0.17626289,0.08983796,-0.001322385,-0.19396527,-0.021499606
cell_0370,-0.102314115,-0.108352065,-0.1079198,-0.05381718,-0.15990768,0.08095523,0.13255702,0.026477449,0.16116802,0.05551655,0.030466521,-0.030988125,0.04999862,-0.0072551416,0.29362488,-0.19058798,-0.035576176,0.052097917,-0.06490452,0.24128297,0.0064326026,-0.07673566,0.051029626,-0.1028055,-0.006239061,0.041296147,0.11561397,-0.16557734,0.10270004,0.06985369,-0.22231707,0.04529894,-0.14327851,0.14773744,0.13891098,-0.0030342112,0.14292143,0.13285539,-0.19736284,0.16105263,0.021954332,-0.07291368,-0.12207921,-0.19051035,0.045648016,-0.16909668,0.05064794,0.12494392,-0.13229284,0.040145334,-0.066911,0.05208497,-0.2075654,-0.069260426,0.093096405,0.022687564,-0.08414683,0.2422639,0.2135006,0.15285188,0.09333718,-0.16320115,-0.18062235,-0.07307294
cell_0371,-0.14083734,-0.16433361,-0.124505326,-0.049982935,-0.11135368,0.06562094,0.04229004,0.092664115,0.062095337,-0.05892075,0.0969264,0.088675894,0.15133351,0.044378802,0.35825664,-0.13692223,0.08654443,-0.042318795,-0.057718914,0.26105928,0.023988903,-0.059272405,0.07964617,-0.09094303,-0.0025374698,0.036513183,0.20733029,-0.13536587,0.10363633,0.0068447674,-0.09743211,0.029099341,-0.068747394,0.1149316,0.10145842,-0.15001045,0.056521516,0.06013981,-0.2566334,0.2530029,0.07382695,-0.07900847,-0.15195462,-0.18454517,0.028890103,-0.20930743,0.15733723,0.09187824,-0.13976088,0.12959939,-0.06647037,0.061994284,-0.13043065,-0.120554306,0.111175716,-0.0070346273,-0.091983005,0.15507306,0.13403961,0.1588982,0.1518515,-0.048980556,-0.0643563,-0.017816637
cell_0372,-0.061703645,-0.07884186,-0.06406089,-0.09054447,-0.12102,0.022184372,0.024886992,0.030688409,0.16738544,-0.02928644,0.090814546,-0.010048347,0.08624981,-0.0097106695,0.24891327,-0.1396419,0.06825731,-0.06376977,-0.06619203,0.27283096,-0.032353356,-0.030421415,0.077421986,-0.14176401,0.037537485,0.0769675,0.07495927,-0.11703213,0.058382776,0.052091878,-0.2200185,0.092261575,-0.13483565,0.1881212,0.04117229,-0.13528626,0.041423824,0.20546369,-0.1845655,0.23365891,0.045605704,-0.11558676,-0.11385979,-0.2210487,0.03929059,-0.15391688,0.07791504,0.15372917,-0.1449111,0.18704207,-0.04925974,0.07995309,-0.15281346,-0.1410967,0.09803258,0.044200826,-0.0757845,0.17543842,0.13581409,0.17481717,0.09738135,-0.1538778,-0.1884946,-0.13134207
cell_0373,-0.024356563,-0.08216297,-0.1227894,-0.05318693,-0.20761563,0.11182555,0.105210915,0.16818717,0.058466926,0.027825423,0.121450916,0.09307692,0.067611106,0.047418945,0.29930967,-0.08604811,0.08922825,-0.05867829,-0.074161135,0.33399335,-0.02640506,0.013187396,0.1241004,-0.06895864,-0.0011084438,0.047804397,0.0775074,-0.17701975,0.065612346,0.042099442,-0.124413185,0.11982662,-0.06665723,0.16887297,0.14015208,-0.10057603,0.023935968,0.06048036,-0.19155866,0.2540921,0.083633795,-0.13757274,-0.13851571,-0.20855899,-0.063261084,-0.1236603,0.097546384,0.15962356,-0.13883309,0.10454132,-0.020912422,0.0576106,-0.09008082,-0.15704156,0.14372557,0.02944743,-0.08250703,0.19719142,0.14856116,0.1345392,0.13889015,-0.04079951,-0.12902026,0.022672003
cell_0374,-0.12634315,-0.1881576,-0.07266996,-0.116363704,-0.18176161,0.11532065,0.16553126,0.13381872,0.051732622,0.008154767,0.07200845,0.120082475,0.032541122,0.048573103,0.27057064,-0.13257486,0.090696745,-0.092661485,-0.12106278,0.2667005,0.014508066,0.062356185,0.1287626,-0.10837547,-0.01334281,0.070767246,0.055785455,-0.13037555,-0.0049989554,0.07411497,-0.2279722,0.07224149,-0.084447555,0.1732627,0.11316302,-0.07770577,0.07289729,0.050614227,-0.18445496,0.20777409,0.095255695,-0.14130887,-0.19660139,-0.12965414,0.02975625,-0.13437612,0.060898095,0.16547188,-0.0897737,0.13995844,-0.025744872,0.102695145,-0.16039872,-0.12981167,0.0865987,0.062082857,-0.13439657,0.18222444,0.10467377,0.15892926,0.16326778,-0.021794325,-0.121562235,-0.028471453
cell_0375,-0.09919132,-0.08010842,-0.05012482,-0.14441937,-0.13950974,0.107737534,0.122064546,0.04752253,0.14658374,0.021780923,0.056028493,0.04608783,0.011703482,-0.01324752,0.25513023,-0.13594937,0.042529583,-0.05165765,-0.137492,0.32917884,-0.0016492245,0.065841794,0.09199984,-0.035276517,0.039736114,0.030119855,0.017873624,-0.1500217,0.08719879,0.050366025,-0.18314968,0.06975724,-0.15609317,0.18450318,0.05898004,-0.055469483,0.057908073,0.14092241,-0.17465551,0.16665205,-0.045734257,-0.05919466,-0.10020153,-0.18240096,-0.04306879,-0.1292848,0.042158242,0.018542945,-0.15578383,0.15572347,-0.11108884,0.12456912,-0.18438917,-0.08815974,0.10045457,0.0799905,-0.09363723,0.23627089,0.20986769,0.08555424,0.03412803,-0.16363737,-0.28984547,-0.052838888
cell_0376,-0.16788843,-0.14271206,-0.08383786,-0.1345042,-0.15695487,0.14960197,0.111588426,0.099255495,0.043670498,0.002128758,0.102302514,0.14174071,0.061164174,0.026324293,0.2845134,-0.1412848,0.096047185,-0.08027589,-0.14342102,0.2837795,0.0018424031,0.009815371,0.10488717,-0.07282504,-0.027934363,0.07176712,0.086808465,-0.107036926,0.013676743,0.028843135,-0.2115697,0.10025335,-0.07450322,0.20206723,0.08095642,-0.16193745,0.029806195,0.00692424,-0.17881942,0.23225614,0.1034789,-0.14644925,-0.1793385,-0.13704802,-0.024940906,-0.13148308,0.0990474,0.11551152,-0.12507176,0.17379598,-0.023637377,0.06301034,-0.16671893,-0.124766484,0.081699334,0.06350174,-0.12028539,0.13692504,0.12613551,0.115477405,0.19189605,-0.044164017,-0.09615456,-0.012661627
cell_0377,-0.098366104,-0.17052607,-0.07504891,-0.1455856,-0.19212055,0.13456252,0.08035103,0.136624,0.08301228,0.032655265,0.09696213,0.11231374,-0.028237028,-0.06332294,0.2872183,-0.11038687,0.04800288,-0.059857085,-0.12467045,0.30395618,-0.014669921,0.079874314,0.01954293,-0.11287868,-0.035200167,0.04191038,0.081414245,-0.24003673,-0.031038113,0.02181249,-0.14588599,0.14993456,-0.03451942,0.17265244,0.117052846,-0.14690425,-0.051598385,0.018160434,-0.24049462,0.25263712,0.12669632,-0.13029183,-0.14740331,-0.13890418,-0.11484906,-0.1271382,0.062583454,0.08271515,-0.1635659,0.16644779,-0.027576111,0.05610319,-0.039824452,-0.18635744,0.109751076,0.016042396,-0.021425268,0.12178393,0.10430961,0.07627563,0.16694419,-0.036129482,-0.07298734,-0.016087802
cell_0378,-0.1383665,-0.14108562,-0.031754587,-0.08603747,-0.17690721,0.122635566,0.06172358,0.0038985487,0.12084274,0.038538158,-0.0038934916,0.021409882,0.033156205,-0.05369581,0.33924094,-0.077046774,0.079171866,-0.04266856,-0.15669194,0.34282324,-0.03806478,0.043444563,0.05941042,-0.052974764,0.057104513,0.023659114,0.029930422,-0.20582908,0.05948179,0.045778558,-0.16659057,0.044957343,-0.10240305,0.15779583,0.05777431,-0.06978622,0.051354077,0.10222719,-0.29496932,0.13052332,0.08089668,-0.07567548,-0.18232559,-0.1955642,-0.032476738,-0.19102955,0.05477426,0.07716533,-0.15869328,0.16907321,-0.08540314,0.16022609,-0.15721132,-0.091049545,0.060631193,0.07583257,0.011599265,0.20995627,0.13855372,0.10075316,0.040447287,-0.072721586,-0.1334189,-0.006317706
cell_0379,-0.14834659,-0.13085683,-0.084341384,-0.06395254,-0.13565436,0.02904236,0.082880855,0.08073637,0.08832715,-0.029014727,0.11679162,0.08476068,0.12593366,0.051114082,0.2888253,-0.1086543,0.087490775,-0.0011049205,-0.09298628,0.31975913,0.046349976,-0.0068778163,0.088143766,-0.086367615,0.010291647,0.022250284,0.12308483,-0.148957,0.062440533,0.032851357,-0.12614994,0.05518943,-0.1315394,0.14074269,0.044953793,-0.10763807,0.059053626,0.08004385,-0.20426126,0.21787503,0.060027886,-0.14155874,-0.18096201,-0.17006157,0.017599013,-0.15107398,0.113612965,0.14286518,-0.17506145,0.14410144,-0.06257119,0.11609922,-0.19284941,-0.09001153,0.12433634,0.035158187,-0.10266162,0.20270173,0.15443937,0.16528876,0.14289677,-0.08605208,-0.1453785,-0.043572005
cell_0380,-0.07171629,-0.13395812,-0.077311136,-0.1053832,-0.15229754,0.1247322,0.047472425,0.13833973,0.14234176,-0.007349302,0.113201745,0.07553379,0.046678573,-0.010390862,0.25598428,-0.10070284,0.1539472,-0.10713523,-0.013344932,0.30361494,-0.01650044,0.0181597,0.07771997,-0.08524735,1.8162373e-05,0.06423639,0.045087304,-0.12208205,-0.053813078,0.07339781,-0.20709589,0.1419963,-0.10606615,0.18308073,0.0495657,-0.17090115,-0.035992406,0.13071555,-0.25713596,0.17741807,0.13340916,-0.12703988,-0.1109638,-0.21183917,-0.06349443,-0.066079855,0.08888194,0.14125983,-0.11975297,0.17885616,-0.027039176,0.048605494,-0.1066654,-0.14403014,0.13249375,-0.0035049864,-0.10364901,0.16340959,0.09700024,0.13234365,0.18267362,-0.024637192,-0.17476454,-0.035465896
cell_0381,-0.10493501,-0.08537234,-0.102061674,-0.04818053,-0.03823025,0.037620075,0.08893099,0.11661844,0.09214801,0.0101325195,0.121910766,0.0050578015,0.1514618,0.05626529,0.30610365,-0.12111779,0.06439565,-0.04009063,-0.053564858,0.2964634,-0.019298531,0.017163496,0.08190759,-0.061006386,0.07450245,0.018754754,0.08579918,-0.18924712,0.011553844,0.04893868,-0.18101399,0.11647854,-0.1994181,0.1327773,0.025545966,-0.031532217,0.06586018,0.16613422,-0.26757953,0.1658961,0.04678783,-0.17620835,-0.09687575,-0.18488811,-0.03626222,-0.09384145,0.049269244,0.17076509,-0.21087416,0.15503909,-0.053518824,0.056079205,-0.20253564,-0.21043067,0.10047368,0.012182221,-0.090264365,0.12263355,0.08919196,0.08317331,0.16185012,-0.08526801,-0.15201956,-0.088057436
cell_0382,-0.13309747,-0.09751159,-0.11798217,-0.17268285,-0.17863816,0.09021829,0.071072534,-0.008823897,0.06688904,0.055906814,0.010489929,0.06481967,0.12272988,-0.015953751,0.30884576,-0.15829875,0.025914928,-0.04689858,-0.14178987,0.31411827,-0.032635156,-0.0022356953,0.1283318,-0.07888848,0.008074843,0.08378023,0.06946242,-0.1148491,0.044125155,0.08966227,-0.24114738,0.03311599,-0.11887662,0.14678876,0.062192563,-0.07709466,0.12269551,0.077181146,-0.18924743,0.19315067,0.07692117,-0.097047135,-0.17036924,-0.1843595,0.007969574,-0.2143043,0.16008621,0.15665647,-0.17641611,0.09581018,-0.038857974,0.026591066,-0.17827554,-0.12295365,0.054256096,0.06093039,-0.098557636,0.17782319,0.08988872,0.11041322,0.14166653,-0.024536107,-0.053986114,-0.03231107
cell_0383,-0.092505805,-0.09229418,0.007500693,-0.04108549,-0.18993267,0.1536832,-0.015159733,0.06024402,0.11284653,-0.008164058,0.112865545,0.0759871,0.009091278,-0.08821053,0.2841965,-0.08126876,0.10071081,-0.032286823,-0.048942998,0.26557222,-0.11064668,0.03697932,0.063552864,-0.068041116,0.0053897663,0.065578654,0.107218646,-0.17340124,0.048627667,0.13656123,-0.23008339,0.15028177,-0.09629996,0.17168441,0.10498238,-0.120719425,0.033739775,0.0890484,-0.19054334,0.2165118,0.06423587,-0.1444693,-0.099619456,-0.19448657,-0.03293704,-0.12706955,0.045149893,0.08881262,-0.106408454,0.15272158,-0.108551204,0.062395293,-0.18004109,-0.089875266,0.18398193,0.09010537,-0.08291199,0.16304675,0.15447384,0.15133303,0.15084916,-0.12923014,-0.18216652,-0.010652188
cell_0384,-0.12864597,-0.121761955,-0.08584216,-0.12823783,-0.18134935,0.09224599,0.12802961,0.070160046,0.014927474,0.008769041,0.04615586,0.04708155,-0.004176048,0.03704587,0.30651122,-0.11982071,0.05897896,-0.06623508,-0.0991354,0.3239571,-0.007513291,-0.008561777,0.064875856,-0.08511304,-0.034500197,0.048600186,0.05213081,-0.18551062,0.08393531,0.104676,-0.1680467,0.103238404,-0.08104254,0.19959825,0.10292891,-0.10724418,0.10661787,0.057851434,-0.24464607,0.20680872,0.098318696,-0.13289534,-0.1967082,-0.20550492,-0.0012710493,-0.14280683,0.06203296,0.1370523,-0.09594687,0.15811945,-0.07166892,0.11195419,-0.15365231,-0.1346042,0.071761616,0.05986192,-0.071302585,0.18020977,0.105956554,0.14315842,0.11809139,-0.06509058,-0.08889776,0.03353034
cell_0385,-0.104232915,-0.114301614,-0.036919817,-0.07055162,-0.1705291,0.06273241,0.047497615,0.05849154,0.18453148,0.051278993,0.06318386,0.043194864,0.07633969,-0.01711651,0.26691535,-0.15313336,0.059228666,-0.060831115,-0.064206846,0.2943991,0.037623193,-0.003938227,0.08153131,-0.11384125,0.002336483,0.062624484,0.11910525,-0.13818423,0.039062824,0.08549285,-0.17380035,0.065019466,-0.15306528,0.19414681,0.054585863,-0.15084358,-0.014861255,0.18713179,-0.19782996,0.22983591,-0.012526769,-0.072214305,-0.15466295,-0.20365423,0.016206646,-0.103428245,0.04368972,0.13299283,-0.16530363,0.13225052,-0.083442815,0.13249858,-0.118750796,-0.05886033,0.124414586,0.042915072,-0.063997686,0.17338434,0.090502426,0.17381886,0.12731548,-0.15153551,-0.21007751,-0.11269281
cell_0386,-0.13428712,-0.11343925,-0.12314905,-0.08233204,-0.09115866,0.041614402,0.058380097,0.19010292,0.12117561,-0.008268677,0.09291808,0.1467683,0.13320933,0.017701102,0.23617335,-0.12282648,0.14411898,-0.059258066,-0.14730072,0.24279448,0.08617184,0.11815275,0.063113645,-0.08255279,0.0108531,-0.032705054,0.061524376,-0.15928519,-0.05013471,0.041328173,-0.1527808,0.12126021,-0.1622367,0.16792928,0.07530959,-0.09162453,-0.058016375,0.114291996,-0.20115365,0.198392,0.08054529,-0.18703374,-0.09217594,-0.17617229,-0.010260142,-0.07472116,0.08988155,0.20610233,-0.16969042,0.17414884,0.021038705,0.033153493,-0.13874143,-0.21931377,0.1319657,-0.0037827026,0.009358589,0.17246358,0.052894626,0.08899774,0.18431002,-0.039732713,-0.13733421,-0.107263654
cell_0387,-0.08875237,-0.1242506,-0.03975402,-0.1255135,-0.17671224,0.13855158,0.06084614,0.10497262,-0.00409777,0.07777944,0.07528848,-0.013549738,-0.060529664,0.004129641,0.2880944,-0.13137713,0.096097745,-0.09097743,-0.052707177,0.30549937,-0.08103053,-0.01623481,0.033062827,-0.10250158,0.008874085,0.031213544,0.053163193,-0.20505963,0.038755108,0.09977253,-0.19574575,0.09355694,-0.11497608,0.12323246,0.124321505,-0.056225117,0.053003803,0.09826617,-0.21197546,0.22447461,0.059840463,-0.10296583,-0.19869067,-0.21351683,-0.06127659,-0.15014282,0.07954336,0.16485254,-0.1705437,0.14636782,-0.12418437,0.11369972,-0.112186916,-0.083125584,0.09377365,0.13517842,-0.08090242,0.15099445,0.12607642,0.11992912,0.09863024,-0.08911416,-0.15537542,-0.033587057
cell_0388,0.0052855,-0.11388848,-0.1417732,-0.063459136,-0.259318,0.048942897,0.061974633,0.14818934,0.08981167,0.0013840687,0.09802884,0.05575522,0.08427173,-0.058743905,0.2568075,-0.08167831,0.10255331,-0.07777368,-0.120947406,0.34481323,-0.049103025,0.10205729,0.13049579,-0.15460497,0.028857049,0.05075733,-0.0064224578,-0.15596703,0.06862127,0.08627082,-0.21619147,0.021097023,-0.102186695,0.21618453,0.02104446,-0.11401947,0.06371317,0.08527727,-0.2527899,0.17737895,0.10968143,-0.06696627,-0.1388231,-0.16447785,-0.054422427,-0.11465348,0.10765311,0.1076549,-0.14587277,0.12317353,0.010466048,0.07479844,-0.04624004,-0.18745203,0.09254719,0.054563403,-0.044034056,0.14065768,0.10688226,0.15770797,0.030742034,-0.06624214,-0.19645526,-0.012137575
cell_0389,-0.19533809,-0.12381646,-0.10748377,-0.0590217,-0.14105277,0.11235777,0.06837563,0.08450907,0.09702228,0.06309112,0.09810991,0.06608053,0.03546078,0.016217386,0.33903944,-0.1455838,0.020163631,-0.09282374,-0.09291964,0.2541765,0.011678609,0.036456585,0.0067087184,-0.016314223,-0.08605289,0.110421434,0.06953931,-0.14064783,0.031480566,0.07383353,-0.21714021,0.04405417,-0.080170065,0.22127214,0.03496862,-0.123329386,0.11259571,0.0982728,-0.18920484,0.2947629,0.08741976,-0.111456305,-0.15630107,-0.15374188,-0.034760807,-0.20288289,0.07729539,0.123902015,-0.14383255,0.15336539,-0.04558435,0.08570204,-0.15231203,-0.12353118,0.04617796,0.031154918,-0.06544236,0.13242906,0.097405225,0.15954593,0.15135731,-0.033831477,-0.1003572,-0.059608128
cell_0390,-0.14760832,-0.051992375,-0.054287247,-0.1271701,-0.14361167,0.046075083,0.0035764386,0.026539229,0.13212061,0.037433542,0.0826323,0.07578134,0.12667665,-0.0117480485,0.20690253,-0.17741261,0.067140736,-0.02303738,-0.13469772,0.32232714,0.0013899377,0.036193836,0.014005531,-0.14107664,-0.026406918,0.072591946,0.06802738,-0.15912545,0.018150184,0.028175155,-0.17931102,0.063992895,-0.1825661,0.21998623,0.01327526,-0.12838925,-0.023684463,0.10353019,-0.11207475,0.23600103,0.026732558,-0.12441599,-0.15633191,-0.14550461,-0.01323343,-0.07196829,0.046358276,0.21084578,-0.2187441,0.21262993,-0.03908137,0.109452575,-0.15091796,-0.12699302,0.10706739,0.06699502,-0.02827345,0.17253853,0.10344692,0.082235165,0.06603931,-0.1623003,-0.20076677,-0.13077709
cell_0391,-0.07280101,-0.12312329,-0.06302513,-0.07141773,-0.16023971,0.04219942,0.051656973,0.07376273,0.05711112,-0.015070001,0.10484091,0.10268783,0.0330098,-0.037853282,0.35049596,-0.071203396,0.07559019,0.024374243,-0.17082828,0.319561,-0.066601984,-0.0022802285,0.11330654,-0.019651279,0.03134777,0.005780902,0.108972915,-0.20826192,0.16939199,0.02008293,-0.13353583,0.09613743,-0.053555995,0.20241731,0.107299566,-0.07433493,0.054439355,-0.016718775,-0.2354601,0.23450913,0.08405089,-0.1375,-0.08727206,-0.24805355,-0.013175368,-0.15241934,0.06570308,0.06504851,-0.08435648,0.11111192,-0.07734909,0.05848225,-0.12613726,-0.11694801,0.17833556,0.0015556797,-0.08908656,0.10546956,0.187858,0.12221581,0.10617017,-0.13077107,-0.13993454,0.05093479
cell_0392,-0.12752776,-0.11863214,-0.037801586,-0.09537334,-0.1153506,0.13693152,0.07433104,0.14230736,0.041994873,0.029218525,0.08731067,0.11654705,0.028799495,0.05340279,0.31599823,-0.12905367,0.15941314,-0.08733684,-0.024144672,0.34280488,-0.04777869,-0.0146480445,0.077824585,-0.050306927,-0.038515635,0.07409658,0.04811007,-0.16648836,0.024339285,0.02863071,-0.1594731,0.14451852,-0.07840559,0.20266496,0.06830518,-0.17599794,0.00071843655,0.06094411,-0.24403113,0.21454038,0.076244526,-0.060335416,-0.18683478,-0.14108121,-0.027138537,-0.10569166,0.077254966,0.107981,-0.06923596,0.19133337,-0.019453332,0.07203417,-0.13773385,-0.1183817,0.08895718,0.019646864,-0.13708691,0.19454508,0.14427686,0.13653867,0.14926364,-0.017370699,-0.114132434,-0.06645376
cell_0393,-0.1789399,-0.13787028,-0.122634344,-0.049586967,-0.1743908,0.06995817,0.081472784,0.12204311,0.047170565,0.0005052112,0.097698346,0.06767409,0.0781226,0.031658936,0.28315547,-0.1684001,0.070331074,-0.03486513,-0.111246444,0.25510997,-0.039844446,0.055611126,0.021401012,-0.08364487,-0.045949202,0.02283078,0.13886604,-0.21633676,0.08113935,0.067849256,-0.13587223,0.064085156,-0.07293747,0.12658656,0.09277095,-0.119033106,0.055779725,0.10272807,-0.18089871,0.28893778,0.10205507,-0.13174465,-0.14156483,-0.23467067,0.0155576,-0.1919309,0.09380295,0.21519601,-0.09807106,0.12211053,-0.110103756,0.08135999,-0.16190064,-0.13711683,0.11964934,0.061725397,-0.032758046,0.13190342,0.04033744,0.1370817,0.09362762,-0.041006688,-0.13765132,-0.0256528
cell_0394,-0.14617151,-0.116911195,-0.032332536,-0.048571177,-0.1606012,0.07049344,0.05244395,0.06420345,0.110548235,0.030437807,0.08921403,0.013364363,0.0900813,0.041052274,0.32056025,-0.14206113,0.0013434223,0.015850341,-0.08732928,0.2549918,0.032250464,-0.016109599,0.07408889,-0.0829188,-0.0020030804,0.030449929,0.089386925,-0.14649835,0.06346445,0.01846911,-0.13598408,0.100032516,-0.14859308,0.14725143,0.1365807,-0.10967029,0.11055139,0.14928052,-0.19504577,0.20071642,0.098194346,-0.11986422,-0.10768124,-0.26663482,0.07595777,-0.17695858,0.09183197,0.12457097,-0.112111054,0.13477038,-0.054586492,0.085457385,-0.21164562,-0.072442465,0.15242538,0.039432764,-0.052261345,0.21418612,0.1372772,0.14784329,0.14264984,-0.11906067,-0.14385913,-0.0685383
cell_0395,-0.1431496,-0.16300096,-0.005455714,-0.09348313,-0.18637079,0.10342351,0.10255968,0.03500327,0.072283596,0.009533269,0.03975818,0.003190521,0.060352284,0.002256636,0.29664195,-0.14272276,-0.012855909,-0.0055432636,-0.09359809,0.27470538,-0.06865367,-0.014374877,0.07880074,-0.11628114,0.019095086,0.027101107,0.1369828,-0.14466704,0.08227409,0.06801529,-0.25910768,0.059375286,-0.102269515,0.1215004,0.06876685,-0.12030325,0.082314335,0.098491244,-0.23368208,0.16969538,0.0009906795,-0.08223821,-0.19168091,-0.15285376,0.04828324,-0.09633687,0.021075364,0.14742926,-0.16828464,0.054595422,-0.090479024,0.119457796,-0.14544284,-0.054406628,0.061234143,0.09240954,-0.08625172,0.18801078,0.17995238,0.15514515,0.14714926,-0.18021838,-0.19116098,-0.105435066
cell_0396,-0.018328547,-0.108908184,-0.061832767,0.0063168583,-0.060214713,0.075239584,0.14305383,0.031265493,0.041420955,0.072211064,0.015499343,0.04944452,0.048365127,-0.13850407,0.31855157,-0.12882379,-0.009863234,-0.026282584,-0.14118473,0.29048005,-0.009675445,0.10422257,0.08504681,0.019235369,0.05795248,0.000765825,0.042690817,-0.15322463,0.0887533,0.14386044,-0.25525925,0.04426936,-0.083699934,0.16720998,0.009506337,0.034020487,0.11159075,0.19904765,-0.18815807,0.15466759,-0.035496913,-0.112297095,-0.16562167,-0.19259268,-0.0031456817,-0.24000572,0.052456427,0.017005427,-0.02082116,0.16905786,-0.08170401,0.028707331,-0.20588572,-0.20045908,0.09332205,-0.008153342,-0.09323492,0.24297325,0.11538613,0.15156773,0.059189003,-0.07288275,-0.16629556,0.03146968
cell_0397,-0.04182365,-0.12552154,-0.022000609,-0.07692886,-0.22832118,0.06359645,0.049116936,0.094885394,0.086266436,0.05393099,0.101810515,0.05250355,-0.054326337,-0.06958457,0.25444803,-0.088127345,0.14187229,-0.0054623066,-0.056848377,0.2961977,-0.07491794,0.10511435,0.03826246,-0.15569207,0.03593467,0.005474604,0.046717703,-0.2285713,0.08468926,0.045600656,-0.1641586,0.14765176,-0.041753966,0.122909464,0.12025849,-0.13070026,-0.017716039,0.13925953,-0.22974418,0.2629825,0.07677927,-0.13225648,-0.13246705,-0.17226003,-0.018566275,-0.073281735,0.05604512,0.080546275,-0.08705614,0.17122298,-0.08685094,0.17719604,-0.04786354,-0.058123782,0.23590222,0.05062413,-0.021818897,0.16516519,0.14093474,0.15645225,0.069630004,-0.120356716,-0.17414577,0.0041465177
cell_0398,-0.162851,-0.124224275,-0.07713641,-0.060721215,-0.2307393,0.12101182,0.11105099,0.04831784,0.07897777,0.05281485,0.045322753,0.05993989,0.12703486,-0.00095203216,0.29288194,-0.16759937,0.020377463,-0.04025926,-0.17293575,0.233201,0.0561883,0.0017548439,0.093073145,-0.10545637,0.023615295,0.10269333,0.027139632,-0.103269406,0.05453116,0.061392214,-0.20031652,0.073024385,-0.13798912,0.17537591,0.09299442,-0.09316696,0.045184948,0.12602492,-0.20388035,0.1594084,0.085532494,-0.09510359,-0.13951525,-0.16032343,0.002692503,-0.13720635,0.1033105,0.14949769,-0.17754547,0.10429219,-0.042726215,0.10528566,-0.12666762,-0.12370863,0.106721655,0.07325441,-0.081666596,0.21207705,0.17823395,0.11208878,0.10758208,-0.09787227,-0.22360772,-0.035279088
cell_0399,-0.10766799,-0.14304279,0.0006743222,-0.12978987,-0.17867532,0.08310244,0.07865789,0.0863066,0.05127887,0.033934798,0.030139804,0.03348811,-0.077813394,-0.04345812,0.28790826,-0.1271629,0.088533856,-0.038901225,-0.12660888,0.2913011,-0.028877847,0.00726697,0.031730734,-0.067102164,0.049718216,-0.019987367,0.057719145,-0.22609264,0.047855403,0.05725735,-0.17374207,0.099565595,-0.06746384,0.20002174,0.065659374,-0.050740063,0.05958223,0.123845756,-0.17815828,0.17228737,0.026367838,-0.1522482,-0.19599494,-0.20014389,-0.008571257,-0.20275287,0.01556421,0.20001705,-0.13854097,0.16854186,-0.08813089,0.16049059,-0.09081421,-0.08761453,0.13346906,0.06689772,-0.07245329,0.16044186,0.10463553,0.16360627,0.07981975,-0.11165164,-0.19452658,-0.0770628
cell_0400,0.14007746,-0.10706091,-0.048663806,0.13526164,0.024789935,0.013435063,-0.05773562,0.15455277,-0.049832396,0.0033042144,0.14983425,0.14055243,-0.11647023,0.22054307,0.2121545,0.06412726,0.15176761,-0.19360408,0.13168749,0.21631354,0.0112130195,0.07493554,-0.0337572,0.04754668,-0.10554949,-0.018833503,0.032867976,-0.19836973,-0.12545422,-0.04577574,0.05508879,0.19735126,0.06842494,0.1903856,-0.0666252,0.002447678,-0.14644016,-0.11137156,-0.24412058,0.20249319,0.21582825,0.028528286,0.014249527,-0.046429496,-0.10744044,0.04177989,0.16945696,0.0100042615,0.06707261,0.19136116,0.14023422,-0.13305771,-0.033570334,-0.23466755,0.129395,-0.08105344,-0.051652923,0.07096706,-0.06271495,0.08382116,0.119137734,0.14734547,0.08499095,0.16495797
cell_0401,0.083564594,-0.14396812,-0.1354188,0.10698498,-0.009088618,-0.016677707,-0.080476135,0.1599895,-0.06153267,-0.046029564,0.13830991,0.11634176,-0.11364176,0.18586361,0.23170274,0.100407615,0.18084472,-0.16929002,0.13678849,0.27669463,0.023606565,0.117604055,0.00924557,-0.012663611,-0.10565459,-0.0179015,0.019957619,-0.23564929,-0.0978048,0.036182716,0.04763843,0.19361873,0.03231429,0.16821338,0.020290969,-0.010734882,-0.12122537,-0.062314,-0.23380265,0.19447449,0.20087379,-0.008853069,0.024753172,-0.11971833,-0.11764291,-0.04536124,0.09524888,0.041301247,0.09553792,0.19974992,0.06857659,-0.12000655,-0.050570183,-0.24592349,0.11618908,-0.06848501,0.0054369094,0.08597155,-0.07808194,0.08666285,0.08374192,0.17306268,0.113412306,0.16664529
cell_0402,0.109158255,-0.1522571,-0.09663819,0.093598045,0.0033717307,-0.08331773,-0.19577058,0.18469304,-0.022411777,0.01039503,0.16675745,0.0720626,-0.11339266,0.19311564,0.14744565,0.15955256,0.13837186,-0.15499277,0.131017,0.2184388,0.034218304,0.12929545,0.009528048,0.056587428,-0.10344276,-0.0059697037,0.01830881,-0.2029426,-0.1698116,-0.035087883,0.074501105,0.14683004,0.06901521,0.14257875,-0.030788736,0.06045726,-0.15950967,-0.12921332,-0.15156148,0.18481812,0.21712272,0.02975073,0.081907175,-0.044688728,-0.111960635,0.018178836,0.09391674,0.02279931,0.13325398,0.19566049,0.10675265,-0.17598462,0.026434612,-0.269879,0.109244645,-0.1100062,0.023113875,0.09044636,-0.07144567,0.02260064,0.02666825,0.21372525,0.09108636,0.15777317
cell_0403,0.14602955,-0.08369352,-0.07727163,0.11695625,0.0011828841,-0.04187385,-0.08297325,0.13489167,-0.038106263,0.005585883,0.14679125,0.15381804,-0.12560515,0.16602144,0.22726722,0.07374617,0.18567075,-0.21072838,0.11440586,0.19731317,-0.0070636636,0.07219117,-0.06545553,0.122729614,-0.084294245,0.022683306,0.034380194,-0.16456823,-0.20743482,-0.02953116,0.051886514,0.17574163,0.052100796,0.14674391,-0.058069896,-0.0114577,-0.25770414,-0.18135774,-0.18578331,0.16125025,0.2011663,0.03690335,-0.028407967,0.0108963465,-0.11816825,0.059222236,0.13098082,-0.049627133,-0.009071512,0.16046385,0.17424792,-0.14163698,-0.019645756,-0.23379612,0.17502883,-0.0853564,-0.07152152,0.012668559,-0.04608058,-0.0027176894,0.15535508,0.14829516,0.07244664,0.11736087
cell_0404,0.17972334,-0.119126104,-0.12472863,0.114292026,-0.037990514,-0.044679545,-0.048318394,0.14773554,-0.02868459,-0.002817002,0.13132599,0.13315205,-0.13713819,0.1653434,0.22515386,0.09858716,0.15165167,-0.21068951,0.12584232,0.21499102,0.05243227,0.120924614,-0.048513878,0.050315257,-0.11072234,0.0066677,0.037613202,-0.14952347,-0.16438508,-0.046117708,0.08574026,0.1635961,0.11418297,0.16938758,-0.010789994,0.014997311,-0.1288914,-0.09949954,-0.21230718,0.18155606,0.19058602,0.054881584,0.040137447,-0.05732983,-0.114816196,-0.003312775,0.10974809,-0.06432413,0.13046427,0.18357253,0.19603653,-0.12680313,-0.004577448,-0.23192537,0.12839505,-0.10879124,0.01447663,0.1266895,-0.102541566,0.05689523,0.021875864,0.2002532,0.09118389,0.1318459
cell_0405,0.074471995,-0.19128276,-0.05707431,0.07235844,-0.034307554,0.062762395,-0.012375696,0.23925848,0.027758325,-0.0051350193,0.13746129,0.10883467,-0.11338089,0.21461979,0.1942383,0.056588247,0.16805194,-0.18394771,0.06830923,0.20960394,-0.0146625275,0.099206775,0.056339342,0.12660196,-0.04275211,0.024592686,0.107562415,-0.17001104,-0.21595716,0.029596172,-0.034714762,0.22293214,0.02857857,0.14587176,-0.023619002,-0.026718838,-0.19023715,-0.102053255,-0.17284419,0.19525248,0.15934265,-0.027405893,-0.040211543,-0.058324207,-0.040886585,-0.04204541,0.09345701,0.04681389,0.06158055,0.15663615,0.09017143,-0.053686325,-0.06672723,-0.28184476,0.16124582,-0.109628245,-0.10786339,0.1252924,-0.01359772,0.13511923,0.23183076,0.12983628,0.046807032,0.10440134
cell_0406,0.10377622,-0.096717715,-0.05926549,0.13965319,-0.06643204,0.007661815,-0.006137021,0.25700283,-0.030322384,0.028593516,0.0946954,0.09571536,-0.13024518,0.16427203,0.15981032,0.16049448,0.11677091,-0.2196381,0.12372073,0.25049102,-0.0077914177,0.134953,-0.034931824,0.082012676,-0.13031875,-0.058379307,0.03601506,-0.17961563,-0.13590157,-0.011551325,0.004152968,0.20960273,0.09183346,0.233489,-0.1055057,-0.048844453,-0.03553415,-0.061834455,-0.26298028,0.156885,0.23458993,-0.0025277587,0.01786288,-0.04176176,-0.022064101,-0.0003378833,0.092127606,0.037935194,0.08274282,0.24785598,0.109861605,-0.07081114,-0.0094572,-0.20509101,0.10802891,-0.059629,-0.04517686,0.13704987,-0.05052405,0.11371028,0.12668209,0.097332224,0.026205447,0.2010983
cell_0407,0.17982213,-0.13629428,-0.08067506,0.07818282,-0.030719025,-0.019953795,-0.07260489,0.16591763,-0.014888003,-0.04444087,0.11100457,0.12505215,-0.11528797,0.18523914,0.26412645,0.091362946,0.13902129,-0.20191514,0.08590164,0.23053004,0.036280245,0.12491778,-0.046937827,0.028355142,-0.11455612,-0.026901787,0.009050059,-0.1509822,-0.15775436,-0.036315046,0.07230524,0.18975584,0.13572872,0.18185215,-0.03712242,0.013552739,-0.13245772,-0.10994191,-0.24708518,0.17946309,0.13612781,0.061480105,0.03381793,-0.07049894,-0.0949653,0.011112423,0.15345716,-0.06532568,0.12797728,0.17146695,0.16227025,-0.11470866,-0.002803499,-0.23495564,0.054523133,-0.11209974,0.0015828196,0.1288165,-0.10147856,0.08637382,0.08684452,0.1944026,0.054323006,0.14749137
cell_0408,0.22104014,-0.10670581,-0.09322309,0.114308216,0.014491075,-0.10075188,-0.11229448,0.10904186,-0.06018121,-0.048017032,0.11396224,0.062070213,-0.14216247,0.18098243,0.17747134,0.15537204,0.14229575,-0.21142039,0.20169246,0.19701196,0.043069232,0.10456772,-0.04801309,0.07362428,-0.12893222,-0.01864384,0.009531082,-0.16442758,-0.16190958,-0.051839862,0.109693244,0.15853399,0.05416567,0.18668449,-0.015390144,0.085448906,-0.20666854,-0.084874205,-0.17790277,0.13073273,0.23720466,0.06191937,0.04617978,-0.0323989,-0.09632492,0.022208637,0.11145307,-0.050389383,0.06486814,0.17721617,0.16345368,-0.1406444,0.022169145,-0.2555614,0.09584186,-0.0725087,-0.024831902,0.03711041,-0.080412485,-0.028805736,0.034617327,0.17796707,0.12844753,0.15373884
cell_0409,0.099563785,-0.090859376,-0.06891537,0.03475157,0.029727979,0.013068459,-0.022040142,0.15097146,-0.06095414,-0.027763754,0.13761465,0.20380116,-0.08492755,0.18695462,0.23979472,0.055674464,0.20907691,-0.2111165,0.09658505,0.2277548,0.032019053,0.09779596,0.02868936,0.045703087,-0.10515137,0.009593431,0.02743637,-0.120024346,-0.22349772,-0.06327122,0.05592977,0.19219579,0.05769795,0.2256857,-0.048411407,-0.029952995,-0.13842331,-0.15565875,-0.2022859,0.16960254,0.19917159,0.013549143,0.008284196,-0.0049901204,-0.119663745,0.026848858,0.1284607,-0.023689413,0.035329368,0.219026,0.22255906,-0.14424516,-0.047139492,-0.19688861,0.069762304,-0.080937326,-0.026675591,0.10460538,-0.08793084,0.05921679,0.11736111,0.16443604,0.08355578,0.12337672
cell_0410,0.11614232,-0.136477,-0.08028481,0.11568561,0.053517647,-0.07346592,-0.11002496,0.090259366,-0.0681988,0.009172166,0.21291664,0.06450686,-0.1467189,0.13527663,0.24360225,0.1266712,0.062266503,-0.14620383,0.06233513,0.23118909,-0.02552498,0.15248244,-0.03183845,0.07490079,-0.050896335,-0.05688017,0.05157711,-0.27323622,-0.13617995,-0.059847195,0.121336155,0.14238124,0.057630166,0.1427942,-0.05898173,0.096855976,-0.24672124,-0.04867452,-0.23136549,0.18083875,0.1971122,0.06872633,0.018733792,-0.052450225,-0.12762015,0.014825551,0.13972421,-0.08317704,0.09593158,0.17362294,0.088275455,-0.1482717,-0.047674295,-0.2563153,0.06850291,-0.06520756,0.08025762,0.034388352,-0.07344933,0.00447232,0.011158364,0.14671168,0.1037639,0.17191546
cell_0411,0.17957337,-0.06283111,-0.09555174,0.10966144,0.020133544,-0.05754066,-0.10502809,0.14112382,-0.06848546,-0.07585179,0.15127821,0.12478364,-0.09439108,0.15683088,0.20582776,0.10150218,0.2031465,-0.15161203,0.08803711,0.26079765,0.032662876,0.13608254,-0.01622366,0.02967399,-0.0680499,-0.013544166,0.003620024,-0.18436638,-0.099102534,-0.059212845,0.049893837,0.16654676,0.060560968,0.20075518,-0.06614619,0.020821646,-0.18522209,-0.15659885,-0.22547558,0.18975645,0.17529131,0.020891815,0.032862946,-0.07902844,-0.11113147,0.05536812,0.14171034,-0.024366753,0.06760829,0.1712861,0.13755412,-0.14714158,-0.011800724,-0.26115376,0.1290614,-0.12198806,-0.011000688,0.085198104,-0.032611333,0.0014529808,0.037973378,0.19722483,0.07797171,0.1775657
cell_0412,0.15946008,-0.11274582,-0.059420202,0.07629464,0.046410013,-0.10559768,-0.07945999,0.17966674,-0.08719072,-0.041759744,0.14183941,0.107530445,-0.121890835,0.20247978,0.18631825,0.14074121,0.1666705,-0.18778756,0.09056664,0.25181437,0.052392185,0.14353628,-0.02152286,0.06287083,-0.102731824,-0.041154534,-0.055640116,-0.15934497,-0.11267379,-0.06310148,0.10812993,0.18090764,0.082812786,0.21202944,-0.058678217,0.07775448,-0.11639565,-0.11652475,-0.2089439,0.13838616,0.15728718,0.051960737,0.05982542,-0.049881272,-0.1443309,0.0540963,0.13145213,-0.04298587,0.11700332,0.1820301,0.14472419,-0.12605506,0.014872434,-0.2405757,0.11065302,-0.12811556,0.02495539,0.11578749,-0.08132989,0.05922131,0.02791007,0.21076691,0.055898912,0.12013471
cell_0413,0.10850291,-0.1417077,-0.1274144,0.112287775,0.011140758,-0.066083826,-0.09383731,0.15068743,-0.0065575433,-0.027347729,0.13196634,0.11076829,-0.092755854,0.2077008,0.19641346,0.10675857,0.11632716,-0.15384233,0.16321559,0.20774676,0.06620363,0.09922815,-0.035981573,0.051393695,-0.12212371,-0.037720308,0.04900972,-0.15337193,-0.15246607,-0.050073955,0.110489145,0.14235267,0.112082995,0.17325006,-0.028530894,0.035562858,-0.13022958,-0.05790889,-0.23854256,0.1983134,0.1955437,0.060008924,0.05735135,-0.051661048,-0.11902052,0.007372801,0.10779822,-0.06564291,0.1506728,0.18807699,0.18509494,-0.116099864,-0.026718924,-0.21653084,0.14262016,-0.18399762,0.046797335,0.102595545,-0.036359333,0.059134062,0.056567833,0.20051879,0.111084506,0.15942508
cell_0414,0.15091322,-0.09089143,-0.04633999,0.10712604,0.002578457,-0.005886976,-0.055050734,0.16881488,-0.100928,-0.0017620987,0.11689992,0.11815298,-0.16401581,0.2266259,0.19929478,0.13739246,0.18337072,-0.2350223,0.14241825,0.27812988,0.016126134,0.087505914,-0.006280447,0.06226114,-0.10461351,0.009738722,-0.03272569,-0.13517079,-0.15432529,-0.037912026,0.06464369,0.19248986,0.072245315,0.19237575,-0.054953966,0.00051868113,-0.10691042,-0.12352981,-0.23024279,0.15898216,0.1655737,0.035011634,0.07213059,-0.0866326,-0.122731484,0.016137905,0.06520273,0.021085778,0.044838004,0.24679403,0.16849749,-0.12773772,0.013446439,-0.22874983,0.066309944,-0.0772644,-0.016529344,0.08961085,-0.096152015,0.042685308,0.07303173,0.14591584,0.09130101,0.13219996
cell_0415,0.13139959,-0.12159991,-0.037900236,0.12983967,-0.0061368416,0.013027275,-0.06406154,0.21399164,-0.02612489,-0.05796816,0.13609539,0.12950745,-0.15107717,0.19667295,0.18715931,0.089373305,0.105570294,-0.2249418,0.122088835,0.28023994,0.0041629914,0.0994329,0.02294655,0.081381746,-0.10515399,-0.00037258957,-0.004588904,-0.15191297,-0.18474667,0.00070472434,0.045037128,0.19365637,0.017115993,0.22299282,-0.049639978,0.015374745,-0.1725019,-0.06100158,-0.19286509,0.15857366,0.19786726,0.057975028,-0.005411213,-0.023054022,-0.084883824,0.04344219,0.10837317,0.016293896,0.07546636,0.22473353,0.17680803,-0.111022025,-0.016846111,-0.20909435,0.030302642,-0.10897258,-0.04971752,0.12407317,-0.11284983,0.07390415,0.095121376,0.19819862,0.10390264,0.105567224
cell_0416,0.13332914,-0.13817798,-0.08486309,0.088616595,-0.012543126,-0.019395344,-0.059344053,0.20320624,-0.06481058,-0.025107391,0.11502047,0.09138497,-0.16177066,0.19190454,0.14405799,0.1438239,0.19351664,-0.21677795,0.06647577,0.26924607,0.0014589876,0.15456294,0.011239543,0.053074896,-0.08552974,-0.034791626,-0.009913787,-0.21347329,-0.17475665,-0.014498167,0.06275576,0.17798148,0.025151186,0.17581935,-0.041829098,0.04180315,-0.15292975,-0.06747287,-0.2467269,0.14915322,0.21175283,0.052069165,-0.01774049,-0.07899255,-0.08187706,0.03648024,0.101302736,0.014476075,0.010103987,0.20187022,0.16311583,-0.09582609,0.00058288407,-0.26896906,0.101753086,-0.079745226,-0.04587502,0.12851143,-0.124224454,0.08558299,0.048095476,0.14357096,0.041319735,0.112723924
cell_0417,0.09880441,-0.1430922,-0.011698379,0.13068077,-0.048184514,0.032171402,-0.11908816,0.10060963,0.010422391,-0.031418845,0.13646394,0.011558214,-0.12816955,0.09655905,0.24657816,0.11242563,0.043656427,-0.10759987,0.08282014,0.28455076,-0.023765255,0.18785837,0.012285305,0.10064763,-0.028649038,-0.035114784,0.00901895,-0.23788258,-0.09507211,0.036518443,0.13887462,0.19180198,0.06728224,0.18749553,-0.035178587,0.08928484,-0.20325756,-0.00906029,-0.2121267,0.17671582,0.20221443,0.11354219,0.0602606,-0.015645698,-0.113574475,0.10678362,0.11948218,-0.011808117,0.021759264,0.2061286,0.13737875,-0.06893656,0.059213165,-0.30088735,0.03770839,-0.09535629,0.06769137,0.09308993,-0.16813965,0.066960625,-0.007833493,0.11699212,0.048662037,0.19255187
cell_0418,0.16792603,-0.12450903,-0.05607056,0.09914618,-0.033331383,-0.073568344,-0.056367103,0.22687916,-0.07357745,-0.01409588,0.15728946,0.047920037,-0.16616827,0.20258945,0.13935918,0.17603104,0.16013303,-0.19347955,0.106202416,0.29214972,-0.023560315,0.14174573,-0.023257846,0.04792287,-0.13400146,-0.013371565,-0.03884176,-0.16229387,-0.16031131,-0.006669012,0.1089815,0.1869929,0.07056046,0.18360958,-0.05215665,0.030698149,-0.136776,-0.08356953,-0.16089004,0.15752225,0.20192657,0.0028734312,0.052349176,-0.041717455,-0.13253714,0.013359143,0.090219654,0.057865225,0.05989964,0.19655073,0.14161702,-0.06978995,0.06053419,-0.25960436,0.081847794,-0.1175169,-0.024382802,0.07895278,-0.10158148,0.072517045,0.030335186,0.15161544,0.06364309,0.16235286
cell_0419,0.18356025,-0.14914839,-0.09869127,0.10635312,-0.042469457,0.022797912,-0.021532197,0.1703919,0.00032916185,0.01876208,0.075368226,0.06083425,-0.14313635,0.14053603,0.246757,0.11043048,0.1518722,-0.20376436,0.12839223,0.24279374,-0.014843734,0.085508674,-0.04003354,0.051044445,-0.1077746,-0.01850159,0.041032556,-0.14628384,-0.2034448,-0.042083193,0.018947322,0.15477027,0.04301952,0.20615515,-0.03765253,0.038654365,-0.15952758,-0.058860254,-0.24706061,0.1660485,0.2202938,0.020616159,0.034539163,-0.08477975,-0.06810755,0.0018591114,0.09006865,0.012111181,0.08548492,0.17701575,0.16674504,-0.09497533,-0.015475504,-0.24772708,0.13279352,-0.11327698,-0.050059333,0.15151593,-0.07486617,0.08525749,0.12575896,0.14036128,0.071361534,0.17986435
cell_0420,0.101825364,-0.16868193,-0.086287655,0.06677838,0.038867485,-0.035967004,-0.040958196,0.25454274,-0.13546751,-0.010528193,0.11655533,0.1559629,-0.15986331,0.17471597,0.20534231,0.14819314,0.21207021,-0.21165103,0.10257437,0.2436236,0.03223202,0.12477814,0.010521916,0.09278883,-0.03551113,-0.025888346,-0.006757562,-0.14884217,-0.17226937,-0.07795891,0.07355058,0.18441463,0.0701261,0.15476868,-0.054129574,-0.019237122,-0.10304507,-0.10316054,-0.21314114,0.15370803,0.18948703,0.022234118,0.014928284,-0.04024816,-0.08984071,0.014346399,0.10436125,-0.01378655,0.08594485,0.18796663,0.124369085,-0.10443173,0.024262456,-0.19030127,0.08419974,-0.08660795,-0.0346953,0.12718931,-0.113992125,0.030115003,0.12098392,0.2486486,0.05696033,0.0870597
cell_0421,0.13333362,-0.085753866,-0.08285064,0.106878504,0.047171716,-0.030169828,-0.048497383,0.21499331,-0.12288676,-0.0722125,0.20151746,0.15662253,-0.14278513,0.16069016,0.1912219,0.06973607,0.24098717,-0.18211459,0.15602161,0.27530178,-0.017729044,0.04174125,-0.006798884,0.069161944,-0.06340125,0.044924986,0.01576758,-0.13179676,-0.10666584,-0.09376265,0.07579932,0.13347407,0.006643917,0.1455436,-0.008806729,0.010040716,-0.18433002,-0.12969881,-0.21684021,0.09683536,0.2083441,0.06960191,0.07094533,-0.028345684,-0.08431909,0.017751552,0.16224593,-0.033972964,-0.0054417113,0.25328624,0.165264,-0.14807585,0.03865932,-0.20605995,0.10142272,-0.09637741,-0.054339964,0.04639815,-0.02724265,-0.11420326,0.040949106,0.16957577,0.009407043,0.14890873
cell_0422,0.094361335,-0.1239543,-0.13984987,0.09146179,-0.035999008,-0.021092966,-0.07960861,0.22913337,-0.009644539,0.019220086,0.14551724,0.15108202,-0.11381911,0.124106705,0.17387892,0.09864176,0.1345256,-0.11356044,0.09230272,0.23924541,0.0131068295,0.1883578,-0.023780575,0.06620282,-0.0771449,-0.024817128,0.037431434,-0.24466753,-0.06676935,0.060627844,0.081553325,0.24464948,0.023728326,0.17431861,0.048879396,0.08915961,-0.19553408,-0.006182154,-0.18142705,0.118875004,0.1986094,0.0025268109,0.04811214,-0.088631436,-0.096441016,-0.01714848,0.13961183,-0.006759565,0.079071976,0.20017628,0.10280611,-0.0805051,0.01801474,-0.2971059,0.23411731,-0.099388555,0.023657976,0.16364752,-0.009321065,0.103791416,0.008899366,0.07735671,-0.05847324,0.1578646
cell_0423,0.18257235,-0.10448581,-0.06017321,0.1415672,-0.027734732,-0.040358912,-0.03628116,0.22134933,-0.040174942,-0.05356123,0.13827884,0.118700586,-0.19934227,0.17030044,0.13412572,0.12190918,0.119766906,-0.23029988,0.14472218,0.26618835,-0.022983368,0.07440474,-0.005648218,0.088040896,-0.16266826,0.012854157,-0.013336189,-0.16506785,-0.19079079,-0.02865675,0.031198751,0.21450987,0.058658704,0.16729024,-0.06448487,-0.03612734,-0.084166996,-0.07438402,-0.19486073,0.18869373,0.1993308,-0.03909361,0.03008993,-0.0758846,-0.09375728,0.014543729,0.095693566,0.09236017,0.03095868,0.2532273,0.12989588,-0.1028502,-0.017272772,-0.22384731,0.11291952,-0.043063756,-0.012253105,0.06584178,-0.05447201,0.08967598,0.111084916,0.13051035,0.030713277,0.16657719
cell_0424,0.11212499,-0.19181542,-0.10487142,0.0634551,0.008273829,-0.08760199,-0.1362488,0.19836023,-0.076074906,-0.006764763,0.16706015,0.035457652,-0.100932084,0.1495947,0.22628796,0.115296446,0.2078724,-0.11999877,0.07181904,0.28018028,-0.00560919,0.15982668,0.025673764,0.002712907,-0.038748387,-0.092116535,0.047111776,-0.20097822,-0.09526427,0.028876927,0.04964835,0.16281939,0.0045527695,0.17435046,0.04760484,0.028394943,-0.13559286,-0.03723095,-0.2218592,0.2029354,0.16405845,-0.0012610814,0.025027264,-0.11734132,-0.13771936,-0.005916025,0.09333275,0.004513713,0.12213269,0.16644709,0.12815548,-0.0797981,-0.022565845,-0.26726478,0.16919418,-0.14855807,0.020569246,0.120962776,-0.05087552,0.07575046,0.08487308,0.16050306,0.054252632,0.13728465
cell_0425,0.051380187,-0.14796995,-0.14360738,0.08403706,-0.016673582,-0.034375817,-0.027541801,0.24543044,-0.083933614,-0.012332994,0.21996713,0.105279185,-0.10986339,0.17647181,0.21449117,0.09362182,0.18081895,-0.18110704,0.13874106,0.27468595,-0.02476834,0.10484307,-0.04827873,0.052878942,-0.08951025,0.012457758,0.08615279,-0.22078064,-0.086906426,-0.026144516,0.043360293,0.22253047,0.054025955,0.16678414,0.0038594704,-0.010890419,-0.060555264,-0.07755488,-0.17012402,0.18291163,0.21806829,-0.03740428,0.010188853,-0.07267471,-0.045885757,-0.07380617,0.108745985,-0.004818011,0.06293169,0.20062585,0.113391176,-0.0978018,-0.018922267,-0.2697487,0.17324726,-0.08496483,-0.04163176,-0.0026998664,-0.03474762,0.060053393,0.04183584,0.19243887,0.05605298,0.13273017
cell_0426,0.058880948,-0.117189184,-0.12537791,0.06591321,0.021980781,-0.026773036,-0.0750156,0.20517378,-0.04171888,-0.03972489,0.12214644,0.121642694,-0.113226876,0.2232243,0.17511854,0.089006834,0.12631537,-0.1970631,0.112903304,0.25685486,-0.008855982,0.08623963,-0.07078639,0.06011085,-0.1757668,-0.01633871,0.011778627,-0.20486337,-0.15174983,-0.0645025,0.03827447,0.17405166,0.10349256,0.18587178,-0.091616146,-0.06564904,-0.0850218,-0.10395032,-0.20777468,0.17305246,0.21770872,-0.025575586,0.03017547,-0.09795739,-0.09977919,-0.016776541,0.11546747,0.056044772,0.049465638,0.20547095,0.09641346,-0.102443434,-0.046512872,-0.2334136,0.13610245,-0.14847805,0.02688996,0.09295125,-0.0067711365,0.09231307,0.13368078,0.1782127,0.05567736,0.17594844
cell_0427,0.17111897,-0.018180663,-0.020755999,0.18044041,0.027325753,-0.06224093,-0.090326376,0.114839785,-0.039931156,-0.116046816,0.07069755,0.12228255,-0.17412436,0.19206193,0.13014354,0.19143513,0.042486787,-0.22100258,0.20855327,0.19045687,0.0048489845,0.07102346,-0.11572091,0.15444788,-0.16646399,0.00032381638,-0.011307559,-0.14035518,-0.10639009,-0.1012915,0.047319558,0.17172433,0.15674269,0.2570159,-0.15410133,0.03556362,-0.1535075,-0.17254454,-0.19066551,0.05900681,0.19123147,0.04962993,0.12099083,-0.026532771,-0.082719244,0.03782768,0.111603476,-0.04694505,0.07304326,0.14108217,0.13480105,-0.13672094,0.022163669,-0.16829772,0.08248334,-0.041466247,0.0018229091,0.05114958,-0.05948831,-0.0031777422,0.09980172,0.21134746,0.091087736,0.16553015
cell_0428,0.12296765,-0.09963947,-0.048637424,0.1791009,0.041756332,0.015645355,-0.0656678,0.20096198,-0.07069204,-0.0032523964,0.13552663,0.13483775,-0.098995894,0.15468211,0.17215072,0.14213413,0.12833436,-0.22696006,0.06669108,0.24870585,0.0021164138,0.1830688,-0.045164417,0.06394177,-0.10057081,-0.038020346,-0.02253928,-0.18935323,-0.14789112,0.013225481,0.06809258,0.17291598,0.037592914,0.1767721,-0.07482708,0.015602307,-0.13002385,-0.05355734,-0.21031004,0.15090126,0.1963963,0.06351063,0.06485072,-0.05947082,-0.07647166,0.06594544,0.07136392,-0.0059062256,0.097580984,0.25727648,0.14905041,-0.11513165,-0.050671957,-0.23353946,0.08111638,-0.100784145,-0.017400766,0.118579835,-0.14393173,0.097152926,0.048026185,0.20143802,0.046567257,0.15719816
cell_0429,0.17734893,-0.085597046,-0.08585651,0.14872088,0.035231695,-0.053249218,-0.08138775,0.15051877,-0.09712464,-0.07351691,0.14350109,0.13613802,-0.10614312,0.21012856,0.19132163,0.14508465,0.19668733,-0.16214977,0.18739659,0.22030254,0.032073162,0.094637536,-0.014277998,0.097445495,-0.11381518,-0.0039158068,-0.0022929744,-0.13727085,-0.111167714,-0.028983647,0.1645176,0.1351848,0.06832982,0.20734996,-0.06736467,0.032986168,-0.16862531,-0.1315369,-0.202445,0.14096288,0.17715622,0.050101124,0.05122476,-0.03234012,-0.11526661,0.05495488,0.12960432,-0.026882248,0.088192485,0.15657371,0.15030687,-0.14276583,0.03067542,-0.23743634,0.08390257,-0.08053442,-0.015359242,0.04513029,-0.06361703,0.018455148,0.027186865,0.18805003,0.16844742,0.15539804
cell_0430,0.12565915,-0.1124845,-0.033106964,0.13378176,0.030550431,-0.054584365,-0.1452319,0.07233807,-0.06416156,-0.008760358,0.16512245,0.05974524,-0.07921299,0.19851209,0.15331459,0.1013758,0.14816554,-0.15423876,0.08863437,0.26578796,0.09025127,0.08260388,-0.04977357,0.15751714,-0.108047426,0.027997915,0.031069428,-0.17444278,-0.19540188,-0.1152203,0.09066732,0.12864944,0.07008305,0.25037798,-0.12035364,0.0086640995,-0.24552543,-0.07709079,-0.20266019,0.16266069,0.16694179,0.11329235,0.006640831,0.0142848585,-0.13987106,0.010625512,0.17814371,-0.10749155,0.05579022,0.16105942,0.18365982,-0.118451566,-0.014590968,-0.19584842,0.05823823,-0.15076764,0.00071195595,0.07810238,-0.107906014,0.00077486923,8.926924e-05,0.12525469,0.03935127,0.15788181
cell_0431,0.094648264,-0.19114827,-0.041267604,-0.0015828031,-0.043543205,0.027839964,-0.08305782,0.20643893,-0.031901106,-0.017807769,0.13821906,0.14138192,-0.122643515,0.19596712,0.21000744,0.07218551,0.1559351,-0.17809632,0.07206787,0.25714526,0.016699677,0.08861501,0.038286913,-0.008244358,-0.04580289,-0.013663471,0.033245582,-0.17262222,-0.19753331,0.06011371,-0.0034561758,0.20320079,0.024626909,0.17134461,0.031368267,0.014052517,-0.15458286,-0.11240458,-0.19232152,0.19436204,0.1939452,-0.047585577,0.0056014303,-0.11062597,-0.13831912,-0.0026028657,0.16548315,0.11401029,0.07418776,0.20852058,0.108472034,-0.109100394,-0.020902772,-0.22774965,0.12218745,-0.111388944,-0.057479307,0.15343267,-0.017003493,0.088224076,0.16017924,0.14414425,0.043471027,0.11675469
cell_0432,0.091740154,-0.080329224,-0.082554854,0.1450828,-0.0009960074,-0.012884893,-0.07359602,0.19720644,-0.03649321,-0.019543292,0.13499632,0.13473041,-0.13822572,0.22045706,0.18719536,0.11360553,0.10993402,-0.17956169,0.16814265,0.27159873,0.012586071,0.06852734,-0.0537357,0.09781089,-0.13139415,-0.01177487,0.019716557,-0.18679307,-0.10721673,-0.038711578,0.02320333,0.21731539,0.0699441,0.20638968,-0.108571574,-0.028203093,-0.123491935,-0.10648234,-0.2059672,0.17505835,0.23453118,0.01882777,0.011471262,-0.08328675,-0.05424554,0.037694756,0.09936394,0.048177842,0.05456516,0.20430379,0.1162408,-0.10358802,-0.037165254,-0.24948525,0.11992776,-0.05136626,-0.007770915,0.105624504,-0.08326937,0.07256806,0.08873081,0.15772729,0.02362069,0.19205567
cell_0433,0.10506823,-0.16545363,-0.13415045,0.14515974,-0.043532707,-0.0691208,-0.07933627,0.101688035,-0.08033263,-0.0024698754,0.14249307,0.06094197,-0.07534805,0.13419887,0.17456794,0.19488163,0.12642242,-0.09955843,0.026694056,0.28555232,0.07200965,0.29953063,0.035400067,0.054899424,-0.05555629,-0.029298082,0.023223422,-0.24683739,-0.13135263,-0.039694365,0.02916655,0.10339809,0.11786571,0.16868748,0.010572731,0.06414534,-0.238251,-0.001594611,-0.21959981,0.17725518,0.17814642,0.031538174,0.027656507,-0.063061506,-0.15486938,-0.02495835,0.114726044,-0.057154153,0.08995498,0.10503301,0.1276345,-0.062245212,0.024262637,-0.2819679,0.14867872,-0.07868423,0.025413074,0.059496082,-0.059603173,0.06784203,0.052131988,0.06313268,-0.0021723916,0.21276747
cell_0434,0.13516015,-0.080746636,-0.038014825,0.042696938,-0.07288754,-0.04201486,-0.08733861,0.15200911,0.02143305,-0.09980212,0.14616218,0.063182764,-0.17507796,0.1487129,0.19679217,0.11468894,0.11292584,-0.16526021,0.06880269,0.33193365,-0.032540567,0.11764036,0.0004174989,0.03232744,-0.09993426,-0.042673044,0.04359841,-0.16185604,-0.075411305,-0.020222781,-0.0031461555,0.18779176,0.07287765,0.20561564,-0.054663453,-0.036763582,-0.08781185,-0.1557782,-0.22327808,0.22137316,0.1958434,-0.02263217,0.09980896,-0.12075241,-0.089537114,-0.047249753,0.1737151,0.05102683,0.005312581,0.23558457,0.07117646,-0.09282563,-0.038532004,-0.255437,0.13799015,-0.07661208,-0.0012795731,0.14275429,-0.025543027,0.104270995,0.13259831,0.05414516,-0.057301022,0.18906759
cell_0435,0.16422744,-0.06901088,0.010487228,0.105648644,0.032811552,-0.07417539,-0.08018783,0.13238956,-0.123908356,-0.049225748,0.15629773,0.16174875,-0.17094833,0.16436137,0.12235905,0.10290083,0.14612238,-0.20704456,0.12113858,0.24409156,0.021012045,0.010941959,-0.006306368,0.19544028,-0.118355416,0.031245645,-0.008110482,-0.06336197,-0.1994263,-0.16269319,0.10000802,0.22777987,0.114181824,0.21808513,-0.13929749,-0.023668876,-0.14003615,-0.18227658,-0.1311933,0.11212903,0.11999857,0.047078386,0.07292367,0.03263388,-0.12170945,0.055292614,0.11769218,-0.115121745,0.102959976,0.2036307,0.23195891,-0.10140157,0.032042436,-0.16150558,0.084144555,-0.098509215,0.06859572,0.02313162,-0.053363,-0.021935593,0.041698154,0.18974128,0.002525955,0.11962547
cell_0436,0.12607832,-0.1392916,-0.12136161,0.027533852,0.048647545,-0.00964235,-0.06337786,0.23005587,0.0038182605,-0.036391858,0.18676035,0.2061831,-0.12257711,0.19311069,0.17965712,0.032841437,0.20543274,-0.17969562,0.10889962,0.21190614,0.052665357,0.1406971,-0.0010547577,0.08718628,-0.0977573,0.0019779294,0.051851563,-0.17233625,-0.08885871,-0.028809631,0.06493559,0.27790743,0.11467249,0.16279097,-0.020751834,0.005151211,-0.11880093,-0.1316572,-0.23359337,0.12223166,0.15231054,0.00053474744,0.09129529,0.0149936685,-0.07992509,-0.018276464,0.09797014,-0.05600442,0.055723827,0.17533532,0.11050017,-0.16519,0.02673197,-0.2226101,0.17063761,-0.16644077,-0.08454546,0.081026986,0.009299665,0.05367231,0.09800696,0.12745105,-0.06433186,0.1117095
cell_0437,0.16961877,-0.165178,-0.04868706,0.09616336,-0.027481899,-0.096508585,-0.1578985,0.15799555,-0.052197333,-0.0443214,0.10043354,0.0713116,-0.116390474,0.14210457,0.19383857,0.14808744,0.11211426,-0.17164765,0.103604846,0.2878585,0.022509314,0.09027475,-0.0055103735,0.028594814,-0.08908426,-0.026146801,0.0458277,-0.14052764,-0.17997275,0.012975911,0.024727786,0.19784163,0.06143354,0.1967787,-0.024533784,0.08445627,-0.15534878,-0.122043215,-0.1824759,0.1654454,0.16004786,-0.014363022,0.06551573,-0.10724725,-0.1653907,-1.4880602e-05,0.15325016,0.06814999,0.11695349,0.20326748,0.14399645,-0.10610079,-0.0066547706,-0.25889584,0.080301814,-0.13284244,0.028080631,0.11642511,-0.08063613,0.093881086,0.097507395,0.16118446,0.090047166,0.11361337
cell_0438,0.16116008,-0.07946984,-0.01830832,0.14499432,-0.00095960783,-0.020259157,-0.105237335,0.21142028,-0.02967967,-0.08622083,0.14309599,0.09174807,-0.12484354,0.2168363,0.16977288,0.11932045,0.13442403,-0.19408134,0.16526319,0.22220065,0.033370238,0.040806472,-0.005781432,0.104082085,-0.10997077,0.0060046855,0.03635698,-0.11989057,-0.0933596,-0.055624064,0.08318719,0.22972238,0.096568,0.25647008,-0.11935804,0.01204752,-0.16175391,-0.1540779,-0.22660632,0.12107485,0.16191287,0.0712139,0.051599465,-0.04033233,-0.06039438,0.04692792,0.15652058,0.019384762,0.048087034,0.19617371,0.13794787,-0.12604932,0.03698319,-0.22134483,0.06875767,-0.11450338,0.007542891,0.061411217,-0.11167403,0.039679203,0.08596536,0.17933382,0.09124035,0.14327691
cell_0439,0.13921064,-0.11426289,-0.017575454,0.11569312,-0.02558653,0.028142031,-0.05026779,0.20722893,-0.031624638,-0.015527368,0.08996931,0.09463548,-0.08770544,0.18852586,0.15782985,0.14020394,0.1399057,-0.19925426,0.1045802,0.26783273,0.037112508,0.1341514,-0.01882034,0.06656681,-0.1263751,0.010052006,0.031005528,-0.15570098,-0.21389715,0.0042731254,0.07313703,0.19478932,0.046084397,0.21310936,-0.061756667,0.024085311,-0.13863395,-0.082535654,-0.20647708,0.15414381,0.17255884,0.09891155,0.019383,-0.033186153,-0.08363122,0.05934609,0.08900763,0.03434861,0.05948205,0.23319425,0.2017449,-0.11137796,-0.026398776,-0.24071233,0.048276726,-0.08673449,-0.06892374,0.12185012,-0.16545494,0.09855387,0.049005143,0.1813037,0.111638136,0.124353394
cell_0440,0.18990459,-0.105355404,-0.13646668,0.091357775,0.01023419,-0.064596154,-0.051398758,0.1971563,-0.06664161,-0.058924377,0.14607613,0.099535145,-0.11586828,0.17557026,0.21953186,0.11843084,0.16958225,-0.2090555,0.13164161,0.24958628,-0.01150255,0.11403049,-0.025495099,0.06975821,-0.124291465,0.02420128,-0.014243759,-0.17272604,-0.14819014,-0.05282026,0.082272105,0.16661946,0.10587475,0.15190405,-0.06914134,-0.06995586,-0.1509327,-0.13971037,-0.17034768,0.14760116,0.19064169,-0.026652824,0.06368117,-0.010926459,-0.13728614,0.0044294386,0.053282592,0.039576996,0.08026846,0.1850228,0.14778516,-0.12117411,-0.0021635478,-0.2494236,0.13094835,-0.12347062,0.004467046,0.057467744,-0.07846746,0.055311777,0.11559387,0.17195745,0.100230254,0.13953047
cell_0441,0.13104603,-0.13179679,-0.005528678,0.09374085,0.060323387,-0.05558471,-0.14007337,0.11677895,-0.09020235,0.004765554,0.16221231,0.02303575,-0.16769,0.18485883,0.27147028,0.09530045,0.1738813,-0.1460555,0.11371235,0.27708092,-0.028168371,0.13263683,0.02616691,0.10874033,-0.03366119,-0.02561871,0.03377701,-0.17386203,-0.13883586,-0.037789017,0.032788098,0.17814161,0.041567925,0.17560817,-0.04675603,0.07479552,-0.14733714,-0.09459546,-0.2101331,0.19187304,0.20302509,0.024846608,0.1058483,-0.11023834,-0.07754934,-0.03282681,0.15325527,0.007842372,0.05704054,0.21215402,0.10762083,-0.14509997,-0.057440247,-0.25669792,0.117455766,-0.10165398,-0.047554698,0.09623758,-0.100594655,0.055916287,0.07349848,0.0648239,0.026739785,0.14360882
cell_0442,0.20707045,-0.06892439,-0.100595936,0.17868634,0.008790759,-0.015840363,-0.0697093,0.13288192,-0.0941104,-0.058358125,0.14583747,0.12030198,-0.1265896,0.16725668,0.15581103,0.10917421,0.15030603,-0.17485031,0.20257895,0.22332165,0.0391339,0.0987122,-0.056279756,0.10372457,-0.14199722,0.02211179,0.010723553,-0.13683186,-0.16944452,-0.09343397,0.07784601,0.17963788,0.061928768,0.19286093,-0.08527539,0.04070199,-0.22553381,-0.10645767,-0.20659132,0.11441713,0.21647866,0.084642045,0.04430124,0.026514275,-0.106381364,0.01598417,0.09905581,-0.029641222,0.087859,0.18222484,0.17148471,-0.13774069,0.041972138,-0.22240743,0.1194585,-0.058386404,0.002936928,0.03409274,-0.05551,-0.027749564,0.045459088,0.15213451,0.09421174,0.17474203
cell_0443,0.18536857,-0.11377068,-0.025556715,0.09201371,-0.03724945,-0.029619886,-0.13203147,0.11398811,-0.029007904,0.026792776,0.12451253,0.107582904,-0.13716519,0.14610073,0.21851254,0.039976664,0.12687002,-0.18605986,0.13349266,0.18868348,-0.008196914,0.08126077,0.022530612,0.07779967,-0.12399688,0.031327903,0.009682919,-0.21811278,-0.08045465,0.03966313,-0.055111397,0.17586637,0.10253844,0.14709361,-0.1079423,0.027521571,-0.13676733,-0.13822892,-0.2516163,0.18085375,0.19246086,0.042323943,-0.006710632,-0.07055374,-0.20101488,-0.017399134,0.16361907,0.058092456,0.11744027,0.14704081,0.034553133,-0.14098088,0.05300869,-0.24093866,0.17612389,-0.11403469,-0.015018554,0.09906447,-0.04725034,0.07458684,0.14057583,0.22178036,0.09362445,0.13899998
cell_0444,0.14703108,-0.080483235,-0.08197308,0.13350613,-0.032525916,-0.014013512,-0.021576468,0.18116608,-0.09279746,-0.023509711,0.13609718,0.21879883,-0.22391646,0.19557977,0.1623317,0.11359965,0.17561181,-0.24104361,0.117579736,0.2150813,-0.022184588,0.13152625,-0.0059299255,0.049542025,-0.13798232,0.009519534,0.018990327,-0.16712113,-0.17165136,-0.065409794,0.023750054,0.24172124,0.05868606,0.17290774,-0.026809031,-0.05512428,-0.15673663,-0.15475945,-0.14636868,0.1699938,0.17374428,-0.016301138,-0.06717917,-0.072700955,-0.09082016,0.034898907,0.06666188,-0.025611699,0.07231333,0.19062673,0.13290723,-0.056160018,0.013882476,-0.21920753,0.12702894,-0.008752829,-0.025726603,0.049358137,-0.049906313,0.029923301,0.13586378,0.20207036,0.022284092,0.12759584
cell_0445,0.13328476,-0.17837135,-0.07450531,0.06805696,0.028482633,-0.05170176,-0.048341293,0.18090752,-0.03259563,-0.02684853,0.15331881,0.087738276,-0.10582313,0.20130785,0.24517785,0.09784545,0.16405657,-0.14732519,0.11281051,0.27038357,0.040622532,0.12702936,0.00051808223,0.082989596,-0.0477189,-0.020179778,0.077296235,-0.12862067,-0.17502095,0.019216353,0.06683346,0.17171171,0.030116657,0.18333198,-0.034104213,0.07558605,-0.16192846,-0.10276416,-0.1757611,0.19187264,0.14964849,0.027488591,0.0386775,-0.08419934,-0.110704,0.032390136,0.16095386,-0.061744776,0.11876136,0.19726111,0.1466554,-0.105169535,-0.045776118,-0.23981313,0.11169939,-0.18166772,-0.0017922722,0.1093343,-0.07368122,0.0342086,0.07564221,0.1672665,0.079075515,0.16788973
cell_0446,0.16180941,-0.15977056,-0.023859229,0.11053822,0.033121083,-0.03355328,-0.09965586,0.15409301,-0.048601788,0.06068043,0.07568689,0.040302724,-0.13198872,0.17226638,0.22428614,0.07054438,0.13970506,-0.122422524,0.14920954,0.23637459,-0.030914338,0.13906391,-0.030384466,0.15108386,-0.032576595,-0.051351815,0.050458502,-0.16385527,-0.21949472,0.029859096,0.09614717,0.15207602,0.03718162,0.16307727,-0.040779922,0.07484671,-0.20194313,-0.07618265,-0.17670688,0.16054021,0.17280582,0.072413154,0.069581024,-0.017508974,-0.07038548,-0.0011310457,0.09459648,0.03625146,0.11012912,0.23807622,0.14204775,-0.13471103,-0.03913068,-0.26491797,0.0797571,-0.15456592,-0.033753615,0.18718605,-0.11698753,0.10970731,0.099216186,0.07867408,0.07656375,0.15943974
cell_0447,0.17986047,-0.082407475,-0.01833595,0.13980313,-0.025660364,-0.013153638,-0.05487232,0.18545373,-0.0953659,-0.11096698,0.16942272,0.14427996,-0.13201022,0.21477081,0.18365824,0.10942162,0.19627243,-0.26346034,0.14582205,0.16719468,-0.033702992,0.076924846,-0.045054004,0.11230605,-0.12240051,0.031603146,0.035468698,-0.12561393,-0.18334208,-0.08087318,0.10880604,0.23649687,0.15068631,0.1810627,-0.08726069,-0.08287884,-0.16139044,-0.14959732,-0.23452136,0.13360931,0.17928706,0.011534689,-0.028602928,-0.018430445,-0.088352874,0.031078927,0.15778765,-0.021873638,0.03565492,0.11275309,0.14602175,-0.07757678,-0.01312034,-0.1279711,0.04773258,-0.06305718,-0.018699754,0.0006049203,-0.07372106,-0.012086166,0.098575845,0.18577749,0.117429145,0.12591231
cell_0448,0.13701235,-0.1339183,-0.058699723,0.06887364,0.013645963,-0.021190222,-0.031792738,0.13506165,-0.047757473,0.036080476,0.20970125,0.10019494,-0.13345425,0.09520095,0.27614897,0.05628757,0.16975476,-0.14560783,0.08408102,0.35537422,-0.056302976,0.14992443,0.036690783,0.04867992,-0.018014828,-0.06257993,-0.040264774,-0.22787365,-0.0069350707,0.0050021596,0.09484518,0.20519012,0.029045891,0.16933449,0.05440008,0.028752431,-0.098784395,-0.019282464,-0.17869397,0.17037465,0.19402696,0.07532803,0.1338013,-0.041462913,-0.09920328,-0.014138524,0.04533509,0.0022548384,-0.018957855,0.2848562,0.046216965,-0.0549725,0.06188798,-0.27229035,0.13237582,-0.06535339,0.121530324,0.11233034,-0.023552047,0.0022581746,-0.055834796,0.1628322,-0.099242456,0.12777165
cell_0449,0.045668386,-0.09660439,-0.06679797,0.09598857,-0.012026816,0.0068873717,-0.0130745405,0.15909693,-0.02496479,-0.10023724,0.16417652,0.11155974,-0.07922711,0.21166453,0.18294908,0.10565313,0.13779011,-0.24335983,0.056405175,0.2890992,0.034566358,0.064236484,-0.03532823,0.13138779,-0.16291276,0.005061962,0.042239808,-0.14172973,-0.11020534,-0.119127564,0.02426261,0.14493997,0.02066107,0.24589135,-0.15670653,-0.11588362,-0.13365106,-0.12069479,-0.20781894,0.20028232,0.19105761,0.031020788,-0.07055813,-0.06792836,-0.07440654,-0.038251158,0.18851714,0.0070862174,-0.038947303,0.19587994,0.10260068,-0.06476017,-0.049435973,-0.19341207,0.06366647,-0.010443494,-0.06802291,0.0750135,-0.060951885,0.07550465,0.16341783,0.19460332,0.097375944,0.14722052
cell_0450,0.11490214,0.000797659,0.04397295,0.12717612,0.061552506,0.024224622,-0.08854111,0.040266957,-0.044935714,-0.09682384,0.11787902,0.19097647,-0.050684515,0.18776774,0.03805094,0.055890314,0.04659846,-0.20388298,0.20200661,0.06286579,0.025691893,0.035955187,-0.09578318,0.20780326,-0.19369172,0.08599589,0.089188695,0.021126045,-0.23089138,-0.1783294,0.083364576,0.099560656,0.16491535,0.17933016,-0.20090227,-0.09332209,-0.1574636,-0.250919,-0.13636066,0.036783136,0.08035123,0.12020193,0.0075600003,0.19023511,-0.0043862164,0.1427669,0.14868878,-0.10346103,-0.016232835,0.17829873,0.21740218,-0.121538065,-0.061440177,0.009567325,-0.09973447,0.037786208,-0.08728236,-0.08625362,-0.05705381,-0.09248305,0.110556565,0.2038085,0.17013814,0.084854126
cell_0451,0.0818638,-0.124492206,-0.059480593,0.09965626,0.006411993,-0.023707878,-0.099144995,0.19158225,-0.08910074,-0.024891242,0.18357761,0.1542145,-0.17014813,0.17833164,0.16778974,0.097617716,0.0942349,-0.21963501,0.078302056,0.25542077,-0.008601899,0.07233037,0.006561063,0.08119339,-0.11056858,0.011224693,-0.011632457,-0.13135932,-0.16561066,-0.050333608,-0.0075699147,0.17550674,0.042493485,0.1644162,-0.073431134,-0.010041298,-0.1471019,-0.11028938,-0.20653108,0.20122911,0.21360971,-0.03664539,0.07257899,-0.07460536,-0.16165264,-0.0875104,0.1702308,0.06234718,0.08676889,0.19412327,0.087983124,-0.20069413,-0.0406615,-0.1832582,0.09707708,-0.047806714,0.023204478,0.12770697,-0.07336189,0.05661454,0.16284992,0.19465034,0.071302496,0.10427962
cell_0452,0.12577775,-0.12539424,-0.043003496,0.11589786,-0.008986695,0.041821867,-0.03157572,0.17443116,-0.047366854,-0.020311465,0.13696335,0.09798997,-0.056938563,0.25695238,0.12721622,0.11023538,0.1383866,-0.19422652,0.07598753,0.2390701,0.035135336,0.15534653,-0.010601849,0.06368581,-0.13309489,-0.055232503,0.022813825,-0.16389573,-0.14805883,-0.03984039,0.058017295,0.19607575,0.03252832,0.17888556,-0.05717412,-0.010934693,-0.17686974,-0.055293288,-0.26252633,0.19925053,0.14312403,0.12685788,-0.010282263,-0.031958714,-0.07935119,0.04840754,0.11311085,-0.00025604403,0.015604615,0.19179529,0.19926548,-0.11425199,0.039165683,-0.25435352,0.11934562,-0.123200335,-0.01636838,0.05730898,-0.07697228,0.10370568,0.10803779,0.20277539,0.11254317,0.1371904
cell_0453,0.19454248,-0.07731328,-0.039117903,0.07668267,-0.032436833,-0.058181558,-0.097803704,0.1437521,-0.061498005,-0.059889965,0.1307956,0.117717214,-0.17088568,0.17088248,0.21079263,0.17064598,0.18609284,-0.17138764,0.115699664,0.29357174,0.033968143,0.14230679,0.016703408,0.0167077,-0.05110193,-0.04380784,-0.023848724,-0.20239805,-0.16721493,0.020827487,0.094902866,0.19693866,0.09186286,0.15795884,0.009020385,0.07698222,-0.17932615,-0.09714631,-0.1742354,0.13297433,0.18687317,0.0055777505,0.079774685,-0.11250392,-0.141511,0.031875964,0.13462435,0.044921193,0.03943055,0.2243301,0.14563498,-0.10233199,-0.0015902442,-0.2325206,0.07247093,-0.122884244,0.02791736,0.113154896,-0.061782457,0.04253908,0.025793491,0.13189939,0.033611942,0.12428226
cell_0454,0.07305262,-0.12316666,-0.077160425,0.04816523,0.04059152,-0.02556966,-0.06779458,0.15760948,-0.0728252,-0.07961878,0.18667324,0.09765692,-0.111221515,0.2213382,0.20728204,0.056859292,0.16709954,-0.22217026,0.097045176,0.29778987,-0.032148615,0.14192423,-0.03546194,0.07241374,-0.11253328,-0.008455354,0.02177118,-0.15715504,-0.14711484,-0.062306613,0.046723396,0.18130685,-0.0048299385,0.17131853,-0.07432973,0.0020922448,-0.17015395,-0.097124554,-0.16965522,0.18631522,0.17770316,0.060603887,0.008455182,-0.014859266,-0.06871453,0.031869583,0.1546051,-0.024348285,-0.018043611,0.21609955,0.12717414,-0.13187574,-0.08101147,-0.24977858,0.06331544,-0.17004903,-0.046511106,0.103907555,-0.087491766,0.06242506,0.099173926,0.14384495,-0.00493672,0.18509908
cell_0455,0.1919705,-0.09167696,-0.10716376,0.08779053,-0.0019622347,-0.08450093,-0.07945147,0.12144594,-0.09768143,-0.000582519,0.14431413,0.12783958,-0.17358124,0.14468113,0.21994497,0.1317175,0.19106065,-0.20715456,0.07475831,0.24681292,0.03515267,0.1847889,-0.025617447,0.04252764,-0.07713655,-0.041699544,-0.004041197,-0.16814458,-0.09002481,-0.062452864,0.07752991,0.20495504,0.10317889,0.15652075,0.0038818817,0.07167692,-0.17235988,-0.10021968,-0.22814463,0.17706205,0.18609942,0.05045704,0.026964039,-0.05193118,-0.1100182,-0.008185969,0.09873013,-0.088808015,0.07584806,0.18772693,0.13012518,-0.15474533,0.023722809,-0.2520284,0.114651814,-0.06578572,0.011673268,0.094469994,-0.06685265,0.009068127,-0.011906312,0.18196923,0.064949244,0.12531802
cell_0456,0.11639037,-0.12248947,-0.102044836,0.014324628,0.018157858,-0.0039270814,0.0070369174,0.25061527,-0.0605662,-0.061285753,0.15352568,0.18275034,-0.08816623,0.1755156,0.20271036,0.10594615,0.17321983,-0.25960377,0.11789792,0.23243938,0.023282709,0.1030212,-0.0006589952,0.0469718,-0.059323113,0.046933495,0.030037167,-0.093870826,-0.21154258,-0.065290585,0.040109087,0.23915623,0.07129546,0.14707264,0.005076986,-0.06495026,-0.1511545,-0.11901706,-0.19520497,0.15677485,0.18795863,-0.019986613,0.01865285,-0.032272935,-0.10977407,0.0150766,0.08750824,-0.018827174,0.059516013,0.17851213,0.17501439,-0.13015059,-0.03827914,-0.16537152,0.13323584,-0.09255574,-0.06435858,0.035555307,-0.08054891,-0.015098284,0.15661564,0.22074151,0.1420657,0.09310179
cell_0457,0.20204215,-0.08439401,-0.12521589,0.1044042,0.053319614,-0.043745145,-0.041780323,0.15195805,-0.079338126,-0.053553335,0.17976224,0.124057576,-0.17628694,0.23609047,0.19809648,0.09655346,0.17704028,-0.23778206,0.13125117,0.21735355,-0.033023313,0.080697745,-0.05817014,0.038440194,-0.13693061,-0.021082781,-0.022296688,-0.15020236,-0.15909208,-0.057254173,0.14037599,0.18864344,0.08371918,0.14798318,-0.05489023,0.0044076405,-0.12797143,-0.10393988,-0.20844635,0.17417291,0.158856,-0.014583565,-0.011300667,-0.04067671,-0.12772608,0.053495232,0.11548321,-0.038845133,0.022584826,0.17026484,0.18381013,-0.13880932,-0.03954502,-0.19507922,0.07660961,-0.09191763,-0.012366567,0.012609269,-0.058098175,0.02034741,0.06732965,0.17876042,0.14471316,0.14319512
cell_0458,0.04538801,-0.15733139,-0.048448,0.09179246,-0.020313902,-0.029954806,-0.044429135,0.21243326,-0.03691203,-0.02142854,0.19746737,0.09060793,-0.091397926,0.23387448,0.17264754,0.08432897,0.18649094,-0.21424517,0.092218935,0.2523606,0.044923056,0.103805065,-0.03640594,0.07699369,-0.16149437,0.03936358,0.08977852,-0.10277834,-0.1538526,-0.03714922,0.034437418,0.25179252,0.08462701,0.16591585,-0.09116323,-0.08611082,-0.0755208,-0.116921805,-0.18581595,0.220021,0.17347969,-0.003682256,-0.055728476,0.04397703,-0.116878726,-0.07247227,0.099206604,0.013299468,0.08627719,0.22893366,0.113734774,-0.09663244,0.006528456,-0.23654181,0.08696111,-0.1270178,-0.02352346,0.055592198,-0.07568717,0.0884809,0.10347191,0.1705819,0.025117692,0.14120719
cell_0459,0.093745396,-0.113864236,-0.098919295,0.10576233,0.027486822,-0.017503828,-0.10127501,0.11723426,-0.033932664,-0.07563081,0.21016365,0.08661752,-0.07579216,0.22629832,0.23189826,0.083103776,0.121202506,-0.18076475,0.11584846,0.19752476,0.058655683,0.14272623,-0.05883524,0.041538768,-0.08485757,0.003910478,0.11510096,-0.1781184,-0.1599118,-0.017506476,0.069197096,0.16656213,0.09935715,0.113489345,-0.03779545,-0.03123486,-0.1618478,-0.07371841,-0.25943244,0.22251011,0.19021504,0.033442043,0.025684163,-0.05547018,-0.09836875,-0.021388847,0.19534975,-0.017205162,0.11501104,0.15370433,0.09595758,-0.16268408,-0.08369557,-0.20124838,0.052312024,-0.12644023,0.024721384,0.061568215,-0.06450145,0.052585673,0.09418177,0.24078959,0.108843,0.1569144
cell_0460,0.08319868,-0.089021124,-0.06590295,0.0503518,-0.031672742,5.854745e-05,-0.09850483,0.18884763,-0.008311349,-0.08876074,0.092449546,0.13918258,-0.094327435,0.17349316,0.18530641,0.052939318,0.18433449,-0.18081498,0.17317612,0.17224441,0.008978375,0.09345239,-0.048421104,0.09608806,-0.09344049,0.03602772,0.04583767,-0.17494881,-0.1383783,-0.007430919,0.03126764,0.22066513,0.11823071,0.21808892,-0.07805689,-0.103488415,-0.1872056,-0.15208101,-0.25933588,0.13489439,0.2384493,0.06558216,0.032304537,-0.002935334,-0.09157609,0.057559177,0.1522351,0.0247213,0.026630852,0.15661839,0.12627931,-0.10683058,0.0150245745,-0.2179001,0.108434945,-0.09800657,0.005329232,0.101950146,-0.0724178,0.022425186,0.17556319,0.15833043,0.07522084,0.20618455
cell_0461,0.071317956,-0.11840295,-0.063093446,0.057360746,0.029869135,-0.05851512,-0.09339199,0.21969537,-0.025564997,-0.005629624,0.13790843,0.098624915,-0.16422455,0.20039526,0.20297664,0.07882587,0.16794048,-0.14595918,0.090265505,0.29446283,0.0017876774,0.15685585,0.02181557,0.0569385,-0.067011684,-0.034894485,0.025475238,-0.1754292,-0.16039641,0.011984379,-0.017428456,0.19379397,0.035115995,0.16403954,-0.09893469,0.026667034,-0.11364117,-0.12155414,-0.16544159,0.22225915,0.11083688,-0.011214805,-0.010654387,-0.055783227,-0.08213249,0.01371081,0.13671899,0.049593065,0.09688586,0.25611824,0.065361165,-0.11367865,-0.060435727,-0.24863553,0.074417256,-0.1798598,-0.016813284,0.17716573,-0.062342327,0.084431514,0.11724753,0.17247342,-0.052094836,0.1534316
cell_0462,0.17126296,-0.10715463,-0.06455546,0.11499488,-0.04568501,-0.029010361,-0.06813922,0.17438208,-0.024241747,-0.05425941,0.12771793,0.12424722,-0.082660615,0.19016452,0.17439486,0.13846447,0.17836414,-0.16844502,0.101553515,0.22959863,0.033648442,0.14669034,-0.03883229,0.07161633,-0.14252207,-0.013395936,0.039558616,-0.1697965,-0.155471,-0.028579772,0.10245732,0.18781659,0.0844229,0.20002182,-0.056805372,-0.0038749604,-0.15764445,-0.10418546,-0.25678757,0.17561346,0.15711153,0.051264357,0.03935172,-0.058928665,-0.08572383,0.055006783,0.14598514,-0.01511159,0.044502016,0.15434918,0.1646317,-0.14898634,0.00029342776,-0.2252895,0.11424223,-0.12353418,-0.008547593,0.08215987,-0.07236882,0.042803556,0.07519533,0.20095307,0.11720001,0.16386643
cell_0463,0.1989522,-0.10479811,-0.15044113,0.091137506,0.05131664,-0.09558953,-0.07006382,0.17421117,-0.031030167,-0.08642805,0.11651033,0.1467299,-0.099558435,0.16915363,0.22372034,0.09330398,0.15499778,-0.20791166,0.12462125,0.24961375,0.06422406,0.1024657,-0.03132757,0.06400569,-0.13680625,0.015515702,-0.022442289,-0.11815284,-0.1198846,-0.047828145,0.10059942,0.20446032,0.08099234,0.22094804,-0.05380874,0.023926312,-0.1331889,-0.12873933,-0.20527592,0.15574633,0.14438105,0.010144556,0.05845627,-0.029577121,-0.13099444,0.0022167342,0.10789296,-0.009362937,0.077011414,0.19480929,0.12610622,-0.16735986,-0.024470305,-0.22880197,0.09026399,-0.102651544,0.0596594,0.11254577,-0.054508734,0.06828065,0.07102712,0.15618905,0.10529946,0.16233107
cell_0464,0.15324527,-0.15303573,-0.1100483,0.082218096,0.001469161,0.018706612,-0.0022215988,0.20588045,-0.073696665,-0.028927725,0.10790747,0.15641448,-0.08217641,0.17981307,0.19140854,0.112287514,0.16501406,-0.20843188,0.110422336,0.25241986,0.019376252,0.19712028,0.03663256,0.042853124,-0.0608218,-0.057094883,0.011312205,-0.17509575,-0.22503832,-0.02455177,0.054148387,0.16893205,0.08014025,0.16298787,-0.016005075,0.021588402,-0.1587829,-0.094790064,-0.1769733,0.15145278,0.16812487,0.03376857,-0.008233643,0.0087079415,-0.11125096,0.050706934,0.12467837,-0.010222531,0.053705357,0.14861745,0.1979378,-0.08248746,-0.017211413,-0.2897287,0.07286655,-0.10252637,-0.024104254,0.0869087,-0.100264005,0.10426035,0.117322706,0.18136512,0.075336255,0.12884957
cell_0465,0.09860886,-0.18634714,-0.060006868,0.07481446,-0.06336374,0.015799832,0.0026524274,0.23091254,0.049940504,-0.042396236,0.07681459,0.1452288,-0.135275,0.12707105,0.18667081,0.0371715,0.14951798,-0.19167553,0.018072484,0.26609895,-0.0027294294,0.08192056,0.034848787,-0.0022147708,-0.09372535,0.003556104,0.0102489665,-0.26205638,-0.11750025,-0.029527254,-0.026070397,0.19752288,0.045900475,0.1951137,-0.03560653,-0.06414458,-0.16103306,-0.030256035,-0.19107437,0.21781947,0.1807995,-0.027681036,-0.06296373,-0.08994194,-0.046884768,-0.0336562,0.07415515,0.10250391,0.025860373,0.24157695,0.04375046,-0.0019065533,-0.0063023525,-0.3032728,0.17416708,-0.07430919,-0.06289015,0.17320438,-0.049051855,0.12495313,0.16517195,0.12475459,-0.046754163,0.098277554
cell_0466,0.12872769,-0.12175688,-0.13233323,0.06543592,-0.020842418,-0.054282773,-0.061836384,0.146718,-0.039762456,-0.062405895,0.15434165,0.12002144,-0.08645542,0.15931065,0.17258014,0.09157174,0.17825563,-0.18641311,0.10734036,0.24908032,0.048846457,0.13100307,-0.051083818,0.013792544,-0.15534009,0.0057402924,0.0011080198,-0.19163503,-0.15391113,-0.040035106,0.08010941,0.16664828,0.062445167,0.18463229,-0.0065333447,0.00020742463,-0.14112604,-0.10606108,-0.22886546,0.18170208,0.20937686,0.026045585,0.018067917,-0.037155226,-0.14812225,0.023385169,0.11133524,-0.019838395,0.06863996,0.16808578,0.15003476,-0.14018735,-0.012989356,-0.27026126,0.15196766,-0.1116524,0.015937185,0.08633841,-0.07867174,0.05810531,0.045162767,0.20632885,0.112009056,0.16164358
cell_0467,0.15299927,-0.13935532,-0.052807454,0.11426874,-0.034400433,-0.08560829,0.0013344985,0.11732966,-0.04116267,-0.013947316,0.15981264,0.031030172,-0.12940012,0.12795722,0.20777652,0.14354151,0.11482127,-0.19117787,0.052857846,0.3517742,0.044240586,0.13223279,0.009396043,0.018608702,-0.030195605,-0.017472368,0.03822434,-0.19534025,-0.091140024,-0.07127259,-0.058516257,0.13358326,0.11315317,0.21142219,-0.0070599853,-0.004141728,-0.19734323,-0.089578696,-0.1799111,0.19007444,0.15304923,0.037101384,0.0284015,-0.10164807,-0.17109746,-0.0627978,0.12365423,0.033344943,0.041114952,0.19667841,0.1349524,-0.09412079,0.011606483,-0.2840364,0.20178534,-0.08967978,-0.047438003,0.08794821,-0.105729856,0.01640347,0.06567176,0.18156053,-4.7012254e-05,0.08832252
cell_0468,0.10894974,-0.13881186,-0.118123755,0.09404385,-0.054042697,-0.028224437,-0.013051766,0.24528688,0.016560014,-0.07477391,0.13265936,0.11679939,-0.0771735,0.18083863,0.19273385,0.06041536,0.14945099,-0.19050926,0.11404756,0.29088482,0.032489683,0.15363522,-0.009636287,0.047840156,-0.10421254,0.0094752135,0.035453305,-0.15837364,-0.1258748,0.032294646,0.025069753,0.20011781,0.064306736,0.19648944,-0.056493882,-0.058794007,-0.15648714,-0.09720776,-0.23928845,0.19792394,0.13907872,0.036494393,-0.024514044,-0.02180626,-0.112871006,0.012059506,0.09470958,0.07953656,0.020825515,0.20203885,0.11050233,-0.103286654,-0.035410527,-0.24542184,0.09449155,-0.1077684,-0.03397774,0.1003511,-0.13336006,0.111995,0.10412429,0.1874395,0.090940416,0.12511128
cell_0469,0.10358653,-0.09447732,-0.020268753,0.050678484,-0.00787787,0.015207352,-0.01759656,0.25516054,-0.0806517,-0.025528543,0.194354,0.17481785,-0.14519244,0.17162041,0.12128494,0.072880074,0.16416968,-0.2637068,0.11483442,0.3002491,0.046458278,0.059384633,-0.0046522073,0.13552801,-0.07032917,0.065366,-0.058292557,-0.13340919,-0.13556613,-0.104205504,0.01878789,0.21178126,0.07587395,0.2690472,-0.065771416,-0.05155872,-0.15139918,-0.12154737,-0.16639778,0.07972081,0.16511156,0.068166025,-0.012522825,-0.0061997455,-0.068855695,0.048786245,0.14587319,-0.0039497213,-0.022033801,0.23822011,0.13917372,-0.060111053,0.011298887,-0.1951856,0.07304735,-0.05879145,-0.023252713,0.056386434,-0.07607278,-0.004864738,0.11265622,0.2264844,-0.05403382,0.12565942
cell_0470,0.2166932,-0.070534945,-0.054892175,0.13460265,0.04158495,-0.06985983,-0.104768015,0.1368748,-0.1134978,-0.08540021,0.19882755,0.12655897,-0.16651174,0.16126478,0.15350702,0.1426939,0.1689842,-0.23464835,0.05380833,0.21684954,0.030655531,0.14114462,-0.043918535,0.1210899,-0.12713821,-0.031677864,0.005869112,-0.21526375,-0.06673113,-0.13380326,0.10276835,0.19883293,0.095138855,0.14439815,-0.06555663,0.0442604,-0.20452912,-0.11965997,-0.178727,0.1122491,0.1743123,0.084648,0.039169688,-0.051545944,-0.09000689,0.021813573,0.1290473,-0.036820162,0.02999964,0.16892232,0.10432576,-0.13168176,0.06304854,-0.23102441,0.16241698,-0.07020623,-0.026105786,-0.012826012,-0.08839068,-0.021328311,0.031759594,0.17302233,0.043956243,0.1294907
cell_0471,0.21165931,-0.13351297,-0.051642735,0.18276991,0.0057933712,-0.07731811,-0.038949534,0.20895435,-0.05605558,0.00070519693,0.15218684,0.07500455,-0.14764166,0.16304746,0.15576729,0.13643803,0.1380828,-0.18381773,0.16000289,0.26949176,-0.015500419,0.15598461,0.05916511,0.07823622,-0.1072825,-0.04030936,-0.011087574,-0.14462109,-0.10851614,-0.049538042,0.019651439,0.20602897,0.09262727,0.16523804,-0.11010266,-0.033887222,-0.103570595,-0.1364178,-0.19324481,0.20595339,0.15043336,0.032122593,0.107920356,-0.02273759,-0.12555261,-0.031269494,0.024438642,0.048811805,0.16411619,0.1656321,0.09472711,-0.13116497,0.053135306,-0.22021817,0.119408965,-0.08243821,-0.053689715,0.074236766,-0.10967501,0.07130934,0.06685297,0.15506244,0.08198789,0.1514884
cell_0472,0.13973702,-0.12326638,-0.10218028,0.12832934,-0.012067756,-0.023419732,-0.04137188,0.1860533,-0.12780333,-0.049686726,0.09445248,0.1236992,-0.15878226,0.18963347,0.18535724,0.18107416,0.19914325,-0.25471592,0.07665509,0.23997366,0.0038744174,0.15367845,-0.032586776,0.014910905,-0.1099911,-0.025536971,-0.004029847,-0.15311293,-0.14356151,-0.029100534,0.04457221,0.20630409,0.044323005,0.16915508,-0.00064439356,0.017593151,-0.13538527,-0.06868195,-0.24009146,0.15660812,0.21487807,0.041373614,-0.035948116,-0.10401642,-0.11672977,-0.034084957,0.10115854,0.026674587,0.028029613,0.17158504,0.119251564,-0.10309989,0.033077084,-0.25816053,0.1289286,-0.017563473,-0.03679044,0.091589935,-0.09134933,0.03614815,0.063848145,0.17445217,0.086708784,0.10894058
cell_0473,0.19868703,-0.10739074,-0.01930792,0.11426273,0.011039543,-0.04308712,-0.11197995,0.17667781,-0.035335507,-0.021355882,0.09401165,0.11261521,-0.1281769,0.18257205,0.16072196,0.09959877,0.10548195,-0.15686819,0.10203313,0.23042333,-0.037223805,0.11628891,0.02001752,0.17021766,-0.10505279,-0.057458144,-0.011190735,-0.17064753,-0.13324663,0.01221203,0.08045025,0.2294881,0.06405158,0.2219612,-0.08905617,0.0794042,-0.14143813,-0.04877069,-0.2074463,0.13781112,0.14577381,0.03690988,0.080683336,-0.108988516,-0.11412733,0.012113848,0.12126097,0.033149723,0.09996787,0.18458392,0.11325953,-0.10606961,-0.033909414,-0.2704989,0.15347566,-0.11310166,0.073428504,0.19467358,-0.10516152,0.11303077,0.09596193,0.16214311,0.0354643,0.11073488
cell_0474,0.1913079,-0.1455911,-0.070843115,0.18147762,0.016524348,0.0037806134,-0.037927788,0.16464472,-0.04840361,-0.021710997,0.10640542,0.06007138,-0.11627671,0.18687929,0.28285545,0.091407046,0.20114301,-0.21928458,0.108121365,0.21319346,0.012056985,0.15666439,-0.038145915,0.10572404,-0.08656593,-0.023305453,0.010838068,-0.13005367,-0.19745257,-0.027480328,0.06612922,0.1341249,0.08588204,0.16905668,-0.058279794,0.07531571,-0.17982046,-0.04377546,-0.20314091,0.15769966,0.17043109,0.099830635,-0.0027001756,-0.004029879,-0.063526526,0.0053491825,0.084338546,-0.04142888,0.061575912,0.1620181,0.19316801,-0.112738065,0.03407946,-0.25872576,0.111500934,-0.1566589,-0.06899436,0.071209684,-0.09516942,0.037379403,0.093371764,0.16719472,0.06356995,0.08487715
cell_0475,0.10917092,-0.146125,-0.090245605,0.0362289,-0.048037387,-0.09682569,-0.1177844,0.2314216,-0.010961196,-0.039600216,0.091475904,0.09621891,-0.14435183,0.14040369,0.19434486,0.15507165,0.10600897,-0.17079923,0.16500463,0.28930372,0.011180865,0.17315936,-0.014154291,0.0358813,-0.138906,-0.0046702716,-0.011588882,-0.1592483,-0.15823606,0.038516816,0.08288865,0.22837956,0.062006056,0.20467111,-0.00040842665,0.03850204,-0.1695849,-0.064482875,-0.15559438,0.13942733,0.17385785,-0.0001725796,0.07338516,-0.05607587,-0.14539312,-0.0029706426,0.10348951,0.059086245,0.082445726,0.21582551,0.11494933,-0.11522351,0.024343569,-0.22478788,0.07718122,-0.118527144,0.015831571,0.17696871,-0.069995865,0.11529094,0.06402934,0.14535487,0.019353613,0.1376197
cell_0476,0.22710188,-0.15286629,-0.0655737,0.12375233,0.0058203773,0.0027564233,-0.048287615,0.15379934,-0.07628786,-0.0126397945,0.13770357,0.10291945,-0.12065173,0.1692591,0.19252233,0.0981925,0.15457396,-0.23287018,0.08639815,0.24544479,0.027384086,0.13880801,-0.023735179,0.051855937,-0.11769462,0.010876905,-0.005545242,-0.16511524,-0.21463066,-0.020250643,0.06479318,0.17707905,0.05872821,0.11326829,-0.033736255,0.016527647,-0.18292862,-0.050118152,-0.20289549,0.18597704,0.17520161,0.055512898,-0.0069435607,-0.074002914,-0.10234415,0.015207858,0.08582893,-0.016091542,0.08117924,0.18854788,0.17283256,-0.13732463,-0.028286275,-0.23193622,0.077038966,-0.116370454,-0.043818824,0.07187643,-0.14805955,0.08796349,0.05489961,0.1988748,0.131167,0.11430157
cell_0477,0.19408384,-0.0796233,-0.025674356,0.18625796,-0.106777415,0.030828709,-0.08692077,0.21241102,-0.009470816,-0.029309565,0.16474938,0.08215249,-0.14846165,0.122431986,0.1745558,0.10614251,0.07681667,-0.17863365,0.13310334,0.24379645,-0.04871387,0.031777352,0.020415997,0.06786057,-0.07860757,-0.01814744,0.06526465,-0.1456149,-0.13321863,-0.07824757,0.04116098,0.14975563,0.089561135,0.19817236,-0.07691382,-0.04318698,-0.14269267,-0.16130601,-0.22274444,0.17550175,0.23508178,-0.04079331,0.052370444,-0.09654621,-0.06378263,-0.032407418,0.17096232,0.047372177,0.04796789,0.2220789,0.16574022,-0.14739466,-0.03327412,-0.24150747,0.07957471,-0.015672704,-0.04180088,0.08275056,0.010472063,0.080100544,0.12636276,0.10099444,0.11996816,0.1694628
cell_0478,0.13811123,-0.107182436,-0.06977234,0.1151055,0.007585496,-0.08777971,-0.06534854,0.10599636,-0.037894346,-0.032482445,0.14736785,0.12706189,-0.15801908,0.07444624,0.24739586,0.06424867,0.09732896,-0.23404735,0.083312795,0.23092064,-0.016798157,0.052472588,-0.0048889,0.15918884,-0.13850468,0.034025747,0.084223986,-0.15822908,-0.14329445,-0.08098252,0.0026589485,0.199793,0.13740805,0.2002226,-0.15812786,-0.077499546,-0.15187906,-0.16232081,-0.18099117,0.16633911,0.2182253,-0.07382945,-0.0014917633,-0.05161498,-0.08042874,-0.034880888,0.17185274,-0.018111028,0.078522906,0.18450119,0.13112338,-0.14691167,-0.079845674,-0.22382098,0.123700485,-0.073574714,-0.022246674,0.031977616,-0.056439947,0.04831362,0.1359322,0.11819078,0.06897515,0.16102825
cell_0479,0.10531712,-0.10291487,-0.061635148,0.0603878,0.03431932,-0.07395957,-0.08928226,0.14570655,-0.030801732,-0.054454904,0.12222073,0.12221882,-0.06869221,0.20400319,0.15458031,0.10554101,0.14113873,-0.15708365,0.13353427,0.26723772,0.046015546,0.10574722,0.015146996,0.08653131,-0.1721743,-0.018418727,-0.003952966,-0.16727935,-0.12844497,-0.09762946,0.08799088,0.20895939,0.10831633,0.27677292,-0.13174613,0.00631399,-0.1463959,-0.16507064,-0.17280953,0.16148578,0.16788995,0.019981131,0.023863344,-0.014209827,-0.09087386,0.041238748,0.17427121,-0.013826962,0.05482178,0.17791754,0.12738515,-0.13237734,-0.014840797,-0.26549014,0.11926717,-0.11153189,0.03756571,0.085927635,-0.03643507,0.07513676,0.07142367,0.15101302,0.030800715,0.19736022
