cell_name,batch1,cell_type,batch
B1_AAACATACCACAAC_Control_Enterocyte.Progenitor,B1,Enterocyte.Progenitor,Control
B1_AAACGCACGAGGAC_Control_Stem,B1,Stem,Control
B1_AAACGCACTAGCCA_Control_Stem,B1,Stem,Control
B1_AAACGCACTGTCCC_Control_Stem,B1,Stem,Control
B1_AAACTTGACCACCT_Control_Enterocyte.Progenitor,B1,Enterocyte.Progenitor,Control
B1_AAAGATCTACCTTT_Control_Enterocyte.Progenitor,B1,Enterocyte.Progenitor,Control
B1_AAAGGCCTAAGGCG_Control_Stem,B1,Stem,Control
B1_AAAGGCCTCATGAC_Control_TA.Early,B1,TA.Early,Control
B1_AAAGGCCTTGTAGC_Control_Stem,B1,Stem,Control
B1_AAATACTGGCAAGG_Control_Stem,B1,Stem,Control
B1_AACAATACTAGCCA_Control_TA,B1,TA,Control
B1_AACACGTGATGCTG_Control_TA.Early,B1,TA.Early,Control
B1_AACACGTGCTTAGG_Control_Stem,B1,Stem,Control
B1_AACACTCTTCTTTG_Control_Tuft,B1,Tuft,Control
B1_AACACTCTTTTACC_Control_TA.Early,B1,TA.Early,Control
B1_AACAGCACCCTTTA_Control_Enterocyte,B1,Enterocyte,Control
B1_AACAGCACTCTAGG_Control_Enterocyte,B1,Enterocyte,Control
B1_AACATATGAGATGA_Control_Enterocyte,B1,Enterocyte,Control
B1_AACATTGAGCGGAA_Control_TA,B1,TA,Control
B1_AACCAGTGCTCCCA_Control_TA.Early,B1,TA.Early,Control
B1_AACCAGTGTTTCGT_Control_TA,B1,TA,Control
B1_AACCGCCTACAGCT_Control_TA,B1,TA,Control
B1_AACCTTTGTTCTAC_Control_Stem,B1,Stem,Control
B1_AACGCCCTTCCCGT_Control_Stem,B1,Stem,Control
B1_AACGTTCTAAGGTA_Control_Stem,B1,Stem,Control
B1_AACTTGCTGGTATC_Control_Enterocyte,B1,Enterocyte,Control
B1_AACTTGCTGTACGT_Control_Stem,B1,Stem,Control
B1_AACTTGCTTTTGTC_Control_Stem,B1,Stem,Control
B1_AAGAACGATGACTG_Control_Enterocyte,B1,Enterocyte,Control
B1_AAGAAGACATAAGG_Control_Stem,B1,Stem,Control
B1_AAGATTACCCCTAC_Control_TA.Early,B1,TA.Early,Control
B1_AAGCCATGAAGGGC_Control_TA,B1,TA,Control
B1_AAGCCTGACCCACT_Control_TA,B1,TA,Control
B1_AAGTGCACACGGTT_Control_TA.Early,B1,TA.Early,Control
B1_AAGTGCACACGTAC_Control_Stem,B1,Stem,Control
B1_AAGTTATGATCTTC_Control_TA.Early,B1,TA.Early,Control
B1_AAGTTCCTTCTTAC_Control_TA,B1,TA,Control
B1_AATAACACGGCAAG_Control_TA,B1,TA,Control
B1_AATAACACTGCCTC_Control_Goblet,B1,Goblet,Control
B1_AATAAGCTAGAGAT_Control_Enterocyte.Progenitor,B1,Enterocyte.Progenitor,Control
B1_AATCCTTGGTAAGA_Control_TA.Early,B1,TA.Early,Control
B1_AATCGGTGAGAGTA_Control_TA.Early,B1,TA.Early,Control
B1_AATCTAGAAGTCTG_Control_Stem,B1,Stem,Control
B1_AATGGAGAAGCAAA_Control_Enterocyte,B1,Enterocyte,Control
B1_AATGGCTGAGATGA_Control_TA.Early,B1,TA.Early,Control
B1_AATGGCTGCCTTTA_Control_Enterocyte.Progenitor,B1,Enterocyte.Progenitor,Control
B1_AATGGCTGGAGGAC_Control_TA.Early,B1,TA.Early,Control
B1_AATTACGAAACAGA_Control_Enterocyte.Progenitor,B1,Enterocyte.Progenitor,Control
B1_AATTACGACTAAGC_Control_Enterocyte,B1,Enterocyte,Control
B1_AATTGATGCAATCG_Control_Enterocyte,B1,Enterocyte,Control
B1_AATTGATGCAGCTA_Control_Enterocyte.Progenitor,B1,Enterocyte.Progenitor,Control
B1_ACAAAGGAGGAACG_Control_Stem,B1,Stem,Control
B1_ACAAAGGATTGTGG_Control_Stem,B1,Stem,Control
B1_ACAAATTGGAGGTG_Control_Enterocyte.Progenitor,B1,Enterocyte.Progenitor,Control
B1_ACAACCGATCTGGA_Control_Stem,B1,Stem,Control
B1_ACAATAACTGACCA_Control_Endocrine,B1,Endocrine,Control
B1_ACAATTGAACGTGT_Control_Stem,B1,Stem,Control
B1_ACAATTGAGGTGTT_Control_Enterocyte.Progenitor,B1,Enterocyte.Progenitor,Control
B1_ACACAGACCATCAG_Control_Enterocyte,B1,Enterocyte,Control
B1_ACACCAGATTATCC_Control_TA.Early,B1,TA.Early,Control
B1_ACACCAGATTGCGA_Control_TA.Early,B1,TA.Early,Control
B1_ACACCCTGGGAAAT_Control_TA,B1,TA,Control
B1_ACACGATGCGGGAA_Control_Enterocyte.Progenitor,B1,Enterocyte.Progenitor,Control
B1_ACACGTGAACGCAT_Control_Enterocyte.Progenitor,B1,Enterocyte.Progenitor,Control
B1_ACACGTGAAGGGTG_Control_TA,B1,TA,Control
B1_ACAGACACATGACC_Control_TA.Early,B1,TA.Early,Control
B1_ACAGACACTCCTAT_Control_Stem,B1,Stem,Control
B1_ACAGTCGATCTACT_Control_Tuft,B1,Tuft,Control
B1_ACATGGTGCCGTTC_Control_Goblet,B1,Goblet,Control
B1_ACCAACGAGTTCTT_Control_Stem,B1,Stem,Control
B1_ACCAGCCTGCTTAG_Control_TA.Early,B1,TA.Early,Control
B1_ACCAGTGATTCCAT_Control_TA.Early,B1,TA.Early,Control
B1_ACCATTTGGGGATG_Control_Stem,B1,Stem,Control
B1_ACCCAGCTATCGTG_Control_Stem,B1,Stem,Control
B1_ACCCGTTGAGTGTC_Control_TA.Early,B1,TA.Early,Control
B1_ACCCGTTGCTCCCA_Control_TA.Early,B1,TA.Early,Control
B1_ACCGCGGAAGTCAC_Control_Stem,B1,Stem,Control
B1_ACCGTGCTAACGTC_Control_Enterocyte.Progenitor,B1,Enterocyte.Progenitor,Control
B1_ACCTCGTGCCTTCG_Control_Stem,B1,Stem,Control
B1_ACCTCGTGGCCCTT_Control_TA,B1,TA,Control
B1_ACCTGAGAAGAGTA_Control_Enterocyte.Progenitor,B1,Enterocyte.Progenitor,Control
B1_ACCTGGCTGAGGTG_Control_TA,B1,TA,Control
B1_ACGACCCTTAGCGT_Control_Endocrine,B1,Endocrine,Control
B1_ACGACCCTTCCAGA_Control_TA.Early,B1,TA.Early,Control
B1_ACGACCCTTGAGCT_Control_Stem,B1,Stem,Control
B1_ACGCACCTGTCTAG_Control_Enterocyte.Progenitor,B1,Enterocyte.Progenitor,Control
B1_ACGCCACTTGGGAG_Control_Enterocyte.Progenitor,B1,Enterocyte.Progenitor,Control
B1_ACGCCGGACCCTTG_Control_Stem,B1,Stem,Control
B1_ACGCCGGATCAGTG_Control_Enterocyte.Progenitor,B1,Enterocyte.Progenitor,Control
B1_ACGCCTTGGCTATG_Control_Stem,B1,Stem,Control
B1_ACGCTGCTCTCTTA_Control_Enterocyte.Progenitor,B1,Enterocyte.Progenitor,Control
B1_ACGGAACTGTTAGC_Control_Enterocyte.Progenitor,B1,Enterocyte.Progenitor,Control
B1_ACGGAGGAGAGACG_Control_Enterocyte.Progenitor,B1,Enterocyte.Progenitor,Control
B1_ACGGCGTGAGTACC_Control_TA.Early,B1,TA.Early,Control
B1_ACGGTCCTTCGACA_Control_TA,B1,TA,Control
B1_ACGTCCTGTCGTAG_Control_Enterocyte.Progenitor,B1,Enterocyte.Progenitor,Control
B1_ACGTGATGACACGT_Control_TA,B1,TA,Control
B1_ACGTGCCTTTACCT_Control_Stem,B1,Stem,Control
B1_ACGTGCCTTTTACC_Control_TA.Early,B1,TA.Early,Control
B1_ACGTTACTTCTCCG_Control_Enterocyte.Progenitor,B1,Enterocyte.Progenitor,Control
B1_ACGTTGGATGTCTT_Control_Stem,B1,Stem,Control
B1_ACTACGGATCGTGA_Control_Stem,B1,Stem,Control
B1_ACTACTACGTCAAC_Control_Enterocyte.Progenitor,B1,Enterocyte.Progenitor,Control
B1_ACTAGGTGTCTCGC_Control_TA.Early,B1,TA.Early,Control
B1_ACTATCACGTATGC_Control_Enterocyte.Progenitor,B1,Enterocyte.Progenitor,Control
B1_ACTATCACTTCCCG_Control_TA,B1,TA,Control
B1_ACTCAGGACAGGAG_Control_Stem,B1,Stem,Control
B1_ACTCCCGACTCTTA_Control_Stem,B1,Stem,Control
B1_ACTCCCGAGCGAAG_Control_Endocrine,B1,Endocrine,Control
B1_ACTCGCACTCCAGA_Control_Endocrine,B1,Endocrine,Control
B1_ACTGAGACTCAGAC_Control_Stem,B1,Stem,Control
B1_ACTGCCACCCAACA_Control_Enterocyte.Progenitor,B1,Enterocyte.Progenitor,Control
B1_ACTGCCACCGAGAG_Control_Tuft,B1,Tuft,Control
B1_ACTGCCACTGACCA_Control_Stem,B1,Stem,Control
B1_ACTGTGGAGTCACA_Control_Enterocyte.Progenitor,B1,Enterocyte.Progenitor,Control
B1_ACTTCTGATCGTTT_Control_TA.Early,B1,TA.Early,Control
B1_AGAAAGTGTTCATC_Control_TA,B1,TA,Control
B1_AGAACAGATGAACC_Control_Enterocyte,B1,Enterocyte,Control
B1_AGAATACTCTGGTA_Control_Stem,B1,Stem,Control
B1_AGACACTGGCCATA_Control_TA.Early,B1,TA.Early,Control
B1_AGACCTGAATGTGC_Control_Stem,B1,Stem,Control
B1_AGACTCGAGTTGTG_Control_TA.Early,B1,TA.Early,Control
B1_AGACTCGATGACAC_Control_Enterocyte,B1,Enterocyte,Control
B1_AGACTGACCCAATG_Control_Enterocyte,B1,Enterocyte,Control
B1_AGAGAAACGTCGTA_Control_Stem,B1,Stem,Control
B1_AGAGAATGTGGTCA_Control_Enterocyte.Progenitor,B1,Enterocyte.Progenitor,Control
B1_AGAGCTACAAGAGT_Control_Stem,B1,Stem,Control
B1_AGAGGTCTTTGGCA_Control_Enterocyte.Progenitor,B1,Enterocyte.Progenitor,Control
B1_AGCAACACAAGATG_Control_Endocrine,B1,Endocrine,Control
B1_AGCATGACTTGACG_Control_TA.Early,B1,TA.Early,Control
B1_AGCATTCTGTCTAG_Control_TA.Early,B1,TA.Early,Control
B1_AGCATTCTTGAGAA_Control_Enterocyte.Progenitor,B1,Enterocyte.Progenitor,Control
B1_AGCCACCTTGAGGG_Control_TA.Early,B1,TA.Early,Control
B1_AGCCGGTGGGTACT_Control_Stem,B1,Stem,Control
B1_AGCCGTCTTGTCGA_Control_Goblet,B1,Goblet,Control
B1_AGCCTCTGCTACGA_Control_TA.Early,B1,TA.Early,Control
B1_AGCCTCTGGAATAG_Control_Stem,B1,Stem,Control
B1_AGCGGCACCAGAAA_Control_Stem,B1,Stem,Control
B1_AGCGGCACTGCATG_Control_Endocrine,B1,Endocrine,Control
B1_AGCGTAACCTATTC_Control_Stem,B1,Stem,Control
B1_AGCTCGCTACGGTT_Control_Enterocyte.Progenitor,B1,Enterocyte.Progenitor,Control
B1_AGCTGAACGTCAAC_Control_TA.Early,B1,TA.Early,Control
B1_AGCTGTGAACGCTA_Control_Stem,B1,Stem,Control
B1_AGCTGTGATTGTCT_Control_Enterocyte,B1,Enterocyte,Control
B1_AGGAACCTAGCTCA_Control_Stem,B1,Stem,Control
B1_AGGACTTGCCTTGC_Control_Enterocyte.Progenitor,B1,Enterocyte.Progenitor,Control
B1_AGGATAGAACAGTC_Control_Endocrine,B1,Endocrine,Control
B1_AGGATAGAGTGTAC_Control_Stem,B1,Stem,Control
B1_AGGATGCTGCGTAT_Control_Stem,B1,Stem,Control
B1_AGGCAACTGGTTCA_Control_Stem,B1,Stem,Control
B1_AGGCAGGACTTGTT_Control_TA.Early,B1,TA.Early,Control
B1_AGGCAGGAGTACCA_Control_TA.Early,B1,TA.Early,Control
B1_AGGCAGGAGTGAGG_Control_Stem,B1,Stem,Control
B1_AGGCCTCTCTGTTT_Control_Stem,B1,Stem,Control
B1_AGGCTAACCTCGAA_Control_Enterocyte,B1,Enterocyte,Control
B1_AGGGCGCTGGATCT_Control_Stem,B1,Stem,Control
B1_AGGGTGGAAAGTAG_Control_TA.Early,B1,TA.Early,Control
B1_AGGGTGGAGCCAAT_Control_TA,B1,TA,Control
B1_AGGTACTGAGGGTG_Control_TA.Early,B1,TA.Early,Control
B1_AGGTACTGCTTCTA_Control_Stem,B1,Stem,Control
B1_AGGTCTGACCCTCA_Control_TA,B1,TA,Control
B1_AGGTCTGAGGACTT_Control_TA.Early,B1,TA.Early,Control
B1_AGGTGGGAACGGAG_Control_TA.Early,B1,TA.Early,Control
B1_AGGTGTTGCGATAC_Control_Enterocyte.Progenitor,B1,Enterocyte.Progenitor,Control
B1_AGGTTGTGCTGTAG_Control_TA.Early,B1,TA.Early,Control
B1_AGTAAGGACACTCC_Control_TA.Early,B1,TA.Early,Control
B1_AGTAATACCTAAGC_Control_TA,B1,TA,Control
B1_AGTAGGCTCTGTTT_Control_TA.Early,B1,TA.Early,Control
B1_AGTCACGAACGCAT_Control_TA,B1,TA,Control
B1_AGTCAGACCTCCAC_Control_Enterocyte.Progenitor,B1,Enterocyte.Progenitor,Control
B1_AGTCGAACTTCCAT_Control_Stem,B1,Stem,Control
B1_AGTCGCCTATGCCA_Control_Enterocyte.Progenitor,B1,Enterocyte.Progenitor,Control
B1_AGTCTTACCGACTA_Control_TA,B1,TA,Control
B1_AGTCTTACGCAAGG_Control_TA,B1,TA,Control
B1_AGTGTTCTACACTG_Control_TA.Early,B1,TA.Early,Control
B1_AGTGTTCTAGAGAT_Control_Stem,B1,Stem,Control
B1_AGTTCTACCCAATG_Control_TA,B1,TA,Control
B1_AGTTCTACCCATGA_Control_TA.Early,B1,TA.Early,Control
B1_AGTTCTTGGTACGT_Control_Stem,B1,Stem,Control
B1_AGTTCTTGGTAGCT_Control_Stem,B1,Stem,Control
B1_AGTTGTCTACCTGA_Control_TA.Early,B1,TA.Early,Control
B1_AGTTTGCTCCCACT_Control_Stem,B1,Stem,Control
B1_AGTTTGCTCTTTAC_Control_TA,B1,TA,Control
B1_AGTTTGCTGAATAG_Control_Stem,B1,Stem,Control
B1_AGTTTGCTGTGTCA_Control_Stem,B1,Stem,Control
B1_ATAACATGTTGTGG_Control_Enterocyte.Progenitor,B1,Enterocyte.Progenitor,Control
B1_ATAACCCTACCATG_Control_TA.Early,B1,TA.Early,Control
B1_ATACCGGACGTAAC_Control_Enterocyte.Progenitor,B1,Enterocyte.Progenitor,Control
B1_ATACCGGACTTGCC_Control_Stem,B1,Stem,Control
B1_ATACGGACACGTTG_Control_Stem,B1,Stem,Control
B1_ATACGGACATTTCC_Control_TA,B1,TA,Control
B1_ATACGGACTCTATC_Control_Enterocyte.Progenitor,B1,Enterocyte.Progenitor,Control
B1_ATAGATTGAGAACA_Control_Enterocyte.Progenitor,B1,Enterocyte.Progenitor,Control
B1_ATAGCGTGGCGTTA_Control_TA.Early,B1,TA.Early,Control
B1_ATAGCGTGTCCGTC_Control_TA.Early,B1,TA.Early,Control
B1_ATAGCTCTTAACGC_Control_Stem,B1,Stem,Control
B1_ATAGGCTGTATTCC_Control_Stem,B1,Stem,Control
B1_ATAGGCTGTCTATC_Control_TA.Early,B1,TA.Early,Control
B1_ATATACGAGGGACA_Control_TA.Early,B1,TA.Early,Control
B1_ATATAGTGCCTGTC_Control_Stem,B1,Stem,Control
B1_ATATGAACCTCCCA_Control_TA.Early,B1,TA.Early,Control
B1_ATATGCCTCTGGAT_Control_Enterocyte.Progenitor,B1,Enterocyte.Progenitor,Control
B1_ATCACTACTTCGTT_Control_Stem,B1,Stem,Control
B1_ATCACTTGCAGAAA_Control_TA.Early,B1,TA.Early,Control
B1_ATCAGGTGCTGAGT_Control_Stem,B1,Stem,Control
B1_ATCAGGTGGAACTC_Control_Enterocyte.Progenitor,B1,Enterocyte.Progenitor,Control
B1_ATCATCTGTGCCCT_Control_Stem,B1,Stem,Control
B1_ATCCAGGATTGCAG_Control_TA.Early,B1,TA.Early,Control
B1_ATCCGCACCTAGTG_Control_Stem,B1,Stem,Control
B1_ATCCGCACGTGCAT_Control_Goblet,B1,Goblet,Control
B1_ATCCTAACTGCGTA_Control_TA.Early,B1,TA.Early,Control
B1_ATCGCCACCCGTAA_Control_TA.Early,B1,TA.Early,Control
B1_ATCGCCTGAAACAG_Control_TA,B1,TA,Control
B1_ATCGGTGAGTCGAT_Control_Stem,B1,Stem,Control
B1_ATCTACTGCTCGAA_Control_Stem,B1,Stem,Control
B1_ATCTGACTGTGTAC_Control_Enterocyte.Progenitor,B1,Enterocyte.Progenitor,Control
B1_ATCTTTCTACGGTT_Control_Stem,B1,Stem,Control
B1_ATGAAACTCACAAC_Control_TA.Early,B1,TA.Early,Control
B1_ATGAAGGAAAGGCG_Control_TA,B1,TA,Control
B1_ATGAGAGAGATAAG_Control_Goblet,B1,Goblet,Control
B1_ATGAGAGAGCTATG_Control_TA.Early,B1,TA.Early,Control
B1_ATGAGCACGGACGA_Control_Stem,B1,Stem,Control
B1_ATGCCAGACAGCTA_Control_Stem,B1,Stem,Control
B1_ATGCCAGACTACGA_Control_Stem,B1,Stem,Control
B1_ATGGACACCATGCA_Control_TA,B1,TA,Control
B1_ATGTCACTAGAGAT_Control_Enterocyte.Progenitor,B1,Enterocyte.Progenitor,Control
B1_ATGTTAGATGTGCA_Control_Enterocyte,B1,Enterocyte,Control
B1_ATGTTAGATTCGGA_Control_TA.Early,B1,TA.Early,Control
B1_ATGTTGCTATCGTG_Control_Enterocyte.Progenitor,B1,Enterocyte.Progenitor,Control
B1_ATTAACGAGTGCAT_Control_Stem,B1,Stem,Control
B1_ATTACCACGGATCT_Control_Stem,B1,Stem,Control
B1_ATTACCTGGGATTC_Control_TA,B1,TA,Control
B1_ATTCAAGATTCACT_Control_TA,B1,TA,Control
B1_ATTCAGCTCCTTGC_Control_Endocrine,B1,Endocrine,Control
B1_ATTCGGGAGGGTGA_Control_Enterocyte,B1,Enterocyte,Control
B1_ATTGAATGGTGAGG_Control_TA,B1,TA,Control
B1_ATTGATGATGGATC_Control_Stem,B1,Stem,Control
B1_ATTGGGTGGAAACA_Control_TA.Early,B1,TA.Early,Control
B1_ATTGGTCTGCTGTA_Control_Stem,B1,Stem,Control
B1_ATTGGTCTGTGTAC_Control_TA,B1,TA,Control
B1_ATTGTAGATCCAGA_Control_TA,B1,TA,Control
B1_ATTTAGGAGTACGT_Control_Stem,B1,Stem,Control
B1_ATTTAGGATCCTTA_Control_TA,B1,TA,Control
B1_CAAACTCTTCCTGC_Control_Endocrine,B1,Endocrine,Control
B1_CAAAGCTGCGAGTT_Control_Enterocyte,B1,Enterocyte,Control
B1_CAACCAGATGACCA_Control_Stem,B1,Stem,Control
B1_CAACGAACACCAGT_Control_Stem,B1,Stem,Control
B1_CAACGTGAACTAGC_Control_TA,B1,TA,Control
B1_CAAGACTGGCGAGA_Control_TA,B1,TA,Control
B1_CAAGCCCTTCTCGC_Control_TA.Early,B1,TA.Early,Control
B1_CAAGCCCTTGTCCC_Control_TA.Early,B1,TA.Early,Control
B1_CAAGCTGAAGATGA_Control_Endocrine,B1,Endocrine,Control
B1_CAAGGTTGCACTAG_Control_Enterocyte.Progenitor,B1,Enterocyte.Progenitor,Control
B1_CAAGTTCTCCACCT_Control_Enterocyte.Progenitor,B1,Enterocyte.Progenitor,Control
B1_CAATAAACTAGAAG_Control_TA.Early,B1,TA.Early,Control
B1_CAATCGGACGGGAA_Control_Stem,B1,Stem,Control
B1_CAATCTACGGAAAT_Control_Goblet,B1,Goblet,Control
B1_CAATTCTGATACCG_Control_TA.Early,B1,TA.Early,Control
B1_CACATACTAAAAGC_Control_Enterocyte.Progenitor,B1,Enterocyte.Progenitor,Control
B1_CACATACTGGTGTT_Control_TA,B1,TA,Control
B1_CACCGGGAGGCGAA_Control_Enterocyte.Progenitor,B1,Enterocyte.Progenitor,Control
B1_CACCGTACTTCATC_Control_Enterocyte.Progenitor,B1,Enterocyte.Progenitor,Control
B1_CACGACCTGAACCT_Control_Stem,B1,Stem,Control
B1_CACTAACTTATCTC_Control_Enterocyte.Progenitor,B1,Enterocyte.Progenitor,Control
B1_CACTAGGAGACACT_Control_Stem,B1,Stem,Control
B1_CACTCTCTAACTGC_Control_Enterocyte.Progenitor,B1,Enterocyte.Progenitor,Control
B1_CACTGCACATCGAC_Control_Enterocyte,B1,Enterocyte,Control
B1_CAGAAGCTTGTGCA_Control_TA.Early,B1,TA.Early,Control
B1_CAGACAACACTGGT_Control_Enterocyte.Progenitor,B1,Enterocyte.Progenitor,Control
B1_CAGATCGATTTGCT_Control_TA.Early,B1,TA.Early,Control
B1_CAGATGACTTAGGC_Control_TA.Early,B1,TA.Early,Control
B1_CAGCCTACCCAATG_Control_Enterocyte,B1,Enterocyte,Control
B1_CAGCCTTGTGGTTG_Control_Tuft,B1,Tuft,Control
B1_CAGCCTTGTGTAGC_Control_TA.Early,B1,TA.Early,Control
B1_CAGCGGACAGGAGC_Control_TA,B1,TA,Control
B1_CAGGAACTTGCAGT_Control_TA.Early,B1,TA.Early,Control
B1_CAGTCAGAAGCAAA_Control_Enterocyte.Progenitor,B1,Enterocyte.Progenitor,Control
B1_CAGTGATGCGAGAG_Control_Enterocyte.Progenitor,B1,Enterocyte.Progenitor,Control
B1_CAGTGTGATTCTAC_Control_Enterocyte.Progenitor,B1,Enterocyte.Progenitor,Control
B1_CAGTTTACGCAAGG_Control_TA,B1,TA,Control
B1_CATAAAACAGTGCT_Control_Stem,B1,Stem,Control
B1_CATAAAACGTTGTG_Control_Stem,B1,Stem,Control
B1_CATAAATGTTGACG_Control_Stem,B1,Stem,Control
B1_CATACTTGACCACA_Control_TA.Early,B1,TA.Early,Control
B1_CATACTTGAGCTAC_Control_TA,B1,TA,Control
B1_CATACTTGGCCAAT_Control_Goblet,B1,Goblet,Control
B1_CATCAGGAGATAGA_Control_TA,B1,TA,Control
B1_CATCAGGATCGCAA_Control_TA.Early,B1,TA.Early,Control
B1_CATCGCTGACCGAT_Control_Enterocyte.Progenitor,B1,Enterocyte.Progenitor,Control
B1_CATCTTGATGCTAG_Control_TA.Early,B1,TA.Early,Control
B1_CATGAGACGAGGAC_Control_TA.Early,B1,TA.Early,Control
B1_CATGTACTTGACAC_Control_Stem,B1,Stem,Control
B1_CATGTTACAGCGGA_Control_Stem,B1,Stem,Control
B1_CATGTTACGAGAGC_Control_Enterocyte,B1,Enterocyte,Control
B1_CATGTTTGAGAGAT_Control_TA.Early,B1,TA.Early,Control
B1_CATTGACTTCTAGG_Control_TA.Early,B1,TA.Early,Control
B1_CATTGACTTGTTTC_Control_Stem,B1,Stem,Control
B1_CATTTCGACGTCTC_Control_Stem,B1,Stem,Control
B1_CATTTCGAGCTGAT_Control_Stem,B1,Stem,Control
B1_CCAAAGTGATAAGG_Control_TA,B1,TA,Control
B1_CCAAAGTGCGTGAT_Control_Stem,B1,Stem,Control
B1_CCAACCTGATGTCG_Control_Endocrine,B1,Endocrine,Control
B1_CCAACCTGGGACTT_Control_Stem,B1,Stem,Control
B1_CCACCATGGGGCAA_Control_Stem,B1,Stem,Control
B1_CCACTGACGGAGGT_Control_Enterocyte.Progenitor,B1,Enterocyte.Progenitor,Control
B1_CCACTGTGAAACGA_Control_Enterocyte.Progenitor,B1,Enterocyte.Progenitor,Control
B1_CCACTTCTTACAGC_Control_Tuft,B1,Tuft,Control
B1_CCAGCGGACTGACA_Control_Enterocyte.Progenitor,B1,Enterocyte.Progenitor,Control
B1_CCAGCGGAGTTGTG_Control_Stem,B1,Stem,Control
B1_CCAGCTACCTATTC_Control_Enterocyte.Progenitor,B1,Enterocyte.Progenitor,Control
B1_CCAGCTACGCATCA_Control_Stem,B1,Stem,Control
B1_CCAGCTACGGCGAA_Control_Stem,B1,Stem,Control
B1_CCAGTCACATGCTG_Control_Stem,B1,Stem,Control
B1_CCAGTCACTTTGCT_Control_Stem,B1,Stem,Control
B1_CCATCCGATGGATC_Control_Enterocyte,B1,Enterocyte,Control
B1_CCATCGTGTATCGG_Control_Goblet,B1,Goblet,Control
B1_CCATTAACCGAATC_Control_Stem,B1,Stem,Control
B1_CCATTAACGTACAC_Control_Stem,B1,Stem,Control
B1_CCCAACACCGAACT_Control_TA.Early,B1,TA.Early,Control
B1_CCCAACTGAGTGTC_Control_Enterocyte,B1,Enterocyte,Control
B1_CCCACATGGTTTCT_Control_TA,B1,TA,Control
B1_CCCACATGTTCGTT_Control_Stem,B1,Stem,Control
B1_CCCAGACTAGGTTC_Control_TA,B1,TA,Control
B1_CCCGAACTGAACCT_Control_Stem,B1,Stem,Control
B1_CCCGATTGGGAAAT_Control_TA.Early,B1,TA.Early,Control
B1_CCCTACGAGTTGCA_Control_Stem,B1,Stem,Control
B1_CCCTGAACACCAGT_Control_Goblet,B1,Goblet,Control
B1_CCCTTACTCTGATG_Control_TA.Early,B1,TA.Early,Control
B1_CCGAAAACGAGATA_Control_TA.Early,B1,TA.Early,Control
B1_CCGACACTAACTGC_Control_Enterocyte.Progenitor,B1,Enterocyte.Progenitor,Control
B1_CCGCGAGACCTATT_Control_Stem,B1,Stem,Control
B1_CCGCTATGTGCTAG_Control_Enterocyte.Progenitor,B1,Enterocyte.Progenitor,Control
B1_CCGGAGTGGTTGTG_Control_TA.Early,B1,TA.Early,Control
B1_CCGGTACTACGTTG_Control_Enterocyte.Progenitor,B1,Enterocyte.Progenitor,Control
B1_CCTAAGGAGTGCAT_Control_TA.Early,B1,TA.Early,Control
B1_CCTAGAGAATTCGG_Control_TA,B1,TA,Control
B1_CCTAGAGATCCAAG_Control_TA.Early,B1,TA.Early,Control
B1_CCTCTACTAAGTAG_Control_Stem,B1,Stem,Control
B1_CCTTAATGGGAGCA_Control_Stem,B1,Stem,Control
B1_CCTTCACTACCAGT_Control_Enterocyte.Progenitor,B1,Enterocyte.Progenitor,Control
B1_CCTTCACTGACGAG_Control_Goblet,B1,Goblet,Control
B1_CCTTCACTTATGGC_Control_Stem,B1,Stem,Control
B1_CGAAGTACGAACCT_Control_TA.Early,B1,TA.Early,Control
B1_CGACCACTATCGGT_Control_Goblet,B1,Goblet,Control
B1_CGACCTACGTGCTA_Control_Enterocyte.Progenitor,B1,Enterocyte.Progenitor,Control
B1_CGACGTCTTGTCTT_Control_Stem,B1,Stem,Control
B1_CGAGGAGATATCGG_Control_TA,B1,TA,Control
B1_CGAGGCTGCCTCCA_Control_Enterocyte.Progenitor,B1,Enterocyte.Progenitor,Control
B1_CGAGGCTGTCACGA_Control_TA.Early,B1,TA.Early,Control
B1_CGATCAGAAACGGG_Control_Endocrine,B1,Endocrine,Control
B1_CGATCAGAACTTTC_Control_TA,B1,TA,Control
B1_CGATCAGAGTTCGA_Control_TA,B1,TA,Control
B1_CGATCCACCCATGA_Control_Enterocyte.Progenitor,B1,Enterocyte.Progenitor,Control
B1_CGATCCACTGCCAA_Control_TA,B1,TA,Control
B1_CGCAAATGAGGCGA_Control_TA.Early,B1,TA.Early,Control
B1_CGCAAATGGCATCA_Control_TA.Early,B1,TA.Early,Control
B1_CGCACTTGACCCAA_Control_TA.Early,B1,TA.Early,Control
B1_CGCAGGTGAGCACT_Control_TA.Early,B1,TA.Early,Control
B1_CGCCATACCGTAGT_Control_Goblet,B1,Goblet,Control
B1_CGCCATTGACCATG_Control_Enterocyte.Progenitor,B1,Enterocyte.Progenitor,Control
B1_CGCGATCTCACCAA_Control_Stem,B1,Stem,Control
B1_CGCGGATGCAGTCA_Control_Endocrine,B1,Endocrine,Control
B1_CGCTAAGACCTTAT_Control_TA,B1,TA,Control
B1_CGCTAAGATGATGC_Control_TA,B1,TA,Control
B1_CGGAATTGCTTGAG_Control_TA,B1,TA,Control
B1_CGGACTCTACAGTC_Control_TA,B1,TA,Control
B1_CGGAGGCTCCAAGT_Control_Enterocyte.Progenitor,B1,Enterocyte.Progenitor,Control
B1_CGGAGGCTTCACGA_Control_Stem,B1,Stem,Control
B1_CGGATATGTCGTTT_Control_Stem,B1,Stem,Control
B1_CGGCCAGACTGTGA_Control_Stem,B1,Stem,Control
B1_CGGCCAGATACTTC_Control_TA,B1,TA,Control
B1_CGGCGAACCCAGTA_Control_Stem,B1,Stem,Control
B1_CGTACAGAGTTCTT_Control_Goblet,B1,Goblet,Control
B1_CGTACAGATCGTAG_Control_Enterocyte,B1,Enterocyte,Control
B1_CGTCCAACGAGGCA_Control_Stem,B1,Stem,Control
B1_CGTCCAACGGAAGC_Control_Goblet,B1,Goblet,Control
B1_CGTCCATGTGCTCC_Control_Stem,B1,Stem,Control
B1_CGTGAAACCCTTGC_Control_TA.Early,B1,TA.Early,Control
B1_CGTGAATGGCTATG_Control_Stem,B1,Stem,Control
B1_CGTGAATGTTTGGG_Control_Stem,B1,Stem,Control
B1_CGTTAACTGGTGGA_Control_Stem,B1,Stem,Control
B1_CGTTATACCCCTAC_Control_Enterocyte.Progenitor,B1,Enterocyte.Progenitor,Control
B1_CGTTTAACGTAAAG_Control_Enterocyte.Progenitor,B1,Enterocyte.Progenitor,Control
B1_CTAAACCTCTTGCC_Control_TA.Early,B1,TA.Early,Control
B1_CTAACACTGTCAAC_Control_Stem,B1,Stem,Control
B1_CTAACACTTGCACA_Control_Enterocyte,B1,Enterocyte,Control
B1_CTAACTACTTACTC_Control_Endocrine,B1,Endocrine,Control
B1_CTAATGCTGTTTGG_Control_Stem,B1,Stem,Control
B1_CTAATGCTTGGTTG_Control_TA.Early,B1,TA.Early,Control
B1_CTAATGCTTTTGTC_Control_TA,B1,TA,Control
B1_CTACGCACGGAACG_Control_Enterocyte.Progenitor,B1,Enterocyte.Progenitor,Control
B1_CTACTATGGCGGAA_Control_TA,B1,TA,Control
B1_CTAGAGACAAGGGC_Control_Enterocyte.Progenitor,B1,Enterocyte.Progenitor,Control
B1_CTAGGCCTGTATCG_Control_Stem,B1,Stem,Control
B1_CTATAAGACCGCTT_Control_Endocrine,B1,Endocrine,Control
B1_CTATAAGAGAATCC_Control_Stem,B1,Stem,Control
B1_CTATAGCTTTGTGG_Control_Enterocyte.Progenitor,B1,Enterocyte.Progenitor,Control
B1_CTATCAACAGTCGT_Control_Enterocyte.Progenitor,B1,Enterocyte.Progenitor,Control
B1_CTATCCCTCCTGTC_Control_Stem,B1,Stem,Control
B1_CTATGTTGCCGTAA_Control_TA.Early,B1,TA.Early,Control
B1_CTCAGAGAAAACAG_Control_TA,B1,TA,Control
B1_CTCAGCACGTCAAC_Control_Stem,B1,Stem,Control
B1_CTCATTGAACGGTT_Control_Goblet,B1,Goblet,Control
B1_CTCCACGACGAGTT_Control_TA,B1,TA,Control
B1_CTCCGAACCCCAAA_Control_Enterocyte.Progenitor,B1,Enterocyte.Progenitor,Control
B1_CTCGAAGAGTCAAC_Control_TA,B1,TA,Control
B1_CTCGACACAACTGC_Control_TA.Early,B1,TA.Early,Control
B1_CTCGAGCTGGTGAG_Control_Enterocyte.Progenitor,B1,Enterocyte.Progenitor,Control
B1_CTCGCATGTGTCTT_Control_Enterocyte.Progenitor,B1,Enterocyte.Progenitor,Control
B1_CTCTAAACGATAGA_Control_Stem,B1,Stem,Control
B1_CTCTAATGGTGCAT_Control_TA.Early,B1,TA.Early,Control
B1_CTGACAGATTACTC_Control_Enterocyte,B1,Enterocyte,Control
B1_CTGACCACCTGTAG_Control_Enterocyte,B1,Enterocyte,Control
B1_CTGATGGACCATAG_Control_Stem,B1,Stem,Control
B1_CTGATGGACTTGGA_Control_TA.Early,B1,TA.Early,Control
B1_CTGATGGAGAAACA_Control_Enterocyte,B1,Enterocyte,Control
B1_CTGATTTGAGTTCG_Control_TA.Early,B1,TA.Early,Control
B1_CTGCCAACTCGCAA_Control_TA.Early,B1,TA.Early,Control
B1_CTGGAAACTGTCCC_Control_TA.Early,B1,TA.Early,Control
B1_CTGGATGACTGAGT_Control_Enterocyte.Progenitor,B1,Enterocyte.Progenitor,Control
B1_CTGGATGATATGGC_Control_TA.Early,B1,TA.Early,Control
B1_CTGGCACTAGAGGC_Control_TA.Early,B1,TA.Early,Control
B1_CTGTAACTAACGTC_Control_TA.Early,B1,TA.Early,Control
B1_CTGTAACTCTAAGC_Control_TA.Early,B1,TA.Early,Control
B1_CTGTATACCAGTCA_Control_Endocrine,B1,Endocrine,Control
B1_CTTAACACCTCAGA_Control_Stem,B1,Stem,Control
B1_CTTAGACTACGTTG_Control_TA.Early,B1,TA.Early,Control
B1_CTTAGACTAGAATG_Control_TA,B1,TA,Control
B1_CTTAGACTTGTGCA_Control_Stem,B1,Stem,Control
B1_CTTAGGGAGCATCA_Control_TA.Early,B1,TA.Early,Control
B1_CTTCACCTGCCAAT_Control_TA.Early,B1,TA.Early,Control
B1_CTTCATGAAACGGG_Control_Tuft,B1,Tuft,Control
B1_CTTGTATGGGAGCA_Control_Stem,B1,Stem,Control
B1_GAAACCTGAGTACC_Control_Stem,B1,Stem,Control
B1_GAAAGATGTCTTAC_Control_Stem,B1,Stem,Control
B1_GAAATACTCGTAAC_Control_TA.Early,B1,TA.Early,Control
B1_GAACACACGAGCTT_Control_Tuft,B1,Tuft,Control
B1_GAACAGCTCCAATG_Control_Tuft,B1,Tuft,Control
B1_GAACCTGACTTATC_Control_Enterocyte.Progenitor,B1,Enterocyte.Progenitor,Control
B1_GAACGGGAGACGTT_Control_Enterocyte.Progenitor,B1,Enterocyte.Progenitor,Control
B1_GAACGGGATTCCGC_Control_TA.Early,B1,TA.Early,Control
B1_GAAGCTACTGCATG_Control_TA.Early,B1,TA.Early,Control
B1_GAAGCTTGACCTGA_Control_Endocrine,B1,Endocrine,Control
B1_GAAGCTTGGGCGAA_Control_Stem,B1,Stem,Control
B1_GAAGGTCTACCTTT_Control_Tuft,B1,Tuft,Control
B1_GAAGTAGACACCAA_Control_TA,B1,TA,Control
B1_GAAGTCACAGATCC_Control_TA,B1,TA,Control
B1_GAAGTCACGGTATC_Control_Stem,B1,Stem,Control
B1_GAATGCTGGTTGCA_Control_TA.Early,B1,TA.Early,Control
B1_GAATTAACTGCCAA_Control_TA.Early,B1,TA.Early,Control
B1_GACAACACGCGAAG_Control_Goblet,B1,Goblet,Control
B1_GACAGTACGAGGGT_Control_TA.Early,B1,TA.Early,Control
B1_GACAGTACGGGATG_Control_Goblet,B1,Goblet,Control
B1_GACAGTACGTAAAG_Control_Stem,B1,Stem,Control
B1_GACAGTTGGACAAA_Control_Tuft,B1,Tuft,Control
B1_GACATTCTGCCATA_Control_TA.Early,B1,TA.Early,Control
B1_GACCATGATTCAGG_Control_Enterocyte,B1,Enterocyte,Control
B1_GACCCTACACCTTT_Control_TA,B1,TA,Control
B1_GACCTAGAGGGACA_Control_Enterocyte.Progenitor,B1,Enterocyte.Progenitor,Control
B1_GACCTCACACGCAT_Control_Stem,B1,Stem,Control
B1_GACGCCGAGACAAA_Control_Stem,B1,Stem,Control
B1_GACGCTCTTGGTAC_Control_TA.Early,B1,TA.Early,Control
B1_GACGGCACGACGTT_Control_Enterocyte,B1,Enterocyte,Control
B1_GACGTAACTCACGA_Control_Stem,B1,Stem,Control
B1_GACGTCCTACCTTT_Control_Goblet,B1,Goblet,Control
B1_GACTGATGTATGGC_Control_Enterocyte.Progenitor,B1,Enterocyte.Progenitor,Control
B1_GACTGATGTTGGTG_Control_TA,B1,TA,Control
B1_GACTGTGACAGATC_Control_TA.Early,B1,TA.Early,Control
B1_GACTGTGAGGAAAT_Control_TA.Early,B1,TA.Early,Control
B1_GACTTTACAGATGA_Control_Stem,B1,Stem,Control
B1_GAGATAGATCTCTA_Control_TA.Early,B1,TA.Early,Control
B1_GAGATCACTCGCTC_Control_TA,B1,TA,Control
B1_GAGCAACTAAGCAA_Control_TA.Early,B1,TA.Early,Control
B1_GAGCAACTCCTACC_Control_Enterocyte.Progenitor,B1,Enterocyte.Progenitor,Control
B1_GAGCGAGAAGGGTG_Control_Enterocyte.Progenitor,B1,Enterocyte.Progenitor,Control
B1_GAGCGAGACACCAA_Control_Enterocyte.Progenitor,B1,Enterocyte.Progenitor,Control
B1_GAGCGCACCTCTTA_Control_TA,B1,TA,Control
B1_GAGCGCTGTCCGAA_Control_Enterocyte,B1,Enterocyte,Control
B1_GAGCGGCTCGCCTT_Control_Goblet,B1,Goblet,Control
B1_GAGCGGCTCTGAAC_Control_TA.Early,B1,TA.Early,Control
B1_GAGGATCTCATGCA_Control_Goblet,B1,Goblet,Control
B1_GAGGATCTCGGGAA_Control_Stem,B1,Stem,Control
B1_GAGGATCTCTCTTA_Control_Enterocyte,B1,Enterocyte,Control
B1_GAGGGTGACTCGCT_Control_Enterocyte.Progenitor,B1,Enterocyte.Progenitor,Control
B1_GAGGTTTGGGTTTG_Control_TA,B1,TA,Control
B1_GAGGTTTGTTACCT_Control_Enterocyte.Progenitor,B1,Enterocyte.Progenitor,Control
B1_GAGTAAGAGGCAAG_Control_Enterocyte,B1,Enterocyte,Control
B1_GAGTACACAGTCAC_Control_Stem,B1,Stem,Control
B1_GAGTACACCTGACA_Control_Stem,B1,Stem,Control
B1_GAGTACACTCGCTC_Control_TA.Early,B1,TA.Early,Control
B1_GAGTCAACTCTTCA_Control_Stem,B1,Stem,Control
B1_GAGTGGGAACTCAG_Control_TA.Early,B1,TA.Early,Control
B1_GATAAGGATCGTAG_Control_Stem,B1,Stem,Control
B1_GATACTCTTAGCCA_Control_Goblet,B1,Goblet,Control
B1_GATATAACCCTATT_Control_Stem,B1,Stem,Control
B1_GATATAACTGAGAA_Control_Stem,B1,Stem,Control
B1_GATATCCTGTCGTA_Control_Endocrine,B1,Endocrine,Control
B1_GATATTGAAGTGCT_Control_Endocrine,B1,Endocrine,Control
B1_GATATTGAGCGTTA_Control_Enterocyte.Progenitor,B1,Enterocyte.Progenitor,Control
B1_GATCATCTGTCCTC_Control_Stem,B1,Stem,Control
B1_GATCCGCTTCCTAT_Control_Goblet,B1,Goblet,Control
B1_GATCGATGACTAGC_Control_TA.Early,B1,TA.Early,Control
B1_GATCGTGAACCAGT_Control_TA,B1,TA,Control
B1_GATCTACTCCTATT_Control_Goblet,B1,Goblet,Control
B1_GATCTACTCTCGAA_Control_Stem,B1,Stem,Control
B1_GATCTTACAGCATC_Control_Endocrine,B1,Endocrine,Control
B1_GATGACACACGGGA_Control_Stem,B1,Stem,Control
B1_GATGACACAGCTCA_Control_Stem,B1,Stem,Control
B1_GATGACACCTACTT_Control_TA.Early,B1,TA.Early,Control
B1_GATGACACGTGTCA_Control_Stem,B1,Stem,Control
B1_GATTACCTCTGAAC_Control_Stem,B1,Stem,Control
B1_GATTCGGACTAAGC_Control_Enterocyte.Progenitor,B1,Enterocyte.Progenitor,Control
B1_GCAAACTGACACGT_Control_Stem,B1,Stem,Control
B1_GCAATCGAAAGAAC_Control_Enterocyte,B1,Enterocyte,Control
B1_GCACACCTAGTGCT_Control_Stem,B1,Stem,Control
B1_GCACCACTACCTTT_Control_TA,B1,TA,Control
B1_GCACCACTCTGGAT_Control_TA.Early,B1,TA.Early,Control
B1_GCACCACTTGCAGT_Control_Stem,B1,Stem,Control
B1_GCACCTTGCTCGCT_Control_TA.Early,B1,TA.Early,Control
B1_GCACGGACGTAGCT_Control_Endocrine,B1,Endocrine,Control
B1_GCACGGTGGCGAAG_Control_TA,B1,TA,Control
B1_GCACGGTGTAGAAG_Control_TA.Early,B1,TA.Early,Control
B1_GCACGGTGTCACCC_Control_Goblet,B1,Goblet,Control
B1_GCAGATACCAGTTG_Control_Stem,B1,Stem,Control
B1_GCAGCCGAAGATCC_Control_Stem,B1,Stem,Control
B1_GCAGCTCTTGACTG_Control_TA,B1,TA,Control
B1_GCAGGGCTACGCTA_Control_TA.Early,B1,TA.Early,Control
B1_GCATGATGTGCAAC_Control_TA.Early,B1,TA.Early,Control
B1_GCATGTGACTCGCT_Control_TA,B1,TA,Control
B1_GCATGTGATGTGAC_Control_Stem,B1,Stem,Control
B1_GCATTGGAGGAGTG_Control_Enterocyte,B1,Enterocyte,Control
B1_GCCATCACGACGTT_Control_Goblet,B1,Goblet,Control
B1_GCCATGCTTGTGAC_Control_TA,B1,TA,Control
B1_GCCGTACTCTATGG_Control_TA,B1,TA,Control
B1_GCCTACACCTAGTG_Control_TA.Early,B1,TA.Early,Control
B1_GCCTACACGAATGA_Control_TA.Early,B1,TA.Early,Control
B1_GCCTAGCTTCATTC_Control_TA.Early,B1,TA.Early,Control
B1_GCCTCAACTCTCGC_Control_TA.Early,B1,TA.Early,Control
B1_GCCTCATGAAGTAG_Control_Endocrine,B1,Endocrine,Control
B1_GCCTGACTCTGAAC_Control_TA,B1,TA,Control
B1_GCGAAGGACGCATA_Control_Endocrine,B1,Endocrine,Control
B1_GCGATATGATCACG_Control_TA,B1,TA,Control
B1_GCGCACGAGGTTTG_Control_Stem,B1,Stem,Control
B1_GCGCGATGTACGAC_Control_TA.Early,B1,TA.Early,Control
B1_GCGGACTGTGGTGT_Control_Endocrine,B1,Endocrine,Control
B1_GCGGCAACTGTTCT_Control_TA,B1,TA,Control
B1_GCGGGACTGGTGGA_Control_TA.Early,B1,TA.Early,Control
B1_GCGGGACTTGGTCA_Control_TA,B1,TA,Control
B1_GCGTAAACCTCGAA_Control_Stem,B1,Stem,Control
B1_GCGTAAACGGAGCA_Control_Enterocyte,B1,Enterocyte,Control
B1_GCGTAAACGGAGTG_Control_Enterocyte.Progenitor,B1,Enterocyte.Progenitor,Control
B1_GCTACCTGCTGGAT_Control_TA,B1,TA,Control
B1_GCTAGAACCGCATA_Control_TA,B1,TA,Control
B1_GCTAGATGGAGGTG_Control_Endocrine,B1,Endocrine,Control
B1_GCTATACTAAGAGT_Control_TA.Early,B1,TA.Early,Control
B1_GCTATACTCCATAG_Control_Goblet,B1,Goblet,Control
B1_GCTATACTTGCACA_Control_Stem,B1,Stem,Control
B1_GCTCAAGAGAATGA_Control_Enterocyte.Progenitor,B1,Enterocyte.Progenitor,Control
B1_GCTGATGAGAGGCA_Control_TA.Early,B1,TA.Early,Control
B1_GCTTAACTCTCGCT_Control_TA,B1,TA,Control
B1_GGAACACTCAGTCA_Control_Stem,B1,Stem,Control
B1_GGACATTGGGAAGC_Control_Stem,B1,Stem,Control
B1_GGACCCGAGATAAG_Control_Stem,B1,Stem,Control
B1_GGACCTCTATCGAC_Control_Stem,B1,Stem,Control
B1_GGACGCACACGCTA_Control_TA.Early,B1,TA.Early,Control
B1_GGACGCTGACCTTT_Control_Goblet,B1,Goblet,Control
B1_GGAGAGACCAAAGA_Control_Enterocyte,B1,Enterocyte,Control
B1_GGAGGCCTCTTATC_Control_Stem,B1,Stem,Control
B1_GGAGTTTGCTGGTA_Control_Tuft,B1,Tuft,Control
B1_GGATACTGTCTAGG_Control_Stem,B1,Stem,Control
B1_GGATGTTGCGGTAT_Control_TA.Early,B1,TA.Early,Control
B1_GGCAAGGATAGCCA_Control_TA.Early,B1,TA.Early,Control
B1_GGCACGTGAGTGTC_Control_Enterocyte.Progenitor,B1,Enterocyte.Progenitor,Control
B1_GGCCAGACCCGCTT_Control_Enterocyte.Progenitor,B1,Enterocyte.Progenitor,Control
B1_GGCCGATGATTTCC_Control_TA,B1,TA,Control
B1_GGCGACACTCTTCA_Control_Enterocyte,B1,Enterocyte,Control
B1_GGCGCATGGGGTGA_Control_TA,B1,TA,Control
B1_GGCTAAACTTGTGG_Control_Enterocyte.Progenitor,B1,Enterocyte.Progenitor,Control
B1_GGCTAATGATCGAC_Control_Endocrine,B1,Endocrine,Control
B1_GGCTCACTAGCCTA_Control_Enterocyte,B1,Enterocyte,Control
B1_GGCTCACTGAACCT_Control_TA.Early,B1,TA.Early,Control
B1_GGGATTACCTACTT_Control_Stem,B1,Stem,Control
B1_GGGATTACTACGCA_Control_TA.Early,B1,TA.Early,Control
B1_GGGCAAGACGTGAT_Control_TA.Early,B1,TA.Early,Control
B1_GGGTAACTAGCGGA_Control_Enterocyte.Progenitor,B1,Enterocyte.Progenitor,Control
B1_GGTACTGACCAATG_Control_TA.Early,B1,TA.Early,Control
B1_GGTAGTACGCTTAG_Control_Enterocyte,B1,Enterocyte,Control
B1_GGTAGTACGTCAAC_Control_Enterocyte.Progenitor,B1,Enterocyte.Progenitor,Control
B1_GGTCAAACCCCGTT_Control_Stem,B1,Stem,Control
B1_GGTCTAGACATGCA_Control_Goblet,B1,Goblet,Control
B1_GGTCTAGAGCTGTA_Control_Stem,B1,Stem,Control
B1_GGTCTAGAGTGTTG_Control_TA,B1,TA,Control
B1_GGTGATACCTCTAT_Control_TA.Early,B1,TA.Early,Control
B1_GGTGATACGTCGAT_Control_Stem,B1,Stem,Control
B1_GGTTGAACCTCTCG_Control_Enterocyte.Progenitor,B1,Enterocyte.Progenitor,Control
B1_GGTTTACTAACAGA_Control_TA,B1,TA,Control
B1_GTAAGCACCAGCTA_Control_Endocrine,B1,Endocrine,Control
B1_GTAAGCACGCTTCC_Control_Stem,B1,Stem,Control
B1_GTAAGCACTCAGAC_Control_Stem,B1,Stem,Control
B1_GTAAGCACTTGCGA_Control_Stem,B1,Stem,Control
B1_GTACAGTGAGAAGT_Control_Endocrine,B1,Endocrine,Control
B1_GTACGAACAGATGA_Control_Stem,B1,Stem,Control
B1_GTACGTGACGTAAC_Control_TA.Early,B1,TA.Early,Control
B1_GTACGTGAGTTGCA_Control_Enterocyte.Progenitor,B1,Enterocyte.Progenitor,Control
B1_GTACTACTAGGTCT_Control_Enterocyte,B1,Enterocyte,Control
B1_GTACTACTGGAACG_Control_TA.Early,B1,TA.Early,Control
B1_GTACTACTTCCTAT_Control_Enterocyte.Progenitor,B1,Enterocyte.Progenitor,Control
B1_GTACTTTGTACTTC_Control_TA.Early,B1,TA.Early,Control
B1_GTACTTTGTCGCCT_Control_TA.Early,B1,TA.Early,Control
B1_GTAGACTGTTCCAT_Control_TA,B1,TA,Control
B1_GTAGCCCTAGTCAC_Control_Enterocyte.Progenitor,B1,Enterocyte.Progenitor,Control
B1_GTAGCTGACGTAAC_Control_Enterocyte,B1,Enterocyte,Control
B1_GTATGGTGCAAAGA_Control_TA,B1,TA,Control
B1_GTCAATCTCTGTTT_Control_TA.Early,B1,TA.Early,Control
B1_GTCACCTGAGCATC_Control_Stem,B1,Stem,Control
B1_GTCATACTCGTGAT_Control_TA.Early,B1,TA.Early,Control
B1_GTCATACTGTCGAT_Control_Enterocyte.Progenitor,B1,Enterocyte.Progenitor,Control
B1_GTCCACTGGGACTT_Control_Stem,B1,Stem,Control
B1_GTCCACTGGTACAC_Control_Stem,B1,Stem,Control
B1_GTGAACACCACACA_Control_Enterocyte,B1,Enterocyte,Control
B1_GTGAACACGAGGGT_Control_Enterocyte.Progenitor,B1,Enterocyte.Progenitor,Control
B1_GTGACAACACCCAA_Control_Enterocyte,B1,Enterocyte,Control
B1_GTGACAACTGCTTT_Control_Stem,B1,Stem,Control
B1_GTGACCCTCGCTAA_Control_Stem,B1,Stem,Control
B1_GTGATCGACGACTA_Control_TA,B1,TA,Control
B1_GTGCTAGACGAGTT_Control_Enterocyte.Progenitor,B1,Enterocyte.Progenitor,Control
B1_GTGGAGGATGACTG_Control_Enterocyte,B1,Enterocyte,Control
B1_GTGGTAACCGAGAG_Control_Stem,B1,Stem,Control
B1_GTGTAGTGGAGGCA_Control_Enterocyte.Progenitor,B1,Enterocyte.Progenitor,Control
B1_GTGTCAGACTGTCC_Control_Stem,B1,Stem,Control
B1_GTGTCAGAGTACGT_Control_TA,B1,TA,Control
B1_GTGTGATGGTCTGA_Control_Stem,B1,Stem,Control
B1_GTTAAATGCACTCC_Control_TA.Early,B1,TA.Early,Control
B1_GTTAGGTGCCACAA_Control_TA,B1,TA,Control
B1_GTTATCTGACCCTC_Control_TA,B1,TA,Control
B1_GTTCAACTACGTAC_Control_TA.Early,B1,TA.Early,Control
B1_GTTCATACAGAGGC_Control_Enterocyte.Progenitor,B1,Enterocyte.Progenitor,Control
B1_GTTCATACAGCTCA_Control_TA,B1,TA,Control
B1_GTTGACGATCGTGA_Control_Stem,B1,Stem,Control
B1_GTTGACGATCTAGG_Control_TA,B1,TA,Control
B1_GTTGAGTGGCGGAA_Control_TA,B1,TA,Control
B1_TAAACAACGGACGA_Control_TA,B1,TA,Control
B1_TAAATGTGGAACTC_Control_Tuft,B1,Tuft,Control
B1_TAACACCTATGGTC_Control_Stem,B1,Stem,Control
B1_TAACGTCTGGACAG_Control_Stem,B1,Stem,Control
B1_TAAGAGGATCCTAT_Control_TA,B1,TA,Control
B1_TAAGAGGATCGACA_Control_TA.Early,B1,TA.Early,Control
B1_TAAGTAACACGCAT_Control_Enterocyte.Progenitor,B1,Enterocyte.Progenitor,Control
B1_TAAGTAACGGTGGA_Control_Enterocyte.Progenitor,B1,Enterocyte.Progenitor,Control
B1_TAATGATGCCTGTC_Control_Enterocyte.Progenitor,B1,Enterocyte.Progenitor,Control
B1_TAATGATGCTTTAC_Control_Goblet,B1,Goblet,Control
B1_TAATGCCTTGCACA_Control_Enterocyte,B1,Enterocyte,Control
B1_TACCGCTGGAGATA_Control_Enterocyte.Progenitor,B1,Enterocyte.Progenitor,Control
B1_TACCGCTGGTTTCT_Control_TA,B1,TA,Control
B1_TACGACGAACACGT_Control_TA,B1,TA,Control
B1_TACGACGACCTCGT_Control_Stem,B1,Stem,Control
B1_TACGAGTGCCGCTT_Control_Enterocyte.Progenitor,B1,Enterocyte.Progenitor,Control
B1_TACGCAGACCATAG_Control_TA.Early,B1,TA.Early,Control
B1_TACGCCACGGAAGC_Control_TA,B1,TA,Control
B1_TACGTACTCAACCA_Control_Stem,B1,Stem,Control
B1_TACGTACTCCTAAG_Control_Stem,B1,Stem,Control
B1_TACTAAGACCTTTA_Control_Enterocyte.Progenitor,B1,Enterocyte.Progenitor,Control
B1_TACTACACTCCTCG_Control_TA.Early,B1,TA.Early,Control
B1_TACTACTGTCCCGT_Control_TA,B1,TA,Control
B1_TACTACTGTCTCCG_Control_Goblet,B1,Goblet,Control
B1_TACTCTGAATTCGG_Control_TA.Early,B1,TA.Early,Control
B1_TACTGGGATTTCGT_Control_Stem,B1,Stem,Control
B1_TACTGTTGAGTACC_Control_Goblet,B1,Goblet,Control
B1_TACTGTTGCGCTAA_Control_TA.Early,B1,TA.Early,Control
B1_TACTTTCTACTCAG_Control_Stem,B1,Stem,Control
B1_TAGAATACCGACAT_Control_Stem,B1,Stem,Control
B1_TAGAATACTCCAAG_Control_Stem,B1,Stem,Control
B1_TAGAGAGATTGCTT_Control_Enterocyte.Progenitor,B1,Enterocyte.Progenitor,Control
B1_TAGAGCACTCATTC_Control_TA,B1,TA,Control
B1_TAGATCCTCACTCC_Control_Stem,B1,Stem,Control
B1_TAGATTGACCTGTC_Control_TA.Early,B1,TA.Early,Control
B1_TAGCCCACAGTTCG_Control_TA.Early,B1,TA.Early,Control
B1_TAGCCCACCCACAA_Control_TA,B1,TA,Control
B1_TAGCCCACGTCACA_Control_TA,B1,TA,Control
B1_TAGCCGCTCCCGTT_Control_Stem,B1,Stem,Control
B1_TAGCCGCTGTTTCT_Control_Stem,B1,Stem,Control
B1_TAGCGATGAAGAAC_Control_Stem,B1,Stem,Control
B1_TAGGGACTTTCATC_Control_Enterocyte.Progenitor,B1,Enterocyte.Progenitor,Control
B1_TAGGTCGATGCACA_Control_Enterocyte,B1,Enterocyte,Control
B1_TAGGTGACATGTCG_Control_Enterocyte.Progenitor,B1,Enterocyte.Progenitor,Control
B1_TAGTAATGCCGTAA_Control_Stem,B1,Stem,Control
B1_TAGTACCTCCTCGT_Control_TA.Early,B1,TA.Early,Control
B1_TAGTACCTGTCAAC_Control_Enterocyte,B1,Enterocyte,Control
B1_TAGTCACTATGTCG_Control_TA.Early,B1,TA.Early,Control
B1_TATAGATGTAGAGA_Control_Goblet,B1,Goblet,Control
B1_TATAGATGTTAGGC_Control_Enterocyte.Progenitor,B1,Enterocyte.Progenitor,Control
B1_TATCCAACCCGATA_Control_Enterocyte,B1,Enterocyte,Control
B1_TATCCTGACACCAA_Control_TA.Early,B1,TA.Early,Control
B1_TATCGACTGTCTTT_Control_Tuft,B1,Tuft,Control
B1_TATCGTACCTCTTA_Control_Enterocyte,B1,Enterocyte,Control
B1_TATCTCGACATTCT_Control_TA,B1,TA,Control
B1_TATCTCGATTTGGG_Control_Enterocyte,B1,Enterocyte,Control
B1_TATCTTCTCCGATA_Control_Endocrine,B1,Endocrine,Control
B1_TATGAATGACTACG_Control_TA,B1,TA,Control
B1_TATGCGGAATTCGG_Control_Tuft,B1,Tuft,Control
B1_TATGCGGACTCCCA_Control_Enterocyte,B1,Enterocyte,Control
B1_TATGGGACCTGACA_Control_TA.Early,B1,TA.Early,Control
B1_TATGGGACGTTCGA_Control_Stem,B1,Stem,Control
B1_TATGGTCTCATACG_Control_TA,B1,TA,Control
B1_TATGTCACTGTGGT_Control_TA,B1,TA,Control
B1_TATGTCTGCATACG_Control_Stem,B1,Stem,Control
B1_TATGTGCTGATAGA_Control_TA.Early,B1,TA.Early,Control
B1_TATTGCTGCACTTT_Control_TA,B1,TA,Control
B1_TATTTCCTGTAGCT_Control_Stem,B1,Stem,Control
B1_TCAACACTAACTGC_Control_Enterocyte.Progenitor,B1,Enterocyte.Progenitor,Control
B1_TCAAGGACAGAATG_Control_Endocrine,B1,Endocrine,Control
B1_TCAAGGACTGCACA_Control_Enterocyte.Progenitor,B1,Enterocyte.Progenitor,Control
B1_TCAAGGTGGGTAGG_Control_Enterocyte.Progenitor,B1,Enterocyte.Progenitor,Control
B1_TCAAGTCTAACCGT_Control_Stem,B1,Stem,Control
B1_TCAATAGATATGCG_Control_TA.Early,B1,TA.Early,Control
B1_TCAATCACTGGAAA_Control_Tuft,B1,Tuft,Control
B1_TCACATACATGGTC_Control_Enterocyte,B1,Enterocyte,Control
B1_TCACCTCTCCTTCG_Control_Stem,B1,Stem,Control
B1_TCACCTCTCTACGA_Control_Enterocyte.Progenitor,B1,Enterocyte.Progenitor,Control
B1_TCACGAGACAACTG_Control_TA.Early,B1,TA.Early,Control
B1_TCACGAGAGGCAAG_Control_Stem,B1,Stem,Control
B1_TCACGAGATCACGA_Control_TA.Early,B1,TA.Early,Control
B1_TCAGCGCTTGTCAG_Control_Enterocyte.Progenitor,B1,Enterocyte.Progenitor,Control
B1_TCATGTACAATGCC_Control_TA.Early,B1,TA.Early,Control
B1_TCCACTCTCACTGA_Control_Enterocyte.Progenitor,B1,Enterocyte.Progenitor,Control
B1_TCCCACGACCCTTG_Control_Stem,B1,Stem,Control
B1_TCCCGATGCATGCA_Control_Stem,B1,Stem,Control
B1_TCCCGATGGACACT_Control_TA.Early,B1,TA.Early,Control
B1_TCCGAGCTGAGGTG_Control_TA,B1,TA,Control
B1_TCCGAGCTTTTCTG_Control_TA,B1,TA,Control
B1_TCCTAAACCTCTAT_Control_TA,B1,TA,Control
B1_TCCTAAACTCGTAG_Control_Enterocyte.Progenitor,B1,Enterocyte.Progenitor,Control
B1_TCCTACCTAGAGAT_Control_Enterocyte,B1,Enterocyte,Control
B1_TCCTATGAATCACG_Control_Stem,B1,Stem,Control
B1_TCGAATCTCGTAAC_Control_Stem,B1,Stem,Control
B1_TCGATACTTCCAGA_Control_TA,B1,TA,Control
B1_TCGATTTGATTCCT_Control_Enterocyte.Progenitor,B1,Enterocyte.Progenitor,Control
B1_TCGATTTGGGACAG_Control_Stem,B1,Stem,Control
B1_TCGCACACGAACCT_Control_Enterocyte,B1,Enterocyte,Control
B1_TCGCACTGTCCGAA_Control_TA,B1,TA,Control
B1_TCGGACCTACCAGT_Control_Enterocyte.Progenitor,B1,Enterocyte.Progenitor,Control
B1_TCGGACCTGGACTT_Control_TA,B1,TA,Control
B1_TCGGACCTTTCTAC_Control_TA,B1,TA,Control
B1_TCGTGAGACACCAA_Control_TA.Early,B1,TA.Early,Control
B1_TCTAACACCCGATA_Control_TA.Early,B1,TA.Early,Control
B1_TCTCAAACAACGGG_Control_TA.Early,B1,TA.Early,Control
B1_TCTCCACTGTCCTC_Control_Enterocyte,B1,Enterocyte,Control
B1_TCTCCACTTTCCCG_Control_TA,B1,TA,Control
B1_TCTCTAGAGTTTCT_Control_TA.Early,B1,TA.Early,Control
B1_TCTTACGATTTCAC_Control_Stem,B1,Stem,Control
B1_TGAAATTGACTGTG_Control_Stem,B1,Stem,Control
B1_TGAAATTGAGTGTC_Control_TA,B1,TA,Control
B1_TGAAATTGCTTGAG_Control_TA,B1,TA,Control
B1_TGAAGCTGAGACTC_Control_Stem,B1,Stem,Control
B1_TGAAGCTGTGGATC_Control_Tuft,B1,Tuft,Control
B1_TGACCGCTAATGCC_Control_TA,B1,TA,Control
B1_TGACCGCTTGCTAG_Control_TA.Early,B1,TA.Early,Control
B1_TGACTTACCCTGTC_Control_TA.Early,B1,TA.Early,Control
B1_TGACTTTGGGACAG_Control_Stem,B1,Stem,Control
B1_TGAGCAACGGAAGC_Control_Goblet,B1,Goblet,Control
B1_TGAGGTACGGAAAT_Control_TA.Early,B1,TA.Early,Control
B1_TGAGTCGATCAGAC_Control_TA,B1,TA,Control
B1_TGAGTGACTAGCCA_Control_Enterocyte.Progenitor,B1,Enterocyte.Progenitor,Control
B1_TGATACCTGGTTTG_Control_TA.Early,B1,TA.Early,Control
B1_TGATATGAGGTATC_Control_Stem,B1,Stem,Control
B1_TGATTAGAGAAACA_Control_Stem,B1,Stem,Control
B1_TGCAACGATTCCGC_Control_Enterocyte,B1,Enterocyte,Control
B1_TGCACGCTGTCCTC_Control_Enterocyte,B1,Enterocyte,Control
B1_TGCAGATGGGTTAC_Control_Enterocyte.Progenitor,B1,Enterocyte.Progenitor,Control
B1_TGCGAAACGCAGAG_Control_Enterocyte.Progenitor,B1,Enterocyte.Progenitor,Control
B1_TGCTAGGACGCATA_Control_Enterocyte,B1,Enterocyte,Control
B1_TGCTAGGAGTACGT_Control_Enterocyte.Progenitor,B1,Enterocyte.Progenitor,Control
B1_TGCTGAGACTTAGG_Control_TA.Early,B1,TA.Early,Control
B1_TGCTTAACGTATGC_Control_Endocrine,B1,Endocrine,Control
B1_TGCTTAACTTCGTT_Control_TA,B1,TA,Control
B1_TGGAACACTCCTTA_Control_Enterocyte.Progenitor,B1,Enterocyte.Progenitor,Control
B1_TGGAACACTGATGC_Control_Enterocyte.Progenitor,B1,Enterocyte.Progenitor,Control
B1_TGGAACTGTCGCTC_Control_Stem,B1,Stem,Control
B1_TGGAGACTTCTCCG_Control_Endocrine,B1,Endocrine,Control
B1_TGGATGACATGCTG_Control_Stem,B1,Stem,Control
B1_TGGATTCTAAGTGA_Control_TA,B1,TA,Control
B1_TGGATTCTATGCTG_Control_TA.Early,B1,TA.Early,Control
B1_TGGCAATGGTACAC_Control_TA.Early,B1,TA.Early,Control
B1_TGGCACCTGCGAGA_Control_Stem,B1,Stem,Control
B1_TGGTAGTGGGAGTG_Control_Stem,B1,Stem,Control
B1_TGGTTACTATTCTC_Control_TA.Early,B1,TA.Early,Control
B1_TGTAGGTGTGCCTC_Control_TA.Early,B1,TA.Early,Control
B1_TGTATCTGCTAAGC_Control_Stem,B1,Stem,Control
B1_TGTATGCTGGGAGT_Control_TA.Early,B1,TA.Early,Control
B1_TGTCTAACTTTCTG_Control_Endocrine,B1,Endocrine,Control
B1_TGTGACGATGTGGT_Control_TA.Early,B1,TA.Early,Control
B1_TGTGAGACAGTCGT_Control_Enterocyte.Progenitor,B1,Enterocyte.Progenitor,Control
B1_TGTGAGACTAGAGA_Control_TA.Early,B1,TA.Early,Control
B1_TGTGAGTGGAACCT_Control_Tuft,B1,Tuft,Control
B1_TGTTAAGAAGAGTA_Control_Enterocyte.Progenitor,B1,Enterocyte.Progenitor,Control
B1_TGTTACACTGCAAC_Control_Stem,B1,Stem,Control
B1_TGTTACACTTCTCA_Control_TA,B1,TA,Control
B1_TTAACCACCTTACT_Control_TA.Early,B1,TA.Early,Control
B1_TTACAGCTCCCAAA_Control_TA.Early,B1,TA.Early,Control
B1_TTACGTACTCTAGG_Control_Enterocyte,B1,Enterocyte,Control
B1_TTACTCGAACGCAT_Control_Tuft,B1,Tuft,Control
B1_TTAGGGACTAAGGA_Control_Goblet,B1,Goblet,Control
B1_TTAGGTCTAGTACC_Control_Endocrine,B1,Endocrine,Control
B1_TTAGTCACGTCGTA_Control_TA.Early,B1,TA.Early,Control
B1_TTAGTCTGGACACT_Control_Stem,B1,Stem,Control
B1_TTATCCGAGTGTCA_Control_Goblet,B1,Goblet,Control
B1_TTATGCACCCGTTC_Control_TA.Early,B1,TA.Early,Control
B1_TTATGGCTGGTCAT_Control_Stem,B1,Stem,Control
B1_TTCAAGCTCGAGTT_Control_TA.Early,B1,TA.Early,Control
B1_TTCAGTACGCTATG_Control_Enterocyte.Progenitor,B1,Enterocyte.Progenitor,Control
B1_TTCAGTTGTGGCAT_Control_Stem,B1,Stem,Control
B1_TTCATGACACACGT_Control_Stem,B1,Stem,Control
B1_TTCATGACGGTACT_Control_Stem,B1,Stem,Control
B1_TTCATGTGGCGAGA_Control_Stem,B1,Stem,Control
B1_TTCATGTGTGGTTG_Control_Stem,B1,Stem,Control
B1_TTCCATGACCCGTT_Control_Stem,B1,Stem,Control
B1_TTCCCACTAACGTC_Control_Stem,B1,Stem,Control
B1_TTCGAGGACTTGGA_Control_TA.Early,B1,TA.Early,Control
B1_TTCGATTGGACAGG_Control_Endocrine,B1,Endocrine,Control
B1_TTCTACGAAGCGGA_Control_Stem,B1,Stem,Control
B1_TTCTCAGACCATGA_Control_Stem,B1,Stem,Control
B1_TTGAACCTTGCCCT_Control_TA.Early,B1,TA.Early,Control
B1_TTGACACTGTACAC_Control_TA.Early,B1,TA.Early,Control
B1_TTGAGGACCGTAGT_Control_Stem,B1,Stem,Control
B1_TTGAGGACGTGTTG_Control_Stem,B1,Stem,Control
B1_TTGAGGTGGACGAG_Control_TA.Early,B1,TA.Early,Control
B1_TTGAGGTGGCCATA_Control_TA,B1,TA,Control
B1_TTGATCTGACCTGA_Control_Stem,B1,Stem,Control
B1_TTGATCTGACGGAG_Control_Enterocyte.Progenitor,B1,Enterocyte.Progenitor,Control
B1_TTGATCTGCCCGTT_Control_Endocrine,B1,Endocrine,Control
B1_TTGCATTGTACAGC_Control_TA.Early,B1,TA.Early,Control
B1_TTGGAGTGCCCGTT_Control_Goblet,B1,Goblet,Control
B1_TTGGGAACACTCTT_Control_Enterocyte.Progenitor,B1,Enterocyte.Progenitor,Control
B1_TTGTCATGCGACTA_Control_Enterocyte.Progenitor,B1,Enterocyte.Progenitor,Control
B1_TTTAGCTGAGAAGT_Control_Stem,B1,Stem,Control
B1_TTTAGCTGTGGGAG_Control_Stem,B1,Stem,Control
B1_TTTATCCTACCATG_Control_TA.Early,B1,TA.Early,Control
B1_TTTCAGTGCAACTG_Control_Enterocyte.Progenitor,B1,Enterocyte.Progenitor,Control
B1_TTTCCAGACGCAAT_Control_TA,B1,TA,Control
B1_TTTCCAGAGGAGCA_Control_Stem,B1,Stem,Control
B2_AAATGTTGGAGGAC_Control_Stem,B2,Stem,Control
B2_AACCCAGAAACTGC_Control_TA,B2,TA,Control
B2_AACGCAACTGTCGA_Control_Enterocyte,B2,Enterocyte,Control
B2_AACTACCTCAGAGG_Control_TA.Early,B2,TA.Early,Control
B2_AAGAATCTGCCCTT_Control_TA.Early,B2,TA.Early,Control
B2_AAGAGATGTGCATG_Control_Stem,B2,Stem,Control
B2_AAGGCTTGCTTCTA_Control_TA.Early,B2,TA.Early,Control
B2_AAGTCCGACTATGG_Control_Enterocyte,B2,Enterocyte,Control
B2_AAGTCTCTAGTGCT_Control_TA,B2,TA,Control
B2_AATGGAGAGTTGTG_Control_Enterocyte.Progenitor,B2,Enterocyte.Progenitor,Control
B2_AATGGCTGTAGTCG_Control_Tuft,B2,Tuft,Control
B2_ACCACAGAGTGTAC_Control_Enterocyte.Progenitor,B2,Enterocyte.Progenitor,Control
B2_ACCAGCCTAAAGCA_Control_Stem,B2,Stem,Control
B2_ACCCAAGAGACAGG_Control_Enterocyte.Progenitor,B2,Enterocyte.Progenitor,Control
B2_ACCTATTGCGACAT_Control_Enterocyte,B2,Enterocyte,Control
B2_ACCTCCGACATGGT_Control_Stem,B2,Stem,Control
B2_ACGATGACGTAGGG_Control_Stem,B2,Stem,Control
B2_ACGCGGTGAGTCAC_Control_Enterocyte,B2,Enterocyte,Control
B2_ACGCGGTGGGGATG_Control_TA.Early,B2,TA.Early,Control
B2_ACGTAGACGTTACG_Control_Goblet,B2,Goblet,Control
B2_ACGTTACTCATGGT_Control_Stem,B2,Stem,Control
B2_ACGTTGGAATGTCG_Control_Stem,B2,Stem,Control
B2_ACTACGGATCTCCG_Control_Stem,B2,Stem,Control
B2_ACTCCTCTCAGAGG_Control_Enterocyte,B2,Enterocyte,Control
B2_ACTCCTCTCTATTC_Control_Stem,B2,Stem,Control
B2_ACTGAGACCGTAAC_Control_TA.Early,B2,TA.Early,Control
B2_ACTGTGGAAGTCTG_Control_Stem,B2,Stem,Control
B2_AGAAACGATGACCA_Control_Enterocyte,B2,Enterocyte,Control
B2_AGACTTCTTGGTTG_Control_Stem,B2,Stem,Control
B2_AGAGATGATGGTAC_Control_Endocrine,B2,Endocrine,Control
B2_AGATCTCTGTCAAC_Control_Stem,B2,Stem,Control
B2_AGATTCCTGTTCAG_Control_Stem,B2,Stem,Control
B2_AGCCGGACTTATCC_Control_Enterocyte.Progenitor,B2,Enterocyte.Progenitor,Control
B2_AGCGAACTCTATTC_Control_Tuft,B2,Tuft,Control
B2_AGCGGGCTCCCTCA_Control_Enterocyte,B2,Enterocyte,Control
B2_AGCTCGCTACGGGA_Control_Stem,B2,Stem,Control
B2_AGCTTTACGAGAGC_Control_Enterocyte,B2,Enterocyte,Control
B2_AGGGACGAACCCAA_Control_TA,B2,TA,Control
B2_AGGTCATGAAAACG_Control_Goblet,B2,Goblet,Control
B2_AGTAATACTTCGCC_Control_Enterocyte,B2,Enterocyte,Control
B2_AGTCGAACAACTGC_Control_Enterocyte,B2,Enterocyte,Control
B2_AGTCGAACGCAGAG_Control_Stem,B2,Stem,Control
B2_AGTTCTTGAAGGCG_Control_Stem,B2,Stem,Control
B2_AGTTTGCTGTGCTA_Control_Goblet,B2,Goblet,Control
B2_ATAACCCTAAGCAA_Control_TA,B2,TA,Control
B2_ATAGTTGACACTGA_Control_Enterocyte,B2,Enterocyte,Control
B2_ATCGAGTGGTACAC_Control_TA.Early,B2,TA.Early,Control
B2_ATCGGTGAGCTACA_Control_TA.Early,B2,TA.Early,Control
B2_ATCTTTCTAGCACT_Control_TA.Early,B2,TA.Early,Control
B2_ATGAGAGATCTACT_Control_Stem,B2,Stem,Control
B2_ATGCAGACCACTTT_Control_Stem,B2,Stem,Control
B2_ATGGGTACGCGTTA_Control_Goblet,B2,Goblet,Control
B2_ATGGGTACGGAGCA_Control_Enterocyte,B2,Enterocyte,Control
B2_ATGTCGGAGAGGCA_Control_Stem,B2,Stem,Control
B2_ATTGCTTGCTACGA_Control_Enterocyte,B2,Enterocyte,Control
B2_ATTGTAGAGACGAG_Control_Tuft,B2,Tuft,Control
B2_ATTGTAGAGGTAAA_Control_Enterocyte,B2,Enterocyte,Control
B2_CAAATTGAGGAGGT_Control_Enterocyte,B2,Enterocyte,Control
B2_CAACGTGATGGTAC_Control_Stem,B2,Stem,Control
B2_CAATAAACTGATGC_Control_Goblet,B2,Goblet,Control
B2_CAATATGATGCACA_Control_TA.Early,B2,TA.Early,Control
B2_CAATCTACTTGGTG_Control_Goblet,B2,Goblet,Control
B2_CACTGCACAAAGTG_Control_Enterocyte,B2,Enterocyte,Control
B2_CACTTATGGGAAAT_Control_TA.Early,B2,TA.Early,Control
B2_CAGACAACGTCCTC_Control_TA.Early,B2,TA.Early,Control
B2_CAGCACCTGCATCA_Control_TA,B2,TA,Control
B2_CAGGAACTGGTGAG_Control_TA,B2,TA,Control
B2_CAGGTAACGCGGAA_Control_Stem,B2,Stem,Control
B2_CAGGTATGCAATCG_Control_Enterocyte,B2,Enterocyte,Control
B2_CAGGTTGACAGATC_Control_Endocrine,B2,Endocrine,Control
B2_CAGTTGGAAGCAAA_Control_Goblet,B2,Goblet,Control
B2_CATAGTCTATCTTC_Control_TA.Early,B2,TA.Early,Control
B2_CATAGTCTCTACTT_Control_Stem,B2,Stem,Control
B2_CATAGTCTTGCATG_Control_TA.Early,B2,TA.Early,Control
B2_CATCAACTTCTTCA_Control_Enterocyte.Progenitor,B2,Enterocyte.Progenitor,Control
B2_CATTGACTTGAACC_Control_Enterocyte,B2,Enterocyte,Control
B2_CATTTCGAACACTG_Control_TA.Early,B2,TA.Early,Control
B2_CCACTGTGTATCTC_Control_Enterocyte,B2,Enterocyte,Control
B2_CCAGCTACGTTTGG_Control_Enterocyte,B2,Enterocyte,Control
B2_CCATAGGACGTACA_Control_Enterocyte,B2,Enterocyte,Control
B2_CCCTCAGAGAACTC_Control_Enterocyte.Progenitor,B2,Enterocyte.Progenitor,Control
B2_CCGATAGAGAGCAG_Control_Goblet,B2,Goblet,Control
B2_CCGATAGAGGTGAG_Control_TA.Early,B2,TA.Early,Control
B2_CCTGACTGTGGTTG_Control_Enterocyte.Progenitor,B2,Enterocyte.Progenitor,Control
B2_CCTGGACTGCCTTC_Control_Enterocyte,B2,Enterocyte,Control
B2_CGACCACTGTAAAG_Control_Goblet,B2,Goblet,Control
B2_CGACGTCTCTGGTA_Control_Stem,B2,Stem,Control
B2_CGAGGAGATCCTTA_Control_Enterocyte,B2,Enterocyte,Control
B2_CGAGTATGCCTCAC_Control_TA,B2,TA,Control
B2_CGATAGACCAAGCT_Control_Goblet,B2,Goblet,Control
B2_CGCACGGACTGACA_Control_Enterocyte,B2,Enterocyte,Control
B2_CGCACTACTGGAGG_Control_Enterocyte.Progenitor,B2,Enterocyte.Progenitor,Control
B2_CGCTACTGTCTCTA_Control_Enterocyte,B2,Enterocyte,Control
B2_CGGGCATGCTCAAG_Control_Goblet,B2,Goblet,Control
B2_CGTACCTGAGGGTG_Control_Enterocyte.Progenitor,B2,Enterocyte.Progenitor,Control
B2_CGTGCACTAACGTC_Control_Enterocyte,B2,Enterocyte,Control
B2_CTACAACTAAGCCT_Control_Stem,B2,Stem,Control
B2_CTACCTCTGAATCC_Control_TA,B2,TA,Control
B2_CTAGTTTGATCTCT_Control_Stem,B2,Stem,Control
B2_CTATAAGAACACCA_Control_Enterocyte,B2,Enterocyte,Control
B2_CTATGTACTGACAC_Control_Stem,B2,Stem,Control
B2_CTATGTTGGGGATG_Control_Stem,B2,Stem,Control
B2_CTCTAATGTCGACA_Control_TA.Early,B2,TA.Early,Control
B2_CTGAGCCTGTGTAC_Control_Stem,B2,Stem,Control
B2_CTGGCACTCGACTA_Control_TA,B2,TA,Control
B2_CTGTGAGATGCAGT_Control_TA.Early,B2,TA.Early,Control
B2_GAAACAGAGGTCTA_Control_Goblet,B2,Goblet,Control
B2_GAACGGGAACTTTC_Control_Enterocyte,B2,Enterocyte,Control
B2_GACAACTGGCTGTA_Control_Enterocyte.Progenitor,B2,Enterocyte.Progenitor,Control
B2_GACAGTACAGCACT_Control_Enterocyte.Progenitor,B2,Enterocyte.Progenitor,Control
B2_GACATTCTCCAAGT_Control_Enterocyte,B2,Enterocyte,Control
B2_GACGTAACTGGAAA_Control_Enterocyte.Progenitor,B2,Enterocyte.Progenitor,Control
B2_GACGTATGCGAACT_Control_TA.Early,B2,TA.Early,Control
B2_GACTGTGACCCTAC_Control_TA.Early,B2,TA.Early,Control
B2_GACTTTACTGAAGA_Control_Stem,B2,Stem,Control
B2_GAGCATACTTCCGC_Control_Enterocyte.Progenitor,B2,Enterocyte.Progenitor,Control
B2_GAGCGCACAATCGC_Control_TA.Early,B2,TA.Early,Control
B2_GAGCGCACTTGCGA_Control_Goblet,B2,Goblet,Control
B2_GAGCGCTGGCAAGG_Control_Stem,B2,Stem,Control
B2_GAGCGGCTGGCATT_Control_Enterocyte,B2,Enterocyte,Control
B2_GAGGTGGAAGAATG_Control_Enterocyte.Progenitor,B2,Enterocyte.Progenitor,Control
B2_GAGGTTACATCGGT_Control_Stem,B2,Stem,Control
B2_GATAAGGAGACACT_Control_TA.Early,B2,TA.Early,Control
B2_GATAGCACCGGGAA_Control_Enterocyte,B2,Enterocyte,Control
B2_GCAAACTGCTACCC_Control_Stem,B2,Stem,Control
B2_GCAACTGAACACTG_Control_TA.Early,B2,TA.Early,Control
B2_GCACCTACAACTGC_Control_Tuft,B2,Tuft,Control
B2_GCAGGGCTCTTGCC_Control_Goblet,B2,Goblet,Control
B2_GCATGTGAATCGTG_Control_Stem,B2,Stem,Control
B2_GCCACTACAGCGGA_Control_Stem,B2,Stem,Control
B2_GCCCAACTGCTGTA_Control_Stem,B2,Stem,Control
B2_GCCCAGGATGTCAG_Control_TA.Early,B2,TA.Early,Control
B2_GCCGTACTGTCACA_Control_Endocrine,B2,Endocrine,Control
B2_GCGAGAGAAGTAGA_Control_Stem,B2,Stem,Control
B2_GCGCATCTTAGTCG_Control_Enterocyte,B2,Enterocyte,Control
B2_GCGGACTGGGGCAA_Control_Enterocyte.Progenitor,B2,Enterocyte.Progenitor,Control
B2_GCGGGACTTAGCCA_Control_Enterocyte.Progenitor,B2,Enterocyte.Progenitor,Control
B2_GCTCCATGCATGAC_Control_Enterocyte,B2,Enterocyte,Control
B2_GGATACTGTTGACG_Control_Enterocyte,B2,Enterocyte,Control
B2_GGCAAGGAATCACG_Control_Enterocyte.Progenitor,B2,Enterocyte.Progenitor,Control
B2_GGCATATGCGACAT_Control_Enterocyte,B2,Enterocyte,Control
B2_GGCTACCTCTGTGA_Control_Enterocyte,B2,Enterocyte,Control
B2_GGTATCGACTGGAT_Control_Enterocyte.Progenitor,B2,Enterocyte.Progenitor,Control
B2_GGTCAAACCTTTAC_Control_Enterocyte,B2,Enterocyte,Control
B2_GTAACGTGTCTACT_Control_Enterocyte,B2,Enterocyte,Control
B2_GTAAGCTGTCGCAA_Control_Stem,B2,Stem,Control
B2_GTAGTGACAGCTCA_Control_Enterocyte.Progenitor,B2,Enterocyte.Progenitor,Control
B2_GTAGTGTGGAACCT_Control_TA,B2,TA,Control
B2_GTATCACTGAAGGC_Control_Goblet,B2,Goblet,Control
B2_GTCCCATGGTTGGT_Control_Stem,B2,Stem,Control
B2_GTGCAAACCTCATT_Control_TA.Early,B2,TA.Early,Control
B2_GTGCCACTCTACCC_Control_Stem,B2,Stem,Control
B2_GTTAAATGTATCTC_Control_TA.Early,B2,TA.Early,Control
B2_GTTAGGTGTGCCAA_Control_Goblet,B2,Goblet,Control
B2_GTTATCTGGTTCTT_Control_TA,B2,TA,Control
B2_GTTGAGTGGACACT_Control_Stem,B2,Stem,Control
B2_TAAGATTGATGCCA_Control_TA.Early,B2,TA.Early,Control
B2_TAAGGCTGAGAAGT_Control_Goblet,B2,Goblet,Control
B2_TAATCCACAGGAGC_Control_TA.Early,B2,TA.Early,Control
B2_TACACACTGTGTCA_Control_TA.Early,B2,TA.Early,Control
B2_TACACACTTTCTAC_Control_Goblet,B2,Goblet,Control
B2_TACATCACACCAGT_Control_TA.Early,B2,TA.Early,Control
B2_TACATCACCAACCA_Control_Enterocyte,B2,Enterocyte,Control
B2_TACGCAGAGGTTTG_Control_Enterocyte.Progenitor,B2,Enterocyte.Progenitor,Control
B2_TACGTACTACACTG_Control_Enterocyte,B2,Enterocyte,Control
B2_TACTACTGGGATCT_Control_Goblet,B2,Goblet,Control
B2_TACTTTCTCTCTTA_Control_Enterocyte.Progenitor,B2,Enterocyte.Progenitor,Control
B2_TAGACGTGGGTGTT_Control_TA.Early,B2,TA.Early,Control
B2_TAGCATCTATTCGG_Control_Endocrine,B2,Endocrine,Control
B2_TAGTCTTGCTGCAA_Control_Enterocyte.Progenitor,B2,Enterocyte.Progenitor,Control
B2_TAGTCTTGTCAGTG_Control_Stem,B2,Stem,Control
B2_TATAAGTGTGTCGA_Control_Goblet,B2,Goblet,Control
B2_TATGAATGTCAAGC_Control_Enterocyte.Progenitor,B2,Enterocyte.Progenitor,Control
B2_TATGCGGACCCTAC_Control_Enterocyte,B2,Enterocyte,Control
B2_TATGTCTGTCCTTA_Control_Stem,B2,Stem,Control
B2_TATTGCTGGAAGGC_Control_Enterocyte,B2,Enterocyte,Control
B2_TCACTATGGGCGAA_Control_TA.Early,B2,TA.Early,Control
B2_TCAGACGATGTCCC_Control_Stem,B2,Stem,Control
B2_TCATCAACAAAGCA_Control_Stem,B2,Stem,Control
B2_TCCTATGATCGATG_Control_TA.Early,B2,TA.Early,Control
B2_TGAAGCTGCTGTGA_Control_Tuft,B2,Tuft,Control
B2_TGACCAGAACCAAC_Control_Stem,B2,Stem,Control
B2_TGACGATGGCAAGG_Control_TA.Early,B2,TA.Early,Control
B2_TGAGCTGATACTTC_Control_TA.Early,B2,TA.Early,Control
B2_TGAGGTACTGGAGG_Control_Stem,B2,Stem,Control
B2_TGATACCTGGACTT_Control_TA.Early,B2,TA.Early,Control
B2_TGCAAGACTCTCCG_Control_Stem,B2,Stem,Control
B2_TGGAGACTGGTTTG_Control_TA.Early,B2,TA.Early,Control
B2_TGGAGGGAGTTACG_Control_Stem,B2,Stem,Control
B2_TGGTAGACGGGACA_Control_Enterocyte,B2,Enterocyte,Control
B2_TGGTAGTGCCTGAA_Control_Endocrine,B2,Endocrine,Control
B2_TGTAGTCTACAGTC_Control_Stem,B2,Stem,Control
B2_TGTGACGAGAACCT_Control_TA.Early,B2,TA.Early,Control
B2_TTACTCGAATGGTC_Control_Enterocyte,B2,Enterocyte,Control
B2_TTAGGTCTGGTGGA_Control_Enterocyte,B2,Enterocyte,Control
B2_TTATGCACCCTCAC_Control_TA.Early,B2,TA.Early,Control
B2_TTATTCCTGAGGTG_Control_Stem,B2,Stem,Control
B2_TTCTGATGGTAAGA_Control_TA.Early,B2,TA.Early,Control
B2_TTGTAGCTAAAACG_Control_Enterocyte,B2,Enterocyte,Control
B2_TTGTAGCTTTGGTG_Control_TA.Early,B2,TA.Early,Control
B3_AAACATACAGCATC_Control_Stem,B3,Stem,Control
B3_AAACATACCTCAAG_Control_Stem,B3,Stem,Control
B3_AAACCGTGAGTGTC_Control_TA.Early,B3,TA.Early,Control
B3_AAACGCACAGTCTG_Control_TA,B3,TA,Control
B3_AAACGGCTCCTCAC_Control_Stem,B3,Stem,Control
B3_AAACTTGAGTGCTA_Control_TA,B3,TA,Control
B3_AAAGAGACAGTCTG_Control_Goblet,B3,Goblet,Control
B3_AAAGAGACTCCTCG_Control_Stem,B3,Stem,Control
B3_AAAGCAGACACACA_Control_TA.Early,B3,TA.Early,Control
B3_AAAGCAGAGAGCAG_Control_Goblet,B3,Goblet,Control
B3_AAAGCAGAGCGATT_Control_TA.Early,B3,TA.Early,Control
B3_AAAGGCCTGAACTC_Control_Enterocyte.Progenitor,B3,Enterocyte.Progenitor,Control
B3_AAATACTGGTCTAG_Control_TA,B3,TA,Control
B3_AAATACTGTTGTGG_Control_TA.Early,B3,TA.Early,Control
B3_AAATCATGCTTCTA_Control_Enterocyte,B3,Enterocyte,Control
B3_AAATGTTGCAGGAG_Control_Enterocyte.Progenitor,B3,Enterocyte.Progenitor,Control
B3_AAATTCGACGGAGA_Control_Goblet,B3,Goblet,Control
B3_AAATTGACTGTCGA_Control_TA,B3,TA,Control
B3_AACAATACAGGAGC_Control_Stem,B3,Stem,Control
B3_AACACGTGGACGTT_Control_Goblet,B3,Goblet,Control
B3_AACAGCACAGTAGA_Control_Enterocyte.Progenitor,B3,Enterocyte.Progenitor,Control
B3_AACATTGACCCACT_Control_Goblet,B3,Goblet,Control
B3_AACATTGATTGGCA_Control_Endocrine,B3,Endocrine,Control
B3_AACCACGAGCTGAT_Control_Enterocyte.Progenitor,B3,Enterocyte.Progenitor,Control
B3_AACCACGAGTCATG_Control_Tuft,B3,Tuft,Control
B3_AACCAGTGGCTTAG_Control_TA.Early,B3,TA.Early,Control
B3_AACCAGTGTGTGAC_Control_Stem,B3,Stem,Control
B3_AACCGATGGACGAG_Control_Stem,B3,Stem,Control
B3_AACCGCCTTAGAGA_Control_Stem,B3,Stem,Control
B3_AACCTTTGTGCACA_Control_TA,B3,TA,Control
B3_AACGCATGCAGAGG_Control_TA.Early,B3,TA.Early,Control
B3_AACGCATGCCATAG_Control_Enterocyte,B3,Enterocyte,Control
B3_AACGCATGGACGGA_Control_Stem,B3,Stem,Control
B3_AACGGTTGCTGTTT_Control_Enterocyte.Progenitor,B3,Enterocyte.Progenitor,Control
B3_AACTCTTGAATCGC_Control_Endocrine,B3,Endocrine,Control
B3_AAGAAGACAGGAGC_Control_Enterocyte,B3,Enterocyte,Control
B3_AAGAAGACCAGATC_Control_Stem,B3,Stem,Control
B3_AAGAATCTTGTGGT_Control_TA,B3,TA,Control
B3_AAGACAGACCCTAC_Control_TA.Early,B3,TA.Early,Control
B3_AAGATGGAATCTTC_Control_TA.Early,B3,TA.Early,Control
B3_AAGATGGACCTGTC_Control_TA.Early,B3,TA.Early,Control
B3_AAGATTACATCAGC_Control_Enterocyte.Progenitor,B3,Enterocyte.Progenitor,Control
B3_AAGCACTGGTCGTA_Control_TA.Early,B3,TA.Early,Control
B3_AAGCACTGGTCTAG_Control_Stem,B3,Stem,Control
B3_AAGCACTGTCCGAA_Control_TA,B3,TA,Control
B3_AAGCCAACGACACT_Control_Stem,B3,Stem,Control
B3_AAGCCTGACATTTC_Control_TA,B3,TA,Control
B3_AAGCCTGAGAGGGT_Control_TA.Early,B3,TA.Early,Control
B3_AAGCCTGATTCCGC_Control_TA.Early,B3,TA.Early,Control
B3_AAGGCTACGCGGAA_Control_TA.Early,B3,TA.Early,Control
B3_AAGGCTTGAAGTGA_Control_Stem,B3,Stem,Control
B3_AAGGTCACACGTGT_Control_Stem,B3,Stem,Control
B3_AAGGTCACTCACCC_Control_Enterocyte.Progenitor,B3,Enterocyte.Progenitor,Control
B3_AAGGTCTGAGTAGA_Control_Stem,B3,Stem,Control
B3_AAGGTCTGTGGGAG_Control_TA.Early,B3,TA.Early,Control
B3_AAGTAGGAGTGAGG_Control_Stem,B3,Stem,Control
B3_AAGTATACCACTCC_Control_Enterocyte,B3,Enterocyte,Control
B3_AAGTCCGAACCTCC_Control_Endocrine,B3,Endocrine,Control
B3_AAGTCCGAACGGAG_Control_TA.Early,B3,TA.Early,Control
B3_AAGTCTCTTCCCAC_Control_Goblet,B3,Goblet,Control
B3_AAGTCTCTTGTGAC_Control_Endocrine,B3,Endocrine,Control
B3_AAGTGCACATTTCC_Control_Goblet,B3,Goblet,Control
B3_AAGTGCACCTGCAA_Control_TA.Early,B3,TA.Early,Control
B3_AAGTGCACGTTTCT_Control_Enterocyte.Progenitor,B3,Enterocyte.Progenitor,Control
B3_AAGTTATGCAGAGG_Control_Stem,B3,Stem,Control
B3_AAGTTATGGACGAG_Control_Stem,B3,Stem,Control
B3_AAGTTATGTCTGGA_Control_TA,B3,TA,Control
B3_AAGTTCCTCAGCTA_Control_TA.Early,B3,TA.Early,Control
B3_AAGTTCCTCCTGAA_Control_TA.Early,B3,TA.Early,Control
B3_AATACCCTTTTCGT_Control_TA.Early,B3,TA.Early,Control
B3_AATACTGATTCTCA_Control_TA.Early,B3,TA.Early,Control
B3_AATAGGGACTACGA_Control_Goblet,B3,Goblet,Control
B3_AATAGGGAGGTGAG_Control_Stem,B3,Stem,Control
B3_AATATCGAACCAAC_Control_Goblet,B3,Goblet,Control
B3_AATCAAACTGCGTA_Control_Stem,B3,Stem,Control
B3_AATCCGGAAACGTC_Control_Enterocyte.Progenitor,B3,Enterocyte.Progenitor,Control
B3_AATCCGGAGCGAGA_Control_Stem,B3,Stem,Control
B3_AATCCTTGACCCAA_Control_Enterocyte.Progenitor,B3,Enterocyte.Progenitor,Control
B3_AATCCTTGGTACGT_Control_TA,B3,TA,Control
B3_AATCCTTGTTCCGC_Control_Enterocyte.Progenitor,B3,Enterocyte.Progenitor,Control
B3_AATCTCTGGAAAGT_Control_TA,B3,TA,Control
B3_AATCTCTGGCGTAT_Control_Enterocyte.Progenitor,B3,Enterocyte.Progenitor,Control
B3_AATGATACGCCCTT_Control_TA.Early,B3,TA.Early,Control
B3_AATGGAGAGTGCAT_Control_TA,B3,TA,Control
B3_AATGTTGACAAAGA_Control_TA,B3,TA,Control
B3_AATTGATGTCGTAG_Control_Stem,B3,Stem,Control
B3_AATTGTGAAGCGTT_Control_TA,B3,TA,Control
B3_AATTGTGAGTACCA_Control_Stem,B3,Stem,Control
B3_ACAACCGACGCATA_Control_Stem,B3,Stem,Control
B3_ACAAGAGAAAAGCA_Control_Goblet,B3,Goblet,Control
B3_ACAAGAGAAGAAGT_Control_Enterocyte.Progenitor,B3,Enterocyte.Progenitor,Control
B3_ACAATCCTTGAGGG_Control_Goblet,B3,Goblet,Control
B3_ACAATTGAACCAAC_Control_TA.Early,B3,TA.Early,Control
B3_ACACAGACCTAGTG_Control_Stem,B3,Stem,Control
B3_ACACCAGAGCCCTT_Control_TA.Early,B3,TA.Early,Control
B3_ACACGAACATTCCT_Control_Endocrine,B3,Endocrine,Control
B3_ACACGAACTGTCGA_Control_TA.Early,B3,TA.Early,Control
B3_ACACGTGACTCTCG_Control_Enterocyte.Progenitor,B3,Enterocyte.Progenitor,Control
B3_ACAGCAACGTAAAG_Control_TA.Early,B3,TA.Early,Control
B3_ACAGGTACGACGGA_Control_Goblet,B3,Goblet,Control
B3_ACAGGTACTTCGCC_Control_TA,B3,TA,Control
B3_ACAGTCGACTTACT_Control_Stem,B3,Stem,Control
B3_ACAGTGACGGTAGG_Control_Stem,B3,Stem,Control
B3_ACAGTTCTCGTTGA_Control_TA.Early,B3,TA.Early,Control
B3_ACATTCTGCCGTTC_Control_Stem,B3,Stem,Control
B3_ACATTCTGCTGTCC_Control_TA.Early,B3,TA.Early,Control
B3_ACATTCTGCTTGTT_Control_Goblet,B3,Goblet,Control
B3_ACCAACGACCAATG_Control_Goblet,B3,Goblet,Control
B3_ACCAACGATATCGG_Control_TA.Early,B3,TA.Early,Control
B3_ACCACCTGACCACA_Control_Stem,B3,Stem,Control
B3_ACCACCTGGTGAGG_Control_Tuft,B3,Tuft,Control
B3_ACCACGCTGCGGAA_Control_Tuft,B3,Tuft,Control
B3_ACCACGCTTGGTCA_Control_TA.Early,B3,TA.Early,Control
B3_ACCACGCTTTATCC_Control_TA.Early,B3,TA.Early,Control
B3_ACCAGTGACACTTT_Control_TA.Early,B3,TA.Early,Control
B3_ACCAGTGAGGAGGT_Control_TA.Early,B3,TA.Early,Control
B3_ACCCAAGAATACCG_Control_Enterocyte.Progenitor,B3,Enterocyte.Progenitor,Control
B3_ACCCGTACGTGTAC_Control_TA.Early,B3,TA.Early,Control
B3_ACCCTCGAACAGCT_Control_Goblet,B3,Goblet,Control
B3_ACCCTCGACGGTAT_Control_Enterocyte,B3,Enterocyte,Control
B3_ACCTCCGAGCAAGG_Control_Enterocyte.Progenitor,B3,Enterocyte.Progenitor,Control
B3_ACCTCGTGGGTGGA_Control_Tuft,B3,Tuft,Control
B3_ACCTGGCTTCGCCT_Control_Enterocyte.Progenitor,B3,Enterocyte.Progenitor,Control
B3_ACCTGGCTTGAGAA_Control_Stem,B3,Stem,Control
B3_ACGAAGCTTCCAGA_Control_Goblet,B3,Goblet,Control
B3_ACGACAACCTGTAG_Control_Enterocyte,B3,Enterocyte,Control
B3_ACGAGTACAGGTCT_Control_TA,B3,TA,Control
B3_ACGAGTACCTCGCT_Control_TA.Early,B3,TA.Early,Control
B3_ACGATCGAATGTCG_Control_TA.Early,B3,TA.Early,Control
B3_ACGATGACCACAAC_Control_Goblet,B3,Goblet,Control
B3_ACGATTCTCTTAGG_Control_TA,B3,TA,Control
B3_ACGCAATGATCGTG_Control_TA.Early,B3,TA.Early,Control
B3_ACGCAATGTAAGGA_Control_Stem,B3,Stem,Control
B3_ACGCACCTGGAGCA_Control_Stem,B3,Stem,Control
B3_ACGCCACTTTCTCA_Control_TA,B3,TA,Control
B3_ACGCCGGACTCTAT_Control_Enterocyte,B3,Enterocyte,Control
B3_ACGCCGGATGTGCA_Control_Enterocyte.Progenitor,B3,Enterocyte.Progenitor,Control
B3_ACGCCTTGGCCTTC_Control_TA,B3,TA,Control
B3_ACGCCTTGTCCTTA_Control_Stem,B3,Stem,Control
B3_ACGCGGTGGCGGAA_Control_Stem,B3,Stem,Control
B3_ACGCTCACACGTTG_Control_Goblet,B3,Goblet,Control
B3_ACGCTCACGTAAGA_Control_Enterocyte.Progenitor,B3,Enterocyte.Progenitor,Control
B3_ACGCTGCTCACTCC_Control_TA.Early,B3,TA.Early,Control
B3_ACGGAGGAACAGTC_Control_TA.Early,B3,TA.Early,Control
B3_ACGGAGGACATGGT_Control_Stem,B3,Stem,Control
B3_ACGGAGGAGTCTTT_Control_Enterocyte.Progenitor,B3,Enterocyte.Progenitor,Control
B3_ACGGAGGATGCAGT_Control_Goblet,B3,Goblet,Control
B3_ACGGAGGATGGAAA_Control_Goblet,B3,Goblet,Control
B3_ACGGATTGCTCAGA_Control_Stem,B3,Stem,Control
B3_ACGGCGTGGGAGTG_Control_Enterocyte.Progenitor,B3,Enterocyte.Progenitor,Control
B3_ACGGCGTGTTCCAT_Control_TA.Early,B3,TA.Early,Control
B3_ACGGCTCTCCTCCA_Control_Enterocyte.Progenitor,B3,Enterocyte.Progenitor,Control
B3_ACGGCTCTTCTGGA_Control_Stem,B3,Stem,Control
B3_ACGGTATGTCCCGT_Control_Stem,B3,Stem,Control
B3_ACGGTCCTCCAACA_Control_Endocrine,B3,Endocrine,Control
B3_ACGTCAGAACACCA_Control_Goblet,B3,Goblet,Control
B3_ACGTCAGAGTACCA_Control_Goblet,B3,Goblet,Control
B3_ACGTCCTGCTGTCC_Control_Stem,B3,Stem,Control
B3_ACGTCCTGTTAGGC_Control_TA.Early,B3,TA.Early,Control
B3_ACGTCGCTACACTG_Control_Stem,B3,Stem,Control
B3_ACGTCGCTTGCCAA_Control_TA.Early,B3,TA.Early,Control
B3_ACGTCGCTTGTGCA_Control_Stem,B3,Stem,Control
B3_ACGTTGGACCCACT_Control_Stem,B3,Stem,Control
B3_ACGTTGGATTCCAT_Control_Stem,B3,Stem,Control
B3_ACGTTTACAATCGC_Control_TA,B3,TA,Control
B3_ACTACGGACTCATT_Control_Enterocyte.Progenitor,B3,Enterocyte.Progenitor,Control
B3_ACTACGGAGTAAGA_Control_Enterocyte.Progenitor,B3,Enterocyte.Progenitor,Control
B3_ACTCAGGATTACCT_Control_Goblet,B3,Goblet,Control
B3_ACTCCTCTCTATGG_Control_Goblet,B3,Goblet,Control
B3_ACTCCTCTTTGTGG_Control_Stem,B3,Stem,Control
B3_ACTCCTCTTTTCTG_Control_Goblet,B3,Goblet,Control
B3_ACTCGAGAGTCGAT_Control_Enterocyte.Progenitor,B3,Enterocyte.Progenitor,Control
B3_ACTCTCCTGTCCTC_Control_Enterocyte,B3,Enterocyte,Control
B3_ACTGCCACCTATTC_Control_Goblet,B3,Goblet,Control
B3_ACTGCCACGGGATG_Control_Goblet,B3,Goblet,Control
B3_ACTGCCTGAACGTC_Control_Enterocyte.Progenitor,B3,Enterocyte.Progenitor,Control
B3_ACTGCCTGCGACAT_Control_TA,B3,TA,Control
B3_ACTGCCTGGCAGAG_Control_TA,B3,TA,Control
B3_ACTGGCCTCTGCAA_Control_TA.Early,B3,TA.Early,Control
B3_ACTGGCCTGGAACG_Control_TA.Early,B3,TA.Early,Control
B3_ACTGTGGAGAGACG_Control_Stem,B3,Stem,Control
B3_ACTGTTACATCGGT_Control_TA,B3,TA,Control
B3_ACTGTTACCCCTAC_Control_TA,B3,TA,Control
B3_ACTGTTACTAGCCA_Control_TA.Early,B3,TA.Early,Control
B3_ACTTAGCTGGAACG_Control_Stem,B3,Stem,Control
B3_ACTTCAACCGAGTT_Control_Endocrine,B3,Endocrine,Control
B3_ACTTCAACGTTACG_Control_Stem,B3,Stem,Control
B3_ACTTCCCTAGAACA_Control_Enterocyte,B3,Enterocyte,Control
B3_ACTTCCCTTCTATC_Control_TA.Early,B3,TA.Early,Control
B3_ACTTGACTATGACC_Control_Enterocyte.Progenitor,B3,Enterocyte.Progenitor,Control
B3_ACTTGGGACCCAAA_Control_TA.Early,B3,TA.Early,Control
B3_ACTTGTACACAGTC_Control_TA.Early,B3,TA.Early,Control
B3_ACTTGTACCAGCTA_Control_Stem,B3,Stem,Control
B3_ACTTGTACTTCGCC_Control_Goblet,B3,Goblet,Control
B3_ACTTTGTGCAACTG_Control_Goblet,B3,Goblet,Control
B3_AGAAAGTGACTGGT_Control_Enterocyte.Progenitor,B3,Enterocyte.Progenitor,Control
B3_AGAACGCTAGCCAT_Control_Stem,B3,Stem,Control
B3_AGAAGATGAAGCAA_Control_TA.Early,B3,TA.Early,Control
B3_AGAAGATGGCAGTT_Control_Stem,B3,Stem,Control
B3_AGAAGATGTTTCAC_Control_TA.Early,B3,TA.Early,Control
B3_AGACACACCGTACA_Control_TA,B3,TA,Control
B3_AGACACTGCGAATC_Control_Enterocyte.Progenitor,B3,Enterocyte.Progenitor,Control
B3_AGACGTACAACGGG_Control_TA.Early,B3,TA.Early,Control
B3_AGACGTACGAATCC_Control_TA,B3,TA,Control
B3_AGACGTACGGGATG_Control_TA,B3,TA,Control
B3_AGACTGACGCGATT_Control_Enterocyte,B3,Enterocyte,Control
B3_AGAGAAACGCCTTC_Control_TA,B3,TA,Control
B3_AGAGAAACTGGAGG_Control_TA.Early,B3,TA.Early,Control
B3_AGAGAATGGTTGCA_Control_Stem,B3,Stem,Control
B3_AGAGCGGATCGCCT_Control_TA.Early,B3,TA.Early,Control
B3_AGAGCTACCGTAGT_Control_TA.Early,B3,TA.Early,Control
B3_AGAGTCTGAGGTCT_Control_TA.Early,B3,TA.Early,Control
B3_AGAGTCTGCCCACT_Control_Goblet,B3,Goblet,Control
B3_AGAGTGCTTCCTAT_Control_TA,B3,TA,Control
B3_AGATCGTGCTTGTT_Control_Enterocyte,B3,Enterocyte,Control
B3_AGCACTGACCGATA_Control_Stem,B3,Stem,Control
B3_AGCATGACGTAGGG_Control_Stem,B3,Stem,Control
B3_AGCATTCTCAGAAA_Control_TA,B3,TA,Control
B3_AGCCACCTACGGAG_Control_TA,B3,TA,Control
B3_AGCCACCTCTGAGT_Control_Stem,B3,Stem,Control
B3_AGCCGGACCTGTAG_Control_Enterocyte.Progenitor,B3,Enterocyte.Progenitor,Control
B3_AGCCGGTGTATGGC_Control_Goblet,B3,Goblet,Control
B3_AGCCTCACCTGTTT_Control_TA.Early,B3,TA.Early,Control
B3_AGCCTCACTGTCAG_Control_TA.Early,B3,TA.Early,Control
B3_AGCGATTGACTGTG_Control_TA.Early,B3,TA.Early,Control
B3_AGCGCCGAAGGTTC_Control_Goblet,B3,Goblet,Control
B3_AGCGCTCTAAGAGT_Control_Goblet,B3,Goblet,Control
B3_AGCGCTCTTCAGTG_Control_TA,B3,TA,Control
B3_AGCGGCTGGACGGA_Control_Enterocyte.Progenitor,B3,Enterocyte.Progenitor,Control
B3_AGCGGCTGGCGAAG_Control_TA.Early,B3,TA.Early,Control
B3_AGCGGCTGGGTAGG_Control_TA.Early,B3,TA.Early,Control
B3_AGCGGGCTACGGAG_Control_Endocrine,B3,Endocrine,Control
B3_AGCGGGCTAGTTCG_Control_Enterocyte.Progenitor,B3,Enterocyte.Progenitor,Control
B3_AGCTGCCTTAGCGT_Control_Enterocyte,B3,Enterocyte,Control
B3_AGCTGTGATGGGAG_Control_TA.Early,B3,TA.Early,Control
B3_AGCTTACTTAGCGT_Control_TA.Early,B3,TA.Early,Control
B3_AGCTTTACCGTTAG_Control_TA.Early,B3,TA.Early,Control
B3_AGGAAATGACCATG_Control_TA.Early,B3,TA.Early,Control
B3_AGGAAATGTGTTTC_Control_TA,B3,TA,Control
B3_AGGAACCTGCCCTT_Control_TA.Early,B3,TA.Early,Control
B3_AGGAACCTGTTACG_Control_Enterocyte,B3,Enterocyte,Control
B3_AGGACACTCGAATC_Control_TA,B3,TA,Control
B3_AGGACACTGTGTAC_Control_Stem,B3,Stem,Control
B3_AGGCAACTTTCGCC_Control_Enterocyte,B3,Enterocyte,Control
B3_AGGCCTCTCGACAT_Control_Enterocyte.Progenitor,B3,Enterocyte.Progenitor,Control
B3_AGGGACGAGCTATG_Control_Enterocyte,B3,Enterocyte,Control
B3_AGGGACGATCTGGA_Control_Enterocyte,B3,Enterocyte,Control
B3_AGGGCCTGGACTAC_Control_TA,B3,TA,Control
B3_AGGGCGCTGCCATA_Control_Enterocyte.Progenitor,B3,Enterocyte.Progenitor,Control
B3_AGGGTGGACCTGAA_Control_Goblet,B3,Goblet,Control
B3_AGGGTGGAGGTGAG_Control_Stem,B3,Stem,Control
B3_AGGTACACGCGATT_Control_TA.Early,B3,TA.Early,Control
B3_AGGTCATGATGCTG_Control_TA.Early,B3,TA.Early,Control
B3_AGGTCATGTGATGC_Control_TA.Early,B3,TA.Early,Control
B3_AGGTTCGAGATAGA_Control_TA.Early,B3,TA.Early,Control
B3_AGGTTGTGAGCATC_Control_TA,B3,TA,Control
B3_AGTAATTGCTGAAC_Control_Endocrine,B3,Endocrine,Control
B3_AGTAGGCTGTCATG_Control_Goblet,B3,Goblet,Control
B3_AGTAGGCTGTCGAT_Control_Stem,B3,Stem,Control
B3_AGTAGGCTTCTTCA_Control_Enterocyte.Progenitor,B3,Enterocyte.Progenitor,Control
B3_AGTATAACGGTGTT_Control_TA.Early,B3,TA.Early,Control
B3_AGTATCCTCGTTAG_Control_TA,B3,TA,Control
B3_AGTATCCTTCCCAC_Control_Enterocyte,B3,Enterocyte,Control
B3_AGTCACGAACAGTC_Control_Endocrine,B3,Endocrine,Control
B3_AGTCACGAACTCAG_Control_Stem,B3,Stem,Control
B3_AGTCAGACTGACAC_Control_TA.Early,B3,TA.Early,Control
B3_AGTCCAGATTCACT_Control_TA.Early,B3,TA.Early,Control
B3_AGTCGAACAACGAA_Control_TA.Early,B3,TA.Early,Control
B3_AGTGAAGAGAATCC_Control_Stem,B3,Stem,Control
B3_AGTGACTGCTGATG_Control_Stem,B3,Stem,Control
B3_AGTGCAACCGAGTT_Control_TA.Early,B3,TA.Early,Control
B3_AGTTATGACCCACT_Control_TA,B3,TA,Control
B3_AGTTCTACCGTGAT_Control_Enterocyte.Progenitor,B3,Enterocyte.Progenitor,Control
B3_AGTTCTTGCCTATT_Control_Tuft,B3,Tuft,Control
B3_AGTTCTTGGGAACG_Control_Enterocyte.Progenitor,B3,Enterocyte.Progenitor,Control
B3_AGTTGTCTAACCAC_Control_Stem,B3,Stem,Control
B3_AGTTTAGACTACCC_Control_Stem,B3,Stem,Control
B3_AGTTTAGACTGTCC_Control_Enterocyte.Progenitor,B3,Enterocyte.Progenitor,Control
B3_ATAAACACCTTATC_Control_TA.Early,B3,TA.Early,Control
B3_ATAAACACGTGCTA_Control_TA.Early,B3,TA.Early,Control
B3_ATAACAACTCTTTG_Control_Stem,B3,Stem,Control
B3_ATAATCGAACCATG_Control_TA.Early,B3,TA.Early,Control
B3_ATACACCTCATGGT_Control_TA.Early,B3,TA.Early,Control
B3_ATACCACTCTGGAT_Control_TA,B3,TA,Control
B3_ATACCACTGGTGAG_Control_Stem,B3,Stem,Control
B3_ATACCGGAGAACTC_Control_TA.Early,B3,TA.Early,Control
B3_ATACCTACCCAAGT_Control_Enterocyte.Progenitor,B3,Enterocyte.Progenitor,Control
B3_ATACCTTGACACGT_Control_Enterocyte.Progenitor,B3,Enterocyte.Progenitor,Control
B3_ATACCTTGCACTGA_Control_Enterocyte.Progenitor,B3,Enterocyte.Progenitor,Control
B3_ATAGAACTGCAGTT_Control_Enterocyte.Progenitor,B3,Enterocyte.Progenitor,Control
B3_ATAGATACTAGAGA_Control_Stem,B3,Stem,Control
B3_ATAGATACTTGACG_Control_Stem,B3,Stem,Control
B3_ATAGATTGGTATGC_Control_Stem,B3,Stem,Control
B3_ATAGATTGTTATCC_Control_TA,B3,TA,Control
B3_ATAGCGTGCTGTAG_Control_TA.Early,B3,TA.Early,Control
B3_ATAGCTCTATCTCT_Control_Stem,B3,Stem,Control
B3_ATAGCTCTTAACGC_Control_Enterocyte,B3,Enterocyte,Control
B3_ATAGTTGACTGTCC_Control_TA.Early,B3,TA.Early,Control
B3_ATATACGACCTATT_Control_Goblet,B3,Goblet,Control
B3_ATATACGAGTTTGG_Control_TA.Early,B3,TA.Early,Control
B3_ATATGAACTCGATG_Control_Enterocyte,B3,Enterocyte,Control
B3_ATATGCCTCTTAGG_Control_Goblet,B3,Goblet,Control
B3_ATATGCCTGTCATG_Control_Tuft,B3,Tuft,Control
B3_ATATGCCTTGAAGA_Control_TA.Early,B3,TA.Early,Control
B3_ATCAAATGGAGACG_Control_TA.Early,B3,TA.Early,Control
B3_ATCACACTGGGACA_Control_Enterocyte,B3,Enterocyte,Control
B3_ATCACTACTGGTTG_Control_Stem,B3,Stem,Control
B3_ATCATGCTCCTTCG_Control_Endocrine,B3,Endocrine,Control
B3_ATCCAGGAACCGAT_Control_TA.Early,B3,TA.Early,Control
B3_ATCCAGGAATAAGG_Control_Enterocyte,B3,Enterocyte,Control
B3_ATCCATACGGAACG_Control_TA.Early,B3,TA.Early,Control
B3_ATCCCGTGGGACGA_Control_TA.Early,B3,TA.Early,Control
B3_ATCGACGACTAGCA_Control_TA.Early,B3,TA.Early,Control
B3_ATCGACGAGTCTAG_Control_Enterocyte.Progenitor,B3,Enterocyte.Progenitor,Control
B3_ATCGCAGAGTTCGA_Control_Enterocyte.Progenitor,B3,Enterocyte.Progenitor,Control
B3_ATCGCCACTAAGCC_Control_Enterocyte,B3,Enterocyte,Control
B3_ATCGCCTGTAGAGA_Control_TA.Early,B3,TA.Early,Control
B3_ATCGCGCTATGGTC_Control_TA.Early,B3,TA.Early,Control
B3_ATCGCGCTGAGGTG_Control_Enterocyte.Progenitor,B3,Enterocyte.Progenitor,Control
B3_ATCGGAACCCCTAC_Control_Stem,B3,Stem,Control
B3_ATCGGAACCTATGG_Control_Enterocyte,B3,Enterocyte,Control
B3_ATCGGTGAACACAC_Control_Stem,B3,Stem,Control
B3_ATCGGTGAGGCGAA_Control_TA.Early,B3,TA.Early,Control
B3_ATCGGTGAGGTATC_Control_TA,B3,TA,Control
B3_ATCTGACTGGTAAA_Control_Stem,B3,Stem,Control
B3_ATCTGGGAACGGAG_Control_TA,B3,TA,Control
B3_ATCTGGGATACTTC_Control_Stem,B3,Stem,Control
B3_ATCTGGGATGGAAA_Control_TA,B3,TA,Control
B3_ATCTGTTGAGTGCT_Control_Stem,B3,Stem,Control
B3_ATCTGTTGCCCTCA_Control_Endocrine,B3,Endocrine,Control
B3_ATCTGTTGGTAAGA_Control_Tuft,B3,Tuft,Control
B3_ATCTGTTGTCTATC_Control_Enterocyte.Progenitor,B3,Enterocyte.Progenitor,Control
B3_ATCTTGACACCACA_Control_Stem,B3,Stem,Control
B3_ATCTTGACGAGATA_Control_Enterocyte.Progenitor,B3,Enterocyte.Progenitor,Control
B3_ATCTTTCTGTAGCT_Control_TA,B3,TA,Control
B3_ATCTTTCTTTCTCA_Control_TA.Early,B3,TA.Early,Control
B3_ATGAAACTACCTTT_Control_TA.Early,B3,TA.Early,Control
B3_ATGAGAGATGGTTG_Control_TA,B3,TA,Control
B3_ATGAGAGATGTTCT_Control_Enterocyte,B3,Enterocyte,Control
B3_ATGAGAGATTCTAC_Control_Tuft,B3,Tuft,Control
B3_ATGAGCACGGTGTT_Control_Enterocyte.Progenitor,B3,Enterocyte.Progenitor,Control
B3_ATGCACGAGTCACA_Control_Enterocyte.Progenitor,B3,Enterocyte.Progenitor,Control
B3_ATGCACGATCTCAT_Control_Stem,B3,Stem,Control
B3_ATGCAGACCCTTCG_Control_Enterocyte,B3,Enterocyte,Control
B3_ATGCAGTGTCACCC_Control_TA.Early,B3,TA.Early,Control
B3_ATGCTTTGATCACG_Control_TA.Early,B3,TA.Early,Control
B3_ATGCTTTGTCTCGC_Control_Stem,B3,Stem,Control
B3_ATGGACACGAGGGT_Control_TA.Early,B3,TA.Early,Control
B3_ATGGACACGTAAGA_Control_Tuft,B3,Tuft,Control
B3_ATGTAAACAGTTCG_Control_TA.Early,B3,TA.Early,Control
B3_ATGTAAACGGAAGC_Control_TA.Early,B3,TA.Early,Control
B3_ATGTACCTCACACA_Control_Enterocyte.Progenitor,B3,Enterocyte.Progenitor,Control
B3_ATGTACCTCATACG_Control_TA,B3,TA,Control
B3_ATGTCACTCACACA_Control_Enterocyte.Progenitor,B3,Enterocyte.Progenitor,Control
B3_ATGTCGGAAGTTCG_Control_TA.Early,B3,TA.Early,Control
B3_ATGTCGGATGCATG_Control_Goblet,B3,Goblet,Control
B3_ATGTTGCTCTCGAA_Control_TA.Early,B3,TA.Early,Control
B3_ATGTTGCTGACAAA_Control_Stem,B3,Stem,Control
B3_ATTAAGACTCTTTG_Control_Enterocyte.Progenitor,B3,Enterocyte.Progenitor,Control
B3_ATTACCTGTGACCA_Control_Enterocyte.Progenitor,B3,Enterocyte.Progenitor,Control
B3_ATTATGGACAGATC_Control_TA,B3,TA,Control
B3_ATTATGGATCTGGA_Control_Goblet,B3,Goblet,Control
B3_ATTCGGGAGAGATA_Control_TA.Early,B3,TA.Early,Control
B3_ATTCGGGAGTATCG_Control_Stem,B3,Stem,Control
B3_ATTCTGACTATGCG_Control_Tuft,B3,Tuft,Control
B3_ATTCTGACTCTGGA_Control_Stem,B3,Stem,Control
B3_ATTGAAACAACGAA_Control_TA.Early,B3,TA.Early,Control
B3_ATTGATGACTACGA_Control_Stem,B3,Stem,Control
B3_ATTGATGATAGAAG_Control_TA.Early,B3,TA.Early,Control
B3_ATTGCACTCTAGCA_Control_TA.Early,B3,TA.Early,Control
B3_ATTGCGGAGATACC_Control_TA.Early,B3,TA.Early,Control
B3_ATTGCTACTTCCGC_Control_TA.Early,B3,TA.Early,Control
B3_ATTGCTTGTCCTAT_Control_TA.Early,B3,TA.Early,Control
B3_ATTGGTCTTTGGCA_Control_Goblet,B3,Goblet,Control
B3_ATTGTAGATAGCGT_Control_TA.Early,B3,TA.Early,Control
B3_ATTGTAGATTAGGC_Control_Enterocyte,B3,Enterocyte,Control
B3_ATTGTCTGGCTAAC_Control_Enterocyte,B3,Enterocyte,Control
B3_ATTGTCTGGTCTTT_Control_Enterocyte.Progenitor,B3,Enterocyte.Progenitor,Control
B3_ATTTAGGAAGCGTT_Control_Enterocyte.Progenitor,B3,Enterocyte.Progenitor,Control
B3_ATTTAGGAGTATGC_Control_TA,B3,TA,Control
B3_ATTTCCGACTCCAC_Control_TA.Early,B3,TA.Early,Control
B3_ATTTCGTGCTTCTA_Control_TA,B3,TA,Control
B3_ATTTCGTGGTCTAG_Control_Stem,B3,Stem,Control
B3_ATTTCTCTGGTACT_Control_Enterocyte,B3,Enterocyte,Control
B3_ATTTGCACTGTCTT_Control_TA.Early,B3,TA.Early,Control
B3_CAAACTCTACACCA_Control_TA.Early,B3,TA.Early,Control
B3_CAAACTCTTGTCTT_Control_TA.Early,B3,TA.Early,Control
B3_CAAATATGAGGGTG_Control_TA.Early,B3,TA.Early,Control
B3_CAAATATGTCTACT_Control_Goblet,B3,Goblet,Control
B3_CAAATATGTGTCAG_Control_TA,B3,TA,Control
B3_CAACCAGAAGAGTA_Control_Enterocyte.Progenitor,B3,Enterocyte.Progenitor,Control
B3_CAACCAGAGTCTAG_Control_Goblet,B3,Goblet,Control
B3_CAACGAACCTCATT_Control_Stem,B3,Stem,Control
B3_CAACGAACGGTATC_Control_TA,B3,TA,Control
B3_CAACGATGACCTTT_Control_TA.Early,B3,TA.Early,Control
B3_CAACGATGGTTTCT_Control_TA.Early,B3,TA.Early,Control
B3_CAACTTTGGACAGG_Control_Enterocyte.Progenitor,B3,Enterocyte.Progenitor,Control
B3_CAACTTTGTGTTTC_Control_TA.Early,B3,TA.Early,Control
B3_CAAGAAGATCCTTA_Control_TA.Early,B3,TA.Early,Control
B3_CAAGACACGACGGA_Control_Stem,B3,Stem,Control
B3_CAAGCATGCAGTTG_Control_Stem,B3,Stem,Control
B3_CAAGCATGGTACCA_Control_TA,B3,TA,Control
B3_CAAGCATGTCGTAG_Control_Stem,B3,Stem,Control
B3_CAAGCCCTTTACCT_Control_TA.Early,B3,TA.Early,Control
B3_CAAGCTGACAAAGA_Control_Enterocyte,B3,Enterocyte,Control
B3_CAAGGACTGAGGGT_Control_Goblet,B3,Goblet,Control
B3_CAAGGTTGTGCACA_Control_TA,B3,TA,Control
B3_CAAGTCGACTTGTT_Control_Stem,B3,Stem,Control
B3_CAAGTCGATTCCGC_Control_Endocrine,B3,Endocrine,Control
B3_CAATAAACTTGGCA_Control_TA,B3,TA,Control
B3_CAATATGAACACCA_Control_TA.Early,B3,TA.Early,Control
B3_CAATCGGATCTACT_Control_TA.Early,B3,TA.Early,Control
B3_CACAACGACCTTCG_Control_TA.Early,B3,TA.Early,Control
B3_CACACCTGACCTCC_Control_TA.Early,B3,TA.Early,Control
B3_CACAGAACGCGGAA_Control_Endocrine,B3,Endocrine,Control
B3_CACAGAACGTTACG_Control_Enterocyte.Progenitor,B3,Enterocyte.Progenitor,Control
B3_CACAGATGAACCTG_Control_Endocrine,B3,Endocrine,Control
B3_CACAGATGAGGTTC_Control_Goblet,B3,Goblet,Control
B3_CACCACTGGTCTGA_Control_Endocrine,B3,Endocrine,Control
B3_CACGAAACAAGTGA_Control_Enterocyte,B3,Enterocyte,Control
B3_CACGACCTACTCAG_Control_TA.Early,B3,TA.Early,Control
B3_CACGGGACTCAGTG_Control_TA.Early,B3,TA.Early,Control
B3_CACGGGTGAAGGCG_Control_Stem,B3,Stem,Control
B3_CACTAACTCGTAGT_Control_Stem,B3,Stem,Control
B3_CACTAGGAAGCGGA_Control_TA,B3,TA,Control
B3_CACTATACAACCGT_Control_Stem,B3,Stem,Control
B3_CACTCCGACACTCC_Control_TA.Early,B3,TA.Early,Control
B3_CACTGAGATCTCTA_Control_Stem,B3,Stem,Control
B3_CACTTTGAGGCAAG_Control_Enterocyte.Progenitor,B3,Enterocyte.Progenitor,Control
B3_CAGAAGCTAGCCTA_Control_TA,B3,TA,Control
B3_CAGACAACGACACT_Control_Enterocyte.Progenitor,B3,Enterocyte.Progenitor,Control
B3_CAGACATGACACTG_Control_Enterocyte,B3,Enterocyte,Control
B3_CAGACCCTAGATCC_Control_Stem,B3,Stem,Control
B3_CAGACCCTAGGAGC_Control_TA.Early,B3,TA.Early,Control
B3_CAGATCGATGTGGT_Control_Stem,B3,Stem,Control
B3_CAGCACCTACGACT_Control_Goblet,B3,Goblet,Control
B3_CAGCCTTGACACAC_Control_TA,B3,TA,Control
B3_CAGCGGACCCTGAA_Control_TA.Early,B3,TA.Early,Control
B3_CAGCTCACCACCAA_Control_Stem,B3,Stem,Control
B3_CAGCTCACGATAAG_Control_TA,B3,TA,Control
B3_CAGCTCTGAAGAGT_Control_Enterocyte.Progenitor,B3,Enterocyte.Progenitor,Control
B3_CAGGAACTGAGCAG_Control_TA.Early,B3,TA.Early,Control
B3_CAGGGCACTTTACC_Control_Stem,B3,Stem,Control
B3_CAGGTATGTGGTCA_Control_Stem,B3,Stem,Control
B3_CAGGTTGAAAAGCA_Control_Goblet,B3,Goblet,Control
B3_CAGTCAGAGAAAGT_Control_TA.Early,B3,TA.Early,Control
B3_CAGTCAGATACGAC_Control_TA.Early,B3,TA.Early,Control
B3_CAGTGATGTCATTC_Control_Goblet,B3,Goblet,Control
B3_CAGTTACTAGTACC_Control_Enterocyte,B3,Enterocyte,Control
B3_CAGTTTACATCGAC_Control_TA,B3,TA,Control
B3_CAGTTTACTAGAGA_Control_Endocrine,B3,Endocrine,Control
B3_CATAAAACTCCCAC_Control_Stem,B3,Stem,Control
B3_CATAACCTGTCGTA_Control_Stem,B3,Stem,Control
B3_CATACTTGCATTTC_Control_Goblet,B3,Goblet,Control
B3_CATACTTGTCTACT_Control_TA.Early,B3,TA.Early,Control
B3_CATAGTCTCTTGGA_Control_Enterocyte.Progenitor,B3,Enterocyte.Progenitor,Control
B3_CATCCCGAGCAGAG_Control_TA,B3,TA,Control
B3_CATCGCTGTGTCCC_Control_TA.Early,B3,TA.Early,Control
B3_CATCGGCTCATGCA_Control_TA.Early,B3,TA.Early,Control
B3_CATCTTGAAGCGGA_Control_TA.Early,B3,TA.Early,Control
B3_CATGCCACCTTCCG_Control_Enterocyte,B3,Enterocyte,Control
B3_CATGCGCTCTTCGC_Control_Endocrine,B3,Endocrine,Control
B3_CATGTTTGACAGTC_Control_Stem,B3,Stem,Control
B3_CATGTTTGTTGCAG_Control_Stem,B3,Stem,Control
B3_CATTAGCTCTGAGT_Control_Stem,B3,Stem,Control
B3_CATTAGCTTCTCTA_Control_Enterocyte.Progenitor,B3,Enterocyte.Progenitor,Control
B3_CATTCCCTTAGACC_Control_Stem,B3,Stem,Control
B3_CATTGACTGCAAGG_Control_Enterocyte,B3,Enterocyte,Control
B3_CATTGGGAACGACT_Control_Enterocyte,B3,Enterocyte,Control
B3_CATTGTACACTAGC_Control_TA.Early,B3,TA.Early,Control
B3_CATTGTTGCAAGCT_Control_TA,B3,TA,Control
B3_CATTTCGAAGCAAA_Control_Stem,B3,Stem,Control
B3_CCAAAGTGGATAAG_Control_TA.Early,B3,TA.Early,Control
B3_CCAAGAACACTCTT_Control_Goblet,B3,Goblet,Control
B3_CCAAGAACAGTGTC_Control_Enterocyte.Progenitor,B3,Enterocyte.Progenitor,Control
B3_CCAAGAACGGGATG_Control_TA.Early,B3,TA.Early,Control
B3_CCAAGATGCTGATG_Control_TA.Early,B3,TA.Early,Control
B3_CCAAGTGACTAAGC_Control_TA,B3,TA,Control
B3_CCACCTGATCGCCT_Control_Goblet,B3,Goblet,Control
B3_CCACTGACTGCTTT_Control_Enterocyte.Progenitor,B3,Enterocyte.Progenitor,Control
B3_CCACTGTGTGGAAA_Control_TA.Early,B3,TA.Early,Control
B3_CCACTGTGTGGGAG_Control_TA.Early,B3,TA.Early,Control
B3_CCACTTCTCGAGTT_Control_Tuft,B3,Tuft,Control
B3_CCAGAAACTTCCAT_Control_TA.Early,B3,TA.Early,Control
B3_CCAGATGACCTACC_Control_Goblet,B3,Goblet,Control
B3_CCAGCACTGGAGCA_Control_Goblet,B3,Goblet,Control
B3_CCAGCGGATGCATG_Control_TA,B3,TA,Control
B3_CCAGCGGATTGTGG_Control_Enterocyte.Progenitor,B3,Enterocyte.Progenitor,Control
B3_CCAGCTACCCCACT_Control_Endocrine,B3,Endocrine,Control
B3_CCAGTGCTCCTCCA_Control_TA.Early,B3,TA.Early,Control
B3_CCATATACAGATCC_Control_Goblet,B3,Goblet,Control
B3_CCATCGTGTCGCAA_Control_TA.Early,B3,TA.Early,Control
B3_CCATGCTGATGTGC_Control_TA.Early,B3,TA.Early,Control
B3_CCCAAAGACATTTC_Control_TA,B3,TA,Control
B3_CCCAACACTGTTTC_Control_Enterocyte.Progenitor,B3,Enterocyte.Progenitor,Control
B3_CCCACATGTGGATC_Control_Enterocyte.Progenitor,B3,Enterocyte.Progenitor,Control
B3_CCCAGTTGTGTGAC_Control_Goblet,B3,Goblet,Control
B3_CCCATCGACCGTTC_Control_TA.Early,B3,TA.Early,Control
B3_CCCATGTGATGCTG_Control_Stem,B3,Stem,Control
B3_CCCATGTGTCTCGC_Control_Goblet,B3,Goblet,Control
B3_CCCATGTGTTCTTG_Control_Stem,B3,Stem,Control
B3_CCCGAACTCAATCG_Control_Enterocyte.Progenitor,B3,Enterocyte.Progenitor,Control
B3_CCCGAACTGGTGAG_Control_Enterocyte.Progenitor,B3,Enterocyte.Progenitor,Control
B3_CCGAAAACTGCTCC_Control_Stem,B3,Stem,Control
B3_CCGACACTAGTGTC_Control_Enterocyte.Progenitor,B3,Enterocyte.Progenitor,Control
B3_CCGACTACCTATGG_Control_TA.Early,B3,TA.Early,Control
B3_CCGATAGAACTTTC_Control_Enterocyte.Progenitor,B3,Enterocyte.Progenitor,Control
B3_CCGATAGACTCTTA_Control_Stem,B3,Stem,Control
B3_CCGGAGACCCCTCA_Control_TA,B3,TA,Control
B3_CCGGTACTCCCTAC_Control_Enterocyte.Progenitor,B3,Enterocyte.Progenitor,Control
B3_CCGGTACTTCGTGA_Control_TA,B3,TA,Control
B3_CCGTAAGACATGGT_Control_Goblet,B3,Goblet,Control
B3_CCGTACACAGTGCT_Control_Enterocyte.Progenitor,B3,Enterocyte.Progenitor,Control
B3_CCTAAACTGCCAAT_Control_Enterocyte.Progenitor,B3,Enterocyte.Progenitor,Control
B3_CCTAAGGACAGTTG_Control_TA.Early,B3,TA.Early,Control
B3_CCTAAGGACATTGG_Control_Stem,B3,Stem,Control
B3_CCTAAGGACGTTAG_Control_Stem,B3,Stem,Control
B3_CCTATAACTTACTC_Control_Enterocyte.Progenitor,B3,Enterocyte.Progenitor,Control
B3_CCTATTGATAGAAG_Control_Stem,B3,Stem,Control
B3_CCTCGAACCAGAGG_Control_Stem,B3,Stem,Control
B3_CCTCGAACGTCTGA_Control_Enterocyte.Progenitor,B3,Enterocyte.Progenitor,Control
B3_CCTCTACTAAAACG_Control_Stem,B3,Stem,Control
B3_CCTGACTGTGCTTT_Control_Stem,B3,Stem,Control
B3_CCTGAGCTATCGAC_Control_TA.Early,B3,TA.Early,Control
B3_CCTGGACTTCCCGT_Control_TA,B3,TA,Control
B3_CCTTCACTGAGGTG_Control_Enterocyte.Progenitor,B3,Enterocyte.Progenitor,Control
B3_CGAACATGAACAGA_Control_Goblet,B3,Goblet,Control
B3_CGAACATGAGACTC_Control_Enterocyte,B3,Enterocyte,Control
B3_CGAATCGATATGCG_Control_Stem,B3,Stem,Control
B3_CGAATCGATTAGGC_Control_TA.Early,B3,TA.Early,Control
B3_CGACAAACCTCAGA_Control_Enterocyte.Progenitor,B3,Enterocyte.Progenitor,Control
B3_CGACCACTAACGGG_Control_Enterocyte.Progenitor,B3,Enterocyte.Progenitor,Control
B3_CGACCGGACGTAGT_Control_Goblet,B3,Goblet,Control
B3_CGACCTACAGCCTA_Control_TA,B3,TA,Control
B3_CGACCTACTTCTTG_Control_Stem,B3,Stem,Control
B3_CGACTGCTTCTACT_Control_TA,B3,TA,Control
B3_CGAGCCGACTGCAA_Control_TA.Early,B3,TA.Early,Control
B3_CGAGCCGAGTACGT_Control_Enterocyte.Progenitor,B3,Enterocyte.Progenitor,Control
B3_CGAGCGTGAGCACT_Control_Stem,B3,Stem,Control
B3_CGAGCGTGAGCCAT_Control_TA.Early,B3,TA.Early,Control
B3_CGAGCGTGTAAGCC_Control_TA.Early,B3,TA.Early,Control
B3_CGAGGGCTTGGTTG_Control_Stem,B3,Stem,Control
B3_CGAGTATGAACCAC_Control_TA,B3,TA,Control
B3_CGAGTATGTACGAC_Control_TA.Early,B3,TA.Early,Control
B3_CGATACGAATTGGC_Control_Enterocyte.Progenitor,B3,Enterocyte.Progenitor,Control
B3_CGATAGACGATAGA_Control_TA.Early,B3,TA.Early,Control
B3_CGATCAGAGACGTT_Control_TA.Early,B3,TA.Early,Control
B3_CGCAAATGGGACAG_Control_Stem,B3,Stem,Control
B3_CGCAAATGTCAAGC_Control_TA.Early,B3,TA.Early,Control
B3_CGCACGGAAGCCTA_Control_TA.Early,B3,TA.Early,Control
B3_CGCACGGATCTCAT_Control_TA.Early,B3,TA.Early,Control
B3_CGCACTTGGAATCC_Control_Enterocyte.Progenitor,B3,Enterocyte.Progenitor,Control
B3_CGCCATACAACCAC_Control_TA,B3,TA,Control
B3_CGCCATTGACCAAC_Control_Stem,B3,Stem,Control
B3_CGCCGAGAATGGTC_Control_TA.Early,B3,TA.Early,Control
B3_CGCCGAGAGCTACA_Control_Stem,B3,Stem,Control
B3_CGCCGAGAGTTACG_Control_TA,B3,TA,Control
B3_CGCGGATGACCATG_Control_Enterocyte.Progenitor,B3,Enterocyte.Progenitor,Control
B3_CGCGGATGCAGTCA_Control_Stem,B3,Stem,Control
B3_CGCGGATGCCCACT_Control_Endocrine,B3,Endocrine,Control
B3_CGCGGATGTGAGAA_Control_Stem,B3,Stem,Control
B3_CGCTACACTCTCCG_Control_Enterocyte,B3,Enterocyte,Control
B3_CGCTACTGGACGTT_Control_TA.Early,B3,TA.Early,Control
B3_CGCTCATGTACTTC_Control_Enterocyte.Progenitor,B3,Enterocyte.Progenitor,Control
B3_CGCTCATGTTCTAC_Control_Goblet,B3,Goblet,Control
B3_CGGAATTGACTACG_Control_Goblet,B3,Goblet,Control
B3_CGGAATTGGCTGTA_Control_Enterocyte,B3,Enterocyte,Control
B3_CGGAGGCTTCGCTC_Control_Enterocyte,B3,Enterocyte,Control
B3_CGGCATCTGTTGGT_Control_Goblet,B3,Goblet,Control
B3_CGGCCAGAACACAC_Control_TA,B3,TA,Control
B3_CGGCCAGACCTCGT_Control_Enterocyte.Progenitor,B3,Enterocyte.Progenitor,Control
B3_CGGCCAGACTACCC_Control_TA.Early,B3,TA.Early,Control
B3_CGGCCAGATCGTTT_Control_Tuft,B3,Tuft,Control
B3_CGGCGAACCTAAGC_Control_Enterocyte,B3,Enterocyte,Control
B3_CGGCGATGCGATAC_Control_TA,B3,TA,Control
B3_CGGCGATGGTGCAT_Control_Enterocyte.Progenitor,B3,Enterocyte.Progenitor,Control
B3_CGGCGATGTGAGAA_Control_Enterocyte,B3,Enterocyte,Control
B3_CGGGACTGCACTGA_Control_TA.Early,B3,TA.Early,Control
B3_CGGTACCTTGCCCT_Control_Goblet,B3,Goblet,Control
B3_CGTAACGATGTGAC_Control_Enterocyte.Progenitor,B3,Enterocyte.Progenitor,Control
B3_CGTACCACTGAGAA_Control_TA.Early,B3,TA.Early,Control
B3_CGTACCACTTTCTG_Control_TA,B3,TA,Control
B3_CGTACCTGCTGCTC_Control_TA.Early,B3,TA.Early,Control
B3_CGTACCTGTCATTC_Control_TA,B3,TA,Control
B3_CGTAGCCTTTCTTG_Control_Stem,B3,Stem,Control
B3_CGTCCAACCGATAC_Control_TA.Early,B3,TA.Early,Control
B3_CGTCCAACCTCGCT_Control_TA.Early,B3,TA.Early,Control
B3_CGTCCATGTCCCAC_Control_TA,B3,TA,Control
B3_CGTCGACTCTCGCT_Control_Stem,B3,Stem,Control
B3_CGTCGACTGGGCAA_Control_Enterocyte.Progenitor,B3,Enterocyte.Progenitor,Control
B3_CGTGATGATTCCCG_Control_TA.Early,B3,TA.Early,Control
B3_CGTGCACTTCCGAA_Control_Goblet,B3,Goblet,Control
B3_CGTGTAGAAACGGG_Control_Goblet,B3,Goblet,Control
B3_CGTGTAGATCGCAA_Control_TA.Early,B3,TA.Early,Control
B3_CGTTAGGAGACGTT_Control_Stem,B3,Stem,Control
B3_CGTTAGGAGGTGTT_Control_Enterocyte.Progenitor,B3,Enterocyte.Progenitor,Control
B3_CGTTATACAAAAGC_Control_Enterocyte.Progenitor,B3,Enterocyte.Progenitor,Control
B3_CGTTATACAACCGT_Control_TA.Early,B3,TA.Early,Control
B3_CTAAACCTACCCAA_Control_Enterocyte.Progenitor,B3,Enterocyte.Progenitor,Control
B3_CTAAACCTGACAGG_Control_TA,B3,TA,Control
B3_CTAACACTTGCTTT_Control_TA,B3,TA,Control
B3_CTAACGGATCGTAG_Control_Stem,B3,Stem,Control
B3_CTAACGGATCTTTG_Control_Stem,B3,Stem,Control
B3_CTAACGGATTGACG_Control_Stem,B3,Stem,Control
B3_CTAAGGACGCATCA_Control_Enterocyte.Progenitor,B3,Enterocyte.Progenitor,Control
B3_CTAAGGACGGTCTA_Control_TA.Early,B3,TA.Early,Control
B3_CTAAGGACTCCAGA_Control_Stem,B3,Stem,Control
B3_CTAATAGAATGCCA_Control_Stem,B3,Stem,Control
B3_CTAATAGACTGTAG_Control_Enterocyte,B3,Enterocyte,Control
B3_CTAATGCTGCAAGG_Control_Goblet,B3,Goblet,Control
B3_CTAATGCTGGAAAT_Control_Enterocyte,B3,Enterocyte,Control
B3_CTACAACTGGTAGG_Control_Enterocyte.Progenitor,B3,Enterocyte.Progenitor,Control
B3_CTACCTCTGCCTTC_Control_Goblet,B3,Goblet,Control
B3_CTACTCCTATGACC_Control_TA,B3,TA,Control
B3_CTAGAGACACCTTT_Control_TA.Early,B3,TA.Early,Control
B3_CTAGATCTGCGAAG_Control_Stem,B3,Stem,Control
B3_CTAGGATGCACTAG_Control_TA.Early,B3,TA.Early,Control
B3_CTAGGTGAACTCTT_Control_TA,B3,TA,Control
B3_CTAGGTGATGTGAC_Control_TA.Early,B3,TA.Early,Control
B3_CTAGTTACCTACGA_Control_Enterocyte.Progenitor,B3,Enterocyte.Progenitor,Control
B3_CTAGTTTGGAGCAG_Control_Stem,B3,Stem,Control
B3_CTAGTTTGTAGAGA_Control_Stem,B3,Stem,Control
B3_CTATACTGCCATGA_Control_Enterocyte.Progenitor,B3,Enterocyte.Progenitor,Control
B3_CTATACTGCCTACC_Control_TA.Early,B3,TA.Early,Control
B3_CTATAGCTAAGATG_Control_TA.Early,B3,TA.Early,Control
B3_CTATAGCTATGTGC_Control_Enterocyte.Progenitor,B3,Enterocyte.Progenitor,Control
B3_CTATAGCTCGGTAT_Control_Stem,B3,Stem,Control
B3_CTATCCCTGTAAGA_Control_Goblet,B3,Goblet,Control
B3_CTATGACTCGTGTA_Control_Stem,B3,Stem,Control
B3_CTATGTTGTAAAGG_Control_TA.Early,B3,TA.Early,Control
B3_CTATTGACAGCAAA_Control_Enterocyte.Progenitor,B3,Enterocyte.Progenitor,Control
B3_CTATTGACGGTGTT_Control_TA.Early,B3,TA.Early,Control
B3_CTATTGTGCAACTG_Control_Enterocyte,B3,Enterocyte,Control
B3_CTATTGTGTGCACA_Control_TA.Early,B3,TA.Early,Control
B3_CTCAGAGATAGCGT_Control_Enterocyte.Progenitor,B3,Enterocyte.Progenitor,Control
B3_CTCAGCTGCAACTG_Control_Enterocyte.Progenitor,B3,Enterocyte.Progenitor,Control
B3_CTCATTGAATTTCC_Control_Enterocyte.Progenitor,B3,Enterocyte.Progenitor,Control
B3_CTCCATCTCAAAGA_Control_TA.Early,B3,TA.Early,Control
B3_CTCCGAACCAGAGG_Control_Goblet,B3,Goblet,Control
B3_CTCCGAACTGGTGT_Control_TA,B3,TA,Control
B3_CTCCTACTAAGGCG_Control_TA.Early,B3,TA.Early,Control
B3_CTCGACACTGAGAA_Control_Goblet,B3,Goblet,Control
B3_CTCGACTGTCATTC_Control_TA.Early,B3,TA.Early,Control
B3_CTCGAGCTGTTGTG_Control_TA.Early,B3,TA.Early,Control
B3_CTCGCATGCCCTCA_Control_TA.Early,B3,TA.Early,Control
B3_CTCGCATGTAGCGT_Control_Endocrine,B3,Endocrine,Control
B3_CTCTAAACGGAGTG_Control_Tuft,B3,Tuft,Control
B3_CTCTAAACTAGTCG_Control_TA,B3,TA,Control
B3_CTGAACGACTGAGT_Control_TA.Early,B3,TA.Early,Control
B3_CTGAAGACTACGAC_Control_Enterocyte.Progenitor,B3,Enterocyte.Progenitor,Control
B3_CTGAAGACTAGAGA_Control_TA.Early,B3,TA.Early,Control
B3_CTGAAGTGAGGGTG_Control_TA,B3,TA,Control
B3_CTGAAGTGGCCTTC_Control_TA.Early,B3,TA.Early,Control
B3_CTGAATCTTCGTTT_Control_TA,B3,TA,Control
B3_CTGAGCCTGGTTCA_Control_Enterocyte.Progenitor,B3,Enterocyte.Progenitor,Control
B3_CTGATGGACCCTAC_Control_TA.Early,B3,TA.Early,Control
B3_CTGATGGACTCAAG_Control_Stem,B3,Stem,Control
B3_CTGATTTGATTCCT_Control_Tuft,B3,Tuft,Control
B3_CTGATTTGCTCTTA_Control_Goblet,B3,Goblet,Control
B3_CTGCAGCTGGTACT_Control_Enterocyte.Progenitor,B3,Enterocyte.Progenitor,Control
B3_CTGCGACTTAACGC_Control_Endocrine,B3,Endocrine,Control
B3_CTGGAAACACCCAA_Control_Enterocyte.Progenitor,B3,Enterocyte.Progenitor,Control
B3_CTGGAAACTGTGGT_Control_TA.Early,B3,TA.Early,Control
B3_CTGGATGAGGCGAA_Control_Enterocyte,B3,Enterocyte,Control
B3_CTGGCACTGATGAA_Control_TA.Early,B3,TA.Early,Control
B3_CTGGCACTTTGGTG_Control_Enterocyte.Progenitor,B3,Enterocyte.Progenitor,Control
B3_CTGTAACTACTACG_Control_Enterocyte,B3,Enterocyte,Control
B3_CTGTAACTTCGTGA_Control_TA.Early,B3,TA.Early,Control
B3_CTGTAACTTTGAGC_Control_Stem,B3,Stem,Control
B3_CTGTGAGAGACAAA_Control_Stem,B3,Stem,Control
B3_CTGTGAGATTATCC_Control_Enterocyte.Progenitor,B3,Enterocyte.Progenitor,Control
B3_CTTAAAGAAAAGTG_Control_Enterocyte,B3,Enterocyte,Control
B3_CTTAACACTACGCA_Control_Goblet,B3,Goblet,Control
B3_CTTAAGCTCCGATA_Control_Goblet,B3,Goblet,Control
B3_CTTAAGCTCGGAGA_Control_Stem,B3,Stem,Control
B3_CTTAAGCTGCGGAA_Control_Enterocyte,B3,Enterocyte,Control
B3_CTTACTGAATTGGC_Control_Goblet,B3,Goblet,Control
B3_CTTAGACTCCGTTC_Control_Enterocyte,B3,Enterocyte,Control
B3_CTTAGGGAGAGAGC_Control_Goblet,B3,Goblet,Control
B3_CTTCATGAAAACGA_Control_Enterocyte,B3,Enterocyte,Control
B3_CTTCTAGAGTGAGG_Control_TA.Early,B3,TA.Early,Control
B3_CTTGAACTGCTGAT_Control_Stem,B3,Stem,Control
B3_CTTGAGGAATGCCA_Control_TA,B3,TA,Control
B3_CTTGAGGAGGTGTT_Control_Goblet,B3,Goblet,Control
B3_CTTTACGAACTCAG_Control_Enterocyte.Progenitor,B3,Enterocyte.Progenitor,Control
B3_CTTTAGACCCTTGC_Control_Goblet,B3,Goblet,Control
B3_CTTTAGTGAGTGTC_Control_TA.Early,B3,TA.Early,Control
B3_CTTTAGTGGAACCT_Control_Goblet,B3,Goblet,Control
B3_CTTTAGTGTGTGGT_Control_TA.Early,B3,TA.Early,Control
B3_CTTTGATGCTCCCA_Control_Enterocyte.Progenitor,B3,Enterocyte.Progenitor,Control
B3_GAAACCTGTTCACT_Control_Enterocyte,B3,Enterocyte,Control
B3_GAAATACTACTGTG_Control_TA.Early,B3,TA.Early,Control
B3_GAAATACTCGTAAC_Control_TA,B3,TA,Control
B3_GAACACACGATAGA_Control_Stem,B3,Stem,Control
B3_GAACCAACTAACCG_Control_TA.Early,B3,TA.Early,Control
B3_GAACCTGAGCTTCC_Control_TA.Early,B3,TA.Early,Control
B3_GAACCTGATTGACG_Control_Endocrine,B3,Endocrine,Control
B3_GAACGGGATTGTGG_Control_Stem,B3,Stem,Control
B3_GAACGTTGAGTAGA_Control_Enterocyte.Progenitor,B3,Enterocyte.Progenitor,Control
B3_GAAGAATGAGGGTG_Control_TA,B3,TA,Control
B3_GAAGATGACTATTC_Control_TA,B3,TA,Control
B3_GAAGCGGACTTCGC_Control_Stem,B3,Stem,Control
B3_GAAGCGGAGCGAGA_Control_TA,B3,TA,Control
B3_GAAGCTACATGCTG_Control_Tuft,B3,Tuft,Control
B3_GAAGCTTGCTAGCA_Control_Tuft,B3,Tuft,Control
B3_GAAGCTTGGGTGTT_Control_Enterocyte.Progenitor,B3,Enterocyte.Progenitor,Control
B3_GAAGGGTGCGTAGT_Control_TA,B3,TA,Control
B3_GAAGTCACCTTCCG_Control_Enterocyte.Progenitor,B3,Enterocyte.Progenitor,Control
B3_GAAGTCACTCCCGT_Control_Enterocyte.Progenitor,B3,Enterocyte.Progenitor,Control
B3_GAAGTCTGGTAAGA_Control_Tuft,B3,Tuft,Control
B3_GAAGTGCTCGCCTT_Control_TA.Early,B3,TA.Early,Control
B3_GAAGTGCTTGTAGC_Control_Enterocyte.Progenitor,B3,Enterocyte.Progenitor,Control
B3_GAATGCTGGGGAGT_Control_Enterocyte,B3,Enterocyte,Control
B3_GAATGCTGTTATCC_Control_TA,B3,TA,Control
B3_GAATGGCTGGACTT_Control_Stem,B3,Stem,Control
B3_GAATGGCTTCATTC_Control_TA.Early,B3,TA.Early,Control
B3_GAATTAACACCGAT_Control_Goblet,B3,Goblet,Control
B3_GACAACACCAACTG_Control_Enterocyte.Progenitor,B3,Enterocyte.Progenitor,Control
B3_GACAACTGAGGCGA_Control_Enterocyte.Progenitor,B3,Enterocyte.Progenitor,Control
B3_GACAACTGTAGAAG_Control_TA,B3,TA,Control
B3_GACAGTACAGCGTT_Control_Endocrine,B3,Endocrine,Control
B3_GACAGTACCACTAG_Control_Goblet,B3,Goblet,Control
B3_GACAGTACTACTCT_Control_TA.Early,B3,TA.Early,Control
B3_GACCTAGACGACTA_Control_TA.Early,B3,TA.Early,Control
B3_GACCTCACTCGCCT_Control_Tuft,B3,Tuft,Control
B3_GACCTCTGCAGCTA_Control_Endocrine,B3,Endocrine,Control
B3_GACGAACTTTTCTG_Control_TA.Early,B3,TA.Early,Control
B3_GACGAGGAGAATCC_Control_TA.Early,B3,TA.Early,Control
B3_GACGATTGTTGGTG_Control_Endocrine,B3,Endocrine,Control
B3_GACGGCACACCATG_Control_TA.Early,B3,TA.Early,Control
B3_GACGGCACTGTCTT_Control_Enterocyte.Progenitor,B3,Enterocyte.Progenitor,Control
B3_GACGTAACTTGCTT_Control_Enterocyte.Progenitor,B3,Enterocyte.Progenitor,Control
B3_GACGTATGTTCTCA_Control_TA,B3,TA,Control
B3_GACGTCCTCCGATA_Control_Tuft,B3,Tuft,Control
B3_GACTCCTGTTCCCG_Control_TA,B3,TA,Control
B3_GACTGAACAGCGGA_Control_TA.Early,B3,TA.Early,Control
B3_GACTGAACTGCATG_Control_Tuft,B3,Tuft,Control
B3_GACTGATGTATGGC_Control_Stem,B3,Stem,Control
B3_GACTGTGATGCCTC_Control_Enterocyte.Progenitor,B3,Enterocyte.Progenitor,Control
B3_GAGAGGTGGTAGCT_Control_Enterocyte,B3,Enterocyte,Control
B3_GAGCAACTGCCCTT_Control_TA.Early,B3,TA.Early,Control
B3_GAGCAGGAGAATCC_Control_Goblet,B3,Goblet,Control
B3_GAGCAGGAGGAAAT_Control_TA.Early,B3,TA.Early,Control
B3_GAGCATACTACAGC_Control_TA,B3,TA,Control
B3_GAGCGCACGCGAAG_Control_Goblet,B3,Goblet,Control
B3_GAGCGCTGAAGAGT_Control_Stem,B3,Stem,Control
B3_GAGCGCTGCAAGCT_Control_TA,B3,TA,Control
B3_GAGCTCCTGGAGTG_Control_Enterocyte.Progenitor,B3,Enterocyte.Progenitor,Control
B3_GAGGGTGAATTTCC_Control_TA.Early,B3,TA.Early,Control
B3_GAGGTACTATCTCT_Control_Goblet,B3,Goblet,Control
B3_GAGGTGGATGCTGA_Control_Endocrine,B3,Endocrine,Control
B3_GAGGTTTGACAGCT_Control_TA.Early,B3,TA.Early,Control
B3_GAGTAAGAAAACAG_Control_Stem,B3,Stem,Control
B3_GAGTAAGATGAGGG_Control_TA.Early,B3,TA.Early,Control
B3_GAGTACTGACCAAC_Control_Endocrine,B3,Endocrine,Control
B3_GAGTACTGTTGCAG_Control_Stem,B3,Stem,Control
B3_GAGTCAACTTACCT_Control_TA.Early,B3,TA.Early,Control
B3_GAGTCTGATACTCT_Control_TA.Early,B3,TA.Early,Control
B3_GAGTGACTAAAGCA_Control_Goblet,B3,Goblet,Control
B3_GAGTTGTGAAGAGT_Control_Enterocyte.Progenitor,B3,Enterocyte.Progenitor,Control
B3_GAGTTGTGCCTACC_Control_Goblet,B3,Goblet,Control
B3_GAGTTGTGCCTTTA_Control_Enterocyte,B3,Enterocyte,Control
B3_GATACTCTGGTGAG_Control_TA.Early,B3,TA.Early,Control
B3_GATACTCTTTCTGT_Control_Goblet,B3,Goblet,Control
B3_GATAGAGACGTGAT_Control_TA.Early,B3,TA.Early,Control
B3_GATAGAGATAGCCA_Control_TA,B3,TA,Control
B3_GATAGCACGGTAAA_Control_TA.Early,B3,TA.Early,Control
B3_GATATAACACGACT_Control_TA,B3,TA,Control
B3_GATATAACGTTTCT_Control_Enterocyte,B3,Enterocyte,Control
B3_GATATATGCGTACA_Control_TA.Early,B3,TA.Early,Control
B3_GATATCCTGTTGCA_Control_Enterocyte.Progenitor,B3,Enterocyte.Progenitor,Control
B3_GATCCGCTCTCTAT_Control_TA,B3,TA,Control
B3_GATCCGCTTTCACT_Control_Enterocyte.Progenitor,B3,Enterocyte.Progenitor,Control
B3_GATCTACTCCTGTC_Control_TA.Early,B3,TA.Early,Control
B3_GATCTACTCTTCGC_Control_Stem,B3,Stem,Control
B3_GATCTACTGTTAGC_Control_TA.Early,B3,TA.Early,Control
B3_GATCTTACAAGGGC_Control_Stem,B3,Stem,Control
B3_GATCTTTGGCTTCC_Control_Goblet,B3,Goblet,Control
B3_GATGACACGACACT_Control_TA,B3,TA,Control
B3_GATGACACTTGGTG_Control_TA.Early,B3,TA.Early,Control
B3_GATGCAACAGTCAC_Control_TA,B3,TA,Control
B3_GATGCATGCGAACT_Control_Tuft,B3,Tuft,Control
B3_GATGCATGTGTCTT_Control_Stem,B3,Stem,Control
B3_GATTCTACACGGAG_Control_Enterocyte.Progenitor,B3,Enterocyte.Progenitor,Control
B3_GATTCTACATGACC_Control_TA,B3,TA,Control
B3_GATTCTACTACGCA_Control_Enterocyte.Progenitor,B3,Enterocyte.Progenitor,Control
B3_GATTCTTGTGGTTG_Control_Stem,B3,Stem,Control
B3_GATTCTTGTTGAGC_Control_Enterocyte,B3,Enterocyte,Control
B3_GATTGGTGTAGACC_Control_TA.Early,B3,TA.Early,Control
B3_GATTGGTGTGTCTT_Control_Enterocyte,B3,Enterocyte,Control
B3_GATTTAGAACGCTA_Control_Stem,B3,Stem,Control
B3_GCAACTGACGTAGT_Control_Enterocyte,B3,Enterocyte,Control
B3_GCAACTGATAGACC_Control_Endocrine,B3,Endocrine,Control
B3_GCACAAACGATAGA_Control_TA.Early,B3,TA.Early,Control
B3_GCACCTTGGGAAGC_Control_Stem,B3,Stem,Control
B3_GCACGGACAGGAGC_Control_Enterocyte,B3,Enterocyte,Control
B3_GCACGGACCCGATA_Control_Goblet,B3,Goblet,Control
B3_GCACGGACCCGTTC_Control_Enterocyte,B3,Enterocyte,Control
B3_GCACGTCTCTGGAT_Control_Enterocyte,B3,Enterocyte,Control
B3_GCACTAGAAATCGC_Control_TA.Early,B3,TA.Early,Control
B3_GCACTAGACCACCT_Control_TA.Early,B3,TA.Early,Control
B3_GCACTAGACTAAGC_Control_Enterocyte.Progenitor,B3,Enterocyte.Progenitor,Control
B3_GCACTGCTCTTAGG_Control_Enterocyte,B3,Enterocyte,Control
B3_GCAGATACTCTGGA_Control_Endocrine,B3,Endocrine,Control
B3_GCAGCCGAGGACAG_Control_TA.Early,B3,TA.Early,Control
B3_GCAGCGTGGAGCTT_Control_Stem,B3,Stem,Control
B3_GCAGCGTGGGTAGG_Control_TA.Early,B3,TA.Early,Control
B3_GCAGGCACAGCTAC_Control_Goblet,B3,Goblet,Control
B3_GCAGTCCTCTATTC_Control_Stem,B3,Stem,Control
B3_GCAGTCCTGAAAGT_Control_Enterocyte.Progenitor,B3,Enterocyte.Progenitor,Control
B3_GCAGTTGAGCATCA_Control_TA.Early,B3,TA.Early,Control
B3_GCATCAGATAACGC_Control_Stem,B3,Stem,Control
B3_GCATGTGATCTTAC_Control_TA.Early,B3,TA.Early,Control
B3_GCATTGGACACAAC_Control_TA.Early,B3,TA.Early,Control
B3_GCATTGGAGTGTTG_Control_Stem,B3,Stem,Control
B3_GCCAAATGCGAGAG_Control_TA.Early,B3,TA.Early,Control
B3_GCCACGGAACACAC_Control_Stem,B3,Stem,Control
B3_GCCACTACCAGCTA_Control_TA.Early,B3,TA.Early,Control
B3_GCCATGCTATTCGG_Control_Goblet,B3,Goblet,Control
B3_GCCATGCTCGTAGT_Control_TA.Early,B3,TA.Early,Control
B3_GCCCAACTAGAGGC_Control_TA.Early,B3,TA.Early,Control
B3_GCCCAACTGAACTC_Control_Enterocyte.Progenitor,B3,Enterocyte.Progenitor,Control
B3_GCCCAACTTTGTCT_Control_Stem,B3,Stem,Control
B3_GCCCAGGAACCTGA_Control_Goblet,B3,Goblet,Control
B3_GCCCAGGATGCTAG_Control_TA,B3,TA,Control
B3_GCCGACGACATTGG_Control_Enterocyte,B3,Enterocyte,Control
B3_GCCGACGACTACGA_Control_Enterocyte,B3,Enterocyte,Control
B3_GCCGACGACTATGG_Control_Tuft,B3,Tuft,Control
B3_GCCGGAACACAGCT_Control_Enterocyte,B3,Enterocyte,Control
B3_GCCGGAACCTTATC_Control_TA.Early,B3,TA.Early,Control
B3_GCCGGAACGCGTAT_Control_Enterocyte.Progenitor,B3,Enterocyte.Progenitor,Control
B3_GCCGGAACGTATCG_Control_Goblet,B3,Goblet,Control
B3_GCCGTACTGGTGAG_Control_TA.Early,B3,TA.Early,Control
B3_GCCTAGCTCCCTCA_Control_Endocrine,B3,Endocrine,Control
B3_GCCTAGCTTTGAGC_Control_TA,B3,TA,Control
B3_GCCTCATGTCTCTA_Control_TA,B3,TA,Control
B3_GCCTGACTCACTTT_Control_Tuft,B3,Tuft,Control
B3_GCGAGAGAGAAGGC_Control_Goblet,B3,Goblet,Control
B3_GCGATATGTCTAGG_Control_Endocrine,B3,Endocrine,Control
B3_GCGGCAACCTCCAC_Control_TA.Early,B3,TA.Early,Control
B3_GCGTACCTGGGCAA_Control_Stem,B3,Stem,Control
B3_GCGTATGACGGGAA_Control_Stem,B3,Stem,Control
B3_GCGTATGATGAAGA_Control_Stem,B3,Stem,Control
B3_GCGTATGATTCCCG_Control_TA.Early,B3,TA.Early,Control
B3_GCTAGAACGGAGCA_Control_TA.Early,B3,TA.Early,Control
B3_GCTAGATGTCCTCG_Control_TA.Early,B3,TA.Early,Control
B3_GCTATACTTTGGCA_Control_TA,B3,TA,Control
B3_GCTCACTGAAACGA_Control_Goblet,B3,Goblet,Control
B3_GCTCACTGTTGCGA_Control_TA.Early,B3,TA.Early,Control
B3_GCTCAGCTGGATTC_Control_Stem,B3,Stem,Control
B3_GCTCCATGACTACG_Control_Stem,B3,Stem,Control
B3_GCTCCATGCCGTTC_Control_TA.Early,B3,TA.Early,Control
B3_GCTCGACTGCTTCC_Control_Stem,B3,Stem,Control
B3_GCTGATGAGTTCTT_Control_Stem,B3,Stem,Control
B3_GCTTAACTTCCTAT_Control_Enterocyte.Progenitor,B3,Enterocyte.Progenitor,Control
B3_GCTTGAGATGACAC_Control_Enterocyte.Progenitor,B3,Enterocyte.Progenitor,Control
B3_GGAACACTACCACA_Control_TA.Early,B3,TA.Early,Control
B3_GGAACTACTCTGGA_Control_TA.Early,B3,TA.Early,Control
B3_GGAACTTGCTACCC_Control_TA,B3,TA,Control
B3_GGAAGGACCGAGAG_Control_Enterocyte.Progenitor,B3,Enterocyte.Progenitor,Control
B3_GGAAGGACTGCTAG_Control_Tuft,B3,Tuft,Control
B3_GGAAGGTGTTCAGG_Control_Stem,B3,Stem,Control
B3_GGAATGCTGACACT_Control_TA.Early,B3,TA.Early,Control
B3_GGAATGCTGTCTGA_Control_Stem,B3,Stem,Control
B3_GGACAACTATGGTC_Control_Tuft,B3,Tuft,Control
B3_GGACAGGAGTACAC_Control_Stem,B3,Stem,Control
B3_GGACAGGATATCTC_Control_TA.Early,B3,TA.Early,Control
B3_GGACATTGGCCTTC_Control_Enterocyte.Progenitor,B3,Enterocyte.Progenitor,Control
B3_GGACATTGTCCTAT_Control_TA,B3,TA,Control
B3_GGACCCGATGGTCA_Control_TA,B3,TA,Control
B3_GGACCGTGAAACGA_Control_Enterocyte.Progenitor,B3,Enterocyte.Progenitor,Control
B3_GGACCGTGAAGATG_Control_TA,B3,TA,Control
B3_GGACCTCTGACTAC_Control_Enterocyte,B3,Enterocyte,Control
B3_GGACGAGAGTCGAT_Control_Stem,B3,Stem,Control
B3_GGACGCACACGGTT_Control_Stem,B3,Stem,Control
B3_GGAGCAGACTACTT_Control_Enterocyte.Progenitor,B3,Enterocyte.Progenitor,Control
B3_GGAGCGCTGTACCA_Control_Stem,B3,Stem,Control
B3_GGAGCGCTTGCCTC_Control_TA.Early,B3,TA.Early,Control
B3_GGAGTTACCTCGAA_Control_Goblet,B3,Goblet,Control
B3_GGAGTTACGTAAAG_Control_Stem,B3,Stem,Control
B3_GGAGTTTGCACACA_Control_TA.Early,B3,TA.Early,Control
B3_GGAGTTTGGACGAG_Control_Stem,B3,Stem,Control
B3_GGAGTTTGGTCATG_Control_TA.Early,B3,TA.Early,Control
B3_GGATGTACTCTGGA_Control_TA.Early,B3,TA.Early,Control
B3_GGATTGTGCTTCGC_Control_Enterocyte,B3,Enterocyte,Control
B3_GGATTGTGTACGCA_Control_TA,B3,TA,Control
B3_GGATTGTGTTACTC_Control_TA.Early,B3,TA.Early,Control
B3_GGATTTCTTGGGAG_Control_Enterocyte,B3,Enterocyte,Control
B3_GGCACGTGGGACAG_Control_TA.Early,B3,TA.Early,Control
B3_GGCACTCTGGTTAC_Control_TA.Early,B3,TA.Early,Control
B3_GGCACTCTGTTGGT_Control_Enterocyte.Progenitor,B3,Enterocyte.Progenitor,Control
B3_GGCATATGAAAGTG_Control_Stem,B3,Stem,Control
B3_GGCCACGAGGAGGT_Control_TA.Early,B3,TA.Early,Control
B3_GGCCACGATAGAGA_Control_Enterocyte,B3,Enterocyte,Control
B3_GGCCAGACCAGCTA_Control_TA.Early,B3,TA.Early,Control
B3_GGCCGATGAAGGTA_Control_TA.Early,B3,TA.Early,Control
B3_GGCGACACTACTCT_Control_TA,B3,TA,Control
B3_GGCGACTGAGTCTG_Control_TA.Early,B3,TA.Early,Control
B3_GGCGCATGCAGCTA_Control_Enterocyte.Progenitor,B3,Enterocyte.Progenitor,Control
B3_GGCGCATGGTGCTA_Control_Stem,B3,Stem,Control
B3_GGCGCATGTGCAAC_Control_Endocrine,B3,Endocrine,Control
B3_GGCTAAACCGAGTT_Control_TA.Early,B3,TA.Early,Control
B3_GGCTAAACCTCGAA_Control_TA.Early,B3,TA.Early,Control
B3_GGCTCACTGAATGA_Control_TA.Early,B3,TA.Early,Control
B3_GGCTCACTTGGGAG_Control_TA.Early,B3,TA.Early,Control
B3_GGGAACGATGCAAC_Control_TA.Early,B3,TA.Early,Control
B3_GGGAAGTGGAAACA_Control_Enterocyte,B3,Enterocyte,Control
B3_GGGACCACCATGAC_Control_TA.Early,B3,TA.Early,Control
B3_GGGACCTGGTCAAC_Control_Enterocyte.Progenitor,B3,Enterocyte.Progenitor,Control
B3_GGGACCTGTAACGC_Control_Enterocyte.Progenitor,B3,Enterocyte.Progenitor,Control
B3_GGGATTACCATGCA_Control_TA.Early,B3,TA.Early,Control
B3_GGGATTACCGGTAT_Control_TA.Early,B3,TA.Early,Control
B3_GGGCACACGTGCTA_Control_Enterocyte.Progenitor,B3,Enterocyte.Progenitor,Control
B3_GGGCAGCTACACGT_Control_Endocrine,B3,Endocrine,Control
B3_GGGCAGCTTTGACG_Control_Stem,B3,Stem,Control
B3_GGGCCATGCCCAAA_Control_Enterocyte,B3,Enterocyte,Control
B3_GGGTAACTCTCATT_Control_Goblet,B3,Goblet,Control
B3_GGGTTAACTGCCAA_Control_TA.Early,B3,TA.Early,Control
B3_GGGTTATGCCGATA_Control_TA.Early,B3,TA.Early,Control
B3_GGGTTATGTGGTTG_Control_Endocrine,B3,Endocrine,Control
B3_GGTAAAGAACTGTG_Control_TA.Early,B3,TA.Early,Control
B3_GGTAAAGACTGTGA_Control_Goblet,B3,Goblet,Control
B3_GGTAAAGATAGCCA_Control_Goblet,B3,Goblet,Control
B3_GGTACTGAGGTGGA_Control_TA.Early,B3,TA.Early,Control
B3_GGTAGTACGCGTTA_Control_Enterocyte,B3,Enterocyte,Control
B3_GGTAGTACGGACGA_Control_Enterocyte,B3,Enterocyte,Control
B3_GGTATCGAGTTTGG_Control_Stem,B3,Stem,Control
B3_GGTATGACCATTTC_Control_TA.Early,B3,TA.Early,Control
B3_GGTATGACGTCTTT_Control_Stem,B3,Stem,Control
B3_GGTTTACTATGCCA_Control_TA.Early,B3,TA.Early,Control
B3_GGTTTACTGTAAGA_Control_Stem,B3,Stem,Control
B3_GTAACGTGGTGCAT_Control_Stem,B3,Stem,Control
B3_GTAATATGAGTGCT_Control_Stem,B3,Stem,Control
B3_GTAATATGATTCCT_Control_Goblet,B3,Goblet,Control
B3_GTAATATGGATGAA_Control_Stem,B3,Stem,Control
B3_GTACCCTGTGTTTC_Control_Enterocyte,B3,Enterocyte,Control
B3_GTACGAACATACCG_Control_TA.Early,B3,TA.Early,Control
B3_GTACGAACTCTAGG_Control_TA.Early,B3,TA.Early,Control
B3_GTACGTGACCTTGC_Control_Stem,B3,Stem,Control
B3_GTACTACTGATAAG_Control_TA.Early,B3,TA.Early,Control
B3_GTACTACTTGCTTT_Control_Enterocyte.Progenitor,B3,Enterocyte.Progenitor,Control
B3_GTACTTTGCTGAGT_Control_TA,B3,TA,Control
B3_GTAGCAACGCAGTT_Control_TA.Early,B3,TA.Early,Control
B3_GTATCACTTCGCAA_Control_Enterocyte.Progenitor,B3,Enterocyte.Progenitor,Control
B3_GTATCTACGTACGT_Control_TA.Early,B3,TA.Early,Control
B3_GTATGGTGAAACAG_Control_TA.Early,B3,TA.Early,Control
B3_GTATGGTGAAAGCA_Control_Enterocyte.Progenitor,B3,Enterocyte.Progenitor,Control
B3_GTATTAGACCTCAC_Control_Stem,B3,Stem,Control
B3_GTATTAGAGGTCTA_Control_Goblet,B3,Goblet,Control
B3_GTATTCACATGCTG_Control_TA.Early,B3,TA.Early,Control
B3_GTATTCACGTATGC_Control_Stem,B3,Stem,Control
B3_GTCAATCTAGTCAC_Control_TA.Early,B3,TA.Early,Control
B3_GTCACCTGGGAGCA_Control_Enterocyte.Progenitor,B3,Enterocyte.Progenitor,Control
B3_GTCATACTAAGGGC_Control_TA,B3,TA,Control
B3_GTCATACTCGACAT_Control_Goblet,B3,Goblet,Control
B3_GTCCAAGACAGCTA_Control_TA,B3,TA,Control
B3_GTCCCATGCGGTAT_Control_Enterocyte,B3,Enterocyte,Control
B3_GTCCCATGCTTCCG_Control_Enterocyte.Progenitor,B3,Enterocyte.Progenitor,Control
B3_GTCCCATGGGAACG_Control_Stem,B3,Stem,Control
B3_GTCCCATGGGTTCA_Control_TA,B3,TA,Control
B3_GTCGACCTAGGCGA_Control_Endocrine,B3,Endocrine,Control
B3_GTCGACCTCTAGCA_Control_TA.Early,B3,TA.Early,Control
B3_GTCTAGGAACCAAC_Control_TA.Early,B3,TA.Early,Control
B3_GTCTAGGATTCTTG_Control_Stem,B3,Stem,Control
B3_GTCTGAGACTATTC_Control_Stem,B3,Stem,Control
B3_GTGAACACTCTCTA_Control_Tuft,B3,Tuft,Control
B3_GTGACCCTCAGAGG_Control_TA.Early,B3,TA.Early,Control
B3_GTGACCCTGTTAGC_Control_Enterocyte.Progenitor,B3,Enterocyte.Progenitor,Control
B3_GTGATCGATCCGTC_Control_TA.Early,B3,TA.Early,Control
B3_GTGATTCTACCTAG_Control_TA.Early,B3,TA.Early,Control
B3_GTGATTCTTAGCGT_Control_Enterocyte,B3,Enterocyte,Control
B3_GTGATTCTTGTGCA_Control_TA.Early,B3,TA.Early,Control
B3_GTGGAGGATTCCAT_Control_Stem,B3,Stem,Control
B3_GTGGATTGCTTCGC_Control_TA.Early,B3,TA.Early,Control
B3_GTGGATTGGCGTTA_Control_Stem,B3,Stem,Control
B3_GTGTACGAACCATG_Control_Goblet,B3,Goblet,Control
B3_GTGTACGATAGACC_Control_TA.Early,B3,TA.Early,Control
B3_GTTAAAACTGCAAC_Control_TA.Early,B3,TA.Early,Control
B3_GTTAAATGGTTGGT_Control_TA.Early,B3,TA.Early,Control
B3_GTTAACCTAAGAAC_Control_TA,B3,TA,Control
B3_GTTAACCTGTCTAG_Control_TA.Early,B3,TA.Early,Control
B3_GTTACGGAGTTCGA_Control_Stem,B3,Stem,Control
B3_GTTAGGTGCCATAG_Control_TA.Early,B3,TA.Early,Control
B3_GTTATAGAATGTGC_Control_TA.Early,B3,TA.Early,Control
B3_GTTCAGGAGGAAAT_Control_TA.Early,B3,TA.Early,Control
B3_GTTGAGTGCAAAGA_Control_TA.Early,B3,TA.Early,Control
B3_GTTGAGTGGTTTCT_Control_Endocrine,B3,Endocrine,Control
B3_GTTGGATGTCGACA_Control_Stem,B3,Stem,Control
B3_GTTTAAGAAGCATC_Control_TA,B3,TA,Control
B3_GTTTAAGACCAAGT_Control_Stem,B3,Stem,Control
B3_GTTTAAGACCTTGC_Control_TA.Early,B3,TA.Early,Control
B3_GTTTAAGATCCCGT_Control_Endocrine,B3,Endocrine,Control
B3_GTTTAAGATGGTCA_Control_TA,B3,TA,Control
B3_TAAATCGAAGCTCA_Control_TA.Early,B3,TA.Early,Control
B3_TAACACCTGTCACA_Control_Goblet,B3,Goblet,Control
B3_TAACCGGAGTACGT_Control_Stem,B3,Stem,Control
B3_TAACCGGATTCTCA_Control_Stem,B3,Stem,Control
B3_TAACTAGAACCAGT_Control_TA.Early,B3,TA.Early,Control
B3_TAACTAGAAGCGGA_Control_TA,B3,TA,Control
B3_TAACTCACCATGGT_Control_Enterocyte.Progenitor,B3,Enterocyte.Progenitor,Control
B3_TAACTCACGAAGGC_Control_TA.Early,B3,TA.Early,Control
B3_TAAGAGGACGTGAT_Control_Endocrine,B3,Endocrine,Control
B3_TAAGATTGAGCTCA_Control_Stem,B3,Stem,Control
B3_TAAGCGTGCGTAAC_Control_TA.Early,B3,TA.Early,Control
B3_TAAGGCTGGACGAG_Control_TA.Early,B3,TA.Early,Control
B3_TAAGGCTGTCCTCG_Control_TA.Early,B3,TA.Early,Control
B3_TAAGTCCTGTGCTA_Control_TA.Early,B3,TA.Early,Control
B3_TAATGTGACTCCAC_Control_TA,B3,TA,Control
B3_TACAAATGGGTATC_Control_TA.Early,B3,TA.Early,Control
B3_TACAAATGTGAACC_Control_Goblet,B3,Goblet,Control
B3_TACAAATGTGCAAC_Control_TA.Early,B3,TA.Early,Control
B3_TACAATGACTCTCG_Control_Goblet,B3,Goblet,Control
B3_TACCATTGGAGATA_Control_TA.Early,B3,TA.Early,Control
B3_TACCATTGTGTTTC_Control_Enterocyte.Progenitor,B3,Enterocyte.Progenitor,Control
B3_TACGACGAGGTACT_Control_Enterocyte.Progenitor,B3,Enterocyte.Progenitor,Control
B3_TACGAGACGGCATT_Control_Stem,B3,Stem,Control
B3_TACGATCTGTGCTA_Control_TA.Early,B3,TA.Early,Control
B3_TACGCAGAGGGTGA_Control_Enterocyte.Progenitor,B3,Enterocyte.Progenitor,Control
B3_TACTACACGGATCT_Control_TA.Early,B3,TA.Early,Control
B3_TACTACACTCTACT_Control_Enterocyte,B3,Enterocyte,Control
B3_TACTACTGCTGTTT_Control_Stem,B3,Stem,Control
B3_TACTACTGTTTCAC_Control_TA.Early,B3,TA.Early,Control
B3_TACTCTGACAGAGG_Control_Stem,B3,Stem,Control
B3_TACTGGGAGTAAAG_Control_Goblet,B3,Goblet,Control
B3_TACTGTTGAGTCAC_Control_Enterocyte,B3,Enterocyte,Control
B3_TACTTTCTGTTGCA_Control_TA.Early,B3,TA.Early,Control
B3_TAGAAACTACTAGC_Control_Enterocyte.Progenitor,B3,Enterocyte.Progenitor,Control
B3_TAGAATACTGTGGT_Control_Stem,B3,Stem,Control
B3_TAGAATACTTTGCT_Control_Stem,B3,Stem,Control
B3_TAGAATTGGAGCTT_Control_Stem,B3,Stem,Control
B3_TAGAGCACCTGACA_Control_Enterocyte.Progenitor,B3,Enterocyte.Progenitor,Control
B3_TAGATCCTAGCACT_Control_TA.Early,B3,TA.Early,Control
B3_TAGCCCACCCGAAT_Control_TA.Early,B3,TA.Early,Control
B3_TAGCCGCTTTGGTG_Control_Enterocyte.Progenitor,B3,Enterocyte.Progenitor,Control
B3_TAGCGATGTCACCC_Control_Enterocyte,B3,Enterocyte,Control
B3_TAGCTACTGTTGAC_Control_TA,B3,TA,Control
B3_TAGGACTGGCTTCC_Control_Endocrine,B3,Endocrine,Control
B3_TAGGCAACGGTAAA_Control_TA,B3,TA,Control
B3_TAGGCAACTCTGGA_Control_Stem,B3,Stem,Control
B3_TAGGCATGGATAAG_Control_Stem,B3,Stem,Control
B3_TAGGCATGTGAGAA_Control_TA.Early,B3,TA.Early,Control
B3_TAGGCTGAGTCCTC_Control_Stem,B3,Stem,Control
B3_TAGGTCGATCTAGG_Control_Stem,B3,Stem,Control
B3_TAGGTGTGACCAAC_Control_Stem,B3,Stem,Control
B3_TAGGTTCTCTACCC_Control_TA.Early,B3,TA.Early,Control
B3_TAGGTTCTTGGTCA_Control_TA.Early,B3,TA.Early,Control
B3_TAGTAAACATTCTC_Control_Enterocyte,B3,Enterocyte,Control
B3_TAGTAAACTCAGTG_Control_Endocrine,B3,Endocrine,Control
B3_TAGTAATGACCCAA_Control_Enterocyte.Progenitor,B3,Enterocyte.Progenitor,Control
B3_TAGTAATGTCATTC_Control_Stem,B3,Stem,Control
B3_TAGTATGACCACAA_Control_Goblet,B3,Goblet,Control
B3_TAGTCACTGCAAGG_Control_Enterocyte.Progenitor,B3,Enterocyte.Progenitor,Control
B3_TAGTCGGAGTTGGT_Control_TA.Early,B3,TA.Early,Control
B3_TAGTCTTGGCCATA_Control_TA.Early,B3,TA.Early,Control
B3_TAGTTAGAAGCTCA_Control_Enterocyte.Progenitor,B3,Enterocyte.Progenitor,Control
B3_TAGTTAGATTCGCC_Control_TA.Early,B3,TA.Early,Control
B3_TAGTTCACGAGCAG_Control_Enterocyte.Progenitor,B3,Enterocyte.Progenitor,Control
B3_TATAAGACCATCAG_Control_Enterocyte,B3,Enterocyte,Control
B3_TATAAGACTCTATC_Control_Stem,B3,Stem,Control
B3_TATACAGAGTTCTT_Control_TA,B3,TA,Control
B3_TATACCACAAGCCT_Control_TA.Early,B3,TA.Early,Control
B3_TATACGCTCCACCT_Control_TA,B3,TA,Control
B3_TATAGATGCTGAGT_Control_TA,B3,TA,Control
B3_TATAGCCTTGCCCT_Control_Stem,B3,Stem,Control
B3_TATCAAGATATGCG_Control_Enterocyte,B3,Enterocyte,Control
B3_TATCACTGCTTACT_Control_Stem,B3,Stem,Control
B3_TATCAGCTGAAACA_Control_TA,B3,TA,Control
B3_TATCTCGAGGTTCA_Control_Stem,B3,Stem,Control
B3_TATGAATGCGACTA_Control_Stem,B3,Stem,Control
B3_TATGAATGCTTCGC_Control_Enterocyte,B3,Enterocyte,Control
B3_TATGCGGACTTAGG_Control_TA,B3,TA,Control
B3_TATGCGGAGATGAA_Control_Goblet,B3,Goblet,Control
B3_TATGGGACCTCGAA_Control_TA.Early,B3,TA.Early,Control
B3_TATGTCACACACCA_Control_Enterocyte.Progenitor,B3,Enterocyte.Progenitor,Control
B3_TATGTCTGAAACGA_Control_TA.Early,B3,TA.Early,Control
B3_TATGTCTGCCTCCA_Control_Enterocyte.Progenitor,B3,Enterocyte.Progenitor,Control
B3_TATGTCTGTTTGGG_Control_Enterocyte.Progenitor,B3,Enterocyte.Progenitor,Control
B3_TATGTGCTACAGTC_Control_Stem,B3,Stem,Control
B3_TCAAGGACACCTGA_Control_TA.Early,B3,TA.Early,Control
B3_TCAAGGACGCGAGA_Control_TA,B3,TA,Control
B3_TCAAGGTGGTAAAG_Control_Goblet,B3,Goblet,Control
B3_TCAAGTCTCCCTAC_Control_Enterocyte.Progenitor,B3,Enterocyte.Progenitor,Control
B3_TCAAGTCTTCGTGA_Control_TA,B3,TA,Control
B3_TCAATCACGTTGAC_Control_Goblet,B3,Goblet,Control
B3_TCACAACTCTCCAC_Control_TA,B3,TA,Control
B3_TCACATACTGTCGA_Control_TA,B3,TA,Control
B3_TCACTATGACTCTT_Control_Goblet,B3,Goblet,Control
B3_TCAGAGACATGACC_Control_Enterocyte,B3,Enterocyte,Control
B3_TCAGAGACGGCAAG_Control_TA,B3,TA,Control
B3_TCATCATGGACACT_Control_TA,B3,TA,Control
B3_TCATCCCTGTATCG_Control_TA.Early,B3,TA.Early,Control
B3_TCATTCGATGGTCA_Control_Stem,B3,Stem,Control
B3_TCCAGAGATTCCCG_Control_Goblet,B3,Goblet,Control
B3_TCCATAACCCTTCG_Control_TA,B3,TA,Control
B3_TCCATAACGAATAG_Control_Enterocyte.Progenitor,B3,Enterocyte.Progenitor,Control
B3_TCCCACGAGCGATT_Control_Stem,B3,Stem,Control
B3_TCCCACGATGGATC_Control_Enterocyte.Progenitor,B3,Enterocyte.Progenitor,Control
B3_TCCCGAACTCACCC_Control_Tuft,B3,Tuft,Control
B3_TCCCTACTTGGTGT_Control_Enterocyte.Progenitor,B3,Enterocyte.Progenitor,Control
B3_TCCGAAGACCCTTG_Control_TA,B3,TA,Control
B3_TCCGAAGATGTGAC_Control_Goblet,B3,Goblet,Control
B3_TCCGAGCTCATTGG_Control_Stem,B3,Stem,Control
B3_TCCTAAACCAGAGG_Control_TA,B3,TA,Control
B3_TCCTAAACTAGTCG_Control_TA.Early,B3,TA.Early,Control
B3_TCCTAAACTCCAGA_Control_Stem,B3,Stem,Control
B3_TCCTAATGCTTACT_Control_Goblet,B3,Goblet,Control
B3_TCCTATGAGTCACA_Control_Stem,B3,Stem,Control
B3_TCGAGAACCCCTCA_Control_Stem,B3,Stem,Control
B3_TCGAGAACTCTGGA_Control_TA.Early,B3,TA.Early,Control
B3_TCGAGCCTCGTTAG_Control_Enterocyte.Progenitor,B3,Enterocyte.Progenitor,Control
B3_TCGAGCCTGCGTTA_Control_TA.Early,B3,TA.Early,Control
B3_TCGCAGCTACGGGA_Control_TA,B3,TA,Control
B3_TCGCCATGACCACA_Control_TA.Early,B3,TA.Early,Control
B3_TCGCCATGTGTTTC_Control_Goblet,B3,Goblet,Control
B3_TCGGACCTAGAATG_Control_TA,B3,TA,Control
B3_TCGGACCTTGTGAC_Control_TA.Early,B3,TA.Early,Control
B3_TCGGTAGAGACGGA_Control_TA.Early,B3,TA.Early,Control
B3_TCGTGAGAATTCCT_Control_Enterocyte,B3,Enterocyte,Control
B3_TCTAACACAGTTCG_Control_Enterocyte.Progenitor,B3,Enterocyte.Progenitor,Control
B3_TCTACAACATGACC_Control_TA.Early,B3,TA.Early,Control
B3_TCTACAACCGTGAT_Control_Enterocyte,B3,Enterocyte,Control
B3_TCTAGTTGAAGCCT_Control_Enterocyte.Progenitor,B3,Enterocyte.Progenitor,Control
B3_TCTATGTGGGAAAT_Control_Enterocyte.Progenitor,B3,Enterocyte.Progenitor,Control
B3_TCTCAAACGACGGA_Control_TA.Early,B3,TA.Early,Control
B3_TCTCTAGATAACGC_Control_Stem,B3,Stem,Control
B3_TCTCTAGATAGAAG_Control_TA.Early,B3,TA.Early,Control
B3_TCTGATACACCCTC_Control_TA,B3,TA,Control
B3_TCTTCAGATATGCG_Control_Tuft,B3,Tuft,Control
B3_TCTTGATGAGGTTC_Control_Enterocyte,B3,Enterocyte,Control
B3_TGAACCGAAGTCTG_Control_TA.Early,B3,TA.Early,Control
B3_TGAAGCACAGTACC_Control_Stem,B3,Stem,Control
B3_TGAATAACATGTGC_Control_Enterocyte,B3,Enterocyte,Control
B3_TGACCAGAGCGAGA_Control_TA.Early,B3,TA.Early,Control
B3_TGACCGCTACCCAA_Control_Enterocyte.Progenitor,B3,Enterocyte.Progenitor,Control
B3_TGACCGCTCTGAGT_Control_Stem,B3,Stem,Control
B3_TGACCGCTGGATCT_Control_TA.Early,B3,TA.Early,Control
B3_TGACGAACTCCAAG_Control_Stem,B3,Stem,Control
B3_TGACGAACTTCTAC_Control_TA,B3,TA,Control
B3_TGAGACACGAAGGC_Control_Stem,B3,Stem,Control
B3_TGAGCAACGAGAGC_Control_TA.Early,B3,TA.Early,Control
B3_TGAGCAACTGACAC_Control_Stem,B3,Stem,Control
B3_TGAGCTGAAAGGTA_Control_TA.Early,B3,TA.Early,Control
B3_TGAGCTGAGATACC_Control_Enterocyte,B3,Enterocyte,Control
B3_TGAGGACTGTAAAG_Control_TA.Early,B3,TA.Early,Control
B3_TGAGTGACTCTCTA_Control_TA.Early,B3,TA.Early,Control
B3_TGATAAACACCATG_Control_Enterocyte.Progenitor,B3,Enterocyte.Progenitor,Control
B3_TGATATGAGAAAGT_Control_Goblet,B3,Goblet,Control
B3_TGATATGATGGGAG_Control_TA.Early,B3,TA.Early,Control
B3_TGATATGATTCCAT_Control_Stem,B3,Stem,Control
B3_TGATCACTCACAAC_Control_Endocrine,B3,Endocrine,Control
B3_TGATCACTGGGATG_Control_Enterocyte.Progenitor,B3,Enterocyte.Progenitor,Control
B3_TGATCACTTCAGAC_Control_Enterocyte.Progenitor,B3,Enterocyte.Progenitor,Control
B3_TGATCACTTGCATG_Control_Goblet,B3,Goblet,Control
B3_TGATCGGAACCCAA_Control_TA.Early,B3,TA.Early,Control
B3_TGATCGGACACTAG_Control_Endocrine,B3,Endocrine,Control
B3_TGATTCACCCACCT_Control_Enterocyte.Progenitor,B3,Enterocyte.Progenitor,Control
B3_TGATTCACTCAGGT_Control_Enterocyte,B3,Enterocyte,Control
B3_TGCAACGACCGATA_Control_TA.Early,B3,TA.Early,Control
B3_TGCAAGACAGTTCG_Control_Endocrine,B3,Endocrine,Control
B3_TGCAAGACGCTTAG_Control_Enterocyte.Progenitor,B3,Enterocyte.Progenitor,Control
B3_TGCAATCTCACTGA_Control_TA.Early,B3,TA.Early,Control
B3_TGCACAGAGGGTGA_Control_TA,B3,TA,Control
B3_TGCACAGATATGCG_Control_TA.Early,B3,TA.Early,Control
B3_TGCACGCTCCTGTC_Control_Enterocyte,B3,Enterocyte,Control
B3_TGCACGCTGCTAAC_Control_TA.Early,B3,TA.Early,Control
B3_TGCATGGACCAATG_Control_TA.Early,B3,TA.Early,Control
B3_TGCCACTGACGGGA_Control_Stem,B3,Stem,Control
B3_TGCCACTGGTCAAC_Control_TA,B3,TA,Control
B3_TGCGAAACGTGCTA_Control_Goblet,B3,Goblet,Control
B3_TGCGAAACTAGCCA_Control_TA.Early,B3,TA.Early,Control
B3_TGCGTAGAACTTTC_Control_TA.Early,B3,TA.Early,Control
B3_TGCGTAGAGACTAC_Control_Enterocyte.Progenitor,B3,Enterocyte.Progenitor,Control
B3_TGCGTAGAGTCGAT_Control_Enterocyte.Progenitor,B3,Enterocyte.Progenitor,Control
B3_TGCGTAGATTCTAC_Control_TA,B3,TA,Control
B3_TGCTATACTCACGA_Control_TA.Early,B3,TA.Early,Control
B3_TGCTTAACCGTAGT_Control_Stem,B3,Stem,Control
B3_TGGACTGACTAGAC_Control_Enterocyte.Progenitor,B3,Enterocyte.Progenitor,Control
B3_TGGACTGAGAATGA_Control_TA,B3,TA,Control
B3_TGGACTGAGGGAGT_Control_Stem,B3,Stem,Control
B3_TGGAGACTCTAGAC_Control_Stem,B3,Stem,Control
B3_TGGATGACGTCGAT_Control_TA,B3,TA,Control
B3_TGGATGACTGACCA_Control_Goblet,B3,Goblet,Control
B3_TGGATTCTAAGGGC_Control_TA.Early,B3,TA.Early,Control
B3_TGGATTCTCACAAC_Control_Enterocyte.Progenitor,B3,Enterocyte.Progenitor,Control
B3_TGGATTCTGCGGAA_Control_Goblet,B3,Goblet,Control
B3_TGGGTATGGTGCAT_Control_Enterocyte,B3,Enterocyte,Control
B3_TGGTAGACGATAGA_Control_TA,B3,TA,Control
B3_TGGTAGACTTCTGT_Control_Tuft,B3,Tuft,Control
B3_TGGTAGTGAACCTG_Control_Stem,B3,Stem,Control
B3_TGGTATCTCGTGTA_Control_Goblet,B3,Goblet,Control
B3_TGGTCAGACATTTC_Control_TA.Early,B3,TA.Early,Control
B3_TGTATCTGGGATCT_Control_TA.Early,B3,TA.Early,Control
B3_TGTCAGGAGTGTTG_Control_TA,B3,TA,Control
B3_TGTCTAACTGCTCC_Control_TA,B3,TA,Control
B3_TGTGACGAAAGCAA_Control_Enterocyte.Progenitor,B3,Enterocyte.Progenitor,Control
B3_TGTGACGACCTGAA_Control_Enterocyte.Progenitor,B3,Enterocyte.Progenitor,Control
B3_TGTGAGACGTTAGC_Control_Tuft,B3,Tuft,Control
B3_TGTGGATGAAAAGC_Control_TA,B3,TA,Control
B3_TGTGGATGTGGGAG_Control_Enterocyte,B3,Enterocyte,Control
B3_TGTTACTGAGCATC_Control_Stem,B3,Stem,Control
B3_TGTTACTGTATTCC_Control_TA.Early,B3,TA.Early,Control
B3_TTACCATGAGAGAT_Control_Goblet,B3,Goblet,Control
B3_TTAGGGACAAGAGT_Control_TA.Early,B3,TA.Early,Control
B3_TTAGGGACCCGATA_Control_TA.Early,B3,TA.Early,Control
B3_TTAGGGACGGCAAG_Control_Tuft,B3,Tuft,Control
B3_TTAGTCACTTGGCA_Control_Stem,B3,Stem,Control
B3_TTATCCGAAAGTAG_Control_Enterocyte.Progenitor,B3,Enterocyte.Progenitor,Control
B3_TTATGAGATGAGGG_Control_TA,B3,TA,Control
B3_TTATGCACATAAGG_Control_Stem,B3,Stem,Control
B3_TTATGCACCCTTCG_Control_TA.Early,B3,TA.Early,Control
B3_TTATGCACGCCTTC_Control_TA.Early,B3,TA.Early,Control
B3_TTATGGCTCCGATA_Control_TA.Early,B3,TA.Early,Control
B3_TTATGGCTTGAGCT_Control_Goblet,B3,Goblet,Control
B3_TTATTCCTGGTGGA_Control_TA.Early,B3,TA.Early,Control
B3_TTCAACACGTTGCA_Control_Stem,B3,Stem,Control
B3_TTCAAGCTATTCCT_Control_Enterocyte.Progenitor,B3,Enterocyte.Progenitor,Control
B3_TTCAAGCTTGACCA_Control_Stem,B3,Stem,Control
B3_TTCACAACAAAGCA_Control_Stem,B3,Stem,Control
B3_TTCACAACGCCCTT_Control_TA.Early,B3,TA.Early,Control
B3_TTCAGTTGGGTGGA_Control_Enterocyte,B3,Enterocyte,Control
B3_TTCATCGAGAGCTT_Control_TA.Early,B3,TA.Early,Control
B3_TTCATGACCCCAAA_Control_Stem,B3,Stem,Control
B3_TTCATGACCTTATC_Control_TA,B3,TA,Control
B3_TTCATGACTTTGGG_Control_TA.Early,B3,TA.Early,Control
B3_TTCATTCTCTTACT_Control_Tuft,B3,Tuft,Control
B3_TTCCAAACACCAAC_Control_Stem,B3,Stem,Control
B3_TTCCAAACGTTGCA_Control_Enterocyte.Progenitor,B3,Enterocyte.Progenitor,Control
B3_TTCCATGACTATTC_Control_Enterocyte.Progenitor,B3,Enterocyte.Progenitor,Control
B3_TTCGAGGAATTCTC_Control_TA.Early,B3,TA.Early,Control
B3_TTCGATTGAACTGC_Control_Stem,B3,Stem,Control
B3_TTCGATTGCAGGAG_Control_Stem,B3,Stem,Control
B3_TTCGGAGACTCAAG_Control_Stem,B3,Stem,Control
B3_TTCGTATGCCGAAT_Control_Tuft,B3,Tuft,Control
B3_TTCGTATGGATAAG_Control_TA,B3,TA,Control
B3_TTCGTATGTCAGTG_Control_Stem,B3,Stem,Control
B3_TTCTACGACGTGTA_Control_Goblet,B3,Goblet,Control
B3_TTCTACGATTGCAG_Control_Enterocyte.Progenitor,B3,Enterocyte.Progenitor,Control
B3_TTCTCAGAGGACAG_Control_Goblet,B3,Goblet,Control
B3_TTGAACCTAATCGC_Control_Enterocyte,B3,Enterocyte,Control
B3_TTGAATGAGAGGGT_Control_Enterocyte,B3,Enterocyte,Control
B3_TTGACACTTTTCTG_Control_Enterocyte,B3,Enterocyte,Control
B3_TTGCATTGTCGACA_Control_TA,B3,TA,Control
B3_TTGGAGACATCGAC_Control_Stem,B3,Stem,Control
B3_TTGGAGTGGTTAGC_Control_Enterocyte.Progenitor,B3,Enterocyte.Progenitor,Control
B3_TTGGGAACATCGGT_Control_TA.Early,B3,TA.Early,Control
B3_TTGTACACCCGCTT_Control_Stem,B3,Stem,Control
B3_TTGTAGCTAGCGTT_Control_Endocrine,B3,Endocrine,Control
B3_TTGTAGCTTCGCCT_Control_TA.Early,B3,TA.Early,Control
B3_TTGTCATGGGGCAA_Control_TA.Early,B3,TA.Early,Control
B3_TTTAGAGAAGCTAC_Control_Enterocyte,B3,Enterocyte,Control
B3_TTTAGCTGAGGTTC_Control_Enterocyte.Progenitor,B3,Enterocyte.Progenitor,Control
B3_TTTAGGCTGTCATG_Control_TA.Early,B3,TA.Early,Control
B3_TTTAGGCTTAACCG_Control_TA.Early,B3,TA.Early,Control
B3_TTTCGAACACTCAG_Control_Enterocyte.Progenitor,B3,Enterocyte.Progenitor,Control
B3_TTTCGAACGGTCAT_Control_TA.Early,B3,TA.Early,Control
B3_TTTCGAACTAGACC_Control_Stem,B3,Stem,Control
B3_TTTCTACTAGAGAT_Control_TA.Early,B3,TA.Early,Control
B3_TTTCTACTGTCTAG_Control_Stem,B3,Stem,Control
B4_AAACATTGTGTTTC_Control_Enterocyte,B4,Enterocyte,Control
B4_AAAGAGACTTCTAC_Control_Enterocyte.Progenitor,B4,Enterocyte.Progenitor,Control
B4_AAAGATCTAGCTAC_Control_TA.Early,B4,TA.Early,Control
B4_AAAGATCTGTAAAG_Control_Stem,B4,Stem,Control
B4_AAAGGCCTGGAACG_Control_Stem,B4,Stem,Control
B4_AAAGTTTGCTTAGG_Control_TA.Early,B4,TA.Early,Control
B4_AAATCAACCTCAGA_Control_Stem,B4,Stem,Control
B4_AAATCATGTCGCAA_Control_Enterocyte,B4,Enterocyte,Control
B4_AAATCATGTGCTGA_Control_Enterocyte.Progenitor,B4,Enterocyte.Progenitor,Control
B4_AAATCCCTCGGAGA_Control_TA.Early,B4,TA.Early,Control
B4_AAATCTGACACAAC_Control_Endocrine,B4,Endocrine,Control
B4_AAATCTGACATACG_Control_Enterocyte,B4,Enterocyte,Control
B4_AAATGGGACTAAGC_Control_Enterocyte.Progenitor,B4,Enterocyte.Progenitor,Control
B4_AAATGTTGGCGAGA_Control_Enterocyte.Progenitor,B4,Enterocyte.Progenitor,Control
B4_AAATGTTGTGTCCC_Control_TA.Early,B4,TA.Early,Control
B4_AAATTCGAGCGGAA_Control_TA.Early,B4,TA.Early,Control
B4_AACAAACTCAGATC_Control_TA.Early,B4,TA.Early,Control
B4_AACACTCTTTACCT_Control_TA,B4,TA,Control
B4_AACAGAGAAGAGTA_Control_Stem,B4,Stem,Control
B4_AACAGCACCCGAAT_Control_Stem,B4,Stem,Control
B4_AACAGCACTATCTC_Control_TA,B4,TA,Control
B4_AACATTGAAATCGC_Control_TA,B4,TA,Control
B4_AACCACGATGTAGC_Control_TA.Early,B4,TA.Early,Control
B4_AACCAGTGCTAAGC_Control_Enterocyte,B4,Enterocyte,Control
B4_AACCGCCTGGTGAG_Control_Enterocyte,B4,Enterocyte,Control
B4_AACCTTTGACCTAG_Control_Enterocyte.Progenitor,B4,Enterocyte.Progenitor,Control
B4_AACGCCCTAGCTCA_Control_TA.Early,B4,TA.Early,Control
B4_AACGCCCTCTAAGC_Control_Enterocyte,B4,Enterocyte,Control
B4_AACGGTTGCTGAAC_Control_Enterocyte.Progenitor,B4,Enterocyte.Progenitor,Control
B4_AACGTCGACCTATT_Control_Enterocyte.Progenitor,B4,Enterocyte.Progenitor,Control
B4_AACGTCGATCTACT_Control_Enterocyte.Progenitor,B4,Enterocyte.Progenitor,Control
B4_AACGTGTGCTTCTA_Control_Enterocyte,B4,Enterocyte,Control
B4_AACGTTCTGCAGAG_Control_Enterocyte.Progenitor,B4,Enterocyte.Progenitor,Control
B4_AACTCACTGAGGAC_Control_Enterocyte,B4,Enterocyte,Control
B4_AACTCTTGTCCCAC_Control_Enterocyte.Progenitor,B4,Enterocyte.Progenitor,Control
B4_AACTGTCTATCACG_Control_Enterocyte,B4,Enterocyte,Control
B4_AAGAGATGTCTCCG_Control_TA,B4,TA,Control
B4_AAGATTACCACCAA_Control_Enterocyte,B4,Enterocyte,Control
B4_AAGCAAGAATTCGG_Control_TA.Early,B4,TA.Early,Control
B4_AAGCACTGCTCCAC_Control_Enterocyte.Progenitor,B4,Enterocyte.Progenitor,Control
B4_AAGCACTGTAAGCC_Control_TA,B4,TA,Control
B4_AAGCACTGTACTTC_Control_Enterocyte,B4,Enterocyte,Control
B4_AAGCGACTCAAAGA_Control_Goblet,B4,Goblet,Control
B4_AAGCGACTCTGTTT_Control_TA.Early,B4,TA.Early,Control
B4_AAGGTCTGTAGCCA_Control_Goblet,B4,Goblet,Control
B4_AAGTAACTCCTAAG_Control_Enterocyte,B4,Enterocyte,Control
B4_AAGTAGGACCTTCG_Control_Enterocyte,B4,Enterocyte,Control
B4_AAGTATACAATGCC_Control_Enterocyte,B4,Enterocyte,Control
B4_AAGTATACCAGAAA_Control_TA,B4,TA,Control
B4_AAGTATACCATTGG_Control_Enterocyte,B4,Enterocyte,Control
B4_AAGTATACTATTCC_Control_Enterocyte.Progenitor,B4,Enterocyte.Progenitor,Control
B4_AAGTCTCTCTTAGG_Control_Enterocyte,B4,Enterocyte,Control
B4_AAGTGCACTTATCC_Control_TA,B4,TA,Control
B4_AAGTGGCTAGCCTA_Control_Goblet,B4,Goblet,Control
B4_AAGTGGCTTGCAGT_Control_Stem,B4,Stem,Control
B4_AAGTTATGCTGAGT_Control_Enterocyte,B4,Enterocyte,Control
B4_AAGTTATGCTTGGA_Control_TA,B4,TA,Control
B4_AAGTTCCTATGTGC_Control_Enterocyte,B4,Enterocyte,Control
B4_AATAACACAACTGC_Control_Enterocyte.Progenitor,B4,Enterocyte.Progenitor,Control
B4_AATAAGCTTGCGTA_Control_Stem,B4,Stem,Control
B4_AATCAAACCCCGTT_Control_Enterocyte.Progenitor,B4,Enterocyte.Progenitor,Control
B4_AATCAAACGAGCTT_Control_Endocrine,B4,Endocrine,Control
B4_AATCCGGATGAACC_Control_Enterocyte,B4,Enterocyte,Control
B4_AATGAGGACGTACA_Control_TA,B4,TA,Control
B4_AATGAGGAGAGACG_Control_Enterocyte,B4,Enterocyte,Control
B4_AATGATACGTCCTC_Control_Stem,B4,Stem,Control
B4_AATGCGTGGCGTTA_Control_Stem,B4,Stem,Control
B4_AATGGCTGAACCTG_Control_Enterocyte.Progenitor,B4,Enterocyte.Progenitor,Control
B4_AATGGCTGGGTGTT_Control_TA,B4,TA,Control
B4_AATGTCCTACACGT_Control_TA,B4,TA,Control
B4_AATGTTGAGAAACA_Control_TA,B4,TA,Control
B4_AATTACGAAAGAAC_Control_Enterocyte,B4,Enterocyte,Control
B4_AATTGATGCGGAGA_Control_TA.Early,B4,TA.Early,Control
B4_AATTGTGATAGTCG_Control_Enterocyte.Progenitor,B4,Enterocyte.Progenitor,Control
B4_ACAAAGGACGTACA_Control_Stem,B4,Stem,Control
B4_ACAAAGGAGCGTAT_Control_Enterocyte.Progenitor,B4,Enterocyte.Progenitor,Control
B4_ACAAAGGATGGATC_Control_Enterocyte.Progenitor,B4,Enterocyte.Progenitor,Control
B4_ACAAAGGATGGCAT_Control_Enterocyte,B4,Enterocyte,Control
B4_ACAACCGAGTTGGT_Control_Enterocyte.Progenitor,B4,Enterocyte.Progenitor,Control
B4_ACAATCCTGAGACG_Control_Stem,B4,Stem,Control
B4_ACAATTGATCAGTG_Control_TA.Early,B4,TA.Early,Control
B4_ACACAGACAACGTC_Control_TA.Early,B4,TA.Early,Control
B4_ACACAGACCCTGAA_Control_Enterocyte,B4,Enterocyte,Control
B4_ACACATCTAGGTCT_Control_Enterocyte,B4,Enterocyte,Control
B4_ACACATCTCAGTCA_Control_TA,B4,TA,Control
B4_ACACGTGACATCAG_Control_TA.Early,B4,TA.Early,Control
B4_ACATACCTAGCACT_Control_Enterocyte,B4,Enterocyte,Control
B4_ACATCACTCCATGA_Control_Enterocyte.Progenitor,B4,Enterocyte.Progenitor,Control
B4_ACATGGTGTGCATG_Control_Stem,B4,Stem,Control
B4_ACCAACGAAGAACA_Control_Stem,B4,Stem,Control
B4_ACCACCTGTAGACC_Control_Enterocyte,B4,Enterocyte,Control
B4_ACCACCTGTGCACA_Control_Endocrine,B4,Endocrine,Control
B4_ACCATTTGATCTTC_Control_Stem,B4,Stem,Control
B4_ACCCACTGCGGAGA_Control_Enterocyte,B4,Enterocyte,Control
B4_ACCTCGTGGATGAA_Control_Enterocyte.Progenitor,B4,Enterocyte.Progenitor,Control
B4_ACCTGGCTTTTCTG_Control_Enterocyte,B4,Enterocyte,Control
B4_ACGAACACCACTAG_Control_TA,B4,TA,Control
B4_ACGAAGCTAGTAGA_Control_Enterocyte.Progenitor,B4,Enterocyte.Progenitor,Control
B4_ACGAAGCTGTGTCA_Control_Goblet,B4,Goblet,Control
B4_ACGACCCTACGCTA_Control_TA,B4,TA,Control
B4_ACGAGGGACACTAG_Control_Enterocyte.Progenitor,B4,Enterocyte.Progenitor,Control
B4_ACGAGGGAGCGGAA_Control_Stem,B4,Stem,Control
B4_ACGATTCTCCCACT_Control_Enterocyte,B4,Enterocyte,Control
B4_ACGATTCTCTGTGA_Control_TA.Early,B4,TA.Early,Control
B4_ACGATTCTGGTCTA_Control_TA.Early,B4,TA.Early,Control
B4_ACGCCACTGGAGTG_Control_TA.Early,B4,TA.Early,Control
B4_ACGCCGGAACCTTT_Control_TA,B4,TA,Control
B4_ACGCCGGACTGGAT_Control_Stem,B4,Stem,Control
B4_ACGCCTTGCAGTCA_Control_TA.Early,B4,TA.Early,Control
B4_ACGCCTTGGTGTTG_Control_TA.Early,B4,TA.Early,Control
B4_ACGCCTTGTTGTCT_Control_Stem,B4,Stem,Control
B4_ACGCTCACCCGTTC_Control_TA,B4,TA,Control
B4_ACGCTCACTGTTTC_Control_Enterocyte,B4,Enterocyte,Control
B4_ACGGAGGAGCGGAA_Control_Enterocyte.Progenitor,B4,Enterocyte.Progenitor,Control
B4_ACGGAGGATCTTAC_Control_Enterocyte.Progenitor,B4,Enterocyte.Progenitor,Control
B4_ACGGCGTGCCTTCG_Control_TA.Early,B4,TA.Early,Control
B4_ACGGTAACGCCTTC_Control_Enterocyte,B4,Enterocyte,Control
B4_ACGGTCCTACCTGA_Control_Enterocyte.Progenitor,B4,Enterocyte.Progenitor,Control
B4_ACGGTCCTGTGAGG_Control_Enterocyte,B4,Enterocyte,Control
B4_ACGTAGACAGCTCA_Control_Enterocyte,B4,Enterocyte,Control
B4_ACGTAGACCATCAG_Control_TA,B4,TA,Control
B4_ACGTCCTGTGGTGT_Control_Stem,B4,Stem,Control
B4_ACGTGATGTTCACT_Control_Enterocyte,B4,Enterocyte,Control
B4_ACGTTACTATTCGG_Control_Enterocyte,B4,Enterocyte,Control
B4_ACGTTACTCTGTTT_Control_Enterocyte.Progenitor,B4,Enterocyte.Progenitor,Control
B4_ACTAAAACTTCGGA_Control_Enterocyte,B4,Enterocyte,Control
B4_ACTAGGTGACGACT_Control_Enterocyte.Progenitor,B4,Enterocyte.Progenitor,Control
B4_ACTCCCGATTGCAG_Control_Enterocyte,B4,Enterocyte,Control
B4_ACTCGAGATACGAC_Control_Enterocyte.Progenitor,B4,Enterocyte.Progenitor,Control
B4_ACTGCCACAGAAGT_Control_Endocrine,B4,Endocrine,Control
B4_ACTGCCTGAGTTCG_Control_Enterocyte.Progenitor,B4,Enterocyte.Progenitor,Control
B4_ACTGCCTGTTACTC_Control_Enterocyte.Progenitor,B4,Enterocyte.Progenitor,Control
B4_ACTGTGGAGACAGG_Control_Enterocyte.Progenitor,B4,Enterocyte.Progenitor,Control
B4_ACTGTTACTGCGTA_Control_Enterocyte,B4,Enterocyte,Control
B4_ACTTAAGAATTTCC_Control_Tuft,B4,Tuft,Control
B4_ACTTAGCTCCAACA_Control_Endocrine,B4,Endocrine,Control
B4_ACTTAGCTTGATGC_Control_Enterocyte.Progenitor,B4,Enterocyte.Progenitor,Control
B4_ACTTCAACCTTCCG_Control_TA,B4,TA,Control
B4_ACTTCAACTCAGAC_Control_Enterocyte,B4,Enterocyte,Control
B4_ACTTCAACTGTTTC_Control_TA,B4,TA,Control
B4_ACTTCCCTATGCCA_Control_Enterocyte.Progenitor,B4,Enterocyte.Progenitor,Control
B4_ACTTCCCTCACAAC_Control_Enterocyte,B4,Enterocyte,Control
B4_ACTTGACTACGGTT_Control_TA,B4,TA,Control
B4_ACTTGACTGAATGA_Control_Enterocyte.Progenitor,B4,Enterocyte.Progenitor,Control
B4_ACTTGGGAACCTTT_Control_TA.Early,B4,TA.Early,Control
B4_ACTTTGTGACCAAC_Control_Enterocyte,B4,Enterocyte,Control
B4_ACTTTGTGAGTAGA_Control_TA.Early,B4,TA.Early,Control
B4_AGAACAGAGAAGGC_Control_TA,B4,TA,Control
B4_AGAACGCTGTTCGA_Control_TA.Early,B4,TA.Early,Control
B4_AGAATACTACACCA_Control_Enterocyte.Progenitor,B4,Enterocyte.Progenitor,Control
B4_AGAATGGACCCTTG_Control_Stem,B4,Stem,Control
B4_AGAATTTGGACAAA_Control_Stem,B4,Stem,Control
B4_AGACACTGATCGTG_Control_TA.Early,B4,TA.Early,Control
B4_AGACGTACGGTAAA_Control_TA.Early,B4,TA.Early,Control
B4_AGACTCGATCCTGC_Control_Enterocyte,B4,Enterocyte,Control
B4_AGAGATGACATACG_Control_TA.Early,B4,TA.Early,Control
B4_AGAGATGATCCCGT_Control_Stem,B4,Stem,Control
B4_AGAGTCTGAGGGTG_Control_TA,B4,TA,Control
B4_AGATATTGCCGTAA_Control_TA.Early,B4,TA.Early,Control
B4_AGCAAAGAAACGTC_Control_Enterocyte.Progenitor,B4,Enterocyte.Progenitor,Control
B4_AGCACTGAAGCACT_Control_Enterocyte.Progenitor,B4,Enterocyte.Progenitor,Control
B4_AGCATGACTGAGGG_Control_TA.Early,B4,TA.Early,Control
B4_AGCATTCTCGAGAG_Control_Goblet,B4,Goblet,Control
B4_AGCATTCTGTGAGG_Control_Enterocyte,B4,Enterocyte,Control
B4_AGCCAATGCGGAGA_Control_TA,B4,TA,Control
B4_AGCCAATGCTGTAG_Control_TA.Early,B4,TA.Early,Control
B4_AGCCAATGCTTGAG_Control_TA,B4,TA,Control
B4_AGCCACCTAAGTGA_Control_Stem,B4,Stem,Control
B4_AGCCGGACGGACAG_Control_Enterocyte,B4,Enterocyte,Control
B4_AGCCTCACATGGTC_Control_Goblet,B4,Goblet,Control
B4_AGCCTCACCATACG_Control_Enterocyte.Progenitor,B4,Enterocyte.Progenitor,Control
B4_AGCCTCACGATAAG_Control_Goblet,B4,Goblet,Control
B4_AGCGAACTCTCGCT_Control_Enterocyte,B4,Enterocyte,Control
B4_AGCGATTGCCAATG_Control_TA.Early,B4,TA.Early,Control
B4_AGCGCTCTTTCTAC_Control_TA.Early,B4,TA.Early,Control
B4_AGCGGCACTGCCCT_Control_Enterocyte,B4,Enterocyte,Control
B4_AGCGGCTGCTCAAG_Control_TA.Early,B4,TA.Early,Control
B4_AGCGGGCTCTTCTA_Control_Enterocyte,B4,Enterocyte,Control
B4_AGCGTAACAGAGAT_Control_TA.Early,B4,TA.Early,Control
B4_AGCGTAACAGCCAT_Control_TA.Early,B4,TA.Early,Control
B4_AGCTTTACACCCTC_Control_Enterocyte.Progenitor,B4,Enterocyte.Progenitor,Control
B4_AGGACTTGGCAAGG_Control_TA,B4,TA,Control
B4_AGGACTTGTAAGGA_Control_Enterocyte,B4,Enterocyte,Control
B4_AGGATAGACTACTT_Control_Enterocyte,B4,Enterocyte,Control
B4_AGGATAGACTATGG_Control_TA.Early,B4,TA.Early,Control
B4_AGGGACGAAGTTCG_Control_TA,B4,TA,Control
B4_AGGTACTGCGCTAA_Control_Enterocyte,B4,Enterocyte,Control
B4_AGGTGGGACGAGTT_Control_Enterocyte.Progenitor,B4,Enterocyte.Progenitor,Control
B4_AGGTTCGAATGGTC_Control_Enterocyte.Progenitor,B4,Enterocyte.Progenitor,Control
B4_AGGTTGTGGTTCTT_Control_Enterocyte.Progenitor,B4,Enterocyte.Progenitor,Control
B4_AGTAGAGAAGTGCT_Control_TA.Early,B4,TA.Early,Control
B4_AGTAGAGATGCGTA_Control_TA.Early,B4,TA.Early,Control
B4_AGTAGGCTCGTCTC_Control_Enterocyte,B4,Enterocyte,Control
B4_AGTATAACGATGAA_Control_TA,B4,TA,Control
B4_AGTATCCTATCAGC_Control_Enterocyte.Progenitor,B4,Enterocyte.Progenitor,Control
B4_AGTCCAGAGTTGTG_Control_Enterocyte.Progenitor,B4,Enterocyte.Progenitor,Control
B4_AGTCGAACGACTAC_Control_TA,B4,TA,Control
B4_AGTCGCCTAGAGGC_Control_Enterocyte,B4,Enterocyte,Control
B4_AGTCTACTATCTCT_Control_Enterocyte.Progenitor,B4,Enterocyte.Progenitor,Control
B4_AGTGAAGATGGCAT_Control_TA.Early,B4,TA.Early,Control
B4_AGTGCAACTGCTAG_Control_Goblet,B4,Goblet,Control
B4_AGTGTGACTAGAAG_Control_TA,B4,TA,Control
B4_AGTGTGACTTCGGA_Control_TA.Early,B4,TA.Early,Control
B4_AGTGTTCTAACGAA_Control_TA.Early,B4,TA.Early,Control
B4_AGTGTTCTACTGGT_Control_TA.Early,B4,TA.Early,Control
B4_AGTTCTACGCTACA_Control_Enterocyte,B4,Enterocyte,Control
B4_ATAACAACACCTCC_Control_Stem,B4,Stem,Control
B4_ATAACATGACCTTT_Control_TA.Early,B4,TA.Early,Control
B4_ATAACCCTGAGGAC_Control_Enterocyte,B4,Enterocyte,Control
B4_ATACCGGACCTACC_Control_Stem,B4,Stem,Control
B4_ATACCTACGGAGGT_Control_TA,B4,TA,Control
B4_ATACCTTGCAGAAA_Control_Enterocyte,B4,Enterocyte,Control
B4_ATACCTTGGCAAGG_Control_Enterocyte.Progenitor,B4,Enterocyte.Progenitor,Control
B4_ATACGTCTCCGTTC_Control_Enterocyte,B4,Enterocyte,Control
B4_ATACGTCTGAACTC_Control_Enterocyte.Progenitor,B4,Enterocyte.Progenitor,Control
B4_ATACTCTGGGTCTA_Control_Enterocyte,B4,Enterocyte,Control
B4_ATAGAACTAGAAGT_Control_TA.Early,B4,TA.Early,Control
B4_ATAGAACTAGAGGC_Control_Stem,B4,Stem,Control
B4_ATAGATACCACAAC_Control_Stem,B4,Stem,Control
B4_ATAGCCGACGCAAT_Control_Enterocyte,B4,Enterocyte,Control
B4_ATAGCTCTCTTTAC_Control_Stem,B4,Stem,Control
B4_ATAGTCCTGTACAC_Control_TA.Early,B4,TA.Early,Control
B4_ATATACGAAGGTCT_Control_TA.Early,B4,TA.Early,Control
B4_ATATACGACTGCAA_Control_Enterocyte,B4,Enterocyte,Control
B4_ATATGCCTGTCCTC_Control_Enterocyte,B4,Enterocyte,Control
B4_ATCACACTTGATGC_Control_Tuft,B4,Tuft,Control
B4_ATCACACTTGCGTA_Control_TA.Early,B4,TA.Early,Control
B4_ATCACGGAAAGGGC_Control_Enterocyte,B4,Enterocyte,Control
B4_ATCACGGAATCGAC_Control_Stem,B4,Stem,Control
B4_ATCACGGATACGAC_Control_Enterocyte,B4,Enterocyte,Control
B4_ATCACTACATGTGC_Control_Stem,B4,Stem,Control
B4_ATCACTTGTAGCGT_Control_Stem,B4,Stem,Control
B4_ATCATGCTTTTCGT_Control_Stem,B4,Stem,Control
B4_ATCCATACTGATGC_Control_TA,B4,TA,Control
B4_ATCCCGTGACCAGT_Control_Enterocyte,B4,Enterocyte,Control
B4_ATCCCGTGAGGTTC_Control_TA,B4,TA,Control
B4_ATCCTAACGTGCTA_Control_Enterocyte,B4,Enterocyte,Control
B4_ATCGAGTGAACCAC_Control_Enterocyte.Progenitor,B4,Enterocyte.Progenitor,Control
B4_ATCGCAGATCTCGC_Control_Enterocyte.Progenitor,B4,Enterocyte.Progenitor,Control
B4_ATCGCGCTCTTCTA_Control_Stem,B4,Stem,Control
B4_ATCGCGCTGAGCTT_Control_Enterocyte,B4,Enterocyte,Control
B4_ATCGGTGAGTCTTT_Control_TA.Early,B4,TA.Early,Control
B4_ATCTACTGAACGTC_Control_Stem,B4,Stem,Control
B4_ATCTCAACCAATCG_Control_Goblet,B4,Goblet,Control
B4_ATCTCAACTTCTTG_Control_Stem,B4,Stem,Control
B4_ATCTGACTCATGAC_Control_Enterocyte,B4,Enterocyte,Control
B4_ATCTGGGACTCAAG_Control_Enterocyte,B4,Enterocyte,Control
B4_ATCTTGACTATGGC_Control_TA,B4,TA,Control
B4_ATGAAACTCAACCA_Control_TA.Early,B4,TA.Early,Control
B4_ATGAGAGAGTACAC_Control_Enterocyte.Progenitor,B4,Enterocyte.Progenitor,Control
B4_ATGATAACCACACA_Control_Enterocyte.Progenitor,B4,Enterocyte.Progenitor,Control
B4_ATGATAACGGTCAT_Control_Enterocyte,B4,Enterocyte,Control
B4_ATGATATGTCAGAC_Control_TA.Early,B4,TA.Early,Control
B4_ATGCAGACCACTGA_Control_TA,B4,TA,Control
B4_ATGCAGACTCCGAA_Control_Enterocyte.Progenitor,B4,Enterocyte.Progenitor,Control
B4_ATGCAGTGGCGTTA_Control_TA,B4,TA,Control
B4_ATGCGATGTGGTTG_Control_Enterocyte,B4,Enterocyte,Control
B4_ATGCTTTGAATCGC_Control_Enterocyte.Progenitor,B4,Enterocyte.Progenitor,Control
B4_ATGCTTTGATCAGC_Control_Enterocyte,B4,Enterocyte,Control
B4_ATGGTGACTGCCAA_Control_Stem,B4,Stem,Control
B4_ATGTAAACTGCCCT_Control_Stem,B4,Stem,Control
B4_ATGTACCTCTTGAG_Control_TA.Early,B4,TA.Early,Control
B4_ATGTCACTGAAAGT_Control_Enterocyte,B4,Enterocyte,Control
B4_ATGTCGGACACAAC_Control_Endocrine,B4,Endocrine,Control
B4_ATGTTAGAGTGTTG_Control_Stem,B4,Stem,Control
B4_ATTAACGACATTCT_Control_Enterocyte,B4,Enterocyte,Control
B4_ATTAACGAGACAAA_Control_Stem,B4,Stem,Control
B4_ATTACCTGGCAGTT_Control_TA.Early,B4,TA.Early,Control
B4_ATTAGATGACCTTT_Control_Stem,B4,Stem,Control
B4_ATTCAAGATCTCGC_Control_Enterocyte.Progenitor,B4,Enterocyte.Progenitor,Control
B4_ATTCAGCTAGCTCA_Control_Enterocyte,B4,Enterocyte,Control
B4_ATTCAGCTCTCCAC_Control_Enterocyte.Progenitor,B4,Enterocyte.Progenitor,Control
B4_ATTCCATGTCTATC_Control_Enterocyte,B4,Enterocyte,Control
B4_ATTCGGGAGTTCAG_Control_TA.Early,B4,TA.Early,Control
B4_ATTCTTCTCCGATA_Control_TA.Early,B4,TA.Early,Control
B4_ATTCTTCTCTTGGA_Control_Enterocyte.Progenitor,B4,Enterocyte.Progenitor,Control
B4_ATTCTTCTTGGTAC_Control_Stem,B4,Stem,Control
B4_ATTGCTACAGCCTA_Control_TA.Early,B4,TA.Early,Control
B4_ATTGCTACTACGAC_Control_Enterocyte,B4,Enterocyte,Control
B4_ATTGGTCTCTTATC_Control_Enterocyte,B4,Enterocyte,Control
B4_ATTGGTCTTTCACT_Control_Enterocyte,B4,Enterocyte,Control
B4_ATTGTAGACATCAG_Control_TA,B4,TA,Control
B4_ATTGTCTGCAGCTA_Control_TA.Early,B4,TA.Early,Control
B4_ATTGTCTGCCTCGT_Control_Enterocyte.Progenitor,B4,Enterocyte.Progenitor,Control
B4_ATTGTCTGGCATAC_Control_TA.Early,B4,TA.Early,Control
B4_ATTGTCTGGCCCTT_Control_Enterocyte.Progenitor,B4,Enterocyte.Progenitor,Control
B4_CAAATATGGAATCC_Control_Stem,B4,Stem,Control
B4_CAAATATGGGATTC_Control_Enterocyte.Progenitor,B4,Enterocyte.Progenitor,Control
B4_CAAATTGATATTCC_Control_Enterocyte,B4,Enterocyte,Control
B4_CAACAGACCACTGA_Control_Goblet,B4,Goblet,Control
B4_CAACAGACCGTGAT_Control_Stem,B4,Stem,Control
B4_CAACCAGAACCCAA_Control_TA.Early,B4,TA.Early,Control
B4_CAACGAACCCAATG_Control_Stem,B4,Stem,Control
B4_CAACGATGTCCAGA_Control_Stem,B4,Stem,Control
B4_CAACGTGATAACGC_Control_Stem,B4,Stem,Control
B4_CAAGAAGAGGAGCA_Control_TA.Early,B4,TA.Early,Control
B4_CAAGACACTGAGAA_Control_Enterocyte.Progenitor,B4,Enterocyte.Progenitor,Control
B4_CAAGCATGGTGCAT_Control_Enterocyte,B4,Enterocyte,Control
B4_CAAGCCCTCTGGAT_Control_Enterocyte.Progenitor,B4,Enterocyte.Progenitor,Control
B4_CAATAAACCATTTC_Control_Stem,B4,Stem,Control
B4_CAATAAACTCCTGC_Control_TA,B4,TA,Control
B4_CAATATGACGTACA_Control_Stem,B4,Stem,Control
B4_CAATATGATTGTCT_Control_Stem,B4,Stem,Control
B4_CAATGGACCACTAG_Control_TA.Early,B4,TA.Early,Control
B4_CAATTCTGTTGGCA_Control_Stem,B4,Stem,Control
B4_CACAGCCTTCCGTC_Control_Enterocyte,B4,Enterocyte,Control
B4_CACAGTGACGGGAA_Control_TA.Early,B4,TA.Early,Control
B4_CACCCATGAATGCC_Control_TA.Early,B4,TA.Early,Control
B4_CACCCATGACAGCT_Control_Stem,B4,Stem,Control
B4_CACCCATGCTGACA_Control_TA,B4,TA,Control
B4_CACCCATGCTTGAG_Control_TA.Early,B4,TA.Early,Control
B4_CACCGGGAAAGAAC_Control_TA.Early,B4,TA.Early,Control
B4_CACCGGGAATACCG_Control_TA,B4,TA,Control
B4_CACCGTTGCTTCCG_Control_Stem,B4,Stem,Control
B4_CACCGTTGTTTGCT_Control_TA.Early,B4,TA.Early,Control
B4_CACGAAACGAATCC_Control_Stem,B4,Stem,Control
B4_CACGAAACGCATCA_Control_Enterocyte.Progenitor,B4,Enterocyte.Progenitor,Control
B4_CACGCTACAGAGAT_Control_Stem,B4,Stem,Control
B4_CACGCTACTATCTC_Control_Enterocyte.Progenitor,B4,Enterocyte.Progenitor,Control
B4_CACGGGACGACGTT_Control_Enterocyte.Progenitor,B4,Enterocyte.Progenitor,Control
B4_CACTAGGAATGCCA_Control_Stem,B4,Stem,Control
B4_CACTATACACGTAC_Control_Enterocyte.Progenitor,B4,Enterocyte.Progenitor,Control
B4_CACTATACCGTGAT_Control_TA,B4,TA,Control
B4_CACTATACTCCAGA_Control_TA,B4,TA,Control
B4_CACTGCACACGTTG_Control_TA.Early,B4,TA.Early,Control
B4_CACTGCACTCGTAG_Control_TA.Early,B4,TA.Early,Control
B4_CACTGCTGAAAGCA_Control_Enterocyte,B4,Enterocyte,Control
B4_CACTTAACCAGGAG_Control_TA.Early,B4,TA.Early,Control
B4_CACTTAACTTAGGC_Control_Enterocyte,B4,Enterocyte,Control
B4_CACTTTGATCACGA_Control_Endocrine,B4,Endocrine,Control
B4_CACTTTGATTGCAG_Control_Enterocyte.Progenitor,B4,Enterocyte.Progenitor,Control
B4_CAGAAGCTTGGTTG_Control_Enterocyte,B4,Enterocyte,Control
B4_CAGACATGCTTACT_Control_TA.Early,B4,TA.Early,Control
B4_CAGACCCTACCAGT_Control_Enterocyte.Progenitor,B4,Enterocyte.Progenitor,Control
B4_CAGACCCTGTTGGT_Control_Enterocyte.Progenitor,B4,Enterocyte.Progenitor,Control
B4_CAGATCGAGGTGTT_Control_Enterocyte,B4,Enterocyte,Control
B4_CAGCATGAGGTGGA_Control_TA.Early,B4,TA.Early,Control
B4_CAGCCTACGCTGTA_Control_Enterocyte,B4,Enterocyte,Control
B4_CAGCCTTGCCTTGC_Control_Enterocyte.Progenitor,B4,Enterocyte.Progenitor,Control
B4_CAGCGTCTGCCCTT_Control_Enterocyte.Progenitor,B4,Enterocyte.Progenitor,Control
B4_CAGCTCACCTTGAG_Control_TA,B4,TA,Control
B4_CAGCTCTGAAAGTG_Control_TA,B4,TA,Control
B4_CAGCTCTGGTGCAT_Control_TA,B4,TA,Control
B4_CAGGAACTCTAGAC_Control_Enterocyte,B4,Enterocyte,Control
B4_CAGGGCACTGTGGT_Control_Endocrine,B4,Endocrine,Control
B4_CAGGTATGCTGACA_Control_Enterocyte.Progenitor,B4,Enterocyte.Progenitor,Control
B4_CAGTCAGAGTAGCT_Control_Enterocyte.Progenitor,B4,Enterocyte.Progenitor,Control
B4_CAGTGTGACGCAAT_Control_Enterocyte,B4,Enterocyte,Control
B4_CAGTTACTAACCTG_Control_TA,B4,TA,Control
B4_CAGTTACTGTGCAT_Control_Stem,B4,Stem,Control
B4_CATAAATGCTATGG_Control_Enterocyte,B4,Enterocyte,Control
B4_CATAACCTGGGATG_Control_Stem,B4,Stem,Control
B4_CATACTACCAGCTA_Control_TA.Early,B4,TA.Early,Control
B4_CATACTACCGAGAG_Control_Endocrine,B4,Endocrine,Control
B4_CATACTTGAAGGCG_Control_Enterocyte,B4,Enterocyte,Control
B4_CATAGTCTTTTACC_Control_Stem,B4,Stem,Control
B4_CATCAACTTATCTC_Control_Stem,B4,Stem,Control
B4_CATCAGGATACTGG_Control_Enterocyte.Progenitor,B4,Enterocyte.Progenitor,Control
B4_CATCCCGACTGTGA_Control_TA,B4,TA,Control
B4_CATCGCTGGCTGAT_Control_TA,B4,TA,Control
B4_CATGAGACGAGACG_Control_Enterocyte,B4,Enterocyte,Control
B4_CATGCGCTATCGGT_Control_Endocrine,B4,Endocrine,Control
B4_CATGCGCTCAGAGG_Control_Enterocyte.Progenitor,B4,Enterocyte.Progenitor,Control
B4_CATGGCCTGTCTAG_Control_Enterocyte.Progenitor,B4,Enterocyte.Progenitor,Control
B4_CATGTACTATGACC_Control_Enterocyte,B4,Enterocyte,Control
B4_CATGTACTTGCAGT_Control_Stem,B4,Stem,Control
B4_CATTAGCTGCGGAA_Control_Enterocyte,B4,Enterocyte,Control
B4_CATTCCCTAGCACT_Control_TA.Early,B4,TA.Early,Control
B4_CATTGACTCATGAC_Control_Enterocyte,B4,Enterocyte,Control
B4_CATTTCGATACTTC_Control_Enterocyte.Progenitor,B4,Enterocyte.Progenitor,Control
B4_CATTTGACCAGTCA_Control_Enterocyte,B4,Enterocyte,Control
B4_CATTTGACCCGATA_Control_TA.Early,B4,TA.Early,Control
B4_CATTTGTGGCTACA_Control_Enterocyte,B4,Enterocyte,Control
B4_CCAACCTGTGCCAA_Control_Enterocyte,B4,Enterocyte,Control
B4_CCAAGAACCATGCA_Control_Enterocyte,B4,Enterocyte,Control
B4_CCAAGATGTTCTGT_Control_Enterocyte.Progenitor,B4,Enterocyte.Progenitor,Control
B4_CCAAGTGATTGTGG_Control_TA.Early,B4,TA.Early,Control
B4_CCACCATGGTTAGC_Control_Goblet,B4,Goblet,Control
B4_CCACCTGAGAGGCA_Control_Enterocyte,B4,Enterocyte,Control
B4_CCACTGACACAGTC_Control_Goblet,B4,Goblet,Control
B4_CCACTGTGCTAAGC_Control_Stem,B4,Stem,Control
B4_CCAGATGAACACCA_Control_Enterocyte,B4,Enterocyte,Control
B4_CCAGATGATATCTC_Control_Stem,B4,Stem,Control
B4_CCAGCGGATTATCC_Control_TA,B4,TA,Control
B4_CCAGCGGATTCTCA_Control_Enterocyte,B4,Enterocyte,Control
B4_CCAGCTACGCGGAA_Control_Enterocyte,B4,Enterocyte,Control
B4_CCAGTCTGTTCGCC_Control_TA.Early,B4,TA.Early,Control
B4_CCAGTGCTACCTCC_Control_Endocrine,B4,Endocrine,Control
B4_CCAGTGCTCTGCTC_Control_TA.Early,B4,TA.Early,Control
B4_CCAGTGCTTGGTAC_Control_Enterocyte.Progenitor,B4,Enterocyte.Progenitor,Control
B4_CCATCCGACTTCTA_Control_Stem,B4,Stem,Control
B4_CCATGCTGAACGAA_Control_Enterocyte,B4,Enterocyte,Control
B4_CCATGCTGGGCAAG_Control_TA.Early,B4,TA.Early,Control
B4_CCCACATGGAGACG_Control_Enterocyte.Progenitor,B4,Enterocyte.Progenitor,Control
B4_CCCAGTTGTTATCC_Control_Stem,B4,Stem,Control
B4_CCCATCGACTGGTA_Control_Enterocyte.Progenitor,B4,Enterocyte.Progenitor,Control
B4_CCCATCGAGTCGTA_Control_TA.Early,B4,TA.Early,Control
B4_CCCATGTGGCTGTA_Control_Stem,B4,Stem,Control
B4_CCCGAACTTGTTTC_Control_Enterocyte,B4,Enterocyte,Control
B4_CCCGATTGACCTCC_Control_TA.Early,B4,TA.Early,Control
B4_CCCGGAGATTCGTT_Control_Goblet,B4,Goblet,Control
B4_CCCGGAGATTCTGT_Control_Stem,B4,Stem,Control
B4_CCCTACGAGCTAAC_Control_Enterocyte,B4,Enterocyte,Control
B4_CCCTACGAGTCTGA_Control_Enterocyte,B4,Enterocyte,Control
B4_CCCTACGATGAAGA_Control_Enterocyte.Progenitor,B4,Enterocyte.Progenitor,Control
B4_CCCTCAGACAGAAA_Control_TA,B4,TA,Control
B4_CCCTGATGCCTCAC_Control_TA,B4,TA,Control
B4_CCCTTACTGATAGA_Control_Enterocyte,B4,Enterocyte,Control
B4_CCGACACTAAGCCT_Control_TA,B4,TA,Control
B4_CCGACACTCCTTAT_Control_TA.Early,B4,TA.Early,Control
B4_CCGACTACAAGTAG_Control_Stem,B4,Stem,Control
B4_CCGATAGAGGAAGC_Control_TA.Early,B4,TA.Early,Control
B4_CCGTAAGACCTTAT_Control_Stem,B4,Stem,Control
B4_CCGTAAGAGGAACG_Control_TA.Early,B4,TA.Early,Control
B4_CCGTAAGATTTGTC_Control_Enterocyte.Progenitor,B4,Enterocyte.Progenitor,Control
B4_CCTAAACTTGGGAG_Control_Enterocyte,B4,Enterocyte,Control
B4_CCTAAGGACGACAT_Control_TA.Early,B4,TA.Early,Control
B4_CCTAGAGAGAGACG_Control_TA,B4,TA,Control
B4_CCTCGAACAGATCC_Control_TA,B4,TA,Control
B4_CCTCGAACGAAAGT_Control_Enterocyte,B4,Enterocyte,Control
B4_CCTGGACTTGCAGT_Control_TA,B4,TA,Control
B4_CCTGGACTTTGCTT_Control_Enterocyte,B4,Enterocyte,Control
B4_CGAAGGGAAACCAC_Control_Stem,B4,Stem,Control
B4_CGACCTTGATTTCC_Control_TA.Early,B4,TA.Early,Control
B4_CGAGAACTAGCACT_Control_TA.Early,B4,TA.Early,Control
B4_CGAGAACTGCAGAG_Control_Enterocyte,B4,Enterocyte,Control
B4_CGAGCGTGCCTATT_Control_Enterocyte.Progenitor,B4,Enterocyte.Progenitor,Control
B4_CGAGCGTGTACTGG_Control_Enterocyte.Progenitor,B4,Enterocyte.Progenitor,Control
B4_CGAGGAGAAGTCAC_Control_Stem,B4,Stem,Control
B4_CGAGTATGGGTAGG_Control_TA.Early,B4,TA.Early,Control
B4_CGAGTATGTTCAGG_Control_TA.Early,B4,TA.Early,Control
B4_CGATACGACCGCTT_Control_Enterocyte.Progenitor,B4,Enterocyte.Progenitor,Control
B4_CGATACGATCGTTT_Control_TA,B4,TA,Control
B4_CGATCCACCTAAGC_Control_TA.Early,B4,TA.Early,Control
B4_CGCAAATGCAATCG_Control_Enterocyte,B4,Enterocyte,Control
B4_CGCATAGACCCTCA_Control_Enterocyte,B4,Enterocyte,Control
B4_CGCCATTGACGGGA_Control_Enterocyte,B4,Enterocyte,Control
B4_CGCCTAACCATACG_Control_Enterocyte.Progenitor,B4,Enterocyte.Progenitor,Control
B4_CGCGAGACTTCTCA_Control_Goblet,B4,Goblet,Control
B4_CGCTACACCGGTAT_Control_TA.Early,B4,TA.Early,Control
B4_CGCTACACGCCAAT_Control_Enterocyte,B4,Enterocyte,Control
B4_CGCTACTGTGAGCT_Control_Enterocyte.Progenitor,B4,Enterocyte.Progenitor,Control
B4_CGCTCATGTAGACC_Control_Enterocyte.Progenitor,B4,Enterocyte.Progenitor,Control
B4_CGGATATGCCTATT_Control_Enterocyte.Progenitor,B4,Enterocyte.Progenitor,Control
B4_CGGCATCTACGTGT_Control_TA.Early,B4,TA.Early,Control
B4_CGGCATCTTATCGG_Control_Enterocyte.Progenitor,B4,Enterocyte.Progenitor,Control
B4_CGGCCAGACGTGAT_Control_TA,B4,TA,Control
B4_CGGCCAGAGTAGCT_Control_Enterocyte.Progenitor,B4,Enterocyte.Progenitor,Control
B4_CGGGACTGCCGATA_Control_TA,B4,TA,Control
B4_CGGGCATGCTGTAG_Control_Enterocyte,B4,Enterocyte,Control
B4_CGGTAAACATTTCC_Control_TA,B4,TA,Control
B4_CGGTACCTGTTGTG_Control_TA,B4,TA,Control
B4_CGGTCACTACCATG_Control_Stem,B4,Stem,Control
B4_CGTACCACACGGGA_Control_Stem,B4,Stem,Control
B4_CGTACCACGTCTAG_Control_TA.Early,B4,TA.Early,Control
B4_CGTACCTGTAGAGA_Control_Enterocyte,B4,Enterocyte,Control
B4_CGTAGCCTAAGGTA_Control_Stem,B4,Stem,Control
B4_CGTCCATGCAGATC_Control_Enterocyte,B4,Enterocyte,Control
B4_CGTGAATGGGAACG_Control_Stem,B4,Stem,Control
B4_CGTGATGAGGTATC_Control_Enterocyte.Progenitor,B4,Enterocyte.Progenitor,Control
B4_CGTGATGATGTCGA_Control_Enterocyte,B4,Enterocyte,Control
B4_CGTGCACTCCTTGC_Control_Goblet,B4,Goblet,Control
B4_CGTGCACTGCTTCC_Control_Goblet,B4,Goblet,Control
B4_CGTTAACTACGCTA_Control_Enterocyte.Progenitor,B4,Enterocyte.Progenitor,Control
B4_CTAAACCTAGCTCA_Control_Enterocyte.Progenitor,B4,Enterocyte.Progenitor,Control
B4_CTAAACCTTGTCAG_Control_Enterocyte,B4,Enterocyte,Control
B4_CTAAGGACACGGTT_Control_TA,B4,TA,Control
B4_CTAAGGACGATGAA_Control_TA.Early,B4,TA.Early,Control
B4_CTAATAGAACGTTG_Control_Goblet,B4,Goblet,Control
B4_CTAATGCTCAACCA_Control_Enterocyte.Progenitor,B4,Enterocyte.Progenitor,Control
B4_CTACAACTTCGATG_Control_Stem,B4,Stem,Control
B4_CTACCTCTTCTCGC_Control_Endocrine,B4,Endocrine,Control
B4_CTACGCACCGAGAG_Control_Enterocyte.Progenitor,B4,Enterocyte.Progenitor,Control
B4_CTACTATGGCGAAG_Control_Enterocyte,B4,Enterocyte,Control
B4_CTAGAGACTAGTCG_Control_TA,B4,TA,Control
B4_CTAGATCTCTCCAC_Control_TA.Early,B4,TA.Early,Control
B4_CTAGGTGACCCAAA_Control_TA,B4,TA,Control
B4_CTAGTTTGTAGCGT_Control_TA.Early,B4,TA.Early,Control
B4_CTATAAGACCACCT_Control_TA.Early,B4,TA.Early,Control
B4_CTATACTGATCTTC_Control_TA.Early,B4,TA.Early,Control
B4_CTATCAACTGACAC_Control_Enterocyte.Progenitor,B4,Enterocyte.Progenitor,Control
B4_CTATCATGCCATGA_Control_TA.Early,B4,TA.Early,Control
B4_CTATCATGGTTAGC_Control_TA,B4,TA,Control
B4_CTATGACTAGGAGC_Control_Goblet,B4,Goblet,Control
B4_CTATGTACTCTTTG_Control_Enterocyte,B4,Enterocyte,Control
B4_CTATTGACACACCA_Control_TA,B4,TA,Control
B4_CTCAGGCTGGACAG_Control_Enterocyte,B4,Enterocyte,Control
B4_CTCGCATGAGCCAT_Control_TA,B4,TA,Control
B4_CTCGCATGCCTGTC_Control_Stem,B4,Stem,Control
B4_CTCGCATGTTTGCT_Control_Enterocyte,B4,Enterocyte,Control
B4_CTCTAAACTCCTCG_Control_TA,B4,TA,Control
B4_CTGAAGACACCATG_Control_Stem,B4,Stem,Control
B4_CTGAAGTGGACACT_Control_Enterocyte,B4,Enterocyte,Control
B4_CTGAATCTGGAGGT_Control_Enterocyte,B4,Enterocyte,Control
B4_CTGAATCTGGTACT_Control_TA.Early,B4,TA.Early,Control
B4_CTGACAGACCTTCG_Control_Enterocyte,B4,Enterocyte,Control
B4_CTGACCACAGAGAT_Control_TA.Early,B4,TA.Early,Control
B4_CTGAGCCTCTAGAC_Control_Enterocyte,B4,Enterocyte,Control
B4_CTGAGCCTCTGTCC_Control_Enterocyte.Progenitor,B4,Enterocyte.Progenitor,Control
B4_CTGATACTAGTACC_Control_Stem,B4,Stem,Control
B4_CTGCGACTTCTATC_Control_Stem,B4,Stem,Control
B4_CTGGAAACAGTCGT_Control_TA,B4,TA,Control
B4_CTTAAAGACATTCT_Control_Enterocyte,B4,Enterocyte,Control
B4_CTTAAAGACCTTCG_Control_TA,B4,TA,Control
B4_CTTAAGCTGCTGAT_Control_Goblet,B4,Goblet,Control
B4_CTTAAGCTGGACAG_Control_Stem,B4,Stem,Control
B4_CTTACAACATCGGT_Control_Stem,B4,Stem,Control
B4_CTTACAACGCGGAA_Control_Enterocyte,B4,Enterocyte,Control
B4_CTTACAACTGCCCT_Control_Enterocyte.Progenitor,B4,Enterocyte.Progenitor,Control
B4_CTTAGGGAAAGGTA_Control_Enterocyte.Progenitor,B4,Enterocyte.Progenitor,Control
B4_CTTCATGATGTCAG_Control_Stem,B4,Stem,Control
B4_CTTCTAGAACCTAG_Control_TA,B4,TA,Control
B4_CTTGAACTTGCAGT_Control_Enterocyte.Progenitor,B4,Enterocyte.Progenitor,Control
B4_CTTGATTGGTGAGG_Control_Enterocyte,B4,Enterocyte,Control
B4_CTTGTATGTGACAC_Control_Enterocyte.Progenitor,B4,Enterocyte.Progenitor,Control
B4_CTTTAGACCCACAA_Control_TA.Early,B4,TA.Early,Control
B4_CTTTGATGGTTCAG_Control_Enterocyte.Progenitor,B4,Enterocyte.Progenitor,Control
B4_GAAACCTGACGGAG_Control_Enterocyte,B4,Enterocyte,Control
B4_GAAAGATGTGTTCT_Control_TA.Early,B4,TA.Early,Control
B4_GAAAGCCTCCCGTT_Control_TA.Early,B4,TA.Early,Control
B4_GAAAGTGATCCCGT_Control_TA,B4,TA,Control
B4_GAAATACTCCCTAC_Control_TA,B4,TA,Control
B4_GAACACACCCCTTG_Control_TA.Early,B4,TA.Early,Control
B4_GAACACACTCGCTC_Control_Enterocyte,B4,Enterocyte,Control
B4_GAACCAACAAAACG_Control_TA.Early,B4,TA.Early,Control
B4_GAACCAACGACACT_Control_Enterocyte.Progenitor,B4,Enterocyte.Progenitor,Control
B4_GAACCTGAGTGTTG_Control_TA.Early,B4,TA.Early,Control
B4_GAACGGGAGATAGA_Control_Enterocyte.Progenitor,B4,Enterocyte.Progenitor,Control
B4_GAACTGTGGTGCTA_Control_Enterocyte,B4,Enterocyte,Control
B4_GAACTGTGTGCTAG_Control_Enterocyte,B4,Enterocyte,Control
B4_GAAGAATGACCAGT_Control_Enterocyte,B4,Enterocyte,Control
B4_GAAGCGGAACCCTC_Control_Enterocyte,B4,Enterocyte,Control
B4_GAAGCTTGACCATG_Control_Stem,B4,Stem,Control
B4_GAAGGGTGTTGGCA_Control_Enterocyte.Progenitor,B4,Enterocyte.Progenitor,Control
B4_GAAGGTCTTTGTCT_Control_TA.Early,B4,TA.Early,Control
B4_GACAACTGAGTACC_Control_Enterocyte,B4,Enterocyte,Control
B4_GACAGTACGCCCTT_Control_TA,B4,TA,Control
B4_GACAGTTGGTTGTG_Control_Enterocyte,B4,Enterocyte,Control
B4_GACCATGACATGGT_Control_TA.Early,B4,TA.Early,Control
B4_GACCATGAGAGCTT_Control_Enterocyte.Progenitor,B4,Enterocyte.Progenitor,Control
B4_GACCTAGACTGTAG_Control_TA.Early,B4,TA.Early,Control
B4_GACCTAGATGAAGA_Control_TA.Early,B4,TA.Early,Control
B4_GACCTCACACACCA_Control_TA.Early,B4,TA.Early,Control
B4_GACGAACTGGTCTA_Control_Stem,B4,Stem,Control
B4_GACGAACTTGTGAC_Control_TA,B4,TA,Control
B4_GACGAGGACCAAGT_Control_Enterocyte,B4,Enterocyte,Control
B4_GACGAGGAGGACAG_Control_Endocrine,B4,Endocrine,Control
B4_GACGATTGGCGTTA_Control_Stem,B4,Stem,Control
B4_GACGCCGAAGCATC_Control_Stem,B4,Stem,Control
B4_GACGTATGTGGAAA_Control_Enterocyte,B4,Enterocyte,Control
B4_GACGTCCTTCGCAA_Control_Stem,B4,Stem,Control
B4_GACTGAACTCGTAG_Control_TA.Early,B4,TA.Early,Control
B4_GACTGATGACTGGT_Control_TA.Early,B4,TA.Early,Control
B4_GACTGATGGTGCTA_Control_Tuft,B4,Tuft,Control
B4_GAGATAGACAGTCA_Control_TA,B4,TA,Control
B4_GAGATGCTCTGCTC_Control_Enterocyte,B4,Enterocyte,Control
B4_GAGCAACTCCGTTC_Control_Enterocyte.Progenitor,B4,Enterocyte.Progenitor,Control
B4_GAGCAACTTCTTAC_Control_Enterocyte,B4,Enterocyte,Control
B4_GAGCAGGAGAGCTT_Control_Goblet,B4,Goblet,Control
B4_GAGCGCACCGGTAT_Control_Enterocyte.Progenitor,B4,Enterocyte.Progenitor,Control
B4_GAGCGCTGAGAGTA_Control_TA.Early,B4,TA.Early,Control
B4_GAGGACGAACCTCC_Control_TA.Early,B4,TA.Early,Control
B4_GAGGATCTCCGCTT_Control_TA,B4,TA,Control
B4_GAGGATCTGCAAGG_Control_Goblet,B4,Goblet,Control
B4_GAGGGAACGGAGTG_Control_Enterocyte.Progenitor,B4,Enterocyte.Progenitor,Control
B4_GAGGGAACTCGCCT_Control_Goblet,B4,Goblet,Control
B4_GAGGGATGTTCCGC_Control_TA.Early,B4,TA.Early,Control
B4_GAGGGTGAAAGTAG_Control_Enterocyte.Progenitor,B4,Enterocyte.Progenitor,Control
B4_GAGGTACTACGACT_Control_TA,B4,TA,Control
B4_GAGGTACTTAACCG_Control_Enterocyte,B4,Enterocyte,Control
B4_GAGGTGGAAGTGCT_Control_Enterocyte,B4,Enterocyte,Control
B4_GAGGTTACCGCTAA_Control_Goblet,B4,Goblet,Control
B4_GAGGTTACGATGAA_Control_Enterocyte.Progenitor,B4,Enterocyte.Progenitor,Control
B4_GAGTAAGATCTTCA_Control_TA.Early,B4,TA.Early,Control
B4_GAGTACTGTACGAC_Control_Stem,B4,Stem,Control
B4_GAGTCAACGGTATC_Control_Enterocyte.Progenitor,B4,Enterocyte.Progenitor,Control
B4_GAGTCTGAGGACGA_Control_Goblet,B4,Goblet,Control
B4_GAGTGACTGTTACG_Control_Enterocyte.Progenitor,B4,Enterocyte.Progenitor,Control
B4_GAGTGGGAGAATAG_Control_Stem,B4,Stem,Control
B4_GAGTGTTGGGTTCA_Control_TA.Early,B4,TA.Early,Control
B4_GAGTTGTGACAGTC_Control_TA.Early,B4,TA.Early,Control
B4_GAGTTGTGTCCAAG_Control_Goblet,B4,Goblet,Control
B4_GATAATACCTGAAC_Control_TA.Early,B4,TA.Early,Control
B4_GATACTCTGCAAGG_Control_TA.Early,B4,TA.Early,Control
B4_GATAGAGACTACCC_Control_Goblet,B4,Goblet,Control
B4_GATAGCACCCTTGC_Control_Endocrine,B4,Endocrine,Control
B4_GATAGCACTGCATG_Control_Enterocyte,B4,Enterocyte,Control
B4_GATATAACCTTCGC_Control_TA.Early,B4,TA.Early,Control
B4_GATCATCTAAAAGC_Control_TA,B4,TA,Control
B4_GATCCCTGGGTGGA_Control_Enterocyte.Progenitor,B4,Enterocyte.Progenitor,Control
B4_GATCCCTGGGTTAC_Control_Enterocyte.Progenitor,B4,Enterocyte.Progenitor,Control
B4_GATCGTGACCAGTA_Control_TA.Early,B4,TA.Early,Control
B4_GATCGTGATGTCGA_Control_Enterocyte.Progenitor,B4,Enterocyte.Progenitor,Control
B4_GATGACACCAATCG_Control_Enterocyte.Progenitor,B4,Enterocyte.Progenitor,Control
B4_GATGCAACCGTGAT_Control_TA.Early,B4,TA.Early,Control
B4_GATGCATGGATAGA_Control_TA.Early,B4,TA.Early,Control
B4_GATGCCCTTCAGAC_Control_Stem,B4,Stem,Control
B4_GATTACCTGCGATT_Control_Enterocyte,B4,Enterocyte,Control
B4_GATTCTACACACTG_Control_Enterocyte.Progenitor,B4,Enterocyte.Progenitor,Control
B4_GATTCTACACCATG_Control_TA,B4,TA,Control
B4_GATTCTTGCGCAAT_Control_Enterocyte.Progenitor,B4,Enterocyte.Progenitor,Control
B4_GATTGGTGAGCAAA_Control_Enterocyte,B4,Enterocyte,Control
B4_GATTGGTGGGTGAG_Control_Enterocyte.Progenitor,B4,Enterocyte.Progenitor,Control
B4_GATTGGTGTAGTCG_Control_Enterocyte.Progenitor,B4,Enterocyte.Progenitor,Control
B4_GATTTAGAGCCTTC_Control_Enterocyte.Progenitor,B4,Enterocyte.Progenitor,Control
B4_GATTTGCTCATGCA_Control_Stem,B4,Stem,Control
B4_GCAACCCTAACAGA_Control_Stem,B4,Stem,Control
B4_GCAACTGATGCTCC_Control_TA.Early,B4,TA.Early,Control
B4_GCAATCGAGACAGG_Control_Stem,B4,Stem,Control
B4_GCACAAACAGAAGT_Control_Enterocyte,B4,Enterocyte,Control
B4_GCACAAACGTACCA_Control_TA.Early,B4,TA.Early,Control
B4_GCACCACTAGTAGA_Control_TA.Early,B4,TA.Early,Control
B4_GCACGGTGTCTTTG_Control_Enterocyte.Progenitor,B4,Enterocyte.Progenitor,Control
B4_GCACGTCTCTTCCG_Control_Enterocyte,B4,Enterocyte,Control
B4_GCAGCCGATCGCAA_Control_Enterocyte,B4,Enterocyte,Control
B4_GCAGCTCTAACCTG_Control_Enterocyte.Progenitor,B4,Enterocyte.Progenitor,Control
B4_GCAGCTCTCCCTCA_Control_Enterocyte.Progenitor,B4,Enterocyte.Progenitor,Control
B4_GCAGGGCTCGACTA_Control_TA,B4,TA,Control
B4_GCAGTCCTGAGCAG_Control_TA,B4,TA,Control
B4_GCAGTTGAGACACT_Control_Enterocyte.Progenitor,B4,Enterocyte.Progenitor,Control
B4_GCAGTTGAGCTCCT_Control_TA,B4,TA,Control
B4_GCATTGGAACCTCC_Control_Enterocyte,B4,Enterocyte,Control
B4_GCCAAAACCGTTAG_Control_TA.Early,B4,TA.Early,Control
B4_GCCACGGACTCCAC_Control_TA,B4,TA,Control
B4_GCCATGCTTTATCC_Control_Stem,B4,Stem,Control
B4_GCCCAACTCAGATC_Control_Enterocyte.Progenitor,B4,Enterocyte.Progenitor,Control
B4_GCCCATACACGCAT_Control_Stem,B4,Stem,Control
B4_GCCGGAACGAGGTG_Control_TA.Early,B4,TA.Early,Control
B4_GCCGTACTCTATGG_Control_Enterocyte.Progenitor,B4,Enterocyte.Progenitor,Control
B4_GCCTCAACCTGTAG_Control_Enterocyte.Progenitor,B4,Enterocyte.Progenitor,Control
B4_GCCTCAACGGAAGC_Control_TA,B4,TA,Control
B4_GCGACTCTTTCTGT_Control_Enterocyte,B4,Enterocyte,Control
B4_GCGATATGCAGTCA_Control_Enterocyte,B4,Enterocyte,Control
B4_GCGATATGTTTGTC_Control_Stem,B4,Stem,Control
B4_GCGGAGCTTTCGCC_Control_Enterocyte.Progenitor,B4,Enterocyte.Progenitor,Control
B4_GCGTAAACAACGTC_Control_Enterocyte,B4,Enterocyte,Control
B4_GCGTAAACGATAAG_Control_Enterocyte.Progenitor,B4,Enterocyte.Progenitor,Control
B4_GCGTACCTTTCTAC_Control_TA.Early,B4,TA.Early,Control
B4_GCGTACCTTTCTTG_Control_TA.Early,B4,TA.Early,Control
B4_GCGTATGAGTGAGG_Control_Enterocyte,B4,Enterocyte,Control
B4_GCGTATGATATCGG_Control_Enterocyte,B4,Enterocyte,Control
B4_GCTACAGATAAGCC_Control_TA.Early,B4,TA.Early,Control
B4_GCTACAGATTCTAC_Control_TA,B4,TA,Control
B4_GCTACCTGGCGGAA_Control_TA,B4,TA,Control
B4_GCTACCTGGTATCG_Control_Enterocyte.Progenitor,B4,Enterocyte.Progenitor,Control
B4_GCTACGCTTTTCGT_Control_Enterocyte.Progenitor,B4,Enterocyte.Progenitor,Control
B4_GCTAGAACACTGTG_Control_Enterocyte.Progenitor,B4,Enterocyte.Progenitor,Control
B4_GCTAGAACGGTGTT_Control_TA.Early,B4,TA.Early,Control
B4_GCTCCATGACGGAG_Control_Stem,B4,Stem,Control
B4_GCTGATGAAGATCC_Control_Enterocyte.Progenitor,B4,Enterocyte.Progenitor,Control
B4_GGAACACTCTACCC_Control_TA,B4,TA,Control
B4_GGAACTTGGCGAGA_Control_Enterocyte,B4,Enterocyte,Control
B4_GGAAGGACGCTGTA_Control_Stem,B4,Stem,Control
B4_GGAAGGTGCCTATT_Control_TA,B4,TA,Control
B4_GGAATCTGCAACCA_Control_Stem,B4,Stem,Control
B4_GGACATTGAGAACA_Control_Enterocyte.Progenitor,B4,Enterocyte.Progenitor,Control
B4_GGACCGTGGCGAGA_Control_Enterocyte,B4,Enterocyte,Control
B4_GGACCTCTGTTTGG_Control_Enterocyte,B4,Enterocyte,Control
B4_GGAGCCACATGTGC_Control_TA.Early,B4,TA.Early,Control
B4_GGAGCCACCATCAG_Control_Enterocyte.Progenitor,B4,Enterocyte.Progenitor,Control
B4_GGAGCGCTGTTCTT_Control_TA,B4,TA,Control
B4_GGAGCGCTTAACCG_Control_Stem,B4,Stem,Control
B4_GGAGGATGATAAGG_Control_Endocrine,B4,Endocrine,Control
B4_GGAGGCCTCCCTCA_Control_Enterocyte.Progenitor,B4,Enterocyte.Progenitor,Control
B4_GGATACTGATCGGT_Control_Enterocyte.Progenitor,B4,Enterocyte.Progenitor,Control
B4_GGATGTTGCCGAAT_Control_Stem,B4,Stem,Control
B4_GGATTTCTGAAAGT_Control_Enterocyte.Progenitor,B4,Enterocyte.Progenitor,Control
B4_GGCACTCTGTTGAC_Control_Enterocyte.Progenitor,B4,Enterocyte.Progenitor,Control
B4_GGCCGAACGTATCG_Control_Stem,B4,Stem,Control
B4_GGCGACACCGACTA_Control_Enterocyte,B4,Enterocyte,Control
B4_GGCGACTGAGAACA_Control_Enterocyte,B4,Enterocyte,Control
B4_GGCGCATGAGAGGC_Control_Enterocyte.Progenitor,B4,Enterocyte.Progenitor,Control
B4_GGCGCATGGCTTAG_Control_TA.Early,B4,TA.Early,Control
B4_GGCGGACTTTCAGG_Control_Enterocyte,B4,Enterocyte,Control
B4_GGCTAAACAATGCC_Control_TA,B4,TA,Control
B4_GGCTAAACAGAACA_Control_Enterocyte.Progenitor,B4,Enterocyte.Progenitor,Control
B4_GGCTACCTTACTCT_Control_Enterocyte,B4,Enterocyte,Control
B4_GGGAACGAGCATAC_Control_TA.Early,B4,TA.Early,Control
B4_GGGAAGTGCTTCTA_Control_Enterocyte,B4,Enterocyte,Control
B4_GGGACCACCATGCA_Control_Enterocyte.Progenitor,B4,Enterocyte.Progenitor,Control
B4_GGGACCTGCTGGAT_Control_TA,B4,TA,Control
B4_GGGATGGAACGACT_Control_TA,B4,TA,Control
B4_GGGATTACTGAACC_Control_TA,B4,TA,Control
B4_GGGCAAGAGTCGAT_Control_TA,B4,TA,Control
B4_GGGCAAGATCGTAG_Control_TA.Early,B4,TA.Early,Control
B4_GGGCCATGTTCTAC_Control_Stem,B4,Stem,Control
B4_GGGTTAACCGACAT_Control_TA.Early,B4,TA.Early,Control
B4_GGGTTATGTACTCT_Control_TA.Early,B4,TA.Early,Control
B4_GGTAAAGAAATCGC_Control_TA.Early,B4,TA.Early,Control
B4_GGTACAACAGCGTT_Control_Enterocyte.Progenitor,B4,Enterocyte.Progenitor,Control
B4_GGTACTGAGAGCAG_Control_Goblet,B4,Goblet,Control
B4_GGTAGTACGTTAGC_Control_TA.Early,B4,TA.Early,Control
B4_GGTAGTACTGAGGG_Control_TA.Early,B4,TA.Early,Control
B4_GGTTGAACCAGATC_Control_Goblet,B4,Goblet,Control
B4_GTAAGCTGTTATCC_Control_Enterocyte,B4,Enterocyte,Control
B4_GTACGTGACCCGTT_Control_Stem,B4,Stem,Control
B4_GTACTTTGAAACAG_Control_Enterocyte,B4,Enterocyte,Control
B4_GTAGCAACTTAGGC_Control_Enterocyte,B4,Enterocyte,Control
B4_GTAGCCCTCTGCAA_Control_Enterocyte,B4,Enterocyte,Control
B4_GTAGTCGACGTTAG_Control_TA.Early,B4,TA.Early,Control
B4_GTAGTCGACTAAGC_Control_TA,B4,TA,Control
B4_GTAGTGACCCAAGT_Control_Enterocyte,B4,Enterocyte,Control
B4_GTAGTGTGCACTCC_Control_TA,B4,TA,Control
B4_GTATCTACCTCGCT_Control_TA.Early,B4,TA.Early,Control
B4_GTATGGTGTTCATC_Control_TA.Early,B4,TA.Early,Control
B4_GTATTAGAGTTGGT_Control_Stem,B4,Stem,Control
B4_GTATTAGATCACCC_Control_Enterocyte.Progenitor,B4,Enterocyte.Progenitor,Control
B4_GTCAATCTCAGTTG_Control_Enterocyte.Progenitor,B4,Enterocyte.Progenitor,Control
B4_GTCACAGAGGAAGC_Control_Enterocyte,B4,Enterocyte,Control
B4_GTCACAGATGCCTC_Control_TA.Early,B4,TA.Early,Control
B4_GTCACCTGACGTGT_Control_Enterocyte,B4,Enterocyte,Control
B4_GTCCAAGAAACCTG_Control_Endocrine,B4,Endocrine,Control
B4_GTCCACACTGTTTC_Control_Endocrine,B4,Endocrine,Control
B4_GTCCACACTTCACT_Control_TA.Early,B4,TA.Early,Control
B4_GTCCCATGTTCTTG_Control_Enterocyte.Progenitor,B4,Enterocyte.Progenitor,Control
B4_GTCGCACTGGTAGG_Control_Enterocyte,B4,Enterocyte,Control
B4_GTCTGAGAAGGTTC_Control_Enterocyte,B4,Enterocyte,Control
B4_GTCTGAGAATCTTC_Control_Enterocyte.Progenitor,B4,Enterocyte.Progenitor,Control
B4_GTCTGAGATGCCTC_Control_TA,B4,TA,Control
B4_GTCTGAGATTACCT_Control_TA.Early,B4,TA.Early,Control
B4_GTGACCCTCAACCA_Control_TA.Early,B4,TA.Early,Control
B4_GTGACCCTCTAGCA_Control_Stem,B4,Stem,Control
B4_GTGATGACATTCGG_Control_Endocrine,B4,Endocrine,Control
B4_GTGATGACCATGGT_Control_Enterocyte,B4,Enterocyte,Control
B4_GTGATGACTAGAGA_Control_Enterocyte.Progenitor,B4,Enterocyte.Progenitor,Control
B4_GTGCCACTGTGTCA_Control_Enterocyte.Progenitor,B4,Enterocyte.Progenitor,Control
B4_GTGGAGGACCATGA_Control_Enterocyte,B4,Enterocyte,Control
B4_GTGGTAACCCAAGT_Control_TA,B4,TA,Control
B4_GTGTACGATGACTG_Control_Stem,B4,Stem,Control
B4_GTGTATCTGAGGCA_Control_TA,B4,TA,Control
B4_GTGTCAGACCGATA_Control_Enterocyte.Progenitor,B4,Enterocyte.Progenitor,Control
B4_GTTAACCTTCAAGC_Control_Endocrine,B4,Endocrine,Control
B4_GTTAGGTGGTCGTA_Control_TA.Early,B4,TA.Early,Control
B4_GTTAGTCTACGTGT_Control_TA.Early,B4,TA.Early,Control
B4_GTTAGTCTACTCAG_Control_Enterocyte,B4,Enterocyte,Control
B4_GTTATAGACCCGTT_Control_Enterocyte.Progenitor,B4,Enterocyte.Progenitor,Control
B4_GTTATGCTGCCCTT_Control_Enterocyte,B4,Enterocyte,Control
B4_GTTCAGGATCGTAG_Control_Enterocyte.Progenitor,B4,Enterocyte.Progenitor,Control
B4_GTTGACGAGCCCTT_Control_TA,B4,TA,Control
B4_GTTGACGATGTTTC_Control_Tuft,B4,Tuft,Control
B4_GTTGGATGCTTCTA_Control_Enterocyte.Progenitor,B4,Enterocyte.Progenitor,Control
B4_TAAAGTTGAAGGGC_Control_Enterocyte,B4,Enterocyte,Control
B4_TAAATCGAAGCCAT_Control_TA,B4,TA,Control
B4_TAACAATGTCTGGA_Control_Stem,B4,Stem,Control
B4_TAACCGGAAAAGTG_Control_TA.Early,B4,TA.Early,Control
B4_TAACGTCTATGGTC_Control_Enterocyte,B4,Enterocyte,Control
B4_TAACTAGAAGTGCT_Control_TA,B4,TA,Control
B4_TAAGAACTTGTGGT_Control_Enterocyte,B4,Enterocyte,Control
B4_TAAGAGGAAGAGTA_Control_Goblet,B4,Goblet,Control
B4_TAAGATACAGCAAA_Control_Enterocyte,B4,Enterocyte,Control
B4_TAAGGCTGCATCAG_Control_TA.Early,B4,TA.Early,Control
B4_TAAGGCTGCTTGAG_Control_TA.Early,B4,TA.Early,Control
B4_TAAGGGCTATTGGC_Control_TA.Early,B4,TA.Early,Control
B4_TAAGGGCTGCCTTC_Control_Enterocyte,B4,Enterocyte,Control
B4_TAAGTAACGAAACA_Control_Enterocyte,B4,Enterocyte,Control
B4_TAATCGCTTCGCAA_Control_Goblet,B4,Goblet,Control
B4_TAATGAACACGACT_Control_Enterocyte,B4,Enterocyte,Control
B4_TAATGTGATCGTGA_Control_Enterocyte.Progenitor,B4,Enterocyte.Progenitor,Control
B4_TACAAATGGGTTTG_Control_Stem,B4,Stem,Control
B4_TACAAATGTGCCTC_Control_Enterocyte,B4,Enterocyte,Control
B4_TACAATGACGGGAA_Control_TA.Early,B4,TA.Early,Control
B4_TACCATTGACCAGT_Control_Enterocyte,B4,Enterocyte,Control
B4_TACGAGACGACGAG_Control_TA.Early,B4,TA.Early,Control
B4_TACGAGTGTAGCGT_Control_Stem,B4,Stem,Control
B4_TACGCAGATTCCGC_Control_TA,B4,TA,Control
B4_TACGCGCTTCCTCG_Control_Enterocyte,B4,Enterocyte,Control
B4_TACGTACTCCTTAT_Control_TA,B4,TA,Control
B4_TACGTACTGATACC_Control_Enterocyte.Progenitor,B4,Enterocyte.Progenitor,Control
B4_TACGTTACTCTTAC_Control_TA.Early,B4,TA.Early,Control
B4_TACTAAGAATGGTC_Control_TA,B4,TA,Control
B4_TACTACTGGCGTAT_Control_Goblet,B4,Goblet,Control
B4_TACTCTGACTAGAC_Control_Enterocyte,B4,Enterocyte,Control
B4_TACTGTTGAACAGA_Control_Endocrine,B4,Endocrine,Control
B4_TACTTGACTGTAGC_Control_TA.Early,B4,TA.Early,Control
B4_TACTTTCTGCATCA_Control_Enterocyte,B4,Enterocyte,Control
B4_TAGAAACTTTCCAT_Control_TA,B4,TA,Control
B4_TAGAAACTTTGGTG_Control_Enterocyte.Progenitor,B4,Enterocyte.Progenitor,Control
B4_TAGAATTGCTCTAT_Control_Enterocyte.Progenitor,B4,Enterocyte.Progenitor,Control
B4_TAGAATTGGTCCTC_Control_TA,B4,TA,Control
B4_TAGACGTGAAACAG_Control_Enterocyte,B4,Enterocyte,Control
B4_TAGCATCTGGCATT_Control_TA.Early,B4,TA.Early,Control
B4_TAGCCCACAATGCC_Control_Enterocyte,B4,Enterocyte,Control
B4_TAGCCGCTGGAGGT_Control_Enterocyte.Progenitor,B4,Enterocyte.Progenitor,Control
B4_TAGCCGCTGGATTC_Control_Enterocyte.Progenitor,B4,Enterocyte.Progenitor,Control
B4_TAGCGATGATCACG_Control_Stem,B4,Stem,Control
B4_TAGCTACTGTCGAT_Control_TA.Early,B4,TA.Early,Control
B4_TAGGAGCTTTTCGT_Control_Stem,B4,Stem,Control
B4_TAGGCTGAGTTTCT_Control_Enterocyte,B4,Enterocyte,Control
B4_TAGGTGACAAAACG_Control_TA.Early,B4,TA.Early,Control
B4_TAGGTGACTCCTGC_Control_TA.Early,B4,TA.Early,Control
B4_TAGGTTCTTACTGG_Control_TA.Early,B4,TA.Early,Control
B4_TAGTATGATCGACA_Control_TA,B4,TA,Control
B4_TAGTCGGACCAATG_Control_Enterocyte.Progenitor,B4,Enterocyte.Progenitor,Control
B4_TAGTCTTGCTTGAG_Control_TA,B4,TA,Control
B4_TAGTCTTGTATCTC_Control_Stem,B4,Stem,Control
B4_TAGTCTTGTCTATC_Control_TA.Early,B4,TA.Early,Control
B4_TAGTGGTGTTCTAC_Control_Enterocyte,B4,Enterocyte,Control
B4_TAGTTAGACGACAT_Control_Stem,B4,Stem,Control
B4_TATACGCTCTTGCC_Control_TA.Early,B4,TA.Early,Control
B4_TATACGCTTTTGCT_Control_Enterocyte,B4,Enterocyte,Control
B4_TATAGCCTCTCCAC_Control_Enterocyte,B4,Enterocyte,Control
B4_TATCAGCTCTACGA_Control_Enterocyte,B4,Enterocyte,Control
B4_TATCAGCTGCTCCT_Control_Enterocyte.Progenitor,B4,Enterocyte.Progenitor,Control
B4_TATCCTGATACTGG_Control_Stem,B4,Stem,Control
B4_TATCGTACCCTTGC_Control_Stem,B4,Stem,Control
B4_TATCGTACCTCGCT_Control_TA,B4,TA,Control
B4_TATCTCGAACTAGC_Control_TA.Early,B4,TA.Early,Control
B4_TATGGGACCAGTCA_Control_TA.Early,B4,TA.Early,Control
B4_TATGGGACGGAGGT_Control_TA,B4,TA,Control
B4_TATGGGTGCCGTTC_Control_Enterocyte.Progenitor,B4,Enterocyte.Progenitor,Control
B4_TATGTCTGGCGTTA_Control_TA.Early,B4,TA.Early,Control
B4_TATGTGCTGCGTAT_Control_Enterocyte.Progenitor,B4,Enterocyte.Progenitor,Control
B4_TATGTGCTGGCGAA_Control_TA,B4,TA,Control
B4_TATTGCTGAGATGA_Control_TA.Early,B4,TA.Early,Control
B4_TATTGCTGGTAAAG_Control_TA.Early,B4,TA.Early,Control
B4_TCAACACTCGATAC_Control_Stem,B4,Stem,Control
B4_TCAATAGATCGATG_Control_TA.Early,B4,TA.Early,Control
B4_TCACCCGACCATAG_Control_Endocrine,B4,Endocrine,Control
B4_TCACCCGACCTCGT_Control_Enterocyte.Progenitor,B4,Enterocyte.Progenitor,Control
B4_TCACCGTGTAGACC_Control_Enterocyte,B4,Enterocyte,Control
B4_TCACTATGTGCCCT_Control_TA,B4,TA,Control
B4_TCAGACGACGTAAC_Control_TA.Early,B4,TA.Early,Control
B4_TCAGCGCTACCGAT_Control_Enterocyte.Progenitor,B4,Enterocyte.Progenitor,Control
B4_TCAGCGCTGTAGCT_Control_TA.Early,B4,TA.Early,Control
B4_TCAGTACTCCAACA_Control_Stem,B4,Stem,Control
B4_TCAGTACTTTACTC_Control_Enterocyte,B4,Enterocyte,Control
B4_TCAGTACTTTCATC_Control_TA,B4,TA,Control
B4_TCAGTGGAGCCCTT_Control_Enterocyte,B4,Enterocyte,Control
B4_TCATCATGTTTGCT_Control_Enterocyte.Progenitor,B4,Enterocyte.Progenitor,Control
B4_TCATCCCTCCACAA_Control_Endocrine,B4,Endocrine,Control
B4_TCATCCCTGGCATT_Control_TA.Early,B4,TA.Early,Control
B4_TCATTGACTGCAGT_Control_Enterocyte,B4,Enterocyte,Control
B4_TCCACGTGAAGAGT_Control_Stem,B4,Stem,Control
B4_TCCACGTGTCTTCA_Control_Stem,B4,Stem,Control
B4_TCCAGAGAGAATCC_Control_TA,B4,TA,Control
B4_TCCCACGAAGCGGA_Control_Enterocyte.Progenitor,B4,Enterocyte.Progenitor,Control
B4_TCCCAGACGACACT_Control_Enterocyte.Progenitor,B4,Enterocyte.Progenitor,Control
B4_TCCGGACTAATCGC_Control_TA.Early,B4,TA.Early,Control
B4_TCCTAATGAAACGA_Control_Goblet,B4,Goblet,Control
B4_TCCTATGAGAATGA_Control_Enterocyte.Progenitor,B4,Enterocyte.Progenitor,Control
B4_TCGACCTGGCAAGG_Control_Enterocyte.Progenitor,B4,Enterocyte.Progenitor,Control
B4_TCGAGCCTGAAAGT_Control_TA.Early,B4,TA.Early,Control
B4_TCGCAAGAACTACG_Control_Stem,B4,Stem,Control
B4_TCGCAGCTGTATCG_Control_TA.Early,B4,TA.Early,Control
B4_TCGCCATGGGGACA_Control_Stem,B4,Stem,Control
B4_TCGGACCTATACCG_Control_Enterocyte.Progenitor,B4,Enterocyte.Progenitor,Control
B4_TCGGTAGAAATCGC_Control_Enterocyte,B4,Enterocyte,Control
B4_TCGGTAGAGCTCCT_Control_Enterocyte.Progenitor,B4,Enterocyte.Progenitor,Control
B4_TCGTAGGATCGCAA_Control_Enterocyte,B4,Enterocyte,Control
B4_TCGTAGGATGTCAG_Control_Endocrine,B4,Endocrine,Control
B4_TCTAAGCTCTAGCA_Control_Enterocyte,B4,Enterocyte,Control
B4_TCTAGTTGCCTTAT_Control_Stem,B4,Stem,Control
B4_TCTAGTTGCTCATT_Control_TA.Early,B4,TA.Early,Control
B4_TCTAGTTGGGGTGA_Control_TA.Early,B4,TA.Early,Control
B4_TCTCTAGATTCGCC_Control_TA.Early,B4,TA.Early,Control
B4_TCTGATACACCCTC_Control_TA,B4,TA,Control
B4_TCTTACGATTTCTG_Control_Enterocyte.Progenitor,B4,Enterocyte.Progenitor,Control
B4_TCTTGATGCGGTAT_Control_Endocrine,B4,Endocrine,Control
B4_TGAAGCACCTTGAG_Control_Enterocyte.Progenitor,B4,Enterocyte.Progenitor,Control
B4_TGACCAGAGTTTCT_Control_Enterocyte,B4,Enterocyte,Control
B4_TGACTTTGACCTTT_Control_Goblet,B4,Goblet,Control
B4_TGAGACACAGCAAA_Control_TA,B4,TA,Control
B4_TGAGCTGAAGCGGA_Control_TA,B4,TA,Control
B4_TGAGGTACCACACA_Control_Enterocyte,B4,Enterocyte,Control
B4_TGATAAACAGAGGC_Control_Enterocyte.Progenitor,B4,Enterocyte.Progenitor,Control
B4_TGATACCTTGCTAG_Control_Enterocyte.Progenitor,B4,Enterocyte.Progenitor,Control
B4_TGATATGATTGGCA_Control_Stem,B4,Stem,Control
B4_TGCAACGAACAGTC_Control_Enterocyte.Progenitor,B4,Enterocyte.Progenitor,Control
B4_TGCAACGAGACGGA_Control_Enterocyte.Progenitor,B4,Enterocyte.Progenitor,Control
B4_TGCAACGATGGAAA_Control_Enterocyte,B4,Enterocyte,Control
B4_TGCAAGACCAATCG_Control_TA,B4,TA,Control
B4_TGCAAGACTCCTCG_Control_TA.Early,B4,TA.Early,Control
B4_TGCAAGTGGAATAG_Control_Enterocyte.Progenitor,B4,Enterocyte.Progenitor,Control
B4_TGCACAGAGAGCTT_Control_TA.Early,B4,TA.Early,Control
B4_TGCACAGATCTTCA_Control_TA,B4,TA,Control
B4_TGCAGATGGCGAAG_Control_Enterocyte.Progenitor,B4,Enterocyte.Progenitor,Control
B4_TGCAGATGTCTAGG_Control_Enterocyte.Progenitor,B4,Enterocyte.Progenitor,Control
B4_TGCATGGAACAGTC_Control_TA.Early,B4,TA.Early,Control
B4_TGCCACTGACACAC_Control_Goblet,B4,Goblet,Control
B4_TGCCCAACAGGTTC_Control_Stem,B4,Stem,Control
B4_TGCGTAGAAAAGCA_Control_Enterocyte.Progenitor,B4,Enterocyte.Progenitor,Control
B4_TGCTAGGAACTTTC_Control_Goblet,B4,Goblet,Control
B4_TGGAAAGACTGAAC_Control_Enterocyte.Progenitor,B4,Enterocyte.Progenitor,Control
B4_TGGAAAGAGACAGG_Control_TA.Early,B4,TA.Early,Control
B4_TGGAAAGATTGGTG_Control_Enterocyte,B4,Enterocyte,Control
B4_TGGAACACCCACAA_Control_TA.Early,B4,TA.Early,Control
B4_TGGAACTGCTTCGC_Control_TA.Early,B4,TA.Early,Control
B4_TGGAAGCTACTCTT_Control_TA.Early,B4,TA.Early,Control
B4_TGGACTGAGAGATA_Control_Enterocyte,B4,Enterocyte,Control
B4_TGGAGGGACAAGCT_Control_TA,B4,TA,Control
B4_TGGATCGAAGCTCA_Control_TA.Early,B4,TA.Early,Control
B4_TGGATGACCATTGG_Control_TA.Early,B4,TA.Early,Control
B4_TGGATTCTATGACC_Control_TA.Early,B4,TA.Early,Control
B4_TGGATTCTTTGCTT_Control_TA.Early,B4,TA.Early,Control
B4_TGGTAGACACCCAA_Control_Enterocyte,B4,Enterocyte,Control
B4_TGGTAGACATGGTC_Control_Goblet,B4,Goblet,Control
B4_TGTAAAACTCTCTA_Control_Enterocyte,B4,Enterocyte,Control
B4_TGTAACCTACCTCC_Control_Enterocyte.Progenitor,B4,Enterocyte.Progenitor,Control
B4_TGTATCTGCCTACC_Control_TA,B4,TA,Control
B4_TGTATCTGGGTCTA_Control_Stem,B4,Stem,Control
B4_TGTCTAACAATGCC_Control_Enterocyte,B4,Enterocyte,Control
B4_TGTCTAACGTGAGG_Control_Enterocyte.Progenitor,B4,Enterocyte.Progenitor,Control
B4_TGTCTAACTGTGGT_Control_Enterocyte,B4,Enterocyte,Control
B4_TGTGACGAGCATAC_Control_Stem,B4,Stem,Control
B4_TGTGACGAGCTCCT_Control_TA.Early,B4,TA.Early,Control
B4_TGTGAGTGCCAACA_Control_Enterocyte.Progenitor,B4,Enterocyte.Progenitor,Control
B4_TGTGAGTGGAAACA_Control_Stem,B4,Stem,Control
B4_TGTGGATGACTGTG_Control_Enterocyte,B4,Enterocyte,Control
B4_TGTTAAGACTTAGG_Control_TA,B4,TA,Control
B4_TGTTACTGCCCAAA_Control_Enterocyte,B4,Enterocyte,Control
B4_TTACGTACTCCCGT_Control_TA,B4,TA,Control
B4_TTAGAATGCCTCGT_Control_Enterocyte,B4,Enterocyte,Control
B4_TTAGTCTGTCCCGT_Control_TA,B4,TA,Control
B4_TTAGTCTGTTGTGG_Control_TA.Early,B4,TA.Early,Control
B4_TTATCCGACTTTAC_Control_Enterocyte,B4,Enterocyte,Control
B4_TTATCCGATTGCTT_Control_Enterocyte.Progenitor,B4,Enterocyte.Progenitor,Control
B4_TTATGGCTCATCAG_Control_Enterocyte.Progenitor,B4,Enterocyte.Progenitor,Control
B4_TTATTCCTTTATCC_Control_TA,B4,TA,Control
B4_TTCAGTTGGGAGTG_Control_Stem,B4,Stem,Control
B4_TTCATCGAGACAAA_Control_Enterocyte,B4,Enterocyte,Control
B4_TTCATCGATGTGGT_Control_Enterocyte,B4,Enterocyte,Control
B4_TTCATCGATTGAGC_Control_Enterocyte.Progenitor,B4,Enterocyte.Progenitor,Control
B4_TTCCAAACAGCCTA_Control_TA.Early,B4,TA.Early,Control
B4_TTCCAAACCGTGAT_Control_Enterocyte.Progenitor,B4,Enterocyte.Progenitor,Control
B4_TTCTAGTGCGAACT_Control_Enterocyte,B4,Enterocyte,Control
B4_TTGAGGTGCACTCC_Control_Enterocyte.Progenitor,B4,Enterocyte.Progenitor,Control
B4_TTGGAGACACCTCC_Control_Stem,B4,Stem,Control
B4_TTGGAGACTAGTCG_Control_Enterocyte.Progenitor,B4,Enterocyte.Progenitor,Control
B4_TTGGAGTGTGGAGG_Control_Endocrine,B4,Endocrine,Control
B4_TTGTAGCTTTTCAC_Control_Enterocyte.Progenitor,B4,Enterocyte.Progenitor,Control
B4_TTGTCATGAGGTCT_Control_TA,B4,TA,Control
B4_TTGTCATGGCCAAT_Control_Stem,B4,Stem,Control
B4_TTTAGAGAGTTCAG_Control_Stem,B4,Stem,Control
B4_TTTAGAGATGCTAG_Control_Endocrine,B4,Endocrine,Control
B4_TTTAGCTGAGCCAT_Control_Enterocyte.Progenitor,B4,Enterocyte.Progenitor,Control
B4_TTTAGGCTAGTGTC_Control_TA.Early,B4,TA.Early,Control
B4_TTTAGGCTCCCTCA_Control_TA,B4,TA,Control
B4_TTTCACGATGTTTC_Control_TA,B4,TA,Control
B4_TTTCAGTGGTTTCT_Control_Enterocyte,B4,Enterocyte,Control
B4_TTTCGAACTACGCA_Control_TA.Early,B4,TA.Early,Control
B4_TTTGACTGACGTTG_Control_Enterocyte,B4,Enterocyte,Control
B4_TTTGACTGAGATGA_Control_TA,B4,TA,Control
B5_AAACATACCCACAA_Hpoly.Day3_Stem,B5,Stem,Hpoly.Day3
B5_AAACATACGACAGG_Hpoly.Day3_Goblet,B5,Goblet,Hpoly.Day3
B5_AAACATTGAACTGC_Hpoly.Day3_TA.Early,B5,TA.Early,Hpoly.Day3
B5_AAACCGTGTCGTGA_Hpoly.Day3_Stem,B5,Stem,Hpoly.Day3
B5_AAACCGTGTTGAGC_Hpoly.Day3_TA,B5,TA,Hpoly.Day3
B5_AAACGCACGACGTT_Hpoly.Day3_TA.Early,B5,TA.Early,Hpoly.Day3
B5_AAACGCACGGGCAA_Hpoly.Day3_Stem,B5,Stem,Hpoly.Day3
B5_AAAGACGATTCGCC_Hpoly.Day3_Tuft,B5,Tuft,Hpoly.Day3
B5_AAAGATCTAACCGT_Hpoly.Day3_TA,B5,TA,Hpoly.Day3
B5_AAAGATCTACAGTC_Hpoly.Day3_Endocrine,B5,Endocrine,Hpoly.Day3
B5_AAAGATCTGGATTC_Hpoly.Day3_Enterocyte.Progenitor,B5,Enterocyte.Progenitor,Hpoly.Day3
B5_AAAGATCTTGAAGA_Hpoly.Day3_Enterocyte.Progenitor,B5,Enterocyte.Progenitor,Hpoly.Day3
B5_AAAGCAGAAAACAG_Hpoly.Day3_TA,B5,TA,Hpoly.Day3
B5_AAAGTTTGATGGTC_Hpoly.Day3_Enterocyte.Progenitor,B5,Enterocyte.Progenitor,Hpoly.Day3
B5_AAAGTTTGCCGATA_Hpoly.Day3_Enterocyte,B5,Enterocyte,Hpoly.Day3
B5_AAATACTGGTTTGG_Hpoly.Day3_TA.Early,B5,TA.Early,Hpoly.Day3
B5_AAATACTGTTCTTG_Hpoly.Day3_TA.Early,B5,TA.Early,Hpoly.Day3
B5_AAATCATGTAACCG_Hpoly.Day3_Stem,B5,Stem,Hpoly.Day3
B5_AAATCTGACGTAGT_Hpoly.Day3_Enterocyte.Progenitor,B5,Enterocyte.Progenitor,Hpoly.Day3
B5_AAATGGGATTCCCG_Hpoly.Day3_Enterocyte.Progenitor,B5,Enterocyte.Progenitor,Hpoly.Day3
B5_AAATTCGATTGACG_Hpoly.Day3_Enterocyte,B5,Enterocyte,Hpoly.Day3
B5_AACAGCACACGACT_Hpoly.Day3_TA.Early,B5,TA.Early,Hpoly.Day3
B5_AACCAGTGCATCAG_Hpoly.Day3_TA.Early,B5,TA.Early,Hpoly.Day3
B5_AACCCAGAAGTAGA_Hpoly.Day3_Enterocyte.Progenitor,B5,Enterocyte.Progenitor,Hpoly.Day3
B5_AACCGATGCAGAGG_Hpoly.Day3_Enterocyte.Progenitor,B5,Enterocyte.Progenitor,Hpoly.Day3
B5_AACCTACTTGTCAG_Hpoly.Day3_Stem,B5,Stem,Hpoly.Day3
B5_AACGCAACCACTAG_Hpoly.Day3_TA,B5,TA,Hpoly.Day3
B5_AACGGTACCTCAAG_Hpoly.Day3_Tuft,B5,Tuft,Hpoly.Day3
B5_AACGTCGACGAATC_Hpoly.Day3_TA,B5,TA,Hpoly.Day3
B5_AACGTCGATTGCGA_Hpoly.Day3_TA.Early,B5,TA.Early,Hpoly.Day3
B5_AACGTGTGCGACAT_Hpoly.Day3_Stem,B5,Stem,Hpoly.Day3
B5_AACGTTCTTGCTAG_Hpoly.Day3_Enterocyte.Progenitor,B5,Enterocyte.Progenitor,Hpoly.Day3
B5_AACGTTCTTTTACC_Hpoly.Day3_Tuft,B5,Tuft,Hpoly.Day3
B5_AACTACCTCATTGG_Hpoly.Day3_TA.Early,B5,TA.Early,Hpoly.Day3
B5_AACTCACTTAACCG_Hpoly.Day3_TA,B5,TA,Hpoly.Day3
B5_AACTCGGACCACCT_Hpoly.Day3_TA,B5,TA,Hpoly.Day3
B5_AACTCTTGTTCAGG_Hpoly.Day3_TA.Early,B5,TA.Early,Hpoly.Day3
B5_AACTGTCTCAACCA_Hpoly.Day3_TA.Early,B5,TA.Early,Hpoly.Day3
B5_AACTGTCTTCATTC_Hpoly.Day3_Stem,B5,Stem,Hpoly.Day3
B5_AACTTGCTCGCATA_Hpoly.Day3_TA.Early,B5,TA.Early,Hpoly.Day3
B5_AAGAACGAATGTGC_Hpoly.Day3_TA.Early,B5,TA.Early,Hpoly.Day3
B5_AAGAACGAGGATCT_Hpoly.Day3_Enterocyte,B5,Enterocyte,Hpoly.Day3
B5_AAGAAGACTATGCG_Hpoly.Day3_TA,B5,TA,Hpoly.Day3
B5_AAGAGATGTGAGCT_Hpoly.Day3_Stem,B5,Stem,Hpoly.Day3
B5_AAGAGATGTGCATG_Hpoly.Day3_Enterocyte,B5,Enterocyte,Hpoly.Day3
B5_AAGATGGAATCGAC_Hpoly.Day3_Stem,B5,Stem,Hpoly.Day3
B5_AAGATTACTTGGTG_Hpoly.Day3_Stem,B5,Stem,Hpoly.Day3
B5_AAGCAAGAAGGTCT_Hpoly.Day3_Enterocyte.Progenitor,B5,Enterocyte.Progenitor,Hpoly.Day3
B5_AAGCAAGATGTCGA_Hpoly.Day3_TA.Early,B5,TA.Early,Hpoly.Day3
B5_AAGCCTGACTACTT_Hpoly.Day3_TA,B5,TA,Hpoly.Day3
B5_AAGGCTACCCGTTC_Hpoly.Day3_TA.Early,B5,TA.Early,Hpoly.Day3
B5_AAGGCTACCGCAAT_Hpoly.Day3_TA.Early,B5,TA.Early,Hpoly.Day3
B5_AAGGCTACGCGAAG_Hpoly.Day3_Enterocyte.Progenitor,B5,Enterocyte.Progenitor,Hpoly.Day3
B5_AAGGCTACGTATGC_Hpoly.Day3_TA.Early,B5,TA.Early,Hpoly.Day3
B5_AAGGCTTGCGAGAG_Hpoly.Day3_TA,B5,TA,Hpoly.Day3
B5_AAGGCTTGTGGTTG_Hpoly.Day3_TA.Early,B5,TA.Early,Hpoly.Day3
B5_AAGGTCACGCCTTC_Hpoly.Day3_Stem,B5,Stem,Hpoly.Day3
B5_AAGGTCACTGGGAG_Hpoly.Day3_TA,B5,TA,Hpoly.Day3
B5_AAGGTCTGGACAAA_Hpoly.Day3_TA,B5,TA,Hpoly.Day3
B5_AAGGTCTGGTGTTG_Hpoly.Day3_Stem,B5,Stem,Hpoly.Day3
B5_AAGGTGCTATCACG_Hpoly.Day3_Enterocyte,B5,Enterocyte,Hpoly.Day3
B5_AAGGTGCTGGAACG_Hpoly.Day3_TA,B5,TA,Hpoly.Day3
B5_AAGGTGCTGGTGTT_Hpoly.Day3_Endocrine,B5,Endocrine,Hpoly.Day3
B5_AAGTAACTCGTAGT_Hpoly.Day3_TA.Early,B5,TA.Early,Hpoly.Day3
B5_AAGTAGGAGCTGTA_Hpoly.Day3_Enterocyte.Progenitor,B5,Enterocyte.Progenitor,Hpoly.Day3
B5_AAGTAGGAGTGTAC_Hpoly.Day3_TA,B5,TA,Hpoly.Day3
B5_AAGTATACAGTCAC_Hpoly.Day3_TA,B5,TA,Hpoly.Day3
B5_AAGTATACCCGTTC_Hpoly.Day3_Stem,B5,Stem,Hpoly.Day3
B5_AAGTATACTGCCCT_Hpoly.Day3_TA.Early,B5,TA.Early,Hpoly.Day3
B5_AAGTCTCTTTACCT_Hpoly.Day3_Stem,B5,Stem,Hpoly.Day3
B5_AAGTGCACCGAGAG_Hpoly.Day3_TA.Early,B5,TA.Early,Hpoly.Day3
B5_AAGTGCACCTCAGA_Hpoly.Day3_Stem,B5,Stem,Hpoly.Day3
B5_AAGTGGCTCGACAT_Hpoly.Day3_Tuft,B5,Tuft,Hpoly.Day3
B5_AAGTTATGACCAAC_Hpoly.Day3_TA.Early,B5,TA.Early,Hpoly.Day3
B5_AAGTTATGGTGTCA_Hpoly.Day3_TA,B5,TA,Hpoly.Day3
B5_AATAACACAACCTG_Hpoly.Day3_Enterocyte.Progenitor,B5,Enterocyte.Progenitor,Hpoly.Day3
B5_AATAACACGGGAGT_Hpoly.Day3_Stem,B5,Stem,Hpoly.Day3
B5_AATAACACTGTTCT_Hpoly.Day3_TA.Early,B5,TA.Early,Hpoly.Day3
B5_AATAAGCTCTCGCT_Hpoly.Day3_Enterocyte.Progenitor,B5,Enterocyte.Progenitor,Hpoly.Day3
B5_AATACCCTAACAGA_Hpoly.Day3_Goblet,B5,Goblet,Hpoly.Day3
B5_AATACCCTAAGAAC_Hpoly.Day3_TA,B5,TA,Hpoly.Day3
B5_AATATCGAAGAGAT_Hpoly.Day3_TA,B5,TA,Hpoly.Day3
B5_AATATCGATCTTTG_Hpoly.Day3_Stem,B5,Stem,Hpoly.Day3
B5_AATCCTACGATAGA_Hpoly.Day3_Enterocyte.Progenitor,B5,Enterocyte.Progenitor,Hpoly.Day3
B5_AATCCTTGGAGGCA_Hpoly.Day3_Enterocyte,B5,Enterocyte,Hpoly.Day3
B5_AATCCTTGTGCTGA_Hpoly.Day3_Stem,B5,Stem,Hpoly.Day3
B5_AATCGGTGACACCA_Hpoly.Day3_TA.Early,B5,TA.Early,Hpoly.Day3
B5_AATCGGTGGCTAAC_Hpoly.Day3_TA.Early,B5,TA.Early,Hpoly.Day3
B5_AATCTAGACAGTTG_Hpoly.Day3_TA.Early,B5,TA.Early,Hpoly.Day3
B5_AATGAGGAGAAACA_Hpoly.Day3_Enterocyte.Progenitor,B5,Enterocyte.Progenitor,Hpoly.Day3
B5_AATGATACTGACTG_Hpoly.Day3_Tuft,B5,Tuft,Hpoly.Day3
B5_AATGATACTGGAAA_Hpoly.Day3_Enterocyte,B5,Enterocyte,Hpoly.Day3
B5_AATGCGTGCCTTCG_Hpoly.Day3_Stem,B5,Stem,Hpoly.Day3
B5_AATGGAGATGATGC_Hpoly.Day3_Enterocyte.Progenitor,B5,Enterocyte.Progenitor,Hpoly.Day3
B5_AATGGCTGCTTAGG_Hpoly.Day3_Stem,B5,Stem,Hpoly.Day3
B5_AATGTAACCGTGTA_Hpoly.Day3_Stem,B5,Stem,Hpoly.Day3
B5_AATGTAACCTTGGA_Hpoly.Day3_TA.Early,B5,TA.Early,Hpoly.Day3
B5_AATGTAACGTATCG_Hpoly.Day3_Enterocyte,B5,Enterocyte,Hpoly.Day3
B5_AATGTAACTAACGC_Hpoly.Day3_TA,B5,TA,Hpoly.Day3
B5_AATGTAACTGGTCA_Hpoly.Day3_Enterocyte,B5,Enterocyte,Hpoly.Day3
B5_AATGTCCTAAGAGT_Hpoly.Day3_Enterocyte.Progenitor,B5,Enterocyte.Progenitor,Hpoly.Day3
B5_AATTCCTGTATCTC_Hpoly.Day3_Enterocyte.Progenitor,B5,Enterocyte.Progenitor,Hpoly.Day3
B5_ACAAATTGGTCCTC_Hpoly.Day3_Goblet,B5,Goblet,Hpoly.Day3
B5_ACAAGAGAGCATAC_Hpoly.Day3_TA,B5,TA,Hpoly.Day3
B5_ACAAGCACACCACA_Hpoly.Day3_TA,B5,TA,Hpoly.Day3
B5_ACAATAACAAGCCT_Hpoly.Day3_TA,B5,TA,Hpoly.Day3
B5_ACAATAACGAGAGC_Hpoly.Day3_Endocrine,B5,Endocrine,Hpoly.Day3
B5_ACAATAACGTACCA_Hpoly.Day3_TA.Early,B5,TA.Early,Hpoly.Day3
B5_ACAATAACTGACAC_Hpoly.Day3_TA.Early,B5,TA.Early,Hpoly.Day3
B5_ACAATTGACCAATG_Hpoly.Day3_Goblet,B5,Goblet,Hpoly.Day3
B5_ACACATCTACGTGT_Hpoly.Day3_Enterocyte.Progenitor,B5,Enterocyte.Progenitor,Hpoly.Day3
B5_ACACCAGAGGTAAA_Hpoly.Day3_TA.Early,B5,TA.Early,Hpoly.Day3
B5_ACACCCTGTCTTCA_Hpoly.Day3_Stem,B5,Stem,Hpoly.Day3
B5_ACACGAACCTCTCG_Hpoly.Day3_TA,B5,TA,Hpoly.Day3
B5_ACACGAACGGTTTG_Hpoly.Day3_TA.Early,B5,TA.Early,Hpoly.Day3
B5_ACACGATGCTCCAC_Hpoly.Day3_TA.Early,B5,TA.Early,Hpoly.Day3
B5_ACACGATGTTTACC_Hpoly.Day3_Enterocyte.Progenitor,B5,Enterocyte.Progenitor,Hpoly.Day3
B5_ACACGTGATTTACC_Hpoly.Day3_Stem,B5,Stem,Hpoly.Day3
B5_ACAGGTACAAGCCT_Hpoly.Day3_TA,B5,TA,Hpoly.Day3
B5_ACAGTCGACGTTAG_Hpoly.Day3_Stem,B5,Stem,Hpoly.Day3
B5_ACAGTGTGACCAAC_Hpoly.Day3_TA.Early,B5,TA.Early,Hpoly.Day3
B5_ACAGTTCTTGGATC_Hpoly.Day3_TA.Early,B5,TA.Early,Hpoly.Day3
B5_ACATACCTGGACTT_Hpoly.Day3_TA,B5,TA,Hpoly.Day3
B5_ACATACCTTTCTTG_Hpoly.Day3_Enterocyte.Progenitor,B5,Enterocyte.Progenitor,Hpoly.Day3
B5_ACATCACTCGATAC_Hpoly.Day3_Enterocyte.Progenitor,B5,Enterocyte.Progenitor,Hpoly.Day3
B5_ACATGGTGGTGTCA_Hpoly.Day3_TA.Early,B5,TA.Early,Hpoly.Day3
B5_ACCAACGATTAGGC_Hpoly.Day3_Enterocyte.Progenitor,B5,Enterocyte.Progenitor,Hpoly.Day3
B5_ACCACAGAACCTAG_Hpoly.Day3_Enterocyte.Progenitor,B5,Enterocyte.Progenitor,Hpoly.Day3
B5_ACCACAGATCCTAT_Hpoly.Day3_Stem,B5,Stem,Hpoly.Day3
B5_ACCACCTGGGGCAA_Hpoly.Day3_Stem,B5,Stem,Hpoly.Day3
B5_ACCACCTGTACTCT_Hpoly.Day3_TA.Early,B5,TA.Early,Hpoly.Day3
B5_ACCACGCTCCACAA_Hpoly.Day3_TA.Early,B5,TA.Early,Hpoly.Day3
B5_ACCAGCCTCACCAA_Hpoly.Day3_Enterocyte.Progenitor,B5,Enterocyte.Progenitor,Hpoly.Day3
B5_ACCATTTGCTTCGC_Hpoly.Day3_TA.Early,B5,TA.Early,Hpoly.Day3
B5_ACCATTTGTCCCAC_Hpoly.Day3_Enterocyte.Progenitor,B5,Enterocyte.Progenitor,Hpoly.Day3
B5_ACCCACTGCCTCCA_Hpoly.Day3_Stem,B5,Stem,Hpoly.Day3
B5_ACCCACTGCTCTAT_Hpoly.Day3_Goblet,B5,Goblet,Hpoly.Day3
B5_ACCGAAACATCTCT_Hpoly.Day3_Enterocyte.Progenitor,B5,Enterocyte.Progenitor,Hpoly.Day3
B5_ACCGAAACCGTAAC_Hpoly.Day3_TA,B5,TA,Hpoly.Day3
B5_ACCGTGCTTCTCAT_Hpoly.Day3_Enterocyte.Progenitor,B5,Enterocyte.Progenitor,Hpoly.Day3
B5_ACCTATTGTTCACT_Hpoly.Day3_Tuft,B5,Tuft,Hpoly.Day3
B5_ACCTCGTGCAGTCA_Hpoly.Day3_Enterocyte.Progenitor,B5,Enterocyte.Progenitor,Hpoly.Day3
B5_ACCTGGCTAGATGA_Hpoly.Day3_Enterocyte,B5,Enterocyte,Hpoly.Day3
B5_ACCTGGCTCTCTCG_Hpoly.Day3_TA.Early,B5,TA.Early,Hpoly.Day3
B5_ACCTGGCTTTACTC_Hpoly.Day3_TA.Early,B5,TA.Early,Hpoly.Day3
B5_ACGACAACGTTTCT_Hpoly.Day3_TA.Early,B5,TA.Early,Hpoly.Day3
B5_ACGACAACTGCAAC_Hpoly.Day3_TA,B5,TA,Hpoly.Day3
B5_ACGACCCTCTCTCG_Hpoly.Day3_Enterocyte.Progenitor,B5,Enterocyte.Progenitor,Hpoly.Day3
B5_ACGAGGGACAGTTG_Hpoly.Day3_Stem,B5,Stem,Hpoly.Day3
B5_ACGAGTACAAAACG_Hpoly.Day3_TA,B5,TA,Hpoly.Day3
B5_ACGAGTACCAGATC_Hpoly.Day3_Stem,B5,Stem,Hpoly.Day3
B5_ACGATCGAATACCG_Hpoly.Day3_TA,B5,TA,Hpoly.Day3
B5_ACGATCGAGGTTTG_Hpoly.Day3_Enterocyte.Progenitor,B5,Enterocyte.Progenitor,Hpoly.Day3
B5_ACGCAATGATGTCG_Hpoly.Day3_Enterocyte.Progenitor,B5,Enterocyte.Progenitor,Hpoly.Day3
B5_ACGCAATGTCACGA_Hpoly.Day3_TA.Early,B5,TA.Early,Hpoly.Day3
B5_ACGCAATGTTGCAG_Hpoly.Day3_Enterocyte,B5,Enterocyte,Hpoly.Day3
B5_ACGCACCTTGCCTC_Hpoly.Day3_TA.Early,B5,TA.Early,Hpoly.Day3
B5_ACGCCGGAACCTGA_Hpoly.Day3_Enterocyte.Progenitor,B5,Enterocyte.Progenitor,Hpoly.Day3
B5_ACGCCGGAACGGTT_Hpoly.Day3_TA.Early,B5,TA.Early,Hpoly.Day3
B5_ACGCCTTGTGGTGT_Hpoly.Day3_TA,B5,TA,Hpoly.Day3
B5_ACGCGGTGGTTTGG_Hpoly.Day3_TA.Early,B5,TA.Early,Hpoly.Day3
B5_ACGCGGTGTAACCG_Hpoly.Day3_TA.Early,B5,TA.Early,Hpoly.Day3
B5_ACGCTCACTCACCC_Hpoly.Day3_Stem,B5,Stem,Hpoly.Day3
B5_ACGGAGGATGTGAC_Hpoly.Day3_TA.Early,B5,TA.Early,Hpoly.Day3
B5_ACGGCTCTCTCAGA_Hpoly.Day3_Stem,B5,Stem,Hpoly.Day3
B5_ACGGGAGAGCTTCC_Hpoly.Day3_Enterocyte.Progenitor,B5,Enterocyte.Progenitor,Hpoly.Day3
B5_ACGGTAACACTCAG_Hpoly.Day3_TA.Early,B5,TA.Early,Hpoly.Day3
B5_ACGGTAACGCCTTC_Hpoly.Day3_Stem,B5,Stem,Hpoly.Day3
B5_ACGGTAACGGGACA_Hpoly.Day3_Enterocyte,B5,Enterocyte,Hpoly.Day3
B5_ACGGTATGTGAGAA_Hpoly.Day3_Stem,B5,Stem,Hpoly.Day3
B5_ACGGTCCTATGGTC_Hpoly.Day3_Enterocyte.Progenitor,B5,Enterocyte.Progenitor,Hpoly.Day3
B5_ACGTAGACACTAGC_Hpoly.Day3_Enterocyte.Progenitor,B5,Enterocyte.Progenitor,Hpoly.Day3
B5_ACGTAGACGAGATA_Hpoly.Day3_Enterocyte,B5,Enterocyte,Hpoly.Day3
B5_ACGTAGACTTCGCC_Hpoly.Day3_Enterocyte.Progenitor,B5,Enterocyte.Progenitor,Hpoly.Day3
B5_ACGTCCTGAAAGTG_Hpoly.Day3_Stem,B5,Stem,Hpoly.Day3
B5_ACGTCCTGACGACT_Hpoly.Day3_TA.Early,B5,TA.Early,Hpoly.Day3
B5_ACGTGATGTCGATG_Hpoly.Day3_TA.Early,B5,TA.Early,Hpoly.Day3
B5_ACGTGCCTTCAGAC_Hpoly.Day3_TA,B5,TA,Hpoly.Day3
B5_ACGTTTACCGTCTC_Hpoly.Day3_Enterocyte.Progenitor,B5,Enterocyte.Progenitor,Hpoly.Day3
B5_ACTACGGAACGGTT_Hpoly.Day3_TA.Early,B5,TA.Early,Hpoly.Day3
B5_ACTACGGAGCCTTC_Hpoly.Day3_TA,B5,TA,Hpoly.Day3
B5_ACTCAGGAGTCATG_Hpoly.Day3_TA,B5,TA,Hpoly.Day3
B5_ACTCGAGAAACCAC_Hpoly.Day3_Stem,B5,Stem,Hpoly.Day3
B5_ACTCGAGAATAAGG_Hpoly.Day3_TA,B5,TA,Hpoly.Day3
B5_ACTCTCCTGTTCAG_Hpoly.Day3_TA.Early,B5,TA.Early,Hpoly.Day3
B5_ACTGCCACTGCAGT_Hpoly.Day3_Goblet,B5,Goblet,Hpoly.Day3
B5_ACTGCCTGTGTGGT_Hpoly.Day3_TA.Early,B5,TA.Early,Hpoly.Day3
B5_ACTGGCCTCAGATC_Hpoly.Day3_Enterocyte.Progenitor,B5,Enterocyte.Progenitor,Hpoly.Day3
B5_ACTGTTACCGAGTT_Hpoly.Day3_TA,B5,TA,Hpoly.Day3
B5_ACTTAAGACCTATT_Hpoly.Day3_Enterocyte.Progenitor,B5,Enterocyte.Progenitor,Hpoly.Day3
B5_ACTTAAGACTTGCC_Hpoly.Day3_TA.Early,B5,TA.Early,Hpoly.Day3
B5_ACTTAGCTAATGCC_Hpoly.Day3_Stem,B5,Stem,Hpoly.Day3
B5_ACTTAGCTCGTTGA_Hpoly.Day3_Enterocyte.Progenitor,B5,Enterocyte.Progenitor,Hpoly.Day3
B5_ACTTCAACTCAGGT_Hpoly.Day3_Enterocyte.Progenitor,B5,Enterocyte.Progenitor,Hpoly.Day3
B5_ACTTCCCTATTCTC_Hpoly.Day3_TA,B5,TA,Hpoly.Day3
B5_ACTTGACTGGGCAA_Hpoly.Day3_Stem,B5,Stem,Hpoly.Day3
B5_ACTTGGGACATTGG_Hpoly.Day3_Enterocyte.Progenitor,B5,Enterocyte.Progenitor,Hpoly.Day3
B5_ACTTGGGATATCGG_Hpoly.Day3_Enterocyte.Progenitor,B5,Enterocyte.Progenitor,Hpoly.Day3
B5_ACTTGTACCTTGAG_Hpoly.Day3_TA.Early,B5,TA.Early,Hpoly.Day3
B5_ACTTTGTGGATGAA_Hpoly.Day3_Enterocyte.Progenitor,B5,Enterocyte.Progenitor,Hpoly.Day3
B5_AGAAAGTGCTGCTC_Hpoly.Day3_TA,B5,TA,Hpoly.Day3
B5_AGAAAGTGGTGAGG_Hpoly.Day3_Endocrine,B5,Endocrine,Hpoly.Day3
B5_AGAACAGACGTAGT_Hpoly.Day3_TA.Early,B5,TA.Early,Hpoly.Day3
B5_AGAACAGACTCAGA_Hpoly.Day3_Stem,B5,Stem,Hpoly.Day3
B5_AGAACGCTTACTGG_Hpoly.Day3_TA.Early,B5,TA.Early,Hpoly.Day3
B5_AGAACGCTTTTGTC_Hpoly.Day3_Enterocyte.Progenitor,B5,Enterocyte.Progenitor,Hpoly.Day3
B5_AGAAGATGCTCTCG_Hpoly.Day3_TA,B5,TA,Hpoly.Day3
B5_AGAATGGAAATCGC_Hpoly.Day3_Enterocyte.Progenitor,B5,Enterocyte.Progenitor,Hpoly.Day3
B5_AGAATGGACTGATG_Hpoly.Day3_TA,B5,TA,Hpoly.Day3
B5_AGACACTGTCAGGT_Hpoly.Day3_Stem,B5,Stem,Hpoly.Day3
B5_AGACGTACGGTTTG_Hpoly.Day3_TA,B5,TA,Hpoly.Day3
B5_AGACTCGAAGTGTC_Hpoly.Day3_Enterocyte.Progenitor,B5,Enterocyte.Progenitor,Hpoly.Day3
B5_AGACTCGAATCACG_Hpoly.Day3_Enterocyte.Progenitor,B5,Enterocyte.Progenitor,Hpoly.Day3
B5_AGACTCGACCGTTC_Hpoly.Day3_Stem,B5,Stem,Hpoly.Day3
B5_AGACTCGACCTGTC_Hpoly.Day3_Enterocyte.Progenitor,B5,Enterocyte.Progenitor,Hpoly.Day3
B5_AGACTGACAGTCGT_Hpoly.Day3_Stem,B5,Stem,Hpoly.Day3
B5_AGACTGACGCTATG_Hpoly.Day3_Goblet,B5,Goblet,Hpoly.Day3
B5_AGACTTCTCAGTTG_Hpoly.Day3_Goblet,B5,Goblet,Hpoly.Day3
B5_AGAGAAACTGGTAC_Hpoly.Day3_Enterocyte.Progenitor,B5,Enterocyte.Progenitor,Hpoly.Day3
B5_AGAGATGAAAGAAC_Hpoly.Day3_Stem,B5,Stem,Hpoly.Day3
B5_AGAGATGATCACCC_Hpoly.Day3_Endocrine,B5,Endocrine,Hpoly.Day3
B5_AGAGCGGAACGCAT_Hpoly.Day3_TA.Early,B5,TA.Early,Hpoly.Day3
B5_AGAGTCACCCACCT_Hpoly.Day3_Enterocyte.Progenitor,B5,Enterocyte.Progenitor,Hpoly.Day3
B5_AGAGTCACGGGAGT_Hpoly.Day3_Enterocyte,B5,Enterocyte,Hpoly.Day3
B5_AGAGTCACTGGTTG_Hpoly.Day3_TA.Early,B5,TA.Early,Hpoly.Day3
B5_AGAGTCTGACGGGA_Hpoly.Day3_Enterocyte.Progenitor,B5,Enterocyte.Progenitor,Hpoly.Day3
B5_AGAGTCTGCATCAG_Hpoly.Day3_Enterocyte.Progenitor,B5,Enterocyte.Progenitor,Hpoly.Day3
B5_AGAGTCTGTCGATG_Hpoly.Day3_TA,B5,TA,Hpoly.Day3
B5_AGAGTGCTCAGAGG_Hpoly.Day3_Stem,B5,Stem,Hpoly.Day3
B5_AGATCGTGATCACG_Hpoly.Day3_Tuft,B5,Tuft,Hpoly.Day3
B5_AGATCGTGTAGAGA_Hpoly.Day3_Enterocyte,B5,Enterocyte,Hpoly.Day3
B5_AGATCGTGTTTGGG_Hpoly.Day3_TA,B5,TA,Hpoly.Day3
B5_AGATCTCTTGGAGG_Hpoly.Day3_Enterocyte.Progenitor,B5,Enterocyte.Progenitor,Hpoly.Day3
B5_AGATTAACCCGTAA_Hpoly.Day3_TA,B5,TA,Hpoly.Day3
B5_AGCAAGCTCGTAAC_Hpoly.Day3_Enterocyte.Progenitor,B5,Enterocyte.Progenitor,Hpoly.Day3
B5_AGCACAACTTAGGC_Hpoly.Day3_Enterocyte.Progenitor,B5,Enterocyte.Progenitor,Hpoly.Day3
B5_AGCACTGATAGCGT_Hpoly.Day3_TA,B5,TA,Hpoly.Day3
B5_AGCATCGAGGTCAT_Hpoly.Day3_Enterocyte.Progenitor,B5,Enterocyte.Progenitor,Hpoly.Day3
B5_AGCATCGATCACGA_Hpoly.Day3_TA.Early,B5,TA.Early,Hpoly.Day3
B5_AGCATTCTAGGAGC_Hpoly.Day3_Enterocyte.Progenitor,B5,Enterocyte.Progenitor,Hpoly.Day3
B5_AGCCGGTGTCAAGC_Hpoly.Day3_Stem,B5,Stem,Hpoly.Day3
B5_AGCCGGTGTGACCA_Hpoly.Day3_Goblet,B5,Goblet,Hpoly.Day3
B5_AGCCTCACAAGGTA_Hpoly.Day3_Enterocyte.Progenitor,B5,Enterocyte.Progenitor,Hpoly.Day3
B5_AGCCTCACACCAGT_Hpoly.Day3_TA.Early,B5,TA.Early,Hpoly.Day3
B5_AGCCTCACGTTTGG_Hpoly.Day3_TA,B5,TA,Hpoly.Day3
B5_AGCCTCACTAACCG_Hpoly.Day3_Stem,B5,Stem,Hpoly.Day3
B5_AGCCTCACTCCGTC_Hpoly.Day3_Stem,B5,Stem,Hpoly.Day3
B5_AGCGAACTAAGTGA_Hpoly.Day3_TA,B5,TA,Hpoly.Day3
B5_AGCGAACTGGTCTA_Hpoly.Day3_Stem,B5,Stem,Hpoly.Day3
B5_AGCGAACTTTGTCT_Hpoly.Day3_TA.Early,B5,TA.Early,Hpoly.Day3
B5_AGCGCCGAACTTTC_Hpoly.Day3_Enterocyte.Progenitor,B5,Enterocyte.Progenitor,Hpoly.Day3
B5_AGCGCTCTAGCGGA_Hpoly.Day3_TA.Early,B5,TA.Early,Hpoly.Day3
B5_AGCGCTCTCCTGAA_Hpoly.Day3_TA.Early,B5,TA.Early,Hpoly.Day3
B5_AGCGCTCTCTCAGA_Hpoly.Day3_TA,B5,TA,Hpoly.Day3
B5_AGCGCTCTGTACCA_Hpoly.Day3_TA.Early,B5,TA.Early,Hpoly.Day3
B5_AGCGCTCTGTCAAC_Hpoly.Day3_TA,B5,TA,Hpoly.Day3
B5_AGCGGGCTTCCTGC_Hpoly.Day3_Tuft,B5,Tuft,Hpoly.Day3
B5_AGCGTAACGCCCTT_Hpoly.Day3_Enterocyte.Progenitor,B5,Enterocyte.Progenitor,Hpoly.Day3
B5_AGCGTAACGGTGGA_Hpoly.Day3_Enterocyte,B5,Enterocyte,Hpoly.Day3
B5_AGCTCGCTAAGATG_Hpoly.Day3_Tuft,B5,Tuft,Hpoly.Day3
B5_AGCTCGCTATGCTG_Hpoly.Day3_Endocrine,B5,Endocrine,Hpoly.Day3
B5_AGCTCGCTCCTAAG_Hpoly.Day3_Stem,B5,Stem,Hpoly.Day3
B5_AGCTCGCTGTAGGG_Hpoly.Day3_Enterocyte.Progenitor,B5,Enterocyte.Progenitor,Hpoly.Day3
B5_AGCTGAACCTGGTA_Hpoly.Day3_Enterocyte.Progenitor,B5,Enterocyte.Progenitor,Hpoly.Day3
B5_AGCTGAACGGGCAA_Hpoly.Day3_TA.Early,B5,TA.Early,Hpoly.Day3
B5_AGCTGAACGTTGCA_Hpoly.Day3_Stem,B5,Stem,Hpoly.Day3
B5_AGCTGAACTGACTG_Hpoly.Day3_Enterocyte.Progenitor,B5,Enterocyte.Progenitor,Hpoly.Day3
B5_AGCTGTGAGGATTC_Hpoly.Day3_Enterocyte.Progenitor,B5,Enterocyte.Progenitor,Hpoly.Day3
B5_AGCTGTGATTCCCG_Hpoly.Day3_TA,B5,TA,Hpoly.Day3
B5_AGCTTACTAACTGC_Hpoly.Day3_Stem,B5,Stem,Hpoly.Day3
B5_AGGAATGACTGCTC_Hpoly.Day3_Enterocyte.Progenitor,B5,Enterocyte.Progenitor,Hpoly.Day3
B5_AGGACACTTCTCGC_Hpoly.Day3_TA.Early,B5,TA.Early,Hpoly.Day3
B5_AGGACTTGAGAATG_Hpoly.Day3_Goblet,B5,Goblet,Hpoly.Day3
B5_AGGACTTGCCGTTC_Hpoly.Day3_TA.Early,B5,TA.Early,Hpoly.Day3
B5_AGGATAGAAAGAGT_Hpoly.Day3_Stem,B5,Stem,Hpoly.Day3
B5_AGGATAGATCACGA_Hpoly.Day3_Stem,B5,Stem,Hpoly.Day3
B5_AGGATAGATTTGCT_Hpoly.Day3_Tuft,B5,Tuft,Hpoly.Day3
B5_AGGATGCTCTAAGC_Hpoly.Day3_TA.Early,B5,TA.Early,Hpoly.Day3
B5_AGGATGCTTTTACC_Hpoly.Day3_TA.Early,B5,TA.Early,Hpoly.Day3
B5_AGGCAGGAAGTCAC_Hpoly.Day3_Stem,B5,Stem,Hpoly.Day3
B5_AGGCAGGAGTTGCA_Hpoly.Day3_Stem,B5,Stem,Hpoly.Day3
B5_AGGCAGGATTCATC_Hpoly.Day3_Enterocyte.Progenitor,B5,Enterocyte.Progenitor,Hpoly.Day3
B5_AGGCCTCTCATTTC_Hpoly.Day3_Stem,B5,Stem,Hpoly.Day3
B5_AGGCTAACGACAGG_Hpoly.Day3_Enterocyte.Progenitor,B5,Enterocyte.Progenitor,Hpoly.Day3
B5_AGGCTAACGGAACG_Hpoly.Day3_Stem,B5,Stem,Hpoly.Day3
B5_AGGGACGATATTCC_Hpoly.Day3_Enterocyte.Progenitor,B5,Enterocyte.Progenitor,Hpoly.Day3
B5_AGGGACGATCTAGG_Hpoly.Day3_Stem,B5,Stem,Hpoly.Day3
B5_AGGGACGATGGAGG_Hpoly.Day3_Enterocyte.Progenitor,B5,Enterocyte.Progenitor,Hpoly.Day3
B5_AGGGAGTGAGCGTT_Hpoly.Day3_Goblet,B5,Goblet,Hpoly.Day3
B5_AGGGCCACCGACAT_Hpoly.Day3_TA.Early,B5,TA.Early,Hpoly.Day3
B5_AGGGCCACGGAGTG_Hpoly.Day3_Stem,B5,Stem,Hpoly.Day3
B5_AGGGCCACTCTCAT_Hpoly.Day3_Stem,B5,Stem,Hpoly.Day3
B5_AGGGCCTGATCGTG_Hpoly.Day3_TA.Early,B5,TA.Early,Hpoly.Day3
B5_AGGGCCTGTTACTC_Hpoly.Day3_Stem,B5,Stem,Hpoly.Day3
B5_AGGGCGCTAGAGGC_Hpoly.Day3_TA,B5,TA,Hpoly.Day3
B5_AGGGCGCTGCTATG_Hpoly.Day3_TA.Early,B5,TA.Early,Hpoly.Day3
B5_AGGTACACAGCGGA_Hpoly.Day3_Enterocyte.Progenitor,B5,Enterocyte.Progenitor,Hpoly.Day3
B5_AGGTACACCTTCGC_Hpoly.Day3_Endocrine,B5,Endocrine,Hpoly.Day3
B5_AGGTACACTCCTGC_Hpoly.Day3_Stem,B5,Stem,Hpoly.Day3
B5_AGGTCATGGGTTTG_Hpoly.Day3_Enterocyte.Progenitor,B5,Enterocyte.Progenitor,Hpoly.Day3
B5_AGGTCTGACAGCTA_Hpoly.Day3_Enterocyte.Progenitor,B5,Enterocyte.Progenitor,Hpoly.Day3
B5_AGGTCTGACTCAGA_Hpoly.Day3_TA,B5,TA,Hpoly.Day3
B5_AGGTGGGACTAGTG_Hpoly.Day3_Stem,B5,Stem,Hpoly.Day3
B5_AGGTGTTGTCAAGC_Hpoly.Day3_Stem,B5,Stem,Hpoly.Day3
B5_AGGTGTTGTCGTGA_Hpoly.Day3_TA.Early,B5,TA.Early,Hpoly.Day3
B5_AGGTTGTGACACGT_Hpoly.Day3_TA.Early,B5,TA.Early,Hpoly.Day3
B5_AGGTTGTGCACTTT_Hpoly.Day3_Enterocyte.Progenitor,B5,Enterocyte.Progenitor,Hpoly.Day3
B5_AGTAAGGAAGAGTA_Hpoly.Day3_Stem,B5,Stem,Hpoly.Day3
B5_AGTAATTGTTCGCC_Hpoly.Day3_Enterocyte.Progenitor,B5,Enterocyte.Progenitor,Hpoly.Day3
B5_AGTAGAGAATGCTG_Hpoly.Day3_Stem,B5,Stem,Hpoly.Day3
B5_AGTAGAGACACAAC_Hpoly.Day3_TA,B5,TA,Hpoly.Day3
B5_AGTCAGACCATGGT_Hpoly.Day3_Tuft,B5,Tuft,Hpoly.Day3
B5_AGTCCAGAGTTCTT_Hpoly.Day3_Stem,B5,Stem,Hpoly.Day3
B5_AGTCGAACTGACCA_Hpoly.Day3_TA,B5,TA,Hpoly.Day3
B5_AGTCTTACGGCGAA_Hpoly.Day3_TA,B5,TA,Hpoly.Day3
B5_AGTGACACAAAGCA_Hpoly.Day3_TA.Early,B5,TA.Early,Hpoly.Day3
B5_AGTGACACCGCAAT_Hpoly.Day3_Stem,B5,Stem,Hpoly.Day3
B5_AGTGCAACATCAGC_Hpoly.Day3_Enterocyte.Progenitor,B5,Enterocyte.Progenitor,Hpoly.Day3
B5_AGTGCAACCATTTC_Hpoly.Day3_Enterocyte.Progenitor,B5,Enterocyte.Progenitor,Hpoly.Day3
B5_AGTGCAACGACAGG_Hpoly.Day3_Stem,B5,Stem,Hpoly.Day3
B5_AGTGCAACGGTGGA_Hpoly.Day3_Enterocyte.Progenitor,B5,Enterocyte.Progenitor,Hpoly.Day3
B5_AGTGCAACTGTTTC_Hpoly.Day3_Enterocyte.Progenitor,B5,Enterocyte.Progenitor,Hpoly.Day3
B5_AGTGTGACCCATAG_Hpoly.Day3_Stem,B5,Stem,Hpoly.Day3
B5_AGTGTTCTCACTGA_Hpoly.Day3_TA,B5,TA,Hpoly.Day3
B5_AGTTAAACCCTCAC_Hpoly.Day3_Goblet,B5,Goblet,Hpoly.Day3
B5_AGTTAAACGGTTAC_Hpoly.Day3_TA.Early,B5,TA.Early,Hpoly.Day3
B5_AGTTATGAACGGAG_Hpoly.Day3_Stem,B5,Stem,Hpoly.Day3
B5_AGTTATGAGACAAA_Hpoly.Day3_TA,B5,TA,Hpoly.Day3
B5_AGTTATGAGTGCAT_Hpoly.Day3_Stem,B5,Stem,Hpoly.Day3
B5_AGTTGTCTAAGGCG_Hpoly.Day3_Stem,B5,Stem,Hpoly.Day3
B5_AGTTTAGAGAATAG_Hpoly.Day3_Enterocyte.Progenitor,B5,Enterocyte.Progenitor,Hpoly.Day3
B5_AGTTTCACCTCTTA_Hpoly.Day3_Enterocyte.Progenitor,B5,Enterocyte.Progenitor,Hpoly.Day3
B5_AGTTTCACTGCTGA_Hpoly.Day3_Stem,B5,Stem,Hpoly.Day3
B5_AGTTTGCTCTTGGA_Hpoly.Day3_Stem,B5,Stem,Hpoly.Day3
B5_AGTTTGCTGTCGAT_Hpoly.Day3_TA.Early,B5,TA.Early,Hpoly.Day3
B5_ATAACAACCCCACT_Hpoly.Day3_Enterocyte.Progenitor,B5,Enterocyte.Progenitor,Hpoly.Day3
B5_ATAACAACCTCCAC_Hpoly.Day3_TA,B5,TA,Hpoly.Day3
B5_ATAACAACGAAACA_Hpoly.Day3_Endocrine,B5,Endocrine,Hpoly.Day3
B5_ATAACAACGTTGAC_Hpoly.Day3_Stem,B5,Stem,Hpoly.Day3
B5_ATAACATGCTACGA_Hpoly.Day3_Stem,B5,Stem,Hpoly.Day3
B5_ATAACCCTGTGCTA_Hpoly.Day3_Stem,B5,Stem,Hpoly.Day3
B5_ATAAGTACAGCTCA_Hpoly.Day3_Enterocyte.Progenitor,B5,Enterocyte.Progenitor,Hpoly.Day3
B5_ATAAGTTGACACCA_Hpoly.Day3_Goblet,B5,Goblet,Hpoly.Day3
B5_ATAATCGAGCGAGA_Hpoly.Day3_Enterocyte.Progenitor,B5,Enterocyte.Progenitor,Hpoly.Day3
B5_ATAATCGAGGTCTA_Hpoly.Day3_Stem,B5,Stem,Hpoly.Day3
B5_ATAATCGATACGAC_Hpoly.Day3_TA.Early,B5,TA.Early,Hpoly.Day3
B5_ATACAATGGAACTC_Hpoly.Day3_Enterocyte,B5,Enterocyte,Hpoly.Day3
B5_ATACACCTACTCAG_Hpoly.Day3_TA,B5,TA,Hpoly.Day3
B5_ATACACCTGGTAAA_Hpoly.Day3_TA,B5,TA,Hpoly.Day3
B5_ATACCACTAGAATG_Hpoly.Day3_TA.Early,B5,TA.Early,Hpoly.Day3
B5_ATACCGGAGGGAGT_Hpoly.Day3_TA.Early,B5,TA.Early,Hpoly.Day3
B5_ATACCTACCTAAGC_Hpoly.Day3_Enterocyte.Progenitor,B5,Enterocyte.Progenitor,Hpoly.Day3
B5_ATACCTTGTTGGCA_Hpoly.Day3_Enterocyte.Progenitor,B5,Enterocyte.Progenitor,Hpoly.Day3
B5_ATACGGACATTCGG_Hpoly.Day3_TA.Early,B5,TA.Early,Hpoly.Day3
B5_ATACGGACCCTACC_Hpoly.Day3_TA,B5,TA,Hpoly.Day3
B5_ATACGGACTTTGCT_Hpoly.Day3_Enterocyte.Progenitor,B5,Enterocyte.Progenitor,Hpoly.Day3
B5_ATACGTCTTGCTTT_Hpoly.Day3_Enterocyte.Progenitor,B5,Enterocyte.Progenitor,Hpoly.Day3
B5_ATACTCTGAGAGTA_Hpoly.Day3_Stem,B5,Stem,Hpoly.Day3
B5_ATAGAACTAGAGGC_Hpoly.Day3_TA,B5,TA,Hpoly.Day3
B5_ATAGATTGAGGTTC_Hpoly.Day3_Endocrine,B5,Endocrine,Hpoly.Day3
B5_ATAGATTGATGTGC_Hpoly.Day3_TA,B5,TA,Hpoly.Day3
B5_ATAGATTGTAGCCA_Hpoly.Day3_TA.Early,B5,TA.Early,Hpoly.Day3
B5_ATAGCCGAGGGACA_Hpoly.Day3_Stem,B5,Stem,Hpoly.Day3
B5_ATAGCTCTGCTACA_Hpoly.Day3_Goblet,B5,Goblet,Hpoly.Day3
B5_ATAGCTCTTTTGGG_Hpoly.Day3_TA.Early,B5,TA.Early,Hpoly.Day3
B5_ATAGGAGATCGTGA_Hpoly.Day3_Stem,B5,Stem,Hpoly.Day3
B5_ATAGGAGATTCGTT_Hpoly.Day3_TA.Early,B5,TA.Early,Hpoly.Day3
B5_ATAGGCTGAATGCC_Hpoly.Day3_Enterocyte.Progenitor,B5,Enterocyte.Progenitor,Hpoly.Day3
B5_ATAGTTGACCTGTC_Hpoly.Day3_Stem,B5,Stem,Hpoly.Day3
B5_ATATACGATGTCCC_Hpoly.Day3_TA.Early,B5,TA.Early,Hpoly.Day3
B5_ATCAAATGTGCTTT_Hpoly.Day3_Endocrine,B5,Endocrine,Hpoly.Day3
B5_ATCAACCTTCGCTC_Hpoly.Day3_Goblet,B5,Goblet,Hpoly.Day3
B5_ATCACACTATCTTC_Hpoly.Day3_Stem,B5,Stem,Hpoly.Day3
B5_ATCACTACGTTCGA_Hpoly.Day3_Stem,B5,Stem,Hpoly.Day3
B5_ATCACTTGCCTCAC_Hpoly.Day3_Enterocyte.Progenitor,B5,Enterocyte.Progenitor,Hpoly.Day3
B5_ATCCAGGACGCAAT_Hpoly.Day3_TA,B5,TA,Hpoly.Day3
B5_ATCCAGGAGCAGAG_Hpoly.Day3_TA.Early,B5,TA.Early,Hpoly.Day3
B5_ATCCCGTGAGGAGC_Hpoly.Day3_TA,B5,TA,Hpoly.Day3
B5_ATCCCGTGTTCCAT_Hpoly.Day3_TA,B5,TA,Hpoly.Day3
B5_ATCGACGAAGCCTA_Hpoly.Day3_TA,B5,TA,Hpoly.Day3
B5_ATCGAGTGTGCTTT_Hpoly.Day3_TA,B5,TA,Hpoly.Day3
B5_ATCGCAGACCAATG_Hpoly.Day3_Enterocyte.Progenitor,B5,Enterocyte.Progenitor,Hpoly.Day3
B5_ATCGCCTGTCACGA_Hpoly.Day3_Stem,B5,Stem,Hpoly.Day3
B5_ATCGCGCTCCTAAG_Hpoly.Day3_Endocrine,B5,Endocrine,Hpoly.Day3
B5_ATCGCGCTTCTATC_Hpoly.Day3_Stem,B5,Stem,Hpoly.Day3
B5_ATCGGTGACTGTGA_Hpoly.Day3_TA.Early,B5,TA.Early,Hpoly.Day3
B5_ATCGTTTGAGCACT_Hpoly.Day3_TA.Early,B5,TA.Early,Hpoly.Day3
B5_ATCGTTTGCCAGTA_Hpoly.Day3_TA,B5,TA,Hpoly.Day3
B5_ATCTACTGCTGCTC_Hpoly.Day3_TA.Early,B5,TA.Early,Hpoly.Day3
B5_ATCTACTGTTGACG_Hpoly.Day3_Stem,B5,Stem,Hpoly.Day3
B5_ATCTCAACCTGATG_Hpoly.Day3_Tuft,B5,Tuft,Hpoly.Day3
B5_ATCTCAACTACAGC_Hpoly.Day3_Stem,B5,Stem,Hpoly.Day3
B5_ATCTGACTGCTGTA_Hpoly.Day3_TA,B5,TA,Hpoly.Day3
B5_ATCTGGGACTTTAC_Hpoly.Day3_TA,B5,TA,Hpoly.Day3
B5_ATCTGGGAGGACAG_Hpoly.Day3_TA.Early,B5,TA.Early,Hpoly.Day3
B5_ATCTGTTGTTTACC_Hpoly.Day3_TA,B5,TA,Hpoly.Day3
B5_ATCTTTCTAGCAAA_Hpoly.Day3_TA,B5,TA,Hpoly.Day3
B5_ATGAAGGAACGACT_Hpoly.Day3_Enterocyte.Progenitor,B5,Enterocyte.Progenitor,Hpoly.Day3
B5_ATGAAGGACAGCTA_Hpoly.Day3_TA,B5,TA,Hpoly.Day3
B5_ATGACGTGGACTAC_Hpoly.Day3_TA.Early,B5,TA.Early,Hpoly.Day3
B5_ATGAGAGACTGCTC_Hpoly.Day3_Goblet,B5,Goblet,Hpoly.Day3
B5_ATGAGAGATTACCT_Hpoly.Day3_TA,B5,TA,Hpoly.Day3
B5_ATGAGAGATTTGTC_Hpoly.Day3_TA.Early,B5,TA.Early,Hpoly.Day3
B5_ATGATATGAAAAGC_Hpoly.Day3_Stem,B5,Stem,Hpoly.Day3
B5_ATGCAGACCTGGAT_Hpoly.Day3_TA,B5,TA,Hpoly.Day3
B5_ATGCAGTGCTCCCA_Hpoly.Day3_TA,B5,TA,Hpoly.Day3
B5_ATGCCGCTACCCAA_Hpoly.Day3_Enterocyte.Progenitor,B5,Enterocyte.Progenitor,Hpoly.Day3
B5_ATGCCGCTACCGAT_Hpoly.Day3_TA.Early,B5,TA.Early,Hpoly.Day3
B5_ATGCCGCTGACAGG_Hpoly.Day3_Enterocyte.Progenitor,B5,Enterocyte.Progenitor,Hpoly.Day3
B5_ATGCCGCTTTGCGA_Hpoly.Day3_Tuft,B5,Tuft,Hpoly.Day3
B5_ATGCGATGACCAGT_Hpoly.Day3_TA.Early,B5,TA.Early,Hpoly.Day3
B5_ATGCGATGCCCACT_Hpoly.Day3_TA,B5,TA,Hpoly.Day3
B5_ATGGTGACGTCTAG_Hpoly.Day3_TA,B5,TA,Hpoly.Day3
B5_ATGTAAACACTCAG_Hpoly.Day3_TA,B5,TA,Hpoly.Day3
B5_ATGTACCTATGGTC_Hpoly.Day3_Stem,B5,Stem,Hpoly.Day3
B5_ATGTCGGACGACTA_Hpoly.Day3_TA.Early,B5,TA.Early,Hpoly.Day3
B5_ATGTCGGATGGAGG_Hpoly.Day3_Enterocyte.Progenitor,B5,Enterocyte.Progenitor,Hpoly.Day3
B5_ATGTTAGATTACCT_Hpoly.Day3_TA.Early,B5,TA.Early,Hpoly.Day3
B5_ATGTTCACCCTGAA_Hpoly.Day3_Tuft,B5,Tuft,Hpoly.Day3
B5_ATGTTGCTAAGAGT_Hpoly.Day3_TA,B5,TA,Hpoly.Day3
B5_ATGTTGCTCTTTAC_Hpoly.Day3_Enterocyte.Progenitor,B5,Enterocyte.Progenitor,Hpoly.Day3
B5_ATTAACGACATGCA_Hpoly.Day3_TA.Early,B5,TA.Early,Hpoly.Day3
B5_ATTAACGAGGTCAT_Hpoly.Day3_TA.Early,B5,TA.Early,Hpoly.Day3
B5_ATTAACGATCTCCG_Hpoly.Day3_Enterocyte,B5,Enterocyte,Hpoly.Day3
B5_ATTAAGACTCCGAA_Hpoly.Day3_TA,B5,TA,Hpoly.Day3
B5_ATTAGATGAGTACC_Hpoly.Day3_Enterocyte.Progenitor,B5,Enterocyte.Progenitor,Hpoly.Day3
B5_ATTAGATGAGTCTG_Hpoly.Day3_TA.Early,B5,TA.Early,Hpoly.Day3
B5_ATTAGATGCAACTG_Hpoly.Day3_TA.Early,B5,TA.Early,Hpoly.Day3
B5_ATTAGATGTTTGTC_Hpoly.Day3_Enterocyte.Progenitor,B5,Enterocyte.Progenitor,Hpoly.Day3
B5_ATTCAGCTATGACC_Hpoly.Day3_Tuft,B5,Tuft,Hpoly.Day3
B5_ATTCCAACCCTTAT_Hpoly.Day3_Enterocyte.Progenitor,B5,Enterocyte.Progenitor,Hpoly.Day3
B5_ATTCCATGATGGTC_Hpoly.Day3_Stem,B5,Stem,Hpoly.Day3
B5_ATTCGACTTCGTTT_Hpoly.Day3_TA.Early,B5,TA.Early,Hpoly.Day3
B5_ATTCGGGAATCGTG_Hpoly.Day3_Stem,B5,Stem,Hpoly.Day3
B5_ATTCGGGAGAAACA_Hpoly.Day3_TA,B5,TA,Hpoly.Day3
B5_ATTCTGACAGGTCT_Hpoly.Day3_Stem,B5,Stem,Hpoly.Day3
B5_ATTCTGACCAGGAG_Hpoly.Day3_Tuft,B5,Tuft,Hpoly.Day3
B5_ATTGAAACACCTCC_Hpoly.Day3_Enterocyte.Progenitor,B5,Enterocyte.Progenitor,Hpoly.Day3
B5_ATTGAATGCTCCCA_Hpoly.Day3_TA.Early,B5,TA.Early,Hpoly.Day3
B5_ATTGATGAGTAAGA_Hpoly.Day3_Enterocyte.Progenitor,B5,Enterocyte.Progenitor,Hpoly.Day3
B5_ATTGCGGAATTCTC_Hpoly.Day3_Tuft,B5,Tuft,Hpoly.Day3
B5_ATTGCGGACGGTAT_Hpoly.Day3_Enterocyte.Progenitor,B5,Enterocyte.Progenitor,Hpoly.Day3
B5_ATTGCTTGGTGCTA_Hpoly.Day3_Enterocyte.Progenitor,B5,Enterocyte.Progenitor,Hpoly.Day3
B5_ATTGGGTGGTTGGT_Hpoly.Day3_Enterocyte.Progenitor,B5,Enterocyte.Progenitor,Hpoly.Day3
B5_ATTGGTCTAGCATC_Hpoly.Day3_Enterocyte.Progenitor,B5,Enterocyte.Progenitor,Hpoly.Day3
B5_ATTGGTCTCGTTAG_Hpoly.Day3_TA.Early,B5,TA.Early,Hpoly.Day3
B5_ATTGTAGATATGGC_Hpoly.Day3_TA,B5,TA,Hpoly.Day3
B5_ATTGTAGATGCCAA_Hpoly.Day3_Enterocyte.Progenitor,B5,Enterocyte.Progenitor,Hpoly.Day3
B5_ATTGTCTGCTAGCA_Hpoly.Day3_Enterocyte,B5,Enterocyte,Hpoly.Day3
B5_ATTTAGGAAGCGGA_Hpoly.Day3_TA,B5,TA,Hpoly.Day3
B5_ATTTAGGACCCGTT_Hpoly.Day3_Enterocyte.Progenitor,B5,Enterocyte.Progenitor,Hpoly.Day3
B5_ATTTCTCTCACTTT_Hpoly.Day3_Stem,B5,Stem,Hpoly.Day3
B5_ATTTCTCTGGGAGT_Hpoly.Day3_Enterocyte,B5,Enterocyte,Hpoly.Day3
B5_ATTTGCACTCGTTT_Hpoly.Day3_TA.Early,B5,TA.Early,Hpoly.Day3
B5_CAAACTCTGGGAGT_Hpoly.Day3_Stem,B5,Stem,Hpoly.Day3
B5_CAAAGCTGAAGCAA_Hpoly.Day3_TA,B5,TA,Hpoly.Day3
B5_CAAAGCTGACCCAA_Hpoly.Day3_TA,B5,TA,Hpoly.Day3
B5_CAAAGCTGACGGTT_Hpoly.Day3_Enterocyte,B5,Enterocyte,Hpoly.Day3
B5_CAAAGCTGGCTTCC_Hpoly.Day3_TA.Early,B5,TA.Early,Hpoly.Day3
B5_CAAAGCTGGGACTT_Hpoly.Day3_TA.Early,B5,TA.Early,Hpoly.Day3
B5_CAAAGCTGTGTCAG_Hpoly.Day3_TA,B5,TA,Hpoly.Day3
B5_CAAATTGAGACGGA_Hpoly.Day3_TA,B5,TA,Hpoly.Day3
B5_CAACCGCTCCTTCG_Hpoly.Day3_Enterocyte.Progenitor,B5,Enterocyte.Progenitor,Hpoly.Day3
B5_CAACCGCTTCGATG_Hpoly.Day3_TA.Early,B5,TA.Early,Hpoly.Day3
B5_CAACGAACGGAGGT_Hpoly.Day3_Enterocyte.Progenitor,B5,Enterocyte.Progenitor,Hpoly.Day3
B5_CAAGAAGAAGCGGA_Hpoly.Day3_Tuft,B5,Tuft,Hpoly.Day3
B5_CAAGACACGGTTTG_Hpoly.Day3_Stem,B5,Stem,Hpoly.Day3
B5_CAAGACTGGGTGAG_Hpoly.Day3_Goblet,B5,Goblet,Hpoly.Day3
B5_CAAGCCCTACCTTT_Hpoly.Day3_Enterocyte.Progenitor,B5,Enterocyte.Progenitor,Hpoly.Day3
B5_CAAGCCCTTGTGCA_Hpoly.Day3_Endocrine,B5,Endocrine,Hpoly.Day3
B5_CAAGGACTCTTATC_Hpoly.Day3_Enterocyte.Progenitor,B5,Enterocyte.Progenitor,Hpoly.Day3
B5_CAAGGACTGGGTGA_Hpoly.Day3_Endocrine,B5,Endocrine,Hpoly.Day3
B5_CAAGTTCTTACGAC_Hpoly.Day3_Stem,B5,Stem,Hpoly.Day3
B5_CAATAATGCACTGA_Hpoly.Day3_Enterocyte,B5,Enterocyte,Hpoly.Day3
B5_CAATAATGTCTCTA_Hpoly.Day3_Enterocyte.Progenitor,B5,Enterocyte.Progenitor,Hpoly.Day3
B5_CAATAATGTTTGTC_Hpoly.Day3_TA,B5,TA,Hpoly.Day3
B5_CAATATGAGAAGGC_Hpoly.Day3_Enterocyte.Progenitor,B5,Enterocyte.Progenitor,Hpoly.Day3
B5_CAATATGAGTGTAC_Hpoly.Day3_Stem,B5,Stem,Hpoly.Day3
B5_CAATCGGATCATTC_Hpoly.Day3_Tuft,B5,Tuft,Hpoly.Day3
B5_CAATCTACCTGACA_Hpoly.Day3_Enterocyte.Progenitor,B5,Enterocyte.Progenitor,Hpoly.Day3
B5_CAATCTACGGAGTG_Hpoly.Day3_TA,B5,TA,Hpoly.Day3
B5_CAATGGACTATCGG_Hpoly.Day3_Enterocyte.Progenitor,B5,Enterocyte.Progenitor,Hpoly.Day3
B5_CAATGGACTCCCAC_Hpoly.Day3_Stem,B5,Stem,Hpoly.Day3
B5_CAATTCACACGGTT_Hpoly.Day3_TA.Early,B5,TA.Early,Hpoly.Day3
B5_CAATTCTGAAACAG_Hpoly.Day3_Goblet,B5,Goblet,Hpoly.Day3
B5_CACAACGAGGTGGA_Hpoly.Day3_TA,B5,TA,Hpoly.Day3
B5_CACACCTGGGTCTA_Hpoly.Day3_Stem,B5,Stem,Hpoly.Day3
B5_CACAGATGGGGATG_Hpoly.Day3_TA.Early,B5,TA.Early,Hpoly.Day3
B5_CACAGTGAATGCTG_Hpoly.Day3_Stem,B5,Stem,Hpoly.Day3
B5_CACCACTGAACGTC_Hpoly.Day3_Endocrine,B5,Endocrine,Hpoly.Day3
B5_CACCCATGAGCATC_Hpoly.Day3_Stem,B5,Stem,Hpoly.Day3
B5_CACCCATGCGTAAC_Hpoly.Day3_Enterocyte.Progenitor,B5,Enterocyte.Progenitor,Hpoly.Day3
B5_CACCGTACGCTAAC_Hpoly.Day3_Stem,B5,Stem,Hpoly.Day3
B5_CACCGTACGTCTTT_Hpoly.Day3_Enterocyte,B5,Enterocyte,Hpoly.Day3
B5_CACCTGACCAACCA_Hpoly.Day3_TA.Early,B5,TA.Early,Hpoly.Day3
B5_CACCTGACGCCTTC_Hpoly.Day3_Enterocyte.Progenitor,B5,Enterocyte.Progenitor,Hpoly.Day3
B5_CACCTGACTGAGGG_Hpoly.Day3_TA.Early,B5,TA.Early,Hpoly.Day3
B5_CACGGGACTCCCGT_Hpoly.Day3_TA,B5,TA,Hpoly.Day3
B5_CACGGGTGAGCGTT_Hpoly.Day3_Enterocyte.Progenitor,B5,Enterocyte.Progenitor,Hpoly.Day3
B5_CACTAGGATAGAGA_Hpoly.Day3_TA.Early,B5,TA.Early,Hpoly.Day3
B5_CACTCCGAGTCAAC_Hpoly.Day3_TA,B5,TA,Hpoly.Day3
B5_CACTCCGATGGCAT_Hpoly.Day3_TA.Early,B5,TA.Early,Hpoly.Day3
B5_CACTCTCTGAACCT_Hpoly.Day3_Goblet,B5,Goblet,Hpoly.Day3
B5_CACTGAGACCTGAA_Hpoly.Day3_TA,B5,TA,Hpoly.Day3
B5_CACTGAGAGAGAGC_Hpoly.Day3_Stem,B5,Stem,Hpoly.Day3
B5_CACTGCACAACGAA_Hpoly.Day3_Enterocyte.Progenitor,B5,Enterocyte.Progenitor,Hpoly.Day3
B5_CACTGCACTGAAGA_Hpoly.Day3_Enterocyte.Progenitor,B5,Enterocyte.Progenitor,Hpoly.Day3
B5_CACTGCTGAAGCAA_Hpoly.Day3_TA.Early,B5,TA.Early,Hpoly.Day3
B5_CACTGCTGCCAACA_Hpoly.Day3_Stem,B5,Stem,Hpoly.Day3
B5_CACTTAACGCAAGG_Hpoly.Day3_Stem,B5,Stem,Hpoly.Day3
B5_CACTTAACGTAGGG_Hpoly.Day3_Goblet,B5,Goblet,Hpoly.Day3
B5_CACTTTGACTCCCA_Hpoly.Day3_Enterocyte.Progenitor,B5,Enterocyte.Progenitor,Hpoly.Day3
B5_CAGAAGCTGGAACG_Hpoly.Day3_TA.Early,B5,TA.Early,Hpoly.Day3
B5_CAGACAACATCGTG_Hpoly.Day3_Stem,B5,Stem,Hpoly.Day3
B5_CAGACCCTATGACC_Hpoly.Day3_Enterocyte.Progenitor,B5,Enterocyte.Progenitor,Hpoly.Day3
B5_CAGACCCTCGTTAG_Hpoly.Day3_TA,B5,TA,Hpoly.Day3
B5_CAGACCCTTGTCGA_Hpoly.Day3_TA.Early,B5,TA.Early,Hpoly.Day3
B5_CAGAGGGACGCAAT_Hpoly.Day3_Stem,B5,Stem,Hpoly.Day3
B5_CAGAGGGATAAGCC_Hpoly.Day3_Stem,B5,Stem,Hpoly.Day3
B5_CAGATCGACTAAGC_Hpoly.Day3_Endocrine,B5,Endocrine,Hpoly.Day3
B5_CAGCACCTAAGCAA_Hpoly.Day3_TA.Early,B5,TA.Early,Hpoly.Day3
B5_CAGCACCTAAGGGC_Hpoly.Day3_Endocrine,B5,Endocrine,Hpoly.Day3
B5_CAGCACCTGTTGTG_Hpoly.Day3_TA,B5,TA,Hpoly.Day3
B5_CAGCCTACGCTCCT_Hpoly.Day3_Enterocyte,B5,Enterocyte,Hpoly.Day3
B5_CAGCGGACACACAC_Hpoly.Day3_Stem,B5,Stem,Hpoly.Day3
B5_CAGCGGACTTCTTG_Hpoly.Day3_Enterocyte.Progenitor,B5,Enterocyte.Progenitor,Hpoly.Day3
B5_CAGCTAGACATGAC_Hpoly.Day3_Enterocyte.Progenitor,B5,Enterocyte.Progenitor,Hpoly.Day3
B5_CAGGTAACACTGGT_Hpoly.Day3_TA,B5,TA,Hpoly.Day3
B5_CAGGTTGAACCATG_Hpoly.Day3_Enterocyte.Progenitor,B5,Enterocyte.Progenitor,Hpoly.Day3
B5_CAGGTTGAATACCG_Hpoly.Day3_Endocrine,B5,Endocrine,Hpoly.Day3
B5_CAGGTTGACTAGAC_Hpoly.Day3_Stem,B5,Stem,Hpoly.Day3
B5_CAGTGATGAGCATC_Hpoly.Day3_Stem,B5,Stem,Hpoly.Day3
B5_CAGTTACTAGAATG_Hpoly.Day3_Stem,B5,Stem,Hpoly.Day3
B5_CATAAAACACTGGT_Hpoly.Day3_Enterocyte.Progenitor,B5,Enterocyte.Progenitor,Hpoly.Day3
B5_CATAAAACAGAGGC_Hpoly.Day3_TA.Early,B5,TA.Early,Hpoly.Day3
B5_CATAAATGGGAGCA_Hpoly.Day3_TA.Early,B5,TA.Early,Hpoly.Day3
B5_CATAAATGTAGTCG_Hpoly.Day3_Enterocyte.Progenitor,B5,Enterocyte.Progenitor,Hpoly.Day3
B5_CATAACCTGAGATA_Hpoly.Day3_Enterocyte.Progenitor,B5,Enterocyte.Progenitor,Hpoly.Day3
B5_CATACTACTTCCGC_Hpoly.Day3_TA,B5,TA,Hpoly.Day3
B5_CATATAGAACCCAA_Hpoly.Day3_Enterocyte.Progenitor,B5,Enterocyte.Progenitor,Hpoly.Day3
B5_CATATAGACGTCTC_Hpoly.Day3_TA.Early,B5,TA.Early,Hpoly.Day3
B5_CATCAACTACTACG_Hpoly.Day3_Stem,B5,Stem,Hpoly.Day3
B5_CATCAGGAAAGAAC_Hpoly.Day3_Tuft,B5,Tuft,Hpoly.Day3
B5_CATCAGGATTCGTT_Hpoly.Day3_TA.Early,B5,TA.Early,Hpoly.Day3
B5_CATCGGCTGGTAGG_Hpoly.Day3_Tuft,B5,Tuft,Hpoly.Day3
B5_CATGCCACTGTGGT_Hpoly.Day3_TA,B5,TA,Hpoly.Day3
B5_CATGCGCTCTAGAC_Hpoly.Day3_Endocrine,B5,Endocrine,Hpoly.Day3
B5_CATGCGCTGTAGGG_Hpoly.Day3_Tuft,B5,Tuft,Hpoly.Day3
B5_CATGGATGCGAATC_Hpoly.Day3_Endocrine,B5,Endocrine,Hpoly.Day3
B5_CATGGATGCTATGG_Hpoly.Day3_Enterocyte.Progenitor,B5,Enterocyte.Progenitor,Hpoly.Day3
B5_CATGGCCTGTCGAT_Hpoly.Day3_Tuft,B5,Tuft,Hpoly.Day3
B5_CATGTTACGCAAGG_Hpoly.Day3_TA,B5,TA,Hpoly.Day3
B5_CATGTTTGACAGCT_Hpoly.Day3_Stem,B5,Stem,Hpoly.Day3
B5_CATTACACAAAGCA_Hpoly.Day3_TA.Early,B5,TA.Early,Hpoly.Day3
B5_CATTCCCTGCTAAC_Hpoly.Day3_Stem,B5,Stem,Hpoly.Day3
B5_CATTCCCTTATGGC_Hpoly.Day3_Enterocyte,B5,Enterocyte,Hpoly.Day3
B5_CATTGACTATAAGG_Hpoly.Day3_TA.Early,B5,TA.Early,Hpoly.Day3
B5_CATTGACTCTTCTA_Hpoly.Day3_Goblet,B5,Goblet,Hpoly.Day3
B5_CATTGGGAAGCGGA_Hpoly.Day3_Goblet,B5,Goblet,Hpoly.Day3
B5_CATTGGGACGATAC_Hpoly.Day3_Stem,B5,Stem,Hpoly.Day3
B5_CATTGGGATCGCCT_Hpoly.Day3_TA.Early,B5,TA.Early,Hpoly.Day3
B5_CATTTGACAAGTGA_Hpoly.Day3_TA,B5,TA,Hpoly.Day3
B5_CATTTGTGAAGTAG_Hpoly.Day3_Enterocyte.Progenitor,B5,Enterocyte.Progenitor,Hpoly.Day3
B5_CATTTGTGATCAGC_Hpoly.Day3_TA,B5,TA,Hpoly.Day3
B5_CCAACCTGTATTCC_Hpoly.Day3_TA,B5,TA,Hpoly.Day3
B5_CCAAGAACTGCTAG_Hpoly.Day3_Goblet,B5,Goblet,Hpoly.Day3
B5_CCAAGATGTGGATC_Hpoly.Day3_Enterocyte.Progenitor,B5,Enterocyte.Progenitor,Hpoly.Day3
B5_CCAAGTGACTCAAG_Hpoly.Day3_TA,B5,TA,Hpoly.Day3
B5_CCAATTTGTGAACC_Hpoly.Day3_TA,B5,TA,Hpoly.Day3
B5_CCACCTGAATTCCT_Hpoly.Day3_Enterocyte.Progenitor,B5,Enterocyte.Progenitor,Hpoly.Day3
B5_CCACCTGAGACTAC_Hpoly.Day3_TA,B5,TA,Hpoly.Day3
B5_CCACTGACATGGTC_Hpoly.Day3_TA.Early,B5,TA.Early,Hpoly.Day3
B5_CCACTGTGCTGCTC_Hpoly.Day3_TA.Early,B5,TA.Early,Hpoly.Day3
B5_CCACTGTGTCGCTC_Hpoly.Day3_Enterocyte.Progenitor,B5,Enterocyte.Progenitor,Hpoly.Day3
B5_CCAGAAACAGATCC_Hpoly.Day3_Enterocyte.Progenitor,B5,Enterocyte.Progenitor,Hpoly.Day3
B5_CCAGAAACTTCTTG_Hpoly.Day3_TA.Early,B5,TA.Early,Hpoly.Day3
B5_CCAGACCTGCTATG_Hpoly.Day3_TA,B5,TA,Hpoly.Day3
B5_CCAGACCTGTATCG_Hpoly.Day3_Stem,B5,Stem,Hpoly.Day3
B5_CCAGACCTTCGCTC_Hpoly.Day3_TA.Early,B5,TA.Early,Hpoly.Day3
B5_CCAGATGACTAGAC_Hpoly.Day3_Enterocyte.Progenitor,B5,Enterocyte.Progenitor,Hpoly.Day3
B5_CCAGCACTGTAGCT_Hpoly.Day3_Enterocyte.Progenitor,B5,Enterocyte.Progenitor,Hpoly.Day3
B5_CCAGCTACAGGTTC_Hpoly.Day3_TA,B5,TA,Hpoly.Day3
B5_CCAGGTCTAAAAGC_Hpoly.Day3_Enterocyte.Progenitor,B5,Enterocyte.Progenitor,Hpoly.Day3
B5_CCAGGTCTCGCTAA_Hpoly.Day3_Enterocyte,B5,Enterocyte,Hpoly.Day3
B5_CCAGTCACGAGGCA_Hpoly.Day3_TA.Early,B5,TA.Early,Hpoly.Day3
B5_CCATAGGATGTAGC_Hpoly.Day3_Stem,B5,Stem,Hpoly.Day3
B5_CCATATACAGTACC_Hpoly.Day3_Stem,B5,Stem,Hpoly.Day3
B5_CCATATACCTCTAT_Hpoly.Day3_TA.Early,B5,TA.Early,Hpoly.Day3
B5_CCATCCGAAAGTGA_Hpoly.Day3_TA.Early,B5,TA.Early,Hpoly.Day3
B5_CCATGCTGGACGGA_Hpoly.Day3_Stem,B5,Stem,Hpoly.Day3
B5_CCATGCTGTAGCGT_Hpoly.Day3_Stem,B5,Stem,Hpoly.Day3
B5_CCCAACTGCAAAGA_Hpoly.Day3_TA,B5,TA,Hpoly.Day3
B5_CCCACATGGGTCAT_Hpoly.Day3_TA,B5,TA,Hpoly.Day3
B5_CCCACATGTGACCA_Hpoly.Day3_Tuft,B5,Tuft,Hpoly.Day3
B5_CCCAGACTCCGTTC_Hpoly.Day3_Goblet,B5,Goblet,Hpoly.Day3
B5_CCCAGTTGCTCTAT_Hpoly.Day3_Enterocyte.Progenitor,B5,Enterocyte.Progenitor,Hpoly.Day3
B5_CCCATGTGGACAGG_Hpoly.Day3_Tuft,B5,Tuft,Hpoly.Day3
B5_CCCGAACTAAGAGT_Hpoly.Day3_TA.Early,B5,TA.Early,Hpoly.Day3
B5_CCCGAACTGGCGAA_Hpoly.Day3_TA,B5,TA,Hpoly.Day3
B5_CCCGATTGAATCGC_Hpoly.Day3_Endocrine,B5,Endocrine,Hpoly.Day3
B5_CCCGATTGGCCCTT_Hpoly.Day3_Enterocyte.Progenitor,B5,Enterocyte.Progenitor,Hpoly.Day3
B5_CCCGATTGGGCAAG_Hpoly.Day3_Enterocyte.Progenitor,B5,Enterocyte.Progenitor,Hpoly.Day3
B5_CCCTACGAATCGGT_Hpoly.Day3_TA,B5,TA,Hpoly.Day3
B5_CCCTACGAGTGTAC_Hpoly.Day3_TA,B5,TA,Hpoly.Day3
B5_CCCTCAGAGAACCT_Hpoly.Day3_Enterocyte.Progenitor,B5,Enterocyte.Progenitor,Hpoly.Day3
B5_CCCTTACTAGATCC_Hpoly.Day3_TA.Early,B5,TA.Early,Hpoly.Day3
B5_CCGAAAACAAGAAC_Hpoly.Day3_TA.Early,B5,TA.Early,Hpoly.Day3
B5_CCGAAAACAGAGTA_Hpoly.Day3_TA.Early,B5,TA.Early,Hpoly.Day3
B5_CCGACACTACAGCT_Hpoly.Day3_TA,B5,TA,Hpoly.Day3
B5_CCGACTACCCTACC_Hpoly.Day3_TA,B5,TA,Hpoly.Day3
B5_CCGATAGAACCATG_Hpoly.Day3_Stem,B5,Stem,Hpoly.Day3
B5_CCGGAGACAGAATG_Hpoly.Day3_TA,B5,TA,Hpoly.Day3
B5_CCGGAGACGATAGA_Hpoly.Day3_TA,B5,TA,Hpoly.Day3
B5_CCGGAGACGCTCCT_Hpoly.Day3_TA,B5,TA,Hpoly.Day3
B5_CCGGTACTAATGCC_Hpoly.Day3_TA.Early,B5,TA.Early,Hpoly.Day3
B5_CCGGTACTGAACCT_Hpoly.Day3_Enterocyte,B5,Enterocyte,Hpoly.Day3
B5_CCGTACACAAGATG_Hpoly.Day3_TA.Early,B5,TA.Early,Hpoly.Day3
B5_CCGTACACCAGCTA_Hpoly.Day3_TA.Early,B5,TA.Early,Hpoly.Day3
B5_CCGTACACGCTTAG_Hpoly.Day3_TA,B5,TA,Hpoly.Day3
B5_CCTAAGGAGCCAAT_Hpoly.Day3_Endocrine,B5,Endocrine,Hpoly.Day3
B5_CCTAAGGAGTTAGC_Hpoly.Day3_TA.Early,B5,TA.Early,Hpoly.Day3
B5_CCTAAGGATTCGGA_Hpoly.Day3_Stem,B5,Stem,Hpoly.Day3
B5_CCTAGAGAATTCGG_Hpoly.Day3_Enterocyte.Progenitor,B5,Enterocyte.Progenitor,Hpoly.Day3
B5_CCTAGAGAGATGAA_Hpoly.Day3_Stem,B5,Stem,Hpoly.Day3
B5_CCTATAACACGCAT_Hpoly.Day3_Stem,B5,Stem,Hpoly.Day3
B5_CCTATAACAGTAGA_Hpoly.Day3_TA.Early,B5,TA.Early,Hpoly.Day3
B5_CCTCATCTTGCACA_Hpoly.Day3_TA.Early,B5,TA.Early,Hpoly.Day3
B5_CCTCGAACCCTACC_Hpoly.Day3_Endocrine,B5,Endocrine,Hpoly.Day3
B5_CCTCTACTGTACGT_Hpoly.Day3_TA.Early,B5,TA.Early,Hpoly.Day3
B5_CCTGACTGTAACGC_Hpoly.Day3_Enterocyte.Progenitor,B5,Enterocyte.Progenitor,Hpoly.Day3
B5_CCTGAGCTTTACCT_Hpoly.Day3_Enterocyte,B5,Enterocyte,Hpoly.Day3
B5_CCTGCAACGGTGGA_Hpoly.Day3_Enterocyte.Progenitor,B5,Enterocyte.Progenitor,Hpoly.Day3
B5_CGAAGGGAGGTAGG_Hpoly.Day3_TA.Early,B5,TA.Early,Hpoly.Day3
B5_CGAAGTACCGTCTC_Hpoly.Day3_TA.Early,B5,TA.Early,Hpoly.Day3
B5_CGACCTACTTCTGT_Hpoly.Day3_TA.Early,B5,TA.Early,Hpoly.Day3
B5_CGACTCACCACAAC_Hpoly.Day3_Stem,B5,Stem,Hpoly.Day3
B5_CGACTCACGATGAA_Hpoly.Day3_Enterocyte.Progenitor,B5,Enterocyte.Progenitor,Hpoly.Day3
B5_CGACTCTGAAGGCG_Hpoly.Day3_Enterocyte.Progenitor,B5,Enterocyte.Progenitor,Hpoly.Day3
B5_CGACTCTGATTCTC_Hpoly.Day3_TA.Early,B5,TA.Early,Hpoly.Day3
B5_CGACTCTGGCAAGG_Hpoly.Day3_Stem,B5,Stem,Hpoly.Day3
B5_CGACTCTGTCCTGC_Hpoly.Day3_Tuft,B5,Tuft,Hpoly.Day3
B5_CGAGAACTGAATAG_Hpoly.Day3_Goblet,B5,Goblet,Hpoly.Day3
B5_CGAGATTGCCTTAT_Hpoly.Day3_Stem,B5,Stem,Hpoly.Day3
B5_CGAGCCGAACGGAG_Hpoly.Day3_Enterocyte.Progenitor,B5,Enterocyte.Progenitor,Hpoly.Day3
B5_CGAGCGTGTTCTAC_Hpoly.Day3_Enterocyte.Progenitor,B5,Enterocyte.Progenitor,Hpoly.Day3
B5_CGAGGCACGGATCT_Hpoly.Day3_Stem,B5,Stem,Hpoly.Day3
B5_CGAGGCTGTGACAC_Hpoly.Day3_Stem,B5,Stem,Hpoly.Day3
B5_CGAGGGCTTAAGCC_Hpoly.Day3_Enterocyte.Progenitor,B5,Enterocyte.Progenitor,Hpoly.Day3
B5_CGAGGGCTTTGCGA_Hpoly.Day3_Enterocyte.Progenitor,B5,Enterocyte.Progenitor,Hpoly.Day3
B5_CGAGTATGCATTGG_Hpoly.Day3_Goblet,B5,Goblet,Hpoly.Day3
B5_CGAGTATGTCTACT_Hpoly.Day3_TA,B5,TA,Hpoly.Day3
B5_CGATACGATGGTCA_Hpoly.Day3_Enterocyte.Progenitor,B5,Enterocyte.Progenitor,Hpoly.Day3
B5_CGATCAGAGCGAAG_Hpoly.Day3_Stem,B5,Stem,Hpoly.Day3
B5_CGATCAGATTTCGT_Hpoly.Day3_Stem,B5,Stem,Hpoly.Day3
B5_CGATCCACGGTTTG_Hpoly.Day3_Endocrine,B5,Endocrine,Hpoly.Day3
B5_CGATCCACTGAACC_Hpoly.Day3_Enterocyte.Progenitor,B5,Enterocyte.Progenitor,Hpoly.Day3
B5_CGCACGGAATAAGG_Hpoly.Day3_TA.Early,B5,TA.Early,Hpoly.Day3
B5_CGCACTTGCAACCA_Hpoly.Day3_Enterocyte.Progenitor,B5,Enterocyte.Progenitor,Hpoly.Day3
B5_CGCAGGACCCCACT_Hpoly.Day3_TA.Early,B5,TA.Early,Hpoly.Day3
B5_CGCAGGACGTTGTG_Hpoly.Day3_Stem,B5,Stem,Hpoly.Day3
B5_CGCATAGAACGGAG_Hpoly.Day3_Enterocyte.Progenitor,B5,Enterocyte.Progenitor,Hpoly.Day3
B5_CGCATAGAGGACGA_Hpoly.Day3_TA,B5,TA,Hpoly.Day3
B5_CGCCATACCTCCAC_Hpoly.Day3_Enterocyte.Progenitor,B5,Enterocyte.Progenitor,Hpoly.Day3
B5_CGCCTAACTTCATC_Hpoly.Day3_Enterocyte.Progenitor,B5,Enterocyte.Progenitor,Hpoly.Day3
B5_CGCGAGACCATGAC_Hpoly.Day3_TA.Early,B5,TA.Early,Hpoly.Day3
B5_CGCGAGACGTCGTA_Hpoly.Day3_TA.Early,B5,TA.Early,Hpoly.Day3
B5_CGCGAGACTCTTAC_Hpoly.Day3_Enterocyte,B5,Enterocyte,Hpoly.Day3
B5_CGCGAGACTGAGCT_Hpoly.Day3_TA,B5,TA,Hpoly.Day3
B5_CGCGATCTTAAGGA_Hpoly.Day3_Endocrine,B5,Endocrine,Hpoly.Day3
B5_CGCGATCTTAGAGA_Hpoly.Day3_TA,B5,TA,Hpoly.Day3
B5_CGCGGATGCTACTT_Hpoly.Day3_TA,B5,TA,Hpoly.Day3
B5_CGCGGATGGGATCT_Hpoly.Day3_Enterocyte.Progenitor,B5,Enterocyte.Progenitor,Hpoly.Day3
B5_CGCTAAGACCGTTC_Hpoly.Day3_TA,B5,TA,Hpoly.Day3
B5_CGCTACACCTTCTA_Hpoly.Day3_TA,B5,TA,Hpoly.Day3
B5_CGCTACTGGGTGTT_Hpoly.Day3_TA,B5,TA,Hpoly.Day3
B5_CGCTACTGGTAGCT_Hpoly.Day3_TA,B5,TA,Hpoly.Day3
B5_CGCTCATGTCTTAC_Hpoly.Day3_Enterocyte.Progenitor,B5,Enterocyte.Progenitor,Hpoly.Day3
B5_CGGATAACGAAGGC_Hpoly.Day3_Goblet,B5,Goblet,Hpoly.Day3
B5_CGGATAACTGCAAC_Hpoly.Day3_Stem,B5,Stem,Hpoly.Day3
B5_CGGATAACTTATCC_Hpoly.Day3_Enterocyte.Progenitor,B5,Enterocyte.Progenitor,Hpoly.Day3
B5_CGGATATGCCTTTA_Hpoly.Day3_Enterocyte.Progenitor,B5,Enterocyte.Progenitor,Hpoly.Day3
B5_CGGCACGAGATACC_Hpoly.Day3_TA,B5,TA,Hpoly.Day3
B5_CGGCATCTGCAGTT_Hpoly.Day3_Enterocyte,B5,Enterocyte,Hpoly.Day3
B5_CGGCGAACTAGAGA_Hpoly.Day3_TA,B5,TA,Hpoly.Day3
B5_CGGCGATGATTTCC_Hpoly.Day3_Stem,B5,Stem,Hpoly.Day3
B5_CGGCGATGGAGGCA_Hpoly.Day3_TA,B5,TA,Hpoly.Day3
B5_CGGTAAACTGACCA_Hpoly.Day3_Stem,B5,Stem,Hpoly.Day3
B5_CGGTCACTGCTAAC_Hpoly.Day3_Stem,B5,Stem,Hpoly.Day3
B5_CGTACCACCTTGGA_Hpoly.Day3_Enterocyte.Progenitor,B5,Enterocyte.Progenitor,Hpoly.Day3
B5_CGTACCACTACTTC_Hpoly.Day3_Endocrine,B5,Endocrine,Hpoly.Day3
B5_CGTACCTGACGCTA_Hpoly.Day3_Enterocyte,B5,Enterocyte,Hpoly.Day3
B5_CGTACCTGCAACTG_Hpoly.Day3_Enterocyte,B5,Enterocyte,Hpoly.Day3
B5_CGTAGCCTACTAGC_Hpoly.Day3_TA,B5,TA,Hpoly.Day3
B5_CGTAGCCTGTCAAC_Hpoly.Day3_Enterocyte,B5,Enterocyte,Hpoly.Day3
B5_CGTCCAACTGTAGC_Hpoly.Day3_TA.Early,B5,TA.Early,Hpoly.Day3
B5_CGTCGACTGAGACG_Hpoly.Day3_TA.Early,B5,TA.Early,Hpoly.Day3
B5_CGTGAAACGTGTCA_Hpoly.Day3_TA,B5,TA,Hpoly.Day3
B5_CGTGAATGCTTGGA_Hpoly.Day3_Stem,B5,Stem,Hpoly.Day3
B5_CGTGCACTTGTGCA_Hpoly.Day3_Enterocyte,B5,Enterocyte,Hpoly.Day3
B5_CGTGTAGAGAAGGC_Hpoly.Day3_TA,B5,TA,Hpoly.Day3
B5_CGTGTAGATACTGG_Hpoly.Day3_TA,B5,TA,Hpoly.Day3
B5_CGTTAACTGGGCAA_Hpoly.Day3_TA.Early,B5,TA.Early,Hpoly.Day3
B5_CGTTAGGACAGATC_Hpoly.Day3_Tuft,B5,Tuft,Hpoly.Day3
B5_CTAAACCTTTCTAC_Hpoly.Day3_Enterocyte.Progenitor,B5,Enterocyte.Progenitor,Hpoly.Day3
B5_CTAACACTACCAGT_Hpoly.Day3_TA.Early,B5,TA.Early,Hpoly.Day3
B5_CTAACACTGTTGCA_Hpoly.Day3_Enterocyte,B5,Enterocyte,Hpoly.Day3
B5_CTAACGGAACTAGC_Hpoly.Day3_TA.Early,B5,TA.Early,Hpoly.Day3
B5_CTAATAGAATAAGG_Hpoly.Day3_Enterocyte.Progenitor,B5,Enterocyte.Progenitor,Hpoly.Day3
B5_CTAATAGATGCAAC_Hpoly.Day3_Stem,B5,Stem,Hpoly.Day3
B5_CTAATGCTCGTAAC_Hpoly.Day3_TA.Early,B5,TA.Early,Hpoly.Day3
B5_CTAATGCTTTGTCT_Hpoly.Day3_Stem,B5,Stem,Hpoly.Day3
B5_CTACAACTTCGACA_Hpoly.Day3_Stem,B5,Stem,Hpoly.Day3
B5_CTACCTCTGACAGG_Hpoly.Day3_Enterocyte.Progenitor,B5,Enterocyte.Progenitor,Hpoly.Day3
B5_CTACCTCTGACGGA_Hpoly.Day3_TA.Early,B5,TA.Early,Hpoly.Day3
B5_CTACCTCTTTTGGG_Hpoly.Day3_Goblet,B5,Goblet,Hpoly.Day3
B5_CTACGGCTACACCA_Hpoly.Day3_TA.Early,B5,TA.Early,Hpoly.Day3
B5_CTACTCCTCCAAGT_Hpoly.Day3_Enterocyte.Progenitor,B5,Enterocyte.Progenitor,Hpoly.Day3
B5_CTAGAGACTGACAC_Hpoly.Day3_Stem,B5,Stem,Hpoly.Day3
B5_CTAGATCTGGTCTA_Hpoly.Day3_TA,B5,TA,Hpoly.Day3
B5_CTAGATCTTGTCTT_Hpoly.Day3_Goblet,B5,Goblet,Hpoly.Day3
B5_CTAGATCTTTTACC_Hpoly.Day3_TA,B5,TA,Hpoly.Day3
B5_CTAGGATGAGTGCT_Hpoly.Day3_Endocrine,B5,Endocrine,Hpoly.Day3
B5_CTAGGCCTACCAGT_Hpoly.Day3_TA.Early,B5,TA.Early,Hpoly.Day3
B5_CTAGGTGACCTGTC_Hpoly.Day3_Stem,B5,Stem,Hpoly.Day3
B5_CTAGGTGATCATTC_Hpoly.Day3_TA,B5,TA,Hpoly.Day3
B5_CTAGGTGATCGCTC_Hpoly.Day3_TA.Early,B5,TA.Early,Hpoly.Day3
B5_CTAGGTGATTTGGG_Hpoly.Day3_Enterocyte.Progenitor,B5,Enterocyte.Progenitor,Hpoly.Day3
B5_CTAGTTACGATAGA_Hpoly.Day3_TA.Early,B5,TA.Early,Hpoly.Day3
B5_CTAGTTTGTTCTAC_Hpoly.Day3_TA,B5,TA,Hpoly.Day3
B5_CTATACTGCCTCGT_Hpoly.Day3_Enterocyte.Progenitor,B5,Enterocyte.Progenitor,Hpoly.Day3
B5_CTATACTGCGAGTT_Hpoly.Day3_Enterocyte,B5,Enterocyte,Hpoly.Day3
B5_CTATCAACAGTTCG_Hpoly.Day3_Enterocyte.Progenitor,B5,Enterocyte.Progenitor,Hpoly.Day3
B5_CTATCAACGTAGCT_Hpoly.Day3_Enterocyte.Progenitor,B5,Enterocyte.Progenitor,Hpoly.Day3
B5_CTATCATGCGAGAG_Hpoly.Day3_Stem,B5,Stem,Hpoly.Day3
B5_CTATGACTAGAGAT_Hpoly.Day3_Goblet,B5,Goblet,Hpoly.Day3
B5_CTATGTACTAGTCG_Hpoly.Day3_Enterocyte.Progenitor,B5,Enterocyte.Progenitor,Hpoly.Day3
B5_CTATGTACTTCCGC_Hpoly.Day3_Enterocyte.Progenitor,B5,Enterocyte.Progenitor,Hpoly.Day3
B5_CTATGTTGCAGTTG_Hpoly.Day3_Enterocyte,B5,Enterocyte,Hpoly.Day3
B5_CTATGTTGCTGCAA_Hpoly.Day3_Stem,B5,Stem,Hpoly.Day3
B5_CTATGTTGGCGAAG_Hpoly.Day3_TA.Early,B5,TA.Early,Hpoly.Day3
B5_CTATGTTGTCGCCT_Hpoly.Day3_TA,B5,TA,Hpoly.Day3
B5_CTATTGTGAAGAAC_Hpoly.Day3_Enterocyte.Progenitor,B5,Enterocyte.Progenitor,Hpoly.Day3
B5_CTCAATTGATCGGT_Hpoly.Day3_TA.Early,B5,TA.Early,Hpoly.Day3
B5_CTCAATTGCGGAGA_Hpoly.Day3_Enterocyte.Progenitor,B5,Enterocyte.Progenitor,Hpoly.Day3
B5_CTCAGAGATCTCTA_Hpoly.Day3_Enterocyte.Progenitor,B5,Enterocyte.Progenitor,Hpoly.Day3
B5_CTCAGAGATGGAAA_Hpoly.Day3_TA.Early,B5,TA.Early,Hpoly.Day3
B5_CTCAGCTGCCTTAT_Hpoly.Day3_Stem,B5,Stem,Hpoly.Day3
B5_CTCAGGCTATACCG_Hpoly.Day3_Enterocyte.Progenitor,B5,Enterocyte.Progenitor,Hpoly.Day3
B5_CTCATTGACACCAA_Hpoly.Day3_Endocrine,B5,Endocrine,Hpoly.Day3
B5_CTCCACGACTGTTT_Hpoly.Day3_TA,B5,TA,Hpoly.Day3
B5_CTCCATCTTATCGG_Hpoly.Day3_TA.Early,B5,TA.Early,Hpoly.Day3
B5_CTCCGAACTAGAAG_Hpoly.Day3_Enterocyte.Progenitor,B5,Enterocyte.Progenitor,Hpoly.Day3
B5_CTCGAAGAGAACTC_Hpoly.Day3_TA,B5,TA,Hpoly.Day3
B5_CTCGACACCCACCT_Hpoly.Day3_Enterocyte.Progenitor,B5,Enterocyte.Progenitor,Hpoly.Day3
B5_CTCGACTGTTGCGA_Hpoly.Day3_Stem,B5,Stem,Hpoly.Day3
B5_CTCGAGCTCATGGT_Hpoly.Day3_Stem,B5,Stem,Hpoly.Day3
B5_CTCGAGCTCTGAGT_Hpoly.Day3_TA.Early,B5,TA.Early,Hpoly.Day3
B5_CTCGCATGCGTGAT_Hpoly.Day3_Enterocyte,B5,Enterocyte,Hpoly.Day3
B5_CTCTAAACGAGCAG_Hpoly.Day3_TA.Early,B5,TA.Early,Hpoly.Day3
B5_CTCTAATGTAACCG_Hpoly.Day3_Enterocyte.Progenitor,B5,Enterocyte.Progenitor,Hpoly.Day3
B5_CTGAAGTGGGTTAC_Hpoly.Day3_TA,B5,TA,Hpoly.Day3
B5_CTGAATCTGGACTT_Hpoly.Day3_Stem,B5,Stem,Hpoly.Day3
B5_CTGAATCTTTTCAC_Hpoly.Day3_Stem,B5,Stem,Hpoly.Day3
B5_CTGACAGAACGACT_Hpoly.Day3_Stem,B5,Stem,Hpoly.Day3
B5_CTGACAGAGTTGAC_Hpoly.Day3_TA.Early,B5,TA.Early,Hpoly.Day3
B5_CTGAGAACAACCTG_Hpoly.Day3_Stem,B5,Stem,Hpoly.Day3
B5_CTGAGCCTCCAACA_Hpoly.Day3_Stem,B5,Stem,Hpoly.Day3
B5_CTGAGCCTGCATCA_Hpoly.Day3_Stem,B5,Stem,Hpoly.Day3
B5_CTGATACTCTCAAG_Hpoly.Day3_Enterocyte.Progenitor,B5,Enterocyte.Progenitor,Hpoly.Day3
B5_CTGATACTGCCCTT_Hpoly.Day3_Enterocyte.Progenitor,B5,Enterocyte.Progenitor,Hpoly.Day3
B5_CTGATTTGGTTGGT_Hpoly.Day3_Enterocyte.Progenitor,B5,Enterocyte.Progenitor,Hpoly.Day3
B5_CTGCAGCTCCGAAT_Hpoly.Day3_TA.Early,B5,TA.Early,Hpoly.Day3
B5_CTGCAGCTCTATGG_Hpoly.Day3_Enterocyte.Progenitor,B5,Enterocyte.Progenitor,Hpoly.Day3
B5_CTGCCAACGAGCAG_Hpoly.Day3_TA.Early,B5,TA.Early,Hpoly.Day3
B5_CTGCCAACGTCTTT_Hpoly.Day3_Stem,B5,Stem,Hpoly.Day3
B5_CTGCGACTTTCCGC_Hpoly.Day3_TA,B5,TA,Hpoly.Day3
B5_CTGGAAACAAGTAG_Hpoly.Day3_Enterocyte.Progenitor,B5,Enterocyte.Progenitor,Hpoly.Day3
B5_CTGGAAACAGAGAT_Hpoly.Day3_Enterocyte.Progenitor,B5,Enterocyte.Progenitor,Hpoly.Day3
B5_CTGGAAACAGCCAT_Hpoly.Day3_Stem,B5,Stem,Hpoly.Day3
B5_CTGGCACTTCCGTC_Hpoly.Day3_Enterocyte.Progenitor,B5,Enterocyte.Progenitor,Hpoly.Day3
B5_CTGTGAGAGGACAG_Hpoly.Day3_TA.Early,B5,TA.Early,Hpoly.Day3
B5_CTTAAAGAACCTTT_Hpoly.Day3_TA,B5,TA,Hpoly.Day3
B5_CTTAACACCCCTAC_Hpoly.Day3_Enterocyte,B5,Enterocyte,Hpoly.Day3
B5_CTTAAGCTGTCTTT_Hpoly.Day3_Enterocyte.Progenitor,B5,Enterocyte.Progenitor,Hpoly.Day3
B5_CTTACAACTCTTCA_Hpoly.Day3_Goblet,B5,Goblet,Hpoly.Day3
B5_CTTAGACTGAGGAC_Hpoly.Day3_Enterocyte.Progenitor,B5,Enterocyte.Progenitor,Hpoly.Day3
B5_CTTAGGGATCCTGC_Hpoly.Day3_Stem,B5,Stem,Hpoly.Day3
B5_CTTATCGACACTGA_Hpoly.Day3_Enterocyte.Progenitor,B5,Enterocyte.Progenitor,Hpoly.Day3
B5_CTTATCGAGCGTAT_Hpoly.Day3_TA.Early,B5,TA.Early,Hpoly.Day3
B5_CTTCACCTGTATGC_Hpoly.Day3_Enterocyte.Progenitor,B5,Enterocyte.Progenitor,Hpoly.Day3
B5_CTTCATGAACCTGA_Hpoly.Day3_Stem,B5,Stem,Hpoly.Day3
B5_CTTCTAGAAAAGTG_Hpoly.Day3_TA,B5,TA,Hpoly.Day3
B5_CTTCTAGAGTCTAG_Hpoly.Day3_Goblet,B5,Goblet,Hpoly.Day3
B5_CTTGAACTTTGTGG_Hpoly.Day3_Enterocyte.Progenitor,B5,Enterocyte.Progenitor,Hpoly.Day3
B5_CTTTACGATTTCGT_Hpoly.Day3_Enterocyte.Progenitor,B5,Enterocyte.Progenitor,Hpoly.Day3
B5_CTTTGATGCGCCTT_Hpoly.Day3_Enterocyte.Progenitor,B5,Enterocyte.Progenitor,Hpoly.Day3
B5_CTTTGATGGAAACA_Hpoly.Day3_Endocrine,B5,Endocrine,Hpoly.Day3
B5_CTTTGATGGGACGA_Hpoly.Day3_Enterocyte.Progenitor,B5,Enterocyte.Progenitor,Hpoly.Day3
B5_GAAACAGAAGTGTC_Hpoly.Day3_Endocrine,B5,Endocrine,Hpoly.Day3
B5_GAAACCTGTCTCAT_Hpoly.Day3_Goblet,B5,Goblet,Hpoly.Day3
B5_GAAACCTGTTCTTG_Hpoly.Day3_Enterocyte.Progenitor,B5,Enterocyte.Progenitor,Hpoly.Day3
B5_GAAAGATGCAGATC_Hpoly.Day3_TA.Early,B5,TA.Early,Hpoly.Day3
B5_GAAAGATGGCGTTA_Hpoly.Day3_Enterocyte.Progenitor,B5,Enterocyte.Progenitor,Hpoly.Day3
B5_GAAAGCCTAAGTGA_Hpoly.Day3_Goblet,B5,Goblet,Hpoly.Day3
B5_GAAAGCCTAGCCTA_Hpoly.Day3_TA,B5,TA,Hpoly.Day3
B5_GAAATACTCCTCAC_Hpoly.Day3_TA.Early,B5,TA.Early,Hpoly.Day3
B5_GAACAGCTTCTTTG_Hpoly.Day3_TA,B5,TA,Hpoly.Day3
B5_GAACCTGAGAAACA_Hpoly.Day3_Tuft,B5,Tuft,Hpoly.Day3
B5_GAACCTGATAACCG_Hpoly.Day3_TA.Early,B5,TA.Early,Hpoly.Day3
B5_GAACGGGATGGTAC_Hpoly.Day3_Stem,B5,Stem,Hpoly.Day3
B5_GAAGAATGAGAGGC_Hpoly.Day3_Enterocyte.Progenitor,B5,Enterocyte.Progenitor,Hpoly.Day3
B5_GAAGATGAACTGGT_Hpoly.Day3_Stem,B5,Stem,Hpoly.Day3
B5_GAAGATGACTTGGA_Hpoly.Day3_TA.Early,B5,TA.Early,Hpoly.Day3
B5_GAAGCTACCGACAT_Hpoly.Day3_TA,B5,TA,Hpoly.Day3
B5_GAAGCTACCGGTAT_Hpoly.Day3_TA.Early,B5,TA.Early,Hpoly.Day3
B5_GAAGCTACTTTGTC_Hpoly.Day3_Stem,B5,Stem,Hpoly.Day3
B5_GAAGGTCTGTACAC_Hpoly.Day3_TA.Early,B5,TA.Early,Hpoly.Day3
B5_GAAGTCACTAGAAG_Hpoly.Day3_Enterocyte.Progenitor,B5,Enterocyte.Progenitor,Hpoly.Day3
B5_GAAGTCTGTTGGTG_Hpoly.Day3_Enterocyte.Progenitor,B5,Enterocyte.Progenitor,Hpoly.Day3
B5_GAATGCTGATCACG_Hpoly.Day3_Goblet,B5,Goblet,Hpoly.Day3
B5_GAATGCTGGGAGTG_Hpoly.Day3_Stem,B5,Stem,Hpoly.Day3
B5_GAATGGCTCAACCA_Hpoly.Day3_Enterocyte.Progenitor,B5,Enterocyte.Progenitor,Hpoly.Day3
B5_GAATGGCTCTTCCG_Hpoly.Day3_TA.Early,B5,TA.Early,Hpoly.Day3
B5_GAATGGCTGTGTAC_Hpoly.Day3_Stem,B5,Stem,Hpoly.Day3
B5_GACAGGGAAAACGA_Hpoly.Day3_Enterocyte,B5,Enterocyte,Hpoly.Day3
B5_GACAGGGACAGTTG_Hpoly.Day3_Enterocyte,B5,Enterocyte,Hpoly.Day3
B5_GACAGTACTCCGTC_Hpoly.Day3_Enterocyte.Progenitor,B5,Enterocyte.Progenitor,Hpoly.Day3
B5_GACAGTACTTAGGC_Hpoly.Day3_Enterocyte.Progenitor,B5,Enterocyte.Progenitor,Hpoly.Day3
B5_GACAGTTGGGGATG_Hpoly.Day3_Enterocyte.Progenitor,B5,Enterocyte.Progenitor,Hpoly.Day3
B5_GACCATGACTGTTT_Hpoly.Day3_TA,B5,TA,Hpoly.Day3
B5_GACCATGATGCTGA_Hpoly.Day3_TA.Early,B5,TA.Early,Hpoly.Day3
B5_GACCTAGACGTAAC_Hpoly.Day3_Tuft,B5,Tuft,Hpoly.Day3
B5_GACCTAGAGCTAAC_Hpoly.Day3_TA,B5,TA,Hpoly.Day3
B5_GACCTCTGGCTCCT_Hpoly.Day3_Stem,B5,Stem,Hpoly.Day3
B5_GACGAGGAGGAAGC_Hpoly.Day3_TA,B5,TA,Hpoly.Day3
B5_GACGAGGATGTGAC_Hpoly.Day3_TA.Early,B5,TA.Early,Hpoly.Day3
B5_GACGCTCTTGAGCT_Hpoly.Day3_TA.Early,B5,TA.Early,Hpoly.Day3
B5_GACGCTCTTTCGGA_Hpoly.Day3_Goblet,B5,Goblet,Hpoly.Day3
B5_GACGTCCTACTACG_Hpoly.Day3_Stem,B5,Stem,Hpoly.Day3
B5_GACGTCCTATGACC_Hpoly.Day3_Enterocyte.Progenitor,B5,Enterocyte.Progenitor,Hpoly.Day3
B5_GACTCCTGGTTGGT_Hpoly.Day3_Stem,B5,Stem,Hpoly.Day3
B5_GACTGAACACGCAT_Hpoly.Day3_Goblet,B5,Goblet,Hpoly.Day3
B5_GACTGAACACTACG_Hpoly.Day3_Enterocyte.Progenitor,B5,Enterocyte.Progenitor,Hpoly.Day3
B5_GACTGAACCTAGTG_Hpoly.Day3_Enterocyte.Progenitor,B5,Enterocyte.Progenitor,Hpoly.Day3
B5_GACTGAACCTTCTA_Hpoly.Day3_TA,B5,TA,Hpoly.Day3
B5_GACTGAACGTACCA_Hpoly.Day3_TA,B5,TA,Hpoly.Day3
B5_GACTGAACTGTAGC_Hpoly.Day3_Tuft,B5,Tuft,Hpoly.Day3
B5_GACTGATGATTGGC_Hpoly.Day3_Endocrine,B5,Endocrine,Hpoly.Day3
B5_GACTGTGATGACCA_Hpoly.Day3_TA.Early,B5,TA.Early,Hpoly.Day3
B5_GACTGTGATTTGGG_Hpoly.Day3_Goblet,B5,Goblet,Hpoly.Day3
B5_GAGAAATGTTATCC_Hpoly.Day3_Stem,B5,Stem,Hpoly.Day3
B5_GAGATAGAGATAAG_Hpoly.Day3_Goblet,B5,Goblet,Hpoly.Day3
B5_GAGATAGATCTGGA_Hpoly.Day3_Stem,B5,Stem,Hpoly.Day3
B5_GAGATGCTAAACGA_Hpoly.Day3_Stem,B5,Stem,Hpoly.Day3
B5_GAGATGCTAACCGT_Hpoly.Day3_Enterocyte.Progenitor,B5,Enterocyte.Progenitor,Hpoly.Day3
B5_GAGCAGGAAAGGCG_Hpoly.Day3_TA,B5,TA,Hpoly.Day3
B5_GAGCATACGGTACT_Hpoly.Day3_Enterocyte.Progenitor,B5,Enterocyte.Progenitor,Hpoly.Day3
B5_GAGCATACTCCGAA_Hpoly.Day3_TA.Early,B5,TA.Early,Hpoly.Day3
B5_GAGCATACTGACAC_Hpoly.Day3_TA,B5,TA,Hpoly.Day3
B5_GAGCGAGACAACTG_Hpoly.Day3_Stem,B5,Stem,Hpoly.Day3
B5_GAGCGCACCTTACT_Hpoly.Day3_Stem,B5,Stem,Hpoly.Day3
B5_GAGCGCTGTTCACT_Hpoly.Day3_Tuft,B5,Tuft,Hpoly.Day3
B5_GAGCTCCTCTTCGC_Hpoly.Day3_TA,B5,TA,Hpoly.Day3
B5_GAGGACGAAACAGA_Hpoly.Day3_TA.Early,B5,TA.Early,Hpoly.Day3
B5_GAGGACGATGGAGG_Hpoly.Day3_TA.Early,B5,TA.Early,Hpoly.Day3
B5_GAGGATCTGACAAA_Hpoly.Day3_Enterocyte.Progenitor,B5,Enterocyte.Progenitor,Hpoly.Day3
B5_GAGGCCACTCTCGC_Hpoly.Day3_Stem,B5,Stem,Hpoly.Day3
B5_GAGGGAACAACCGT_Hpoly.Day3_TA.Early,B5,TA.Early,Hpoly.Day3
B5_GAGGGAACGAGGCA_Hpoly.Day3_Enterocyte.Progenitor,B5,Enterocyte.Progenitor,Hpoly.Day3
B5_GAGGGAACGTTAGC_Hpoly.Day3_Enterocyte,B5,Enterocyte,Hpoly.Day3
B5_GAGGGAACTTGAGC_Hpoly.Day3_Stem,B5,Stem,Hpoly.Day3
B5_GAGGGATGCATTTC_Hpoly.Day3_Stem,B5,Stem,Hpoly.Day3
B5_GAGGGATGTCCGTC_Hpoly.Day3_Enterocyte.Progenitor,B5,Enterocyte.Progenitor,Hpoly.Day3
B5_GAGGTACTTCTCGC_Hpoly.Day3_TA,B5,TA,Hpoly.Day3
B5_GAGGTGGAGGACAG_Hpoly.Day3_TA,B5,TA,Hpoly.Day3
B5_GAGGTTACTTTGTC_Hpoly.Day3_Stem,B5,Stem,Hpoly.Day3
B5_GAGTACTGGTCTGA_Hpoly.Day3_Enterocyte.Progenitor,B5,Enterocyte.Progenitor,Hpoly.Day3
B5_GAGTCAACGGACGA_Hpoly.Day3_Enterocyte.Progenitor,B5,Enterocyte.Progenitor,Hpoly.Day3
B5_GAGTCTGAGTCGAT_Hpoly.Day3_Enterocyte.Progenitor,B5,Enterocyte.Progenitor,Hpoly.Day3
B5_GAGTGACTCCACCT_Hpoly.Day3_TA,B5,TA,Hpoly.Day3
B5_GAGTGGGAATGCCA_Hpoly.Day3_Goblet,B5,Goblet,Hpoly.Day3
B5_GAGTTGTGGACAGG_Hpoly.Day3_Goblet,B5,Goblet,Hpoly.Day3
B5_GATACTCTACTTTC_Hpoly.Day3_Stem,B5,Stem,Hpoly.Day3
B5_GATAGAGATAGTCG_Hpoly.Day3_TA.Early,B5,TA.Early,Hpoly.Day3
B5_GATAGAGATGCAAC_Hpoly.Day3_TA,B5,TA,Hpoly.Day3
B5_GATAGCACTGTCGA_Hpoly.Day3_TA,B5,TA,Hpoly.Day3
B5_GATAGCACTTGGTG_Hpoly.Day3_Stem,B5,Stem,Hpoly.Day3
B5_GATATAACACTACG_Hpoly.Day3_Stem,B5,Stem,Hpoly.Day3
B5_GATATAACACTGGT_Hpoly.Day3_Enterocyte.Progenitor,B5,Enterocyte.Progenitor,Hpoly.Day3
B5_GATATAACGTTCAG_Hpoly.Day3_Stem,B5,Stem,Hpoly.Day3
B5_GATATATGCAGTCA_Hpoly.Day3_TA.Early,B5,TA.Early,Hpoly.Day3
B5_GATATTGATAGACC_Hpoly.Day3_Enterocyte,B5,Enterocyte,Hpoly.Day3
B5_GATCCCTGAAAGTG_Hpoly.Day3_Goblet,B5,Goblet,Hpoly.Day3
B5_GATCCCTGGTCTGA_Hpoly.Day3_Enterocyte,B5,Enterocyte,Hpoly.Day3
B5_GATCCCTGGTCTTT_Hpoly.Day3_Goblet,B5,Goblet,Hpoly.Day3
B5_GATCCGCTTTTCTG_Hpoly.Day3_Stem,B5,Stem,Hpoly.Day3
B5_GATCGATGAACCGT_Hpoly.Day3_Stem,B5,Stem,Hpoly.Day3
B5_GATCGATGCTCATT_Hpoly.Day3_Stem,B5,Stem,Hpoly.Day3
B5_GATCGATGGTCTTT_Hpoly.Day3_Endocrine,B5,Endocrine,Hpoly.Day3
B5_GATCGTGATATGCG_Hpoly.Day3_TA,B5,TA,Hpoly.Day3
B5_GATCTTTGCAGTCA_Hpoly.Day3_Endocrine,B5,Endocrine,Hpoly.Day3
B5_GATGACACGACAAA_Hpoly.Day3_Enterocyte,B5,Enterocyte,Hpoly.Day3
B5_GATGCAACAACAGA_Hpoly.Day3_Stem,B5,Stem,Hpoly.Day3
B5_GATGCATGAAGCCT_Hpoly.Day3_Stem,B5,Stem,Hpoly.Day3
B5_GATTCGGAATACCG_Hpoly.Day3_Stem,B5,Stem,Hpoly.Day3
B5_GATTCTTGCGTGTA_Hpoly.Day3_Stem,B5,Stem,Hpoly.Day3
B5_GATTGGACCATGCA_Hpoly.Day3_Stem,B5,Stem,Hpoly.Day3
B5_GCAAACTGTAGAGA_Hpoly.Day3_Tuft,B5,Tuft,Hpoly.Day3
B5_GCAAACTGTGACCA_Hpoly.Day3_Enterocyte.Progenitor,B5,Enterocyte.Progenitor,Hpoly.Day3
B5_GCAAACTGTGCTTT_Hpoly.Day3_TA.Early,B5,TA.Early,Hpoly.Day3
B5_GCAACCCTTCTCGC_Hpoly.Day3_TA.Early,B5,TA.Early,Hpoly.Day3
B5_GCAACCCTTTACCT_Hpoly.Day3_Enterocyte,B5,Enterocyte,Hpoly.Day3
B5_GCAAGACTTGGGAG_Hpoly.Day3_Stem,B5,Stem,Hpoly.Day3
B5_GCAATTCTAAAAGC_Hpoly.Day3_Enterocyte.Progenitor,B5,Enterocyte.Progenitor,Hpoly.Day3
B5_GCAATTCTGTACGT_Hpoly.Day3_Stem,B5,Stem,Hpoly.Day3
B5_GCACAAACACTCAG_Hpoly.Day3_Stem,B5,Stem,Hpoly.Day3
B5_GCACACCTGGTCAT_Hpoly.Day3_Goblet,B5,Goblet,Hpoly.Day3
B5_GCACACCTTCTCTA_Hpoly.Day3_TA.Early,B5,TA.Early,Hpoly.Day3
B5_GCACCTACTTCATC_Hpoly.Day3_Enterocyte.Progenitor,B5,Enterocyte.Progenitor,Hpoly.Day3
B5_GCACGGACCTGTGA_Hpoly.Day3_Endocrine,B5,Endocrine,Hpoly.Day3
B5_GCACGGACGCATCA_Hpoly.Day3_Stem,B5,Stem,Hpoly.Day3
B5_GCACGGACGTACAC_Hpoly.Day3_Goblet,B5,Goblet,Hpoly.Day3
B5_GCACGGTGGCTTCC_Hpoly.Day3_Stem,B5,Stem,Hpoly.Day3
B5_GCACTAGACTAGTG_Hpoly.Day3_TA.Early,B5,TA.Early,Hpoly.Day3
B5_GCAGATACTAGAAG_Hpoly.Day3_TA,B5,TA,Hpoly.Day3
B5_GCAGCGTGAAGTGA_Hpoly.Day3_TA,B5,TA,Hpoly.Day3
B5_GCAGCGTGTCTTTG_Hpoly.Day3_TA.Early,B5,TA.Early,Hpoly.Day3
B5_GCAGCTCTGGTATC_Hpoly.Day3_Stem,B5,Stem,Hpoly.Day3
B5_GCAGCTCTTATGGC_Hpoly.Day3_TA,B5,TA,Hpoly.Day3
B5_GCAGCTCTTTCGCC_Hpoly.Day3_Enterocyte.Progenitor,B5,Enterocyte.Progenitor,Hpoly.Day3
B5_GCAGGCACGTTGCA_Hpoly.Day3_Stem,B5,Stem,Hpoly.Day3
B5_GCAGGGCTCCGAAT_Hpoly.Day3_TA,B5,TA,Hpoly.Day3
B5_GCAGGGCTTATCGG_Hpoly.Day3_TA.Early,B5,TA.Early,Hpoly.Day3
B5_GCAGGGCTTGAGCT_Hpoly.Day3_Stem,B5,Stem,Hpoly.Day3
B5_GCAGTCCTTTACTC_Hpoly.Day3_Stem,B5,Stem,Hpoly.Day3
B5_GCAGTTGAAACGTC_Hpoly.Day3_TA.Early,B5,TA.Early,Hpoly.Day3
B5_GCAGTTGACAACCA_Hpoly.Day3_Enterocyte.Progenitor,B5,Enterocyte.Progenitor,Hpoly.Day3
B5_GCAGTTGACTCATT_Hpoly.Day3_Tuft,B5,Tuft,Hpoly.Day3
B5_GCAGTTGATCAAGC_Hpoly.Day3_TA.Early,B5,TA.Early,Hpoly.Day3
B5_GCAGTTGATGGAAA_Hpoly.Day3_Enterocyte.Progenitor,B5,Enterocyte.Progenitor,Hpoly.Day3
B5_GCAGTTGATTTGCT_Hpoly.Day3_TA,B5,TA,Hpoly.Day3
B5_GCATCAGATTCATC_Hpoly.Day3_TA.Early,B5,TA.Early,Hpoly.Day3
B5_GCATGATGAACCAC_Hpoly.Day3_TA.Early,B5,TA.Early,Hpoly.Day3
B5_GCATGTGAAGCCAT_Hpoly.Day3_Stem,B5,Stem,Hpoly.Day3
B5_GCATGTGAAGTAGA_Hpoly.Day3_Stem,B5,Stem,Hpoly.Day3
B5_GCATTGGACTGTAG_Hpoly.Day3_Stem,B5,Stem,Hpoly.Day3
B5_GCCAAAACAGGTCT_Hpoly.Day3_TA.Early,B5,TA.Early,Hpoly.Day3
B5_GCCAAAACGTGTTG_Hpoly.Day3_TA,B5,TA,Hpoly.Day3
B5_GCCAAATGAGTGCT_Hpoly.Day3_Enterocyte.Progenitor,B5,Enterocyte.Progenitor,Hpoly.Day3
B5_GCCAAATGGAGAGC_Hpoly.Day3_TA.Early,B5,TA.Early,Hpoly.Day3
B5_GCCAACCTGTTTGG_Hpoly.Day3_Enterocyte.Progenitor,B5,Enterocyte.Progenitor,Hpoly.Day3
B5_GCCACTACTCTCCG_Hpoly.Day3_Tuft,B5,Tuft,Hpoly.Day3
B5_GCCACTACTTATCC_Hpoly.Day3_Enterocyte,B5,Enterocyte,Hpoly.Day3
B5_GCCATCACCGAGTT_Hpoly.Day3_Stem,B5,Stem,Hpoly.Day3
B5_GCCGGAACGACGAG_Hpoly.Day3_Endocrine,B5,Endocrine,Hpoly.Day3
B5_GCCGGAACTACTGG_Hpoly.Day3_Stem,B5,Stem,Hpoly.Day3
B5_GCCGTACTGTATGC_Hpoly.Day3_Enterocyte.Progenitor,B5,Enterocyte.Progenitor,Hpoly.Day3
B5_GCCTAGCTATCAGC_Hpoly.Day3_TA.Early,B5,TA.Early,Hpoly.Day3
B5_GCCTAGCTGCAGAG_Hpoly.Day3_TA,B5,TA,Hpoly.Day3
B5_GCCTCAACCTATTC_Hpoly.Day3_Stem,B5,Stem,Hpoly.Day3
B5_GCCTCATGCACTTT_Hpoly.Day3_Stem,B5,Stem,Hpoly.Day3
B5_GCGAAGGAACCACA_Hpoly.Day3_TA.Early,B5,TA.Early,Hpoly.Day3
B5_GCGAGCACAGGTTC_Hpoly.Day3_TA.Early,B5,TA.Early,Hpoly.Day3
B5_GCGCACGAAACGAA_Hpoly.Day3_Enterocyte.Progenitor,B5,Enterocyte.Progenitor,Hpoly.Day3
B5_GCGCGAACGTTGGT_Hpoly.Day3_TA.Early,B5,TA.Early,Hpoly.Day3
B5_GCGCGATGACAGCT_Hpoly.Day3_Stem,B5,Stem,Hpoly.Day3
B5_GCGCGATGCCTTGC_Hpoly.Day3_Stem,B5,Stem,Hpoly.Day3
B5_GCGGACTGCACTGA_Hpoly.Day3_Endocrine,B5,Endocrine,Hpoly.Day3
B5_GCGGAGCTCTTGCC_Hpoly.Day3_TA,B5,TA,Hpoly.Day3
B5_GCGGCAACTACGAC_Hpoly.Day3_TA.Early,B5,TA.Early,Hpoly.Day3
B5_GCGGGACTTTACCT_Hpoly.Day3_Stem,B5,Stem,Hpoly.Day3
B5_GCGTAAACAAAGCA_Hpoly.Day3_TA,B5,TA,Hpoly.Day3
B5_GCGTAATGAGACTC_Hpoly.Day3_Enterocyte,B5,Enterocyte,Hpoly.Day3
B5_GCGTAATGGGTCAT_Hpoly.Day3_Enterocyte.Progenitor,B5,Enterocyte.Progenitor,Hpoly.Day3
B5_GCTAGAACAGATGA_Hpoly.Day3_Stem,B5,Stem,Hpoly.Day3
B5_GCTAGAACCTGTTT_Hpoly.Day3_TA.Early,B5,TA.Early,Hpoly.Day3
B5_GCTAGAACTCATTC_Hpoly.Day3_TA,B5,TA,Hpoly.Day3
B5_GCTATACTCGTAGT_Hpoly.Day3_Goblet,B5,Goblet,Hpoly.Day3
B5_GCTCAAGATAGAAG_Hpoly.Day3_TA,B5,TA,Hpoly.Day3
B5_GCTCACTGAAGCAA_Hpoly.Day3_TA.Early,B5,TA.Early,Hpoly.Day3
B5_GCTCACTGGATAGA_Hpoly.Day3_Stem,B5,Stem,Hpoly.Day3
B5_GCTCACTGTATTCC_Hpoly.Day3_TA.Early,B5,TA.Early,Hpoly.Day3
B5_GCTCAGCTATGACC_Hpoly.Day3_Enterocyte.Progenitor,B5,Enterocyte.Progenitor,Hpoly.Day3
B5_GCTCCATGTGTTTC_Hpoly.Day3_TA.Early,B5,TA.Early,Hpoly.Day3
B5_GCTGATGATTGGCA_Hpoly.Day3_TA,B5,TA,Hpoly.Day3
B5_GCTTGAGAGAATGA_Hpoly.Day3_TA.Early,B5,TA.Early,Hpoly.Day3
B5_GCTTGAGATGTCTT_Hpoly.Day3_Enterocyte.Progenitor,B5,Enterocyte.Progenitor,Hpoly.Day3
B5_GGAACTTGCCGTTC_Hpoly.Day3_Enterocyte.Progenitor,B5,Enterocyte.Progenitor,Hpoly.Day3
B5_GGAAGGACTGACCA_Hpoly.Day3_Stem,B5,Stem,Hpoly.Day3
B5_GGAAGGTGTCACCC_Hpoly.Day3_Stem,B5,Stem,Hpoly.Day3
B5_GGAATGCTTGCAAC_Hpoly.Day3_Stem,B5,Stem,Hpoly.Day3
B5_GGACAACTACCAAC_Hpoly.Day3_Enterocyte.Progenitor,B5,Enterocyte.Progenitor,Hpoly.Day3
B5_GGACAACTAGCTCA_Hpoly.Day3_TA,B5,TA,Hpoly.Day3
B5_GGACAGGAGAGGCA_Hpoly.Day3_TA,B5,TA,Hpoly.Day3
B5_GGACATTGAGATCC_Hpoly.Day3_Stem,B5,Stem,Hpoly.Day3
B5_GGACCCGACAGAGG_Hpoly.Day3_TA,B5,TA,Hpoly.Day3
B5_GGACCTCTTGCTGA_Hpoly.Day3_Enterocyte.Progenitor,B5,Enterocyte.Progenitor,Hpoly.Day3
B5_GGACGCACCGTAAC_Hpoly.Day3_Enterocyte,B5,Enterocyte,Hpoly.Day3
B5_GGACTATGAACGAA_Hpoly.Day3_TA.Early,B5,TA.Early,Hpoly.Day3
B5_GGAGACGAATCTCT_Hpoly.Day3_TA,B5,TA,Hpoly.Day3
B5_GGAGACGACACTGA_Hpoly.Day3_TA,B5,TA,Hpoly.Day3
B5_GGAGCGCTCGGTAT_Hpoly.Day3_Stem,B5,Stem,Hpoly.Day3
B5_GGAGGATGACCTTT_Hpoly.Day3_Stem,B5,Stem,Hpoly.Day3
B5_GGAGGCCTGACGAG_Hpoly.Day3_Stem,B5,Stem,Hpoly.Day3
B5_GGAGGTGAATCACG_Hpoly.Day3_Stem,B5,Stem,Hpoly.Day3
B5_GGAGTTTGCGTGTA_Hpoly.Day3_TA,B5,TA,Hpoly.Day3
B5_GGATACTGATGTCG_Hpoly.Day3_Enterocyte.Progenitor,B5,Enterocyte.Progenitor,Hpoly.Day3
B5_GGATACTGTATCTC_Hpoly.Day3_TA,B5,TA,Hpoly.Day3
B5_GGATGTACCTGACA_Hpoly.Day3_Stem,B5,Stem,Hpoly.Day3
B5_GGATTGTGACTACG_Hpoly.Day3_Tuft,B5,Tuft,Hpoly.Day3
B5_GGATTGTGCACACA_Hpoly.Day3_TA.Early,B5,TA.Early,Hpoly.Day3
B5_GGATTGTGTTCGCC_Hpoly.Day3_Enterocyte.Progenitor,B5,Enterocyte.Progenitor,Hpoly.Day3
B5_GGATTTCTGACGAG_Hpoly.Day3_TA,B5,TA,Hpoly.Day3
B5_GGCAATACAGCTCA_Hpoly.Day3_Stem,B5,Stem,Hpoly.Day3
B5_GGCACGTGACGTAC_Hpoly.Day3_Enterocyte,B5,Enterocyte,Hpoly.Day3
B5_GGCACGTGGGAGCA_Hpoly.Day3_TA,B5,TA,Hpoly.Day3
B5_GGCACGTGTAACGC_Hpoly.Day3_Enterocyte.Progenitor,B5,Enterocyte.Progenitor,Hpoly.Day3
B5_GGCACTCTACGACT_Hpoly.Day3_Enterocyte,B5,Enterocyte,Hpoly.Day3
B5_GGCCACGATATCGG_Hpoly.Day3_TA,B5,TA,Hpoly.Day3
B5_GGCCCAGACCGATA_Hpoly.Day3_Stem,B5,Stem,Hpoly.Day3
B5_GGCCCAGACTAAGC_Hpoly.Day3_Enterocyte.Progenitor,B5,Enterocyte.Progenitor,Hpoly.Day3
B5_GGCGCATGACGCTA_Hpoly.Day3_TA,B5,TA,Hpoly.Day3
B5_GGCGCATGTGTGAC_Hpoly.Day3_Endocrine,B5,Endocrine,Hpoly.Day3
B5_GGCGCATGTTCGGA_Hpoly.Day3_TA.Early,B5,TA.Early,Hpoly.Day3
B5_GGCTAATGGCTCCT_Hpoly.Day3_Enterocyte,B5,Enterocyte,Hpoly.Day3
B5_GGCTCACTAATGCC_Hpoly.Day3_Endocrine,B5,Endocrine,Hpoly.Day3
B5_GGCTCACTGTCACA_Hpoly.Day3_Enterocyte.Progenitor,B5,Enterocyte.Progenitor,Hpoly.Day3
B5_GGCTCACTTGAACC_Hpoly.Day3_Tuft,B5,Tuft,Hpoly.Day3
B5_GGGAACGAGTTACG_Hpoly.Day3_TA,B5,TA,Hpoly.Day3
B5_GGGAAGACCCAGTA_Hpoly.Day3_TA.Early,B5,TA.Early,Hpoly.Day3
B5_GGGAAGACGTCGAT_Hpoly.Day3_Stem,B5,Stem,Hpoly.Day3
B5_GGGACCACTTGGCA_Hpoly.Day3_Stem,B5,Stem,Hpoly.Day3
B5_GGGACCTGGGCAAG_Hpoly.Day3_Stem,B5,Stem,Hpoly.Day3
B5_GGGACCTGTCGATG_Hpoly.Day3_TA,B5,TA,Hpoly.Day3
B5_GGGATGGAATGCCA_Hpoly.Day3_TA,B5,TA,Hpoly.Day3
B5_GGGATTACTTACCT_Hpoly.Day3_TA.Early,B5,TA.Early,Hpoly.Day3
B5_GGGCAAGAGCCTTC_Hpoly.Day3_Endocrine,B5,Endocrine,Hpoly.Day3
B5_GGGCCAACACTGTG_Hpoly.Day3_TA,B5,TA,Hpoly.Day3
B5_GGGCCATGCAATCG_Hpoly.Day3_TA.Early,B5,TA.Early,Hpoly.Day3
B5_GGGCCATGTCACGA_Hpoly.Day3_Stem,B5,Stem,Hpoly.Day3
B5_GGGCCATGTGGTTG_Hpoly.Day3_TA.Early,B5,TA.Early,Hpoly.Day3
B5_GGGTAACTGGTAAA_Hpoly.Day3_TA,B5,TA,Hpoly.Day3
B5_GGGTTAACAAGCAA_Hpoly.Day3_Endocrine,B5,Endocrine,Hpoly.Day3
B5_GGTACAACCGATAC_Hpoly.Day3_Enterocyte.Progenitor,B5,Enterocyte.Progenitor,Hpoly.Day3
B5_GGTACATGAACGAA_Hpoly.Day3_Enterocyte,B5,Enterocyte,Hpoly.Day3
B5_GGTACATGCGAGTT_Hpoly.Day3_Enterocyte.Progenitor,B5,Enterocyte.Progenitor,Hpoly.Day3
B5_GGTACATGCTAGTG_Hpoly.Day3_Enterocyte.Progenitor,B5,Enterocyte.Progenitor,Hpoly.Day3
B5_GGTACTGATGTTTC_Hpoly.Day3_Stem,B5,Stem,Hpoly.Day3
B5_GGTATCGATTACCT_Hpoly.Day3_TA.Early,B5,TA.Early,Hpoly.Day3
B5_GGTATGACCACTTT_Hpoly.Day3_Stem,B5,Stem,Hpoly.Day3
B5_GGTCAAACTAGCCA_Hpoly.Day3_Enterocyte.Progenitor,B5,Enterocyte.Progenitor,Hpoly.Day3
B5_GGTCTAGACGTGTA_Hpoly.Day3_TA.Early,B5,TA.Early,Hpoly.Day3
B5_GGTGATACCTGAAC_Hpoly.Day3_Enterocyte.Progenitor,B5,Enterocyte.Progenitor,Hpoly.Day3
B5_GGTGATACTGAGAA_Hpoly.Day3_Stem,B5,Stem,Hpoly.Day3
B5_GGTGGAGACTCAGA_Hpoly.Day3_Enterocyte.Progenitor,B5,Enterocyte.Progenitor,Hpoly.Day3
B5_GTAACGTGCCTTCG_Hpoly.Day3_TA.Early,B5,TA.Early,Hpoly.Day3
B5_GTAAGCTGAGCCTA_Hpoly.Day3_Stem,B5,Stem,Hpoly.Day3
B5_GTAAGCTGGCCTTC_Hpoly.Day3_TA,B5,TA,Hpoly.Day3
B5_GTAATATGTTTACC_Hpoly.Day3_TA.Early,B5,TA.Early,Hpoly.Day3
B5_GTACAGTGAAGAAC_Hpoly.Day3_TA,B5,TA,Hpoly.Day3
B5_GTACAGTGCTATTC_Hpoly.Day3_Enterocyte,B5,Enterocyte,Hpoly.Day3
B5_GTACAGTGCTCCAC_Hpoly.Day3_TA,B5,TA,Hpoly.Day3
B5_GTACCCTGTTTGTC_Hpoly.Day3_Enterocyte.Progenitor,B5,Enterocyte.Progenitor,Hpoly.Day3
B5_GTACGAACGGCGAA_Hpoly.Day3_Stem,B5,Stem,Hpoly.Day3
B5_GTACGTGATTAGGC_Hpoly.Day3_TA.Early,B5,TA.Early,Hpoly.Day3
B5_GTACTACTAAGTAG_Hpoly.Day3_Endocrine,B5,Endocrine,Hpoly.Day3
B5_GTACTACTTGATGC_Hpoly.Day3_TA.Early,B5,TA.Early,Hpoly.Day3
B5_GTAGACTGAGGAGC_Hpoly.Day3_Stem,B5,Stem,Hpoly.Day3
B5_GTAGACTGCGACAT_Hpoly.Day3_TA,B5,TA,Hpoly.Day3
B5_GTAGCAACTCAAGC_Hpoly.Day3_Enterocyte.Progenitor,B5,Enterocyte.Progenitor,Hpoly.Day3
B5_GTAGCCCTATGCCA_Hpoly.Day3_Stem,B5,Stem,Hpoly.Day3
B5_GTAGCCCTTCGACA_Hpoly.Day3_TA,B5,TA,Hpoly.Day3
B5_GTAGGTACGTAAAG_Hpoly.Day3_TA,B5,TA,Hpoly.Day3
B5_GTAGTCGAGTCACA_Hpoly.Day3_TA.Early,B5,TA.Early,Hpoly.Day3
B5_GTAGTGTGACCTGA_Hpoly.Day3_Enterocyte.Progenitor,B5,Enterocyte.Progenitor,Hpoly.Day3
B5_GTATCACTTCCGAA_Hpoly.Day3_TA.Early,B5,TA.Early,Hpoly.Day3
B5_GTATGGTGCGCCTT_Hpoly.Day3_TA.Early,B5,TA.Early,Hpoly.Day3
B5_GTCAATCTCTTCGC_Hpoly.Day3_Stem,B5,Stem,Hpoly.Day3
B5_GTCACCTGAGTGTC_Hpoly.Day3_Enterocyte.Progenitor,B5,Enterocyte.Progenitor,Hpoly.Day3
B5_GTCACCTGCAGGAG_Hpoly.Day3_TA.Early,B5,TA.Early,Hpoly.Day3
B5_GTCATACTTCGATG_Hpoly.Day3_Enterocyte.Progenitor,B5,Enterocyte.Progenitor,Hpoly.Day3
B5_GTCCAGCTATGCTG_Hpoly.Day3_Goblet,B5,Goblet,Hpoly.Day3
B5_GTCCAGCTCGTTAG_Hpoly.Day3_Stem,B5,Stem,Hpoly.Day3
B5_GTCCCATGAGGCGA_Hpoly.Day3_TA.Early,B5,TA.Early,Hpoly.Day3
B5_GTCGACCTCTGGAT_Hpoly.Day3_TA,B5,TA,Hpoly.Day3
B5_GTCGCACTAACAGA_Hpoly.Day3_Tuft,B5,Tuft,Hpoly.Day3
B5_GTCTAACTAACGAA_Hpoly.Day3_Stem,B5,Stem,Hpoly.Day3
B5_GTCTAACTCCATAG_Hpoly.Day3_TA.Early,B5,TA.Early,Hpoly.Day3
B5_GTCTAGGATCCGAA_Hpoly.Day3_Enterocyte.Progenitor,B5,Enterocyte.Progenitor,Hpoly.Day3
B5_GTCTGAGATGCCCT_Hpoly.Day3_Enterocyte,B5,Enterocyte,Hpoly.Day3
B5_GTGACAACACCTTT_Hpoly.Day3_TA.Early,B5,TA.Early,Hpoly.Day3
B5_GTGACAACCCTTCG_Hpoly.Day3_Endocrine,B5,Endocrine,Hpoly.Day3
B5_GTGCCACTCTTCCG_Hpoly.Day3_TA.Early,B5,TA.Early,Hpoly.Day3
B5_GTGCCACTGGGACA_Hpoly.Day3_Stem,B5,Stem,Hpoly.Day3
B5_GTGCCACTTTCTAC_Hpoly.Day3_Enterocyte.Progenitor,B5,Enterocyte.Progenitor,Hpoly.Day3
B5_GTGGTAACCAGTTG_Hpoly.Day3_Stem,B5,Stem,Hpoly.Day3
B5_GTGGTAACCTGGAT_Hpoly.Day3_Enterocyte.Progenitor,B5,Enterocyte.Progenitor,Hpoly.Day3
B5_GTGTAGTGGAAACA_Hpoly.Day3_Tuft,B5,Tuft,Hpoly.Day3
B5_GTGTAGTGGTGAGG_Hpoly.Day3_TA,B5,TA,Hpoly.Day3
B5_GTGTAGTGTCAGAC_Hpoly.Day3_Stem,B5,Stem,Hpoly.Day3
B5_GTGTATCTTCCCGT_Hpoly.Day3_Stem,B5,Stem,Hpoly.Day3
B5_GTGTATCTTGTTCT_Hpoly.Day3_Goblet,B5,Goblet,Hpoly.Day3
B5_GTGTCAGAACTCTT_Hpoly.Day3_Stem,B5,Stem,Hpoly.Day3
B5_GTGTCAGACCATAG_Hpoly.Day3_Stem,B5,Stem,Hpoly.Day3
B5_GTGTGATGGCGGAA_Hpoly.Day3_Goblet,B5,Goblet,Hpoly.Day3
B5_GTTAAAACATCTCT_Hpoly.Day3_TA.Early,B5,TA.Early,Hpoly.Day3
B5_GTTAAAACATGACC_Hpoly.Day3_Enterocyte.Progenitor,B5,Enterocyte.Progenitor,Hpoly.Day3
B5_GTTAAATGACCGAT_Hpoly.Day3_Enterocyte,B5,Enterocyte,Hpoly.Day3
B5_GTTAACCTGGTCTA_Hpoly.Day3_TA.Early,B5,TA.Early,Hpoly.Day3
B5_GTTACGGAAGGAGC_Hpoly.Day3_TA.Early,B5,TA.Early,Hpoly.Day3
B5_GTTACTACGTCTGA_Hpoly.Day3_Enterocyte.Progenitor,B5,Enterocyte.Progenitor,Hpoly.Day3
B5_GTTAGGTGAAGATG_Hpoly.Day3_TA,B5,TA,Hpoly.Day3
B5_GTTAGGTGGCGGAA_Hpoly.Day3_Stem,B5,Stem,Hpoly.Day3
B5_GTTATCTGACCACA_Hpoly.Day3_TA.Early,B5,TA.Early,Hpoly.Day3
B5_GTTATGCTTTGAGC_Hpoly.Day3_TA,B5,TA,Hpoly.Day3
B5_GTTGGATGAACGGG_Hpoly.Day3_Enterocyte.Progenitor,B5,Enterocyte.Progenitor,Hpoly.Day3
B5_GTTGTACTAGGTTC_Hpoly.Day3_TA.Early,B5,TA.Early,Hpoly.Day3
B5_TAAAGTTGCACTCC_Hpoly.Day3_Goblet,B5,Goblet,Hpoly.Day3
B5_TAAATCGACAGAGG_Hpoly.Day3_Enterocyte.Progenitor,B5,Enterocyte.Progenitor,Hpoly.Day3
B5_TAAATCGAGCTGAT_Hpoly.Day3_Enterocyte.Progenitor,B5,Enterocyte.Progenitor,Hpoly.Day3
B5_TAAATCGAGTGCTA_Hpoly.Day3_TA,B5,TA,Hpoly.Day3
B5_TAAATGTGCTGCTC_Hpoly.Day3_Stem,B5,Stem,Hpoly.Day3
B5_TAAATGTGGCTCCT_Hpoly.Day3_Enterocyte.Progenitor,B5,Enterocyte.Progenitor,Hpoly.Day3
B5_TAACAATGACGTAC_Hpoly.Day3_Stem,B5,Stem,Hpoly.Day3
B5_TAACCGGAACCAAC_Hpoly.Day3_Goblet,B5,Goblet,Hpoly.Day3
B5_TAACCGGACACCAA_Hpoly.Day3_Stem,B5,Stem,Hpoly.Day3
B5_TAACTAGACATTTC_Hpoly.Day3_TA.Early,B5,TA.Early,Hpoly.Day3
B5_TAACTAGATCTTTG_Hpoly.Day3_TA,B5,TA,Hpoly.Day3
B5_TAACTCACAAAACG_Hpoly.Day3_TA.Early,B5,TA.Early,Hpoly.Day3
B5_TAACTCACGTCCTC_Hpoly.Day3_Enterocyte,B5,Enterocyte,Hpoly.Day3
B5_TAAGAACTTTACTC_Hpoly.Day3_Endocrine,B5,Endocrine,Hpoly.Day3
B5_TAAGAGGAGTACGT_Hpoly.Day3_Enterocyte.Progenitor,B5,Enterocyte.Progenitor,Hpoly.Day3
B5_TAAGATACATTCCT_Hpoly.Day3_Goblet,B5,Goblet,Hpoly.Day3
B5_TAAGATACGCTACA_Hpoly.Day3_Stem,B5,Stem,Hpoly.Day3
B5_TAAGCGTGAACCTG_Hpoly.Day3_Enterocyte.Progenitor,B5,Enterocyte.Progenitor,Hpoly.Day3
B5_TAAGCTCTCGGGAA_Hpoly.Day3_Stem,B5,Stem,Hpoly.Day3
B5_TAAGTCCTCTCATT_Hpoly.Day3_TA.Early,B5,TA.Early,Hpoly.Day3
B5_TAAGTCCTGCGTAT_Hpoly.Day3_Enterocyte.Progenitor,B5,Enterocyte.Progenitor,Hpoly.Day3
B5_TAAGTCCTGGAAGC_Hpoly.Day3_TA,B5,TA,Hpoly.Day3
B5_TAATCCACCCTATT_Hpoly.Day3_Stem,B5,Stem,Hpoly.Day3
B5_TAATGAACCTGTCC_Hpoly.Day3_TA.Early,B5,TA.Early,Hpoly.Day3
B5_TAATGAACCTTGAG_Hpoly.Day3_TA,B5,TA,Hpoly.Day3
B5_TAATGCCTGACGGA_Hpoly.Day3_Enterocyte.Progenitor,B5,Enterocyte.Progenitor,Hpoly.Day3
B5_TAATGTGATTCTCA_Hpoly.Day3_TA.Early,B5,TA.Early,Hpoly.Day3
B5_TAATGTGATTTGCT_Hpoly.Day3_TA.Early,B5,TA.Early,Hpoly.Day3
B5_TACATAGAGTGAGG_Hpoly.Day3_Enterocyte.Progenitor,B5,Enterocyte.Progenitor,Hpoly.Day3
B5_TACATAGATTTGTC_Hpoly.Day3_Stem,B5,Stem,Hpoly.Day3
B5_TACCGAGACTCATT_Hpoly.Day3_Stem,B5,Stem,Hpoly.Day3
B5_TACCGAGATCTATC_Hpoly.Day3_Enterocyte.Progenitor,B5,Enterocyte.Progenitor,Hpoly.Day3
B5_TACCGGCTAACGAA_Hpoly.Day3_TA.Early,B5,TA.Early,Hpoly.Day3
B5_TACGACGAGCTTCC_Hpoly.Day3_TA.Early,B5,TA.Early,Hpoly.Day3
B5_TACGACGATTATCC_Hpoly.Day3_TA,B5,TA,Hpoly.Day3
B5_TACGAGTGAAGGCG_Hpoly.Day3_Enterocyte.Progenitor,B5,Enterocyte.Progenitor,Hpoly.Day3
B5_TACGATCTACGGAG_Hpoly.Day3_Enterocyte.Progenitor,B5,Enterocyte.Progenitor,Hpoly.Day3
B5_TACGATCTTCCTTA_Hpoly.Day3_Enterocyte,B5,Enterocyte,Hpoly.Day3
B5_TACGCCACAGTCAC_Hpoly.Day3_TA,B5,TA,Hpoly.Day3
B5_TACGCCACGGTCAT_Hpoly.Day3_TA,B5,TA,Hpoly.Day3
B5_TACGCGCTAGACTC_Hpoly.Day3_Stem,B5,Stem,Hpoly.Day3
B5_TACGCGCTCTCCCA_Hpoly.Day3_TA,B5,TA,Hpoly.Day3
B5_TACGCGCTTTCCGC_Hpoly.Day3_Endocrine,B5,Endocrine,Hpoly.Day3
B5_TACGGAACAACTGC_Hpoly.Day3_Endocrine,B5,Endocrine,Hpoly.Day3
B5_TACGGCCTGCCATA_Hpoly.Day3_Stem,B5,Stem,Hpoly.Day3
B5_TACGGCCTTGGCAT_Hpoly.Day3_TA.Early,B5,TA.Early,Hpoly.Day3
B5_TACGTACTAGCGTT_Hpoly.Day3_Stem,B5,Stem,Hpoly.Day3
B5_TACGTACTTTACCT_Hpoly.Day3_TA,B5,TA,Hpoly.Day3
B5_TACGTACTTTCGTT_Hpoly.Day3_Enterocyte.Progenitor,B5,Enterocyte.Progenitor,Hpoly.Day3
B5_TACTAAGATCCTAT_Hpoly.Day3_TA,B5,TA,Hpoly.Day3
B5_TACTCAACGTTGAC_Hpoly.Day3_Stem,B5,Stem,Hpoly.Day3
B5_TACTCCCTACGCTA_Hpoly.Day3_Stem,B5,Stem,Hpoly.Day3
B5_TACTGGGAACTGTG_Hpoly.Day3_Stem,B5,Stem,Hpoly.Day3
B5_TACTTTCTTCGTTT_Hpoly.Day3_Enterocyte,B5,Enterocyte,Hpoly.Day3
B5_TAGAAACTGTCAAC_Hpoly.Day3_Enterocyte.Progenitor,B5,Enterocyte.Progenitor,Hpoly.Day3
B5_TAGAATACTCTACT_Hpoly.Day3_TA,B5,TA,Hpoly.Day3
B5_TAGACGTGTCCAGA_Hpoly.Day3_Enterocyte.Progenitor,B5,Enterocyte.Progenitor,Hpoly.Day3
B5_TAGAGAGACTCTTA_Hpoly.Day3_Stem,B5,Stem,Hpoly.Day3
B5_TAGAGAGAGAAACA_Hpoly.Day3_TA,B5,TA,Hpoly.Day3
B5_TAGAGCACCTTCGC_Hpoly.Day3_TA,B5,TA,Hpoly.Day3
B5_TAGAGCACTACAGC_Hpoly.Day3_TA,B5,TA,Hpoly.Day3
B5_TAGATCCTCCCTCA_Hpoly.Day3_TA.Early,B5,TA.Early,Hpoly.Day3
B5_TAGCCCACCTCAGA_Hpoly.Day3_Stem,B5,Stem,Hpoly.Day3
B5_TAGCCCACGTCTGA_Hpoly.Day3_Stem,B5,Stem,Hpoly.Day3
B5_TAGCCCTGCTACTT_Hpoly.Day3_TA.Early,B5,TA.Early,Hpoly.Day3
B5_TAGCCCTGTGGAGG_Hpoly.Day3_Enterocyte.Progenitor,B5,Enterocyte.Progenitor,Hpoly.Day3
B5_TAGCGATGCATGAC_Hpoly.Day3_TA,B5,TA,Hpoly.Day3
B5_TAGCTACTAGTCAC_Hpoly.Day3_Enterocyte.Progenitor,B5,Enterocyte.Progenitor,Hpoly.Day3
B5_TAGGACTGACAGTC_Hpoly.Day3_Enterocyte.Progenitor,B5,Enterocyte.Progenitor,Hpoly.Day3
B5_TAGGCAACTTAGGC_Hpoly.Day3_Stem,B5,Stem,Hpoly.Day3
B5_TAGGCATGCAAAGA_Hpoly.Day3_Enterocyte.Progenitor,B5,Enterocyte.Progenitor,Hpoly.Day3
B5_TAGGCTGATATGCG_Hpoly.Day3_Stem,B5,Stem,Hpoly.Day3
B5_TAGGGACTCCACCT_Hpoly.Day3_TA,B5,TA,Hpoly.Day3
B5_TAGGGACTGAGGGT_Hpoly.Day3_Enterocyte.Progenitor,B5,Enterocyte.Progenitor,Hpoly.Day3
B5_TAGGTCGAATTCTC_Hpoly.Day3_Stem,B5,Stem,Hpoly.Day3
B5_TAGGTCGACTGTGA_Hpoly.Day3_Endocrine,B5,Endocrine,Hpoly.Day3
B5_TAGGTCGATTTCTG_Hpoly.Day3_Stem,B5,Stem,Hpoly.Day3
B5_TAGGTGACAACCGT_Hpoly.Day3_TA,B5,TA,Hpoly.Day3
B5_TAGGTGACGAACTC_Hpoly.Day3_TA.Early,B5,TA.Early,Hpoly.Day3
B5_TAGGTGACTGCTTT_Hpoly.Day3_Enterocyte.Progenitor,B5,Enterocyte.Progenitor,Hpoly.Day3
B5_TAGGTGTGGTTCGA_Hpoly.Day3_TA.Early,B5,TA.Early,Hpoly.Day3
B5_TAGTAAACCAGAGG_Hpoly.Day3_TA.Early,B5,TA.Early,Hpoly.Day3
B5_TAGTAAACCCATGA_Hpoly.Day3_Enterocyte,B5,Enterocyte,Hpoly.Day3
B5_TAGTAAACTGCTCC_Hpoly.Day3_Enterocyte.Progenitor,B5,Enterocyte.Progenitor,Hpoly.Day3
B5_TAGTAATGCTCGCT_Hpoly.Day3_TA,B5,TA,Hpoly.Day3
B5_TAGTGGTGATAAGG_Hpoly.Day3_Stem,B5,Stem,Hpoly.Day3
B5_TAGTTCACTATTCC_Hpoly.Day3_Enterocyte,B5,Enterocyte,Hpoly.Day3
B5_TAGTTGCTCCCTCA_Hpoly.Day3_Stem,B5,Stem,Hpoly.Day3
B5_TAGTTGCTTCACGA_Hpoly.Day3_TA.Early,B5,TA.Early,Hpoly.Day3
B5_TATACAGACAGCTA_Hpoly.Day3_Enterocyte.Progenitor,B5,Enterocyte.Progenitor,Hpoly.Day3
B5_TATACGCTCAGCTA_Hpoly.Day3_Endocrine,B5,Endocrine,Hpoly.Day3
B5_TATAGCCTTCATTC_Hpoly.Day3_TA.Early,B5,TA.Early,Hpoly.Day3
B5_TATCAAGACAGTTG_Hpoly.Day3_Enterocyte.Progenitor,B5,Enterocyte.Progenitor,Hpoly.Day3
B5_TATCACTGAACGTC_Hpoly.Day3_Enterocyte.Progenitor,B5,Enterocyte.Progenitor,Hpoly.Day3
B5_TATCACTGGAGAGC_Hpoly.Day3_Stem,B5,Stem,Hpoly.Day3
B5_TATCAGCTACCCAA_Hpoly.Day3_Enterocyte.Progenitor,B5,Enterocyte.Progenitor,Hpoly.Day3
B5_TATCCAACACGGTT_Hpoly.Day3_Stem,B5,Stem,Hpoly.Day3
B5_TATCCAACGGGAGT_Hpoly.Day3_Stem,B5,Stem,Hpoly.Day3
B5_TATCCTGAACAGCT_Hpoly.Day3_TA,B5,TA,Hpoly.Day3
B5_TATCCTGAGGACTT_Hpoly.Day3_TA.Early,B5,TA.Early,Hpoly.Day3
B5_TATCGACTATTCTC_Hpoly.Day3_TA,B5,TA,Hpoly.Day3
B5_TATCGTACCTTCGC_Hpoly.Day3_Stem,B5,Stem,Hpoly.Day3
B5_TATGAATGATTCCT_Hpoly.Day3_TA,B5,TA,Hpoly.Day3
B5_TATGCGGAGGTTTG_Hpoly.Day3_TA.Early,B5,TA.Early,Hpoly.Day3
B5_TATGGGTGGCAAGG_Hpoly.Day3_Stem,B5,Stem,Hpoly.Day3
B5_TATGGTCTACCAAC_Hpoly.Day3_Goblet,B5,Goblet,Hpoly.Day3
B5_TATGGTCTTCCAAG_Hpoly.Day3_TA,B5,TA,Hpoly.Day3
B5_TATGTCACCCACAA_Hpoly.Day3_TA.Early,B5,TA.Early,Hpoly.Day3
B5_TATGTCACCTGTCC_Hpoly.Day3_Enterocyte.Progenitor,B5,Enterocyte.Progenitor,Hpoly.Day3
B5_TATGTCTGCTGCAA_Hpoly.Day3_Stem,B5,Stem,Hpoly.Day3
B5_TATGTGCTCTCTAT_Hpoly.Day3_TA.Early,B5,TA.Early,Hpoly.Day3
B5_TATGTGCTTCTAGG_Hpoly.Day3_Stem,B5,Stem,Hpoly.Day3
B5_TATTGCTGCGAGTT_Hpoly.Day3_Enterocyte.Progenitor,B5,Enterocyte.Progenitor,Hpoly.Day3
B5_TATTGCTGGTCTTT_Hpoly.Day3_Tuft,B5,Tuft,Hpoly.Day3
B5_TATTTCCTGCGAAG_Hpoly.Day3_Stem,B5,Stem,Hpoly.Day3
B5_TATTTCCTTGGCAT_Hpoly.Day3_Tuft,B5,Tuft,Hpoly.Day3
B5_TCAACACTGGAGGT_Hpoly.Day3_Stem,B5,Stem,Hpoly.Day3
B5_TCAACACTTCCTTA_Hpoly.Day3_Enterocyte.Progenitor,B5,Enterocyte.Progenitor,Hpoly.Day3
B5_TCAACACTTCTCAT_Hpoly.Day3_Enterocyte.Progenitor,B5,Enterocyte.Progenitor,Hpoly.Day3
B5_TCAAGGACGGAACG_Hpoly.Day3_Goblet,B5,Goblet,Hpoly.Day3
B5_TCAAGGTGCTATGG_Hpoly.Day3_Stem,B5,Stem,Hpoly.Day3
B5_TCAATAGACAAAGA_Hpoly.Day3_Stem,B5,Stem,Hpoly.Day3
B5_TCAATAGAGACAAA_Hpoly.Day3_Stem,B5,Stem,Hpoly.Day3
B5_TCAATCACTGTGGT_Hpoly.Day3_Enterocyte.Progenitor,B5,Enterocyte.Progenitor,Hpoly.Day3
B5_TCACAACTAGTCTG_Hpoly.Day3_Stem,B5,Stem,Hpoly.Day3
B5_TCACAACTGTCACA_Hpoly.Day3_Stem,B5,Stem,Hpoly.Day3
B5_TCACAACTTTTCAC_Hpoly.Day3_Enterocyte.Progenitor,B5,Enterocyte.Progenitor,Hpoly.Day3
B5_TCACATACCGTAAC_Hpoly.Day3_Enterocyte.Progenitor,B5,Enterocyte.Progenitor,Hpoly.Day3
B5_TCACCGTGTATTCC_Hpoly.Day3_TA.Early,B5,TA.Early,Hpoly.Day3
B5_TCACCTCTCCGATA_Hpoly.Day3_TA.Early,B5,TA.Early,Hpoly.Day3
B5_TCAGACGATTGACG_Hpoly.Day3_Stem,B5,Stem,Hpoly.Day3
B5_TCAGAGACAACGGG_Hpoly.Day3_TA,B5,TA,Hpoly.Day3
B5_TCAGAGACAGTCTG_Hpoly.Day3_TA,B5,TA,Hpoly.Day3
B5_TCAGAGACCCGTTC_Hpoly.Day3_Enterocyte,B5,Enterocyte,Hpoly.Day3
B5_TCAGAGACGTGCAT_Hpoly.Day3_Stem,B5,Stem,Hpoly.Day3
B5_TCAGAGACGTGCTA_Hpoly.Day3_Stem,B5,Stem,Hpoly.Day3
B5_TCAGAGACTTCTTG_Hpoly.Day3_TA,B5,TA,Hpoly.Day3
B5_TCAGCAGAGGAAAT_Hpoly.Day3_TA,B5,TA,Hpoly.Day3
B5_TCAGCAGATTCCCG_Hpoly.Day3_TA.Early,B5,TA.Early,Hpoly.Day3
B5_TCAGGATGGGAGGT_Hpoly.Day3_Enterocyte.Progenitor,B5,Enterocyte.Progenitor,Hpoly.Day3
B5_TCAGTACTCCTGTC_Hpoly.Day3_TA.Early,B5,TA.Early,Hpoly.Day3
B5_TCAGTACTCTTCTA_Hpoly.Day3_Enterocyte.Progenitor,B5,Enterocyte.Progenitor,Hpoly.Day3
B5_TCAGTGGAGGGAGT_Hpoly.Day3_Enterocyte.Progenitor,B5,Enterocyte.Progenitor,Hpoly.Day3
B5_TCAGTTACACAGCT_Hpoly.Day3_Enterocyte.Progenitor,B5,Enterocyte.Progenitor,Hpoly.Day3
B5_TCATTCGAAGATCC_Hpoly.Day3_Tuft,B5,Tuft,Hpoly.Day3
B5_TCATTCGACGCATA_Hpoly.Day3_TA,B5,TA,Hpoly.Day3
B5_TCATTGACATTGGC_Hpoly.Day3_Enterocyte.Progenitor,B5,Enterocyte.Progenitor,Hpoly.Day3
B5_TCCACTCTTCTTAC_Hpoly.Day3_TA.Early,B5,TA.Early,Hpoly.Day3
B5_TCCATAACTGGATC_Hpoly.Day3_TA,B5,TA,Hpoly.Day3
B5_TCCCAGACAGGGTG_Hpoly.Day3_Goblet,B5,Goblet,Hpoly.Day3
B5_TCCCAGACCATGCA_Hpoly.Day3_Enterocyte.Progenitor,B5,Enterocyte.Progenitor,Hpoly.Day3
B5_TCCCAGACGGTTCA_Hpoly.Day3_Goblet,B5,Goblet,Hpoly.Day3
B5_TCCCAGACTGCTCC_Hpoly.Day3_TA.Early,B5,TA.Early,Hpoly.Day3
B5_TCCCATCTTTCTTG_Hpoly.Day3_Enterocyte.Progenitor,B5,Enterocyte.Progenitor,Hpoly.Day3
B5_TCCCGAACTGCTAG_Hpoly.Day3_Enterocyte.Progenitor,B5,Enterocyte.Progenitor,Hpoly.Day3
B5_TCCCGATGGGCAAG_Hpoly.Day3_TA.Early,B5,TA.Early,Hpoly.Day3
B5_TCCCTACTATCGAC_Hpoly.Day3_TA.Early,B5,TA.Early,Hpoly.Day3
B5_TCCCTACTGCGAAG_Hpoly.Day3_Stem,B5,Stem,Hpoly.Day3
B5_TCCGAAGATCCTAT_Hpoly.Day3_Enterocyte.Progenitor,B5,Enterocyte.Progenitor,Hpoly.Day3
B5_TCCGGACTCCCTAC_Hpoly.Day3_Enterocyte,B5,Enterocyte,Hpoly.Day3
B5_TCCGGACTGTGCTA_Hpoly.Day3_Enterocyte.Progenitor,B5,Enterocyte.Progenitor,Hpoly.Day3
B5_TCCTAATGACCCAA_Hpoly.Day3_TA.Early,B5,TA.Early,Hpoly.Day3
B5_TCCTAATGTCGTAG_Hpoly.Day3_Stem,B5,Stem,Hpoly.Day3
B5_TCGAATCTAACGGG_Hpoly.Day3_Stem,B5,Stem,Hpoly.Day3
B5_TCGACCTGTATCTC_Hpoly.Day3_TA,B5,TA,Hpoly.Day3
B5_TCGACGCTTCCTGC_Hpoly.Day3_TA.Early,B5,TA.Early,Hpoly.Day3
B5_TCGAGAACACAGCT_Hpoly.Day3_Endocrine,B5,Endocrine,Hpoly.Day3
B5_TCGAGCCTACGTGT_Hpoly.Day3_Enterocyte.Progenitor,B5,Enterocyte.Progenitor,Hpoly.Day3
B5_TCGATACTCGGGAA_Hpoly.Day3_Enterocyte.Progenitor,B5,Enterocyte.Progenitor,Hpoly.Day3
B5_TCGATACTGACGGA_Hpoly.Day3_Goblet,B5,Goblet,Hpoly.Day3
B5_TCGCAAGAGTTGCA_Hpoly.Day3_TA.Early,B5,TA.Early,Hpoly.Day3
B5_TCGCACACCCTAAG_Hpoly.Day3_TA.Early,B5,TA.Early,Hpoly.Day3
B5_TCGCACACTCTTCA_Hpoly.Day3_TA.Early,B5,TA.Early,Hpoly.Day3
B5_TCGCACTGGGATTC_Hpoly.Day3_Enterocyte.Progenitor,B5,Enterocyte.Progenitor,Hpoly.Day3
B5_TCGCACTGGTCTAG_Hpoly.Day3_Stem,B5,Stem,Hpoly.Day3
B5_TCGCAGCTCCTGTC_Hpoly.Day3_TA,B5,TA,Hpoly.Day3
B5_TCGCAGCTGAATAG_Hpoly.Day3_TA.Early,B5,TA.Early,Hpoly.Day3
B5_TCGCCATGGGAAGC_Hpoly.Day3_TA.Early,B5,TA.Early,Hpoly.Day3
B5_TCGCCATGTATGCG_Hpoly.Day3_Enterocyte,B5,Enterocyte,Hpoly.Day3
B5_TCGGACCTTTACCT_Hpoly.Day3_Enterocyte.Progenitor,B5,Enterocyte.Progenitor,Hpoly.Day3
B5_TCGGTAGACGAGTT_Hpoly.Day3_Stem,B5,Stem,Hpoly.Day3
B5_TCGGTAGACTTATC_Hpoly.Day3_TA,B5,TA,Hpoly.Day3
B5_TCGGTAGATATCGG_Hpoly.Day3_Endocrine,B5,Endocrine,Hpoly.Day3
B5_TCGTGAGACCTCCA_Hpoly.Day3_Enterocyte,B5,Enterocyte,Hpoly.Day3
B5_TCTAACTGGTAGGG_Hpoly.Day3_Stem,B5,Stem,Hpoly.Day3
B5_TCTAACTGGTGCTA_Hpoly.Day3_Stem,B5,Stem,Hpoly.Day3
B5_TCTAACTGTTACTC_Hpoly.Day3_Enterocyte.Progenitor,B5,Enterocyte.Progenitor,Hpoly.Day3
B5_TCTAAGCTGGCAAG_Hpoly.Day3_Tuft,B5,Tuft,Hpoly.Day3
B5_TCTAGACTTGCTTT_Hpoly.Day3_Enterocyte.Progenitor,B5,Enterocyte.Progenitor,Hpoly.Day3
B5_TCTATGTGCTATTC_Hpoly.Day3_Enterocyte.Progenitor,B5,Enterocyte.Progenitor,Hpoly.Day3
B5_TCTATGTGTTGAGC_Hpoly.Day3_TA.Early,B5,TA.Early,Hpoly.Day3
B5_TCTCAAACGGGATG_Hpoly.Day3_Enterocyte.Progenitor,B5,Enterocyte.Progenitor,Hpoly.Day3
B5_TCTCCACTTACAGC_Hpoly.Day3_Goblet,B5,Goblet,Hpoly.Day3
B5_TCTCCACTTAGCGT_Hpoly.Day3_TA.Early,B5,TA.Early,Hpoly.Day3
B5_TCTCTAGAAGACTC_Hpoly.Day3_Tuft,B5,Tuft,Hpoly.Day3
B5_TCTCTAGACGTGTA_Hpoly.Day3_TA,B5,TA,Hpoly.Day3
B5_TCTTCAGAGATACC_Hpoly.Day3_Enterocyte.Progenitor,B5,Enterocyte.Progenitor,Hpoly.Day3
B5_TGAAATTGAACAGA_Hpoly.Day3_TA.Early,B5,TA.Early,Hpoly.Day3
B5_TGAAATTGCATCAG_Hpoly.Day3_Stem,B5,Stem,Hpoly.Day3
B5_TGAACCGAAAGGTA_Hpoly.Day3_Enterocyte.Progenitor,B5,Enterocyte.Progenitor,Hpoly.Day3
B5_TGAACCGACTTCCG_Hpoly.Day3_Stem,B5,Stem,Hpoly.Day3
B5_TGAACCGAGGACTT_Hpoly.Day3_Endocrine,B5,Endocrine,Hpoly.Day3
B5_TGAAGCTGAGTAGA_Hpoly.Day3_Enterocyte.Progenitor,B5,Enterocyte.Progenitor,Hpoly.Day3
B5_TGAAGCTGTATTCC_Hpoly.Day3_Tuft,B5,Tuft,Hpoly.Day3
B5_TGACACGACTTATC_Hpoly.Day3_TA.Early,B5,TA.Early,Hpoly.Day3
B5_TGACCAGAGTAAGA_Hpoly.Day3_Stem,B5,Stem,Hpoly.Day3
B5_TGACCGCTAGCGGA_Hpoly.Day3_Stem,B5,Stem,Hpoly.Day3
B5_TGACCGCTCCTGAA_Hpoly.Day3_Stem,B5,Stem,Hpoly.Day3
B5_TGACCGCTCTTAGG_Hpoly.Day3_Goblet,B5,Goblet,Hpoly.Day3
B5_TGACCGCTGGCATT_Hpoly.Day3_Enterocyte.Progenitor,B5,Enterocyte.Progenitor,Hpoly.Day3
B5_TGACGAACAAAGTG_Hpoly.Day3_Enterocyte.Progenitor,B5,Enterocyte.Progenitor,Hpoly.Day3
B5_TGACGAACCTACGA_Hpoly.Day3_TA.Early,B5,TA.Early,Hpoly.Day3
B5_TGACGATGCGTTGA_Hpoly.Day3_TA.Early,B5,TA.Early,Hpoly.Day3
B5_TGACGCCTAATCGC_Hpoly.Day3_Enterocyte.Progenitor,B5,Enterocyte.Progenitor,Hpoly.Day3
B5_TGACTGGAACTACG_Hpoly.Day3_Stem,B5,Stem,Hpoly.Day3
B5_TGACTTACTTTGCT_Hpoly.Day3_Enterocyte.Progenitor,B5,Enterocyte.Progenitor,Hpoly.Day3
B5_TGACTTTGCATGGT_Hpoly.Day3_TA,B5,TA,Hpoly.Day3
B5_TGAGCAACCACTCC_Hpoly.Day3_Stem,B5,Stem,Hpoly.Day3
B5_TGAGCAACGTGCTA_Hpoly.Day3_TA,B5,TA,Hpoly.Day3
B5_TGAGGACTGTTCTT_Hpoly.Day3_Enterocyte.Progenitor,B5,Enterocyte.Progenitor,Hpoly.Day3
B5_TGAGGACTTTTGGG_Hpoly.Day3_TA,B5,TA,Hpoly.Day3
B5_TGAGGTACAGCGGA_Hpoly.Day3_Stem,B5,Stem,Hpoly.Day3
B5_TGAGGTACGTGTAC_Hpoly.Day3_Enterocyte.Progenitor,B5,Enterocyte.Progenitor,Hpoly.Day3
B5_TGAGTCGATTGTGG_Hpoly.Day3_Stem,B5,Stem,Hpoly.Day3
B5_TGAGTGACGTTGCA_Hpoly.Day3_Enterocyte.Progenitor,B5,Enterocyte.Progenitor,Hpoly.Day3
B5_TGATAAACCTGAAC_Hpoly.Day3_Enterocyte.Progenitor,B5,Enterocyte.Progenitor,Hpoly.Day3
B5_TGATAAACTGACCA_Hpoly.Day3_Stem,B5,Stem,Hpoly.Day3
B5_TGATACCTCCCTAC_Hpoly.Day3_TA.Early,B5,TA.Early,Hpoly.Day3
B5_TGATACCTTGTGGT_Hpoly.Day3_TA,B5,TA,Hpoly.Day3
B5_TGATCACTCAGAAA_Hpoly.Day3_Enterocyte.Progenitor,B5,Enterocyte.Progenitor,Hpoly.Day3
B5_TGATCGGAAGCAAA_Hpoly.Day3_Stem,B5,Stem,Hpoly.Day3
B5_TGATTCTGGACGGA_Hpoly.Day3_Enterocyte,B5,Enterocyte,Hpoly.Day3
B5_TGATTCTGTCCGAA_Hpoly.Day3_Enterocyte,B5,Enterocyte,Hpoly.Day3
B5_TGCAACGACTAGAC_Hpoly.Day3_Goblet,B5,Goblet,Hpoly.Day3
B5_TGCAAGACCCCGTT_Hpoly.Day3_Enterocyte.Progenitor,B5,Enterocyte.Progenitor,Hpoly.Day3
B5_TGCAAGACCCTTGC_Hpoly.Day3_TA.Early,B5,TA.Early,Hpoly.Day3
B5_TGCAAGACCTTCCG_Hpoly.Day3_TA,B5,TA,Hpoly.Day3
B5_TGCACAGAAACGGG_Hpoly.Day3_TA.Early,B5,TA.Early,Hpoly.Day3
B5_TGCACAGATATGGC_Hpoly.Day3_Enterocyte,B5,Enterocyte,Hpoly.Day3
B5_TGCACAGATGCAGT_Hpoly.Day3_Enterocyte.Progenitor,B5,Enterocyte.Progenitor,Hpoly.Day3
B5_TGCACGCTTGATGC_Hpoly.Day3_TA.Early,B5,TA.Early,Hpoly.Day3
B5_TGCACGCTTGTCTT_Hpoly.Day3_Goblet,B5,Goblet,Hpoly.Day3
B5_TGCAGATGTTCATC_Hpoly.Day3_TA,B5,TA,Hpoly.Day3
B5_TGCATGGACTGATG_Hpoly.Day3_Tuft,B5,Tuft,Hpoly.Day3
B5_TGCCAAGATGCGTA_Hpoly.Day3_Enterocyte.Progenitor,B5,Enterocyte.Progenitor,Hpoly.Day3
B5_TGCCACTGCGGAGA_Hpoly.Day3_Enterocyte,B5,Enterocyte,Hpoly.Day3
B5_TGCCAGCTAGTAGA_Hpoly.Day3_Goblet,B5,Goblet,Hpoly.Day3
B5_TGCCAGCTGTTTCT_Hpoly.Day3_Enterocyte.Progenitor,B5,Enterocyte.Progenitor,Hpoly.Day3
B5_TGCCGACTACGGGA_Hpoly.Day3_Stem,B5,Stem,Hpoly.Day3
B5_TGCCGACTGCGGAA_Hpoly.Day3_Stem,B5,Stem,Hpoly.Day3
B5_TGCGAAACCGAGTT_Hpoly.Day3_Stem,B5,Stem,Hpoly.Day3
B5_TGCGAAACGAGCTT_Hpoly.Day3_TA,B5,TA,Hpoly.Day3
B5_TGCGCACTATTCTC_Hpoly.Day3_TA,B5,TA,Hpoly.Day3
B5_TGCGCACTCTGTAG_Hpoly.Day3_TA.Early,B5,TA.Early,Hpoly.Day3
B5_TGCGTAGACTGACA_Hpoly.Day3_Enterocyte.Progenitor,B5,Enterocyte.Progenitor,Hpoly.Day3
B5_TGCTAGGACAGGAG_Hpoly.Day3_TA.Early,B5,TA.Early,Hpoly.Day3
B5_TGCTAGGACTGAAC_Hpoly.Day3_TA.Early,B5,TA.Early,Hpoly.Day3
B5_TGCTAGGAGAAACA_Hpoly.Day3_Tuft,B5,Tuft,Hpoly.Day3
B5_TGCTATACACGTTG_Hpoly.Day3_TA.Early,B5,TA.Early,Hpoly.Day3
B5_TGCTATACATTGGC_Hpoly.Day3_Enterocyte.Progenitor,B5,Enterocyte.Progenitor,Hpoly.Day3
B5_TGGAAAGATTGTGG_Hpoly.Day3_TA.Early,B5,TA.Early,Hpoly.Day3
B5_TGGAACACGAAACA_Hpoly.Day3_TA,B5,TA,Hpoly.Day3
B5_TGGAACACGTAAAG_Hpoly.Day3_Enterocyte.Progenitor,B5,Enterocyte.Progenitor,Hpoly.Day3
B5_TGGAACACTCTAGG_Hpoly.Day3_Stem,B5,Stem,Hpoly.Day3
B5_TGGAACTGAGTGTC_Hpoly.Day3_Stem,B5,Stem,Hpoly.Day3
B5_TGGAACTGCCCTCA_Hpoly.Day3_TA,B5,TA,Hpoly.Day3
B5_TGGAACTGCTCGAA_Hpoly.Day3_Stem,B5,Stem,Hpoly.Day3
B5_TGGAACTGTCCTGC_Hpoly.Day3_Stem,B5,Stem,Hpoly.Day3
B5_TGGAAGCTAAAGCA_Hpoly.Day3_Enterocyte.Progenitor,B5,Enterocyte.Progenitor,Hpoly.Day3
B5_TGGACCCTCTGATG_Hpoly.Day3_Enterocyte.Progenitor,B5,Enterocyte.Progenitor,Hpoly.Day3
B5_TGGACTGAAGAGAT_Hpoly.Day3_TA.Early,B5,TA.Early,Hpoly.Day3
B5_TGGAGGGATCCTGC_Hpoly.Day3_Stem,B5,Stem,Hpoly.Day3
B5_TGGATGACGCCTTC_Hpoly.Day3_TA,B5,TA,Hpoly.Day3
B5_TGGATGTGTCCTTA_Hpoly.Day3_Stem,B5,Stem,Hpoly.Day3
B5_TGGATTCTCCTGTC_Hpoly.Day3_Enterocyte,B5,Enterocyte,Hpoly.Day3
B5_TGGATTCTTACGCA_Hpoly.Day3_Tuft,B5,Tuft,Hpoly.Day3
B5_TGGATTCTTATTCC_Hpoly.Day3_TA,B5,TA,Hpoly.Day3
B5_TGGATTCTTGCCCT_Hpoly.Day3_Enterocyte.Progenitor,B5,Enterocyte.Progenitor,Hpoly.Day3
B5_TGGCAATGGATACC_Hpoly.Day3_Stem,B5,Stem,Hpoly.Day3
B5_TGGCAATGTGGTTG_Hpoly.Day3_Goblet,B5,Goblet,Hpoly.Day3
B5_TGGTAGACAACGAA_Hpoly.Day3_TA,B5,TA,Hpoly.Day3
B5_TGGTAGACTAAAGG_Hpoly.Day3_TA,B5,TA,Hpoly.Day3
B5_TGGTATCTAACGTC_Hpoly.Day3_TA.Early,B5,TA.Early,Hpoly.Day3
B5_TGGTATCTCCGTTC_Hpoly.Day3_Enterocyte.Progenitor,B5,Enterocyte.Progenitor,Hpoly.Day3
B5_TGGTCAGATGTTTC_Hpoly.Day3_TA.Early,B5,TA.Early,Hpoly.Day3
B5_TGTAAAACTGCATG_Hpoly.Day3_TA,B5,TA,Hpoly.Day3
B5_TGTAACCTGATACC_Hpoly.Day3_Stem,B5,Stem,Hpoly.Day3
B5_TGTAATGAAATCGC_Hpoly.Day3_Endocrine,B5,Endocrine,Hpoly.Day3
B5_TGTACTTGGAGGCA_Hpoly.Day3_TA,B5,TA,Hpoly.Day3
B5_TGTACTTGTTTCGT_Hpoly.Day3_Stem,B5,Stem,Hpoly.Day3
B5_TGTAGGTGCTTGTT_Hpoly.Day3_TA,B5,TA,Hpoly.Day3
B5_TGTAGGTGGGCAAG_Hpoly.Day3_TA.Early,B5,TA.Early,Hpoly.Day3
B5_TGTAGGTGTTGCTT_Hpoly.Day3_Enterocyte,B5,Enterocyte,Hpoly.Day3
B5_TGTATGCTAAACGA_Hpoly.Day3_TA.Early,B5,TA.Early,Hpoly.Day3
B5_TGTATGCTACGGTT_Hpoly.Day3_Enterocyte,B5,Enterocyte,Hpoly.Day3
B5_TGTGACGAGACACT_Hpoly.Day3_Stem,B5,Stem,Hpoly.Day3
B5_TGTGAGTGCTCATT_Hpoly.Day3_Stem,B5,Stem,Hpoly.Day3
B5_TGTGAGTGTGCAGT_Hpoly.Day3_TA.Early,B5,TA.Early,Hpoly.Day3
B5_TGTTACTGGTCACA_Hpoly.Day3_TA.Early,B5,TA.Early,Hpoly.Day3
B5_TGTTACTGTCTTTG_Hpoly.Day3_TA,B5,TA,Hpoly.Day3
B5_TTAACCACGAGGTG_Hpoly.Day3_TA.Early,B5,TA.Early,Hpoly.Day3
B5_TTAACCACTCTTAC_Hpoly.Day3_TA.Early,B5,TA.Early,Hpoly.Day3
B5_TTAACCACTTGGCA_Hpoly.Day3_TA.Early,B5,TA.Early,Hpoly.Day3
B5_TTACCATGATCAGC_Hpoly.Day3_TA.Early,B5,TA.Early,Hpoly.Day3
B5_TTACCATGCACTTT_Hpoly.Day3_Enterocyte.Progenitor,B5,Enterocyte.Progenitor,Hpoly.Day3
B5_TTACCATGCCTCAC_Hpoly.Day3_TA,B5,TA,Hpoly.Day3
B5_TTACGACTATGTCG_Hpoly.Day3_TA.Early,B5,TA.Early,Hpoly.Day3
B5_TTAGAATGTCGTTT_Hpoly.Day3_TA.Early,B5,TA.Early,Hpoly.Day3
B5_TTAGAATGTTTGCT_Hpoly.Day3_TA,B5,TA,Hpoly.Day3
B5_TTAGACCTTGGATC_Hpoly.Day3_TA.Early,B5,TA.Early,Hpoly.Day3
B5_TTAGCTACACCATG_Hpoly.Day3_TA.Early,B5,TA.Early,Hpoly.Day3
B5_TTAGCTACAGGCGA_Hpoly.Day3_TA.Early,B5,TA.Early,Hpoly.Day3
B5_TTAGCTACTGCTAG_Hpoly.Day3_Endocrine,B5,Endocrine,Hpoly.Day3
B5_TTAGGGACATGGTC_Hpoly.Day3_TA,B5,TA,Hpoly.Day3
B5_TTAGGGTGTTTCTG_Hpoly.Day3_Enterocyte,B5,Enterocyte,Hpoly.Day3
B5_TTAGTCTGACGGGA_Hpoly.Day3_TA,B5,TA,Hpoly.Day3
B5_TTAGTCTGGGTCTA_Hpoly.Day3_TA.Early,B5,TA.Early,Hpoly.Day3
B5_TTAGTCTGTATCTC_Hpoly.Day3_Enterocyte.Progenitor,B5,Enterocyte.Progenitor,Hpoly.Day3
B5_TTATCCGACTCTTA_Hpoly.Day3_Enterocyte.Progenitor,B5,Enterocyte.Progenitor,Hpoly.Day3
B5_TTATGGCTATTCCT_Hpoly.Day3_Enterocyte.Progenitor,B5,Enterocyte.Progenitor,Hpoly.Day3
B5_TTATGGCTCCACAA_Hpoly.Day3_TA.Early,B5,TA.Early,Hpoly.Day3
B5_TTCACAACGGTAAA_Hpoly.Day3_TA,B5,TA,Hpoly.Day3
B5_TTCACCCTCTGTCC_Hpoly.Day3_Stem,B5,Stem,Hpoly.Day3
B5_TTCAGACTGCAAGG_Hpoly.Day3_TA,B5,TA,Hpoly.Day3
B5_TTCAGACTGGTTCA_Hpoly.Day3_TA,B5,TA,Hpoly.Day3
B5_TTCAGACTTTTACC_Hpoly.Day3_Enterocyte.Progenitor,B5,Enterocyte.Progenitor,Hpoly.Day3
B5_TTCAGTTGGCCCTT_Hpoly.Day3_Enterocyte.Progenitor,B5,Enterocyte.Progenitor,Hpoly.Day3
B5_TTCATGTGCCTTTA_Hpoly.Day3_TA,B5,TA,Hpoly.Day3
B5_TTCATGTGTTCTAC_Hpoly.Day3_Stem,B5,Stem,Hpoly.Day3
B5_TTCATTCTAGGCGA_Hpoly.Day3_TA,B5,TA,Hpoly.Day3
B5_TTCCATGACCCTCA_Hpoly.Day3_Stem,B5,Stem,Hpoly.Day3
B5_TTCCCACTATGCTG_Hpoly.Day3_Stem,B5,Stem,Hpoly.Day3
B5_TTCCCACTCCTCAC_Hpoly.Day3_TA,B5,TA,Hpoly.Day3
B5_TTCCCACTGACGAG_Hpoly.Day3_Stem,B5,Stem,Hpoly.Day3
B5_TTCCTAGACCTTGC_Hpoly.Day3_TA.Early,B5,TA.Early,Hpoly.Day3
B5_TTCCTAGACTCCCA_Hpoly.Day3_TA.Early,B5,TA.Early,Hpoly.Day3
B5_TTCCTAGAGGTTAC_Hpoly.Day3_TA.Early,B5,TA.Early,Hpoly.Day3
B5_TTCGATTGGGACGA_Hpoly.Day3_Stem,B5,Stem,Hpoly.Day3
B5_TTCGTATGAGCAAA_Hpoly.Day3_Enterocyte.Progenitor,B5,Enterocyte.Progenitor,Hpoly.Day3
B5_TTCGTATGCCCTCA_Hpoly.Day3_TA.Early,B5,TA.Early,Hpoly.Day3
B5_TTCGTATGTAGCGT_Hpoly.Day3_Enterocyte.Progenitor,B5,Enterocyte.Progenitor,Hpoly.Day3
B5_TTCTAGTGAGAATG_Hpoly.Day3_Tuft,B5,Tuft,Hpoly.Day3
B5_TTCTAGTGGAGAGC_Hpoly.Day3_Enterocyte.Progenitor,B5,Enterocyte.Progenitor,Hpoly.Day3
B5_TTCTCAGACCGTAA_Hpoly.Day3_Enterocyte.Progenitor,B5,Enterocyte.Progenitor,Hpoly.Day3
B5_TTCTCAGATCAGGT_Hpoly.Day3_Enterocyte.Progenitor,B5,Enterocyte.Progenitor,Hpoly.Day3
B5_TTCTTACTACGCTA_Hpoly.Day3_Enterocyte.Progenitor,B5,Enterocyte.Progenitor,Hpoly.Day3
B5_TTCTTACTCCTACC_Hpoly.Day3_TA,B5,TA,Hpoly.Day3
B5_TTGAACCTGCTGTA_Hpoly.Day3_Stem,B5,Stem,Hpoly.Day3
B5_TTGACACTAACCAC_Hpoly.Day3_Stem,B5,Stem,Hpoly.Day3
B5_TTGACACTCTACTT_Hpoly.Day3_Enterocyte.Progenitor,B5,Enterocyte.Progenitor,Hpoly.Day3
B5_TTGACACTGCAAGG_Hpoly.Day3_Tuft,B5,Tuft,Hpoly.Day3
B5_TTGAGGACGTCGTA_Hpoly.Day3_Enterocyte.Progenitor,B5,Enterocyte.Progenitor,Hpoly.Day3
B5_TTGATCTGAGCGGA_Hpoly.Day3_Stem,B5,Stem,Hpoly.Day3
B5_TTGCATTGACACCA_Hpoly.Day3_Enterocyte,B5,Enterocyte,Hpoly.Day3
B5_TTGCTAACCTGAAC_Hpoly.Day3_Tuft,B5,Tuft,Hpoly.Day3
B5_TTGGAGACCGGAGA_Hpoly.Day3_Enterocyte.Progenitor,B5,Enterocyte.Progenitor,Hpoly.Day3
B5_TTGGAGACTTCAGG_Hpoly.Day3_Goblet,B5,Goblet,Hpoly.Day3
B5_TTGGAGTGGGAGCA_Hpoly.Day3_Enterocyte,B5,Enterocyte,Hpoly.Day3
B5_TTGGGAACGTTGGT_Hpoly.Day3_Goblet,B5,Goblet,Hpoly.Day3
B5_TTGTAGCTTAAAGG_Hpoly.Day3_Enterocyte.Progenitor,B5,Enterocyte.Progenitor,Hpoly.Day3
B5_TTGTCATGCACACA_Hpoly.Day3_TA.Early,B5,TA.Early,Hpoly.Day3
B5_TTGTCATGTTCATC_Hpoly.Day3_Enterocyte.Progenitor,B5,Enterocyte.Progenitor,Hpoly.Day3
B5_TTTAGGCTACCAAC_Hpoly.Day3_Endocrine,B5,Endocrine,Hpoly.Day3
B5_TTTAGGCTTCCCGT_Hpoly.Day3_TA,B5,TA,Hpoly.Day3
B5_TTTCACGACTGGTA_Hpoly.Day3_Enterocyte.Progenitor,B5,Enterocyte.Progenitor,Hpoly.Day3
B5_TTTCACGATATGGC_Hpoly.Day3_TA.Early,B5,TA.Early,Hpoly.Day3
B5_TTTCACGATGGAAA_Hpoly.Day3_TA.Early,B5,TA.Early,Hpoly.Day3
B5_TTTCCAGACCCGTT_Hpoly.Day3_Enterocyte.Progenitor,B5,Enterocyte.Progenitor,Hpoly.Day3
B5_TTTCCAGATCTAGG_Hpoly.Day3_TA.Early,B5,TA.Early,Hpoly.Day3
B5_TTTCGAACTTCTTG_Hpoly.Day3_Tuft,B5,Tuft,Hpoly.Day3
B5_TTTCTACTCATGGT_Hpoly.Day3_Goblet,B5,Goblet,Hpoly.Day3
B5_TTTGACTGACCCAA_Hpoly.Day3_Enterocyte.Progenitor,B5,Enterocyte.Progenitor,Hpoly.Day3
B5_TTTGCATGATTCGG_Hpoly.Day3_Stem,B5,Stem,Hpoly.Day3
B6_AAACTTGACATGCA_Hpoly.Day3_Enterocyte.Progenitor,B6,Enterocyte.Progenitor,Hpoly.Day3
B6_AAAGACGATACTGG_Hpoly.Day3_Enterocyte,B6,Enterocyte,Hpoly.Day3
B6_AAAGCCTGCAATCG_Hpoly.Day3_Enterocyte,B6,Enterocyte,Hpoly.Day3
B6_AAATACTGCAAGCT_Hpoly.Day3_Enterocyte,B6,Enterocyte,Hpoly.Day3
B6_AAATCAACTGAGAA_Hpoly.Day3_Enterocyte,B6,Enterocyte,Hpoly.Day3
B6_AAATCATGCAATCG_Hpoly.Day3_Stem,B6,Stem,Hpoly.Day3
B6_AAATCCCTGTAGGG_Hpoly.Day3_Tuft,B6,Tuft,Hpoly.Day3
B6_AAATGGGACTGCTC_Hpoly.Day3_Enterocyte,B6,Enterocyte,Hpoly.Day3
B6_AAATGTTGTCGACA_Hpoly.Day3_Enterocyte,B6,Enterocyte,Hpoly.Day3
B6_AAATTCGAGCATCA_Hpoly.Day3_Tuft,B6,Tuft,Hpoly.Day3
B6_AACAATACATTGGC_Hpoly.Day3_TA.Early,B6,TA.Early,Hpoly.Day3
B6_AACAATACGTTCGA_Hpoly.Day3_Enterocyte.Progenitor,B6,Enterocyte.Progenitor,Hpoly.Day3
B6_AACACGTGTATTCC_Hpoly.Day3_TA.Early,B6,TA.Early,Hpoly.Day3
B6_AACAGAGAGCGAGA_Hpoly.Day3_Endocrine,B6,Endocrine,Hpoly.Day3
B6_AACAGAGAGGTCAT_Hpoly.Day3_Endocrine,B6,Endocrine,Hpoly.Day3
B6_AACATTGAACACCA_Hpoly.Day3_Enterocyte.Progenitor,B6,Enterocyte.Progenitor,Hpoly.Day3
B6_AACATTGACCGTTC_Hpoly.Day3_Stem,B6,Stem,Hpoly.Day3
B6_AACCACGAAGCGGA_Hpoly.Day3_Enterocyte.Progenitor,B6,Enterocyte.Progenitor,Hpoly.Day3
B6_AACCAGTGGTCTAG_Hpoly.Day3_Stem,B6,Stem,Hpoly.Day3
B6_AACCGCCTTTCACT_Hpoly.Day3_Tuft,B6,Tuft,Hpoly.Day3
B6_AACGGTACAGGAGC_Hpoly.Day3_TA.Early,B6,TA.Early,Hpoly.Day3
B6_AACGGTACTCAGGT_Hpoly.Day3_Goblet,B6,Goblet,Hpoly.Day3
B6_AACGGTTGGCTACA_Hpoly.Day3_Endocrine,B6,Endocrine,Hpoly.Day3
B6_AACGGTTGGTTAGC_Hpoly.Day3_Enterocyte,B6,Enterocyte,Hpoly.Day3
B6_AACGTCGAAAGGGC_Hpoly.Day3_TA.Early,B6,TA.Early,Hpoly.Day3
B6_AACGTGTGGTTAGC_Hpoly.Day3_TA,B6,TA,Hpoly.Day3
B6_AACGTTCTACACGT_Hpoly.Day3_TA.Early,B6,TA.Early,Hpoly.Day3
B6_AACTCACTGGAGGT_Hpoly.Day3_Enterocyte.Progenitor,B6,Enterocyte.Progenitor,Hpoly.Day3
B6_AAGAACGATAACCG_Hpoly.Day3_TA.Early,B6,TA.Early,Hpoly.Day3
B6_AAGACAGAGGGACA_Hpoly.Day3_Enterocyte.Progenitor,B6,Enterocyte.Progenitor,Hpoly.Day3
B6_AAGAGATGGGACAG_Hpoly.Day3_Enterocyte,B6,Enterocyte,Hpoly.Day3
B6_AAGATGGATATGCG_Hpoly.Day3_TA.Early,B6,TA.Early,Hpoly.Day3
B6_AAGATGGATGTGAC_Hpoly.Day3_TA,B6,TA,Hpoly.Day3
B6_AAGCAAGACCTTTA_Hpoly.Day3_Enterocyte,B6,Enterocyte,Hpoly.Day3
B6_AAGCAAGATTAGGC_Hpoly.Day3_TA.Early,B6,TA.Early,Hpoly.Day3
B6_AAGCCAACGGCGAA_Hpoly.Day3_Endocrine,B6,Endocrine,Hpoly.Day3
B6_AAGCCTGAACAGTC_Hpoly.Day3_TA.Early,B6,TA.Early,Hpoly.Day3
B6_AAGCGACTGAGGAC_Hpoly.Day3_Stem,B6,Stem,Hpoly.Day3
B6_AAGCGTACACTACG_Hpoly.Day3_TA.Early,B6,TA.Early,Hpoly.Day3
B6_AAGGCTTGTGGTAC_Hpoly.Day3_TA,B6,TA,Hpoly.Day3
B6_AAGGTCACACACAC_Hpoly.Day3_Stem,B6,Stem,Hpoly.Day3
B6_AAGGTCACGGTATC_Hpoly.Day3_Enterocyte.Progenitor,B6,Enterocyte.Progenitor,Hpoly.Day3
B6_AAGGTCACTGTTTC_Hpoly.Day3_Enterocyte.Progenitor,B6,Enterocyte.Progenitor,Hpoly.Day3
B6_AAGTTATGCAATCG_Hpoly.Day3_Enterocyte,B6,Enterocyte,Hpoly.Day3
B6_AATAACACAGGTCT_Hpoly.Day3_Stem,B6,Stem,Hpoly.Day3
B6_AATAAGCTAGTTCG_Hpoly.Day3_Stem,B6,Stem,Hpoly.Day3
B6_AATAAGCTCCATAG_Hpoly.Day3_TA.Early,B6,TA.Early,Hpoly.Day3
B6_AATAAGCTGACGGA_Hpoly.Day3_Endocrine,B6,Endocrine,Hpoly.Day3
B6_AATAAGCTTCTCTA_Hpoly.Day3_Enterocyte.Progenitor,B6,Enterocyte.Progenitor,Hpoly.Day3
B6_AATACCCTTATGGC_Hpoly.Day3_TA.Early,B6,TA.Early,Hpoly.Day3
B6_AATCGGTGCAGGAG_Hpoly.Day3_TA.Early,B6,TA.Early,Hpoly.Day3
B6_AATCGGTGTGCAGT_Hpoly.Day3_Tuft,B6,Tuft,Hpoly.Day3
B6_AATCTCACACTAGC_Hpoly.Day3_Stem,B6,Stem,Hpoly.Day3
B6_AATGATACTATTCC_Hpoly.Day3_Endocrine,B6,Endocrine,Hpoly.Day3
B6_AATGCGTGTGCCCT_Hpoly.Day3_Enterocyte,B6,Enterocyte,Hpoly.Day3
B6_AATGTCCTTGTCAG_Hpoly.Day3_TA.Early,B6,TA.Early,Hpoly.Day3
B6_AATGTTGAGGTAAA_Hpoly.Day3_Tuft,B6,Tuft,Hpoly.Day3
B6_AATTGTGATTTCTG_Hpoly.Day3_Enterocyte.Progenitor,B6,Enterocyte.Progenitor,Hpoly.Day3
B6_ACAATCCTCTCTTA_Hpoly.Day3_TA.Early,B6,TA.Early,Hpoly.Day3
B6_ACACAGACAACCGT_Hpoly.Day3_Endocrine,B6,Endocrine,Hpoly.Day3
B6_ACACGATGCAGGAG_Hpoly.Day3_Enterocyte.Progenitor,B6,Enterocyte.Progenitor,Hpoly.Day3
B6_ACACGTGACCCACT_Hpoly.Day3_TA.Early,B6,TA.Early,Hpoly.Day3
B6_ACAGTCGAAACCAC_Hpoly.Day3_TA,B6,TA,Hpoly.Day3
B6_ACAGTGACAAAGCA_Hpoly.Day3_Goblet,B6,Goblet,Hpoly.Day3
B6_ACAGTGACAGCGGA_Hpoly.Day3_Tuft,B6,Tuft,Hpoly.Day3
B6_ACAGTGTGCCAATG_Hpoly.Day3_Tuft,B6,Tuft,Hpoly.Day3
B6_ACAGTGTGCCTATT_Hpoly.Day3_TA.Early,B6,TA.Early,Hpoly.Day3
B6_ACAGTGTGTACTTC_Hpoly.Day3_Tuft,B6,Tuft,Hpoly.Day3
B6_ACAGTGTGTTCACT_Hpoly.Day3_TA.Early,B6,TA.Early,Hpoly.Day3
B6_ACAGTTCTTGACAC_Hpoly.Day3_Enterocyte,B6,Enterocyte,Hpoly.Day3
B6_ACATGGTGGCCCTT_Hpoly.Day3_TA.Early,B6,TA.Early,Hpoly.Day3
B6_ACCACAGATTCCGC_Hpoly.Day3_Tuft,B6,Tuft,Hpoly.Day3
B6_ACCATTTGGTCAAC_Hpoly.Day3_Enterocyte,B6,Enterocyte,Hpoly.Day3
B6_ACCCAGCTGCTGAT_Hpoly.Day3_TA,B6,TA,Hpoly.Day3
B6_ACCCTCGACGCATA_Hpoly.Day3_Endocrine,B6,Endocrine,Hpoly.Day3
B6_ACCTATTGGGCAAG_Hpoly.Day3_Enterocyte,B6,Enterocyte,Hpoly.Day3
B6_ACCTATTGGGCGAA_Hpoly.Day3_TA,B6,TA,Hpoly.Day3
B6_ACCTCCGAAACGAA_Hpoly.Day3_Enterocyte.Progenitor,B6,Enterocyte.Progenitor,Hpoly.Day3
B6_ACCTCGTGTTTCTG_Hpoly.Day3_TA.Early,B6,TA.Early,Hpoly.Day3
B6_ACGAACACCCAGTA_Hpoly.Day3_Stem,B6,Stem,Hpoly.Day3
B6_ACGAAGCTTTCGCC_Hpoly.Day3_Enterocyte.Progenitor,B6,Enterocyte.Progenitor,Hpoly.Day3
B6_ACGAGGGATATCTC_Hpoly.Day3_TA.Early,B6,TA.Early,Hpoly.Day3
B6_ACGAGTACCTCAAG_Hpoly.Day3_TA.Early,B6,TA.Early,Hpoly.Day3
B6_ACGCAATGACCTCC_Hpoly.Day3_Endocrine,B6,Endocrine,Hpoly.Day3
B6_ACGCCACTGGCAAG_Hpoly.Day3_TA.Early,B6,TA.Early,Hpoly.Day3
B6_ACGCCGGAACACGT_Hpoly.Day3_Stem,B6,Stem,Hpoly.Day3
B6_ACGCCGGATTGAGC_Hpoly.Day3_Goblet,B6,Goblet,Hpoly.Day3
B6_ACGCTCACGTGCAT_Hpoly.Day3_TA.Early,B6,TA.Early,Hpoly.Day3
B6_ACGCTCACTCTCTA_Hpoly.Day3_Stem,B6,Stem,Hpoly.Day3
B6_ACGCTGCTCTGACA_Hpoly.Day3_Tuft,B6,Tuft,Hpoly.Day3
B6_ACGGAACTACTGTG_Hpoly.Day3_Enterocyte.Progenitor,B6,Enterocyte.Progenitor,Hpoly.Day3
B6_ACGGAGGACTGTCC_Hpoly.Day3_Endocrine,B6,Endocrine,Hpoly.Day3
B6_ACGGATTGTATGGC_Hpoly.Day3_Goblet,B6,Goblet,Hpoly.Day3
B6_ACGGCGTGATGGTC_Hpoly.Day3_TA,B6,TA,Hpoly.Day3
B6_ACGGTATGCTAAGC_Hpoly.Day3_TA.Early,B6,TA.Early,Hpoly.Day3
B6_ACGTGCCTTCCAGA_Hpoly.Day3_Enterocyte,B6,Enterocyte,Hpoly.Day3
B6_ACGTTGGACCTCCA_Hpoly.Day3_Enterocyte.Progenitor,B6,Enterocyte.Progenitor,Hpoly.Day3
B6_ACTCAGGACGACTA_Hpoly.Day3_TA.Early,B6,TA.Early,Hpoly.Day3
B6_ACTCCCGAAAAGTG_Hpoly.Day3_Endocrine,B6,Endocrine,Hpoly.Day3
B6_ACTCGCACGTTAGC_Hpoly.Day3_Stem,B6,Stem,Hpoly.Day3
B6_ACTCTCCTACCAGT_Hpoly.Day3_Enterocyte,B6,Enterocyte,Hpoly.Day3
B6_ACTGTTACAGAGAT_Hpoly.Day3_Enterocyte.Progenitor,B6,Enterocyte.Progenitor,Hpoly.Day3
B6_ACTGTTACGTCTGA_Hpoly.Day3_Enterocyte.Progenitor,B6,Enterocyte.Progenitor,Hpoly.Day3
B6_ACTTCAACTGGCAT_Hpoly.Day3_Enterocyte,B6,Enterocyte,Hpoly.Day3
B6_ACTTCCCTGCTAAC_Hpoly.Day3_Enterocyte.Progenitor,B6,Enterocyte.Progenitor,Hpoly.Day3
B6_ACTTCCCTTATTCC_Hpoly.Day3_Enterocyte,B6,Enterocyte,Hpoly.Day3
B6_ACTTGACTACTCAG_Hpoly.Day3_Enterocyte,B6,Enterocyte,Hpoly.Day3
B6_ACTTGACTAGATGA_Hpoly.Day3_Tuft,B6,Tuft,Hpoly.Day3
B6_ACTTGACTGGGCAA_Hpoly.Day3_Enterocyte.Progenitor,B6,Enterocyte.Progenitor,Hpoly.Day3
B6_ACTTGTACTCTCCG_Hpoly.Day3_TA,B6,TA,Hpoly.Day3
B6_AGAACGCTAGAACA_Hpoly.Day3_Enterocyte.Progenitor,B6,Enterocyte.Progenitor,Hpoly.Day3
B6_AGAATTTGTAACGC_Hpoly.Day3_TA,B6,TA,Hpoly.Day3
B6_AGAATTTGTCTGGA_Hpoly.Day3_Enterocyte,B6,Enterocyte,Hpoly.Day3
B6_AGACACACGAGGTG_Hpoly.Day3_Enterocyte.Progenitor,B6,Enterocyte.Progenitor,Hpoly.Day3
B6_AGACGTACAGCTAC_Hpoly.Day3_Enterocyte,B6,Enterocyte,Hpoly.Day3
B6_AGACTGACAGCATC_Hpoly.Day3_Enterocyte.Progenitor,B6,Enterocyte.Progenitor,Hpoly.Day3
B6_AGACTGACCTCTCG_Hpoly.Day3_TA.Early,B6,TA.Early,Hpoly.Day3
B6_AGAGGTCTTTGCGA_Hpoly.Day3_TA,B6,TA,Hpoly.Day3
B6_AGATATACAAGCAA_Hpoly.Day3_Tuft,B6,Tuft,Hpoly.Day3
B6_AGATCTCTTCTCCG_Hpoly.Day3_Stem,B6,Stem,Hpoly.Day3
B6_AGATTAACTTCGGA_Hpoly.Day3_Enterocyte,B6,Enterocyte,Hpoly.Day3
B6_AGCACAACTCGTTT_Hpoly.Day3_TA.Early,B6,TA.Early,Hpoly.Day3
B6_AGCCAATGATCGGT_Hpoly.Day3_Enterocyte,B6,Enterocyte,Hpoly.Day3
B6_AGCCAATGCACACA_Hpoly.Day3_TA.Early,B6,TA.Early,Hpoly.Day3
B6_AGCCACCTGGGATG_Hpoly.Day3_TA.Early,B6,TA.Early,Hpoly.Day3
B6_AGCCGGTGGAGCTT_Hpoly.Day3_Stem,B6,Stem,Hpoly.Day3
B6_AGCCGTCTGTCTAG_Hpoly.Day3_Enterocyte.Progenitor,B6,Enterocyte.Progenitor,Hpoly.Day3
B6_AGCCTCACAGAGTA_Hpoly.Day3_Tuft,B6,Tuft,Hpoly.Day3
B6_AGCCTCTGGTCGAT_Hpoly.Day3_TA.Early,B6,TA.Early,Hpoly.Day3
B6_AGCGCTCTTGCCTC_Hpoly.Day3_Enterocyte,B6,Enterocyte,Hpoly.Day3
B6_AGCGGGCTCCTCAC_Hpoly.Day3_Endocrine,B6,Endocrine,Hpoly.Day3
B6_AGCTCGCTTCGCAA_Hpoly.Day3_TA.Early,B6,TA.Early,Hpoly.Day3
B6_AGGAAATGGTCTGA_Hpoly.Day3_Enterocyte,B6,Enterocyte,Hpoly.Day3
B6_AGGAATGATACAGC_Hpoly.Day3_Enterocyte,B6,Enterocyte,Hpoly.Day3
B6_AGGATAGAGGTTTG_Hpoly.Day3_Tuft,B6,Tuft,Hpoly.Day3
B6_AGGATGCTTTGCAG_Hpoly.Day3_Enterocyte.Progenitor,B6,Enterocyte.Progenitor,Hpoly.Day3
B6_AGGGAGTGCACCAA_Hpoly.Day3_Tuft,B6,Tuft,Hpoly.Day3
B6_AGGGCCTGAAAAGC_Hpoly.Day3_Enterocyte,B6,Enterocyte,Hpoly.Day3
B6_AGGGCGCTTGACTG_Hpoly.Day3_Enterocyte.Progenitor,B6,Enterocyte.Progenitor,Hpoly.Day3
B6_AGGGTTTGACCACA_Hpoly.Day3_TA.Early,B6,TA.Early,Hpoly.Day3
B6_AGGTACACCCGAAT_Hpoly.Day3_Enterocyte.Progenitor,B6,Enterocyte.Progenitor,Hpoly.Day3
B6_AGGTACACTCCTCG_Hpoly.Day3_Enterocyte.Progenitor,B6,Enterocyte.Progenitor,Hpoly.Day3
B6_AGGTACTGGTCGTA_Hpoly.Day3_TA,B6,TA,Hpoly.Day3
B6_AGGTGGGAACTCAG_Hpoly.Day3_Enterocyte.Progenitor,B6,Enterocyte.Progenitor,Hpoly.Day3
B6_AGGTGGGACTATGG_Hpoly.Day3_TA.Early,B6,TA.Early,Hpoly.Day3
B6_AGGTTCGACGATAC_Hpoly.Day3_Enterocyte,B6,Enterocyte,Hpoly.Day3
B6_AGTAATACCCGAAT_Hpoly.Day3_Stem,B6,Stem,Hpoly.Day3
B6_AGTATAACCTGCAA_Hpoly.Day3_TA.Early,B6,TA.Early,Hpoly.Day3
B6_AGTCACGAAGGTCT_Hpoly.Day3_Stem,B6,Stem,Hpoly.Day3
B6_AGTCAGACGTATGC_Hpoly.Day3_Enterocyte.Progenitor,B6,Enterocyte.Progenitor,Hpoly.Day3
B6_AGTCTACTACCTCC_Hpoly.Day3_Goblet,B6,Goblet,Hpoly.Day3
B6_AGTCTTACGAGGAC_Hpoly.Day3_Stem,B6,Stem,Hpoly.Day3
B6_AGTGAAGAACAGCT_Hpoly.Day3_Enterocyte.Progenitor,B6,Enterocyte.Progenitor,Hpoly.Day3
B6_AGTGACACAACCGT_Hpoly.Day3_Endocrine,B6,Endocrine,Hpoly.Day3
B6_AGTGTGACCTACTT_Hpoly.Day3_TA,B6,TA,Hpoly.Day3
B6_AGTGTGACTTCTTG_Hpoly.Day3_TA.Early,B6,TA.Early,Hpoly.Day3
B6_AGTTCTTGCGCAAT_Hpoly.Day3_TA.Early,B6,TA.Early,Hpoly.Day3
B6_AGTTCTTGTGACAC_Hpoly.Day3_Enterocyte,B6,Enterocyte,Hpoly.Day3
B6_AGTTCTTGTGTCCC_Hpoly.Day3_Stem,B6,Stem,Hpoly.Day3
B6_AGTTGTCTGTTGGT_Hpoly.Day3_Endocrine,B6,Endocrine,Hpoly.Day3
B6_ATAACAACGTACGT_Hpoly.Day3_TA,B6,TA,Hpoly.Day3
B6_ATAACATGATTGGC_Hpoly.Day3_Endocrine,B6,Endocrine,Hpoly.Day3
B6_ATACAATGCGTGAT_Hpoly.Day3_Tuft,B6,Tuft,Hpoly.Day3
B6_ATACACCTCTTGAG_Hpoly.Day3_Endocrine,B6,Endocrine,Hpoly.Day3
B6_ATACGTCTCCTGAA_Hpoly.Day3_Enterocyte,B6,Enterocyte,Hpoly.Day3
B6_ATACTCTGAAGTGA_Hpoly.Day3_Stem,B6,Stem,Hpoly.Day3
B6_ATAGCGTGGCCTTC_Hpoly.Day3_Tuft,B6,Tuft,Hpoly.Day3
B6_ATCAAATGACCTAG_Hpoly.Day3_TA.Early,B6,TA.Early,Hpoly.Day3
B6_ATCAAATGTCCGAA_Hpoly.Day3_Tuft,B6,Tuft,Hpoly.Day3
B6_ATCACACTAATGCC_Hpoly.Day3_TA.Early,B6,TA.Early,Hpoly.Day3
B6_ATCACGGACGCATA_Hpoly.Day3_Enterocyte.Progenitor,B6,Enterocyte.Progenitor,Hpoly.Day3
B6_ATCACGGAGTGCTA_Hpoly.Day3_Enterocyte,B6,Enterocyte,Hpoly.Day3
B6_ATCATCTGGTGCAT_Hpoly.Day3_Endocrine,B6,Endocrine,Hpoly.Day3
B6_ATCATGCTCCTTCG_Hpoly.Day3_TA.Early,B6,TA.Early,Hpoly.Day3
B6_ATCATGCTCTACTT_Hpoly.Day3_Endocrine,B6,Endocrine,Hpoly.Day3
B6_ATCCATACCTCGAA_Hpoly.Day3_Tuft,B6,Tuft,Hpoly.Day3
B6_ATCCCGTGGCCATA_Hpoly.Day3_Enterocyte.Progenitor,B6,Enterocyte.Progenitor,Hpoly.Day3
B6_ATCGCAGACTGAGT_Hpoly.Day3_Enterocyte,B6,Enterocyte,Hpoly.Day3
B6_ATCGGAACTCGACA_Hpoly.Day3_TA.Early,B6,TA.Early,Hpoly.Day3
B6_ATCGGTGACTCATT_Hpoly.Day3_Tuft,B6,Tuft,Hpoly.Day3
B6_ATCTACTGTCTTCA_Hpoly.Day3_Enterocyte,B6,Enterocyte,Hpoly.Day3
B6_ATCTTGACCTGAGT_Hpoly.Day3_Enterocyte,B6,Enterocyte,Hpoly.Day3
B6_ATCTTTCTCCTGAA_Hpoly.Day3_Enterocyte.Progenitor,B6,Enterocyte.Progenitor,Hpoly.Day3
B6_ATCTTTCTTTCGCC_Hpoly.Day3_Enterocyte.Progenitor,B6,Enterocyte.Progenitor,Hpoly.Day3
B6_ATGAGAGATTGTCT_Hpoly.Day3_Enterocyte,B6,Enterocyte,Hpoly.Day3
B6_ATGCACGAACTGTG_Hpoly.Day3_Enterocyte,B6,Enterocyte,Hpoly.Day3
B6_ATGCAGACACACGT_Hpoly.Day3_Goblet,B6,Goblet,Hpoly.Day3
B6_ATGCAGACTCTCCG_Hpoly.Day3_Tuft,B6,Tuft,Hpoly.Day3
B6_ATGCAGTGCTTGAG_Hpoly.Day3_Tuft,B6,Tuft,Hpoly.Day3
B6_ATGCCAGAAGAAGT_Hpoly.Day3_Tuft,B6,Tuft,Hpoly.Day3
B6_ATGCGATGCTTCCG_Hpoly.Day3_Enterocyte.Progenitor,B6,Enterocyte.Progenitor,Hpoly.Day3
B6_ATGCGCCTTGAGGG_Hpoly.Day3_Goblet,B6,Goblet,Hpoly.Day3
B6_ATGGTGACCGTGAT_Hpoly.Day3_Stem,B6,Stem,Hpoly.Day3
B6_ATGTACCTCAGTCA_Hpoly.Day3_TA,B6,TA,Hpoly.Day3
B6_ATGTTGCTAGTGCT_Hpoly.Day3_Tuft,B6,Tuft,Hpoly.Day3
B6_ATGTTGCTTCCCAC_Hpoly.Day3_Tuft,B6,Tuft,Hpoly.Day3
B6_ATTAACGATTGTGG_Hpoly.Day3_Enterocyte.Progenitor,B6,Enterocyte.Progenitor,Hpoly.Day3
B6_ATTACCTGGAATAG_Hpoly.Day3_TA,B6,TA,Hpoly.Day3
B6_ATTACCTGTTGACG_Hpoly.Day3_Stem,B6,Stem,Hpoly.Day3
B6_ATTATGGAAGTCGT_Hpoly.Day3_TA,B6,TA,Hpoly.Day3
B6_ATTCGGGAGGGACA_Hpoly.Day3_Stem,B6,Stem,Hpoly.Day3
B6_ATTCTTCTCCAAGT_Hpoly.Day3_Enterocyte.Progenitor,B6,Enterocyte.Progenitor,Hpoly.Day3
B6_ATTTGCACGGCATT_Hpoly.Day3_TA.Early,B6,TA.Early,Hpoly.Day3
B6_CAAAGCACACACTG_Hpoly.Day3_Tuft,B6,Tuft,Hpoly.Day3
B6_CAAATATGAAGGCG_Hpoly.Day3_Enterocyte,B6,Enterocyte,Hpoly.Day3
B6_CAAATATGCATGCA_Hpoly.Day3_Tuft,B6,Tuft,Hpoly.Day3
B6_CAAATTGAGGACTT_Hpoly.Day3_Endocrine,B6,Endocrine,Hpoly.Day3
B6_CAACCGCTTGGAAA_Hpoly.Day3_Tuft,B6,Tuft,Hpoly.Day3
B6_CAACTTTGGAGATA_Hpoly.Day3_TA.Early,B6,TA.Early,Hpoly.Day3
B6_CAAGACTGAAGATG_Hpoly.Day3_TA.Early,B6,TA.Early,Hpoly.Day3
B6_CAATAAACCTCAAG_Hpoly.Day3_Stem,B6,Stem,Hpoly.Day3
B6_CAATAAACGAGCAG_Hpoly.Day3_TA,B6,TA,Hpoly.Day3
B6_CAATAATGCCCGTT_Hpoly.Day3_Enterocyte.Progenitor,B6,Enterocyte.Progenitor,Hpoly.Day3
B6_CAATGGACGTCGAT_Hpoly.Day3_Endocrine,B6,Endocrine,Hpoly.Day3
B6_CAATTCTGCTCTCG_Hpoly.Day3_TA.Early,B6,TA.Early,Hpoly.Day3
B6_CACAGAACGGATTC_Hpoly.Day3_Tuft,B6,Tuft,Hpoly.Day3
B6_CACAGAACTGCGTA_Hpoly.Day3_Goblet,B6,Goblet,Hpoly.Day3
B6_CACAGATGTGCTTT_Hpoly.Day3_Enterocyte.Progenitor,B6,Enterocyte.Progenitor,Hpoly.Day3
B6_CACAGTGACTACGA_Hpoly.Day3_TA.Early,B6,TA.Early,Hpoly.Day3
B6_CACCTGACACTACG_Hpoly.Day3_TA.Early,B6,TA.Early,Hpoly.Day3
B6_CACGACCTGTGTTG_Hpoly.Day3_Enterocyte,B6,Enterocyte,Hpoly.Day3
B6_CACGATGAACTACG_Hpoly.Day3_Stem,B6,Stem,Hpoly.Day3
B6_CACGATGACATTCT_Hpoly.Day3_TA.Early,B6,TA.Early,Hpoly.Day3
B6_CACGGGTGCATTGG_Hpoly.Day3_Goblet,B6,Goblet,Hpoly.Day3
B6_CACTATACCCAACA_Hpoly.Day3_Enterocyte,B6,Enterocyte,Hpoly.Day3
B6_CACTCCGACCCGTT_Hpoly.Day3_Enterocyte.Progenitor,B6,Enterocyte.Progenitor,Hpoly.Day3
B6_CACTCTCTGTAAAG_Hpoly.Day3_Goblet,B6,Goblet,Hpoly.Day3
B6_CACTTAACTTGAGC_Hpoly.Day3_TA.Early,B6,TA.Early,Hpoly.Day3
B6_CACTTTGACTTGAG_Hpoly.Day3_Enterocyte.Progenitor,B6,Enterocyte.Progenitor,Hpoly.Day3
B6_CACTTTGAGACAGG_Hpoly.Day3_TA,B6,TA,Hpoly.Day3
B6_CAGACAACGAAACA_Hpoly.Day3_Tuft,B6,Tuft,Hpoly.Day3
B6_CAGACAACTTATCC_Hpoly.Day3_Endocrine,B6,Endocrine,Hpoly.Day3
B6_CAGCTCTGTCGATG_Hpoly.Day3_Enterocyte,B6,Enterocyte,Hpoly.Day3
B6_CAGGGCACTGAGCT_Hpoly.Day3_Stem,B6,Stem,Hpoly.Day3
B6_CAGGTTGAAGTGCT_Hpoly.Day3_TA.Early,B6,TA.Early,Hpoly.Day3
B6_CAGTGTGATACGAC_Hpoly.Day3_Endocrine,B6,Endocrine,Hpoly.Day3
B6_CATATAGACCCTTG_Hpoly.Day3_TA.Early,B6,TA.Early,Hpoly.Day3
B6_CATCAACTAGAGTA_Hpoly.Day3_Goblet,B6,Goblet,Hpoly.Day3
B6_CATGCGCTTCACGA_Hpoly.Day3_Enterocyte.Progenitor,B6,Enterocyte.Progenitor,Hpoly.Day3
B6_CATGTACTTGCCAA_Hpoly.Day3_Enterocyte.Progenitor,B6,Enterocyte.Progenitor,Hpoly.Day3
B6_CATTACACCTACTT_Hpoly.Day3_Endocrine,B6,Endocrine,Hpoly.Day3
B6_CATTGGGAATCGTG_Hpoly.Day3_Enterocyte,B6,Enterocyte,Hpoly.Day3
B6_CATTGGGAGTCAAC_Hpoly.Day3_Stem,B6,Stem,Hpoly.Day3
B6_CATTGTACCCTTCG_Hpoly.Day3_TA.Early,B6,TA.Early,Hpoly.Day3
B6_CATTGTTGGCTCCT_Hpoly.Day3_Enterocyte.Progenitor,B6,Enterocyte.Progenitor,Hpoly.Day3
B6_CCAACCTGACTGGT_Hpoly.Day3_Tuft,B6,Tuft,Hpoly.Day3
B6_CCAACCTGGCCCTT_Hpoly.Day3_Enterocyte.Progenitor,B6,Enterocyte.Progenitor,Hpoly.Day3
B6_CCAACCTGTGATGC_Hpoly.Day3_Enterocyte.Progenitor,B6,Enterocyte.Progenitor,Hpoly.Day3
B6_CCAAGAACAACCGT_Hpoly.Day3_TA,B6,TA,Hpoly.Day3
B6_CCAATTTGGAGGAC_Hpoly.Day3_Enterocyte,B6,Enterocyte,Hpoly.Day3
B6_CCACCTGAATGTCG_Hpoly.Day3_TA.Early,B6,TA.Early,Hpoly.Day3
B6_CCACTGACGCTCCT_Hpoly.Day3_TA.Early,B6,TA.Early,Hpoly.Day3
B6_CCACTGTGCACCAA_Hpoly.Day3_TA,B6,TA,Hpoly.Day3
B6_CCAGCTACTTGGCA_Hpoly.Day3_Enterocyte.Progenitor,B6,Enterocyte.Progenitor,Hpoly.Day3
B6_CCAGGTCTAATCGC_Hpoly.Day3_Enterocyte.Progenitor,B6,Enterocyte.Progenitor,Hpoly.Day3
B6_CCAGTCACTGTTCT_Hpoly.Day3_Enterocyte,B6,Enterocyte,Hpoly.Day3
B6_CCAGTGCTGGTTAC_Hpoly.Day3_TA,B6,TA,Hpoly.Day3
B6_CCAGTGCTTTAGGC_Hpoly.Day3_TA,B6,TA,Hpoly.Day3
B6_CCATAGGAAACTGC_Hpoly.Day3_Enterocyte.Progenitor,B6,Enterocyte.Progenitor,Hpoly.Day3
B6_CCATATACGTGAGG_Hpoly.Day3_Tuft,B6,Tuft,Hpoly.Day3
B6_CCCAACTGCCTATT_Hpoly.Day3_Enterocyte,B6,Enterocyte,Hpoly.Day3
B6_CCCAACTGCGAATC_Hpoly.Day3_Goblet,B6,Goblet,Hpoly.Day3
B6_CCCGAACTTGTCGA_Hpoly.Day3_TA.Early,B6,TA.Early,Hpoly.Day3
B6_CCCTACGATTGTCT_Hpoly.Day3_TA.Early,B6,TA.Early,Hpoly.Day3
B6_CCCTAGTGCTCATT_Hpoly.Day3_Goblet,B6,Goblet,Hpoly.Day3
B6_CCCTAGTGGGCATT_Hpoly.Day3_TA.Early,B6,TA.Early,Hpoly.Day3
B6_CCGAAAACGTAGGG_Hpoly.Day3_Endocrine,B6,Endocrine,Hpoly.Day3
B6_CCTACCGAAAGTGA_Hpoly.Day3_TA.Early,B6,TA.Early,Hpoly.Day3
B6_CCTACCGACGTACA_Hpoly.Day3_Endocrine,B6,Endocrine,Hpoly.Day3
B6_CCTGCAACGTCGTA_Hpoly.Day3_TA.Early,B6,TA.Early,Hpoly.Day3
B6_CCTGGACTAGCGGA_Hpoly.Day3_Tuft,B6,Tuft,Hpoly.Day3
B6_CCTGGACTGGAGCA_Hpoly.Day3_TA,B6,TA,Hpoly.Day3
B6_CCTTCACTGTAGCT_Hpoly.Day3_Endocrine,B6,Endocrine,Hpoly.Day3
B6_CCTTTAGACATTCT_Hpoly.Day3_Stem,B6,Stem,Hpoly.Day3
B6_CCTTTAGAGCAGTT_Hpoly.Day3_Endocrine,B6,Endocrine,Hpoly.Day3
B6_CGAACATGTGTGCA_Hpoly.Day3_TA.Early,B6,TA.Early,Hpoly.Day3
B6_CGAAGACTTGCACA_Hpoly.Day3_Endocrine,B6,Endocrine,Hpoly.Day3
B6_CGACAAACCCATGA_Hpoly.Day3_Enterocyte,B6,Enterocyte,Hpoly.Day3
B6_CGACGTCTCGCATA_Hpoly.Day3_Endocrine,B6,Endocrine,Hpoly.Day3
B6_CGACTCACGTCTGA_Hpoly.Day3_Enterocyte,B6,Enterocyte,Hpoly.Day3
B6_CGAGGAGAGTCACA_Hpoly.Day3_Enterocyte,B6,Enterocyte,Hpoly.Day3
B6_CGAGGAGATAAGCC_Hpoly.Day3_Enterocyte,B6,Enterocyte,Hpoly.Day3
B6_CGAGGGCTGCTATG_Hpoly.Day3_Stem,B6,Stem,Hpoly.Day3
B6_CGATCAGAATCGGT_Hpoly.Day3_Stem,B6,Stem,Hpoly.Day3
B6_CGATCCACATCAGC_Hpoly.Day3_Stem,B6,Stem,Hpoly.Day3
B6_CGCAAATGTCAGGT_Hpoly.Day3_Endocrine,B6,Endocrine,Hpoly.Day3
B6_CGCAACCTAGGTCT_Hpoly.Day3_Stem,B6,Stem,Hpoly.Day3
B6_CGCAACCTGACGAG_Hpoly.Day3_TA.Early,B6,TA.Early,Hpoly.Day3
B6_CGCACGGACTCGCT_Hpoly.Day3_TA,B6,TA,Hpoly.Day3
B6_CGCACTACTCTTCA_Hpoly.Day3_Enterocyte.Progenitor,B6,Enterocyte.Progenitor,Hpoly.Day3
B6_CGCCTAACCATCAG_Hpoly.Day3_Enterocyte,B6,Enterocyte,Hpoly.Day3
B6_CGCGATCTCACTCC_Hpoly.Day3_Enterocyte,B6,Enterocyte,Hpoly.Day3
B6_CGGACTCTCTGGAT_Hpoly.Day3_Endocrine,B6,Endocrine,Hpoly.Day3
B6_CGGATATGGCAAGG_Hpoly.Day3_Tuft,B6,Tuft,Hpoly.Day3
B6_CGGCATCTTATGGC_Hpoly.Day3_Stem,B6,Stem,Hpoly.Day3
B6_CGGCCAGAGTCATG_Hpoly.Day3_Enterocyte,B6,Enterocyte,Hpoly.Day3
B6_CGGCGAACTTTCTG_Hpoly.Day3_Enterocyte.Progenitor,B6,Enterocyte.Progenitor,Hpoly.Day3
B6_CGGCGATGTGGAGG_Hpoly.Day3_Enterocyte.Progenitor,B6,Enterocyte.Progenitor,Hpoly.Day3
B6_CGGTAAACAACTGC_Hpoly.Day3_TA,B6,TA,Hpoly.Day3
B6_CGGTACCTTTGCAG_Hpoly.Day3_TA.Early,B6,TA.Early,Hpoly.Day3
B6_CGTAACGACCTACC_Hpoly.Day3_Enterocyte.Progenitor,B6,Enterocyte.Progenitor,Hpoly.Day3
B6_CGTCAAGATATGGC_Hpoly.Day3_Enterocyte.Progenitor,B6,Enterocyte.Progenitor,Hpoly.Day3
B6_CGTGAATGCTTCGC_Hpoly.Day3_Enterocyte.Progenitor,B6,Enterocyte.Progenitor,Hpoly.Day3
B6_CTAACACTCTGTAG_Hpoly.Day3_Enterocyte,B6,Enterocyte,Hpoly.Day3
B6_CTAATAGATGCAAC_Hpoly.Day3_Enterocyte,B6,Enterocyte,Hpoly.Day3
B6_CTACCTCTATCAGC_Hpoly.Day3_TA.Early,B6,TA.Early,Hpoly.Day3
B6_CTACGCACTGCTAG_Hpoly.Day3_Enterocyte,B6,Enterocyte,Hpoly.Day3
B6_CTACGGCTTCGATG_Hpoly.Day3_TA,B6,TA,Hpoly.Day3
B6_CTAGGTGAGCTAAC_Hpoly.Day3_Enterocyte.Progenitor,B6,Enterocyte.Progenitor,Hpoly.Day3
B6_CTATAAGATCAAGC_Hpoly.Day3_TA.Early,B6,TA.Early,Hpoly.Day3
B6_CTATGTACTCAGAC_Hpoly.Day3_Enterocyte.Progenitor,B6,Enterocyte.Progenitor,Hpoly.Day3
B6_CTATGTTGTTAGGC_Hpoly.Day3_Enterocyte.Progenitor,B6,Enterocyte.Progenitor,Hpoly.Day3
B6_CTCAATTGGCATAC_Hpoly.Day3_Tuft,B6,Tuft,Hpoly.Day3
B6_CTCAGAGAACCGAT_Hpoly.Day3_Enterocyte,B6,Enterocyte,Hpoly.Day3
B6_CTCAGCACGTCTTT_Hpoly.Day3_Enterocyte.Progenitor,B6,Enterocyte.Progenitor,Hpoly.Day3
B6_CTCGAAGAGTAGCT_Hpoly.Day3_Enterocyte,B6,Enterocyte,Hpoly.Day3
B6_CTCGAGCTAGTGCT_Hpoly.Day3_Goblet,B6,Goblet,Hpoly.Day3
B6_CTGAAGACCATTCT_Hpoly.Day3_Enterocyte,B6,Enterocyte,Hpoly.Day3
B6_CTGAAGACTATGCG_Hpoly.Day3_Enterocyte,B6,Enterocyte,Hpoly.Day3
B6_CTGAAGTGGTGTCA_Hpoly.Day3_Tuft,B6,Tuft,Hpoly.Day3
B6_CTGAAGTGTGAGCT_Hpoly.Day3_Enterocyte.Progenitor,B6,Enterocyte.Progenitor,Hpoly.Day3
B6_CTGACAGACGATAC_Hpoly.Day3_TA.Early,B6,TA.Early,Hpoly.Day3
B6_CTGATACTCCAGTA_Hpoly.Day3_TA.Early,B6,TA.Early,Hpoly.Day3
B6_CTGGATGATCAGAC_Hpoly.Day3_Enterocyte,B6,Enterocyte,Hpoly.Day3
B6_CTGGCACTAAAACG_Hpoly.Day3_Goblet,B6,Goblet,Hpoly.Day3
B6_CTGGCACTAACTGC_Hpoly.Day3_Endocrine,B6,Endocrine,Hpoly.Day3
B6_CTGTGAGAGCTAAC_Hpoly.Day3_Stem,B6,Stem,Hpoly.Day3
B6_CTGTGAGAGTAGGG_Hpoly.Day3_Enterocyte,B6,Enterocyte,Hpoly.Day3
B6_CTTAACACGCTCCT_Hpoly.Day3_Endocrine,B6,Endocrine,Hpoly.Day3
B6_CTTATCGAACTCAG_Hpoly.Day3_Enterocyte,B6,Enterocyte,Hpoly.Day3
B6_CTTATCGACAACCA_Hpoly.Day3_Enterocyte,B6,Enterocyte,Hpoly.Day3
B6_CTTGTATGTGGATC_Hpoly.Day3_TA,B6,TA,Hpoly.Day3
B6_CTTTAGACCCTTGC_Hpoly.Day3_Endocrine,B6,Endocrine,Hpoly.Day3
B6_CTTTGATGACACAC_Hpoly.Day3_TA.Early,B6,TA.Early,Hpoly.Day3
B6_GAAACCTGCCTGAA_Hpoly.Day3_Stem,B6,Stem,Hpoly.Day3
B6_GAAACCTGTCTTCA_Hpoly.Day3_Endocrine,B6,Endocrine,Hpoly.Day3
B6_GAAATACTGAGGCA_Hpoly.Day3_Stem,B6,Stem,Hpoly.Day3
B6_GAACACACCACTGA_Hpoly.Day3_Goblet,B6,Goblet,Hpoly.Day3
B6_GAACAGCTTTTGCT_Hpoly.Day3_Endocrine,B6,Endocrine,Hpoly.Day3
B6_GAACGGGACCTTTA_Hpoly.Day3_Endocrine,B6,Endocrine,Hpoly.Day3
B6_GAAGTCACCCCACT_Hpoly.Day3_Enterocyte.Progenitor,B6,Enterocyte.Progenitor,Hpoly.Day3
B6_GAAGTCTGGAGAGC_Hpoly.Day3_Endocrine,B6,Endocrine,Hpoly.Day3
B6_GACAACACGGAGTG_Hpoly.Day3_Enterocyte,B6,Enterocyte,Hpoly.Day3
B6_GACACTGACGACAT_Hpoly.Day3_Enterocyte,B6,Enterocyte,Hpoly.Day3
B6_GACATTCTAACTGC_Hpoly.Day3_Enterocyte.Progenitor,B6,Enterocyte.Progenitor,Hpoly.Day3
B6_GACCATGATCTCGC_Hpoly.Day3_TA.Early,B6,TA.Early,Hpoly.Day3
B6_GACCATGATGCAGT_Hpoly.Day3_Tuft,B6,Tuft,Hpoly.Day3
B6_GACCCTACGCTGTA_Hpoly.Day3_Enterocyte,B6,Enterocyte,Hpoly.Day3
B6_GACCCTACGGTTCA_Hpoly.Day3_Enterocyte,B6,Enterocyte,Hpoly.Day3
B6_GACCTCACAGGAGC_Hpoly.Day3_Enterocyte,B6,Enterocyte,Hpoly.Day3
B6_GACCTCACAGGTTC_Hpoly.Day3_Endocrine,B6,Endocrine,Hpoly.Day3
B6_GACGATTGGTCTAG_Hpoly.Day3_Enterocyte,B6,Enterocyte,Hpoly.Day3
B6_GACGTAACCCACCT_Hpoly.Day3_Enterocyte.Progenitor,B6,Enterocyte.Progenitor,Hpoly.Day3
B6_GACGTATGACACTG_Hpoly.Day3_Endocrine,B6,Endocrine,Hpoly.Day3
B6_GACGTATGAGGCGA_Hpoly.Day3_Enterocyte,B6,Enterocyte,Hpoly.Day3
B6_GACGTATGCCTTTA_Hpoly.Day3_Goblet,B6,Goblet,Hpoly.Day3
B6_GACGTCCTACAGTC_Hpoly.Day3_Enterocyte,B6,Enterocyte,Hpoly.Day3
B6_GACTGATGCTGTCC_Hpoly.Day3_Goblet,B6,Goblet,Hpoly.Day3
B6_GACTGTGAACGGTT_Hpoly.Day3_Enterocyte.Progenitor,B6,Enterocyte.Progenitor,Hpoly.Day3
B6_GACTGTGAAGAAGT_Hpoly.Day3_Enterocyte.Progenitor,B6,Enterocyte.Progenitor,Hpoly.Day3
B6_GAGAGGTGGACTAC_Hpoly.Day3_Tuft,B6,Tuft,Hpoly.Day3
B6_GAGAGGTGGATAGA_Hpoly.Day3_Enterocyte,B6,Enterocyte,Hpoly.Day3
B6_GAGAGGTGGGTAAA_Hpoly.Day3_Enterocyte,B6,Enterocyte,Hpoly.Day3
B6_GAGATAGAAATGCC_Hpoly.Day3_Endocrine,B6,Endocrine,Hpoly.Day3
B6_GAGCATACCCTCAC_Hpoly.Day3_TA.Early,B6,TA.Early,Hpoly.Day3
B6_GAGCGCACGAGACG_Hpoly.Day3_Enterocyte,B6,Enterocyte,Hpoly.Day3
B6_GAGCGCTGTTGGCA_Hpoly.Day3_Stem,B6,Stem,Hpoly.Day3
B6_GAGCGGCTAACCAC_Hpoly.Day3_TA.Early,B6,TA.Early,Hpoly.Day3
B6_GAGCGGCTCTGTGA_Hpoly.Day3_TA,B6,TA,Hpoly.Day3
B6_GAGGCCACTTTGCT_Hpoly.Day3_Enterocyte.Progenitor,B6,Enterocyte.Progenitor,Hpoly.Day3
B6_GAGGGATGGGACGA_Hpoly.Day3_Enterocyte.Progenitor,B6,Enterocyte.Progenitor,Hpoly.Day3
B6_GAGGTACTATACCG_Hpoly.Day3_Endocrine,B6,Endocrine,Hpoly.Day3
B6_GAGGTTTGTGCACA_Hpoly.Day3_TA.Early,B6,TA.Early,Hpoly.Day3
B6_GAGTCAACGGAAAT_Hpoly.Day3_TA.Early,B6,TA.Early,Hpoly.Day3
B6_GAGTGGGATGAGAA_Hpoly.Day3_Tuft,B6,Tuft,Hpoly.Day3
B6_GATAAGGACTGATG_Hpoly.Day3_Enterocyte,B6,Enterocyte,Hpoly.Day3
B6_GATATATGAATCGC_Hpoly.Day3_Enterocyte,B6,Enterocyte,Hpoly.Day3
B6_GATCCCTGCCACAA_Hpoly.Day3_TA.Early,B6,TA.Early,Hpoly.Day3
B6_GATCCCTGGTTGTG_Hpoly.Day3_TA.Early,B6,TA.Early,Hpoly.Day3
B6_GATCCGCTCAGATC_Hpoly.Day3_TA.Early,B6,TA.Early,Hpoly.Day3
B6_GATCGTGAGGGTGA_Hpoly.Day3_Endocrine,B6,Endocrine,Hpoly.Day3
B6_GATCTTTGTGTAGC_Hpoly.Day3_Enterocyte.Progenitor,B6,Enterocyte.Progenitor,Hpoly.Day3
B6_GATGCATGTCCCAC_Hpoly.Day3_Enterocyte,B6,Enterocyte,Hpoly.Day3
B6_GATTACCTAGGTCT_Hpoly.Day3_Enterocyte,B6,Enterocyte,Hpoly.Day3
B6_GATTACCTCATACG_Hpoly.Day3_Enterocyte,B6,Enterocyte,Hpoly.Day3
B6_GATTACCTTACAGC_Hpoly.Day3_Enterocyte,B6,Enterocyte,Hpoly.Day3
B6_GATTCGGAACACAC_Hpoly.Day3_Goblet,B6,Goblet,Hpoly.Day3
B6_GATTCGGATTGAGC_Hpoly.Day3_Enterocyte.Progenitor,B6,Enterocyte.Progenitor,Hpoly.Day3
B6_GATTGGTGAACGGG_Hpoly.Day3_Goblet,B6,Goblet,Hpoly.Day3
B6_GCACACCTTCCGTC_Hpoly.Day3_Enterocyte,B6,Enterocyte,Hpoly.Day3
B6_GCACCACTACCATG_Hpoly.Day3_Enterocyte.Progenitor,B6,Enterocyte.Progenitor,Hpoly.Day3
B6_GCACCTACATGACC_Hpoly.Day3_TA.Early,B6,TA.Early,Hpoly.Day3
B6_GCACGTCTCTCAGA_Hpoly.Day3_Endocrine,B6,Endocrine,Hpoly.Day3
B6_GCACTGCTTCACCC_Hpoly.Day3_TA.Early,B6,TA.Early,Hpoly.Day3
B6_GCAGCCGAAAGTAG_Hpoly.Day3_TA,B6,TA,Hpoly.Day3
B6_GCAGTTGATTCTTG_Hpoly.Day3_Endocrine,B6,Endocrine,Hpoly.Day3
B6_GCATCAGATTCTGT_Hpoly.Day3_TA.Early,B6,TA.Early,Hpoly.Day3
B6_GCATGTGAGCTTCC_Hpoly.Day3_Enterocyte,B6,Enterocyte,Hpoly.Day3
B6_GCCAAAACTTCTTG_Hpoly.Day3_TA.Early,B6,TA.Early,Hpoly.Day3
B6_GCCAAATGTACAGC_Hpoly.Day3_Stem,B6,Stem,Hpoly.Day3
B6_GCCATCACAGTGTC_Hpoly.Day3_Enterocyte,B6,Enterocyte,Hpoly.Day3
B6_GCCCAGGATAGCCA_Hpoly.Day3_Stem,B6,Stem,Hpoly.Day3
B6_GCCCATACTTTCAC_Hpoly.Day3_TA,B6,TA,Hpoly.Day3
B6_GCCGACGATCTCTA_Hpoly.Day3_Endocrine,B6,Endocrine,Hpoly.Day3
B6_GCCTACACAAGAAC_Hpoly.Day3_Enterocyte.Progenitor,B6,Enterocyte.Progenitor,Hpoly.Day3
B6_GCCTACACGTCTAG_Hpoly.Day3_TA.Early,B6,TA.Early,Hpoly.Day3
B6_GCGAAGGACGCAAT_Hpoly.Day3_Tuft,B6,Tuft,Hpoly.Day3
B6_GCGGACTGACACGT_Hpoly.Day3_TA.Early,B6,TA.Early,Hpoly.Day3
B6_GCGTAAACAACAGA_Hpoly.Day3_Tuft,B6,Tuft,Hpoly.Day3
B6_GCGTATGAGGAAAT_Hpoly.Day3_Tuft,B6,Tuft,Hpoly.Day3
B6_GCTACAGACTCTAT_Hpoly.Day3_Tuft,B6,Tuft,Hpoly.Day3
B6_GCTACCTGGGGCAA_Hpoly.Day3_Stem,B6,Stem,Hpoly.Day3
B6_GCTAGATGAACGGG_Hpoly.Day3_Enterocyte,B6,Enterocyte,Hpoly.Day3
B6_GCTATACTTGGTCA_Hpoly.Day3_TA,B6,TA,Hpoly.Day3
B6_GCTCAGCTTGAAGA_Hpoly.Day3_Enterocyte.Progenitor,B6,Enterocyte.Progenitor,Hpoly.Day3
B6_GCTTAACTAGCTAC_Hpoly.Day3_Goblet,B6,Goblet,Hpoly.Day3
B6_GCTTGAGAACCAAC_Hpoly.Day3_Goblet,B6,Goblet,Hpoly.Day3
B6_GCTTGAGAGGACGA_Hpoly.Day3_Stem,B6,Stem,Hpoly.Day3
B6_GCTTGAGAGGTTAC_Hpoly.Day3_Tuft,B6,Tuft,Hpoly.Day3
B6_GGAAGGACGCATCA_Hpoly.Day3_TA.Early,B6,TA.Early,Hpoly.Day3
B6_GGAATGCTAAGATG_Hpoly.Day3_Stem,B6,Stem,Hpoly.Day3
B6_GGAATGCTTTGTGG_Hpoly.Day3_Enterocyte,B6,Enterocyte,Hpoly.Day3
B6_GGACATTGTGGCAT_Hpoly.Day3_Enterocyte.Progenitor,B6,Enterocyte.Progenitor,Hpoly.Day3
B6_GGACGAGATTCAGG_Hpoly.Day3_Enterocyte.Progenitor,B6,Enterocyte.Progenitor,Hpoly.Day3
B6_GGACGCACTCTACT_Hpoly.Day3_Enterocyte.Progenitor,B6,Enterocyte.Progenitor,Hpoly.Day3
B6_GGACGCTGTCAGAC_Hpoly.Day3_Enterocyte,B6,Enterocyte,Hpoly.Day3
B6_GGAGCAGACTTGGA_Hpoly.Day3_TA,B6,TA,Hpoly.Day3
B6_GGAGGTGAGCCTTC_Hpoly.Day3_Enterocyte.Progenitor,B6,Enterocyte.Progenitor,Hpoly.Day3
B6_GGAGTTTGTAACGC_Hpoly.Day3_Enterocyte,B6,Enterocyte,Hpoly.Day3
B6_GGATACTGGAGGGT_Hpoly.Day3_Enterocyte,B6,Enterocyte,Hpoly.Day3
B6_GGATACTGTAGCCA_Hpoly.Day3_Enterocyte.Progenitor,B6,Enterocyte.Progenitor,Hpoly.Day3
B6_GGATAGCTTGGAAA_Hpoly.Day3_Stem,B6,Stem,Hpoly.Day3
B6_GGATGTTGGTAGCT_Hpoly.Day3_Enterocyte.Progenitor,B6,Enterocyte.Progenitor,Hpoly.Day3
B6_GGCACGTGTCCTAT_Hpoly.Day3_Enterocyte.Progenitor,B6,Enterocyte.Progenitor,Hpoly.Day3
B6_GGCCGATGCGTCTC_Hpoly.Day3_TA,B6,TA,Hpoly.Day3
B6_GGCGACTGCATCAG_Hpoly.Day3_Tuft,B6,Tuft,Hpoly.Day3
B6_GGCGCATGACTTTC_Hpoly.Day3_Stem,B6,Stem,Hpoly.Day3
B6_GGCGCATGCGGAGA_Hpoly.Day3_TA.Early,B6,TA.Early,Hpoly.Day3
B6_GGCTAAACATTTCC_Hpoly.Day3_Enterocyte,B6,Enterocyte,Hpoly.Day3
B6_GGCTAATGGCGAAG_Hpoly.Day3_Enterocyte,B6,Enterocyte,Hpoly.Day3
B6_GGCTACCTTGGAGG_Hpoly.Day3_Enterocyte.Progenitor,B6,Enterocyte.Progenitor,Hpoly.Day3
B6_GGGATGGAAAGAAC_Hpoly.Day3_Enterocyte.Progenitor,B6,Enterocyte.Progenitor,Hpoly.Day3
B6_GGGCAAGAAGAGTA_Hpoly.Day3_Goblet,B6,Goblet,Hpoly.Day3
B6_GGGCCATGGCGATT_Hpoly.Day3_TA.Early,B6,TA.Early,Hpoly.Day3
B6_GGGTAACTCACTGA_Hpoly.Day3_Stem,B6,Stem,Hpoly.Day3
B6_GGGTTAACCCTCAC_Hpoly.Day3_Enterocyte,B6,Enterocyte,Hpoly.Day3
B6_GGGTTATGATTTCC_Hpoly.Day3_Stem,B6,Stem,Hpoly.Day3
B6_GGTACATGCATGGT_Hpoly.Day3_TA.Early,B6,TA.Early,Hpoly.Day3
B6_GGTACTGACAGAAA_Hpoly.Day3_Enterocyte,B6,Enterocyte,Hpoly.Day3
B6_GGTATCGAAGTCTG_Hpoly.Day3_Enterocyte,B6,Enterocyte,Hpoly.Day3
B6_GGTATGACAAGAAC_Hpoly.Day3_TA.Early,B6,TA.Early,Hpoly.Day3
B6_GGTCAAACACACCA_Hpoly.Day3_Enterocyte,B6,Enterocyte,Hpoly.Day3
B6_GGTCAAACCATGAC_Hpoly.Day3_Endocrine,B6,Endocrine,Hpoly.Day3
B6_GGTCAAACGCTGTA_Hpoly.Day3_TA.Early,B6,TA.Early,Hpoly.Day3
B6_GTAATATGCACAAC_Hpoly.Day3_Enterocyte,B6,Enterocyte,Hpoly.Day3
B6_GTACTACTTGCAGT_Hpoly.Day3_Goblet,B6,Goblet,Hpoly.Day3
B6_GTACTTTGGACGGA_Hpoly.Day3_TA.Early,B6,TA.Early,Hpoly.Day3
B6_GTAGCATGTCCTTA_Hpoly.Day3_Enterocyte,B6,Enterocyte,Hpoly.Day3
B6_GTAGGTACGACGAG_Hpoly.Day3_Endocrine,B6,Endocrine,Hpoly.Day3
B6_GTATCTACCGATAC_Hpoly.Day3_Enterocyte.Progenitor,B6,Enterocyte.Progenitor,Hpoly.Day3
B6_GTATTAGAATCTTC_Hpoly.Day3_Stem,B6,Stem,Hpoly.Day3
B6_GTGAACACCTGACA_Hpoly.Day3_TA.Early,B6,TA.Early,Hpoly.Day3
B6_GTGACCCTAGCCAT_Hpoly.Day3_Enterocyte.Progenitor,B6,Enterocyte.Progenitor,Hpoly.Day3
B6_GTGACCCTTTCGCC_Hpoly.Day3_Enterocyte.Progenitor,B6,Enterocyte.Progenitor,Hpoly.Day3
B6_GTGAGGGATGCTGA_Hpoly.Day3_Tuft,B6,Tuft,Hpoly.Day3
B6_GTGCTAGAGTACGT_Hpoly.Day3_Endocrine,B6,Endocrine,Hpoly.Day3
B6_GTGGAGGAGCTATG_Hpoly.Day3_Enterocyte.Progenitor,B6,Enterocyte.Progenitor,Hpoly.Day3
B6_GTGTATCTCTCCAC_Hpoly.Day3_Enterocyte.Progenitor,B6,Enterocyte.Progenitor,Hpoly.Day3
B6_GTTAACCTTGCCCT_Hpoly.Day3_TA.Early,B6,TA.Early,Hpoly.Day3
B6_GTTAGGTGAAACAG_Hpoly.Day3_Stem,B6,Stem,Hpoly.Day3
B6_GTTAGGTGAGCCTA_Hpoly.Day3_Enterocyte,B6,Enterocyte,Hpoly.Day3
B6_GTTAGGTGATTTCC_Hpoly.Day3_Enterocyte.Progenitor,B6,Enterocyte.Progenitor,Hpoly.Day3
B6_GTTATCTGCCCACT_Hpoly.Day3_TA.Early,B6,TA.Early,Hpoly.Day3
B6_GTTCAACTTCCTAT_Hpoly.Day3_Tuft,B6,Tuft,Hpoly.Day3
B6_GTTCAACTTTTCTG_Hpoly.Day3_Stem,B6,Stem,Hpoly.Day3
B6_GTTCATACCAGGAG_Hpoly.Day3_Enterocyte,B6,Enterocyte,Hpoly.Day3
B6_GTTCATACTGACTG_Hpoly.Day3_Endocrine,B6,Endocrine,Hpoly.Day3
B6_TAAAGACTCTTCTA_Hpoly.Day3_Tuft,B6,Tuft,Hpoly.Day3
B6_TAACAATGACACTG_Hpoly.Day3_Enterocyte.Progenitor,B6,Enterocyte.Progenitor,Hpoly.Day3
B6_TAACAATGATCGAC_Hpoly.Day3_Enterocyte.Progenitor,B6,Enterocyte.Progenitor,Hpoly.Day3
B6_TAACACCTTGCAGT_Hpoly.Day3_Enterocyte.Progenitor,B6,Enterocyte.Progenitor,Hpoly.Day3
B6_TAACGTCTAACGTC_Hpoly.Day3_Enterocyte,B6,Enterocyte,Hpoly.Day3
B6_TAACGTCTGGTTTG_Hpoly.Day3_TA.Early,B6,TA.Early,Hpoly.Day3
B6_TAACTCACTGTTCT_Hpoly.Day3_Goblet,B6,Goblet,Hpoly.Day3
B6_TAAGATACATTCTC_Hpoly.Day3_Tuft,B6,Tuft,Hpoly.Day3
B6_TAATCCACTGTTTC_Hpoly.Day3_Enterocyte,B6,Enterocyte,Hpoly.Day3
B6_TAATCGCTCGACAT_Hpoly.Day3_TA,B6,TA,Hpoly.Day3
B6_TACATAGAAGCATC_Hpoly.Day3_Enterocyte,B6,Enterocyte,Hpoly.Day3
B6_TACCATTGTTCGTT_Hpoly.Day3_Goblet,B6,Goblet,Hpoly.Day3
B6_TACCGAGAGAGACG_Hpoly.Day3_Stem,B6,Stem,Hpoly.Day3
B6_TACGAGTGTGCTCC_Hpoly.Day3_Enterocyte,B6,Enterocyte,Hpoly.Day3
B6_TACGCAGACCAATG_Hpoly.Day3_Enterocyte.Progenitor,B6,Enterocyte.Progenitor,Hpoly.Day3
B6_TACGCCACCTGTCC_Hpoly.Day3_Stem,B6,Stem,Hpoly.Day3
B6_TACGCGCTCTCCCA_Hpoly.Day3_TA.Early,B6,TA.Early,Hpoly.Day3
B6_TACGTACTGGTCAT_Hpoly.Day3_TA,B6,TA,Hpoly.Day3
B6_TACGTACTGTTAGC_Hpoly.Day3_Enterocyte,B6,Enterocyte,Hpoly.Day3
B6_TACGTTACCTGCAA_Hpoly.Day3_TA.Early,B6,TA.Early,Hpoly.Day3
B6_TACTCAACGGTGTT_Hpoly.Day3_TA.Early,B6,TA.Early,Hpoly.Day3
B6_TACTGTTGTTCTAC_Hpoly.Day3_Tuft,B6,Tuft,Hpoly.Day3
B6_TACTTTCTGAGAGC_Hpoly.Day3_Enterocyte.Progenitor,B6,Enterocyte.Progenitor,Hpoly.Day3
B6_TACTTTCTGGTGGA_Hpoly.Day3_TA.Early,B6,TA.Early,Hpoly.Day3
B6_TACTTTCTTTCTAC_Hpoly.Day3_TA.Early,B6,TA.Early,Hpoly.Day3
B6_TAGACGTGAGCATC_Hpoly.Day3_TA.Early,B6,TA.Early,Hpoly.Day3
B6_TAGAGCACCTGTGA_Hpoly.Day3_Endocrine,B6,Endocrine,Hpoly.Day3
B6_TAGATTGACTGAGT_Hpoly.Day3_TA.Early,B6,TA.Early,Hpoly.Day3
B6_TAGGCAACTCGATG_Hpoly.Day3_Enterocyte.Progenitor,B6,Enterocyte.Progenitor,Hpoly.Day3
B6_TAGGTCGAGCGAGA_Hpoly.Day3_Tuft,B6,Tuft,Hpoly.Day3
B6_TAGGTGACGTGTAC_Hpoly.Day3_TA.Early,B6,TA.Early,Hpoly.Day3
B6_TAGGTTCTTGTAGC_Hpoly.Day3_TA.Early,B6,TA.Early,Hpoly.Day3
B6_TAGTAATGAAAAGC_Hpoly.Day3_Enterocyte,B6,Enterocyte,Hpoly.Day3
B6_TAGTAATGAGAATG_Hpoly.Day3_TA,B6,TA,Hpoly.Day3
B6_TAGTACCTCGTTAG_Hpoly.Day3_Endocrine,B6,Endocrine,Hpoly.Day3
B6_TAGTATGACGTAGT_Hpoly.Day3_Endocrine,B6,Endocrine,Hpoly.Day3
B6_TAGTCGGATTTGTC_Hpoly.Day3_Enterocyte.Progenitor,B6,Enterocyte.Progenitor,Hpoly.Day3
B6_TAGTCTTGGTTAGC_Hpoly.Day3_Stem,B6,Stem,Hpoly.Day3
B6_TAGTTCACACAGTC_Hpoly.Day3_Stem,B6,Stem,Hpoly.Day3
B6_TATACAGAGCATCA_Hpoly.Day3_Enterocyte.Progenitor,B6,Enterocyte.Progenitor,Hpoly.Day3
B6_TATAGATGCCTATT_Hpoly.Day3_Stem,B6,Stem,Hpoly.Day3
B6_TATAGATGGCGTTA_Hpoly.Day3_Enterocyte,B6,Enterocyte,Hpoly.Day3
B6_TATCAAGATCACGA_Hpoly.Day3_Goblet,B6,Goblet,Hpoly.Day3
B6_TATCAAGATTGAGC_Hpoly.Day3_TA.Early,B6,TA.Early,Hpoly.Day3
B6_TATCAGCTGGATTC_Hpoly.Day3_Enterocyte,B6,Enterocyte,Hpoly.Day3
B6_TATCGTACATTCCT_Hpoly.Day3_Enterocyte.Progenitor,B6,Enterocyte.Progenitor,Hpoly.Day3
B6_TATCTCGACGTAGT_Hpoly.Day3_Stem,B6,Stem,Hpoly.Day3
B6_TATGCGGAGGGATG_Hpoly.Day3_Enterocyte.Progenitor,B6,Enterocyte.Progenitor,Hpoly.Day3
B6_TATGGGACGTTCGA_Hpoly.Day3_Tuft,B6,Tuft,Hpoly.Day3
B6_TATGGTCTCATGCA_Hpoly.Day3_Tuft,B6,Tuft,Hpoly.Day3
B6_TATGTCTGAGCTCA_Hpoly.Day3_Enterocyte,B6,Enterocyte,Hpoly.Day3
B6_TCAACACTCCGTAA_Hpoly.Day3_Endocrine,B6,Endocrine,Hpoly.Day3
B6_TCACAACTGAGATA_Hpoly.Day3_TA.Early,B6,TA.Early,Hpoly.Day3
B6_TCACAACTGTTCGA_Hpoly.Day3_TA.Early,B6,TA.Early,Hpoly.Day3
B6_TCACCCGACGTAAC_Hpoly.Day3_Enterocyte.Progenitor,B6,Enterocyte.Progenitor,Hpoly.Day3
B6_TCACCTCTACTGGT_Hpoly.Day3_Enterocyte.Progenitor,B6,Enterocyte.Progenitor,Hpoly.Day3
B6_TCACCTCTTGGGAG_Hpoly.Day3_Enterocyte,B6,Enterocyte,Hpoly.Day3
B6_TCAGACGAAGGTCT_Hpoly.Day3_Enterocyte,B6,Enterocyte,Hpoly.Day3
B6_TCAGCAGATAACCG_Hpoly.Day3_Enterocyte.Progenitor,B6,Enterocyte.Progenitor,Hpoly.Day3
B6_TCAGTACTATCAGC_Hpoly.Day3_Stem,B6,Stem,Hpoly.Day3
B6_TCATCAACCAAGCT_Hpoly.Day3_TA.Early,B6,TA.Early,Hpoly.Day3
B6_TCATGTACAGGCGA_Hpoly.Day3_TA.Early,B6,TA.Early,Hpoly.Day3
B6_TCATGTACGGTACT_Hpoly.Day3_Enterocyte,B6,Enterocyte,Hpoly.Day3
B6_TCATTGACAATGCC_Hpoly.Day3_Goblet,B6,Goblet,Hpoly.Day3
B6_TCCACGTGCGAGAG_Hpoly.Day3_TA.Early,B6,TA.Early,Hpoly.Day3
B6_TCCACTCTTTCATC_Hpoly.Day3_Enterocyte,B6,Enterocyte,Hpoly.Day3
B6_TCCATAACCATGGT_Hpoly.Day3_Enterocyte,B6,Enterocyte,Hpoly.Day3
B6_TCCATCCTAGTCGT_Hpoly.Day3_Enterocyte.Progenitor,B6,Enterocyte.Progenitor,Hpoly.Day3
B6_TCCCATCTTCGACA_Hpoly.Day3_Enterocyte,B6,Enterocyte,Hpoly.Day3
B6_TCCCGAACATCTTC_Hpoly.Day3_Enterocyte,B6,Enterocyte,Hpoly.Day3
B6_TCCCGAACTGTGGT_Hpoly.Day3_Enterocyte.Progenitor,B6,Enterocyte.Progenitor,Hpoly.Day3
B6_TCCCGATGCTGATG_Hpoly.Day3_Enterocyte,B6,Enterocyte,Hpoly.Day3
B6_TCCCGATGGGCAAG_Hpoly.Day3_Enterocyte.Progenitor,B6,Enterocyte.Progenitor,Hpoly.Day3
B6_TCCGAGCTCCTCGT_Hpoly.Day3_TA.Early,B6,TA.Early,Hpoly.Day3
B6_TCCTAAACTGCACA_Hpoly.Day3_Enterocyte,B6,Enterocyte,Hpoly.Day3
B6_TCGAATCTTTCCCG_Hpoly.Day3_TA,B6,TA,Hpoly.Day3
B6_TCGACCTGCTCTAT_Hpoly.Day3_Enterocyte.Progenitor,B6,Enterocyte.Progenitor,Hpoly.Day3
B6_TCGAGCCTACACGT_Hpoly.Day3_Stem,B6,Stem,Hpoly.Day3
B6_TCGCACACCTAAGC_Hpoly.Day3_Tuft,B6,Tuft,Hpoly.Day3
B6_TCGCACTGTCTGGA_Hpoly.Day3_Goblet,B6,Goblet,Hpoly.Day3
B6_TCGGACCTCATCAG_Hpoly.Day3_Tuft,B6,Tuft,Hpoly.Day3
B6_TCGGTAGAGATACC_Hpoly.Day3_TA,B6,TA,Hpoly.Day3
B6_TCTAACTGAAACAG_Hpoly.Day3_TA.Early,B6,TA.Early,Hpoly.Day3
B6_TCTAGTTGCTGTGA_Hpoly.Day3_TA.Early,B6,TA.Early,Hpoly.Day3
B6_TCTATGTGTGGCAT_Hpoly.Day3_Stem,B6,Stem,Hpoly.Day3
B6_TCTCCACTGATACC_Hpoly.Day3_Enterocyte.Progenitor,B6,Enterocyte.Progenitor,Hpoly.Day3
B6_TGAAATTGGAGCTT_Hpoly.Day3_Tuft,B6,Tuft,Hpoly.Day3
B6_TGAACCGAACGTAC_Hpoly.Day3_Goblet,B6,Goblet,Hpoly.Day3
B6_TGAACCGACGCCTT_Hpoly.Day3_TA.Early,B6,TA.Early,Hpoly.Day3
B6_TGACGATGTAGCGT_Hpoly.Day3_TA,B6,TA,Hpoly.Day3
B6_TGACTGGAACCCAA_Hpoly.Day3_Enterocyte.Progenitor,B6,Enterocyte.Progenitor,Hpoly.Day3
B6_TGAGGACTTGTCAG_Hpoly.Day3_Stem,B6,Stem,Hpoly.Day3
B6_TGATCGGATGTTTC_Hpoly.Day3_TA.Early,B6,TA.Early,Hpoly.Day3
B6_TGCAATCTCTGTGA_Hpoly.Day3_TA.Early,B6,TA.Early,Hpoly.Day3
B6_TGCCAGCTGCAAGG_Hpoly.Day3_Endocrine,B6,Endocrine,Hpoly.Day3
B6_TGCGAAACGGAACG_Hpoly.Day3_Enterocyte,B6,Enterocyte,Hpoly.Day3
B6_TGCGCACTAGCACT_Hpoly.Day3_Endocrine,B6,Endocrine,Hpoly.Day3
B6_TGCTAGGAAACCAC_Hpoly.Day3_Stem,B6,Stem,Hpoly.Day3
B6_TGCTGAGATGATGC_Hpoly.Day3_Endocrine,B6,Endocrine,Hpoly.Day3
B6_TGGAACACATGACC_Hpoly.Day3_Tuft,B6,Tuft,Hpoly.Day3
B6_TGGAACTGACAGCT_Hpoly.Day3_Enterocyte.Progenitor,B6,Enterocyte.Progenitor,Hpoly.Day3
B6_TGGAACTGGCGGAA_Hpoly.Day3_Enterocyte.Progenitor,B6,Enterocyte.Progenitor,Hpoly.Day3
B6_TGGATCGACACACA_Hpoly.Day3_Enterocyte,B6,Enterocyte,Hpoly.Day3
B6_TGGATCGACATGAC_Hpoly.Day3_Goblet,B6,Goblet,Hpoly.Day3
B6_TGGATGTGACGCTA_Hpoly.Day3_Endocrine,B6,Endocrine,Hpoly.Day3
B6_TGGCACCTAGCGTT_Hpoly.Day3_Endocrine,B6,Endocrine,Hpoly.Day3
B6_TGGCACCTGAATCC_Hpoly.Day3_Endocrine,B6,Endocrine,Hpoly.Day3
B6_TGGTACGATAGAGA_Hpoly.Day3_Stem,B6,Stem,Hpoly.Day3
B6_TGGTAGACGTCCTC_Hpoly.Day3_TA.Early,B6,TA.Early,Hpoly.Day3
B6_TGGTAGTGTGGATC_Hpoly.Day3_TA.Early,B6,TA.Early,Hpoly.Day3
B6_TGTAGGTGTGGATC_Hpoly.Day3_Tuft,B6,Tuft,Hpoly.Day3
B6_TGTGATCTCCGAAT_Hpoly.Day3_Enterocyte.Progenitor,B6,Enterocyte.Progenitor,Hpoly.Day3
B6_TGTGATCTTGCACA_Hpoly.Day3_Goblet,B6,Goblet,Hpoly.Day3
B6_TGTGGATGAAACGA_Hpoly.Day3_Enterocyte.Progenitor,B6,Enterocyte.Progenitor,Hpoly.Day3
B6_TGTGGATGTGTTTC_Hpoly.Day3_TA.Early,B6,TA.Early,Hpoly.Day3
B6_TGTGGATGTTCTAC_Hpoly.Day3_TA.Early,B6,TA.Early,Hpoly.Day3
B6_TGTTACTGCGCCTT_Hpoly.Day3_Stem,B6,Stem,Hpoly.Day3
B6_TGTTACTGTAACGC_Hpoly.Day3_TA.Early,B6,TA.Early,Hpoly.Day3
B6_TTACAGCTCCTCCA_Hpoly.Day3_Enterocyte,B6,Enterocyte,Hpoly.Day3
B6_TTACAGCTGCAAGG_Hpoly.Day3_TA.Early,B6,TA.Early,Hpoly.Day3
B6_TTAGAATGGGTGGA_Hpoly.Day3_Enterocyte.Progenitor,B6,Enterocyte.Progenitor,Hpoly.Day3
B6_TTAGGGACGTACGT_Hpoly.Day3_Endocrine,B6,Endocrine,Hpoly.Day3
B6_TTAGGTCTTTCAGG_Hpoly.Day3_Enterocyte,B6,Enterocyte,Hpoly.Day3
B6_TTAGTCACGGGACA_Hpoly.Day3_Endocrine,B6,Endocrine,Hpoly.Day3
B6_TTATGCACATCACG_Hpoly.Day3_TA.Early,B6,TA.Early,Hpoly.Day3
B6_TTATTCCTTCGCTC_Hpoly.Day3_Endocrine,B6,Endocrine,Hpoly.Day3
B6_TTCACCCTATTCTC_Hpoly.Day3_Enterocyte,B6,Enterocyte,Hpoly.Day3
B6_TTCACCCTCTGTCC_Hpoly.Day3_Stem,B6,Stem,Hpoly.Day3
B6_TTCACCCTTCCTCG_Hpoly.Day3_TA.Early,B6,TA.Early,Hpoly.Day3
B6_TTCAGTTGATAAGG_Hpoly.Day3_Endocrine,B6,Endocrine,Hpoly.Day3
B6_TTCAGTTGGTAAAG_Hpoly.Day3_TA.Early,B6,TA.Early,Hpoly.Day3
B6_TTCATTCTGCCCTT_Hpoly.Day3_Stem,B6,Stem,Hpoly.Day3
B6_TTCCAAACGTAAAG_Hpoly.Day3_TA.Early,B6,TA.Early,Hpoly.Day3
B6_TTCCCACTTTACTC_Hpoly.Day3_Enterocyte.Progenitor,B6,Enterocyte.Progenitor,Hpoly.Day3
B6_TTCCTAGACGTACA_Hpoly.Day3_Enterocyte,B6,Enterocyte,Hpoly.Day3
B6_TTCCTAGACTGTTT_Hpoly.Day3_TA.Early,B6,TA.Early,Hpoly.Day3
B6_TTCGATTGGACACT_Hpoly.Day3_Enterocyte.Progenitor,B6,Enterocyte.Progenitor,Hpoly.Day3
B6_TTCGGAGAGCAGTT_Hpoly.Day3_Enterocyte,B6,Enterocyte,Hpoly.Day3
B6_TTCTACGACTCCCA_Hpoly.Day3_Enterocyte.Progenitor,B6,Enterocyte.Progenitor,Hpoly.Day3
B6_TTCTGATGGTCTGA_Hpoly.Day3_TA.Early,B6,TA.Early,Hpoly.Day3
B6_TTCTGATGTACGCA_Hpoly.Day3_Enterocyte,B6,Enterocyte,Hpoly.Day3
B6_TTCTGATGTCGCCT_Hpoly.Day3_TA.Early,B6,TA.Early,Hpoly.Day3
B6_TTGAGGACACTTTC_Hpoly.Day3_Enterocyte,B6,Enterocyte,Hpoly.Day3
B6_TTGAGGACGCCCTT_Hpoly.Day3_Enterocyte.Progenitor,B6,Enterocyte.Progenitor,Hpoly.Day3
B6_TTGAGGACGCTGAT_Hpoly.Day3_TA.Early,B6,TA.Early,Hpoly.Day3
B6_TTGATCTGAACGTC_Hpoly.Day3_Goblet,B6,Goblet,Hpoly.Day3
B6_TTGGAGACGTAAAG_Hpoly.Day3_TA.Early,B6,TA.Early,Hpoly.Day3
B6_TTGGGAACCACAAC_Hpoly.Day3_TA.Early,B6,TA.Early,Hpoly.Day3
B6_TTGGGAACTGTCGA_Hpoly.Day3_Enterocyte,B6,Enterocyte,Hpoly.Day3
B6_TTGTACACATGACC_Hpoly.Day3_Stem,B6,Stem,Hpoly.Day3
B6_TTGTCATGAGCCTA_Hpoly.Day3_Stem,B6,Stem,Hpoly.Day3
B6_TTTAGCTGGAGGAC_Hpoly.Day3_Endocrine,B6,Endocrine,Hpoly.Day3
B6_TTTAGGCTCACACA_Hpoly.Day3_Tuft,B6,Tuft,Hpoly.Day3
B6_TTTCACGAAGTGCT_Hpoly.Day3_Enterocyte,B6,Enterocyte,Hpoly.Day3
B7_AAACATACCACTGA_Hpoly.Day10_TA.Early,B7,TA.Early,Hpoly.Day10
B7_AAACATACTGACTG_Hpoly.Day10_TA.Early,B7,TA.Early,Hpoly.Day10
B7_AAACGCACCTCCCA_Hpoly.Day10_Tuft,B7,Tuft,Hpoly.Day10
B7_AAACTTGACTTAGG_Hpoly.Day10_Stem,B7,Stem,Hpoly.Day10
B7_AAAGCAGAACGCTA_Hpoly.Day10_TA,B7,TA,Hpoly.Day10
B7_AAAGCAGAATAAGG_Hpoly.Day10_Enterocyte.Progenitor,B7,Enterocyte.Progenitor,Hpoly.Day10
B7_AAAGCAGAGGATCT_Hpoly.Day10_Enterocyte.Progenitor,B7,Enterocyte.Progenitor,Hpoly.Day10
B7_AAAGCCTGAGCGGA_Hpoly.Day10_Stem,B7,Stem,Hpoly.Day10
B7_AAAGCCTGGCAGTT_Hpoly.Day10_Stem,B7,Stem,Hpoly.Day10
B7_AAAGCCTGTGCCCT_Hpoly.Day10_Stem,B7,Stem,Hpoly.Day10
B7_AAAGGCCTAACAGA_Hpoly.Day10_Tuft,B7,Tuft,Hpoly.Day10
B7_AAAGGCCTCGTGTA_Hpoly.Day10_Stem,B7,Stem,Hpoly.Day10
B7_AAAGTTTGATACCG_Hpoly.Day10_Enterocyte.Progenitor,B7,Enterocyte.Progenitor,Hpoly.Day10
B7_AAATACTGTTCTTG_Hpoly.Day10_Enterocyte.Progenitor,B7,Enterocyte.Progenitor,Hpoly.Day10
B7_AAATCAACACACCA_Hpoly.Day10_Enterocyte.Progenitor,B7,Enterocyte.Progenitor,Hpoly.Day10
B7_AAATCATGGGTGAG_Hpoly.Day10_Enterocyte.Progenitor,B7,Enterocyte.Progenitor,Hpoly.Day10
B7_AAATCCCTAAGCCT_Hpoly.Day10_Goblet,B7,Goblet,Hpoly.Day10
B7_AAATCCCTTGTTCT_Hpoly.Day10_Enterocyte,B7,Enterocyte,Hpoly.Day10
B7_AAATGGGATACTTC_Hpoly.Day10_Enterocyte.Progenitor,B7,Enterocyte.Progenitor,Hpoly.Day10
B7_AACAAACTTGATGC_Hpoly.Day10_Stem,B7,Stem,Hpoly.Day10
B7_AACAATACCGAGTT_Hpoly.Day10_Enterocyte.Progenitor,B7,Enterocyte.Progenitor,Hpoly.Day10
B7_AACAGAGACCCACT_Hpoly.Day10_Enterocyte.Progenitor,B7,Enterocyte.Progenitor,Hpoly.Day10
B7_AACAGAGAGGAGGT_Hpoly.Day10_Enterocyte,B7,Enterocyte,Hpoly.Day10
B7_AACATATGCTGTGA_Hpoly.Day10_Stem,B7,Stem,Hpoly.Day10
B7_AACATATGGGAGTG_Hpoly.Day10_Stem,B7,Stem,Hpoly.Day10
B7_AACCACGAAGCACT_Hpoly.Day10_Enterocyte.Progenitor,B7,Enterocyte.Progenitor,Hpoly.Day10
B7_AACCAGTGGTATCG_Hpoly.Day10_Goblet,B7,Goblet,Hpoly.Day10
B7_AACCCAGAAAGATG_Hpoly.Day10_Tuft,B7,Tuft,Hpoly.Day10
B7_AACCGATGTGCTGA_Hpoly.Day10_TA.Early,B7,TA.Early,Hpoly.Day10
B7_AACCGCCTATGGTC_Hpoly.Day10_TA.Early,B7,TA.Early,Hpoly.Day10
B7_AACGCATGAGCTAC_Hpoly.Day10_Stem,B7,Stem,Hpoly.Day10
B7_AACTACCTCATTGG_Hpoly.Day10_Tuft,B7,Tuft,Hpoly.Day10
B7_AACTCACTTTGACG_Hpoly.Day10_Enterocyte.Progenitor,B7,Enterocyte.Progenitor,Hpoly.Day10
B7_AACTCTTGTTCCAT_Hpoly.Day10_Stem,B7,Stem,Hpoly.Day10
B7_AACTGTCTCTACGA_Hpoly.Day10_Enterocyte.Progenitor,B7,Enterocyte.Progenitor,Hpoly.Day10
B7_AAGAACGACTTGTT_Hpoly.Day10_Goblet,B7,Goblet,Hpoly.Day10
B7_AAGAATCTATTCCT_Hpoly.Day10_Stem,B7,Stem,Hpoly.Day10
B7_AAGAATCTCATTTC_Hpoly.Day10_Enterocyte,B7,Enterocyte,Hpoly.Day10
B7_AAGACAGAAGGCGA_Hpoly.Day10_TA,B7,TA,Hpoly.Day10
B7_AAGATTACGCCATA_Hpoly.Day10_Tuft,B7,Tuft,Hpoly.Day10
B7_AAGCACTGTCACCC_Hpoly.Day10_TA.Early,B7,TA.Early,Hpoly.Day10
B7_AAGCCATGAACTGC_Hpoly.Day10_Goblet,B7,Goblet,Hpoly.Day10
B7_AAGCCATGCCGTAA_Hpoly.Day10_Goblet,B7,Goblet,Hpoly.Day10
B7_AAGCCTGAATACCG_Hpoly.Day10_Stem,B7,Stem,Hpoly.Day10
B7_AAGCCTGATTCGGA_Hpoly.Day10_Enterocyte,B7,Enterocyte,Hpoly.Day10
B7_AAGGCTTGTCCCGT_Hpoly.Day10_TA.Early,B7,TA.Early,Hpoly.Day10
B7_AAGGTCACTTCAGG_Hpoly.Day10_Stem,B7,Stem,Hpoly.Day10
B7_AAGTAGGAAAGAGT_Hpoly.Day10_TA.Early,B7,TA.Early,Hpoly.Day10
B7_AAGTAGGACTAGAC_Hpoly.Day10_TA.Early,B7,TA.Early,Hpoly.Day10
B7_AAGTATACTGCCAA_Hpoly.Day10_Stem,B7,Stem,Hpoly.Day10
B7_AAGTATACTTTGGG_Hpoly.Day10_Stem,B7,Stem,Hpoly.Day10
B7_AAGTCTCTTCTTCA_Hpoly.Day10_Goblet,B7,Goblet,Hpoly.Day10
B7_AAGTGCACGAACTC_Hpoly.Day10_Stem,B7,Stem,Hpoly.Day10
B7_AAGTGGCTACGCTA_Hpoly.Day10_Stem,B7,Stem,Hpoly.Day10
B7_AAGTGGCTGGAAGC_Hpoly.Day10_Stem,B7,Stem,Hpoly.Day10
B7_AAGTTCCTATTCCT_Hpoly.Day10_Tuft,B7,Tuft,Hpoly.Day10
B7_AAGTTCCTCCGAAT_Hpoly.Day10_Enterocyte.Progenitor,B7,Enterocyte.Progenitor,Hpoly.Day10
B7_AAGTTCCTCCTTCG_Hpoly.Day10_Goblet,B7,Goblet,Hpoly.Day10
B7_AATAACACCCTATT_Hpoly.Day10_TA,B7,TA,Hpoly.Day10
B7_AATATCGAGTTACG_Hpoly.Day10_Enterocyte.Progenitor,B7,Enterocyte.Progenitor,Hpoly.Day10
B7_AATCAAACCGTACA_Hpoly.Day10_Goblet,B7,Goblet,Hpoly.Day10
B7_AATCCGGAACTGGT_Hpoly.Day10_Enterocyte.Progenitor,B7,Enterocyte.Progenitor,Hpoly.Day10
B7_AATCTAGACGTACA_Hpoly.Day10_Tuft,B7,Tuft,Hpoly.Day10
B7_AATCTAGAGGTATC_Hpoly.Day10_Endocrine,B7,Endocrine,Hpoly.Day10
B7_AATCTAGATTTGGG_Hpoly.Day10_Enterocyte,B7,Enterocyte,Hpoly.Day10
B7_AATCTCACAGTCAC_Hpoly.Day10_Stem,B7,Stem,Hpoly.Day10
B7_AATGAGGAAAAACG_Hpoly.Day10_Tuft,B7,Tuft,Hpoly.Day10
B7_AATGAGGATCTCTA_Hpoly.Day10_Stem,B7,Stem,Hpoly.Day10
B7_AATGATACTATTCC_Hpoly.Day10_TA,B7,TA,Hpoly.Day10
B7_AATGATACTCTCAT_Hpoly.Day10_Enterocyte.Progenitor,B7,Enterocyte.Progenitor,Hpoly.Day10
B7_AATGCGTGTGCACA_Hpoly.Day10_Tuft,B7,Tuft,Hpoly.Day10
B7_AATGGAGACCTCGT_Hpoly.Day10_Tuft,B7,Tuft,Hpoly.Day10
B7_AATGTAACTCTCAT_Hpoly.Day10_Enterocyte.Progenitor,B7,Enterocyte.Progenitor,Hpoly.Day10
B7_AATTACGAGATGAA_Hpoly.Day10_Goblet,B7,Goblet,Hpoly.Day10
B7_AATTCCTGCGTTAG_Hpoly.Day10_TA,B7,TA,Hpoly.Day10
B7_AATTGATGGTGCAT_Hpoly.Day10_Endocrine,B7,Endocrine,Hpoly.Day10
B7_AATTGATGTTTCTG_Hpoly.Day10_Stem,B7,Stem,Hpoly.Day10
B7_AATTGATGTTTGTC_Hpoly.Day10_Enterocyte,B7,Enterocyte,Hpoly.Day10
B7_AATTGTGACTTACT_Hpoly.Day10_Enterocyte.Progenitor,B7,Enterocyte.Progenitor,Hpoly.Day10
B7_ACAAATTGGCCAAT_Hpoly.Day10_TA.Early,B7,TA.Early,Hpoly.Day10
B7_ACAACCGACGCAAT_Hpoly.Day10_TA,B7,TA,Hpoly.Day10
B7_ACAACCGATGAGGG_Hpoly.Day10_Stem,B7,Stem,Hpoly.Day10
B7_ACAAGAGAACCACA_Hpoly.Day10_TA,B7,TA,Hpoly.Day10
B7_ACAAGAGACTACTT_Hpoly.Day10_Enterocyte,B7,Enterocyte,Hpoly.Day10
B7_ACAAGAGAGACGAG_Hpoly.Day10_Tuft,B7,Tuft,Hpoly.Day10
B7_ACAAGCACAAGGGC_Hpoly.Day10_Enterocyte.Progenitor,B7,Enterocyte.Progenitor,Hpoly.Day10
B7_ACAATAACGGTAGG_Hpoly.Day10_Enterocyte.Progenitor,B7,Enterocyte.Progenitor,Hpoly.Day10
B7_ACAATAACTAGAGA_Hpoly.Day10_Endocrine,B7,Endocrine,Hpoly.Day10
B7_ACACAGACCCTCCA_Hpoly.Day10_Goblet,B7,Goblet,Hpoly.Day10
B7_ACACATCTATCGAC_Hpoly.Day10_Enterocyte.Progenitor,B7,Enterocyte.Progenitor,Hpoly.Day10
B7_ACACCAGATGACCA_Hpoly.Day10_Tuft,B7,Tuft,Hpoly.Day10
B7_ACACGATGATACCG_Hpoly.Day10_TA.Early,B7,TA.Early,Hpoly.Day10
B7_ACACGATGTCTCGC_Hpoly.Day10_Stem,B7,Stem,Hpoly.Day10
B7_ACACGTGAAAGCCT_Hpoly.Day10_Enterocyte.Progenitor,B7,Enterocyte.Progenitor,Hpoly.Day10
B7_ACAGACACGCTTAG_Hpoly.Day10_TA.Early,B7,TA.Early,Hpoly.Day10
B7_ACAGGTACCTCAGA_Hpoly.Day10_Tuft,B7,Tuft,Hpoly.Day10
B7_ACAGTCGATCTTAC_Hpoly.Day10_TA.Early,B7,TA.Early,Hpoly.Day10
B7_ACAGTGACAGAATG_Hpoly.Day10_Tuft,B7,Tuft,Hpoly.Day10
B7_ACAGTGACTCTCGC_Hpoly.Day10_Enterocyte.Progenitor,B7,Enterocyte.Progenitor,Hpoly.Day10
B7_ACAGTGTGTCCTTA_Hpoly.Day10_Stem,B7,Stem,Hpoly.Day10
B7_ACAGTTCTCCTAAG_Hpoly.Day10_Tuft,B7,Tuft,Hpoly.Day10
B7_ACATACCTCGTTAG_Hpoly.Day10_Stem,B7,Stem,Hpoly.Day10
B7_ACATACCTCTGAAC_Hpoly.Day10_Stem,B7,Stem,Hpoly.Day10
B7_ACATACCTCTGGAT_Hpoly.Day10_Tuft,B7,Tuft,Hpoly.Day10
B7_ACATACCTGCTACA_Hpoly.Day10_TA.Early,B7,TA.Early,Hpoly.Day10
B7_ACCAACGATCCGAA_Hpoly.Day10_Enterocyte.Progenitor,B7,Enterocyte.Progenitor,Hpoly.Day10
B7_ACCACCTGAGTGTC_Hpoly.Day10_Stem,B7,Stem,Hpoly.Day10
B7_ACCAGCCTACCATG_Hpoly.Day10_TA.Early,B7,TA.Early,Hpoly.Day10
B7_ACCAGCCTCATGCA_Hpoly.Day10_TA.Early,B7,TA.Early,Hpoly.Day10
B7_ACCAGCCTTGAACC_Hpoly.Day10_Stem,B7,Stem,Hpoly.Day10
B7_ACCATTACTGCAGT_Hpoly.Day10_Stem,B7,Stem,Hpoly.Day10
B7_ACCCAAGATTCTAC_Hpoly.Day10_Tuft,B7,Tuft,Hpoly.Day10
B7_ACCCGTTGAATCGC_Hpoly.Day10_Enterocyte.Progenitor,B7,Enterocyte.Progenitor,Hpoly.Day10
B7_ACCGCGGAGTTCGA_Hpoly.Day10_TA.Early,B7,TA.Early,Hpoly.Day10
B7_ACCGCGGATCGTAG_Hpoly.Day10_Goblet,B7,Goblet,Hpoly.Day10
B7_ACCGCGGATCTCAT_Hpoly.Day10_TA,B7,TA,Hpoly.Day10
B7_ACCGCGGATTCACT_Hpoly.Day10_TA.Early,B7,TA.Early,Hpoly.Day10
B7_ACCGTGCTAGCGTT_Hpoly.Day10_TA.Early,B7,TA.Early,Hpoly.Day10
B7_ACCTATTGGAGGTG_Hpoly.Day10_Stem,B7,Stem,Hpoly.Day10
B7_ACCTATTGTAGTCG_Hpoly.Day10_Enterocyte.Progenitor,B7,Enterocyte.Progenitor,Hpoly.Day10
B7_ACCTCGTGTGAACC_Hpoly.Day10_TA,B7,TA,Hpoly.Day10
B7_ACCTGAGACACACA_Hpoly.Day10_Enterocyte.Progenitor,B7,Enterocyte.Progenitor,Hpoly.Day10
B7_ACCTGAGATTCAGG_Hpoly.Day10_TA.Early,B7,TA.Early,Hpoly.Day10
B7_ACGAACTGCAGAGG_Hpoly.Day10_TA,B7,TA,Hpoly.Day10
B7_ACGAACTGGTAGCT_Hpoly.Day10_Stem,B7,Stem,Hpoly.Day10
B7_ACGAACTGGTCAAC_Hpoly.Day10_Tuft,B7,Tuft,Hpoly.Day10
B7_ACGACAACTCTTTG_Hpoly.Day10_Stem,B7,Stem,Hpoly.Day10
B7_ACGAGTACGCATAC_Hpoly.Day10_TA.Early,B7,TA.Early,Hpoly.Day10
B7_ACGAGTACGCTGAT_Hpoly.Day10_TA,B7,TA,Hpoly.Day10
B7_ACGCAATGTATGCG_Hpoly.Day10_Endocrine,B7,Endocrine,Hpoly.Day10
B7_ACGCACCTCCTCCA_Hpoly.Day10_Stem,B7,Stem,Hpoly.Day10
B7_ACGCCACTGTCATG_Hpoly.Day10_Goblet,B7,Goblet,Hpoly.Day10
B7_ACGCCTTGCATGCA_Hpoly.Day10_Goblet,B7,Goblet,Hpoly.Day10
B7_ACGCGGTGTAAAGG_Hpoly.Day10_Enterocyte,B7,Enterocyte,Hpoly.Day10
B7_ACGCTCACCGACAT_Hpoly.Day10_TA.Early,B7,TA.Early,Hpoly.Day10
B7_ACGCTCACGTTGCA_Hpoly.Day10_Enterocyte.Progenitor,B7,Enterocyte.Progenitor,Hpoly.Day10
B7_ACGCTGCTGACGGA_Hpoly.Day10_Stem,B7,Stem,Hpoly.Day10
B7_ACGGAACTCAAGCT_Hpoly.Day10_Stem,B7,Stem,Hpoly.Day10
B7_ACGGAACTCTGACA_Hpoly.Day10_TA,B7,TA,Hpoly.Day10
B7_ACGGAACTCTGTCC_Hpoly.Day10_Enterocyte.Progenitor,B7,Enterocyte.Progenitor,Hpoly.Day10
B7_ACGGAACTGAAACA_Hpoly.Day10_Stem,B7,Stem,Hpoly.Day10
B7_ACGGCGTGCCATGA_Hpoly.Day10_TA,B7,TA,Hpoly.Day10
B7_ACGGCTCTACTACG_Hpoly.Day10_Enterocyte.Progenitor,B7,Enterocyte.Progenitor,Hpoly.Day10
B7_ACGGGAGACAACTG_Hpoly.Day10_Goblet,B7,Goblet,Hpoly.Day10
B7_ACGGTAACTTCTCA_Hpoly.Day10_Goblet,B7,Goblet,Hpoly.Day10
B7_ACGGTATGTGGTAC_Hpoly.Day10_Enterocyte.Progenitor,B7,Enterocyte.Progenitor,Hpoly.Day10
B7_ACGGTCCTCTTGAG_Hpoly.Day10_TA,B7,TA,Hpoly.Day10
B7_ACGTCCTGAGCGGA_Hpoly.Day10_TA.Early,B7,TA.Early,Hpoly.Day10
B7_ACGTTACTTTGCAG_Hpoly.Day10_Tuft,B7,Tuft,Hpoly.Day10
B7_ACGTTGGATGAGAA_Hpoly.Day10_Enterocyte.Progenitor,B7,Enterocyte.Progenitor,Hpoly.Day10
B7_ACTACGGAGAATGA_Hpoly.Day10_Enterocyte.Progenitor,B7,Enterocyte.Progenitor,Hpoly.Day10
B7_ACTACTACTGAGAA_Hpoly.Day10_TA.Early,B7,TA.Early,Hpoly.Day10
B7_ACTAGGTGGACGTT_Hpoly.Day10_Enterocyte,B7,Enterocyte,Hpoly.Day10
B7_ACTCAGGATCTAGG_Hpoly.Day10_Goblet,B7,Goblet,Hpoly.Day10
B7_ACTCAGGATGACCA_Hpoly.Day10_Stem,B7,Stem,Hpoly.Day10
B7_ACTCGAGACTCAAG_Hpoly.Day10_TA,B7,TA,Hpoly.Day10
B7_ACTCGCACAGCAAA_Hpoly.Day10_TA.Early,B7,TA.Early,Hpoly.Day10
B7_ACTCGCACGGTCAT_Hpoly.Day10_Enterocyte,B7,Enterocyte,Hpoly.Day10
B7_ACTGCCACAAAGCA_Hpoly.Day10_TA,B7,TA,Hpoly.Day10
B7_ACTGGCCTCTGCTC_Hpoly.Day10_TA,B7,TA,Hpoly.Day10
B7_ACTGTGGACACTTT_Hpoly.Day10_Stem,B7,Stem,Hpoly.Day10
B7_ACTGTGGACCCGTT_Hpoly.Day10_Stem,B7,Stem,Hpoly.Day10
B7_ACTTAGCTAAGATG_Hpoly.Day10_Goblet,B7,Goblet,Hpoly.Day10
B7_ACTTAGCTGTCTGA_Hpoly.Day10_Goblet,B7,Goblet,Hpoly.Day10
B7_ACTTAGCTTCGCCT_Hpoly.Day10_Enterocyte,B7,Enterocyte,Hpoly.Day10
B7_ACTTGTACTTGACG_Hpoly.Day10_TA.Early,B7,TA.Early,Hpoly.Day10
B7_AGAAACGACCGATA_Hpoly.Day10_Goblet,B7,Goblet,Hpoly.Day10
B7_AGAAACGAGTTTGG_Hpoly.Day10_TA.Early,B7,TA.Early,Hpoly.Day10
B7_AGAACGCTAGCAAA_Hpoly.Day10_TA.Early,B7,TA.Early,Hpoly.Day10
B7_AGAAGATGGCGTTA_Hpoly.Day10_TA.Early,B7,TA.Early,Hpoly.Day10
B7_AGAAGATGTGTCCC_Hpoly.Day10_Stem,B7,Stem,Hpoly.Day10
B7_AGAATGGATACGAC_Hpoly.Day10_Goblet,B7,Goblet,Hpoly.Day10
B7_AGACACTGTACTTC_Hpoly.Day10_TA.Early,B7,TA.Early,Hpoly.Day10
B7_AGACACTGTTCATC_Hpoly.Day10_TA.Early,B7,TA.Early,Hpoly.Day10
B7_AGACTCGACGCTAA_Hpoly.Day10_TA.Early,B7,TA.Early,Hpoly.Day10
B7_AGAGAAACGCTAAC_Hpoly.Day10_TA.Early,B7,TA.Early,Hpoly.Day10
B7_AGAGAATGAACGGG_Hpoly.Day10_Tuft,B7,Tuft,Hpoly.Day10
B7_AGAGATGATGGTAC_Hpoly.Day10_Enterocyte,B7,Enterocyte,Hpoly.Day10
B7_AGAGATGATGGTTG_Hpoly.Day10_Stem,B7,Stem,Hpoly.Day10
B7_AGAGCTACTTCGTT_Hpoly.Day10_TA.Early,B7,TA.Early,Hpoly.Day10
B7_AGAGTGCTCCATGA_Hpoly.Day10_Stem,B7,Stem,Hpoly.Day10
B7_AGATATACTGCTCC_Hpoly.Day10_Enterocyte.Progenitor,B7,Enterocyte.Progenitor,Hpoly.Day10
B7_AGATATTGCGCATA_Hpoly.Day10_Enterocyte.Progenitor,B7,Enterocyte.Progenitor,Hpoly.Day10
B7_AGATATTGTTTCGT_Hpoly.Day10_Enterocyte.Progenitor,B7,Enterocyte.Progenitor,Hpoly.Day10
B7_AGATCGTGCTCGAA_Hpoly.Day10_Enterocyte.Progenitor,B7,Enterocyte.Progenitor,Hpoly.Day10
B7_AGCACAACCAACTG_Hpoly.Day10_Stem,B7,Stem,Hpoly.Day10
B7_AGCACAACGACGAG_Hpoly.Day10_Stem,B7,Stem,Hpoly.Day10
B7_AGCATGACCTAGTG_Hpoly.Day10_Stem,B7,Stem,Hpoly.Day10
B7_AGCATGACTGCCTC_Hpoly.Day10_Goblet,B7,Goblet,Hpoly.Day10
B7_AGCCGGACCCGATA_Hpoly.Day10_TA.Early,B7,TA.Early,Hpoly.Day10
B7_AGCCGGACTCAAGC_Hpoly.Day10_Tuft,B7,Tuft,Hpoly.Day10
B7_AGCCGTCTTGCTAG_Hpoly.Day10_Tuft,B7,Tuft,Hpoly.Day10
B7_AGCCTCACTGAGCT_Hpoly.Day10_Stem,B7,Stem,Hpoly.Day10
B7_AGCGAACTTCCTCG_Hpoly.Day10_Goblet,B7,Goblet,Hpoly.Day10
B7_AGCGATTGACGACT_Hpoly.Day10_Endocrine,B7,Endocrine,Hpoly.Day10
B7_AGCGCCGAAGCAAA_Hpoly.Day10_Enterocyte.Progenitor,B7,Enterocyte.Progenitor,Hpoly.Day10
B7_AGCTCGCTACGGGA_Hpoly.Day10_TA.Early,B7,TA.Early,Hpoly.Day10
B7_AGCTGAACAGAAGT_Hpoly.Day10_Goblet,B7,Goblet,Hpoly.Day10
B7_AGCTGAACCAGAAA_Hpoly.Day10_Goblet,B7,Goblet,Hpoly.Day10
B7_AGCTGAACGGCGAA_Hpoly.Day10_Stem,B7,Stem,Hpoly.Day10
B7_AGCTGCCTCAACCA_Hpoly.Day10_Goblet,B7,Goblet,Hpoly.Day10
B7_AGCTGCCTTTACCT_Hpoly.Day10_Enterocyte.Progenitor,B7,Enterocyte.Progenitor,Hpoly.Day10
B7_AGCTGTGATATGGC_Hpoly.Day10_Stem,B7,Stem,Hpoly.Day10
B7_AGCTTACTGGAGGT_Hpoly.Day10_Stem,B7,Stem,Hpoly.Day10
B7_AGCTTACTTAACGC_Hpoly.Day10_Stem,B7,Stem,Hpoly.Day10
B7_AGCTTTACTTGCAG_Hpoly.Day10_Stem,B7,Stem,Hpoly.Day10
B7_AGGAAATGTCCTCG_Hpoly.Day10_Goblet,B7,Goblet,Hpoly.Day10
B7_AGGAACCTGAAAGT_Hpoly.Day10_Tuft,B7,Tuft,Hpoly.Day10
B7_AGGAATGAATCGGT_Hpoly.Day10_Goblet,B7,Goblet,Hpoly.Day10
B7_AGGAATGACGACTA_Hpoly.Day10_Goblet,B7,Goblet,Hpoly.Day10
B7_AGGAATGAGGTATC_Hpoly.Day10_Tuft,B7,Tuft,Hpoly.Day10
B7_AGGACACTGAGGGT_Hpoly.Day10_Goblet,B7,Goblet,Hpoly.Day10
B7_AGGACTTGGTTCAG_Hpoly.Day10_Goblet,B7,Goblet,Hpoly.Day10
B7_AGGAGTCTGTCTAG_Hpoly.Day10_TA.Early,B7,TA.Early,Hpoly.Day10
B7_AGGATAGAATTCGG_Hpoly.Day10_TA,B7,TA,Hpoly.Day10
B7_AGGCAACTGTCACA_Hpoly.Day10_Stem,B7,Stem,Hpoly.Day10
B7_AGGCCTCTAGTGTC_Hpoly.Day10_Stem,B7,Stem,Hpoly.Day10
B7_AGGGACGACTATGG_Hpoly.Day10_TA.Early,B7,TA.Early,Hpoly.Day10
B7_AGGGCCTGAGGTCT_Hpoly.Day10_TA,B7,TA,Hpoly.Day10
B7_AGGGCCTGGTCTGA_Hpoly.Day10_Tuft,B7,Tuft,Hpoly.Day10
B7_AGGGCGCTGCCCTT_Hpoly.Day10_Tuft,B7,Tuft,Hpoly.Day10
B7_AGGGTGGAGTTTGG_Hpoly.Day10_Enterocyte.Progenitor,B7,Enterocyte.Progenitor,Hpoly.Day10
B7_AGGGTGGATGTGAC_Hpoly.Day10_TA,B7,TA,Hpoly.Day10
B7_AGGGTTTGCAATCG_Hpoly.Day10_Enterocyte,B7,Enterocyte,Hpoly.Day10
B7_AGGGTTTGCAGGAG_Hpoly.Day10_Endocrine,B7,Endocrine,Hpoly.Day10
B7_AGGGTTTGGCTGAT_Hpoly.Day10_Stem,B7,Stem,Hpoly.Day10
B7_AGGTACACGACAGG_Hpoly.Day10_Goblet,B7,Goblet,Hpoly.Day10
B7_AGGTCTGAGATAGA_Hpoly.Day10_TA.Early,B7,TA.Early,Hpoly.Day10
B7_AGGTGTTGAATCGC_Hpoly.Day10_TA,B7,TA,Hpoly.Day10
B7_AGGTTGTGGTGTCA_Hpoly.Day10_Stem,B7,Stem,Hpoly.Day10
B7_AGTAATACGCAAGG_Hpoly.Day10_Enterocyte.Progenitor,B7,Enterocyte.Progenitor,Hpoly.Day10
B7_AGTAATTGGGCATT_Hpoly.Day10_Goblet,B7,Goblet,Hpoly.Day10
B7_AGTAGAGAGTTGAC_Hpoly.Day10_Stem,B7,Stem,Hpoly.Day10
B7_AGTATAACAGAGTA_Hpoly.Day10_Stem,B7,Stem,Hpoly.Day10
B7_AGTATAACTGGTAC_Hpoly.Day10_TA.Early,B7,TA.Early,Hpoly.Day10
B7_AGTATCCTGTTGTG_Hpoly.Day10_TA,B7,TA,Hpoly.Day10
B7_AGTCACGAACAGCT_Hpoly.Day10_Goblet,B7,Goblet,Hpoly.Day10
B7_AGTCACGAGCTTCC_Hpoly.Day10_Goblet,B7,Goblet,Hpoly.Day10
B7_AGTCACGAGTGTTG_Hpoly.Day10_TA,B7,TA,Hpoly.Day10
B7_AGTCACGAGTTTCT_Hpoly.Day10_Enterocyte.Progenitor,B7,Enterocyte.Progenitor,Hpoly.Day10
B7_AGTCACGATCAAGC_Hpoly.Day10_Tuft,B7,Tuft,Hpoly.Day10
B7_AGTCAGACCAACTG_Hpoly.Day10_TA.Early,B7,TA.Early,Hpoly.Day10
B7_AGTCCAGAGGGTGA_Hpoly.Day10_Tuft,B7,Tuft,Hpoly.Day10
B7_AGTCGCCTATGTCG_Hpoly.Day10_Stem,B7,Stem,Hpoly.Day10
B7_AGTGAAGATTGCTT_Hpoly.Day10_Stem,B7,Stem,Hpoly.Day10
B7_AGTGACTGAAAGTG_Hpoly.Day10_Stem,B7,Stem,Hpoly.Day10
B7_AGTGACTGACGTGT_Hpoly.Day10_Enterocyte.Progenitor,B7,Enterocyte.Progenitor,Hpoly.Day10
B7_AGTGACTGCTTGTT_Hpoly.Day10_Stem,B7,Stem,Hpoly.Day10
B7_AGTGCAACTTGACG_Hpoly.Day10_Goblet,B7,Goblet,Hpoly.Day10
B7_AGTGTGACAAAAGC_Hpoly.Day10_Tuft,B7,Tuft,Hpoly.Day10
B7_AGTGTGACACACTG_Hpoly.Day10_Stem,B7,Stem,Hpoly.Day10
B7_AGTTAAACAGCACT_Hpoly.Day10_Goblet,B7,Goblet,Hpoly.Day10
B7_AGTTCTACCTGACA_Hpoly.Day10_Stem,B7,Stem,Hpoly.Day10
B7_AGTTCTACTACGCA_Hpoly.Day10_Goblet,B7,Goblet,Hpoly.Day10
B7_AGTTCTTGAGCAAA_Hpoly.Day10_TA.Early,B7,TA.Early,Hpoly.Day10
B7_AGTTCTTGCGACAT_Hpoly.Day10_TA.Early,B7,TA.Early,Hpoly.Day10
B7_ATAAACACCTATGG_Hpoly.Day10_Stem,B7,Stem,Hpoly.Day10
B7_ATAACAACGCCCTT_Hpoly.Day10_TA,B7,TA,Hpoly.Day10
B7_ATAACAACTTCGGA_Hpoly.Day10_Enterocyte,B7,Enterocyte,Hpoly.Day10
B7_ATAACATGGGATCT_Hpoly.Day10_Enterocyte.Progenitor,B7,Enterocyte.Progenitor,Hpoly.Day10
B7_ATAACCCTTGACTG_Hpoly.Day10_TA.Early,B7,TA.Early,Hpoly.Day10
B7_ATAACCCTTGCAAC_Hpoly.Day10_Goblet,B7,Goblet,Hpoly.Day10
B7_ATAAGTTGACTGTG_Hpoly.Day10_TA.Early,B7,TA.Early,Hpoly.Day10
B7_ATAATCGAGACACT_Hpoly.Day10_Goblet,B7,Goblet,Hpoly.Day10
B7_ATACACCTAGAAGT_Hpoly.Day10_Stem,B7,Stem,Hpoly.Day10
B7_ATACCTACAGAATG_Hpoly.Day10_Tuft,B7,Tuft,Hpoly.Day10
B7_ATACCTTGTATCGG_Hpoly.Day10_Goblet,B7,Goblet,Hpoly.Day10
B7_ATACGTCTGTTTCT_Hpoly.Day10_Enterocyte.Progenitor,B7,Enterocyte.Progenitor,Hpoly.Day10
B7_ATAGAACTCTGGAT_Hpoly.Day10_Goblet,B7,Goblet,Hpoly.Day10
B7_ATAGAACTGTATGC_Hpoly.Day10_Goblet,B7,Goblet,Hpoly.Day10
B7_ATAGAACTGTCGAT_Hpoly.Day10_Enterocyte,B7,Enterocyte,Hpoly.Day10
B7_ATAGATACTTGTGG_Hpoly.Day10_Stem,B7,Stem,Hpoly.Day10
B7_ATAGATTGATTTCC_Hpoly.Day10_Stem,B7,Stem,Hpoly.Day10
B7_ATAGATTGTGACTG_Hpoly.Day10_Enterocyte.Progenitor,B7,Enterocyte.Progenitor,Hpoly.Day10
B7_ATAGCCGACCATAG_Hpoly.Day10_TA.Early,B7,TA.Early,Hpoly.Day10
B7_ATAGCGTGAGGCGA_Hpoly.Day10_Endocrine,B7,Endocrine,Hpoly.Day10
B7_ATAGCGTGATCGTG_Hpoly.Day10_Tuft,B7,Tuft,Hpoly.Day10
B7_ATAGCGTGCGTAGT_Hpoly.Day10_Goblet,B7,Goblet,Hpoly.Day10
B7_ATAGCGTGGAGCAG_Hpoly.Day10_TA.Early,B7,TA.Early,Hpoly.Day10
B7_ATAGCGTGGCGTTA_Hpoly.Day10_Endocrine,B7,Endocrine,Hpoly.Day10
B7_ATAGGCTGAGCGGA_Hpoly.Day10_Enterocyte.Progenitor,B7,Enterocyte.Progenitor,Hpoly.Day10
B7_ATAGGCTGGACGGA_Hpoly.Day10_TA,B7,TA,Hpoly.Day10
B7_ATAGTCCTCTTACT_Hpoly.Day10_TA.Early,B7,TA.Early,Hpoly.Day10
B7_ATATGCCTAACGAA_Hpoly.Day10_Stem,B7,Stem,Hpoly.Day10
B7_ATATGCCTCCTCAC_Hpoly.Day10_Enterocyte.Progenitor,B7,Enterocyte.Progenitor,Hpoly.Day10
B7_ATATGCCTGTTCAG_Hpoly.Day10_Stem,B7,Stem,Hpoly.Day10
B7_ATATGCCTTGGTTG_Hpoly.Day10_Goblet,B7,Goblet,Hpoly.Day10
B7_ATCAACCTGTTACG_Hpoly.Day10_TA.Early,B7,TA.Early,Hpoly.Day10
B7_ATCACACTGGAGTG_Hpoly.Day10_TA,B7,TA,Hpoly.Day10
B7_ATCACGGAAAGAAC_Hpoly.Day10_TA,B7,TA,Hpoly.Day10
B7_ATCACGGAAAGCCT_Hpoly.Day10_TA.Early,B7,TA.Early,Hpoly.Day10
B7_ATCACGGACATGGT_Hpoly.Day10_TA,B7,TA,Hpoly.Day10
B7_ATCATCTGACGGAG_Hpoly.Day10_TA,B7,TA,Hpoly.Day10
B7_ATCATCTGCTTAGG_Hpoly.Day10_Enterocyte,B7,Enterocyte,Hpoly.Day10
B7_ATCCATACAACGAA_Hpoly.Day10_TA.Early,B7,TA.Early,Hpoly.Day10
B7_ATCCCGTGGCCTTC_Hpoly.Day10_Tuft,B7,Tuft,Hpoly.Day10
B7_ATCGACGATCAGTG_Hpoly.Day10_Tuft,B7,Tuft,Hpoly.Day10
B7_ATCGAGTGGTGTAC_Hpoly.Day10_Enterocyte.Progenitor,B7,Enterocyte.Progenitor,Hpoly.Day10
B7_ATCGCCTGTGAAGA_Hpoly.Day10_Enterocyte.Progenitor,B7,Enterocyte.Progenitor,Hpoly.Day10
B7_ATCGGTGAAGCGGA_Hpoly.Day10_TA,B7,TA,Hpoly.Day10
B7_ATCTACTGCCACAA_Hpoly.Day10_Stem,B7,Stem,Hpoly.Day10
B7_ATCTCAACACTGGT_Hpoly.Day10_Tuft,B7,Tuft,Hpoly.Day10
B7_ATCTTGACCCCGTT_Hpoly.Day10_Enterocyte,B7,Enterocyte,Hpoly.Day10
B7_ATCTTGACGAACTC_Hpoly.Day10_Enterocyte,B7,Enterocyte,Hpoly.Day10
B7_ATCTTGACTGCTTT_Hpoly.Day10_Tuft,B7,Tuft,Hpoly.Day10
B7_ATCTTTCTTAGTCG_Hpoly.Day10_Tuft,B7,Tuft,Hpoly.Day10
B7_ATGAAACTTGTCTT_Hpoly.Day10_Enterocyte.Progenitor,B7,Enterocyte.Progenitor,Hpoly.Day10
B7_ATGACGTGTTTACC_Hpoly.Day10_Tuft,B7,Tuft,Hpoly.Day10
B7_ATGAGAGAAACCGT_Hpoly.Day10_Tuft,B7,Tuft,Hpoly.Day10
B7_ATGAGAGAGCTTAG_Hpoly.Day10_Enterocyte.Progenitor,B7,Enterocyte.Progenitor,Hpoly.Day10
B7_ATGAGCACGGAGGT_Hpoly.Day10_Enterocyte,B7,Enterocyte,Hpoly.Day10
B7_ATGATAACTTTCTG_Hpoly.Day10_Stem,B7,Stem,Hpoly.Day10
B7_ATGCACGAACTGGT_Hpoly.Day10_Enterocyte.Progenitor,B7,Enterocyte.Progenitor,Hpoly.Day10
B7_ATGCAGTGCGATAC_Hpoly.Day10_Enterocyte.Progenitor,B7,Enterocyte.Progenitor,Hpoly.Day10
B7_ATGCAGTGGTTGAC_Hpoly.Day10_TA,B7,TA,Hpoly.Day10
B7_ATGCCAGAGGTTCA_Hpoly.Day10_Goblet,B7,Goblet,Hpoly.Day10
B7_ATGCCAGAGTTAGC_Hpoly.Day10_Stem,B7,Stem,Hpoly.Day10
B7_ATGCCAGAGTTTGG_Hpoly.Day10_Enterocyte.Progenitor,B7,Enterocyte.Progenitor,Hpoly.Day10
B7_ATGCCGCTGAAACA_Hpoly.Day10_Stem,B7,Stem,Hpoly.Day10
B7_ATGCTTTGGTGAGG_Hpoly.Day10_Stem,B7,Stem,Hpoly.Day10
B7_ATGCTTTGTTTCTG_Hpoly.Day10_Stem,B7,Stem,Hpoly.Day10
B7_ATGGACACCCAATG_Hpoly.Day10_Goblet,B7,Goblet,Hpoly.Day10
B7_ATGGGTACATTTCC_Hpoly.Day10_Stem,B7,Stem,Hpoly.Day10
B7_ATGGGTACGGTGAG_Hpoly.Day10_Goblet,B7,Goblet,Hpoly.Day10
B7_ATGTAAACGGAGGT_Hpoly.Day10_Enterocyte.Progenitor,B7,Enterocyte.Progenitor,Hpoly.Day10
B7_ATGTCGGATCGCCT_Hpoly.Day10_Enterocyte,B7,Enterocyte,Hpoly.Day10
B7_ATGTCGGATGGTGT_Hpoly.Day10_Enterocyte.Progenitor,B7,Enterocyte.Progenitor,Hpoly.Day10
B7_ATGTTAGAATGCCA_Hpoly.Day10_Goblet,B7,Goblet,Hpoly.Day10
B7_ATTAAGACCCCTAC_Hpoly.Day10_Stem,B7,Stem,Hpoly.Day10
B7_ATTAAGACTACGCA_Hpoly.Day10_Enterocyte.Progenitor,B7,Enterocyte.Progenitor,Hpoly.Day10
B7_ATTAGATGTTCACT_Hpoly.Day10_Stem,B7,Stem,Hpoly.Day10
B7_ATTATGGAAGTACC_Hpoly.Day10_Tuft,B7,Tuft,Hpoly.Day10
B7_ATTATGGAGTTTCT_Hpoly.Day10_Tuft,B7,Tuft,Hpoly.Day10
B7_ATTCAGCTATCGTG_Hpoly.Day10_Enterocyte.Progenitor,B7,Enterocyte.Progenitor,Hpoly.Day10
B7_ATTCAGCTTGAACC_Hpoly.Day10_Stem,B7,Stem,Hpoly.Day10
B7_ATTCCAACTATTCC_Hpoly.Day10_Stem,B7,Stem,Hpoly.Day10
B7_ATTCGACTCTGTAG_Hpoly.Day10_Enterocyte,B7,Enterocyte,Hpoly.Day10
B7_ATTCTTCTCTCCCA_Hpoly.Day10_Goblet,B7,Goblet,Hpoly.Day10
B7_ATTGAAACGATACC_Hpoly.Day10_TA,B7,TA,Hpoly.Day10
B7_ATTGAAACTGTCGA_Hpoly.Day10_Enterocyte,B7,Enterocyte,Hpoly.Day10
B7_ATTGATGAATGACC_Hpoly.Day10_TA.Early,B7,TA.Early,Hpoly.Day10
B7_ATTGCGGATGATGC_Hpoly.Day10_Enterocyte,B7,Enterocyte,Hpoly.Day10
B7_ATTGCGGATGGTAC_Hpoly.Day10_Stem,B7,Stem,Hpoly.Day10
B7_ATTGCTTGCCCGTT_Hpoly.Day10_Enterocyte,B7,Enterocyte,Hpoly.Day10
B7_ATTGGTCTCTGCTC_Hpoly.Day10_TA.Early,B7,TA.Early,Hpoly.Day10
B7_ATTGGTCTGACGAG_Hpoly.Day10_Enterocyte,B7,Enterocyte,Hpoly.Day10
B7_ATTGTAGAGCTCCT_Hpoly.Day10_Enterocyte,B7,Enterocyte,Hpoly.Day10
B7_ATTGTCTGCATTCT_Hpoly.Day10_Goblet,B7,Goblet,Hpoly.Day10
B7_ATTGTCTGCCAACA_Hpoly.Day10_Tuft,B7,Tuft,Hpoly.Day10
B7_ATTTAGGAGCTTAG_Hpoly.Day10_Tuft,B7,Tuft,Hpoly.Day10
B7_ATTTCGTGTTACCT_Hpoly.Day10_Goblet,B7,Goblet,Hpoly.Day10
B7_CAAACTCTCTCTCG_Hpoly.Day10_Endocrine,B7,Endocrine,Hpoly.Day10
B7_CAAAGCTGTGTGAC_Hpoly.Day10_Enterocyte.Progenitor,B7,Enterocyte.Progenitor,Hpoly.Day10
B7_CAAATTGAGCTTAG_Hpoly.Day10_Goblet,B7,Goblet,Hpoly.Day10
B7_CAACAGACCATTGG_Hpoly.Day10_TA.Early,B7,TA.Early,Hpoly.Day10
B7_CAACCAGAGGGAGT_Hpoly.Day10_Tuft,B7,Tuft,Hpoly.Day10
B7_CAACGAACGGTAAA_Hpoly.Day10_Enterocyte,B7,Enterocyte,Hpoly.Day10
B7_CAACGATGGTACGT_Hpoly.Day10_Enterocyte.Progenitor,B7,Enterocyte.Progenitor,Hpoly.Day10
B7_CAAGCCCTTATCGG_Hpoly.Day10_Tuft,B7,Tuft,Hpoly.Day10
B7_CAAGCTGACTGTTT_Hpoly.Day10_Enterocyte.Progenitor,B7,Enterocyte.Progenitor,Hpoly.Day10
B7_CAAGGTTGAAGGTA_Hpoly.Day10_Enterocyte.Progenitor,B7,Enterocyte.Progenitor,Hpoly.Day10
B7_CAAGTCGAATCAGC_Hpoly.Day10_TA.Early,B7,TA.Early,Hpoly.Day10
B7_CAAGTCGAGACGTT_Hpoly.Day10_TA,B7,TA,Hpoly.Day10
B7_CAAGTTCTGAGGTG_Hpoly.Day10_TA.Early,B7,TA.Early,Hpoly.Day10
B7_CAAGTTCTTAAGGA_Hpoly.Day10_TA,B7,TA,Hpoly.Day10
B7_CAATAATGAGAGGC_Hpoly.Day10_Endocrine,B7,Endocrine,Hpoly.Day10
B7_CAATAATGAGGGTG_Hpoly.Day10_TA,B7,TA,Hpoly.Day10
B7_CAATAATGCAGAAA_Hpoly.Day10_Goblet,B7,Goblet,Hpoly.Day10
B7_CAATAATGGCATCA_Hpoly.Day10_TA.Early,B7,TA.Early,Hpoly.Day10
B7_CAATATGAGGTTTG_Hpoly.Day10_Stem,B7,Stem,Hpoly.Day10
B7_CAATCGGAAGCCTA_Hpoly.Day10_Stem,B7,Stem,Hpoly.Day10
B7_CACAACGACCTCAC_Hpoly.Day10_Enterocyte,B7,Enterocyte,Hpoly.Day10
B7_CACAATCTTGGAAA_Hpoly.Day10_Endocrine,B7,Endocrine,Hpoly.Day10
B7_CACACCTGCCTCGT_Hpoly.Day10_TA.Early,B7,TA.Early,Hpoly.Day10
B7_CACACCTGCTTGCC_Hpoly.Day10_Stem,B7,Stem,Hpoly.Day10
B7_CACACCTGGAGGTG_Hpoly.Day10_TA.Early,B7,TA.Early,Hpoly.Day10
B7_CACAGAACGAGGAC_Hpoly.Day10_Stem,B7,Stem,Hpoly.Day10
B7_CACAGCCTTATCGG_Hpoly.Day10_TA.Early,B7,TA.Early,Hpoly.Day10
B7_CACATACTCAGAGG_Hpoly.Day10_Enterocyte.Progenitor,B7,Enterocyte.Progenitor,Hpoly.Day10
B7_CACCACTGCAAGCT_Hpoly.Day10_Goblet,B7,Goblet,Hpoly.Day10
B7_CACCACTGCGAATC_Hpoly.Day10_Enterocyte.Progenitor,B7,Enterocyte.Progenitor,Hpoly.Day10
B7_CACCGTACCTGAAC_Hpoly.Day10_Enterocyte.Progenitor,B7,Enterocyte.Progenitor,Hpoly.Day10
B7_CACCGTTGTCCAAG_Hpoly.Day10_Stem,B7,Stem,Hpoly.Day10
B7_CACCGTTGTTCACT_Hpoly.Day10_TA.Early,B7,TA.Early,Hpoly.Day10
B7_CACGAAACGACAGG_Hpoly.Day10_TA.Early,B7,TA.Early,Hpoly.Day10
B7_CACGAAACTAGCCA_Hpoly.Day10_TA.Early,B7,TA.Early,Hpoly.Day10
B7_CACGACCTCTATTC_Hpoly.Day10_Enterocyte.Progenitor,B7,Enterocyte.Progenitor,Hpoly.Day10
B7_CACGATGACTGTCC_Hpoly.Day10_Stem,B7,Stem,Hpoly.Day10
B7_CACGCTACACTGTG_Hpoly.Day10_Tuft,B7,Tuft,Hpoly.Day10
B7_CACGGGTGGGAGGT_Hpoly.Day10_Enterocyte.Progenitor,B7,Enterocyte.Progenitor,Hpoly.Day10
B7_CACTAACTCAGTCA_Hpoly.Day10_Enterocyte.Progenitor,B7,Enterocyte.Progenitor,Hpoly.Day10
B7_CACTAGGAACGTGT_Hpoly.Day10_TA.Early,B7,TA.Early,Hpoly.Day10
B7_CACTCTCTGAACTC_Hpoly.Day10_Tuft,B7,Tuft,Hpoly.Day10
B7_CACTGAGACACTGA_Hpoly.Day10_TA.Early,B7,TA.Early,Hpoly.Day10
B7_CACTTAACCTTAGG_Hpoly.Day10_Stem,B7,Stem,Hpoly.Day10
B7_CACTTAACGGTAGG_Hpoly.Day10_Enterocyte.Progenitor,B7,Enterocyte.Progenitor,Hpoly.Day10
B7_CACTTATGCTGACA_Hpoly.Day10_Enterocyte.Progenitor,B7,Enterocyte.Progenitor,Hpoly.Day10
B7_CACTTTGACTGATG_Hpoly.Day10_TA,B7,TA,Hpoly.Day10
B7_CACTTTGATTAGGC_Hpoly.Day10_TA,B7,TA,Hpoly.Day10
B7_CAGAAGCTCTTTAC_Hpoly.Day10_Enterocyte,B7,Enterocyte,Hpoly.Day10
B7_CAGAAGCTGCTGTA_Hpoly.Day10_Goblet,B7,Goblet,Hpoly.Day10
B7_CAGAAGCTTTGTCT_Hpoly.Day10_Tuft,B7,Tuft,Hpoly.Day10
B7_CAGACTGAGCCTTC_Hpoly.Day10_Tuft,B7,Tuft,Hpoly.Day10
B7_CAGAGGGACGCAAT_Hpoly.Day10_Enterocyte.Progenitor,B7,Enterocyte.Progenitor,Hpoly.Day10
B7_CAGAGGGACGTCTC_Hpoly.Day10_Enterocyte.Progenitor,B7,Enterocyte.Progenitor,Hpoly.Day10
B7_CAGATCGATCTTCA_Hpoly.Day10_Goblet,B7,Goblet,Hpoly.Day10
B7_CAGCAATGTAAGCC_Hpoly.Day10_Endocrine,B7,Endocrine,Hpoly.Day10
B7_CAGCCTTGAGCACT_Hpoly.Day10_Stem,B7,Stem,Hpoly.Day10
B7_CAGCCTTGGACAAA_Hpoly.Day10_Stem,B7,Stem,Hpoly.Day10
B7_CAGCCTTGTTCTTG_Hpoly.Day10_Enterocyte,B7,Enterocyte,Hpoly.Day10
B7_CAGCGGACAGACTC_Hpoly.Day10_Enterocyte.Progenitor,B7,Enterocyte.Progenitor,Hpoly.Day10
B7_CAGCGGACTTTCGT_Hpoly.Day10_Enterocyte.Progenitor,B7,Enterocyte.Progenitor,Hpoly.Day10
B7_CAGCTCACGGAACG_Hpoly.Day10_Goblet,B7,Goblet,Hpoly.Day10
B7_CAGGAACTGGTTAC_Hpoly.Day10_TA.Early,B7,TA.Early,Hpoly.Day10
B7_CAGGGCACCCACCT_Hpoly.Day10_Enterocyte.Progenitor,B7,Enterocyte.Progenitor,Hpoly.Day10
B7_CAGGGCACTGTGGT_Hpoly.Day10_Enterocyte.Progenitor,B7,Enterocyte.Progenitor,Hpoly.Day10
B7_CAGGTAACGCTTCC_Hpoly.Day10_TA,B7,TA,Hpoly.Day10
B7_CAGGTATGTTATCC_Hpoly.Day10_Enterocyte.Progenitor,B7,Enterocyte.Progenitor,Hpoly.Day10
B7_CAGGTTGACCTCAC_Hpoly.Day10_Tuft,B7,Tuft,Hpoly.Day10
B7_CAGTCAGAAGCATC_Hpoly.Day10_Stem,B7,Stem,Hpoly.Day10
B7_CAGTCAGATAAAGG_Hpoly.Day10_Enterocyte,B7,Enterocyte,Hpoly.Day10
B7_CAGTGTGAACCACA_Hpoly.Day10_Stem,B7,Stem,Hpoly.Day10
B7_CAGTTGGACTCCCA_Hpoly.Day10_Enterocyte,B7,Enterocyte,Hpoly.Day10
B7_CAGTTGGATCAAGC_Hpoly.Day10_Stem,B7,Stem,Hpoly.Day10
B7_CAGTTTACTCCAAG_Hpoly.Day10_TA.Early,B7,TA.Early,Hpoly.Day10
B7_CATAAATGTCCCGT_Hpoly.Day10_Enterocyte.Progenitor,B7,Enterocyte.Progenitor,Hpoly.Day10
B7_CATATAGACCTTAT_Hpoly.Day10_TA,B7,TA,Hpoly.Day10
B7_CATCAACTCGGAGA_Hpoly.Day10_Enterocyte.Progenitor,B7,Enterocyte.Progenitor,Hpoly.Day10
B7_CATCCCGACGACTA_Hpoly.Day10_TA.Early,B7,TA.Early,Hpoly.Day10
B7_CATCGGCTCCTCAC_Hpoly.Day10_Tuft,B7,Tuft,Hpoly.Day10
B7_CATCGGCTGACGAG_Hpoly.Day10_Stem,B7,Stem,Hpoly.Day10
B7_CATCTTGAGTAAGA_Hpoly.Day10_Stem,B7,Stem,Hpoly.Day10
B7_CATCTTGATCTAGG_Hpoly.Day10_Stem,B7,Stem,Hpoly.Day10
B7_CATGCGCTTTCTGT_Hpoly.Day10_Enterocyte.Progenitor,B7,Enterocyte.Progenitor,Hpoly.Day10
B7_CATGCGCTTTTGGG_Hpoly.Day10_TA,B7,TA,Hpoly.Day10
B7_CATGGATGTTCTTG_Hpoly.Day10_Enterocyte,B7,Enterocyte,Hpoly.Day10
B7_CATGGCCTTACGCA_Hpoly.Day10_Tuft,B7,Tuft,Hpoly.Day10
B7_CATGTACTAGTCAC_Hpoly.Day10_Enterocyte.Progenitor,B7,Enterocyte.Progenitor,Hpoly.Day10
B7_CATGTTACTGTGAC_Hpoly.Day10_Stem,B7,Stem,Hpoly.Day10
B7_CATTAGCTTAGCCA_Hpoly.Day10_Tuft,B7,Tuft,Hpoly.Day10
B7_CATTGACTCCGCTT_Hpoly.Day10_Goblet,B7,Goblet,Hpoly.Day10
B7_CATTGACTGGAAAT_Hpoly.Day10_Tuft,B7,Tuft,Hpoly.Day10
B7_CATTGGGACCGTTC_Hpoly.Day10_Endocrine,B7,Endocrine,Hpoly.Day10
B7_CATTGTACACAGTC_Hpoly.Day10_TA,B7,TA,Hpoly.Day10
B7_CATTTGACTATCTC_Hpoly.Day10_Enterocyte.Progenitor,B7,Enterocyte.Progenitor,Hpoly.Day10
B7_CATTTGTGGTCGAT_Hpoly.Day10_Stem,B7,Stem,Hpoly.Day10
B7_CATTTGTGTGAGAA_Hpoly.Day10_Stem,B7,Stem,Hpoly.Day10
B7_CCAAAGTGCGCAAT_Hpoly.Day10_Tuft,B7,Tuft,Hpoly.Day10
B7_CCAACCTGTTTACC_Hpoly.Day10_Stem,B7,Stem,Hpoly.Day10
B7_CCAAGATGGTTAGC_Hpoly.Day10_Enterocyte.Progenitor,B7,Enterocyte.Progenitor,Hpoly.Day10
B7_CCAAGATGTTGACG_Hpoly.Day10_Tuft,B7,Tuft,Hpoly.Day10
B7_CCAATTTGTAACGC_Hpoly.Day10_Enterocyte.Progenitor,B7,Enterocyte.Progenitor,Hpoly.Day10
B7_CCACCATGCAGGAG_Hpoly.Day10_Endocrine,B7,Endocrine,Hpoly.Day10
B7_CCACTGTGGCCAAT_Hpoly.Day10_Enterocyte.Progenitor,B7,Enterocyte.Progenitor,Hpoly.Day10
B7_CCACTGTGGGTTAC_Hpoly.Day10_TA,B7,TA,Hpoly.Day10
B7_CCACTTCTACCAAC_Hpoly.Day10_Stem,B7,Stem,Hpoly.Day10
B7_CCACTTCTCCTGAA_Hpoly.Day10_Tuft,B7,Tuft,Hpoly.Day10
B7_CCAGAAACACAGCT_Hpoly.Day10_TA,B7,TA,Hpoly.Day10
B7_CCAGACCTGTACAC_Hpoly.Day10_Tuft,B7,Tuft,Hpoly.Day10
B7_CCAGATGAAAGATG_Hpoly.Day10_Goblet,B7,Goblet,Hpoly.Day10
B7_CCAGATGACTCGCT_Hpoly.Day10_Enterocyte,B7,Enterocyte,Hpoly.Day10
B7_CCAGCACTGATAAG_Hpoly.Day10_Enterocyte.Progenitor,B7,Enterocyte.Progenitor,Hpoly.Day10
B7_CCAGCGGACAACCA_Hpoly.Day10_TA.Early,B7,TA.Early,Hpoly.Day10
B7_CCAGGTCTTATCGG_Hpoly.Day10_Enterocyte.Progenitor,B7,Enterocyte.Progenitor,Hpoly.Day10
B7_CCATCGTGCTCGAA_Hpoly.Day10_TA.Early,B7,TA.Early,Hpoly.Day10
B7_CCATCGTGCTGTAG_Hpoly.Day10_Enterocyte.Progenitor,B7,Enterocyte.Progenitor,Hpoly.Day10
B7_CCATGCTGGAGCTT_Hpoly.Day10_Goblet,B7,Goblet,Hpoly.Day10
B7_CCCAAAGAGGATTC_Hpoly.Day10_Endocrine,B7,Endocrine,Hpoly.Day10
B7_CCCAGACTTATCTC_Hpoly.Day10_Stem,B7,Stem,Hpoly.Day10
B7_CCCATCGAGTTTCT_Hpoly.Day10_Stem,B7,Stem,Hpoly.Day10
B7_CCCATCGATTAGGC_Hpoly.Day10_Goblet,B7,Goblet,Hpoly.Day10
B7_CCCATGTGCATGGT_Hpoly.Day10_Stem,B7,Stem,Hpoly.Day10
B7_CCCGAACTTCGTGA_Hpoly.Day10_TA.Early,B7,TA.Early,Hpoly.Day10
B7_CCCTCAGAGAATGA_Hpoly.Day10_Tuft,B7,Tuft,Hpoly.Day10
B7_CCCTTACTCGCAAT_Hpoly.Day10_Stem,B7,Stem,Hpoly.Day10
B7_CCGAAAACTCGACA_Hpoly.Day10_TA.Early,B7,TA.Early,Hpoly.Day10
B7_CCGAAAACTCGTAG_Hpoly.Day10_Goblet,B7,Goblet,Hpoly.Day10
B7_CCGACACTCACACA_Hpoly.Day10_Enterocyte.Progenitor,B7,Enterocyte.Progenitor,Hpoly.Day10
B7_CCGACACTGTAGGG_Hpoly.Day10_Goblet,B7,Goblet,Hpoly.Day10
B7_CCGCGAGAAACGAA_Hpoly.Day10_TA.Early,B7,TA.Early,Hpoly.Day10
B7_CCGGAGACAACGAA_Hpoly.Day10_Enterocyte.Progenitor,B7,Enterocyte.Progenitor,Hpoly.Day10
B7_CCGGAGTGAAAGCA_Hpoly.Day10_Enterocyte.Progenitor,B7,Enterocyte.Progenitor,Hpoly.Day10
B7_CCGGTACTGCGGAA_Hpoly.Day10_Stem,B7,Stem,Hpoly.Day10
B7_CCTAAGGATCGTGA_Hpoly.Day10_Tuft,B7,Tuft,Hpoly.Day10
B7_CCTATTGAACTCAG_Hpoly.Day10_TA.Early,B7,TA.Early,Hpoly.Day10
B7_CCTATTGAGTCCTC_Hpoly.Day10_Goblet,B7,Goblet,Hpoly.Day10
B7_CCTCATCTTCGTTT_Hpoly.Day10_Tuft,B7,Tuft,Hpoly.Day10
B7_CCTCGAACCAACCA_Hpoly.Day10_Enterocyte.Progenitor,B7,Enterocyte.Progenitor,Hpoly.Day10
B7_CCTCGAACGCGGAA_Hpoly.Day10_Enterocyte.Progenitor,B7,Enterocyte.Progenitor,Hpoly.Day10
B7_CCTCTACTACCTGA_Hpoly.Day10_Stem,B7,Stem,Hpoly.Day10
B7_CCTGAGCTAGTGCT_Hpoly.Day10_Stem,B7,Stem,Hpoly.Day10
B7_CCTGGACTTGTTCT_Hpoly.Day10_Endocrine,B7,Endocrine,Hpoly.Day10
B7_CCTTAATGACACTG_Hpoly.Day10_Stem,B7,Stem,Hpoly.Day10
B7_CCTTAATGCTGACA_Hpoly.Day10_Goblet,B7,Goblet,Hpoly.Day10
B7_CCTTAATGGCGATT_Hpoly.Day10_TA.Early,B7,TA.Early,Hpoly.Day10
B7_CCTTAATGGGGACA_Hpoly.Day10_Tuft,B7,Tuft,Hpoly.Day10
B7_CCTTCACTGACAAA_Hpoly.Day10_Stem,B7,Stem,Hpoly.Day10
B7_CCTTCACTGGTGGA_Hpoly.Day10_Enterocyte.Progenitor,B7,Enterocyte.Progenitor,Hpoly.Day10
B7_CCTTTAGAAGACTC_Hpoly.Day10_Goblet,B7,Goblet,Hpoly.Day10
B7_CCTTTAGATCAAGC_Hpoly.Day10_Tuft,B7,Tuft,Hpoly.Day10
B7_CGAACATGCGCAAT_Hpoly.Day10_TA.Early,B7,TA.Early,Hpoly.Day10
B7_CGAACATGTCAGAC_Hpoly.Day10_Stem,B7,Stem,Hpoly.Day10
B7_CGAAGACTCTACTT_Hpoly.Day10_Stem,B7,Stem,Hpoly.Day10
B7_CGAAGACTTTCACT_Hpoly.Day10_Stem,B7,Stem,Hpoly.Day10
B7_CGAAGGGACCTTCG_Hpoly.Day10_TA.Early,B7,TA.Early,Hpoly.Day10
B7_CGAAGTACTCGATG_Hpoly.Day10_Stem,B7,Stem,Hpoly.Day10
B7_CGAATCGAACTGGT_Hpoly.Day10_Tuft,B7,Tuft,Hpoly.Day10
B7_CGACAAACTCCTTA_Hpoly.Day10_Stem,B7,Stem,Hpoly.Day10
B7_CGACCACTCATTGG_Hpoly.Day10_Stem,B7,Stem,Hpoly.Day10
B7_CGACCTACCTGGAT_Hpoly.Day10_TA.Early,B7,TA.Early,Hpoly.Day10
B7_CGACTCTGGGGACA_Hpoly.Day10_Stem,B7,Stem,Hpoly.Day10
B7_CGAGATTGTCCCGT_Hpoly.Day10_Stem,B7,Stem,Hpoly.Day10
B7_CGAGATTGTGTCCC_Hpoly.Day10_TA.Early,B7,TA.Early,Hpoly.Day10
B7_CGAGATTGTTCTTG_Hpoly.Day10_Enterocyte.Progenitor,B7,Enterocyte.Progenitor,Hpoly.Day10
B7_CGAGCCGAACGGGA_Hpoly.Day10_TA,B7,TA,Hpoly.Day10
B7_CGAGCGTGTAAGGA_Hpoly.Day10_Stem,B7,Stem,Hpoly.Day10
B7_CGAGGCACCATTTC_Hpoly.Day10_TA.Early,B7,TA.Early,Hpoly.Day10
B7_CGATACGAATCTCT_Hpoly.Day10_Goblet,B7,Goblet,Hpoly.Day10
B7_CGATAGACCCAACA_Hpoly.Day10_Tuft,B7,Tuft,Hpoly.Day10
B7_CGATAGACCTCTTA_Hpoly.Day10_Tuft,B7,Tuft,Hpoly.Day10
B7_CGATAGACTCGTAG_Hpoly.Day10_TA.Early,B7,TA.Early,Hpoly.Day10
B7_CGATCCACAGCTAC_Hpoly.Day10_Enterocyte.Progenitor,B7,Enterocyte.Progenitor,Hpoly.Day10
B7_CGATCCACCCACCT_Hpoly.Day10_Tuft,B7,Tuft,Hpoly.Day10
B7_CGCAAATGCTATGG_Hpoly.Day10_TA,B7,TA,Hpoly.Day10
B7_CGCAACCTACACTG_Hpoly.Day10_Stem,B7,Stem,Hpoly.Day10
B7_CGCAACCTGAGGAC_Hpoly.Day10_TA.Early,B7,TA.Early,Hpoly.Day10
B7_CGCACTACGGAGGT_Hpoly.Day10_Enterocyte,B7,Enterocyte,Hpoly.Day10
B7_CGCACTTGCCTCCA_Hpoly.Day10_Stem,B7,Stem,Hpoly.Day10
B7_CGCCATACCTTTAC_Hpoly.Day10_Stem,B7,Stem,Hpoly.Day10
B7_CGCCATTGATCACG_Hpoly.Day10_Stem,B7,Stem,Hpoly.Day10
B7_CGCCGAGAGACGAG_Hpoly.Day10_Stem,B7,Stem,Hpoly.Day10
B7_CGCGGATGGACGTT_Hpoly.Day10_TA,B7,TA,Hpoly.Day10
B7_CGCGGATGGCCAAT_Hpoly.Day10_Enterocyte.Progenitor,B7,Enterocyte.Progenitor,Hpoly.Day10
B7_CGCGGATGTTCCAT_Hpoly.Day10_Enterocyte.Progenitor,B7,Enterocyte.Progenitor,Hpoly.Day10
B7_CGCTACTGGTGAGG_Hpoly.Day10_Tuft,B7,Tuft,Hpoly.Day10
B7_CGGAATTGCTCGAA_Hpoly.Day10_Enterocyte.Progenitor,B7,Enterocyte.Progenitor,Hpoly.Day10
B7_CGGACCGACTCCCA_Hpoly.Day10_Endocrine,B7,Endocrine,Hpoly.Day10
B7_CGGACTCTATGTCG_Hpoly.Day10_Enterocyte.Progenitor,B7,Enterocyte.Progenitor,Hpoly.Day10
B7_CGGCACGAGATAAG_Hpoly.Day10_Enterocyte,B7,Enterocyte,Hpoly.Day10
B7_CGGCATCTGACAAA_Hpoly.Day10_TA.Early,B7,TA.Early,Hpoly.Day10
B7_CGGCGAACGGAACG_Hpoly.Day10_TA.Early,B7,TA.Early,Hpoly.Day10
B7_CGGCGATGCCTTTA_Hpoly.Day10_Enterocyte.Progenitor,B7,Enterocyte.Progenitor,Hpoly.Day10
B7_CGGGACTGGAGCTT_Hpoly.Day10_Enterocyte,B7,Enterocyte,Hpoly.Day10
B7_CGGGACTGGGTGGA_Hpoly.Day10_TA.Early,B7,TA.Early,Hpoly.Day10
B7_CGGGCATGTTACCT_Hpoly.Day10_Enterocyte.Progenitor,B7,Enterocyte.Progenitor,Hpoly.Day10
B7_CGGTAAACCCCGTT_Hpoly.Day10_Stem,B7,Stem,Hpoly.Day10
B7_CGTAACGATCGCCT_Hpoly.Day10_Endocrine,B7,Endocrine,Hpoly.Day10
B7_CGTACAGACTTGCC_Hpoly.Day10_Goblet,B7,Goblet,Hpoly.Day10
B7_CGTACAGAGCATCA_Hpoly.Day10_TA,B7,TA,Hpoly.Day10
B7_CGTACCACAAAGCA_Hpoly.Day10_Tuft,B7,Tuft,Hpoly.Day10
B7_CGTACCTGGGACAG_Hpoly.Day10_TA,B7,TA,Hpoly.Day10
B7_CGTACCTGTGTCGA_Hpoly.Day10_Stem,B7,Stem,Hpoly.Day10
B7_CGTAGCCTAGAGTA_Hpoly.Day10_Enterocyte,B7,Enterocyte,Hpoly.Day10
B7_CGTCCAACTATCGG_Hpoly.Day10_Goblet,B7,Goblet,Hpoly.Day10
B7_CGTGAAACCACCAA_Hpoly.Day10_TA.Early,B7,TA.Early,Hpoly.Day10
B7_CGTGAAACCAGAAA_Hpoly.Day10_Stem,B7,Stem,Hpoly.Day10
B7_CGTGAAACTAACCG_Hpoly.Day10_Enterocyte.Progenitor,B7,Enterocyte.Progenitor,Hpoly.Day10
B7_CGTGAATGACACGT_Hpoly.Day10_TA.Early,B7,TA.Early,Hpoly.Day10
B7_CGTGTAGATGATGC_Hpoly.Day10_TA.Early,B7,TA.Early,Hpoly.Day10
B7_CGTTAACTAAGAAC_Hpoly.Day10_Stem,B7,Stem,Hpoly.Day10
B7_CGTTAACTACCTTT_Hpoly.Day10_Stem,B7,Stem,Hpoly.Day10
B7_CGTTAACTGAACTC_Hpoly.Day10_Enterocyte.Progenitor,B7,Enterocyte.Progenitor,Hpoly.Day10
B7_CGTTATACTTGTGG_Hpoly.Day10_Tuft,B7,Tuft,Hpoly.Day10
B7_CGTTTAACTGGTAC_Hpoly.Day10_Stem,B7,Stem,Hpoly.Day10
B7_CGTTTAACTTCTGT_Hpoly.Day10_Stem,B7,Stem,Hpoly.Day10
B7_CTAACACTACCTAG_Hpoly.Day10_Stem,B7,Stem,Hpoly.Day10
B7_CTAAGGTGTAGCGT_Hpoly.Day10_Goblet,B7,Goblet,Hpoly.Day10
B7_CTAATAGATGAAGA_Hpoly.Day10_Tuft,B7,Tuft,Hpoly.Day10
B7_CTAATGCTTACGAC_Hpoly.Day10_Goblet,B7,Goblet,Hpoly.Day10
B7_CTACAACTTTATCC_Hpoly.Day10_Goblet,B7,Goblet,Hpoly.Day10
B7_CTACGGCTTCTCGC_Hpoly.Day10_Enterocyte.Progenitor,B7,Enterocyte.Progenitor,Hpoly.Day10
B7_CTACTATGGGTCAT_Hpoly.Day10_Enterocyte,B7,Enterocyte,Hpoly.Day10
B7_CTAGATCTGCTAAC_Hpoly.Day10_TA.Early,B7,TA.Early,Hpoly.Day10
B7_CTAGGCCTACCTCC_Hpoly.Day10_Enterocyte.Progenitor,B7,Enterocyte.Progenitor,Hpoly.Day10
B7_CTAGGCCTTGTCGA_Hpoly.Day10_Goblet,B7,Goblet,Hpoly.Day10
B7_CTAGGTGAGGCGAA_Hpoly.Day10_TA,B7,TA,Hpoly.Day10
B7_CTATAAGAACGGGA_Hpoly.Day10_Enterocyte.Progenitor,B7,Enterocyte.Progenitor,Hpoly.Day10
B7_CTATAGCTGTACCA_Hpoly.Day10_Goblet,B7,Goblet,Hpoly.Day10
B7_CTATAGCTGTGCAT_Hpoly.Day10_Tuft,B7,Tuft,Hpoly.Day10
B7_CTATCATGAAGCCT_Hpoly.Day10_Stem,B7,Stem,Hpoly.Day10
B7_CTATCATGTCACCC_Hpoly.Day10_TA,B7,TA,Hpoly.Day10
B7_CTATCCCTTGCATG_Hpoly.Day10_Enterocyte.Progenitor,B7,Enterocyte.Progenitor,Hpoly.Day10
B7_CTATGTACCAACTG_Hpoly.Day10_Goblet,B7,Goblet,Hpoly.Day10
B7_CTATGTTGCGTGAT_Hpoly.Day10_Goblet,B7,Goblet,Hpoly.Day10
B7_CTATTGACGGTACT_Hpoly.Day10_TA.Early,B7,TA.Early,Hpoly.Day10
B7_CTATTGTGTTGACG_Hpoly.Day10_Enterocyte.Progenitor,B7,Enterocyte.Progenitor,Hpoly.Day10
B7_CTCAGCACATCGTG_Hpoly.Day10_Enterocyte,B7,Enterocyte,Hpoly.Day10
B7_CTCAGGCTAGCCAT_Hpoly.Day10_Stem,B7,Stem,Hpoly.Day10
B7_CTCAGGCTGGTATC_Hpoly.Day10_TA.Early,B7,TA.Early,Hpoly.Day10
B7_CTCCACGAACCCTC_Hpoly.Day10_Enterocyte.Progenitor,B7,Enterocyte.Progenitor,Hpoly.Day10
B7_CTCCACGATCTCAT_Hpoly.Day10_Stem,B7,Stem,Hpoly.Day10
B7_CTCCATCTGACGGA_Hpoly.Day10_TA.Early,B7,TA.Early,Hpoly.Day10
B7_CTCCATCTGTCGAT_Hpoly.Day10_Tuft,B7,Tuft,Hpoly.Day10
B7_CTCCGAACGGTGGA_Hpoly.Day10_Enterocyte.Progenitor,B7,Enterocyte.Progenitor,Hpoly.Day10
B7_CTCGAAGAATGGTC_Hpoly.Day10_TA,B7,TA,Hpoly.Day10
B7_CTCGAAGACAGAAA_Hpoly.Day10_Enterocyte.Progenitor,B7,Enterocyte.Progenitor,Hpoly.Day10
B7_CTCGACTGAGGTCT_Hpoly.Day10_Enterocyte.Progenitor,B7,Enterocyte.Progenitor,Hpoly.Day10
B7_CTCGAGCTGCCAAT_Hpoly.Day10_Enterocyte.Progenitor,B7,Enterocyte.Progenitor,Hpoly.Day10
B7_CTCTAATGAAGCCT_Hpoly.Day10_Enterocyte.Progenitor,B7,Enterocyte.Progenitor,Hpoly.Day10
B7_CTGAAGTGACACAC_Hpoly.Day10_TA.Early,B7,TA.Early,Hpoly.Day10
B7_CTGAAGTGTGCAAC_Hpoly.Day10_TA,B7,TA,Hpoly.Day10
B7_CTGAATCTACCCAA_Hpoly.Day10_Goblet,B7,Goblet,Hpoly.Day10
B7_CTGAATCTCCTTAT_Hpoly.Day10_Goblet,B7,Goblet,Hpoly.Day10
B7_CTGACAGAAATGCC_Hpoly.Day10_TA.Early,B7,TA.Early,Hpoly.Day10
B7_CTGACCACCCAATG_Hpoly.Day10_TA.Early,B7,TA.Early,Hpoly.Day10
B7_CTGACCACGTCTTT_Hpoly.Day10_Tuft,B7,Tuft,Hpoly.Day10
B7_CTGCAGCTCTGATG_Hpoly.Day10_TA,B7,TA,Hpoly.Day10
B7_CTGCGACTATGTGC_Hpoly.Day10_Enterocyte.Progenitor,B7,Enterocyte.Progenitor,Hpoly.Day10
B7_CTGCGACTCCGTTC_Hpoly.Day10_TA.Early,B7,TA.Early,Hpoly.Day10
B7_CTGTAACTGCTTCC_Hpoly.Day10_TA.Early,B7,TA.Early,Hpoly.Day10
B7_CTGTAACTTCTCTA_Hpoly.Day10_Goblet,B7,Goblet,Hpoly.Day10
B7_CTGTGAGAGGAAGC_Hpoly.Day10_TA,B7,TA,Hpoly.Day10
B7_CTGTGAGATCTTTG_Hpoly.Day10_Stem,B7,Stem,Hpoly.Day10
B7_CTTAACACGAACCT_Hpoly.Day10_TA.Early,B7,TA.Early,Hpoly.Day10
B7_CTTAACACTGGAGG_Hpoly.Day10_TA.Early,B7,TA.Early,Hpoly.Day10
B7_CTTAACACTTTCAC_Hpoly.Day10_TA,B7,TA,Hpoly.Day10
B7_CTTACAACGGTGGA_Hpoly.Day10_TA.Early,B7,TA.Early,Hpoly.Day10
B7_CTTACAACTCGTAG_Hpoly.Day10_Stem,B7,Stem,Hpoly.Day10
B7_CTTACTGACACTTT_Hpoly.Day10_Stem,B7,Stem,Hpoly.Day10
B7_CTTAGACTCTAGTG_Hpoly.Day10_Enterocyte,B7,Enterocyte,Hpoly.Day10
B7_CTTAGACTGTTGAC_Hpoly.Day10_TA.Early,B7,TA.Early,Hpoly.Day10
B7_CTTCACCTGAGACG_Hpoly.Day10_Goblet,B7,Goblet,Hpoly.Day10
B7_CTTCATGACTCATT_Hpoly.Day10_TA,B7,TA,Hpoly.Day10
B7_CTTCATGATGGAAA_Hpoly.Day10_Stem,B7,Stem,Hpoly.Day10
B7_CTTCTAGAGGGAGT_Hpoly.Day10_TA.Early,B7,TA.Early,Hpoly.Day10
B7_CTTGATTGCGAACT_Hpoly.Day10_Stem,B7,Stem,Hpoly.Day10
B7_CTTGATTGTGCATG_Hpoly.Day10_TA,B7,TA,Hpoly.Day10
B7_CTTTACGAAAGGGC_Hpoly.Day10_Tuft,B7,Tuft,Hpoly.Day10
B7_CTTTACGAATCAGC_Hpoly.Day10_Stem,B7,Stem,Hpoly.Day10
B7_CTTTACGAGTCTTT_Hpoly.Day10_Enterocyte.Progenitor,B7,Enterocyte.Progenitor,Hpoly.Day10
B7_CTTTAGTGGCAGTT_Hpoly.Day10_Goblet,B7,Goblet,Hpoly.Day10
B7_CTTTAGTGGTAAGA_Hpoly.Day10_Tuft,B7,Tuft,Hpoly.Day10
B7_CTTTCAGAATTCCT_Hpoly.Day10_Enterocyte.Progenitor,B7,Enterocyte.Progenitor,Hpoly.Day10
B7_CTTTCAGACGTGAT_Hpoly.Day10_TA,B7,TA,Hpoly.Day10
B7_CTTTCAGAGTGCAT_Hpoly.Day10_Goblet,B7,Goblet,Hpoly.Day10
B7_GAAACAGAGTAAAG_Hpoly.Day10_Tuft,B7,Tuft,Hpoly.Day10
B7_GAAAGCCTAGCGGA_Hpoly.Day10_TA.Early,B7,TA.Early,Hpoly.Day10
B7_GAACAGCTAGTCGT_Hpoly.Day10_TA.Early,B7,TA.Early,Hpoly.Day10
B7_GAACGGGATCGTAG_Hpoly.Day10_Enterocyte,B7,Enterocyte,Hpoly.Day10
B7_GAAGAATGCATGCA_Hpoly.Day10_Enterocyte.Progenitor,B7,Enterocyte.Progenitor,Hpoly.Day10
B7_GAAGAATGCGAGTT_Hpoly.Day10_Goblet,B7,Goblet,Hpoly.Day10
B7_GAAGATGATAGCGT_Hpoly.Day10_Goblet,B7,Goblet,Hpoly.Day10
B7_GAAGCGGAACGTAC_Hpoly.Day10_TA.Early,B7,TA.Early,Hpoly.Day10
B7_GAAGCGGATTTGCT_Hpoly.Day10_Tuft,B7,Tuft,Hpoly.Day10
B7_GAAGCTACGCTAAC_Hpoly.Day10_Tuft,B7,Tuft,Hpoly.Day10
B7_GAAGCTTGAGGAGC_Hpoly.Day10_Enterocyte.Progenitor,B7,Enterocyte.Progenitor,Hpoly.Day10
B7_GAAGCTTGATGCTG_Hpoly.Day10_Stem,B7,Stem,Hpoly.Day10
B7_GAAGGGTGGTCTGA_Hpoly.Day10_Enterocyte,B7,Enterocyte,Hpoly.Day10
B7_GAAGGTCTGAATCC_Hpoly.Day10_Goblet,B7,Goblet,Hpoly.Day10
B7_GAAGTAGAGCTCCT_Hpoly.Day10_Goblet,B7,Goblet,Hpoly.Day10
B7_GAAGTCACGAGATA_Hpoly.Day10_TA,B7,TA,Hpoly.Day10
B7_GAAGTCTGTTCAGG_Hpoly.Day10_Endocrine,B7,Endocrine,Hpoly.Day10
B7_GAAGTGCTGGAAAT_Hpoly.Day10_Enterocyte.Progenitor,B7,Enterocyte.Progenitor,Hpoly.Day10
B7_GAAGTGCTGGTAGG_Hpoly.Day10_Stem,B7,Stem,Hpoly.Day10
B7_GAATGCACTGACTG_Hpoly.Day10_Goblet,B7,Goblet,Hpoly.Day10
B7_GAATGGCTACCAAC_Hpoly.Day10_Goblet,B7,Goblet,Hpoly.Day10
B7_GAATGGCTGAACCT_Hpoly.Day10_Stem,B7,Stem,Hpoly.Day10
B7_GAATTAACACCAAC_Hpoly.Day10_Endocrine,B7,Endocrine,Hpoly.Day10
B7_GAATTAACAGATCC_Hpoly.Day10_Tuft,B7,Tuft,Hpoly.Day10
B7_GAATTAACTGCAAC_Hpoly.Day10_TA.Early,B7,TA.Early,Hpoly.Day10
B7_GACACTGATTTACC_Hpoly.Day10_Tuft,B7,Tuft,Hpoly.Day10
B7_GACAGGGAGTTCTT_Hpoly.Day10_Stem,B7,Stem,Hpoly.Day10
B7_GACAGTACTCTTCA_Hpoly.Day10_Enterocyte.Progenitor,B7,Enterocyte.Progenitor,Hpoly.Day10
B7_GACAGTTGGGATCT_Hpoly.Day10_TA.Early,B7,TA.Early,Hpoly.Day10
B7_GACCAAACTAAGGA_Hpoly.Day10_TA.Early,B7,TA.Early,Hpoly.Day10
B7_GACCAAACTCTTCA_Hpoly.Day10_TA.Early,B7,TA.Early,Hpoly.Day10
B7_GACCATGACGAGTT_Hpoly.Day10_TA.Early,B7,TA.Early,Hpoly.Day10
B7_GACCATGATTCATC_Hpoly.Day10_Goblet,B7,Goblet,Hpoly.Day10
B7_GACCCTACGAAGGC_Hpoly.Day10_TA.Early,B7,TA.Early,Hpoly.Day10
B7_GACGCTCTTAAGGA_Hpoly.Day10_Goblet,B7,Goblet,Hpoly.Day10
B7_GACGTATGCTAGTG_Hpoly.Day10_Enterocyte.Progenitor,B7,Enterocyte.Progenitor,Hpoly.Day10
B7_GACGTATGGTCGTA_Hpoly.Day10_Stem,B7,Stem,Hpoly.Day10
B7_GACTTTACAGCATC_Hpoly.Day10_Enterocyte.Progenitor,B7,Enterocyte.Progenitor,Hpoly.Day10
B7_GAGAAATGACTCTT_Hpoly.Day10_Enterocyte.Progenitor,B7,Enterocyte.Progenitor,Hpoly.Day10
B7_GAGAAATGTGCCAA_Hpoly.Day10_Stem,B7,Stem,Hpoly.Day10
B7_GAGATAGACTGTGA_Hpoly.Day10_Enterocyte.Progenitor,B7,Enterocyte.Progenitor,Hpoly.Day10
B7_GAGATAGAGCATAC_Hpoly.Day10_TA,B7,TA,Hpoly.Day10
B7_GAGATAGAGGGAGT_Hpoly.Day10_Enterocyte.Progenitor,B7,Enterocyte.Progenitor,Hpoly.Day10
B7_GAGATCACAAGTAG_Hpoly.Day10_Stem,B7,Stem,Hpoly.Day10
B7_GAGATCACGTCTGA_Hpoly.Day10_Enterocyte.Progenitor,B7,Enterocyte.Progenitor,Hpoly.Day10
B7_GAGCAACTATCACG_Hpoly.Day10_Goblet,B7,Goblet,Hpoly.Day10
B7_GAGCAACTTGACAC_Hpoly.Day10_Stem,B7,Stem,Hpoly.Day10
B7_GAGCGAGAATTCCT_Hpoly.Day10_Stem,B7,Stem,Hpoly.Day10
B7_GAGCGAGACCTTCG_Hpoly.Day10_TA.Early,B7,TA.Early,Hpoly.Day10
B7_GAGCGAGACCTTGC_Hpoly.Day10_Tuft,B7,Tuft,Hpoly.Day10
B7_GAGCGCACACCTTT_Hpoly.Day10_Goblet,B7,Goblet,Hpoly.Day10
B7_GAGCGCACCCCGTT_Hpoly.Day10_TA,B7,TA,Hpoly.Day10
B7_GAGCGCACTTGTCT_Hpoly.Day10_Stem,B7,Stem,Hpoly.Day10
B7_GAGCGGCTCAGATC_Hpoly.Day10_TA,B7,TA,Hpoly.Day10
B7_GAGCGGCTCCCGTT_Hpoly.Day10_Stem,B7,Stem,Hpoly.Day10
B7_GAGCGGCTGTGCAT_Hpoly.Day10_Stem,B7,Stem,Hpoly.Day10
B7_GAGGACGAGGGACA_Hpoly.Day10_Goblet,B7,Goblet,Hpoly.Day10
B7_GAGGCAGATTCGCC_Hpoly.Day10_Goblet,B7,Goblet,Hpoly.Day10
B7_GAGGCCACTAAGGA_Hpoly.Day10_TA,B7,TA,Hpoly.Day10
B7_GAGGTACTTGGAGG_Hpoly.Day10_Goblet,B7,Goblet,Hpoly.Day10
B7_GAGGTTTGACCAAC_Hpoly.Day10_Tuft,B7,Tuft,Hpoly.Day10
B7_GAGTACACACGGTT_Hpoly.Day10_Endocrine,B7,Endocrine,Hpoly.Day10
B7_GAGTACTGCACTGA_Hpoly.Day10_TA.Early,B7,TA.Early,Hpoly.Day10
B7_GAGTCTGACGTTAG_Hpoly.Day10_Enterocyte.Progenitor,B7,Enterocyte.Progenitor,Hpoly.Day10
B7_GAGTGGGATTCGGA_Hpoly.Day10_TA.Early,B7,TA.Early,Hpoly.Day10
B7_GAGTGTTGAGAATG_Hpoly.Day10_Stem,B7,Stem,Hpoly.Day10
B7_GATAATACCTGAGT_Hpoly.Day10_TA.Early,B7,TA.Early,Hpoly.Day10
B7_GATACTCTCCTAAG_Hpoly.Day10_Stem,B7,Stem,Hpoly.Day10
B7_GATACTCTGTCACA_Hpoly.Day10_Stem,B7,Stem,Hpoly.Day10
B7_GATACTCTTCGTAG_Hpoly.Day10_Tuft,B7,Tuft,Hpoly.Day10
B7_GATAGAGAGTTCGA_Hpoly.Day10_TA,B7,TA,Hpoly.Day10
B7_GATAGAGATAGCCA_Hpoly.Day10_TA.Early,B7,TA.Early,Hpoly.Day10
B7_GATAGAGATGGATC_Hpoly.Day10_Goblet,B7,Goblet,Hpoly.Day10
B7_GATAGCACGCATAC_Hpoly.Day10_Goblet,B7,Goblet,Hpoly.Day10
B7_GATATCCTGATAGA_Hpoly.Day10_Enterocyte.Progenitor,B7,Enterocyte.Progenitor,Hpoly.Day10
B7_GATATTGACAGAGG_Hpoly.Day10_Stem,B7,Stem,Hpoly.Day10
B7_GATATTGAGAATAG_Hpoly.Day10_Stem,B7,Stem,Hpoly.Day10
B7_GATCATCTACTGGT_Hpoly.Day10_TA.Early,B7,TA.Early,Hpoly.Day10
B7_GATCCCTGGCGTAT_Hpoly.Day10_Endocrine,B7,Endocrine,Hpoly.Day10
B7_GATCCGCTACGGAG_Hpoly.Day10_Tuft,B7,Tuft,Hpoly.Day10
B7_GATCTACTGCTGTA_Hpoly.Day10_TA.Early,B7,TA.Early,Hpoly.Day10
B7_GATCTACTTGTTTC_Hpoly.Day10_TA.Early,B7,TA.Early,Hpoly.Day10
B7_GATCTTTGTACGAC_Hpoly.Day10_Stem,B7,Stem,Hpoly.Day10
B7_GATGACACGAAGGC_Hpoly.Day10_TA,B7,TA,Hpoly.Day10
B7_GATGACACTGGTAC_Hpoly.Day10_TA.Early,B7,TA.Early,Hpoly.Day10
B7_GATGCATGCATCAG_Hpoly.Day10_Tuft,B7,Tuft,Hpoly.Day10
B7_GATGCATGCCTTTA_Hpoly.Day10_Stem,B7,Stem,Hpoly.Day10
B7_GATGCCCTACTGTG_Hpoly.Day10_Enterocyte.Progenitor,B7,Enterocyte.Progenitor,Hpoly.Day10
B7_GATGCCCTCAGATC_Hpoly.Day10_Goblet,B7,Goblet,Hpoly.Day10
B7_GATTCTACCCAACA_Hpoly.Day10_TA.Early,B7,TA.Early,Hpoly.Day10
B7_GATTCTACGATAAG_Hpoly.Day10_Goblet,B7,Goblet,Hpoly.Day10
B7_GATTCTACTATTCC_Hpoly.Day10_Goblet,B7,Goblet,Hpoly.Day10
B7_GCAAACTGAGTTCG_Hpoly.Day10_TA,B7,TA,Hpoly.Day10
B7_GCAAACTGCGATAC_Hpoly.Day10_TA,B7,TA,Hpoly.Day10
B7_GCAAACTGTTCGTT_Hpoly.Day10_TA,B7,TA,Hpoly.Day10
B7_GCAACCCTAGAGTA_Hpoly.Day10_TA,B7,TA,Hpoly.Day10
B7_GCAACTGACGAATC_Hpoly.Day10_Goblet,B7,Goblet,Hpoly.Day10
B7_GCAACTGAGTGTAC_Hpoly.Day10_Enterocyte.Progenitor,B7,Enterocyte.Progenitor,Hpoly.Day10
B7_GCAAGACTCTGATG_Hpoly.Day10_TA.Early,B7,TA.Early,Hpoly.Day10
B7_GCAAGACTTCCAAG_Hpoly.Day10_Enterocyte.Progenitor,B7,Enterocyte.Progenitor,Hpoly.Day10
B7_GCAATCGACGAATC_Hpoly.Day10_Tuft,B7,Tuft,Hpoly.Day10
B7_GCAATCGAGATACC_Hpoly.Day10_Stem,B7,Stem,Hpoly.Day10
B7_GCACAATGCAATCG_Hpoly.Day10_Tuft,B7,Tuft,Hpoly.Day10
B7_GCACAATGCCCAAA_Hpoly.Day10_Tuft,B7,Tuft,Hpoly.Day10
B7_GCACAATGCTCCAC_Hpoly.Day10_TA,B7,TA,Hpoly.Day10
B7_GCACACCTTAAAGG_Hpoly.Day10_Stem,B7,Stem,Hpoly.Day10
B7_GCACCACTATGTCG_Hpoly.Day10_Stem,B7,Stem,Hpoly.Day10
B7_GCACCTTGAGTGCT_Hpoly.Day10_TA,B7,TA,Hpoly.Day10
B7_GCACGGACGGTTCA_Hpoly.Day10_Tuft,B7,Tuft,Hpoly.Day10
B7_GCACGGTGGCAAGG_Hpoly.Day10_Goblet,B7,Goblet,Hpoly.Day10
B7_GCACGTCTGGTTTG_Hpoly.Day10_Tuft,B7,Tuft,Hpoly.Day10
B7_GCACTGCTGCAGAG_Hpoly.Day10_Stem,B7,Stem,Hpoly.Day10
B7_GCAGATACTCACCC_Hpoly.Day10_Tuft,B7,Tuft,Hpoly.Day10
B7_GCAGCCGAAGCGTT_Hpoly.Day10_Tuft,B7,Tuft,Hpoly.Day10
B7_GCAGGGCTGGCATT_Hpoly.Day10_Enterocyte.Progenitor,B7,Enterocyte.Progenitor,Hpoly.Day10
B7_GCAGTCCTATTTCC_Hpoly.Day10_Stem,B7,Stem,Hpoly.Day10
B7_GCAGTTGACAGAGG_Hpoly.Day10_Goblet,B7,Goblet,Hpoly.Day10
B7_GCAGTTGACGGAGA_Hpoly.Day10_TA.Early,B7,TA.Early,Hpoly.Day10
B7_GCAGTTGACTCCCA_Hpoly.Day10_Enterocyte.Progenitor,B7,Enterocyte.Progenitor,Hpoly.Day10
B7_GCAGTTGAGCGTTA_Hpoly.Day10_Enterocyte.Progenitor,B7,Enterocyte.Progenitor,Hpoly.Day10
B7_GCATCAGAACGGAG_Hpoly.Day10_Tuft,B7,Tuft,Hpoly.Day10
B7_GCATCAGATGAGGG_Hpoly.Day10_Stem,B7,Stem,Hpoly.Day10
B7_GCATGTGATCCGTC_Hpoly.Day10_Tuft,B7,Tuft,Hpoly.Day10
B7_GCATTGGAACCGAT_Hpoly.Day10_Tuft,B7,Tuft,Hpoly.Day10
B7_GCCAAAACACACTG_Hpoly.Day10_Tuft,B7,Tuft,Hpoly.Day10
B7_GCCAAAACTTGCAG_Hpoly.Day10_Endocrine,B7,Endocrine,Hpoly.Day10
B7_GCCAACCTCTATGG_Hpoly.Day10_Stem,B7,Stem,Hpoly.Day10
B7_GCCACGGATCTCAT_Hpoly.Day10_TA,B7,TA,Hpoly.Day10
B7_GCCACTACAACGAA_Hpoly.Day10_TA.Early,B7,TA.Early,Hpoly.Day10
B7_GCCACTACCGTACA_Hpoly.Day10_TA,B7,TA,Hpoly.Day10
B7_GCCACTACTCCTCG_Hpoly.Day10_Tuft,B7,Tuft,Hpoly.Day10
B7_GCCATCACCACTCC_Hpoly.Day10_Tuft,B7,Tuft,Hpoly.Day10
B7_GCCATGCTAAGAAC_Hpoly.Day10_Enterocyte,B7,Enterocyte,Hpoly.Day10
B7_GCCCAACTCGTGTA_Hpoly.Day10_Stem,B7,Stem,Hpoly.Day10
B7_GCCCAGGACGTTGA_Hpoly.Day10_TA,B7,TA,Hpoly.Day10
B7_GCCCAGGATCAGTG_Hpoly.Day10_Goblet,B7,Goblet,Hpoly.Day10
B7_GCCCATACTCTCAT_Hpoly.Day10_Goblet,B7,Goblet,Hpoly.Day10
B7_GCCGAGTGTCCTTA_Hpoly.Day10_Stem,B7,Stem,Hpoly.Day10
B7_GCCGTACTGTTCGA_Hpoly.Day10_Stem,B7,Stem,Hpoly.Day10
B7_GCCTACACCTCTCG_Hpoly.Day10_Tuft,B7,Tuft,Hpoly.Day10
B7_GCCTAGCTGATAGA_Hpoly.Day10_Tuft,B7,Tuft,Hpoly.Day10
B7_GCCTAGCTGGTAGG_Hpoly.Day10_Endocrine,B7,Endocrine,Hpoly.Day10
B7_GCCTCATGCTCGAA_Hpoly.Day10_Enterocyte.Progenitor,B7,Enterocyte.Progenitor,Hpoly.Day10
B7_GCGAGAGAACTGTG_Hpoly.Day10_TA,B7,TA,Hpoly.Day10
B7_GCGAGAGATCAGTG_Hpoly.Day10_Stem,B7,Stem,Hpoly.Day10
B7_GCGCACGATCAGAC_Hpoly.Day10_Stem,B7,Stem,Hpoly.Day10
B7_GCGCATCTGTCATG_Hpoly.Day10_Goblet,B7,Goblet,Hpoly.Day10
B7_GCGCGATGTCGCAA_Hpoly.Day10_Stem,B7,Stem,Hpoly.Day10
B7_GCGGACTGACCGAT_Hpoly.Day10_Goblet,B7,Goblet,Hpoly.Day10
B7_GCGGAGCTGGTAAA_Hpoly.Day10_Enterocyte.Progenitor,B7,Enterocyte.Progenitor,Hpoly.Day10
B7_GCGGCAACCACTAG_Hpoly.Day10_Stem,B7,Stem,Hpoly.Day10
B7_GCGTAAACTTCTTG_Hpoly.Day10_Goblet,B7,Goblet,Hpoly.Day10
B7_GCGTAATGCTTGAG_Hpoly.Day10_Enterocyte.Progenitor,B7,Enterocyte.Progenitor,Hpoly.Day10
B7_GCGTACCTACCTAG_Hpoly.Day10_TA.Early,B7,TA.Early,Hpoly.Day10
B7_GCTAGAACCGAGAG_Hpoly.Day10_Stem,B7,Stem,Hpoly.Day10
B7_GCTATACTTGCACA_Hpoly.Day10_Goblet,B7,Goblet,Hpoly.Day10
B7_GCTCACTGCGTAAC_Hpoly.Day10_TA,B7,TA,Hpoly.Day10
B7_GCTCCATGAAGTGA_Hpoly.Day10_TA.Early,B7,TA.Early,Hpoly.Day10
B7_GCTGATGATCTTAC_Hpoly.Day10_Enterocyte.Progenitor,B7,Enterocyte.Progenitor,Hpoly.Day10
B7_GCTGATGATGTCAG_Hpoly.Day10_Tuft,B7,Tuft,Hpoly.Day10
B7_GCTTAACTGACGGA_Hpoly.Day10_TA.Early,B7,TA.Early,Hpoly.Day10
B7_GCTTGAGACATGAC_Hpoly.Day10_Stem,B7,Stem,Hpoly.Day10
B7_GGAACACTCAGAGG_Hpoly.Day10_TA,B7,TA,Hpoly.Day10
B7_GGAACACTGACGTT_Hpoly.Day10_Enterocyte.Progenitor,B7,Enterocyte.Progenitor,Hpoly.Day10
B7_GGAACTACACACTG_Hpoly.Day10_Enterocyte.Progenitor,B7,Enterocyte.Progenitor,Hpoly.Day10
B7_GGAAGGACGCCATA_Hpoly.Day10_TA.Early,B7,TA.Early,Hpoly.Day10
B7_GGAATCTGTCAGTG_Hpoly.Day10_TA.Early,B7,TA.Early,Hpoly.Day10
B7_GGACCCGAAGTGTC_Hpoly.Day10_Stem,B7,Stem,Hpoly.Day10
B7_GGACCCGACCTTTA_Hpoly.Day10_Enterocyte,B7,Enterocyte,Hpoly.Day10
B7_GGACGAGACTCCCA_Hpoly.Day10_Tuft,B7,Tuft,Hpoly.Day10
B7_GGACGCACGGCAAG_Hpoly.Day10_TA,B7,TA,Hpoly.Day10
B7_GGACTATGTCCAAG_Hpoly.Day10_Tuft,B7,Tuft,Hpoly.Day10
B7_GGAGACGAACGCAT_Hpoly.Day10_Enterocyte,B7,Enterocyte,Hpoly.Day10
B7_GGAGCCACCTCGCT_Hpoly.Day10_TA,B7,TA,Hpoly.Day10
B7_GGAGCCACTCTTCA_Hpoly.Day10_Enterocyte.Progenitor,B7,Enterocyte.Progenitor,Hpoly.Day10
B7_GGAGCGCTCTTGTT_Hpoly.Day10_Enterocyte,B7,Enterocyte,Hpoly.Day10
B7_GGAGGCCTTTCACT_Hpoly.Day10_TA.Early,B7,TA.Early,Hpoly.Day10
B7_GGAGGTGATCTCTA_Hpoly.Day10_Goblet,B7,Goblet,Hpoly.Day10
B7_GGATACTGAACGTC_Hpoly.Day10_Enterocyte,B7,Enterocyte,Hpoly.Day10
B7_GGATACTGGTAAGA_Hpoly.Day10_Enterocyte,B7,Enterocyte,Hpoly.Day10
B7_GGATACTGTGCTAG_Hpoly.Day10_Stem,B7,Stem,Hpoly.Day10
B7_GGATGTTGACGGGA_Hpoly.Day10_Enterocyte.Progenitor,B7,Enterocyte.Progenitor,Hpoly.Day10
B7_GGATGTTGAGGAGC_Hpoly.Day10_Stem,B7,Stem,Hpoly.Day10
B7_GGATTGTGATCGGT_Hpoly.Day10_TA.Early,B7,TA.Early,Hpoly.Day10
B7_GGATTTCTCCTTCG_Hpoly.Day10_TA.Early,B7,TA.Early,Hpoly.Day10
B7_GGCAAGGACCCGTT_Hpoly.Day10_Enterocyte.Progenitor,B7,Enterocyte.Progenitor,Hpoly.Day10
B7_GGCAATACTGCGTA_Hpoly.Day10_TA.Early,B7,TA.Early,Hpoly.Day10
B7_GGCACTCTGAGGAC_Hpoly.Day10_Stem,B7,Stem,Hpoly.Day10
B7_GGCACTCTGTACCA_Hpoly.Day10_Enterocyte,B7,Enterocyte,Hpoly.Day10
B7_GGCCACGAACAGTC_Hpoly.Day10_Enterocyte,B7,Enterocyte,Hpoly.Day10
B7_GGCCCAGAGGGTGA_Hpoly.Day10_Goblet,B7,Goblet,Hpoly.Day10
B7_GGCGACACAGGCGA_Hpoly.Day10_Tuft,B7,Tuft,Hpoly.Day10
B7_GGCGACACCCGAAT_Hpoly.Day10_Enterocyte,B7,Enterocyte,Hpoly.Day10
B7_GGCGGACTAACGGG_Hpoly.Day10_Stem,B7,Stem,Hpoly.Day10
B7_GGCGGACTCCTACC_Hpoly.Day10_TA.Early,B7,TA.Early,Hpoly.Day10
B7_GGCGGACTGGCAAG_Hpoly.Day10_TA.Early,B7,TA.Early,Hpoly.Day10
B7_GGCTAAACGTAAAG_Hpoly.Day10_Enterocyte.Progenitor,B7,Enterocyte.Progenitor,Hpoly.Day10
B7_GGCTAATGTGCACA_Hpoly.Day10_Stem,B7,Stem,Hpoly.Day10
B7_GGCTACCTATGACC_Hpoly.Day10_Enterocyte.Progenitor,B7,Enterocyte.Progenitor,Hpoly.Day10
B7_GGGAACGACCCTTG_Hpoly.Day10_Goblet,B7,Goblet,Hpoly.Day10
B7_GGGAACGAGTCCTC_Hpoly.Day10_Enterocyte.Progenitor,B7,Enterocyte.Progenitor,Hpoly.Day10
B7_GGGAACGAGTCTAG_Hpoly.Day10_TA.Early,B7,TA.Early,Hpoly.Day10
B7_GGGAAGTGCCAAGT_Hpoly.Day10_TA,B7,TA,Hpoly.Day10
B7_GGGACCACTTGACG_Hpoly.Day10_Endocrine,B7,Endocrine,Hpoly.Day10
B7_GGGACCTGCACTTT_Hpoly.Day10_Stem,B7,Stem,Hpoly.Day10
B7_GGGATGGAATCGGT_Hpoly.Day10_TA.Early,B7,TA.Early,Hpoly.Day10
B7_GGGATGGAGAATGA_Hpoly.Day10_TA.Early,B7,TA.Early,Hpoly.Day10
B7_GGGATTACGTCTAG_Hpoly.Day10_TA,B7,TA,Hpoly.Day10
B7_GGGCAAGAACCCAA_Hpoly.Day10_Enterocyte.Progenitor,B7,Enterocyte.Progenitor,Hpoly.Day10
B7_GGGCAAGACATGCA_Hpoly.Day10_TA.Early,B7,TA.Early,Hpoly.Day10
B7_GGGCAAGACTGCAA_Hpoly.Day10_Enterocyte.Progenitor,B7,Enterocyte.Progenitor,Hpoly.Day10
B7_GGGCACACAGGTCT_Hpoly.Day10_Stem,B7,Stem,Hpoly.Day10
B7_GGGCAGCTGTCTGA_Hpoly.Day10_Tuft,B7,Tuft,Hpoly.Day10
B7_GGGCCAACACGGTT_Hpoly.Day10_TA.Early,B7,TA.Early,Hpoly.Day10
B7_GGGCCAACCAATCG_Hpoly.Day10_TA.Early,B7,TA.Early,Hpoly.Day10
B7_GGGCCAACTTGCTT_Hpoly.Day10_TA,B7,TA,Hpoly.Day10
B7_GGGTAACTGATAAG_Hpoly.Day10_Stem,B7,Stem,Hpoly.Day10
B7_GGGTTATGCGTAGT_Hpoly.Day10_Enterocyte.Progenitor,B7,Enterocyte.Progenitor,Hpoly.Day10
B7_GGGTTATGTCTCAT_Hpoly.Day10_Enterocyte,B7,Enterocyte,Hpoly.Day10
B7_GGTAAAGATCTTCA_Hpoly.Day10_TA.Early,B7,TA.Early,Hpoly.Day10
B7_GGTAGTACATGCCA_Hpoly.Day10_Enterocyte.Progenitor,B7,Enterocyte.Progenitor,Hpoly.Day10
B7_GGTATGACATCGGT_Hpoly.Day10_Stem,B7,Stem,Hpoly.Day10
B7_GGTCTAGAACCACA_Hpoly.Day10_Goblet,B7,Goblet,Hpoly.Day10
B7_GGTGATACATCAGC_Hpoly.Day10_Enterocyte,B7,Enterocyte,Hpoly.Day10
B7_GGTGGAGACTGCAA_Hpoly.Day10_Stem,B7,Stem,Hpoly.Day10
B7_GGTTGAACGTCGAT_Hpoly.Day10_Stem,B7,Stem,Hpoly.Day10
B7_GTAACGTGCTAAGC_Hpoly.Day10_Stem,B7,Stem,Hpoly.Day10
B7_GTAAGCTGCCACCT_Hpoly.Day10_TA,B7,TA,Hpoly.Day10
B7_GTAATAACGGAGCA_Hpoly.Day10_TA.Early,B7,TA.Early,Hpoly.Day10
B7_GTAATATGGAGCTT_Hpoly.Day10_TA,B7,TA,Hpoly.Day10
B7_GTACAGTGCTGAGT_Hpoly.Day10_Enterocyte.Progenitor,B7,Enterocyte.Progenitor,Hpoly.Day10
B7_GTACCCTGTTTCGT_Hpoly.Day10_Goblet,B7,Goblet,Hpoly.Day10
B7_GTACGTGAATTGGC_Hpoly.Day10_Tuft,B7,Tuft,Hpoly.Day10
B7_GTACTACTGGTGTT_Hpoly.Day10_Stem,B7,Stem,Hpoly.Day10
B7_GTAGACTGCGCATA_Hpoly.Day10_Goblet,B7,Goblet,Hpoly.Day10
B7_GTAGCAACTCGCAA_Hpoly.Day10_Endocrine,B7,Endocrine,Hpoly.Day10
B7_GTAGCTGAGTCGTA_Hpoly.Day10_Stem,B7,Stem,Hpoly.Day10
B7_GTAGGTACTACGAC_Hpoly.Day10_Stem,B7,Stem,Hpoly.Day10
B7_GTAGTGTGACCATG_Hpoly.Day10_Goblet,B7,Goblet,Hpoly.Day10
B7_GTAGTGTGGGACGA_Hpoly.Day10_TA,B7,TA,Hpoly.Day10
B7_GTATCTACATGACC_Hpoly.Day10_Enterocyte.Progenitor,B7,Enterocyte.Progenitor,Hpoly.Day10
B7_GTATGGTGTATCTC_Hpoly.Day10_TA.Early,B7,TA.Early,Hpoly.Day10
B7_GTATTAGACAGAAA_Hpoly.Day10_Enterocyte,B7,Enterocyte,Hpoly.Day10
B7_GTATTAGAGAGGAC_Hpoly.Day10_Tuft,B7,Tuft,Hpoly.Day10
B7_GTATTAGATCCCGT_Hpoly.Day10_Stem,B7,Stem,Hpoly.Day10
B7_GTCCACTGTACTTC_Hpoly.Day10_Stem,B7,Stem,Hpoly.Day10
B7_GTCCAGCTGATAGA_Hpoly.Day10_Enterocyte,B7,Enterocyte,Hpoly.Day10
B7_GTCCCATGACTTTC_Hpoly.Day10_Goblet,B7,Goblet,Hpoly.Day10
B7_GTCGAATGCGCAAT_Hpoly.Day10_Enterocyte.Progenitor,B7,Enterocyte.Progenitor,Hpoly.Day10
B7_GTCGCACTCTTCGC_Hpoly.Day10_Stem,B7,Stem,Hpoly.Day10
B7_GTCGCACTTTGGCA_Hpoly.Day10_Goblet,B7,Goblet,Hpoly.Day10
B7_GTCTGAGACCCACT_Hpoly.Day10_Stem,B7,Stem,Hpoly.Day10
B7_GTGAACACACGTAC_Hpoly.Day10_TA,B7,TA,Hpoly.Day10
B7_GTGATGACCCAACA_Hpoly.Day10_Enterocyte,B7,Enterocyte,Hpoly.Day10
B7_GTGATTCTCATACG_Hpoly.Day10_TA,B7,TA,Hpoly.Day10
B7_GTGATTCTGGAAAT_Hpoly.Day10_TA,B7,TA,Hpoly.Day10
B7_GTGATTCTGTCGTA_Hpoly.Day10_TA,B7,TA,Hpoly.Day10
B7_GTGCCACTCCCTAC_Hpoly.Day10_Enterocyte,B7,Enterocyte,Hpoly.Day10
B7_GTGCTAGATCGTGA_Hpoly.Day10_Stem,B7,Stem,Hpoly.Day10
B7_GTGCTAGATGCAAC_Hpoly.Day10_Enterocyte.Progenitor,B7,Enterocyte.Progenitor,Hpoly.Day10
B7_GTGTACGATCTACT_Hpoly.Day10_Tuft,B7,Tuft,Hpoly.Day10
B7_GTGTAGTGTAGAGA_Hpoly.Day10_Endocrine,B7,Endocrine,Hpoly.Day10
B7_GTGTAGTGTAGTCG_Hpoly.Day10_Goblet,B7,Goblet,Hpoly.Day10
B7_GTGTATCTCCAAGT_Hpoly.Day10_Endocrine,B7,Endocrine,Hpoly.Day10
B7_GTGTATCTTTCTGT_Hpoly.Day10_Enterocyte.Progenitor,B7,Enterocyte.Progenitor,Hpoly.Day10
B7_GTGTCAGAGACGAG_Hpoly.Day10_TA.Early,B7,TA.Early,Hpoly.Day10
B7_GTGTCAGAGCGGAA_Hpoly.Day10_Enterocyte.Progenitor,B7,Enterocyte.Progenitor,Hpoly.Day10
B7_GTTACTACCCTAAG_Hpoly.Day10_Stem,B7,Stem,Hpoly.Day10
B7_GTTAGTCTTCCTGC_Hpoly.Day10_TA,B7,TA,Hpoly.Day10
B7_GTTAGTCTTGCCAA_Hpoly.Day10_TA.Early,B7,TA.Early,Hpoly.Day10
B7_GTTATGCTTACGAC_Hpoly.Day10_Enterocyte.Progenitor,B7,Enterocyte.Progenitor,Hpoly.Day10
B7_GTTCAGGATGACTG_Hpoly.Day10_Enterocyte.Progenitor,B7,Enterocyte.Progenitor,Hpoly.Day10
B7_GTTGAGTGTGTTTC_Hpoly.Day10_TA.Early,B7,TA.Early,Hpoly.Day10
B7_GTTGGATGCAGAGG_Hpoly.Day10_Stem,B7,Stem,Hpoly.Day10
B7_GTTGGATGTCTTAC_Hpoly.Day10_TA.Early,B7,TA.Early,Hpoly.Day10
B7_GTTGTACTCCAACA_Hpoly.Day10_Tuft,B7,Tuft,Hpoly.Day10
B7_GTTGTACTCTTGGA_Hpoly.Day10_Tuft,B7,Tuft,Hpoly.Day10
B7_GTTGTACTTCCGTC_Hpoly.Day10_Stem,B7,Stem,Hpoly.Day10
B7_TAAAGACTAACTGC_Hpoly.Day10_Enterocyte,B7,Enterocyte,Hpoly.Day10
B7_TAAAGACTGTGTTG_Hpoly.Day10_Enterocyte.Progenitor,B7,Enterocyte.Progenitor,Hpoly.Day10
B7_TAAAGACTTTCGCC_Hpoly.Day10_Enterocyte.Progenitor,B7,Enterocyte.Progenitor,Hpoly.Day10
B7_TAAAGTTGAGTAGA_Hpoly.Day10_TA.Early,B7,TA.Early,Hpoly.Day10
B7_TAAAGTTGTCGCCT_Hpoly.Day10_TA.Early,B7,TA.Early,Hpoly.Day10
B7_TAAATCGACGTGTA_Hpoly.Day10_Stem,B7,Stem,Hpoly.Day10
B7_TAACCGGATGGTGT_Hpoly.Day10_TA,B7,TA,Hpoly.Day10
B7_TAACTAGATTCTGT_Hpoly.Day10_Enterocyte.Progenitor,B7,Enterocyte.Progenitor,Hpoly.Day10
B7_TAAGAACTAAGAAC_Hpoly.Day10_Endocrine,B7,Endocrine,Hpoly.Day10
B7_TAAGAGGACTTATC_Hpoly.Day10_TA,B7,TA,Hpoly.Day10
B7_TAAGATACTGGCAT_Hpoly.Day10_Enterocyte.Progenitor,B7,Enterocyte.Progenitor,Hpoly.Day10
B7_TAAGCGTGCCTCGT_Hpoly.Day10_Enterocyte.Progenitor,B7,Enterocyte.Progenitor,Hpoly.Day10
B7_TAAGCGTGGCGTAT_Hpoly.Day10_Enterocyte.Progenitor,B7,Enterocyte.Progenitor,Hpoly.Day10
B7_TAAGCTCTCTTCCG_Hpoly.Day10_Tuft,B7,Tuft,Hpoly.Day10
B7_TAAGGCTGTAGCGT_Hpoly.Day10_Enterocyte.Progenitor,B7,Enterocyte.Progenitor,Hpoly.Day10
B7_TAATCGCTGCTACA_Hpoly.Day10_Stem,B7,Stem,Hpoly.Day10
B7_TAATGATGACGGGA_Hpoly.Day10_Stem,B7,Stem,Hpoly.Day10
B7_TAATGATGTGGTAC_Hpoly.Day10_Enterocyte.Progenitor,B7,Enterocyte.Progenitor,Hpoly.Day10
B7_TACAATGAAGACTC_Hpoly.Day10_Stem,B7,Stem,Hpoly.Day10
B7_TACAATGAGACAGG_Hpoly.Day10_TA.Early,B7,TA.Early,Hpoly.Day10
B7_TACAATGAGACTAC_Hpoly.Day10_TA.Early,B7,TA.Early,Hpoly.Day10
B7_TACACACTCATCAG_Hpoly.Day10_Stem,B7,Stem,Hpoly.Day10
B7_TACCATTGGTTCAG_Hpoly.Day10_Goblet,B7,Goblet,Hpoly.Day10
B7_TACCGCTGTAAGGA_Hpoly.Day10_Tuft,B7,Tuft,Hpoly.Day10
B7_TACCGGCTGACGGA_Hpoly.Day10_Tuft,B7,Tuft,Hpoly.Day10
B7_TACGACGAGATAAG_Hpoly.Day10_Endocrine,B7,Endocrine,Hpoly.Day10
B7_TACGAGACACACGT_Hpoly.Day10_Stem,B7,Stem,Hpoly.Day10
B7_TACGAGTGCCTATT_Hpoly.Day10_Stem,B7,Stem,Hpoly.Day10
B7_TACGATCTACAGCT_Hpoly.Day10_Enterocyte,B7,Enterocyte,Hpoly.Day10
B7_TACGCAGATTCGTT_Hpoly.Day10_Enterocyte.Progenitor,B7,Enterocyte.Progenitor,Hpoly.Day10
B7_TACGCGCTAAGGGC_Hpoly.Day10_TA.Early,B7,TA.Early,Hpoly.Day10
B7_TACGCGCTCAACCA_Hpoly.Day10_Enterocyte.Progenitor,B7,Enterocyte.Progenitor,Hpoly.Day10
B7_TACGCGCTCTGTAG_Hpoly.Day10_Goblet,B7,Goblet,Hpoly.Day10
B7_TACGCGCTTCGACA_Hpoly.Day10_Tuft,B7,Tuft,Hpoly.Day10
B7_TACGGAACAACCGT_Hpoly.Day10_TA.Early,B7,TA.Early,Hpoly.Day10
B7_TACGGCCTATGTCG_Hpoly.Day10_Enterocyte.Progenitor,B7,Enterocyte.Progenitor,Hpoly.Day10
B7_TACGGCCTTCCTTA_Hpoly.Day10_Goblet,B7,Goblet,Hpoly.Day10
B7_TACGTACTCATGAC_Hpoly.Day10_Stem,B7,Stem,Hpoly.Day10
B7_TACGTACTTTCATC_Hpoly.Day10_Stem,B7,Stem,Hpoly.Day10
B7_TACGTTACTGCCTC_Hpoly.Day10_Enterocyte.Progenitor,B7,Enterocyte.Progenitor,Hpoly.Day10
B7_TACTAAGAGTTGGT_Hpoly.Day10_Tuft,B7,Tuft,Hpoly.Day10
B7_TACTCAACCACTAG_Hpoly.Day10_Tuft,B7,Tuft,Hpoly.Day10
B7_TACTCAACTCGTTT_Hpoly.Day10_Stem,B7,Stem,Hpoly.Day10
B7_TACTCTGAGCCATA_Hpoly.Day10_Tuft,B7,Tuft,Hpoly.Day10
B7_TACTCTGAGGTTTG_Hpoly.Day10_TA,B7,TA,Hpoly.Day10
B7_TACTCTGAGTAGGG_Hpoly.Day10_Enterocyte.Progenitor,B7,Enterocyte.Progenitor,Hpoly.Day10
B7_TACTGTTGCCGTTC_Hpoly.Day10_Goblet,B7,Goblet,Hpoly.Day10
B7_TACTTGACGAATAG_Hpoly.Day10_Stem,B7,Stem,Hpoly.Day10
B7_TACTTGACGGTTAC_Hpoly.Day10_Stem,B7,Stem,Hpoly.Day10
B7_TACTTGACTGTCTT_Hpoly.Day10_Stem,B7,Stem,Hpoly.Day10
B7_TACTTTCTCTGACA_Hpoly.Day10_Enterocyte.Progenitor,B7,Enterocyte.Progenitor,Hpoly.Day10
B7_TAGAAACTAGGAGC_Hpoly.Day10_Endocrine,B7,Endocrine,Hpoly.Day10
B7_TAGAAACTTGGATC_Hpoly.Day10_TA,B7,TA,Hpoly.Day10
B7_TAGATCCTTTGCAG_Hpoly.Day10_Enterocyte,B7,Enterocyte,Hpoly.Day10
B7_TAGATTGATACGAC_Hpoly.Day10_Goblet,B7,Goblet,Hpoly.Day10
B7_TAGCCGCTGAGACG_Hpoly.Day10_Tuft,B7,Tuft,Hpoly.Day10
B7_TAGCTACTCATTTC_Hpoly.Day10_Stem,B7,Stem,Hpoly.Day10
B7_TAGGAGCTAGAGGC_Hpoly.Day10_Stem,B7,Stem,Hpoly.Day10
B7_TAGGAGCTTGGTTG_Hpoly.Day10_Endocrine,B7,Endocrine,Hpoly.Day10
B7_TAGGTCGACGTAAC_Hpoly.Day10_Stem,B7,Stem,Hpoly.Day10
B7_TAGGTGACACGCTA_Hpoly.Day10_Tuft,B7,Tuft,Hpoly.Day10
B7_TAGTAAACGTCAAC_Hpoly.Day10_Enterocyte.Progenitor,B7,Enterocyte.Progenitor,Hpoly.Day10
B7_TAGTAAACTAAAGG_Hpoly.Day10_TA.Early,B7,TA.Early,Hpoly.Day10
B7_TAGTAATGCGTAGT_Hpoly.Day10_Stem,B7,Stem,Hpoly.Day10
B7_TAGTAATGCTTACT_Hpoly.Day10_Enterocyte.Progenitor,B7,Enterocyte.Progenitor,Hpoly.Day10
B7_TAGTATGAAAACAG_Hpoly.Day10_Endocrine,B7,Endocrine,Hpoly.Day10
B7_TAGTATGAGACGTT_Hpoly.Day10_Endocrine,B7,Endocrine,Hpoly.Day10
B7_TAGTATGATCCTTA_Hpoly.Day10_Goblet,B7,Goblet,Hpoly.Day10
B7_TAGTCGGAAGAACA_Hpoly.Day10_Stem,B7,Stem,Hpoly.Day10
B7_TAGTCGGATGGCAT_Hpoly.Day10_TA,B7,TA,Hpoly.Day10
B7_TAGTCTTGTTTCGT_Hpoly.Day10_Endocrine,B7,Endocrine,Hpoly.Day10
B7_TAGTGGTGGAGATA_Hpoly.Day10_TA.Early,B7,TA.Early,Hpoly.Day10
B7_TAGTGGTGTCCCAC_Hpoly.Day10_Enterocyte.Progenitor,B7,Enterocyte.Progenitor,Hpoly.Day10
B7_TAGTTAGAGGTGAG_Hpoly.Day10_Enterocyte.Progenitor,B7,Enterocyte.Progenitor,Hpoly.Day10
B7_TAGTTCACCCGTTC_Hpoly.Day10_TA.Early,B7,TA.Early,Hpoly.Day10
B7_TATACCACGTTCTT_Hpoly.Day10_Stem,B7,Stem,Hpoly.Day10
B7_TATAGATGTGCCCT_Hpoly.Day10_Tuft,B7,Tuft,Hpoly.Day10
B7_TATCAAGATTCACT_Hpoly.Day10_Stem,B7,Stem,Hpoly.Day10
B7_TATCCAACGCAAGG_Hpoly.Day10_Stem,B7,Stem,Hpoly.Day10
B7_TATCCTGATCTCCG_Hpoly.Day10_Stem,B7,Stem,Hpoly.Day10
B7_TATCTCGATCGCAA_Hpoly.Day10_Enterocyte.Progenitor,B7,Enterocyte.Progenitor,Hpoly.Day10
B7_TATCTGACAGAGAT_Hpoly.Day10_Endocrine,B7,Endocrine,Hpoly.Day10
B7_TATCTGACTTGGTG_Hpoly.Day10_Enterocyte.Progenitor,B7,Enterocyte.Progenitor,Hpoly.Day10
B7_TATGTCACAATCGC_Hpoly.Day10_TA.Early,B7,TA.Early,Hpoly.Day10
B7_TATGTGCTGAAGGC_Hpoly.Day10_Goblet,B7,Goblet,Hpoly.Day10
B7_TCAAGGACGCAAGG_Hpoly.Day10_Enterocyte.Progenitor,B7,Enterocyte.Progenitor,Hpoly.Day10
B7_TCAAGGACTCCGTC_Hpoly.Day10_TA,B7,TA,Hpoly.Day10
B7_TCAAGGTGTTGACG_Hpoly.Day10_TA,B7,TA,Hpoly.Day10
B7_TCAATAGATAGACC_Hpoly.Day10_Enterocyte,B7,Enterocyte,Hpoly.Day10
B7_TCAATCACGTTTGG_Hpoly.Day10_TA.Early,B7,TA.Early,Hpoly.Day10
B7_TCAATCACTCCTTA_Hpoly.Day10_Stem,B7,Stem,Hpoly.Day10
B7_TCACCGTGACTCAG_Hpoly.Day10_Enterocyte.Progenitor,B7,Enterocyte.Progenitor,Hpoly.Day10
B7_TCACCGTGTGGAGG_Hpoly.Day10_TA,B7,TA,Hpoly.Day10
B7_TCACTATGGTACGT_Hpoly.Day10_Stem,B7,Stem,Hpoly.Day10
B7_TCAGCAGACCAACA_Hpoly.Day10_Goblet,B7,Goblet,Hpoly.Day10
B7_TCAGCGCTGACAAA_Hpoly.Day10_Tuft,B7,Tuft,Hpoly.Day10
B7_TCAGGATGATTCCT_Hpoly.Day10_Tuft,B7,Tuft,Hpoly.Day10
B7_TCAGTTACAGAGGC_Hpoly.Day10_Goblet,B7,Goblet,Hpoly.Day10
B7_TCAGTTACCATTTC_Hpoly.Day10_Stem,B7,Stem,Hpoly.Day10
B7_TCATTCGACCTCCA_Hpoly.Day10_Goblet,B7,Goblet,Hpoly.Day10
B7_TCATTGACCTCAAG_Hpoly.Day10_Enterocyte,B7,Enterocyte,Hpoly.Day10
B7_TCCACGTGAATCGC_Hpoly.Day10_Endocrine,B7,Endocrine,Hpoly.Day10
B7_TCCACTCTTTTGGG_Hpoly.Day10_TA,B7,TA,Hpoly.Day10
B7_TCCAGAGAATTCGG_Hpoly.Day10_Goblet,B7,Goblet,Hpoly.Day10
B7_TCCATCCTCTCATT_Hpoly.Day10_Enterocyte.Progenitor,B7,Enterocyte.Progenitor,Hpoly.Day10
B7_TCCATCCTTGGGAG_Hpoly.Day10_TA.Early,B7,TA.Early,Hpoly.Day10
B7_TCCCACGACACTCC_Hpoly.Day10_Enterocyte.Progenitor,B7,Enterocyte.Progenitor,Hpoly.Day10
B7_TCCCACGAGTAGCT_Hpoly.Day10_Enterocyte.Progenitor,B7,Enterocyte.Progenitor,Hpoly.Day10
B7_TCCCAGACCATCAG_Hpoly.Day10_Tuft,B7,Tuft,Hpoly.Day10
B7_TCCCATCTCGTCTC_Hpoly.Day10_Stem,B7,Stem,Hpoly.Day10
B7_TCCCATCTGGTGGA_Hpoly.Day10_Tuft,B7,Tuft,Hpoly.Day10
B7_TCCCGAACCCCGTT_Hpoly.Day10_TA,B7,TA,Hpoly.Day10
B7_TCCCGAACTCATTC_Hpoly.Day10_TA,B7,TA,Hpoly.Day10
B7_TCCCGAACTGCCTC_Hpoly.Day10_TA,B7,TA,Hpoly.Day10
B7_TCCCTACTCTGTTT_Hpoly.Day10_Tuft,B7,Tuft,Hpoly.Day10
B7_TCCCTACTGGTCTA_Hpoly.Day10_Stem,B7,Stem,Hpoly.Day10
B7_TCCGAGCTACAGCT_Hpoly.Day10_TA.Early,B7,TA.Early,Hpoly.Day10
B7_TCCTAAACATCTCT_Hpoly.Day10_Enterocyte,B7,Enterocyte,Hpoly.Day10
B7_TCCTAATGTTGGTG_Hpoly.Day10_TA,B7,TA,Hpoly.Day10
B7_TCCTACCTTTATCC_Hpoly.Day10_TA,B7,TA,Hpoly.Day10
B7_TCGAATCTTATCGG_Hpoly.Day10_Tuft,B7,Tuft,Hpoly.Day10
B7_TCGCAGCTGGGAGT_Hpoly.Day10_Stem,B7,Stem,Hpoly.Day10
B7_TCGCCATGTCCTCG_Hpoly.Day10_Tuft,B7,Tuft,Hpoly.Day10
B7_TCGGCACTACCTTT_Hpoly.Day10_Stem,B7,Stem,Hpoly.Day10
B7_TCGGCACTGTATGC_Hpoly.Day10_TA.Early,B7,TA.Early,Hpoly.Day10
B7_TCGTAGGAGTAAAG_Hpoly.Day10_Stem,B7,Stem,Hpoly.Day10
B7_TCGTGAGATGTAGC_Hpoly.Day10_Tuft,B7,Tuft,Hpoly.Day10
B7_TCTAACACTGTGGT_Hpoly.Day10_Goblet,B7,Goblet,Hpoly.Day10
B7_TCTAACTGGTACCA_Hpoly.Day10_Stem,B7,Stem,Hpoly.Day10
B7_TCTAGTTGAGTGTC_Hpoly.Day10_Stem,B7,Stem,Hpoly.Day10
B7_TCTAGTTGCTTCCG_Hpoly.Day10_Tuft,B7,Tuft,Hpoly.Day10
B7_TCTCCACTTTTCGT_Hpoly.Day10_Endocrine,B7,Endocrine,Hpoly.Day10
B7_TGAACCGACACAAC_Hpoly.Day10_TA,B7,TA,Hpoly.Day10
B7_TGAACCGACTGTGA_Hpoly.Day10_Stem,B7,Stem,Hpoly.Day10
B7_TGAACCGATCCGAA_Hpoly.Day10_Stem,B7,Stem,Hpoly.Day10
B7_TGAAGCACGGTATC_Hpoly.Day10_Stem,B7,Stem,Hpoly.Day10
B7_TGAAGCACTCTCAT_Hpoly.Day10_Goblet,B7,Goblet,Hpoly.Day10
B7_TGAATAACTATCTC_Hpoly.Day10_TA.Early,B7,TA.Early,Hpoly.Day10
B7_TGACCAGATTTCTG_Hpoly.Day10_Tuft,B7,Tuft,Hpoly.Day10
B7_TGACCGCTCATTGG_Hpoly.Day10_Goblet,B7,Goblet,Hpoly.Day10
B7_TGACGAACCGCAAT_Hpoly.Day10_Goblet,B7,Goblet,Hpoly.Day10
B7_TGACGATGGTTGAC_Hpoly.Day10_Tuft,B7,Tuft,Hpoly.Day10
B7_TGACGATGTGCAGT_Hpoly.Day10_Enterocyte,B7,Enterocyte,Hpoly.Day10
B7_TGACGCCTTCCGAA_Hpoly.Day10_Stem,B7,Stem,Hpoly.Day10
B7_TGACTGGACTCCCA_Hpoly.Day10_Enterocyte,B7,Enterocyte,Hpoly.Day10
B7_TGACTTACGCCAAT_Hpoly.Day10_Endocrine,B7,Endocrine,Hpoly.Day10
B7_TGACTTACTGGCAT_Hpoly.Day10_Stem,B7,Stem,Hpoly.Day10
B7_TGACTTTGCGTACA_Hpoly.Day10_Stem,B7,Stem,Hpoly.Day10
B7_TGACTTTGGAGGCA_Hpoly.Day10_TA,B7,TA,Hpoly.Day10
B7_TGACTTTGTGGTGT_Hpoly.Day10_TA.Early,B7,TA.Early,Hpoly.Day10
B7_TGAGCTGAATTGGC_Hpoly.Day10_Enterocyte.Progenitor,B7,Enterocyte.Progenitor,Hpoly.Day10
B7_TGAGGACTAAAACG_Hpoly.Day10_Tuft,B7,Tuft,Hpoly.Day10
B7_TGAGGTACTGTCCC_Hpoly.Day10_Goblet,B7,Goblet,Hpoly.Day10
B7_TGAGTGACCCCTTG_Hpoly.Day10_Tuft,B7,Tuft,Hpoly.Day10
B7_TGAGTGACTGCTAG_Hpoly.Day10_Stem,B7,Stem,Hpoly.Day10
B7_TGATACCTGTGCTA_Hpoly.Day10_Goblet,B7,Goblet,Hpoly.Day10
B7_TGATATGAAGTGCT_Hpoly.Day10_Stem,B7,Stem,Hpoly.Day10
B7_TGATCACTCCTGAA_Hpoly.Day10_Stem,B7,Stem,Hpoly.Day10
B7_TGATTCTGGACAAA_Hpoly.Day10_Enterocyte.Progenitor,B7,Enterocyte.Progenitor,Hpoly.Day10
B7_TGCAAGTGCTCATT_Hpoly.Day10_Stem,B7,Stem,Hpoly.Day10
B7_TGCCAAGACGTAAC_Hpoly.Day10_TA.Early,B7,TA.Early,Hpoly.Day10
B7_TGCCACTGTGACTG_Hpoly.Day10_Goblet,B7,Goblet,Hpoly.Day10
B7_TGCCGACTCTTAGG_Hpoly.Day10_Goblet,B7,Goblet,Hpoly.Day10
B7_TGCGCACTATCTTC_Hpoly.Day10_Enterocyte.Progenitor,B7,Enterocyte.Progenitor,Hpoly.Day10
B7_TGCGTAGACTCTTA_Hpoly.Day10_TA.Early,B7,TA.Early,Hpoly.Day10
B7_TGCTAGGAGAACTC_Hpoly.Day10_Enterocyte,B7,Enterocyte,Hpoly.Day10
B7_TGCTATACTGAGGG_Hpoly.Day10_Endocrine,B7,Endocrine,Hpoly.Day10
B7_TGCTGAGAGGCATT_Hpoly.Day10_TA.Early,B7,TA.Early,Hpoly.Day10
B7_TGCTGAGATAGAAG_Hpoly.Day10_TA.Early,B7,TA.Early,Hpoly.Day10
B7_TGGAACTGTAGAAG_Hpoly.Day10_Stem,B7,Stem,Hpoly.Day10
B7_TGGAAGCTTTCAGG_Hpoly.Day10_Stem,B7,Stem,Hpoly.Day10
B7_TGGACCCTGAAGGC_Hpoly.Day10_Tuft,B7,Tuft,Hpoly.Day10
B7_TGGAGGGAGATAGA_Hpoly.Day10_Stem,B7,Stem,Hpoly.Day10
B7_TGGATCGAACTGGT_Hpoly.Day10_Goblet,B7,Goblet,Hpoly.Day10
B7_TGGATCGATACGAC_Hpoly.Day10_TA.Early,B7,TA.Early,Hpoly.Day10
B7_TGGATGACTAACGC_Hpoly.Day10_TA.Early,B7,TA.Early,Hpoly.Day10
B7_TGGGTATGAGAAGT_Hpoly.Day10_Stem,B7,Stem,Hpoly.Day10
B7_TGGGTATGTGCATG_Hpoly.Day10_Stem,B7,Stem,Hpoly.Day10
B7_TGGTAGTGCCGAAT_Hpoly.Day10_Enterocyte.Progenitor,B7,Enterocyte.Progenitor,Hpoly.Day10
B7_TGGTCAGACCAGTA_Hpoly.Day10_Goblet,B7,Goblet,Hpoly.Day10
B7_TGGTCAGAGACGTT_Hpoly.Day10_Stem,B7,Stem,Hpoly.Day10
B7_TGTAATGAACAGCT_Hpoly.Day10_TA,B7,TA,Hpoly.Day10
B7_TGTACTTGGAGGCA_Hpoly.Day10_Enterocyte.Progenitor,B7,Enterocyte.Progenitor,Hpoly.Day10
B7_TGTAGGTGACCAAC_Hpoly.Day10_TA.Early,B7,TA.Early,Hpoly.Day10
B7_TGTAGGTGTTACTC_Hpoly.Day10_Enterocyte.Progenitor,B7,Enterocyte.Progenitor,Hpoly.Day10
B7_TGTAGTCTAAAGCA_Hpoly.Day10_TA.Early,B7,TA.Early,Hpoly.Day10
B7_TGTATCTGGATGAA_Hpoly.Day10_TA.Early,B7,TA.Early,Hpoly.Day10
B7_TGTATGCTTCGCAA_Hpoly.Day10_Enterocyte.Progenitor,B7,Enterocyte.Progenitor,Hpoly.Day10
B7_TGTCTAACGCTGTA_Hpoly.Day10_Enterocyte.Progenitor,B7,Enterocyte.Progenitor,Hpoly.Day10
B7_TGTCTAACTTTGTC_Hpoly.Day10_TA.Early,B7,TA.Early,Hpoly.Day10
B7_TGTGACGAGACACT_Hpoly.Day10_Enterocyte,B7,Enterocyte,Hpoly.Day10
B7_TGTGAGTGAACTGC_Hpoly.Day10_Tuft,B7,Tuft,Hpoly.Day10
B7_TGTGAGTGGACGAG_Hpoly.Day10_Stem,B7,Stem,Hpoly.Day10
B7_TGTGAGTGGGGTGA_Hpoly.Day10_Tuft,B7,Tuft,Hpoly.Day10
B7_TGTGAGTGGGTTTG_Hpoly.Day10_Enterocyte.Progenitor,B7,Enterocyte.Progenitor,Hpoly.Day10
B7_TGTGATCTAAAACG_Hpoly.Day10_Enterocyte.Progenitor,B7,Enterocyte.Progenitor,Hpoly.Day10
B7_TGTTAAGATCTCAT_Hpoly.Day10_TA,B7,TA,Hpoly.Day10
B7_TGTTAAGATTCGTT_Hpoly.Day10_Tuft,B7,Tuft,Hpoly.Day10
B7_TGTTACTGCATGCA_Hpoly.Day10_Stem,B7,Stem,Hpoly.Day10
B7_TTACACACGGTAGG_Hpoly.Day10_Stem,B7,Stem,Hpoly.Day10
B7_TTACAGCTGCAGAG_Hpoly.Day10_TA.Early,B7,TA.Early,Hpoly.Day10
B7_TTACAGCTGGTGTT_Hpoly.Day10_Tuft,B7,Tuft,Hpoly.Day10
B7_TTACCATGACGGAG_Hpoly.Day10_Stem,B7,Stem,Hpoly.Day10
B7_TTACCATGCCTTTA_Hpoly.Day10_TA.Early,B7,TA.Early,Hpoly.Day10
B7_TTACCATGGGCGAA_Hpoly.Day10_Tuft,B7,Tuft,Hpoly.Day10
B7_TTACGACTTAGAGA_Hpoly.Day10_Stem,B7,Stem,Hpoly.Day10
B7_TTACGTACAGAATG_Hpoly.Day10_Stem,B7,Stem,Hpoly.Day10
B7_TTACTCGAAGCTCA_Hpoly.Day10_Goblet,B7,Goblet,Hpoly.Day10
B7_TTACTCGATCGTTT_Hpoly.Day10_Stem,B7,Stem,Hpoly.Day10
B7_TTAGACCTCAGAGG_Hpoly.Day10_Tuft,B7,Tuft,Hpoly.Day10
B7_TTAGCTACATAAGG_Hpoly.Day10_TA.Early,B7,TA.Early,Hpoly.Day10
B7_TTAGGGACCTGAAC_Hpoly.Day10_Enterocyte,B7,Enterocyte,Hpoly.Day10
B7_TTAGGGACGAGCTT_Hpoly.Day10_Stem,B7,Stem,Hpoly.Day10
B7_TTAGGGTGTCCCGT_Hpoly.Day10_Goblet,B7,Goblet,Hpoly.Day10
B7_TTAGGTCTAGCCTA_Hpoly.Day10_Enterocyte,B7,Enterocyte,Hpoly.Day10
B7_TTAGTCTGGTCCTC_Hpoly.Day10_Tuft,B7,Tuft,Hpoly.Day10
B7_TTATGAGAAAGATG_Hpoly.Day10_TA.Early,B7,TA.Early,Hpoly.Day10
B7_TTATGAGAATCACG_Hpoly.Day10_Stem,B7,Stem,Hpoly.Day10
B7_TTATGAGACTGCAA_Hpoly.Day10_Stem,B7,Stem,Hpoly.Day10
B7_TTATGCACTACAGC_Hpoly.Day10_Goblet,B7,Goblet,Hpoly.Day10
B7_TTATGGCTATCACG_Hpoly.Day10_Stem,B7,Stem,Hpoly.Day10
B7_TTATTCCTTCGCAA_Hpoly.Day10_Endocrine,B7,Endocrine,Hpoly.Day10
B7_TTCAAAGATTGTCT_Hpoly.Day10_Stem,B7,Stem,Hpoly.Day10
B7_TTCAACACAAAGTG_Hpoly.Day10_Enterocyte.Progenitor,B7,Enterocyte.Progenitor,Hpoly.Day10
B7_TTCAAGCTAGCATC_Hpoly.Day10_TA,B7,TA,Hpoly.Day10
B7_TTCAGACTCTGTCC_Hpoly.Day10_Stem,B7,Stem,Hpoly.Day10
B7_TTCAGTACGAACTC_Hpoly.Day10_Enterocyte.Progenitor,B7,Enterocyte.Progenitor,Hpoly.Day10
B7_TTCAGTACGCTTAG_Hpoly.Day10_Endocrine,B7,Endocrine,Hpoly.Day10
B7_TTCATCGACTATTC_Hpoly.Day10_Goblet,B7,Goblet,Hpoly.Day10
B7_TTCATGTGCACACA_Hpoly.Day10_Enterocyte,B7,Enterocyte,Hpoly.Day10
B7_TTCATTCTACCTTT_Hpoly.Day10_Enterocyte.Progenitor,B7,Enterocyte.Progenitor,Hpoly.Day10
B7_TTCCCACTACTGTG_Hpoly.Day10_Enterocyte.Progenitor,B7,Enterocyte.Progenitor,Hpoly.Day10
B7_TTCCTAGATGTGAC_Hpoly.Day10_Goblet,B7,Goblet,Hpoly.Day10
B7_TTCCTAGATTCCAT_Hpoly.Day10_Tuft,B7,Tuft,Hpoly.Day10
B7_TTCGAGGATGACAC_Hpoly.Day10_Goblet,B7,Goblet,Hpoly.Day10
B7_TTCGATTGCCCTCA_Hpoly.Day10_Stem,B7,Stem,Hpoly.Day10
B7_TTCGATTGTGTGAC_Hpoly.Day10_Stem,B7,Stem,Hpoly.Day10
B7_TTCGTATGTTCTGT_Hpoly.Day10_Stem,B7,Stem,Hpoly.Day10
B7_TTCTCAGAGGTTCA_Hpoly.Day10_Enterocyte.Progenitor,B7,Enterocyte.Progenitor,Hpoly.Day10
B7_TTGAACCTGGCAAG_Hpoly.Day10_TA.Early,B7,TA.Early,Hpoly.Day10
B7_TTGATCTGATTCGG_Hpoly.Day10_Tuft,B7,Tuft,Hpoly.Day10
B7_TTGCTAACCGATAC_Hpoly.Day10_Tuft,B7,Tuft,Hpoly.Day10
B7_TTGCTATGGGGACA_Hpoly.Day10_Tuft,B7,Tuft,Hpoly.Day10
B7_TTGGGAACGTCGAT_Hpoly.Day10_Stem,B7,Stem,Hpoly.Day10
B7_TTGGTACTACCTCC_Hpoly.Day10_Stem,B7,Stem,Hpoly.Day10
B7_TTGGTACTTTTCTG_Hpoly.Day10_Enterocyte.Progenitor,B7,Enterocyte.Progenitor,Hpoly.Day10
B7_TTGTAGCTGTGCTA_Hpoly.Day10_Goblet,B7,Goblet,Hpoly.Day10
B7_TTGTCATGGAGCTT_Hpoly.Day10_Stem,B7,Stem,Hpoly.Day10
B7_TTTAGCTGACCCAA_Hpoly.Day10_Stem,B7,Stem,Hpoly.Day10
B7_TTTAGCTGAGATGA_Hpoly.Day10_TA.Early,B7,TA.Early,Hpoly.Day10
B7_TTTATCCTGGTAAA_Hpoly.Day10_Tuft,B7,Tuft,Hpoly.Day10
B7_TTTCCAGAAGCTAC_Hpoly.Day10_Stem,B7,Stem,Hpoly.Day10
B7_TTTCCAGACCTTCG_Hpoly.Day10_Stem,B7,Stem,Hpoly.Day10
B7_TTTCCAGATCAGGT_Hpoly.Day10_TA.Early,B7,TA.Early,Hpoly.Day10
B7_TTTGACTGGGGACA_Hpoly.Day10_Enterocyte.Progenitor,B7,Enterocyte.Progenitor,Hpoly.Day10
B7_TTTGCATGCGTAGT_Hpoly.Day10_Stem,B7,Stem,Hpoly.Day10
B8_AAACATACCGAATC_Hpoly.Day10_TA,B8,TA,Hpoly.Day10
B8_AAACATACGAATCC_Hpoly.Day10_TA.Early,B8,TA.Early,Hpoly.Day10
B8_AAACATTGCCCTCA_Hpoly.Day10_TA,B8,TA,Hpoly.Day10
B8_AAACATTGTGGTGT_Hpoly.Day10_TA,B8,TA,Hpoly.Day10
B8_AAACGCACGTTAGC_Hpoly.Day10_Stem,B8,Stem,Hpoly.Day10
B8_AAACGCTGGAACTC_Hpoly.Day10_Enterocyte,B8,Enterocyte,Hpoly.Day10
B8_AAACGCTGGCAGAG_Hpoly.Day10_TA,B8,TA,Hpoly.Day10
B8_AAACGCTGTTGGTG_Hpoly.Day10_TA,B8,TA,Hpoly.Day10
B8_AAACGGCTAGAACA_Hpoly.Day10_Enterocyte.Progenitor,B8,Enterocyte.Progenitor,Hpoly.Day10
B8_AAAGATCTTATCGG_Hpoly.Day10_Enterocyte.Progenitor,B8,Enterocyte.Progenitor,Hpoly.Day10
B8_AAAGCAGAACACGT_Hpoly.Day10_Enterocyte.Progenitor,B8,Enterocyte.Progenitor,Hpoly.Day10
B8_AAAGCAGAACGGGA_Hpoly.Day10_TA,B8,TA,Hpoly.Day10
B8_AAAGGCCTCTCTTA_Hpoly.Day10_TA.Early,B8,TA.Early,Hpoly.Day10
B8_AAAGTTTGCACAAC_Hpoly.Day10_TA.Early,B8,TA.Early,Hpoly.Day10
B8_AAATCAACAACGGG_Hpoly.Day10_Enterocyte.Progenitor,B8,Enterocyte.Progenitor,Hpoly.Day10
B8_AAATCAACCATTCT_Hpoly.Day10_Goblet,B8,Goblet,Hpoly.Day10
B8_AAATCAACGTTGAC_Hpoly.Day10_Stem,B8,Stem,Hpoly.Day10
B8_AAATCCCTGGAGGT_Hpoly.Day10_Stem,B8,Stem,Hpoly.Day10
B8_AAATCCCTGTTCGA_Hpoly.Day10_Stem,B8,Stem,Hpoly.Day10
B8_AAATCCCTTTCAGG_Hpoly.Day10_TA,B8,TA,Hpoly.Day10
B8_AAATGGGAACGCTA_Hpoly.Day10_Stem,B8,Stem,Hpoly.Day10
B8_AAATGGGATTCGCC_Hpoly.Day10_Enterocyte.Progenitor,B8,Enterocyte.Progenitor,Hpoly.Day10
B8_AAATGTTGCTACCC_Hpoly.Day10_TA,B8,TA,Hpoly.Day10
B8_AAATTGACAGTAGA_Hpoly.Day10_Stem,B8,Stem,Hpoly.Day10
B8_AACAAACTTGGAAA_Hpoly.Day10_Enterocyte.Progenitor,B8,Enterocyte.Progenitor,Hpoly.Day10
B8_AACAATACTCCCAC_Hpoly.Day10_Tuft,B8,Tuft,Hpoly.Day10
B8_AACAATACTGTCAG_Hpoly.Day10_TA.Early,B8,TA.Early,Hpoly.Day10
B8_AACACGTGGTGTAC_Hpoly.Day10_Stem,B8,Stem,Hpoly.Day10
B8_AACACTCTGGGCAA_Hpoly.Day10_Tuft,B8,Tuft,Hpoly.Day10
B8_AACAGAGAAAGGGC_Hpoly.Day10_Enterocyte.Progenitor,B8,Enterocyte.Progenitor,Hpoly.Day10
B8_AACCACGAAGAACA_Hpoly.Day10_TA.Early,B8,TA.Early,Hpoly.Day10
B8_AACCACGACACCAA_Hpoly.Day10_Enterocyte.Progenitor,B8,Enterocyte.Progenitor,Hpoly.Day10
B8_AACCACGAGTCCTC_Hpoly.Day10_Stem,B8,Stem,Hpoly.Day10
B8_AACCCAGACGTTGA_Hpoly.Day10_Enterocyte.Progenitor,B8,Enterocyte.Progenitor,Hpoly.Day10
B8_AACCCAGACTGACA_Hpoly.Day10_Stem,B8,Stem,Hpoly.Day10
B8_AACCGATGTGGTTG_Hpoly.Day10_TA,B8,TA,Hpoly.Day10
B8_AACCGCCTCCTATT_Hpoly.Day10_Enterocyte.Progenitor,B8,Enterocyte.Progenitor,Hpoly.Day10
B8_AACCGCCTTACAGC_Hpoly.Day10_TA,B8,TA,Hpoly.Day10
B8_AACCTACTTTACTC_Hpoly.Day10_TA.Early,B8,TA.Early,Hpoly.Day10
B8_AACCTTACAAAGTG_Hpoly.Day10_Enterocyte.Progenitor,B8,Enterocyte.Progenitor,Hpoly.Day10
B8_AACCTTACCCTACC_Hpoly.Day10_Stem,B8,Stem,Hpoly.Day10
B8_AACCTTTGAGTCTG_Hpoly.Day10_TA.Early,B8,TA.Early,Hpoly.Day10
B8_AACCTTTGTGTTCT_Hpoly.Day10_TA,B8,TA,Hpoly.Day10
B8_AACGCATGAGAAGT_Hpoly.Day10_TA.Early,B8,TA.Early,Hpoly.Day10
B8_AACTACCTGCAAGG_Hpoly.Day10_Goblet,B8,Goblet,Hpoly.Day10
B8_AACTCACTGTTAGC_Hpoly.Day10_Enterocyte.Progenitor,B8,Enterocyte.Progenitor,Hpoly.Day10
B8_AACTCACTTAAGCC_Hpoly.Day10_TA.Early,B8,TA.Early,Hpoly.Day10
B8_AACTCACTTCCCGT_Hpoly.Day10_Enterocyte.Progenitor,B8,Enterocyte.Progenitor,Hpoly.Day10
B8_AACTCGGATAGAGA_Hpoly.Day10_Enterocyte.Progenitor,B8,Enterocyte.Progenitor,Hpoly.Day10
B8_AACTCTTGTGGTGT_Hpoly.Day10_Endocrine,B8,Endocrine,Hpoly.Day10
B8_AACTGTCTTACTCT_Hpoly.Day10_Enterocyte,B8,Enterocyte,Hpoly.Day10
B8_AAGAATCTACCAGT_Hpoly.Day10_Enterocyte.Progenitor,B8,Enterocyte.Progenitor,Hpoly.Day10
B8_AAGAATCTAGCGGA_Hpoly.Day10_Stem,B8,Stem,Hpoly.Day10
B8_AAGAATCTGACTAC_Hpoly.Day10_Enterocyte.Progenitor,B8,Enterocyte.Progenitor,Hpoly.Day10
B8_AAGACAGATTGCAG_Hpoly.Day10_TA,B8,TA,Hpoly.Day10
B8_AAGAGATGCTCATT_Hpoly.Day10_TA.Early,B8,TA.Early,Hpoly.Day10
B8_AAGATGGACACCAA_Hpoly.Day10_TA.Early,B8,TA.Early,Hpoly.Day10
B8_AAGATTACTCGATG_Hpoly.Day10_Enterocyte.Progenitor,B8,Enterocyte.Progenitor,Hpoly.Day10
B8_AAGCAAGACGAATC_Hpoly.Day10_Stem,B8,Stem,Hpoly.Day10
B8_AAGCAAGATGACTG_Hpoly.Day10_Stem,B8,Stem,Hpoly.Day10
B8_AAGCACTGTGTGAC_Hpoly.Day10_Enterocyte,B8,Enterocyte,Hpoly.Day10
B8_AAGCCATGTGTCCC_Hpoly.Day10_Tuft,B8,Tuft,Hpoly.Day10
B8_AAGCCTGAAAGTGA_Hpoly.Day10_Enterocyte.Progenitor,B8,Enterocyte.Progenitor,Hpoly.Day10
B8_AAGCCTGAAGGTCT_Hpoly.Day10_Enterocyte.Progenitor,B8,Enterocyte.Progenitor,Hpoly.Day10
B8_AAGCCTGAGCAAGG_Hpoly.Day10_Stem,B8,Stem,Hpoly.Day10
B8_AAGCGTACCTCGAA_Hpoly.Day10_Stem,B8,Stem,Hpoly.Day10
B8_AAGCGTACGAAACA_Hpoly.Day10_TA.Early,B8,TA.Early,Hpoly.Day10
B8_AAGCGTACTGGCAT_Hpoly.Day10_Goblet,B8,Goblet,Hpoly.Day10
B8_AAGGCTTGCTGTAG_Hpoly.Day10_Enterocyte.Progenitor,B8,Enterocyte.Progenitor,Hpoly.Day10
B8_AAGGTCACAGAAGT_Hpoly.Day10_Goblet,B8,Goblet,Hpoly.Day10
B8_AAGTAGGACGCCTT_Hpoly.Day10_Goblet,B8,Goblet,Hpoly.Day10
B8_AAGTATACATCACG_Hpoly.Day10_Enterocyte.Progenitor,B8,Enterocyte.Progenitor,Hpoly.Day10
B8_AAGTCCGAATGACC_Hpoly.Day10_Enterocyte.Progenitor,B8,Enterocyte.Progenitor,Hpoly.Day10
B8_AAGTCTCTGTTGCA_Hpoly.Day10_Stem,B8,Stem,Hpoly.Day10
B8_AAGTGGCTATCTCT_Hpoly.Day10_Stem,B8,Stem,Hpoly.Day10
B8_AAGTTATGTAGCGT_Hpoly.Day10_Stem,B8,Stem,Hpoly.Day10
B8_AAGTTATGTCCGTC_Hpoly.Day10_Enterocyte.Progenitor,B8,Enterocyte.Progenitor,Hpoly.Day10
B8_AATAACACTTGCGA_Hpoly.Day10_TA,B8,TA,Hpoly.Day10
B8_AATAAGCTACGGTT_Hpoly.Day10_TA,B8,TA,Hpoly.Day10
B8_AATAAGCTTTCGTT_Hpoly.Day10_Enterocyte,B8,Enterocyte,Hpoly.Day10
B8_AATAAGCTTTGACG_Hpoly.Day10_TA,B8,TA,Hpoly.Day10
B8_AATACCCTGGGTGA_Hpoly.Day10_Stem,B8,Stem,Hpoly.Day10
B8_AATACTGAAACGAA_Hpoly.Day10_Tuft,B8,Tuft,Hpoly.Day10
B8_AATACTGAGCGATT_Hpoly.Day10_TA.Early,B8,TA.Early,Hpoly.Day10
B8_AATAGGGAACTGGT_Hpoly.Day10_Enterocyte,B8,Enterocyte,Hpoly.Day10
B8_AATATCGATCTACT_Hpoly.Day10_TA.Early,B8,TA.Early,Hpoly.Day10
B8_AATCAAACCCTATT_Hpoly.Day10_Stem,B8,Stem,Hpoly.Day10
B8_AATCAAACTTAGGC_Hpoly.Day10_Endocrine,B8,Endocrine,Hpoly.Day10
B8_AATCAAACTTCCGC_Hpoly.Day10_Stem,B8,Stem,Hpoly.Day10
B8_AATCCGGATTCGTT_Hpoly.Day10_Enterocyte,B8,Enterocyte,Hpoly.Day10
B8_AATCCTACGGAACG_Hpoly.Day10_Enterocyte.Progenitor,B8,Enterocyte.Progenitor,Hpoly.Day10
B8_AATCCTTGGCAGTT_Hpoly.Day10_Enterocyte.Progenitor,B8,Enterocyte.Progenitor,Hpoly.Day10
B8_AATCGGTGCTCTCG_Hpoly.Day10_Enterocyte.Progenitor,B8,Enterocyte.Progenitor,Hpoly.Day10
B8_AATCTAGAACTTTC_Hpoly.Day10_Stem,B8,Stem,Hpoly.Day10
B8_AATCTAGAATCTTC_Hpoly.Day10_Goblet,B8,Goblet,Hpoly.Day10
B8_AATGAGGATAGAGA_Hpoly.Day10_Tuft,B8,Tuft,Hpoly.Day10
B8_AATGGAGACGAACT_Hpoly.Day10_TA,B8,TA,Hpoly.Day10
B8_AATGGAGAGGCATT_Hpoly.Day10_Enterocyte.Progenitor,B8,Enterocyte.Progenitor,Hpoly.Day10
B8_AATGTAACGAACCT_Hpoly.Day10_Stem,B8,Stem,Hpoly.Day10
B8_AATTACGACGCATA_Hpoly.Day10_Enterocyte.Progenitor,B8,Enterocyte.Progenitor,Hpoly.Day10
B8_AATTCCTGACCACA_Hpoly.Day10_TA,B8,TA,Hpoly.Day10
B8_AATTCCTGGTACAC_Hpoly.Day10_TA.Early,B8,TA.Early,Hpoly.Day10
B8_AATTCCTGTACTGG_Hpoly.Day10_Tuft,B8,Tuft,Hpoly.Day10
B8_AATTGATGCTTCCG_Hpoly.Day10_TA,B8,TA,Hpoly.Day10
B8_AATTGATGTTACTC_Hpoly.Day10_Enterocyte.Progenitor,B8,Enterocyte.Progenitor,Hpoly.Day10
B8_ACAAAGGACTTTAC_Hpoly.Day10_Stem,B8,Stem,Hpoly.Day10
B8_ACAAATTGTGGTAC_Hpoly.Day10_Goblet,B8,Goblet,Hpoly.Day10
B8_ACAACCGACAACCA_Hpoly.Day10_Enterocyte.Progenitor,B8,Enterocyte.Progenitor,Hpoly.Day10
B8_ACACAGACCCTATT_Hpoly.Day10_TA,B8,TA,Hpoly.Day10
B8_ACACAGACCTGATG_Hpoly.Day10_Stem,B8,Stem,Hpoly.Day10
B8_ACACATCTCATGAC_Hpoly.Day10_Endocrine,B8,Endocrine,Hpoly.Day10
B8_ACACCCTGACGCAT_Hpoly.Day10_Enterocyte,B8,Enterocyte,Hpoly.Day10
B8_ACACCCTGTCCTAT_Hpoly.Day10_Stem,B8,Stem,Hpoly.Day10
B8_ACACCCTGTGTCGA_Hpoly.Day10_TA,B8,TA,Hpoly.Day10
B8_ACACGAACAAGCCT_Hpoly.Day10_TA.Early,B8,TA.Early,Hpoly.Day10
B8_ACACGAACACTGTG_Hpoly.Day10_Enterocyte.Progenitor,B8,Enterocyte.Progenitor,Hpoly.Day10
B8_ACACGAACCAGGAG_Hpoly.Day10_TA,B8,TA,Hpoly.Day10
B8_ACACGAACCTCTAT_Hpoly.Day10_Enterocyte,B8,Enterocyte,Hpoly.Day10
B8_ACACGAACTCCGAA_Hpoly.Day10_Endocrine,B8,Endocrine,Hpoly.Day10
B8_ACACGATGGCAGAG_Hpoly.Day10_TA.Early,B8,TA.Early,Hpoly.Day10
B8_ACACGTGAAGTGTC_Hpoly.Day10_Goblet,B8,Goblet,Hpoly.Day10
B8_ACAGCAACGAGGCA_Hpoly.Day10_Enterocyte.Progenitor,B8,Enterocyte.Progenitor,Hpoly.Day10
B8_ACAGGTACAGAGTA_Hpoly.Day10_TA,B8,TA,Hpoly.Day10
B8_ACAGGTACGTTGAC_Hpoly.Day10_Goblet,B8,Goblet,Hpoly.Day10
B8_ACAGGTACTCGTAG_Hpoly.Day10_Enterocyte.Progenitor,B8,Enterocyte.Progenitor,Hpoly.Day10
B8_ACAGTGTGTGCATG_Hpoly.Day10_Stem,B8,Stem,Hpoly.Day10
B8_ACATACCTACACGT_Hpoly.Day10_Stem,B8,Stem,Hpoly.Day10
B8_ACATCACTTTTCGT_Hpoly.Day10_Tuft,B8,Tuft,Hpoly.Day10
B8_ACATTCTGGAGGGT_Hpoly.Day10_Enterocyte.Progenitor,B8,Enterocyte.Progenitor,Hpoly.Day10
B8_ACCACGCTCCCTTG_Hpoly.Day10_Enterocyte,B8,Enterocyte,Hpoly.Day10
B8_ACCACGCTCGTAGT_Hpoly.Day10_Enterocyte.Progenitor,B8,Enterocyte.Progenitor,Hpoly.Day10
B8_ACCACGCTCTGGAT_Hpoly.Day10_Enterocyte.Progenitor,B8,Enterocyte.Progenitor,Hpoly.Day10
B8_ACCAGTGAACCTGA_Hpoly.Day10_Enterocyte.Progenitor,B8,Enterocyte.Progenitor,Hpoly.Day10
B8_ACCCACTGCCGAAT_Hpoly.Day10_Enterocyte.Progenitor,B8,Enterocyte.Progenitor,Hpoly.Day10
B8_ACCCACTGCTCTAT_Hpoly.Day10_Goblet,B8,Goblet,Hpoly.Day10
B8_ACCCGTTGCGGTAT_Hpoly.Day10_Stem,B8,Stem,Hpoly.Day10
B8_ACCGCGGAATAAGG_Hpoly.Day10_TA.Early,B8,TA.Early,Hpoly.Day10
B8_ACCGCGGATCGCTC_Hpoly.Day10_Goblet,B8,Goblet,Hpoly.Day10
B8_ACCGTGCTATAAGG_Hpoly.Day10_Enterocyte.Progenitor,B8,Enterocyte.Progenitor,Hpoly.Day10
B8_ACCGTGCTCCGTAA_Hpoly.Day10_Enterocyte.Progenitor,B8,Enterocyte.Progenitor,Hpoly.Day10
B8_ACCTATTGCCGTAA_Hpoly.Day10_TA,B8,TA,Hpoly.Day10
B8_ACCTATTGGTGCTA_Hpoly.Day10_Stem,B8,Stem,Hpoly.Day10
B8_ACCTATTGTCTAGG_Hpoly.Day10_Stem,B8,Stem,Hpoly.Day10
B8_ACCTCCGAGACAGG_Hpoly.Day10_Stem,B8,Stem,Hpoly.Day10
B8_ACCTCCGATACGCA_Hpoly.Day10_TA.Early,B8,TA.Early,Hpoly.Day10
B8_ACCTCGTGCCTCGT_Hpoly.Day10_TA.Early,B8,TA.Early,Hpoly.Day10
B8_ACCTCGTGTGCAGT_Hpoly.Day10_Goblet,B8,Goblet,Hpoly.Day10
B8_ACCTGGCTCACTCC_Hpoly.Day10_TA.Early,B8,TA.Early,Hpoly.Day10
B8_ACGAACACCTGCTC_Hpoly.Day10_TA.Early,B8,TA.Early,Hpoly.Day10
B8_ACGAACTGGAGGAC_Hpoly.Day10_Enterocyte.Progenitor,B8,Enterocyte.Progenitor,Hpoly.Day10
B8_ACGAACTGTTGCGA_Hpoly.Day10_Stem,B8,Stem,Hpoly.Day10
B8_ACGAAGCTCGTGAT_Hpoly.Day10_TA.Early,B8,TA.Early,Hpoly.Day10
B8_ACGAAGCTGATGAA_Hpoly.Day10_Stem,B8,Stem,Hpoly.Day10
B8_ACGACAACCAACTG_Hpoly.Day10_Stem,B8,Stem,Hpoly.Day10
B8_ACGACAACTGTAGC_Hpoly.Day10_Stem,B8,Stem,Hpoly.Day10
B8_ACGACCCTTCAGAC_Hpoly.Day10_Enterocyte.Progenitor,B8,Enterocyte.Progenitor,Hpoly.Day10
B8_ACGACCCTTTCAGG_Hpoly.Day10_Enterocyte,B8,Enterocyte,Hpoly.Day10
B8_ACGAGGGATGCTAG_Hpoly.Day10_TA.Early,B8,TA.Early,Hpoly.Day10
B8_ACGATCGACACACA_Hpoly.Day10_Stem,B8,Stem,Hpoly.Day10
B8_ACGATCGAGACAGG_Hpoly.Day10_TA.Early,B8,TA.Early,Hpoly.Day10
B8_ACGATGACTGACTG_Hpoly.Day10_Enterocyte.Progenitor,B8,Enterocyte.Progenitor,Hpoly.Day10
B8_ACGATGACTGTGCA_Hpoly.Day10_Enterocyte.Progenitor,B8,Enterocyte.Progenitor,Hpoly.Day10
B8_ACGATGACTTTACC_Hpoly.Day10_Enterocyte.Progenitor,B8,Enterocyte.Progenitor,Hpoly.Day10
B8_ACGATTCTGGTACT_Hpoly.Day10_Stem,B8,Stem,Hpoly.Day10
B8_ACGATTCTTTCTAC_Hpoly.Day10_TA.Early,B8,TA.Early,Hpoly.Day10
B8_ACGCAATGAATCGC_Hpoly.Day10_Goblet,B8,Goblet,Hpoly.Day10
B8_ACGCACCTCTCATT_Hpoly.Day10_Enterocyte,B8,Enterocyte,Hpoly.Day10
B8_ACGCCACTTACTCT_Hpoly.Day10_Enterocyte.Progenitor,B8,Enterocyte.Progenitor,Hpoly.Day10
B8_ACGCCGGAAGTAGA_Hpoly.Day10_Goblet,B8,Goblet,Hpoly.Day10
B8_ACGCCTTGCCAACA_Hpoly.Day10_Enterocyte.Progenitor,B8,Enterocyte.Progenitor,Hpoly.Day10
B8_ACGCCTTGGGGAGT_Hpoly.Day10_TA,B8,TA,Hpoly.Day10
B8_ACGCGGTGCACTCC_Hpoly.Day10_TA.Early,B8,TA.Early,Hpoly.Day10
B8_ACGCGGTGGGTAAA_Hpoly.Day10_Enterocyte.Progenitor,B8,Enterocyte.Progenitor,Hpoly.Day10
B8_ACGCGGTGGGTGTT_Hpoly.Day10_Stem,B8,Stem,Hpoly.Day10
B8_ACGCTCACCTTTAC_Hpoly.Day10_Goblet,B8,Goblet,Hpoly.Day10
B8_ACGCTGCTCATGGT_Hpoly.Day10_Goblet,B8,Goblet,Hpoly.Day10
B8_ACGGATTGAGGCGA_Hpoly.Day10_TA,B8,TA,Hpoly.Day10
B8_ACGGATTGCTTCGC_Hpoly.Day10_Stem,B8,Stem,Hpoly.Day10
B8_ACGGCGTGTGCTGA_Hpoly.Day10_Goblet,B8,Goblet,Hpoly.Day10
B8_ACGGCTCTCGAGTT_Hpoly.Day10_TA,B8,TA,Hpoly.Day10
B8_ACGGCTCTGTAGCT_Hpoly.Day10_Goblet,B8,Goblet,Hpoly.Day10
B8_ACGGGAGATGTCAG_Hpoly.Day10_Enterocyte.Progenitor,B8,Enterocyte.Progenitor,Hpoly.Day10
B8_ACGGTAACTCTACT_Hpoly.Day10_Enterocyte,B8,Enterocyte,Hpoly.Day10
B8_ACGGTATGGGAAGC_Hpoly.Day10_Enterocyte.Progenitor,B8,Enterocyte.Progenitor,Hpoly.Day10
B8_ACGGTCCTACACTG_Hpoly.Day10_Enterocyte.Progenitor,B8,Enterocyte.Progenitor,Hpoly.Day10
B8_ACGGTCCTCACACA_Hpoly.Day10_Goblet,B8,Goblet,Hpoly.Day10
B8_ACGTCAGAACCTTT_Hpoly.Day10_Goblet,B8,Goblet,Hpoly.Day10
B8_ACGTCCTGGAGGGT_Hpoly.Day10_TA.Early,B8,TA.Early,Hpoly.Day10
B8_ACGTCGCTGCCCTT_Hpoly.Day10_Stem,B8,Stem,Hpoly.Day10
B8_ACGTGATGGGAGCA_Hpoly.Day10_Stem,B8,Stem,Hpoly.Day10
B8_ACTACTACGACGAG_Hpoly.Day10_Enterocyte.Progenitor,B8,Enterocyte.Progenitor,Hpoly.Day10
B8_ACTAGGTGCCAAGT_Hpoly.Day10_TA.Early,B8,TA.Early,Hpoly.Day10
B8_ACTATCACAACGAA_Hpoly.Day10_Goblet,B8,Goblet,Hpoly.Day10
B8_ACTCAGGAAGAGTA_Hpoly.Day10_Enterocyte.Progenitor,B8,Enterocyte.Progenitor,Hpoly.Day10
B8_ACTCAGGACACCAA_Hpoly.Day10_TA,B8,TA,Hpoly.Day10
B8_ACTCCCGACTACTT_Hpoly.Day10_Stem,B8,Stem,Hpoly.Day10
B8_ACTCCTCTTGGAAA_Hpoly.Day10_Stem,B8,Stem,Hpoly.Day10
B8_ACTCGAGAAAGGGC_Hpoly.Day10_TA.Early,B8,TA.Early,Hpoly.Day10
B8_ACTCGAGATGCTGA_Hpoly.Day10_Goblet,B8,Goblet,Hpoly.Day10
B8_ACTCGCACCTAAGC_Hpoly.Day10_TA,B8,TA,Hpoly.Day10
B8_ACTCTATGAAGTAG_Hpoly.Day10_Goblet,B8,Goblet,Hpoly.Day10
B8_ACTCTATGCCTATT_Hpoly.Day10_Enterocyte,B8,Enterocyte,Hpoly.Day10
B8_ACTCTATGCTGTAG_Hpoly.Day10_TA,B8,TA,Hpoly.Day10
B8_ACTCTCCTTTCTAC_Hpoly.Day10_Stem,B8,Stem,Hpoly.Day10
B8_ACTGAGACACCTGA_Hpoly.Day10_Stem,B8,Stem,Hpoly.Day10
B8_ACTGCCACCTGAGT_Hpoly.Day10_TA,B8,TA,Hpoly.Day10
B8_ACTGCCACTCTAGG_Hpoly.Day10_Enterocyte.Progenitor,B8,Enterocyte.Progenitor,Hpoly.Day10
B8_ACTGCCACTTGGCA_Hpoly.Day10_Enterocyte.Progenitor,B8,Enterocyte.Progenitor,Hpoly.Day10
B8_ACTGCCTGCAGATC_Hpoly.Day10_Tuft,B8,Tuft,Hpoly.Day10
B8_ACTGTGGAAAGATG_Hpoly.Day10_Goblet,B8,Goblet,Hpoly.Day10
B8_ACTGTGGAACCCAA_Hpoly.Day10_Stem,B8,Stem,Hpoly.Day10
B8_ACTGTGGAGTTCTT_Hpoly.Day10_Stem,B8,Stem,Hpoly.Day10
B8_ACTGTTACAAACAG_Hpoly.Day10_Goblet,B8,Goblet,Hpoly.Day10
B8_ACTGTTACGGTGGA_Hpoly.Day10_Enterocyte.Progenitor,B8,Enterocyte.Progenitor,Hpoly.Day10
B8_ACTTAAGAACACTG_Hpoly.Day10_Tuft,B8,Tuft,Hpoly.Day10
B8_ACTTAAGAGGTTAC_Hpoly.Day10_TA,B8,TA,Hpoly.Day10
B8_ACTTAGCTACGGAG_Hpoly.Day10_Stem,B8,Stem,Hpoly.Day10
B8_ACTTAGCTGACTAC_Hpoly.Day10_Endocrine,B8,Endocrine,Hpoly.Day10
B8_ACTTCAACAACGAA_Hpoly.Day10_Tuft,B8,Tuft,Hpoly.Day10
B8_ACTTCCCTTCTAGG_Hpoly.Day10_Enterocyte.Progenitor,B8,Enterocyte.Progenitor,Hpoly.Day10
B8_ACTTCTGAAAAGTG_Hpoly.Day10_Stem,B8,Stem,Hpoly.Day10
B8_ACTTCTGACCTCCA_Hpoly.Day10_TA,B8,TA,Hpoly.Day10
B8_ACTTGACTACTGTG_Hpoly.Day10_Goblet,B8,Goblet,Hpoly.Day10
B8_ACTTGGGAAAAGCA_Hpoly.Day10_TA.Early,B8,TA.Early,Hpoly.Day10
B8_ACTTGTACCTGTAG_Hpoly.Day10_TA.Early,B8,TA.Early,Hpoly.Day10
B8_ACTTTGTGTCTTTG_Hpoly.Day10_Enterocyte.Progenitor,B8,Enterocyte.Progenitor,Hpoly.Day10
B8_AGAAACGAAACGTC_Hpoly.Day10_Enterocyte.Progenitor,B8,Enterocyte.Progenitor,Hpoly.Day10
B8_AGAAACGAGTTTGG_Hpoly.Day10_TA,B8,TA,Hpoly.Day10
B8_AGAAAGTGTGGTGT_Hpoly.Day10_Enterocyte.Progenitor,B8,Enterocyte.Progenitor,Hpoly.Day10
B8_AGAACGCTAGCCTA_Hpoly.Day10_Stem,B8,Stem,Hpoly.Day10
B8_AGAACGCTCCTGAA_Hpoly.Day10_Enterocyte,B8,Enterocyte,Hpoly.Day10
B8_AGAACGCTCTCCCA_Hpoly.Day10_Enterocyte.Progenitor,B8,Enterocyte.Progenitor,Hpoly.Day10
B8_AGAACGCTTTGCGA_Hpoly.Day10_Tuft,B8,Tuft,Hpoly.Day10
B8_AGAAGATGTGGTAC_Hpoly.Day10_Enterocyte.Progenitor,B8,Enterocyte.Progenitor,Hpoly.Day10
B8_AGAATGGACTGAAC_Hpoly.Day10_TA.Early,B8,TA.Early,Hpoly.Day10
B8_AGAATGGACTGCAA_Hpoly.Day10_Goblet,B8,Goblet,Hpoly.Day10
B8_AGAATTTGTAGTCG_Hpoly.Day10_Stem,B8,Stem,Hpoly.Day10
B8_AGACACACAGGAGC_Hpoly.Day10_TA.Early,B8,TA.Early,Hpoly.Day10
B8_AGACACACTGACAC_Hpoly.Day10_Stem,B8,Stem,Hpoly.Day10
B8_AGACACTGATCGGT_Hpoly.Day10_Enterocyte.Progenitor,B8,Enterocyte.Progenitor,Hpoly.Day10
B8_AGACGTACCCACCT_Hpoly.Day10_Endocrine,B8,Endocrine,Hpoly.Day10
B8_AGACTCGAATCGAC_Hpoly.Day10_Enterocyte.Progenitor,B8,Enterocyte.Progenitor,Hpoly.Day10
B8_AGACTCGACACTTT_Hpoly.Day10_TA.Early,B8,TA.Early,Hpoly.Day10
B8_AGACTGACCCTACC_Hpoly.Day10_Enterocyte.Progenitor,B8,Enterocyte.Progenitor,Hpoly.Day10
B8_AGAGAAACCTAGCA_Hpoly.Day10_Tuft,B8,Tuft,Hpoly.Day10
B8_AGAGCGGATGAGAA_Hpoly.Day10_Enterocyte,B8,Enterocyte,Hpoly.Day10
B8_AGAGCTACACTTTC_Hpoly.Day10_TA.Early,B8,TA.Early,Hpoly.Day10
B8_AGAGCTACATTGGC_Hpoly.Day10_Tuft,B8,Tuft,Hpoly.Day10
B8_AGAGCTACTATCGG_Hpoly.Day10_Enterocyte.Progenitor,B8,Enterocyte.Progenitor,Hpoly.Day10
B8_AGAGGTCTACCGAT_Hpoly.Day10_Enterocyte.Progenitor,B8,Enterocyte.Progenitor,Hpoly.Day10
B8_AGAGTCACTTCGTT_Hpoly.Day10_TA,B8,TA,Hpoly.Day10
B8_AGAGTCTGGTCACA_Hpoly.Day10_TA.Early,B8,TA.Early,Hpoly.Day10
B8_AGAGTGCTAAGCCT_Hpoly.Day10_Enterocyte.Progenitor,B8,Enterocyte.Progenitor,Hpoly.Day10
B8_AGAGTGCTTGCTTT_Hpoly.Day10_TA.Early,B8,TA.Early,Hpoly.Day10
B8_AGATATACAGAGAT_Hpoly.Day10_TA,B8,TA,Hpoly.Day10
B8_AGATATACCAGTCA_Hpoly.Day10_Tuft,B8,Tuft,Hpoly.Day10
B8_AGATCGTGACCTCC_Hpoly.Day10_TA.Early,B8,TA.Early,Hpoly.Day10
B8_AGATTAACACACCA_Hpoly.Day10_TA.Early,B8,TA.Early,Hpoly.Day10
B8_AGATTAACAGCTAC_Hpoly.Day10_TA.Early,B8,TA.Early,Hpoly.Day10
B8_AGATTCCTCTCTAT_Hpoly.Day10_Enterocyte.Progenitor,B8,Enterocyte.Progenitor,Hpoly.Day10
B8_AGATTCCTTTCTTG_Hpoly.Day10_TA.Early,B8,TA.Early,Hpoly.Day10
B8_AGCAAAGAACGGGA_Hpoly.Day10_Enterocyte.Progenitor,B8,Enterocyte.Progenitor,Hpoly.Day10
B8_AGCAAAGAGCTGAT_Hpoly.Day10_Stem,B8,Stem,Hpoly.Day10
B8_AGCAAGCTACGTAC_Hpoly.Day10_TA.Early,B8,TA.Early,Hpoly.Day10
B8_AGCACAACGGAGGT_Hpoly.Day10_TA,B8,TA,Hpoly.Day10
B8_AGCACTGAGCATAC_Hpoly.Day10_TA.Early,B8,TA.Early,Hpoly.Day10
B8_AGCACTGATCTCCG_Hpoly.Day10_TA.Early,B8,TA.Early,Hpoly.Day10
B8_AGCATGACTCTCAT_Hpoly.Day10_Enterocyte,B8,Enterocyte,Hpoly.Day10
B8_AGCATTCTAGCACT_Hpoly.Day10_Stem,B8,Stem,Hpoly.Day10
B8_AGCCAATGTAAGCC_Hpoly.Day10_Stem,B8,Stem,Hpoly.Day10
B8_AGCCACCTCTGGTA_Hpoly.Day10_Tuft,B8,Tuft,Hpoly.Day10
B8_AGCCGTCTAGGTCT_Hpoly.Day10_TA.Early,B8,TA.Early,Hpoly.Day10
B8_AGCCTCACTGCCTC_Hpoly.Day10_Stem,B8,Stem,Hpoly.Day10
B8_AGCCTCACTGGTCA_Hpoly.Day10_Stem,B8,Stem,Hpoly.Day10
B8_AGCCTCTGCAGGAG_Hpoly.Day10_Goblet,B8,Goblet,Hpoly.Day10
B8_AGCGAACTACTAGC_Hpoly.Day10_Enterocyte.Progenitor,B8,Enterocyte.Progenitor,Hpoly.Day10
B8_AGCGGCTGGACAAA_Hpoly.Day10_Enterocyte,B8,Enterocyte,Hpoly.Day10
B8_AGCTCGCTCGTACA_Hpoly.Day10_Enterocyte.Progenitor,B8,Enterocyte.Progenitor,Hpoly.Day10
B8_AGCTGAACCGCTAA_Hpoly.Day10_Tuft,B8,Tuft,Hpoly.Day10
B8_AGCTGAACCTCATT_Hpoly.Day10_Endocrine,B8,Endocrine,Hpoly.Day10
B8_AGCTGCCTAACCTG_Hpoly.Day10_Stem,B8,Stem,Hpoly.Day10
B8_AGCTGCCTCGATAC_Hpoly.Day10_TA,B8,TA,Hpoly.Day10
B8_AGGAAATGCCATAG_Hpoly.Day10_Endocrine,B8,Endocrine,Hpoly.Day10
B8_AGGAACCTAGAACA_Hpoly.Day10_Enterocyte.Progenitor,B8,Enterocyte.Progenitor,Hpoly.Day10
B8_AGGAACCTCACACA_Hpoly.Day10_Enterocyte,B8,Enterocyte,Hpoly.Day10
B8_AGGACTTGTCCAAG_Hpoly.Day10_TA.Early,B8,TA.Early,Hpoly.Day10
B8_AGGATGCTTCAGAC_Hpoly.Day10_Endocrine,B8,Endocrine,Hpoly.Day10
B8_AGGCAGGAATCTCT_Hpoly.Day10_Goblet,B8,Goblet,Hpoly.Day10
B8_AGGCTAACCTGACA_Hpoly.Day10_Goblet,B8,Goblet,Hpoly.Day10
B8_AGGCTAACTGAACC_Hpoly.Day10_TA,B8,TA,Hpoly.Day10
B8_AGGGAGTGTACAGC_Hpoly.Day10_TA,B8,TA,Hpoly.Day10
B8_AGGGAGTGTACTCT_Hpoly.Day10_Enterocyte.Progenitor,B8,Enterocyte.Progenitor,Hpoly.Day10
B8_AGGGCCACAGTCTG_Hpoly.Day10_TA.Early,B8,TA.Early,Hpoly.Day10
B8_AGGGCCTGGTGAGG_Hpoly.Day10_Stem,B8,Stem,Hpoly.Day10
B8_AGGGCGCTCATCAG_Hpoly.Day10_TA,B8,TA,Hpoly.Day10
B8_AGGGTGGATTCAGG_Hpoly.Day10_Endocrine,B8,Endocrine,Hpoly.Day10
B8_AGGGTTTGAGGAGC_Hpoly.Day10_Goblet,B8,Goblet,Hpoly.Day10
B8_AGGTACTGCACTTT_Hpoly.Day10_Enterocyte.Progenitor,B8,Enterocyte.Progenitor,Hpoly.Day10
B8_AGGTACTGTGTGAC_Hpoly.Day10_Enterocyte.Progenitor,B8,Enterocyte.Progenitor,Hpoly.Day10
B8_AGGTCTGACATTGG_Hpoly.Day10_Enterocyte.Progenitor,B8,Enterocyte.Progenitor,Hpoly.Day10
B8_AGGTCTGATGACTG_Hpoly.Day10_Stem,B8,Stem,Hpoly.Day10
B8_AGGTGTTGAGGTTC_Hpoly.Day10_Goblet,B8,Goblet,Hpoly.Day10
B8_AGGTTCGACATGCA_Hpoly.Day10_TA,B8,TA,Hpoly.Day10
B8_AGTAAGGAATACCG_Hpoly.Day10_TA.Early,B8,TA.Early,Hpoly.Day10
B8_AGTAATACGAAACA_Hpoly.Day10_Endocrine,B8,Endocrine,Hpoly.Day10
B8_AGTAATTGCTACGA_Hpoly.Day10_Goblet,B8,Goblet,Hpoly.Day10
B8_AGTAATTGTTGAGC_Hpoly.Day10_TA.Early,B8,TA.Early,Hpoly.Day10
B8_AGTACTCTCAAGCT_Hpoly.Day10_Goblet,B8,Goblet,Hpoly.Day10
B8_AGTACTCTTGCCAA_Hpoly.Day10_TA.Early,B8,TA.Early,Hpoly.Day10
B8_AGTATAACAGCTCA_Hpoly.Day10_Stem,B8,Stem,Hpoly.Day10
B8_AGTATAACCAGTTG_Hpoly.Day10_TA,B8,TA,Hpoly.Day10
B8_AGTATAACGATACC_Hpoly.Day10_TA,B8,TA,Hpoly.Day10
B8_AGTATAACTACGAC_Hpoly.Day10_TA.Early,B8,TA.Early,Hpoly.Day10
B8_AGTATAACTAGCCA_Hpoly.Day10_Enterocyte.Progenitor,B8,Enterocyte.Progenitor,Hpoly.Day10
B8_AGTATAACTCCGAA_Hpoly.Day10_Tuft,B8,Tuft,Hpoly.Day10
B8_AGTCACGAGGGACA_Hpoly.Day10_Tuft,B8,Tuft,Hpoly.Day10
B8_AGTCACGATATCTC_Hpoly.Day10_Enterocyte.Progenitor,B8,Enterocyte.Progenitor,Hpoly.Day10
B8_AGTCCAGACTCTTA_Hpoly.Day10_TA,B8,TA,Hpoly.Day10
B8_AGTCGAACAGCTAC_Hpoly.Day10_TA.Early,B8,TA.Early,Hpoly.Day10
B8_AGTCGAACGGGAGT_Hpoly.Day10_TA.Early,B8,TA.Early,Hpoly.Day10
B8_AGTCGCCTGTACAC_Hpoly.Day10_TA,B8,TA,Hpoly.Day10
B8_AGTCTACTCGAACT_Hpoly.Day10_Enterocyte.Progenitor,B8,Enterocyte.Progenitor,Hpoly.Day10
B8_AGTCTACTCTCATT_Hpoly.Day10_Endocrine,B8,Endocrine,Hpoly.Day10
B8_AGTCTACTGCGTTA_Hpoly.Day10_Goblet,B8,Goblet,Hpoly.Day10
B8_AGTGACTGAACGGG_Hpoly.Day10_Enterocyte.Progenitor,B8,Enterocyte.Progenitor,Hpoly.Day10
B8_AGTGACTGCGATAC_Hpoly.Day10_TA.Early,B8,TA.Early,Hpoly.Day10
B8_AGTGCAACTCACCC_Hpoly.Day10_Enterocyte,B8,Enterocyte,Hpoly.Day10
B8_AGTTCTACCGCAAT_Hpoly.Day10_Enterocyte.Progenitor,B8,Enterocyte.Progenitor,Hpoly.Day10
B8_AGTTCTACCTATTC_Hpoly.Day10_TA,B8,TA,Hpoly.Day10
B8_AGTTCTACGCATCA_Hpoly.Day10_Tuft,B8,Tuft,Hpoly.Day10
B8_AGTTGTCTCTAGCA_Hpoly.Day10_Enterocyte.Progenitor,B8,Enterocyte.Progenitor,Hpoly.Day10
B8_AGTTTAGAGTAAAG_Hpoly.Day10_Endocrine,B8,Endocrine,Hpoly.Day10
B8_AGTTTGCTGGAACG_Hpoly.Day10_Stem,B8,Stem,Hpoly.Day10
B8_AGTTTGCTTCCGAA_Hpoly.Day10_Goblet,B8,Goblet,Hpoly.Day10
B8_ATAAACACACAGTC_Hpoly.Day10_TA.Early,B8,TA.Early,Hpoly.Day10
B8_ATAACCCTTTGCGA_Hpoly.Day10_TA.Early,B8,TA.Early,Hpoly.Day10
B8_ATAAGTACTGTCAG_Hpoly.Day10_Enterocyte.Progenitor,B8,Enterocyte.Progenitor,Hpoly.Day10
B8_ATAATCGAGAAGGC_Hpoly.Day10_TA,B8,TA,Hpoly.Day10
B8_ATACCGGAGTTCAG_Hpoly.Day10_Stem,B8,Stem,Hpoly.Day10
B8_ATACCGGATTGACG_Hpoly.Day10_TA,B8,TA,Hpoly.Day10
B8_ATACCTACATGCTG_Hpoly.Day10_Enterocyte.Progenitor,B8,Enterocyte.Progenitor,Hpoly.Day10
B8_ATACCTTGCACTAG_Hpoly.Day10_Goblet,B8,Goblet,Hpoly.Day10
B8_ATACGGACCATTGG_Hpoly.Day10_Stem,B8,Stem,Hpoly.Day10
B8_ATACGGACGTTCTT_Hpoly.Day10_Goblet,B8,Goblet,Hpoly.Day10
B8_ATACGTCTATAAGG_Hpoly.Day10_Stem,B8,Stem,Hpoly.Day10
B8_ATACTCTGCATGCA_Hpoly.Day10_Enterocyte,B8,Enterocyte,Hpoly.Day10
B8_ATAGAACTAGAGTA_Hpoly.Day10_Stem,B8,Stem,Hpoly.Day10
B8_ATAGCCGACCGTTC_Hpoly.Day10_Stem,B8,Stem,Hpoly.Day10
B8_ATAGCTCTCTGGTA_Hpoly.Day10_Endocrine,B8,Endocrine,Hpoly.Day10
B8_ATAGCTCTTATTCC_Hpoly.Day10_TA.Early,B8,TA.Early,Hpoly.Day10
B8_ATAGGAGACTCATT_Hpoly.Day10_TA,B8,TA,Hpoly.Day10
B8_ATAGGAGAGTCGAT_Hpoly.Day10_TA,B8,TA,Hpoly.Day10
B8_ATAGTCCTCATGGT_Hpoly.Day10_TA,B8,TA,Hpoly.Day10
B8_ATAGTCCTCCCGTT_Hpoly.Day10_Enterocyte.Progenitor,B8,Enterocyte.Progenitor,Hpoly.Day10
B8_ATAGTCCTTGTCAG_Hpoly.Day10_Enterocyte.Progenitor,B8,Enterocyte.Progenitor,Hpoly.Day10
B8_ATAGTTGACCTTGC_Hpoly.Day10_Stem,B8,Stem,Hpoly.Day10
B8_ATAGTTGATCGATG_Hpoly.Day10_Enterocyte.Progenitor,B8,Enterocyte.Progenitor,Hpoly.Day10
B8_ATATACGACCCTCA_Hpoly.Day10_TA.Early,B8,TA.Early,Hpoly.Day10
B8_ATATGCCTAGTCGT_Hpoly.Day10_TA,B8,TA,Hpoly.Day10
B8_ATATGCCTTAAGGA_Hpoly.Day10_Stem,B8,Stem,Hpoly.Day10
B8_ATCAAATGCGTAGT_Hpoly.Day10_TA.Early,B8,TA.Early,Hpoly.Day10
B8_ATCACGGACTCAAG_Hpoly.Day10_Tuft,B8,Tuft,Hpoly.Day10
B8_ATCACTACCTTTAC_Hpoly.Day10_TA,B8,TA,Hpoly.Day10
B8_ATCACTACTTGTCT_Hpoly.Day10_Stem,B8,Stem,Hpoly.Day10
B8_ATCACTTGCGGGAA_Hpoly.Day10_Stem,B8,Stem,Hpoly.Day10
B8_ATCACTTGTACTTC_Hpoly.Day10_Stem,B8,Stem,Hpoly.Day10
B8_ATCAGGTGGGAAAT_Hpoly.Day10_Stem,B8,Stem,Hpoly.Day10
B8_ATCATCTGATCACG_Hpoly.Day10_Enterocyte.Progenitor,B8,Enterocyte.Progenitor,Hpoly.Day10
B8_ATCATCTGGTTGTG_Hpoly.Day10_Enterocyte.Progenitor,B8,Enterocyte.Progenitor,Hpoly.Day10
B8_ATCCATACCGGTAT_Hpoly.Day10_Stem,B8,Stem,Hpoly.Day10
B8_ATCCCGTGCCGTTC_Hpoly.Day10_Endocrine,B8,Endocrine,Hpoly.Day10
B8_ATCCCGTGCGAACT_Hpoly.Day10_Tuft,B8,Tuft,Hpoly.Day10
B8_ATCCCGTGGTTCAG_Hpoly.Day10_Tuft,B8,Tuft,Hpoly.Day10
B8_ATCCGCACCATACG_Hpoly.Day10_Stem,B8,Stem,Hpoly.Day10
B8_ATCCGCACCGGTAT_Hpoly.Day10_TA,B8,TA,Hpoly.Day10
B8_ATCCGCACCTGAAC_Hpoly.Day10_Enterocyte.Progenitor,B8,Enterocyte.Progenitor,Hpoly.Day10
B8_ATCCTAACCAATCG_Hpoly.Day10_TA.Early,B8,TA.Early,Hpoly.Day10
B8_ATCGAGTGGGGTGA_Hpoly.Day10_Goblet,B8,Goblet,Hpoly.Day10
B8_ATCGCAGACCTCGT_Hpoly.Day10_TA.Early,B8,TA.Early,Hpoly.Day10
B8_ATCGCCTGCTCTCG_Hpoly.Day10_Stem,B8,Stem,Hpoly.Day10
B8_ATCGCGCTGTGTCA_Hpoly.Day10_TA,B8,TA,Hpoly.Day10
B8_ATCGGAACAAAAGC_Hpoly.Day10_Stem,B8,Stem,Hpoly.Day10
B8_ATCGGTGAAAGAGT_Hpoly.Day10_Enterocyte,B8,Enterocyte,Hpoly.Day10
B8_ATCGGTGACTGGTA_Hpoly.Day10_TA.Early,B8,TA.Early,Hpoly.Day10
B8_ATCGTTTGCTCTAT_Hpoly.Day10_TA,B8,TA,Hpoly.Day10
B8_ATCGTTTGTGAAGA_Hpoly.Day10_TA.Early,B8,TA.Early,Hpoly.Day10
B8_ATCTACACTGCCTC_Hpoly.Day10_Tuft,B8,Tuft,Hpoly.Day10
B8_ATCTACTGGTAAAG_Hpoly.Day10_Stem,B8,Stem,Hpoly.Day10
B8_ATCTACTGTTGCAG_Hpoly.Day10_Enterocyte.Progenitor,B8,Enterocyte.Progenitor,Hpoly.Day10
B8_ATCTCAACAGTGCT_Hpoly.Day10_TA,B8,TA,Hpoly.Day10
B8_ATCTCAACCTACGA_Hpoly.Day10_Stem,B8,Stem,Hpoly.Day10
B8_ATCTCAACGTCAAC_Hpoly.Day10_TA.Early,B8,TA.Early,Hpoly.Day10
B8_ATCTCAACTTGCAG_Hpoly.Day10_Stem,B8,Stem,Hpoly.Day10
B8_ATCTGACTGATAAG_Hpoly.Day10_TA,B8,TA,Hpoly.Day10
B8_ATCTGGGACCGTAA_Hpoly.Day10_TA.Early,B8,TA.Early,Hpoly.Day10
B8_ATCTGTTGCAGATC_Hpoly.Day10_Goblet,B8,Goblet,Hpoly.Day10
B8_ATCTGTTGTGGTTG_Hpoly.Day10_Tuft,B8,Tuft,Hpoly.Day10
B8_ATCTTTCTCGCCTT_Hpoly.Day10_Goblet,B8,Goblet,Hpoly.Day10
B8_ATGAAACTCGAGAG_Hpoly.Day10_TA,B8,TA,Hpoly.Day10
B8_ATGAAGGACTGTTT_Hpoly.Day10_TA,B8,TA,Hpoly.Day10
B8_ATGAAGGAGTTTCT_Hpoly.Day10_Goblet,B8,Goblet,Hpoly.Day10
B8_ATGAAGGATGCTTT_Hpoly.Day10_Enterocyte.Progenitor,B8,Enterocyte.Progenitor,Hpoly.Day10
B8_ATGAAGGATTATCC_Hpoly.Day10_Enterocyte.Progenitor,B8,Enterocyte.Progenitor,Hpoly.Day10
B8_ATGACGTGTGTCAG_Hpoly.Day10_TA,B8,TA,Hpoly.Day10
B8_ATGAGCACCTGTCC_Hpoly.Day10_Stem,B8,Stem,Hpoly.Day10
B8_ATGATATGTACTCT_Hpoly.Day10_Goblet,B8,Goblet,Hpoly.Day10
B8_ATGCAGACAAGTAG_Hpoly.Day10_TA,B8,TA,Hpoly.Day10
B8_ATGCAGTGACTTTC_Hpoly.Day10_Stem,B8,Stem,Hpoly.Day10
B8_ATGCCAGACTATTC_Hpoly.Day10_Goblet,B8,Goblet,Hpoly.Day10
B8_ATGCCGCTCTCCAC_Hpoly.Day10_Enterocyte.Progenitor,B8,Enterocyte.Progenitor,Hpoly.Day10
B8_ATGCGATGTGTCAG_Hpoly.Day10_TA.Early,B8,TA.Early,Hpoly.Day10
B8_ATGCGCCTGTTGTG_Hpoly.Day10_Enterocyte.Progenitor,B8,Enterocyte.Progenitor,Hpoly.Day10
B8_ATGCGCCTTTCGCC_Hpoly.Day10_Stem,B8,Stem,Hpoly.Day10
B8_ATGCTTTGCTGTTT_Hpoly.Day10_Tuft,B8,Tuft,Hpoly.Day10
B8_ATGGTGACTGACTG_Hpoly.Day10_Enterocyte.Progenitor,B8,Enterocyte.Progenitor,Hpoly.Day10
B8_ATGTCACTAACGTC_Hpoly.Day10_Stem,B8,Stem,Hpoly.Day10
B8_ATGTCACTTGGTCA_Hpoly.Day10_TA,B8,TA,Hpoly.Day10
B8_ATGTCGGACCGCTT_Hpoly.Day10_TA,B8,TA,Hpoly.Day10
B8_ATGTTCACAAGTGA_Hpoly.Day10_Enterocyte.Progenitor,B8,Enterocyte.Progenitor,Hpoly.Day10
B8_ATTACCACAAGAGT_Hpoly.Day10_TA.Early,B8,TA.Early,Hpoly.Day10
B8_ATTACCACTTCGTT_Hpoly.Day10_TA,B8,TA,Hpoly.Day10
B8_ATTACCTGACCCTC_Hpoly.Day10_Stem,B8,Stem,Hpoly.Day10
B8_ATTACCTGCCCTCA_Hpoly.Day10_TA.Early,B8,TA.Early,Hpoly.Day10
B8_ATTAGATGCTGCAA_Hpoly.Day10_Goblet,B8,Goblet,Hpoly.Day10
B8_ATTAGATGGCGGAA_Hpoly.Day10_Tuft,B8,Tuft,Hpoly.Day10
B8_ATTAGTGACAGAAA_Hpoly.Day10_Goblet,B8,Goblet,Hpoly.Day10
B8_ATTAGTGAGCAGTT_Hpoly.Day10_Stem,B8,Stem,Hpoly.Day10
B8_ATTCAAGAAACCAC_Hpoly.Day10_TA,B8,TA,Hpoly.Day10
B8_ATTCAAGAACACGT_Hpoly.Day10_Enterocyte.Progenitor,B8,Enterocyte.Progenitor,Hpoly.Day10
B8_ATTCAAGATTCCAT_Hpoly.Day10_Enterocyte.Progenitor,B8,Enterocyte.Progenitor,Hpoly.Day10
B8_ATTCAGCTAACCTG_Hpoly.Day10_Stem,B8,Stem,Hpoly.Day10
B8_ATTCAGCTTCTCTA_Hpoly.Day10_TA.Early,B8,TA.Early,Hpoly.Day10
B8_ATTCCAACCTCTTA_Hpoly.Day10_TA.Early,B8,TA.Early,Hpoly.Day10
B8_ATTCCATGACGTGT_Hpoly.Day10_TA,B8,TA,Hpoly.Day10
B8_ATTCGACTTCCAGA_Hpoly.Day10_Stem,B8,Stem,Hpoly.Day10
B8_ATTCTGACGCTGAT_Hpoly.Day10_TA.Early,B8,TA.Early,Hpoly.Day10
B8_ATTCTGACTTTCTG_Hpoly.Day10_TA.Early,B8,TA.Early,Hpoly.Day10
B8_ATTCTTCTCGTGAT_Hpoly.Day10_Enterocyte.Progenitor,B8,Enterocyte.Progenitor,Hpoly.Day10
B8_ATTCTTCTTGCCAA_Hpoly.Day10_Enterocyte.Progenitor,B8,Enterocyte.Progenitor,Hpoly.Day10
B8_ATTGATGAACTTTC_Hpoly.Day10_TA.Early,B8,TA.Early,Hpoly.Day10
B8_ATTGATGACTACGA_Hpoly.Day10_Stem,B8,Stem,Hpoly.Day10
B8_ATTGATGATTTCAC_Hpoly.Day10_TA.Early,B8,TA.Early,Hpoly.Day10
B8_ATTGCACTCTTCGC_Hpoly.Day10_Tuft,B8,Tuft,Hpoly.Day10
B8_ATTGCACTGCAGTT_Hpoly.Day10_Stem,B8,Stem,Hpoly.Day10
B8_ATTGCACTTAGACC_Hpoly.Day10_TA.Early,B8,TA.Early,Hpoly.Day10
B8_ATTGCGGAAGAGGC_Hpoly.Day10_Enterocyte.Progenitor,B8,Enterocyte.Progenitor,Hpoly.Day10
B8_ATTGCGGAGGGAGT_Hpoly.Day10_Stem,B8,Stem,Hpoly.Day10
B8_ATTGCTTGAACGTC_Hpoly.Day10_Enterocyte.Progenitor,B8,Enterocyte.Progenitor,Hpoly.Day10
B8_ATTGCTTGCAGAAA_Hpoly.Day10_TA.Early,B8,TA.Early,Hpoly.Day10
B8_ATTGGGTGCCTACC_Hpoly.Day10_TA,B8,TA,Hpoly.Day10
B8_ATTGGTCTAGTCTG_Hpoly.Day10_TA.Early,B8,TA.Early,Hpoly.Day10
B8_ATTGTAGAGAACCT_Hpoly.Day10_Enterocyte.Progenitor,B8,Enterocyte.Progenitor,Hpoly.Day10
B8_ATTGTCTGCCTATT_Hpoly.Day10_Tuft,B8,Tuft,Hpoly.Day10
B8_ATTTAGGAAATGCC_Hpoly.Day10_Enterocyte.Progenitor,B8,Enterocyte.Progenitor,Hpoly.Day10
B8_ATTTAGGAACCGAT_Hpoly.Day10_Enterocyte.Progenitor,B8,Enterocyte.Progenitor,Hpoly.Day10
B8_ATTTAGGACAGGAG_Hpoly.Day10_TA,B8,TA,Hpoly.Day10
B8_ATTTCGTGAAACGA_Hpoly.Day10_Stem,B8,Stem,Hpoly.Day10
B8_ATTTGCACCGTGAT_Hpoly.Day10_TA.Early,B8,TA.Early,Hpoly.Day10
B8_CAAAGCACCAACTG_Hpoly.Day10_Tuft,B8,Tuft,Hpoly.Day10
B8_CAAAGCACCACCAA_Hpoly.Day10_Enterocyte.Progenitor,B8,Enterocyte.Progenitor,Hpoly.Day10
B8_CAAAGCACGACTAC_Hpoly.Day10_Goblet,B8,Goblet,Hpoly.Day10
B8_CAAAGCACTGAGGG_Hpoly.Day10_Goblet,B8,Goblet,Hpoly.Day10
B8_CAAAGCTGCTGTAG_Hpoly.Day10_Enterocyte.Progenitor,B8,Enterocyte.Progenitor,Hpoly.Day10
B8_CAAATTGACTCATT_Hpoly.Day10_Stem,B8,Stem,Hpoly.Day10
B8_CAACAGACGTCGAT_Hpoly.Day10_Enterocyte.Progenitor,B8,Enterocyte.Progenitor,Hpoly.Day10
B8_CAACCGCTCGGGAA_Hpoly.Day10_Enterocyte.Progenitor,B8,Enterocyte.Progenitor,Hpoly.Day10
B8_CAACGAACCATGCA_Hpoly.Day10_TA.Early,B8,TA.Early,Hpoly.Day10
B8_CAACGAACCCTTGC_Hpoly.Day10_Stem,B8,Stem,Hpoly.Day10
B8_CAACGTGATGCTAG_Hpoly.Day10_TA.Early,B8,TA.Early,Hpoly.Day10
B8_CAACGTGATTATCC_Hpoly.Day10_Goblet,B8,Goblet,Hpoly.Day10
B8_CAAGAAGATAGACC_Hpoly.Day10_Enterocyte.Progenitor,B8,Enterocyte.Progenitor,Hpoly.Day10
B8_CAAGAAGATGTCAG_Hpoly.Day10_Stem,B8,Stem,Hpoly.Day10
B8_CAAGACACCTTGGA_Hpoly.Day10_Endocrine,B8,Endocrine,Hpoly.Day10
B8_CAAGACACTCTCCG_Hpoly.Day10_Stem,B8,Stem,Hpoly.Day10
B8_CAAGCATGCTATGG_Hpoly.Day10_TA.Early,B8,TA.Early,Hpoly.Day10
B8_CAAGCCCTAGTGTC_Hpoly.Day10_TA,B8,TA,Hpoly.Day10
B8_CAAGGACTCGCTAA_Hpoly.Day10_Enterocyte.Progenitor,B8,Enterocyte.Progenitor,Hpoly.Day10
B8_CAAGGACTTGGTAC_Hpoly.Day10_TA.Early,B8,TA.Early,Hpoly.Day10
B8_CAAGTTCTTCTCCG_Hpoly.Day10_TA,B8,TA,Hpoly.Day10
B8_CAAGTTCTTTTCTG_Hpoly.Day10_Enterocyte.Progenitor,B8,Enterocyte.Progenitor,Hpoly.Day10
B8_CAATAAACCTACTT_Hpoly.Day10_Tuft,B8,Tuft,Hpoly.Day10
B8_CAATATGAATTCCT_Hpoly.Day10_Enterocyte.Progenitor,B8,Enterocyte.Progenitor,Hpoly.Day10
B8_CAATCGGAGTGTTG_Hpoly.Day10_Stem,B8,Stem,Hpoly.Day10
B8_CAATCTACCGGTAT_Hpoly.Day10_Stem,B8,Stem,Hpoly.Day10
B8_CAATCTACTCTAGG_Hpoly.Day10_TA.Early,B8,TA.Early,Hpoly.Day10
B8_CAATGGACAGGTTC_Hpoly.Day10_TA,B8,TA,Hpoly.Day10
B8_CAATGGACTTGTCT_Hpoly.Day10_Tuft,B8,Tuft,Hpoly.Day10
B8_CAATTCTGCTGATG_Hpoly.Day10_Tuft,B8,Tuft,Hpoly.Day10
B8_CACAATCTTGTTCT_Hpoly.Day10_TA.Early,B8,TA.Early,Hpoly.Day10
B8_CACAGAACTTGGTG_Hpoly.Day10_TA,B8,TA,Hpoly.Day10
B8_CACATGGACCTTGC_Hpoly.Day10_Enterocyte.Progenitor,B8,Enterocyte.Progenitor,Hpoly.Day10
B8_CACATGGACTATTC_Hpoly.Day10_TA,B8,TA,Hpoly.Day10
B8_CACCACTGGTTGAC_Hpoly.Day10_Enterocyte.Progenitor,B8,Enterocyte.Progenitor,Hpoly.Day10
B8_CACCCATGGGCAAG_Hpoly.Day10_Endocrine,B8,Endocrine,Hpoly.Day10
B8_CACCGGGAGAGCTT_Hpoly.Day10_Stem,B8,Stem,Hpoly.Day10
B8_CACCGTACACAGTC_Hpoly.Day10_Enterocyte.Progenitor,B8,Enterocyte.Progenitor,Hpoly.Day10
B8_CACCGTTGCCCTCA_Hpoly.Day10_Stem,B8,Stem,Hpoly.Day10
B8_CACCTGACCCCACT_Hpoly.Day10_Enterocyte.Progenitor,B8,Enterocyte.Progenitor,Hpoly.Day10
B8_CACCTGACTTGGCA_Hpoly.Day10_TA,B8,TA,Hpoly.Day10
B8_CACGACCTACCTGA_Hpoly.Day10_Goblet,B8,Goblet,Hpoly.Day10
B8_CACGACCTACCTTT_Hpoly.Day10_Enterocyte.Progenitor,B8,Enterocyte.Progenitor,Hpoly.Day10
B8_CACGACCTAGCAAA_Hpoly.Day10_TA.Early,B8,TA.Early,Hpoly.Day10
B8_CACTAGGACTCTAT_Hpoly.Day10_Stem,B8,Stem,Hpoly.Day10
B8_CACTCCGATAACGC_Hpoly.Day10_Enterocyte.Progenitor,B8,Enterocyte.Progenitor,Hpoly.Day10
B8_CACTGCACCTCATT_Hpoly.Day10_Stem,B8,Stem,Hpoly.Day10
B8_CACTTAACATTCGG_Hpoly.Day10_Enterocyte.Progenitor,B8,Enterocyte.Progenitor,Hpoly.Day10
B8_CACTTTGATCCGAA_Hpoly.Day10_TA,B8,TA,Hpoly.Day10
B8_CAGACAACGGTTCA_Hpoly.Day10_Enterocyte.Progenitor,B8,Enterocyte.Progenitor,Hpoly.Day10
B8_CAGACAACGTGTCA_Hpoly.Day10_TA.Early,B8,TA.Early,Hpoly.Day10
B8_CAGACAACTGCCTC_Hpoly.Day10_Enterocyte.Progenitor,B8,Enterocyte.Progenitor,Hpoly.Day10
B8_CAGACATGCGGAGA_Hpoly.Day10_Stem,B8,Stem,Hpoly.Day10
B8_CAGACATGTGAGGG_Hpoly.Day10_Tuft,B8,Tuft,Hpoly.Day10
B8_CAGAGGGAGATAGA_Hpoly.Day10_TA.Early,B8,TA.Early,Hpoly.Day10
B8_CAGAGGGAGTAAGA_Hpoly.Day10_Enterocyte.Progenitor,B8,Enterocyte.Progenitor,Hpoly.Day10
B8_CAGAGGGATTCTAC_Hpoly.Day10_Stem,B8,Stem,Hpoly.Day10
B8_CAGATCGAAAGGGC_Hpoly.Day10_Enterocyte.Progenitor,B8,Enterocyte.Progenitor,Hpoly.Day10
B8_CAGATCGAGCCTTC_Hpoly.Day10_Goblet,B8,Goblet,Hpoly.Day10
B8_CAGATGACGCGTTA_Hpoly.Day10_Enterocyte.Progenitor,B8,Enterocyte.Progenitor,Hpoly.Day10
B8_CAGCAATGGGTGAG_Hpoly.Day10_Stem,B8,Stem,Hpoly.Day10
B8_CAGCACCTAAGGGC_Hpoly.Day10_TA.Early,B8,TA.Early,Hpoly.Day10
B8_CAGCATGATCACGA_Hpoly.Day10_Goblet,B8,Goblet,Hpoly.Day10
B8_CAGCCTACGCGGAA_Hpoly.Day10_Stem,B8,Stem,Hpoly.Day10
B8_CAGCCTTGCCGCTT_Hpoly.Day10_TA.Early,B8,TA.Early,Hpoly.Day10
B8_CAGCGGACAGCATC_Hpoly.Day10_Stem,B8,Stem,Hpoly.Day10
B8_CAGCGGACGTTCGA_Hpoly.Day10_TA,B8,TA,Hpoly.Day10
B8_CAGCGGACTCCTGC_Hpoly.Day10_Stem,B8,Stem,Hpoly.Day10
B8_CAGCGGACTTGACG_Hpoly.Day10_Stem,B8,Stem,Hpoly.Day10
B8_CAGCGTCTAAGCCT_Hpoly.Day10_TA,B8,TA,Hpoly.Day10
B8_CAGCGTCTCAATCG_Hpoly.Day10_TA.Early,B8,TA.Early,Hpoly.Day10
B8_CAGCTCTGCGTAAC_Hpoly.Day10_TA.Early,B8,TA.Early,Hpoly.Day10
B8_CAGGGCACGGTTCA_Hpoly.Day10_Goblet,B8,Goblet,Hpoly.Day10
B8_CAGGTAACCATTGG_Hpoly.Day10_Enterocyte.Progenitor,B8,Enterocyte.Progenitor,Hpoly.Day10
B8_CAGGTAACCCTTCG_Hpoly.Day10_Endocrine,B8,Endocrine,Hpoly.Day10
B8_CAGGTTGACTCTCG_Hpoly.Day10_Enterocyte.Progenitor,B8,Enterocyte.Progenitor,Hpoly.Day10
B8_CAGGTTGATACGAC_Hpoly.Day10_Enterocyte.Progenitor,B8,Enterocyte.Progenitor,Hpoly.Day10
B8_CAGTCAGAAGATGA_Hpoly.Day10_TA.Early,B8,TA.Early,Hpoly.Day10
B8_CAGTGATGAGATCC_Hpoly.Day10_Enterocyte.Progenitor,B8,Enterocyte.Progenitor,Hpoly.Day10
B8_CAGTGATGTACGCA_Hpoly.Day10_Enterocyte.Progenitor,B8,Enterocyte.Progenitor,Hpoly.Day10
B8_CAGTTACTGTACAC_Hpoly.Day10_Enterocyte.Progenitor,B8,Enterocyte.Progenitor,Hpoly.Day10
B8_CAGTTTACCATTCT_Hpoly.Day10_Goblet,B8,Goblet,Hpoly.Day10
B8_CATAAAACCCTGAA_Hpoly.Day10_TA.Early,B8,TA.Early,Hpoly.Day10
B8_CATAAATGTCGCTC_Hpoly.Day10_TA,B8,TA,Hpoly.Day10
B8_CATAACCTCTTCTA_Hpoly.Day10_TA,B8,TA,Hpoly.Day10
B8_CATAACCTTCCCAC_Hpoly.Day10_Enterocyte.Progenitor,B8,Enterocyte.Progenitor,Hpoly.Day10
B8_CATACTACTCAGAC_Hpoly.Day10_Stem,B8,Stem,Hpoly.Day10
B8_CATACTTGACGGGA_Hpoly.Day10_Goblet,B8,Goblet,Hpoly.Day10
B8_CATACTTGGCCCTT_Hpoly.Day10_TA.Early,B8,TA.Early,Hpoly.Day10
B8_CATACTTGGCTGTA_Hpoly.Day10_Goblet,B8,Goblet,Hpoly.Day10
B8_CATACTTGTACTGG_Hpoly.Day10_Enterocyte.Progenitor,B8,Enterocyte.Progenitor,Hpoly.Day10
B8_CATAGTCTACCTTT_Hpoly.Day10_Enterocyte.Progenitor,B8,Enterocyte.Progenitor,Hpoly.Day10
B8_CATAGTCTATCGAC_Hpoly.Day10_Goblet,B8,Goblet,Hpoly.Day10
B8_CATAGTCTGTCATG_Hpoly.Day10_Stem,B8,Stem,Hpoly.Day10
B8_CATCAACTCCAGTA_Hpoly.Day10_TA,B8,TA,Hpoly.Day10
B8_CATCAACTTGGTAC_Hpoly.Day10_Goblet,B8,Goblet,Hpoly.Day10
B8_CATCATACTCACGA_Hpoly.Day10_TA.Early,B8,TA.Early,Hpoly.Day10
B8_CATCATACTGTTTC_Hpoly.Day10_Enterocyte,B8,Enterocyte,Hpoly.Day10
B8_CATCGCTGGCGTAT_Hpoly.Day10_TA.Early,B8,TA.Early,Hpoly.Day10
B8_CATCGCTGTTCATC_Hpoly.Day10_TA,B8,TA,Hpoly.Day10
B8_CATCGGCTCGTAAC_Hpoly.Day10_Goblet,B8,Goblet,Hpoly.Day10
B8_CATCGGCTGGATTC_Hpoly.Day10_TA.Early,B8,TA.Early,Hpoly.Day10
B8_CATCTTGACCTTTA_Hpoly.Day10_TA,B8,TA,Hpoly.Day10
B8_CATGAGACGAGACG_Hpoly.Day10_Enterocyte.Progenitor,B8,Enterocyte.Progenitor,Hpoly.Day10
B8_CATGAGACTGCAAC_Hpoly.Day10_Enterocyte.Progenitor,B8,Enterocyte.Progenitor,Hpoly.Day10
B8_CATGCCACGGTGGA_Hpoly.Day10_TA,B8,TA,Hpoly.Day10
B8_CATGCGCTCAGATC_Hpoly.Day10_Enterocyte.Progenitor,B8,Enterocyte.Progenitor,Hpoly.Day10
B8_CATGGATGCATTCT_Hpoly.Day10_Goblet,B8,Goblet,Hpoly.Day10
B8_CATGGCCTGGACAG_Hpoly.Day10_Goblet,B8,Goblet,Hpoly.Day10
B8_CATGTACTATGCCA_Hpoly.Day10_TA.Early,B8,TA.Early,Hpoly.Day10
B8_CATGTACTGACGGA_Hpoly.Day10_Goblet,B8,Goblet,Hpoly.Day10
B8_CATGTTACCCACCT_Hpoly.Day10_Goblet,B8,Goblet,Hpoly.Day10
B8_CATGTTACCTGGAT_Hpoly.Day10_Stem,B8,Stem,Hpoly.Day10
B8_CATGTTTGAGCGTT_Hpoly.Day10_Stem,B8,Stem,Hpoly.Day10
B8_CATGTTTGCCATAG_Hpoly.Day10_Enterocyte.Progenitor,B8,Enterocyte.Progenitor,Hpoly.Day10
B8_CATTAGCTGAGGCA_Hpoly.Day10_TA.Early,B8,TA.Early,Hpoly.Day10
B8_CATTCCCTACCTAG_Hpoly.Day10_Enterocyte.Progenitor,B8,Enterocyte.Progenitor,Hpoly.Day10
B8_CATTCCCTTGCGTA_Hpoly.Day10_Stem,B8,Stem,Hpoly.Day10
B8_CATTGACTCGAACT_Hpoly.Day10_TA,B8,TA,Hpoly.Day10
B8_CATTGGGAAAAGCA_Hpoly.Day10_Goblet,B8,Goblet,Hpoly.Day10
B8_CATTGGGAAGCCAT_Hpoly.Day10_TA.Early,B8,TA.Early,Hpoly.Day10
B8_CATTGTACGTCGTA_Hpoly.Day10_Enterocyte.Progenitor,B8,Enterocyte.Progenitor,Hpoly.Day10
B8_CATTGTACTGTCCC_Hpoly.Day10_Enterocyte.Progenitor,B8,Enterocyte.Progenitor,Hpoly.Day10
B8_CATTTGACATGTCG_Hpoly.Day10_Stem,B8,Stem,Hpoly.Day10
B8_CATTTGACTCGATG_Hpoly.Day10_Goblet,B8,Goblet,Hpoly.Day10
B8_CCAAAGTGTCTATC_Hpoly.Day10_Goblet,B8,Goblet,Hpoly.Day10
B8_CCAACCTGGGAAAT_Hpoly.Day10_TA,B8,TA,Hpoly.Day10
B8_CCAATGGAGTAGCT_Hpoly.Day10_TA,B8,TA,Hpoly.Day10
B8_CCAATGGATCAAGC_Hpoly.Day10_Goblet,B8,Goblet,Hpoly.Day10
B8_CCAATTTGAGCAAA_Hpoly.Day10_Enterocyte.Progenitor,B8,Enterocyte.Progenitor,Hpoly.Day10
B8_CCACCATGATTCGG_Hpoly.Day10_TA.Early,B8,TA.Early,Hpoly.Day10
B8_CCACCTGACCAATG_Hpoly.Day10_Enterocyte.Progenitor,B8,Enterocyte.Progenitor,Hpoly.Day10
B8_CCACGGGAGTCGAT_Hpoly.Day10_Stem,B8,Stem,Hpoly.Day10
B8_CCACTGTGACCTCC_Hpoly.Day10_Enterocyte.Progenitor,B8,Enterocyte.Progenitor,Hpoly.Day10
B8_CCACTGTGCGTCTC_Hpoly.Day10_Enterocyte.Progenitor,B8,Enterocyte.Progenitor,Hpoly.Day10
B8_CCAGAAACTCCGTC_Hpoly.Day10_Enterocyte.Progenitor,B8,Enterocyte.Progenitor,Hpoly.Day10
B8_CCAGCACTGACACT_Hpoly.Day10_TA,B8,TA,Hpoly.Day10
B8_CCAGCGGAGCAGAG_Hpoly.Day10_TA.Early,B8,TA.Early,Hpoly.Day10
B8_CCAGCGGATTGCAG_Hpoly.Day10_Enterocyte.Progenitor,B8,Enterocyte.Progenitor,Hpoly.Day10
B8_CCAGCTACGTCACA_Hpoly.Day10_Stem,B8,Stem,Hpoly.Day10
B8_CCAGCTACTCAGGT_Hpoly.Day10_TA,B8,TA,Hpoly.Day10
B8_CCAGGTCTCATGAC_Hpoly.Day10_TA.Early,B8,TA.Early,Hpoly.Day10
B8_CCAGGTCTGCCTTC_Hpoly.Day10_Enterocyte.Progenitor,B8,Enterocyte.Progenitor,Hpoly.Day10
B8_CCAGGTCTTGCAGT_Hpoly.Day10_Enterocyte.Progenitor,B8,Enterocyte.Progenitor,Hpoly.Day10
B8_CCAGTCACAATGCC_Hpoly.Day10_Enterocyte,B8,Enterocyte,Hpoly.Day10
B8_CCAGTCACGCATAC_Hpoly.Day10_Enterocyte.Progenitor,B8,Enterocyte.Progenitor,Hpoly.Day10
B8_CCAGTCACGTCCTC_Hpoly.Day10_Goblet,B8,Goblet,Hpoly.Day10
B8_CCATCCGAGGATCT_Hpoly.Day10_Enterocyte.Progenitor,B8,Enterocyte.Progenitor,Hpoly.Day10
B8_CCATGCTGGACGTT_Hpoly.Day10_Goblet,B8,Goblet,Hpoly.Day10
B8_CCATGCTGTATGGC_Hpoly.Day10_TA,B8,TA,Hpoly.Day10
B8_CCATTAACGTACGT_Hpoly.Day10_Stem,B8,Stem,Hpoly.Day10
B8_CCCAAAGACATGAC_Hpoly.Day10_Stem,B8,Stem,Hpoly.Day10
B8_CCCAACTGGAACCT_Hpoly.Day10_Goblet,B8,Goblet,Hpoly.Day10
B8_CCCAGTTGACGTAC_Hpoly.Day10_Stem,B8,Stem,Hpoly.Day10
B8_CCCAGTTGGGTAGG_Hpoly.Day10_TA.Early,B8,TA.Early,Hpoly.Day10
B8_CCCATCGACTTGTT_Hpoly.Day10_Enterocyte.Progenitor,B8,Enterocyte.Progenitor,Hpoly.Day10
B8_CCCATCGATAGAAG_Hpoly.Day10_Stem,B8,Stem,Hpoly.Day10
B8_CCCATCGATCCCAC_Hpoly.Day10_Enterocyte.Progenitor,B8,Enterocyte.Progenitor,Hpoly.Day10
B8_CCCATGTGGTTAGC_Hpoly.Day10_Enterocyte.Progenitor,B8,Enterocyte.Progenitor,Hpoly.Day10
B8_CCCGAACTGTTGAC_Hpoly.Day10_TA,B8,TA,Hpoly.Day10
B8_CCCGATTGTCTGGA_Hpoly.Day10_TA,B8,TA,Hpoly.Day10
B8_CCCGGAGAGAGATA_Hpoly.Day10_Enterocyte.Progenitor,B8,Enterocyte.Progenitor,Hpoly.Day10
B8_CCCGGAGATCCAGA_Hpoly.Day10_TA.Early,B8,TA.Early,Hpoly.Day10
B8_CCCTACGAGCGGAA_Hpoly.Day10_Enterocyte.Progenitor,B8,Enterocyte.Progenitor,Hpoly.Day10
B8_CCCTACGATGCTCC_Hpoly.Day10_Enterocyte.Progenitor,B8,Enterocyte.Progenitor,Hpoly.Day10
B8_CCCTCAGATAGAAG_Hpoly.Day10_TA,B8,TA,Hpoly.Day10
B8_CCCTGAACCGTGAT_Hpoly.Day10_Goblet,B8,Goblet,Hpoly.Day10
B8_CCCTGATGGCAGTT_Hpoly.Day10_Stem,B8,Stem,Hpoly.Day10
B8_CCCTTACTAAGTGA_Hpoly.Day10_Endocrine,B8,Endocrine,Hpoly.Day10
B8_CCCTTACTCCAGTA_Hpoly.Day10_Stem,B8,Stem,Hpoly.Day10
B8_CCCTTACTGATGAA_Hpoly.Day10_Enterocyte.Progenitor,B8,Enterocyte.Progenitor,Hpoly.Day10
B8_CCGAAAACGTGCTA_Hpoly.Day10_TA.Early,B8,TA.Early,Hpoly.Day10
B8_CCGATAGACTCATT_Hpoly.Day10_Goblet,B8,Goblet,Hpoly.Day10
B8_CCGCGAGACTCGAA_Hpoly.Day10_TA,B8,TA,Hpoly.Day10
B8_CCGCTATGAGTACC_Hpoly.Day10_Stem,B8,Stem,Hpoly.Day10
B8_CCGCTATGCTACTT_Hpoly.Day10_TA.Early,B8,TA.Early,Hpoly.Day10
B8_CCGGAGACTAGAAG_Hpoly.Day10_Enterocyte.Progenitor,B8,Enterocyte.Progenitor,Hpoly.Day10
B8_CCGGTACTTGCAAC_Hpoly.Day10_Stem,B8,Stem,Hpoly.Day10
B8_CCGGTACTTTCAGG_Hpoly.Day10_Enterocyte.Progenitor,B8,Enterocyte.Progenitor,Hpoly.Day10
B8_CCGTAAGAGACAGG_Hpoly.Day10_Stem,B8,Stem,Hpoly.Day10
B8_CCTAAACTACCTGA_Hpoly.Day10_TA.Early,B8,TA.Early,Hpoly.Day10
B8_CCTAAGGAGACGGA_Hpoly.Day10_TA,B8,TA,Hpoly.Day10
B8_CCTATAACGCAGTT_Hpoly.Day10_TA.Early,B8,TA.Early,Hpoly.Day10
B8_CCTATAACGCGAAG_Hpoly.Day10_Stem,B8,Stem,Hpoly.Day10
B8_CCTATTGACAGCTA_Hpoly.Day10_TA,B8,TA,Hpoly.Day10
B8_CCTCGAACGTCGAT_Hpoly.Day10_Goblet,B8,Goblet,Hpoly.Day10
B8_CCTCTACTTCTAGG_Hpoly.Day10_Enterocyte.Progenitor,B8,Enterocyte.Progenitor,Hpoly.Day10
B8_CCTGACTGAGTCTG_Hpoly.Day10_TA.Early,B8,TA.Early,Hpoly.Day10
B8_CCTGACTGGATACC_Hpoly.Day10_Enterocyte.Progenitor,B8,Enterocyte.Progenitor,Hpoly.Day10
B8_CCTGGACTACTAGC_Hpoly.Day10_TA.Early,B8,TA.Early,Hpoly.Day10
B8_CCTGGACTACTTTC_Hpoly.Day10_Enterocyte,B8,Enterocyte,Hpoly.Day10
B8_CCTTAATGCAACTG_Hpoly.Day10_TA.Early,B8,TA.Early,Hpoly.Day10
B8_CCTTAATGCCACAA_Hpoly.Day10_Enterocyte,B8,Enterocyte,Hpoly.Day10
B8_CCTTAATGCGTAGT_Hpoly.Day10_TA,B8,TA,Hpoly.Day10
B8_CCTTTAGAACAGTC_Hpoly.Day10_Enterocyte.Progenitor,B8,Enterocyte.Progenitor,Hpoly.Day10
B8_CCTTTAGATACGAC_Hpoly.Day10_Enterocyte,B8,Enterocyte,Hpoly.Day10
B8_CCTTTAGATTGGTG_Hpoly.Day10_Tuft,B8,Tuft,Hpoly.Day10
B8_CGAACATGAGCGGA_Hpoly.Day10_TA.Early,B8,TA.Early,Hpoly.Day10
B8_CGAACATGGGGTGA_Hpoly.Day10_Enterocyte.Progenitor,B8,Enterocyte.Progenitor,Hpoly.Day10
B8_CGAACATGTTCCCG_Hpoly.Day10_TA,B8,TA,Hpoly.Day10
B8_CGAAGACTTGGAGG_Hpoly.Day10_Enterocyte.Progenitor,B8,Enterocyte.Progenitor,Hpoly.Day10
B8_CGAAGGGAAGTCAC_Hpoly.Day10_Goblet,B8,Goblet,Hpoly.Day10
B8_CGACAAACACACGT_Hpoly.Day10_Goblet,B8,Goblet,Hpoly.Day10
B8_CGACCACTATACCG_Hpoly.Day10_Stem,B8,Stem,Hpoly.Day10
B8_CGACCACTCCCTTG_Hpoly.Day10_Stem,B8,Stem,Hpoly.Day10
B8_CGACCACTCTGAGT_Hpoly.Day10_Enterocyte.Progenitor,B8,Enterocyte.Progenitor,Hpoly.Day10
B8_CGACCTACCTGTGA_Hpoly.Day10_Stem,B8,Stem,Hpoly.Day10
B8_CGACCTTGTACTTC_Hpoly.Day10_TA.Early,B8,TA.Early,Hpoly.Day10
B8_CGACGTCTTACTCT_Hpoly.Day10_TA,B8,TA,Hpoly.Day10
B8_CGAGATTGGAGGGT_Hpoly.Day10_Enterocyte.Progenitor,B8,Enterocyte.Progenitor,Hpoly.Day10
B8_CGAGCCGAATCACG_Hpoly.Day10_TA.Early,B8,TA.Early,Hpoly.Day10
B8_CGAGCCGACAACCA_Hpoly.Day10_TA.Early,B8,TA.Early,Hpoly.Day10
B8_CGAGCGTGTGATGC_Hpoly.Day10_TA,B8,TA,Hpoly.Day10
B8_CGAGGAGAACGCAT_Hpoly.Day10_Enterocyte.Progenitor,B8,Enterocyte.Progenitor,Hpoly.Day10
B8_CGAGGAGACTCTTA_Hpoly.Day10_Stem,B8,Stem,Hpoly.Day10
B8_CGAGGCTGGCTCCT_Hpoly.Day10_Enterocyte.Progenitor,B8,Enterocyte.Progenitor,Hpoly.Day10
B8_CGAGTATGTGGTTG_Hpoly.Day10_TA.Early,B8,TA.Early,Hpoly.Day10
B8_CGATCAGACTAGTG_Hpoly.Day10_Enterocyte.Progenitor,B8,Enterocyte.Progenitor,Hpoly.Day10
B8_CGATCAGATAGACC_Hpoly.Day10_Stem,B8,Stem,Hpoly.Day10
B8_CGATCCACCTCTTA_Hpoly.Day10_Enterocyte.Progenitor,B8,Enterocyte.Progenitor,Hpoly.Day10
B8_CGATCCACCTGTCC_Hpoly.Day10_TA.Early,B8,TA.Early,Hpoly.Day10
B8_CGATCCACTCCTCG_Hpoly.Day10_TA,B8,TA,Hpoly.Day10
B8_CGCAAATGCCTTAT_Hpoly.Day10_Stem,B8,Stem,Hpoly.Day10
B8_CGCAACCTCAACTG_Hpoly.Day10_Stem,B8,Stem,Hpoly.Day10
B8_CGCAACCTTCCGTC_Hpoly.Day10_Enterocyte.Progenitor,B8,Enterocyte.Progenitor,Hpoly.Day10
B8_CGCAACCTTGACTG_Hpoly.Day10_Tuft,B8,Tuft,Hpoly.Day10
B8_CGCACGGAACTAGC_Hpoly.Day10_Stem,B8,Stem,Hpoly.Day10
B8_CGCATAGATTCTTG_Hpoly.Day10_Enterocyte.Progenitor,B8,Enterocyte.Progenitor,Hpoly.Day10
B8_CGCCATTGGACGTT_Hpoly.Day10_Enterocyte.Progenitor,B8,Enterocyte.Progenitor,Hpoly.Day10
B8_CGCCGAGAATGACC_Hpoly.Day10_Enterocyte.Progenitor,B8,Enterocyte.Progenitor,Hpoly.Day10
B8_CGCGGATGTGAACC_Hpoly.Day10_TA,B8,TA,Hpoly.Day10
B8_CGCTACACTGTGCA_Hpoly.Day10_Enterocyte.Progenitor,B8,Enterocyte.Progenitor,Hpoly.Day10
B8_CGCTACTGACGCTA_Hpoly.Day10_TA,B8,TA,Hpoly.Day10
B8_CGGAGGCTGAATAG_Hpoly.Day10_TA,B8,TA,Hpoly.Day10
B8_CGGATATGGAGAGC_Hpoly.Day10_Enterocyte.Progenitor,B8,Enterocyte.Progenitor,Hpoly.Day10
B8_CGGCGATGCACACA_Hpoly.Day10_TA,B8,TA,Hpoly.Day10
B8_CGGTAAACCAACCA_Hpoly.Day10_Stem,B8,Stem,Hpoly.Day10
B8_CGGTCACTACACGT_Hpoly.Day10_Enterocyte.Progenitor,B8,Enterocyte.Progenitor,Hpoly.Day10
B8_CGTAACGACCTCCA_Hpoly.Day10_Stem,B8,Stem,Hpoly.Day10
B8_CGTAACGATCTACT_Hpoly.Day10_Stem,B8,Stem,Hpoly.Day10
B8_CGTACCACAAGAAC_Hpoly.Day10_Goblet,B8,Goblet,Hpoly.Day10
B8_CGTACCTGGAGCAG_Hpoly.Day10_Tuft,B8,Tuft,Hpoly.Day10
B8_CGTACCTGTATGGC_Hpoly.Day10_TA,B8,TA,Hpoly.Day10
B8_CGTCAAGACATTTC_Hpoly.Day10_Enterocyte.Progenitor,B8,Enterocyte.Progenitor,Hpoly.Day10
B8_CGTGAAACACACTG_Hpoly.Day10_Enterocyte.Progenitor,B8,Enterocyte.Progenitor,Hpoly.Day10
B8_CGTGAAACTGTGAC_Hpoly.Day10_Stem,B8,Stem,Hpoly.Day10
B8_CGTGCACTGGAGGT_Hpoly.Day10_TA.Early,B8,TA.Early,Hpoly.Day10
B8_CGTGTAGAGAGACG_Hpoly.Day10_TA,B8,TA,Hpoly.Day10
B8_CGTTAACTATGTCG_Hpoly.Day10_Enterocyte,B8,Enterocyte,Hpoly.Day10
B8_CGTTAACTCTTGCC_Hpoly.Day10_TA,B8,TA,Hpoly.Day10
B8_CGTTAGGAGGAGTG_Hpoly.Day10_Enterocyte.Progenitor,B8,Enterocyte.Progenitor,Hpoly.Day10
B8_CGTTATACGGATCT_Hpoly.Day10_TA,B8,TA,Hpoly.Day10
B8_CGTTTAACAAGGGC_Hpoly.Day10_TA.Early,B8,TA.Early,Hpoly.Day10
B8_CTAACACTATGTCG_Hpoly.Day10_TA,B8,TA,Hpoly.Day10
B8_CTAACGGACGGAGA_Hpoly.Day10_Goblet,B8,Goblet,Hpoly.Day10
B8_CTAAGGACACGTTG_Hpoly.Day10_Enterocyte.Progenitor,B8,Enterocyte.Progenitor,Hpoly.Day10
B8_CTAATAGACTAGCA_Hpoly.Day10_Enterocyte.Progenitor,B8,Enterocyte.Progenitor,Hpoly.Day10
B8_CTAATGCTAGCCTA_Hpoly.Day10_Enterocyte.Progenitor,B8,Enterocyte.Progenitor,Hpoly.Day10
B8_CTACAACTATGCTG_Hpoly.Day10_TA,B8,TA,Hpoly.Day10
B8_CTACAACTCCTCGT_Hpoly.Day10_Enterocyte.Progenitor,B8,Enterocyte.Progenitor,Hpoly.Day10
B8_CTACCTCTACTACG_Hpoly.Day10_Stem,B8,Stem,Hpoly.Day10
B8_CTACGCACAAGCAA_Hpoly.Day10_Stem,B8,Stem,Hpoly.Day10
B8_CTACGCACCTGGTA_Hpoly.Day10_Stem,B8,Stem,Hpoly.Day10
B8_CTACGCACGGACTT_Hpoly.Day10_Enterocyte.Progenitor,B8,Enterocyte.Progenitor,Hpoly.Day10
B8_CTACGGCTATACCG_Hpoly.Day10_TA.Early,B8,TA.Early,Hpoly.Day10
B8_CTACTATGGCGATT_Hpoly.Day10_Enterocyte.Progenitor,B8,Enterocyte.Progenitor,Hpoly.Day10
B8_CTACTATGGGGAGT_Hpoly.Day10_Stem,B8,Stem,Hpoly.Day10
B8_CTACTATGGTGCAT_Hpoly.Day10_TA,B8,TA,Hpoly.Day10
B8_CTACTCCTCTTAGG_Hpoly.Day10_Stem,B8,Stem,Hpoly.Day10
B8_CTAGATCTGGACTT_Hpoly.Day10_Enterocyte.Progenitor,B8,Enterocyte.Progenitor,Hpoly.Day10
B8_CTAGGATGACGTAC_Hpoly.Day10_Enterocyte.Progenitor,B8,Enterocyte.Progenitor,Hpoly.Day10
B8_CTAGTTTGCTTGCC_Hpoly.Day10_Tuft,B8,Tuft,Hpoly.Day10
B8_CTATAAGAACCTAG_Hpoly.Day10_Enterocyte.Progenitor,B8,Enterocyte.Progenitor,Hpoly.Day10
B8_CTATAAGATCTGGA_Hpoly.Day10_Stem,B8,Stem,Hpoly.Day10
B8_CTATACTGCCGCTT_Hpoly.Day10_Stem,B8,Stem,Hpoly.Day10
B8_CTATAGCTAGCTAC_Hpoly.Day10_Enterocyte.Progenitor,B8,Enterocyte.Progenitor,Hpoly.Day10
B8_CTATAGCTCAGAAA_Hpoly.Day10_Enterocyte.Progenitor,B8,Enterocyte.Progenitor,Hpoly.Day10
B8_CTATAGCTTCTCTA_Hpoly.Day10_TA.Early,B8,TA.Early,Hpoly.Day10
B8_CTATAGCTTTAGGC_Hpoly.Day10_Enterocyte.Progenitor,B8,Enterocyte.Progenitor,Hpoly.Day10
B8_CTATAGCTTTTCAC_Hpoly.Day10_Stem,B8,Stem,Hpoly.Day10
B8_CTATCATGGACGTT_Hpoly.Day10_Enterocyte.Progenitor,B8,Enterocyte.Progenitor,Hpoly.Day10
B8_CTATCATGTAGAGA_Hpoly.Day10_Stem,B8,Stem,Hpoly.Day10
B8_CTATGACTTGGTAC_Hpoly.Day10_TA,B8,TA,Hpoly.Day10
B8_CTATGTTGTTCGCC_Hpoly.Day10_Stem,B8,Stem,Hpoly.Day10
B8_CTCAATTGATCGGT_Hpoly.Day10_TA.Early,B8,TA.Early,Hpoly.Day10
B8_CTCAGCACCCATAG_Hpoly.Day10_Enterocyte.Progenitor,B8,Enterocyte.Progenitor,Hpoly.Day10
B8_CTCAGCTGAGCGTT_Hpoly.Day10_Enterocyte,B8,Enterocyte,Hpoly.Day10
B8_CTCAGGCTATGTGC_Hpoly.Day10_Enterocyte.Progenitor,B8,Enterocyte.Progenitor,Hpoly.Day10
B8_CTCCACGAGAGGGT_Hpoly.Day10_Enterocyte.Progenitor,B8,Enterocyte.Progenitor,Hpoly.Day10
B8_CTCCATCTAGCGGA_Hpoly.Day10_Enterocyte.Progenitor,B8,Enterocyte.Progenitor,Hpoly.Day10
B8_CTCCATCTCATGGT_Hpoly.Day10_Endocrine,B8,Endocrine,Hpoly.Day10
B8_CTCCGAACCCACCT_Hpoly.Day10_Stem,B8,Stem,Hpoly.Day10
B8_CTCCGAACGTCATG_Hpoly.Day10_TA,B8,TA,Hpoly.Day10
B8_CTCCTACTGCTGTA_Hpoly.Day10_Stem,B8,Stem,Hpoly.Day10
B8_CTCGAAGACTCCAC_Hpoly.Day10_Goblet,B8,Goblet,Hpoly.Day10
B8_CTCGAAGAGTGCTA_Hpoly.Day10_Stem,B8,Stem,Hpoly.Day10
B8_CTCGAAGAGTGTAC_Hpoly.Day10_Tuft,B8,Tuft,Hpoly.Day10
B8_CTCGACTGCGGGAA_Hpoly.Day10_TA,B8,TA,Hpoly.Day10
B8_CTCGACTGCTTGAG_Hpoly.Day10_Enterocyte.Progenitor,B8,Enterocyte.Progenitor,Hpoly.Day10
B8_CTCGAGCTGGATTC_Hpoly.Day10_TA,B8,TA,Hpoly.Day10
B8_CTCGCATGACGCTA_Hpoly.Day10_Stem,B8,Stem,Hpoly.Day10
B8_CTCTAAACTCTAGG_Hpoly.Day10_Enterocyte.Progenitor,B8,Enterocyte.Progenitor,Hpoly.Day10
B8_CTCTAAACTGGGAG_Hpoly.Day10_TA,B8,TA,Hpoly.Day10
B8_CTCTAATGAGCTAC_Hpoly.Day10_Stem,B8,Stem,Hpoly.Day10
B8_CTGAACGACCAATG_Hpoly.Day10_TA,B8,TA,Hpoly.Day10
B8_CTGAACGAGCGGAA_Hpoly.Day10_Goblet,B8,Goblet,Hpoly.Day10
B8_CTGAAGACCACAAC_Hpoly.Day10_Stem,B8,Stem,Hpoly.Day10
B8_CTGAAGTGACAGTC_Hpoly.Day10_Enterocyte.Progenitor,B8,Enterocyte.Progenitor,Hpoly.Day10
B8_CTGAATCTTACAGC_Hpoly.Day10_TA,B8,TA,Hpoly.Day10
B8_CTGACAGATAAAGG_Hpoly.Day10_TA.Early,B8,TA.Early,Hpoly.Day10
B8_CTGAGAACTCGATG_Hpoly.Day10_TA,B8,TA,Hpoly.Day10
B8_CTGAGCCTAGAATG_Hpoly.Day10_Goblet,B8,Goblet,Hpoly.Day10
B8_CTGATACTACGGGA_Hpoly.Day10_Goblet,B8,Goblet,Hpoly.Day10
B8_CTGATACTAGAATG_Hpoly.Day10_Enterocyte.Progenitor,B8,Enterocyte.Progenitor,Hpoly.Day10
B8_CTGATGGACGTCTC_Hpoly.Day10_TA,B8,TA,Hpoly.Day10
B8_CTGATGGAGAGGTG_Hpoly.Day10_TA,B8,TA,Hpoly.Day10
B8_CTGATGGATCCCGT_Hpoly.Day10_TA,B8,TA,Hpoly.Day10
B8_CTGATTTGGAGGCA_Hpoly.Day10_Enterocyte.Progenitor,B8,Enterocyte.Progenitor,Hpoly.Day10
B8_CTGATTTGGATACC_Hpoly.Day10_Enterocyte.Progenitor,B8,Enterocyte.Progenitor,Hpoly.Day10
B8_CTGCCAACTGCACA_Hpoly.Day10_TA.Early,B8,TA.Early,Hpoly.Day10
B8_CTGCGACTGCGGAA_Hpoly.Day10_Tuft,B8,Tuft,Hpoly.Day10
B8_CTGGAAACAGGAGC_Hpoly.Day10_Enterocyte.Progenitor,B8,Enterocyte.Progenitor,Hpoly.Day10
B8_CTGGAAACAGGTCT_Hpoly.Day10_Enterocyte,B8,Enterocyte,Hpoly.Day10
B8_CTGGATGACTTGTT_Hpoly.Day10_Goblet,B8,Goblet,Hpoly.Day10
B8_CTGGATGATGTCCC_Hpoly.Day10_TA,B8,TA,Hpoly.Day10
B8_CTGGCACTCTACGA_Hpoly.Day10_Stem,B8,Stem,Hpoly.Day10
B8_CTGTATACGATAAG_Hpoly.Day10_TA,B8,TA,Hpoly.Day10
B8_CTGTATACTCAAGC_Hpoly.Day10_Stem,B8,Stem,Hpoly.Day10
B8_CTGTATACTGCCAA_Hpoly.Day10_Goblet,B8,Goblet,Hpoly.Day10
B8_CTGTGAGAGCGTTA_Hpoly.Day10_Goblet,B8,Goblet,Hpoly.Day10
B8_CTGTGAGAGTCATG_Hpoly.Day10_Stem,B8,Stem,Hpoly.Day10
B8_CTTAAGCTCGGAGA_Hpoly.Day10_Stem,B8,Stem,Hpoly.Day10
B8_CTTACATGAAGAAC_Hpoly.Day10_Stem,B8,Stem,Hpoly.Day10
B8_CTTAGGGAACACAC_Hpoly.Day10_TA.Early,B8,TA.Early,Hpoly.Day10
B8_CTTAGGGAGGAAGC_Hpoly.Day10_TA,B8,TA,Hpoly.Day10
B8_CTTATCGACGGGAA_Hpoly.Day10_TA.Early,B8,TA.Early,Hpoly.Day10
B8_CTTATCGAGAGCTT_Hpoly.Day10_Goblet,B8,Goblet,Hpoly.Day10
B8_CTTATCGATCTACT_Hpoly.Day10_TA,B8,TA,Hpoly.Day10
B8_CTTATCGATGGATC_Hpoly.Day10_TA,B8,TA,Hpoly.Day10
B8_CTTCATGATCCTCG_Hpoly.Day10_Enterocyte.Progenitor,B8,Enterocyte.Progenitor,Hpoly.Day10
B8_CTTGAACTCTATTC_Hpoly.Day10_Enterocyte.Progenitor,B8,Enterocyte.Progenitor,Hpoly.Day10
B8_CTTGAGGAACCTCC_Hpoly.Day10_TA.Early,B8,TA.Early,Hpoly.Day10
B8_CTTGATTGATCTCT_Hpoly.Day10_Stem,B8,Stem,Hpoly.Day10
B8_CTTGTATGAGTCTG_Hpoly.Day10_Enterocyte.Progenitor,B8,Enterocyte.Progenitor,Hpoly.Day10
B8_CTTTACGAGAATCC_Hpoly.Day10_Stem,B8,Stem,Hpoly.Day10
B8_CTTTACGATCGCTC_Hpoly.Day10_Stem,B8,Stem,Hpoly.Day10
B8_CTTTAGACCTTCTA_Hpoly.Day10_Goblet,B8,Goblet,Hpoly.Day10
B8_CTTTAGTGAAGGGC_Hpoly.Day10_Enterocyte.Progenitor,B8,Enterocyte.Progenitor,Hpoly.Day10
B8_CTTTAGTGGAAACA_Hpoly.Day10_TA.Early,B8,TA.Early,Hpoly.Day10
B8_CTTTAGTGTCGTTT_Hpoly.Day10_Stem,B8,Stem,Hpoly.Day10
B8_CTTTCAGAACACAC_Hpoly.Day10_Enterocyte.Progenitor,B8,Enterocyte.Progenitor,Hpoly.Day10
B8_CTTTCAGACGACTA_Hpoly.Day10_TA,B8,TA,Hpoly.Day10
B8_CTTTGATGACACAC_Hpoly.Day10_TA.Early,B8,TA.Early,Hpoly.Day10
B8_GAAAGATGTGAGAA_Hpoly.Day10_Goblet,B8,Goblet,Hpoly.Day10
B8_GAAAGCCTAGAATG_Hpoly.Day10_Stem,B8,Stem,Hpoly.Day10
B8_GAAAGCCTTAAAGG_Hpoly.Day10_Enterocyte,B8,Enterocyte,Hpoly.Day10
B8_GAACACACAGTCGT_Hpoly.Day10_TA,B8,TA,Hpoly.Day10
B8_GAACACACATCTTC_Hpoly.Day10_TA.Early,B8,TA.Early,Hpoly.Day10
B8_GAACACACGTCGAT_Hpoly.Day10_Enterocyte,B8,Enterocyte,Hpoly.Day10
B8_GAACACACGTTCGA_Hpoly.Day10_Stem,B8,Stem,Hpoly.Day10
B8_GAACAGCTCCCTTG_Hpoly.Day10_TA.Early,B8,TA.Early,Hpoly.Day10
B8_GAACAGCTGCCCTT_Hpoly.Day10_TA,B8,TA,Hpoly.Day10
B8_GAACAGCTGGAAAT_Hpoly.Day10_TA.Early,B8,TA.Early,Hpoly.Day10
B8_GAACGGGAAGGTCT_Hpoly.Day10_TA.Early,B8,TA.Early,Hpoly.Day10
B8_GAACGGGATTCCAT_Hpoly.Day10_Stem,B8,Stem,Hpoly.Day10
B8_GAACGTTGTCCGTC_Hpoly.Day10_TA,B8,TA,Hpoly.Day10
B8_GAAGAATGATCGAC_Hpoly.Day10_Enterocyte.Progenitor,B8,Enterocyte.Progenitor,Hpoly.Day10
B8_GAAGAATGATGCCA_Hpoly.Day10_Enterocyte.Progenitor,B8,Enterocyte.Progenitor,Hpoly.Day10
B8_GAAGATGACGAGTT_Hpoly.Day10_TA.Early,B8,TA.Early,Hpoly.Day10
B8_GAAGCGGAGCTCCT_Hpoly.Day10_TA,B8,TA,Hpoly.Day10
B8_GAAGCGGATTGAGC_Hpoly.Day10_Enterocyte.Progenitor,B8,Enterocyte.Progenitor,Hpoly.Day10
B8_GAAGCTACATTCGG_Hpoly.Day10_Enterocyte.Progenitor,B8,Enterocyte.Progenitor,Hpoly.Day10
B8_GAAGGTCTCCGCTT_Hpoly.Day10_TA.Early,B8,TA.Early,Hpoly.Day10
B8_GAAGTCTGCCTACC_Hpoly.Day10_Enterocyte,B8,Enterocyte,Hpoly.Day10
B8_GAAGTGCTCTGGAT_Hpoly.Day10_Enterocyte.Progenitor,B8,Enterocyte.Progenitor,Hpoly.Day10
B8_GAAGTGCTGAACCT_Hpoly.Day10_Stem,B8,Stem,Hpoly.Day10
B8_GAATGCACTTCATC_Hpoly.Day10_Stem,B8,Stem,Hpoly.Day10
B8_GAATGCTGCTCGAA_Hpoly.Day10_Enterocyte.Progenitor,B8,Enterocyte.Progenitor,Hpoly.Day10
B8_GAATTAACCTCCAC_Hpoly.Day10_Stem,B8,Stem,Hpoly.Day10
B8_GAATTAACGGTCAT_Hpoly.Day10_TA.Early,B8,TA.Early,Hpoly.Day10
B8_GACAACTGCTCGAA_Hpoly.Day10_Endocrine,B8,Endocrine,Hpoly.Day10
B8_GACACTGAACCTCC_Hpoly.Day10_Goblet,B8,Goblet,Hpoly.Day10
B8_GACACTGATAACGC_Hpoly.Day10_Enterocyte.Progenitor,B8,Enterocyte.Progenitor,Hpoly.Day10
B8_GACACTGATCACGA_Hpoly.Day10_Stem,B8,Stem,Hpoly.Day10
B8_GACAGTTGTTGCTT_Hpoly.Day10_Enterocyte.Progenitor,B8,Enterocyte.Progenitor,Hpoly.Day10
B8_GACATTCTTGGTCA_Hpoly.Day10_Goblet,B8,Goblet,Hpoly.Day10
B8_GACCAAACACCTAG_Hpoly.Day10_TA,B8,TA,Hpoly.Day10
B8_GACCATGAATTCCT_Hpoly.Day10_Stem,B8,Stem,Hpoly.Day10
B8_GACCATGACATGAC_Hpoly.Day10_TA,B8,TA,Hpoly.Day10
B8_GACCATGATATGGC_Hpoly.Day10_Stem,B8,Stem,Hpoly.Day10
B8_GACCCTACTTTGCT_Hpoly.Day10_Stem,B8,Stem,Hpoly.Day10
B8_GACCTAGAAGCCAT_Hpoly.Day10_TA.Early,B8,TA.Early,Hpoly.Day10
B8_GACCTCACCGCTAA_Hpoly.Day10_Stem,B8,Stem,Hpoly.Day10
B8_GACCTCTGACCACA_Hpoly.Day10_Enterocyte.Progenitor,B8,Enterocyte.Progenitor,Hpoly.Day10
B8_GACCTCTGCTGTAG_Hpoly.Day10_Enterocyte.Progenitor,B8,Enterocyte.Progenitor,Hpoly.Day10
B8_GACCTCTGGGCGAA_Hpoly.Day10_Enterocyte,B8,Enterocyte,Hpoly.Day10
B8_GACCTCTGTGTGCA_Hpoly.Day10_Enterocyte.Progenitor,B8,Enterocyte.Progenitor,Hpoly.Day10
B8_GACGATTGCAGTCA_Hpoly.Day10_Endocrine,B8,Endocrine,Hpoly.Day10
B8_GACGCCGAATCGGT_Hpoly.Day10_Goblet,B8,Goblet,Hpoly.Day10
B8_GACGGCACACTGTG_Hpoly.Day10_Enterocyte.Progenitor,B8,Enterocyte.Progenitor,Hpoly.Day10
B8_GACGGCACTGACTG_Hpoly.Day10_Tuft,B8,Tuft,Hpoly.Day10
B8_GACGTAACGAGGTG_Hpoly.Day10_TA.Early,B8,TA.Early,Hpoly.Day10
B8_GACGTCCTAGTCGT_Hpoly.Day10_Enterocyte.Progenitor,B8,Enterocyte.Progenitor,Hpoly.Day10
B8_GACGTCCTTGGTAC_Hpoly.Day10_Stem,B8,Stem,Hpoly.Day10
B8_GACTACGAAGAGAT_Hpoly.Day10_Enterocyte,B8,Enterocyte,Hpoly.Day10
B8_GACTGAACAAGAAC_Hpoly.Day10_TA.Early,B8,TA.Early,Hpoly.Day10
B8_GACTGATGTTGCGA_Hpoly.Day10_Endocrine,B8,Endocrine,Hpoly.Day10
B8_GACTGTGACTTGTT_Hpoly.Day10_TA,B8,TA,Hpoly.Day10
B8_GACTTTACAGGGTG_Hpoly.Day10_TA.Early,B8,TA.Early,Hpoly.Day10
B8_GACTTTACCACTGA_Hpoly.Day10_Goblet,B8,Goblet,Hpoly.Day10
B8_GACTTTACCCTTAT_Hpoly.Day10_Enterocyte.Progenitor,B8,Enterocyte.Progenitor,Hpoly.Day10
B8_GAGAAATGCGACTA_Hpoly.Day10_Goblet,B8,Goblet,Hpoly.Day10
B8_GAGAAATGGTTTCT_Hpoly.Day10_TA.Early,B8,TA.Early,Hpoly.Day10
B8_GAGAGGTGCTTATC_Hpoly.Day10_Endocrine,B8,Endocrine,Hpoly.Day10
B8_GAGATAGAGTCATG_Hpoly.Day10_Goblet,B8,Goblet,Hpoly.Day10
B8_GAGCATACATCTTC_Hpoly.Day10_TA.Early,B8,TA.Early,Hpoly.Day10
B8_GAGCGAGACCTCCA_Hpoly.Day10_Enterocyte.Progenitor,B8,Enterocyte.Progenitor,Hpoly.Day10
B8_GAGCGCTGTTTCGT_Hpoly.Day10_TA,B8,TA,Hpoly.Day10
B8_GAGCGGCTTGGAGG_Hpoly.Day10_Stem,B8,Stem,Hpoly.Day10
B8_GAGCTCCTTGGAAA_Hpoly.Day10_Enterocyte.Progenitor,B8,Enterocyte.Progenitor,Hpoly.Day10
B8_GAGGATCTCATGAC_Hpoly.Day10_TA.Early,B8,TA.Early,Hpoly.Day10
B8_GAGGATCTGGATCT_Hpoly.Day10_Enterocyte,B8,Enterocyte,Hpoly.Day10
B8_GAGGCAGATCTAGG_Hpoly.Day10_Stem,B8,Stem,Hpoly.Day10
B8_GAGGCCACGGGATG_Hpoly.Day10_TA,B8,TA,Hpoly.Day10
B8_GAGGGAACACGCTA_Hpoly.Day10_TA,B8,TA,Hpoly.Day10
B8_GAGGGAACCCTGTC_Hpoly.Day10_Stem,B8,Stem,Hpoly.Day10
B8_GAGGGAACGGTAGG_Hpoly.Day10_Endocrine,B8,Endocrine,Hpoly.Day10
B8_GAGGGATGAGGTTC_Hpoly.Day10_Stem,B8,Stem,Hpoly.Day10
B8_GAGGGCCTTGTAGC_Hpoly.Day10_Enterocyte.Progenitor,B8,Enterocyte.Progenitor,Hpoly.Day10
B8_GAGGGTGAGGCAAG_Hpoly.Day10_Tuft,B8,Tuft,Hpoly.Day10
B8_GAGGTACTAAGCAA_Hpoly.Day10_TA,B8,TA,Hpoly.Day10
B8_GAGTAAGAATCGAC_Hpoly.Day10_TA.Early,B8,TA.Early,Hpoly.Day10
B8_GAGTAAGACTTCTA_Hpoly.Day10_TA.Early,B8,TA.Early,Hpoly.Day10
B8_GAGTACACATGTCG_Hpoly.Day10_Enterocyte.Progenitor,B8,Enterocyte.Progenitor,Hpoly.Day10
B8_GAGTACACTTTGGG_Hpoly.Day10_Enterocyte.Progenitor,B8,Enterocyte.Progenitor,Hpoly.Day10
B8_GAGTACTGCTTCCG_Hpoly.Day10_TA.Early,B8,TA.Early,Hpoly.Day10
B8_GAGTCAACCAGAAA_Hpoly.Day10_TA.Early,B8,TA.Early,Hpoly.Day10
B8_GAGTCAACCCCGTT_Hpoly.Day10_Enterocyte.Progenitor,B8,Enterocyte.Progenitor,Hpoly.Day10
B8_GAGTCAACCCGCTT_Hpoly.Day10_Endocrine,B8,Endocrine,Hpoly.Day10
B8_GAGTCTGAAACCGT_Hpoly.Day10_TA,B8,TA,Hpoly.Day10
B8_GAGTCTGAAATCGC_Hpoly.Day10_Tuft,B8,Tuft,Hpoly.Day10
B8_GAGTCTGATCTAGG_Hpoly.Day10_TA.Early,B8,TA.Early,Hpoly.Day10
B8_GAGTGACTTTCTCA_Hpoly.Day10_TA,B8,TA,Hpoly.Day10
B8_GAGTGTTGAGCCTA_Hpoly.Day10_Enterocyte.Progenitor,B8,Enterocyte.Progenitor,Hpoly.Day10
B8_GAGTGTTGGAGACG_Hpoly.Day10_TA.Early,B8,TA.Early,Hpoly.Day10
B8_GAGTTGTGAAGCCT_Hpoly.Day10_Stem,B8,Stem,Hpoly.Day10
B8_GATAATACCGTGAT_Hpoly.Day10_TA.Early,B8,TA.Early,Hpoly.Day10
B8_GATACTCTGGTTTG_Hpoly.Day10_Enterocyte.Progenitor,B8,Enterocyte.Progenitor,Hpoly.Day10
B8_GATATATGACTACG_Hpoly.Day10_Enterocyte.Progenitor,B8,Enterocyte.Progenitor,Hpoly.Day10
B8_GATATATGGCTAAC_Hpoly.Day10_Stem,B8,Stem,Hpoly.Day10
B8_GATATCCTAAGTGA_Hpoly.Day10_Enterocyte.Progenitor,B8,Enterocyte.Progenitor,Hpoly.Day10
B8_GATATCCTTGTAGC_Hpoly.Day10_Goblet,B8,Goblet,Hpoly.Day10
B8_GATATTGAGTATCG_Hpoly.Day10_TA,B8,TA,Hpoly.Day10
B8_GATCATCTACGGGA_Hpoly.Day10_Goblet,B8,Goblet,Hpoly.Day10
B8_GATCATCTGCGTAT_Hpoly.Day10_Stem,B8,Stem,Hpoly.Day10
B8_GATCATCTTGCTTT_Hpoly.Day10_Stem,B8,Stem,Hpoly.Day10
B8_GATCCGCTGCATCA_Hpoly.Day10_TA.Early,B8,TA.Early,Hpoly.Day10
B8_GATCCGCTGTTGCA_Hpoly.Day10_Stem,B8,Stem,Hpoly.Day10
B8_GATCGATGATGCCA_Hpoly.Day10_Stem,B8,Stem,Hpoly.Day10
B8_GATCGATGGCGAAG_Hpoly.Day10_TA,B8,TA,Hpoly.Day10
B8_GATCGATGTGGTAC_Hpoly.Day10_Goblet,B8,Goblet,Hpoly.Day10
B8_GATCTACTAGGAGC_Hpoly.Day10_TA.Early,B8,TA.Early,Hpoly.Day10
B8_GATCTTACTAACGC_Hpoly.Day10_Enterocyte.Progenitor,B8,Enterocyte.Progenitor,Hpoly.Day10
B8_GATCTTTGTTCGGA_Hpoly.Day10_Stem,B8,Stem,Hpoly.Day10
B8_GATGCCCTTGACTG_Hpoly.Day10_TA.Early,B8,TA.Early,Hpoly.Day10
B8_GATTCGGACGGGAA_Hpoly.Day10_Enterocyte.Progenitor,B8,Enterocyte.Progenitor,Hpoly.Day10
B8_GATTCGGATCCGTC_Hpoly.Day10_Enterocyte.Progenitor,B8,Enterocyte.Progenitor,Hpoly.Day10
B8_GATTCTACTGCCAA_Hpoly.Day10_Enterocyte,B8,Enterocyte,Hpoly.Day10
B8_GATTGGACAAGCAA_Hpoly.Day10_Stem,B8,Stem,Hpoly.Day10
B8_GATTTGCTGAGGAC_Hpoly.Day10_TA.Early,B8,TA.Early,Hpoly.Day10
B8_GATTTGCTGTTTCT_Hpoly.Day10_TA.Early,B8,TA.Early,Hpoly.Day10
B8_GCAACTGACTATTC_Hpoly.Day10_Stem,B8,Stem,Hpoly.Day10
B8_GCAATCGATCGCCT_Hpoly.Day10_Goblet,B8,Goblet,Hpoly.Day10
B8_GCAATCGATTACTC_Hpoly.Day10_Enterocyte.Progenitor,B8,Enterocyte.Progenitor,Hpoly.Day10
B8_GCAATTCTAAGCCT_Hpoly.Day10_Tuft,B8,Tuft,Hpoly.Day10
B8_GCAATTCTCTGGAT_Hpoly.Day10_TA.Early,B8,TA.Early,Hpoly.Day10
B8_GCACAAACAAGGTA_Hpoly.Day10_Goblet,B8,Goblet,Hpoly.Day10
B8_GCACAATGACCACA_Hpoly.Day10_TA.Early,B8,TA.Early,Hpoly.Day10
B8_GCACAATGTCTTTG_Hpoly.Day10_Stem,B8,Stem,Hpoly.Day10
B8_GCACACCTACACTG_Hpoly.Day10_Stem,B8,Stem,Hpoly.Day10
B8_GCACGGACTGAGCT_Hpoly.Day10_Enterocyte.Progenitor,B8,Enterocyte.Progenitor,Hpoly.Day10
B8_GCACGTCTACACTG_Hpoly.Day10_Goblet,B8,Goblet,Hpoly.Day10
B8_GCACTGCTAACCAC_Hpoly.Day10_Goblet,B8,Goblet,Hpoly.Day10
B8_GCACTGCTTCAGAC_Hpoly.Day10_Enterocyte.Progenitor,B8,Enterocyte.Progenitor,Hpoly.Day10
B8_GCAGATACGTTGTG_Hpoly.Day10_Stem,B8,Stem,Hpoly.Day10
B8_GCAGATACTGCGTA_Hpoly.Day10_Goblet,B8,Goblet,Hpoly.Day10
B8_GCAGGCACCAGAAA_Hpoly.Day10_Goblet,B8,Goblet,Hpoly.Day10
B8_GCAGGGCTTGACTG_Hpoly.Day10_Stem,B8,Stem,Hpoly.Day10
B8_GCAGTCCTGTAGCT_Hpoly.Day10_TA,B8,TA,Hpoly.Day10
B8_GCAGTTGACACCAA_Hpoly.Day10_TA.Early,B8,TA.Early,Hpoly.Day10
B8_GCAGTTGATTTACC_Hpoly.Day10_TA,B8,TA,Hpoly.Day10
B8_GCATCAGACGTGAT_Hpoly.Day10_TA,B8,TA,Hpoly.Day10
B8_GCATCAGAGACAGG_Hpoly.Day10_Goblet,B8,Goblet,Hpoly.Day10
B8_GCATGATGGGAAGC_Hpoly.Day10_Enterocyte.Progenitor,B8,Enterocyte.Progenitor,Hpoly.Day10
B8_GCATTGGACACTGA_Hpoly.Day10_Stem,B8,Stem,Hpoly.Day10
B8_GCATTGGACATTGG_Hpoly.Day10_Stem,B8,Stem,Hpoly.Day10
B8_GCCAACCTGGACAG_Hpoly.Day10_Enterocyte.Progenitor,B8,Enterocyte.Progenitor,Hpoly.Day10
B8_GCCACGGATACGAC_Hpoly.Day10_TA.Early,B8,TA.Early,Hpoly.Day10
B8_GCCACTACCTTGCC_Hpoly.Day10_TA,B8,TA,Hpoly.Day10
B8_GCCATCACTCGTTT_Hpoly.Day10_TA,B8,TA,Hpoly.Day10
B8_GCCATGCTTTACCT_Hpoly.Day10_Enterocyte.Progenitor,B8,Enterocyte.Progenitor,Hpoly.Day10
B8_GCCCAACTGACGAG_Hpoly.Day10_Enterocyte.Progenitor,B8,Enterocyte.Progenitor,Hpoly.Day10
B8_GCCCAACTTCGTAG_Hpoly.Day10_Stem,B8,Stem,Hpoly.Day10
B8_GCCCAGGACTGTCC_Hpoly.Day10_TA,B8,TA,Hpoly.Day10
B8_GCCGACGAGCTGAT_Hpoly.Day10_TA,B8,TA,Hpoly.Day10
B8_GCCGACGATCCTCG_Hpoly.Day10_TA.Early,B8,TA.Early,Hpoly.Day10
B8_GCCGACGATGTTCT_Hpoly.Day10_TA.Early,B8,TA.Early,Hpoly.Day10
B8_GCCGTACTTCCTCG_Hpoly.Day10_Stem,B8,Stem,Hpoly.Day10
B8_GCCTACACTTCTTG_Hpoly.Day10_TA,B8,TA,Hpoly.Day10
B8_GCCTAGCTCGCTAA_Hpoly.Day10_Stem,B8,Stem,Hpoly.Day10
B8_GCCTAGCTTTAGGC_Hpoly.Day10_Goblet,B8,Goblet,Hpoly.Day10
B8_GCCTCATGCGTAAC_Hpoly.Day10_Goblet,B8,Goblet,Hpoly.Day10
B8_GCCTCATGTTCCAT_Hpoly.Day10_Enterocyte.Progenitor,B8,Enterocyte.Progenitor,Hpoly.Day10
B8_GCCTGACTACGGTT_Hpoly.Day10_Goblet,B8,Goblet,Hpoly.Day10
B8_GCGAAGGATGCACA_Hpoly.Day10_TA,B8,TA,Hpoly.Day10
B8_GCGACTCTACGTAC_Hpoly.Day10_TA.Early,B8,TA.Early,Hpoly.Day10
B8_GCGACTCTACTGTG_Hpoly.Day10_Enterocyte.Progenitor,B8,Enterocyte.Progenitor,Hpoly.Day10
B8_GCGACTCTGAACTC_Hpoly.Day10_Enterocyte.Progenitor,B8,Enterocyte.Progenitor,Hpoly.Day10
B8_GCGACTCTTGAACC_Hpoly.Day10_Goblet,B8,Goblet,Hpoly.Day10
B8_GCGAGAGAAGAGGC_Hpoly.Day10_Enterocyte.Progenitor,B8,Enterocyte.Progenitor,Hpoly.Day10
B8_GCGAGAGATCCGAA_Hpoly.Day10_TA,B8,TA,Hpoly.Day10
B8_GCGAGCACTCCAAG_Hpoly.Day10_TA,B8,TA,Hpoly.Day10
B8_GCGATATGAACCAC_Hpoly.Day10_Stem,B8,Stem,Hpoly.Day10
B8_GCGATATGGTCTTT_Hpoly.Day10_Goblet,B8,Goblet,Hpoly.Day10
B8_GCGCATCTTGACAC_Hpoly.Day10_TA,B8,TA,Hpoly.Day10
B8_GCGCGAACACCCAA_Hpoly.Day10_Stem,B8,Stem,Hpoly.Day10
B8_GCGCGAACTCTTAC_Hpoly.Day10_Stem,B8,Stem,Hpoly.Day10
B8_GCGCGATGTCAAGC_Hpoly.Day10_TA,B8,TA,Hpoly.Day10
B8_GCGGAGCTAGAGGC_Hpoly.Day10_TA,B8,TA,Hpoly.Day10
B8_GCGGGACTGACACT_Hpoly.Day10_Tuft,B8,Tuft,Hpoly.Day10
B8_GCGTAAACTACGAC_Hpoly.Day10_TA.Early,B8,TA.Early,Hpoly.Day10
B8_GCGTAATGTAGACC_Hpoly.Day10_Goblet,B8,Goblet,Hpoly.Day10
B8_GCGTACCTTCCTTA_Hpoly.Day10_Enterocyte,B8,Enterocyte,Hpoly.Day10
B8_GCGTATGATTCTTG_Hpoly.Day10_Endocrine,B8,Endocrine,Hpoly.Day10
B8_GCTACAGAAAAGCA_Hpoly.Day10_Stem,B8,Stem,Hpoly.Day10
B8_GCTAGAACCGCATA_Hpoly.Day10_TA,B8,TA,Hpoly.Day10
B8_GCTCAGCTGGATCT_Hpoly.Day10_Endocrine,B8,Endocrine,Hpoly.Day10
B8_GCTCCATGTATGGC_Hpoly.Day10_Stem,B8,Stem,Hpoly.Day10
B8_GCTCGACTAAGGGC_Hpoly.Day10_TA.Early,B8,TA.Early,Hpoly.Day10
B8_GCTCGACTCGTGAT_Hpoly.Day10_TA.Early,B8,TA.Early,Hpoly.Day10
B8_GCTCGACTGAACCT_Hpoly.Day10_TA,B8,TA,Hpoly.Day10
B8_GCTTAACTATACCG_Hpoly.Day10_TA,B8,TA,Hpoly.Day10
B8_GCTTAACTCTATTC_Hpoly.Day10_Stem,B8,Stem,Hpoly.Day10
B8_GCTTAACTGCCCTT_Hpoly.Day10_TA,B8,TA,Hpoly.Day10
B8_GGAACACTCTGGAT_Hpoly.Day10_TA.Early,B8,TA.Early,Hpoly.Day10
B8_GGAACACTGCGATT_Hpoly.Day10_TA.Early,B8,TA.Early,Hpoly.Day10
B8_GGAAGGACCGAATC_Hpoly.Day10_Enterocyte.Progenitor,B8,Enterocyte.Progenitor,Hpoly.Day10
B8_GGAAGGACCTTAGG_Hpoly.Day10_Stem,B8,Stem,Hpoly.Day10
B8_GGAAGGTGGATGAA_Hpoly.Day10_TA,B8,TA,Hpoly.Day10
B8_GGAATCTGACACAC_Hpoly.Day10_Goblet,B8,Goblet,Hpoly.Day10
B8_GGAATGCTACCAGT_Hpoly.Day10_Endocrine,B8,Endocrine,Hpoly.Day10
B8_GGACAACTAGGCGA_Hpoly.Day10_Tuft,B8,Tuft,Hpoly.Day10
B8_GGACAACTTAGACC_Hpoly.Day10_Enterocyte,B8,Enterocyte,Hpoly.Day10
B8_GGACAACTTCTGGA_Hpoly.Day10_Stem,B8,Stem,Hpoly.Day10
B8_GGACAGGACTGTGA_Hpoly.Day10_TA.Early,B8,TA.Early,Hpoly.Day10
B8_GGACCCGATCCAGA_Hpoly.Day10_TA.Early,B8,TA.Early,Hpoly.Day10
B8_GGACCCGATCGCCT_Hpoly.Day10_Stem,B8,Stem,Hpoly.Day10
B8_GGACCGTGCACACA_Hpoly.Day10_Goblet,B8,Goblet,Hpoly.Day10
B8_GGACCGTGTGCCTC_Hpoly.Day10_Stem,B8,Stem,Hpoly.Day10
B8_GGACCTCTCTTCCG_Hpoly.Day10_Stem,B8,Stem,Hpoly.Day10
B8_GGACCTCTTGTCGA_Hpoly.Day10_Stem,B8,Stem,Hpoly.Day10
B8_GGACGCTGAGTCGT_Hpoly.Day10_Stem,B8,Stem,Hpoly.Day10
B8_GGACGCTGGGTACT_Hpoly.Day10_Stem,B8,Stem,Hpoly.Day10
B8_GGACTATGTTCCCG_Hpoly.Day10_TA,B8,TA,Hpoly.Day10
B8_GGAGACGAAACGTC_Hpoly.Day10_Stem,B8,Stem,Hpoly.Day10
B8_GGAGACGATGGTGT_Hpoly.Day10_Goblet,B8,Goblet,Hpoly.Day10
B8_GGAGCAGAAGAACA_Hpoly.Day10_Enterocyte.Progenitor,B8,Enterocyte.Progenitor,Hpoly.Day10
B8_GGAGCAGACCTGTC_Hpoly.Day10_Stem,B8,Stem,Hpoly.Day10
B8_GGAGCAGATATCTC_Hpoly.Day10_Enterocyte.Progenitor,B8,Enterocyte.Progenitor,Hpoly.Day10
B8_GGAGCCACCGAATC_Hpoly.Day10_TA.Early,B8,TA.Early,Hpoly.Day10
B8_GGAGCCACCGATAC_Hpoly.Day10_Stem,B8,Stem,Hpoly.Day10
B8_GGAGGCCTACGGAG_Hpoly.Day10_Enterocyte.Progenitor,B8,Enterocyte.Progenitor,Hpoly.Day10
B8_GGAGGCCTACTCAG_Hpoly.Day10_TA.Early,B8,TA.Early,Hpoly.Day10
B8_GGAGGTGAACTTTC_Hpoly.Day10_TA.Early,B8,TA.Early,Hpoly.Day10
B8_GGAGGTGAGTCACA_Hpoly.Day10_Enterocyte.Progenitor,B8,Enterocyte.Progenitor,Hpoly.Day10
B8_GGATAGCTACCCAA_Hpoly.Day10_Goblet,B8,Goblet,Hpoly.Day10
B8_GGATAGCTGGTACT_Hpoly.Day10_TA.Early,B8,TA.Early,Hpoly.Day10
B8_GGATGTACAAGCAA_Hpoly.Day10_Enterocyte,B8,Enterocyte,Hpoly.Day10
B8_GGATGTACCTTACT_Hpoly.Day10_Endocrine,B8,Endocrine,Hpoly.Day10
B8_GGATGTTGGACAGG_Hpoly.Day10_TA.Early,B8,TA.Early,Hpoly.Day10
B8_GGATGTTGGCCTTC_Hpoly.Day10_Stem,B8,Stem,Hpoly.Day10
B8_GGATGTTGGCGAGA_Hpoly.Day10_TA.Early,B8,TA.Early,Hpoly.Day10
B8_GGATTGTGCGAGAG_Hpoly.Day10_Enterocyte.Progenitor,B8,Enterocyte.Progenitor,Hpoly.Day10
B8_GGATTGTGGCCTTC_Hpoly.Day10_Stem,B8,Stem,Hpoly.Day10
B8_GGATTTCTGCATCA_Hpoly.Day10_Stem,B8,Stem,Hpoly.Day10
B8_GGCAAGGAGCAAGG_Hpoly.Day10_TA.Early,B8,TA.Early,Hpoly.Day10
B8_GGCAATACACGTTG_Hpoly.Day10_TA.Early,B8,TA.Early,Hpoly.Day10
B8_GGCAATACTGCAAC_Hpoly.Day10_Enterocyte.Progenitor,B8,Enterocyte.Progenitor,Hpoly.Day10
B8_GGCACGTGCGCATA_Hpoly.Day10_TA.Early,B8,TA.Early,Hpoly.Day10
B8_GGCACTCTCATACG_Hpoly.Day10_Endocrine,B8,Endocrine,Hpoly.Day10
B8_GGCATATGCGTGTA_Hpoly.Day10_Enterocyte.Progenitor,B8,Enterocyte.Progenitor,Hpoly.Day10
B8_GGCCACGAGTGTTG_Hpoly.Day10_TA,B8,TA,Hpoly.Day10
B8_GGCCAGACCTCGAA_Hpoly.Day10_Enterocyte,B8,Enterocyte,Hpoly.Day10
B8_GGCCCAGATTACCT_Hpoly.Day10_Enterocyte.Progenitor,B8,Enterocyte.Progenitor,Hpoly.Day10
B8_GGCCGATGTTCGCC_Hpoly.Day10_TA.Early,B8,TA.Early,Hpoly.Day10
B8_GGCGACACTTTCAC_Hpoly.Day10_TA.Early,B8,TA.Early,Hpoly.Day10
B8_GGCGACTGACGGTT_Hpoly.Day10_TA,B8,TA,Hpoly.Day10
B8_GGCGCATGACCAAC_Hpoly.Day10_Enterocyte.Progenitor,B8,Enterocyte.Progenitor,Hpoly.Day10
B8_GGCTAATGCTGGAT_Hpoly.Day10_Tuft,B8,Tuft,Hpoly.Day10
B8_GGCTAATGTAACGC_Hpoly.Day10_Enterocyte.Progenitor,B8,Enterocyte.Progenitor,Hpoly.Day10
B8_GGCTACCTGTCAAC_Hpoly.Day10_Stem,B8,Stem,Hpoly.Day10
B8_GGCTACCTTCCTTA_Hpoly.Day10_Enterocyte.Progenitor,B8,Enterocyte.Progenitor,Hpoly.Day10
B8_GGCTCACTGTTTCT_Hpoly.Day10_Enterocyte.Progenitor,B8,Enterocyte.Progenitor,Hpoly.Day10
B8_GGGAACGACAACCA_Hpoly.Day10_Tuft,B8,Tuft,Hpoly.Day10
B8_GGGAACGACGAATC_Hpoly.Day10_Goblet,B8,Goblet,Hpoly.Day10
B8_GGGAAGTGTTTACC_Hpoly.Day10_TA.Early,B8,TA.Early,Hpoly.Day10
B8_GGGACCACCAAGCT_Hpoly.Day10_Enterocyte.Progenitor,B8,Enterocyte.Progenitor,Hpoly.Day10
B8_GGGACCACGAGGAC_Hpoly.Day10_TA,B8,TA,Hpoly.Day10
B8_GGGACCACTCGCCT_Hpoly.Day10_Enterocyte,B8,Enterocyte,Hpoly.Day10
B8_GGGACCTGACAGTC_Hpoly.Day10_Goblet,B8,Goblet,Hpoly.Day10
B8_GGGACCTGATTCGG_Hpoly.Day10_TA.Early,B8,TA.Early,Hpoly.Day10
B8_GGGATGGAACCACA_Hpoly.Day10_TA,B8,TA,Hpoly.Day10
B8_GGGATGGACACTAG_Hpoly.Day10_Endocrine,B8,Endocrine,Hpoly.Day10
B8_GGGCAAGATAAGCC_Hpoly.Day10_Stem,B8,Stem,Hpoly.Day10
B8_GGGCAGCTAGTGCT_Hpoly.Day10_Stem,B8,Stem,Hpoly.Day10
B8_GGGCAGCTATGTCG_Hpoly.Day10_Enterocyte.Progenitor,B8,Enterocyte.Progenitor,Hpoly.Day10
B8_GGGCCAACAATGCC_Hpoly.Day10_TA.Early,B8,TA.Early,Hpoly.Day10
B8_GGGCCATGTAAAGG_Hpoly.Day10_TA,B8,TA,Hpoly.Day10
B8_GGGTAACTGAGAGC_Hpoly.Day10_Enterocyte.Progenitor,B8,Enterocyte.Progenitor,Hpoly.Day10
B8_GGGTTAACACCTGA_Hpoly.Day10_Goblet,B8,Goblet,Hpoly.Day10
B8_GGGTTAACGTACAC_Hpoly.Day10_Goblet,B8,Goblet,Hpoly.Day10
B8_GGGTTATGCTGCTC_Hpoly.Day10_TA.Early,B8,TA.Early,Hpoly.Day10
B8_GGTAAAGAGGTTAC_Hpoly.Day10_Tuft,B8,Tuft,Hpoly.Day10
B8_GGTAGTACGCTGAT_Hpoly.Day10_Enterocyte.Progenitor,B8,Enterocyte.Progenitor,Hpoly.Day10
B8_GGTAGTACGTGCTA_Hpoly.Day10_Stem,B8,Stem,Hpoly.Day10
B8_GGTATCGAAGAAGT_Hpoly.Day10_Enterocyte,B8,Enterocyte,Hpoly.Day10
B8_GGTCAAACACACCA_Hpoly.Day10_Enterocyte.Progenitor,B8,Enterocyte.Progenitor,Hpoly.Day10
B8_GGTCAAACCATACG_Hpoly.Day10_TA,B8,TA,Hpoly.Day10
B8_GGTCAAACCTAAGC_Hpoly.Day10_Stem,B8,Stem,Hpoly.Day10
B8_GGTCAAACGGTTCA_Hpoly.Day10_TA,B8,TA,Hpoly.Day10
B8_GGTGATACGGGCAA_Hpoly.Day10_TA,B8,TA,Hpoly.Day10
B8_GGTGGAGAAGCCAT_Hpoly.Day10_TA,B8,TA,Hpoly.Day10
B8_GGTGGAGATCCGTC_Hpoly.Day10_Stem,B8,Stem,Hpoly.Day10
B8_GGTTTACTTTTCTG_Hpoly.Day10_TA,B8,TA,Hpoly.Day10
B8_GTAACGTGCGGAGA_Hpoly.Day10_Enterocyte.Progenitor,B8,Enterocyte.Progenitor,Hpoly.Day10
B8_GTAAGCACAGAGGC_Hpoly.Day10_Enterocyte.Progenitor,B8,Enterocyte.Progenitor,Hpoly.Day10
B8_GTAAGCACTTGACG_Hpoly.Day10_Tuft,B8,Tuft,Hpoly.Day10
B8_GTAAGCTGAACCAC_Hpoly.Day10_Tuft,B8,Tuft,Hpoly.Day10
B8_GTAATATGTGCCTC_Hpoly.Day10_Enterocyte.Progenitor,B8,Enterocyte.Progenitor,Hpoly.Day10
B8_GTACCCTGGAACCT_Hpoly.Day10_Enterocyte.Progenitor,B8,Enterocyte.Progenitor,Hpoly.Day10
B8_GTACCCTGTGTCGA_Hpoly.Day10_TA.Early,B8,TA.Early,Hpoly.Day10
B8_GTACGAACAGTTCG_Hpoly.Day10_Enterocyte.Progenitor,B8,Enterocyte.Progenitor,Hpoly.Day10
B8_GTACGAACATGCTG_Hpoly.Day10_Enterocyte.Progenitor,B8,Enterocyte.Progenitor,Hpoly.Day10
B8_GTACTACTCAGTCA_Hpoly.Day10_TA.Early,B8,TA.Early,Hpoly.Day10
B8_GTAGACTGAAGGTA_Hpoly.Day10_Enterocyte.Progenitor,B8,Enterocyte.Progenitor,Hpoly.Day10
B8_GTAGACTGGCGTAT_Hpoly.Day10_TA,B8,TA,Hpoly.Day10
B8_GTAGCATGCATTGG_Hpoly.Day10_Enterocyte.Progenitor,B8,Enterocyte.Progenitor,Hpoly.Day10
B8_GTAGCATGGGGCAA_Hpoly.Day10_TA.Early,B8,TA.Early,Hpoly.Day10
B8_GTAGCATGTCAAGC_Hpoly.Day10_TA,B8,TA,Hpoly.Day10
B8_GTAGCTGATGAAGA_Hpoly.Day10_TA,B8,TA,Hpoly.Day10
B8_GTAGTCGAGGATTC_Hpoly.Day10_Enterocyte.Progenitor,B8,Enterocyte.Progenitor,Hpoly.Day10
B8_GTAGTCGATATTCC_Hpoly.Day10_TA.Early,B8,TA.Early,Hpoly.Day10
B8_GTAGTGTGAACGAA_Hpoly.Day10_Stem,B8,Stem,Hpoly.Day10
B8_GTATCTACAGGCGA_Hpoly.Day10_TA.Early,B8,TA.Early,Hpoly.Day10
B8_GTATGGTGGGATTC_Hpoly.Day10_Endocrine,B8,Endocrine,Hpoly.Day10
B8_GTATGGTGTGATGC_Hpoly.Day10_Enterocyte.Progenitor,B8,Enterocyte.Progenitor,Hpoly.Day10
B8_GTATTCACCTCAGA_Hpoly.Day10_TA,B8,TA,Hpoly.Day10
B8_GTATTCACGGTATC_Hpoly.Day10_Enterocyte,B8,Enterocyte,Hpoly.Day10
B8_GTCAACGAAAAACG_Hpoly.Day10_Enterocyte.Progenitor,B8,Enterocyte.Progenitor,Hpoly.Day10
B8_GTCAACGATTCACT_Hpoly.Day10_Stem,B8,Stem,Hpoly.Day10
B8_GTCAATCTACCTCC_Hpoly.Day10_Tuft,B8,Tuft,Hpoly.Day10
B8_GTCAATCTCCAAGT_Hpoly.Day10_Goblet,B8,Goblet,Hpoly.Day10
B8_GTCAATCTCCAATG_Hpoly.Day10_Goblet,B8,Goblet,Hpoly.Day10
B8_GTCACAGATTTACC_Hpoly.Day10_Enterocyte.Progenitor,B8,Enterocyte.Progenitor,Hpoly.Day10
B8_GTCCAAGATACGCA_Hpoly.Day10_Goblet,B8,Goblet,Hpoly.Day10
B8_GTCCACACCCCACT_Hpoly.Day10_TA.Early,B8,TA.Early,Hpoly.Day10
B8_GTCCACACCGGTAT_Hpoly.Day10_Goblet,B8,Goblet,Hpoly.Day10
B8_GTCCACTGATACCG_Hpoly.Day10_Enterocyte.Progenitor,B8,Enterocyte.Progenitor,Hpoly.Day10
B8_GTCCACTGCTTATC_Hpoly.Day10_Goblet,B8,Goblet,Hpoly.Day10
B8_GTCCAGCTGTCCTC_Hpoly.Day10_TA.Early,B8,TA.Early,Hpoly.Day10
B8_GTCGACCTCATGAC_Hpoly.Day10_Stem,B8,Stem,Hpoly.Day10
B8_GTCGCACTTGCATG_Hpoly.Day10_Goblet,B8,Goblet,Hpoly.Day10
B8_GTCTAACTACTCAG_Hpoly.Day10_Enterocyte.Progenitor,B8,Enterocyte.Progenitor,Hpoly.Day10
B8_GTCTAGGAGACTAC_Hpoly.Day10_Stem,B8,Stem,Hpoly.Day10
B8_GTGACCCTAAACAG_Hpoly.Day10_TA.Early,B8,TA.Early,Hpoly.Day10
B8_GTGACCCTTTGCGA_Hpoly.Day10_Stem,B8,Stem,Hpoly.Day10
B8_GTGATGACGCGGAA_Hpoly.Day10_TA,B8,TA,Hpoly.Day10
B8_GTGCCACTGTTCAG_Hpoly.Day10_Goblet,B8,Goblet,Hpoly.Day10
B8_GTGGAGGACCTAAG_Hpoly.Day10_TA.Early,B8,TA.Early,Hpoly.Day10
B8_GTGGATTGGGTAAA_Hpoly.Day10_Stem,B8,Stem,Hpoly.Day10
B8_GTGGATTGGTCCTC_Hpoly.Day10_Enterocyte.Progenitor,B8,Enterocyte.Progenitor,Hpoly.Day10
B8_GTGGTAACGGACAG_Hpoly.Day10_TA.Early,B8,TA.Early,Hpoly.Day10
B8_GTGTACGACTAGTG_Hpoly.Day10_TA,B8,TA,Hpoly.Day10
B8_GTGTACGAGAAAGT_Hpoly.Day10_TA,B8,TA,Hpoly.Day10
B8_GTGTACGAGTCTTT_Hpoly.Day10_Goblet,B8,Goblet,Hpoly.Day10
B8_GTGTACGATGAGCT_Hpoly.Day10_TA.Early,B8,TA.Early,Hpoly.Day10
B8_GTGTAGTGCTGTCC_Hpoly.Day10_Enterocyte,B8,Enterocyte,Hpoly.Day10
B8_GTGTAGTGGCGAAG_Hpoly.Day10_TA,B8,TA,Hpoly.Day10
B8_GTGTATCTACCTTT_Hpoly.Day10_TA.Early,B8,TA.Early,Hpoly.Day10
B8_GTGTCAGAATTGGC_Hpoly.Day10_TA.Early,B8,TA.Early,Hpoly.Day10
B8_GTGTGATGTGGAAA_Hpoly.Day10_TA,B8,TA,Hpoly.Day10
B8_GTTAAAACAGTACC_Hpoly.Day10_TA,B8,TA,Hpoly.Day10
B8_GTTAACCTGTCTAG_Hpoly.Day10_Enterocyte,B8,Enterocyte,Hpoly.Day10
B8_GTTACGGAGTCAAC_Hpoly.Day10_Enterocyte.Progenitor,B8,Enterocyte.Progenitor,Hpoly.Day10
B8_GTTACGGATGTCGA_Hpoly.Day10_TA.Early,B8,TA.Early,Hpoly.Day10
B8_GTTACGGATTACTC_Hpoly.Day10_Endocrine,B8,Endocrine,Hpoly.Day10
B8_GTTACTACGCAAGG_Hpoly.Day10_Stem,B8,Stem,Hpoly.Day10
B8_GTTAGGTGACGACT_Hpoly.Day10_Enterocyte.Progenitor,B8,Enterocyte.Progenitor,Hpoly.Day10
B8_GTTAGGTGGGACGA_Hpoly.Day10_Tuft,B8,Tuft,Hpoly.Day10
B8_GTTATAGACTAGTG_Hpoly.Day10_TA.Early,B8,TA.Early,Hpoly.Day10
B8_GTTATAGAGGGATG_Hpoly.Day10_Stem,B8,Stem,Hpoly.Day10
B8_GTTATAGAGTGCAT_Hpoly.Day10_Enterocyte.Progenitor,B8,Enterocyte.Progenitor,Hpoly.Day10
B8_GTTATCTGCTGAAC_Hpoly.Day10_Goblet,B8,Goblet,Hpoly.Day10
B8_GTTCAACTTCGACA_Hpoly.Day10_TA.Early,B8,TA.Early,Hpoly.Day10
B8_GTTCAGGATGCCAA_Hpoly.Day10_TA.Early,B8,TA.Early,Hpoly.Day10
B8_GTTGACGAGTACCA_Hpoly.Day10_Goblet,B8,Goblet,Hpoly.Day10
B8_GTTGACGATTCGGA_Hpoly.Day10_Stem,B8,Stem,Hpoly.Day10
B8_GTTGAGTGCTGAAC_Hpoly.Day10_Enterocyte.Progenitor,B8,Enterocyte.Progenitor,Hpoly.Day10
B8_GTTGAGTGCTTCCG_Hpoly.Day10_Enterocyte.Progenitor,B8,Enterocyte.Progenitor,Hpoly.Day10
B8_GTTGTACTCCTATT_Hpoly.Day10_Stem,B8,Stem,Hpoly.Day10
B8_GTTGTACTTCCTGC_Hpoly.Day10_Goblet,B8,Goblet,Hpoly.Day10
B8_TAAACAACCTTTAC_Hpoly.Day10_Stem,B8,Stem,Hpoly.Day10
B8_TAAATGTGCTTAGG_Hpoly.Day10_Enterocyte.Progenitor,B8,Enterocyte.Progenitor,Hpoly.Day10
B8_TAAATGTGGGAGGT_Hpoly.Day10_Enterocyte.Progenitor,B8,Enterocyte.Progenitor,Hpoly.Day10
B8_TAACAATGACTGTG_Hpoly.Day10_Stem,B8,Stem,Hpoly.Day10
B8_TAACAATGCGCCTT_Hpoly.Day10_Stem,B8,Stem,Hpoly.Day10
B8_TAACACCTGGTCTA_Hpoly.Day10_TA.Early,B8,TA.Early,Hpoly.Day10
B8_TAACATGATTGTCT_Hpoly.Day10_Stem,B8,Stem,Hpoly.Day10
B8_TAACGTCTGACAAA_Hpoly.Day10_Stem,B8,Stem,Hpoly.Day10
B8_TAACGTCTTAACGC_Hpoly.Day10_TA.Early,B8,TA.Early,Hpoly.Day10
B8_TAACGTCTTAGCGT_Hpoly.Day10_TA,B8,TA,Hpoly.Day10
B8_TAACGTCTTGCAAC_Hpoly.Day10_TA,B8,TA,Hpoly.Day10
B8_TAACGTCTTTGACG_Hpoly.Day10_Tuft,B8,Tuft,Hpoly.Day10
B8_TAACTCACCAGGAG_Hpoly.Day10_Enterocyte,B8,Enterocyte,Hpoly.Day10
B8_TAAGAGGACCGATA_Hpoly.Day10_TA.Early,B8,TA.Early,Hpoly.Day10
B8_TAAGAGGATGAGCT_Hpoly.Day10_TA,B8,TA,Hpoly.Day10
B8_TAAGATACAGTACC_Hpoly.Day10_TA.Early,B8,TA.Early,Hpoly.Day10
B8_TAAGATTGCGCCTT_Hpoly.Day10_Goblet,B8,Goblet,Hpoly.Day10
B8_TAAGATTGGTGAGG_Hpoly.Day10_Stem,B8,Stem,Hpoly.Day10
B8_TAAGCGTGTGGTTG_Hpoly.Day10_TA,B8,TA,Hpoly.Day10
B8_TAAGCGTGTTCTGT_Hpoly.Day10_Tuft,B8,Tuft,Hpoly.Day10
B8_TAAGCTCTTGTTTC_Hpoly.Day10_Enterocyte.Progenitor,B8,Enterocyte.Progenitor,Hpoly.Day10
B8_TAAGGCTGGAACTC_Hpoly.Day10_Enterocyte.Progenitor,B8,Enterocyte.Progenitor,Hpoly.Day10
B8_TAAGGGCTAGAGTA_Hpoly.Day10_Stem,B8,Stem,Hpoly.Day10
B8_TAAGTCCTCTTATC_Hpoly.Day10_TA.Early,B8,TA.Early,Hpoly.Day10
B8_TAAGTCCTTTACTC_Hpoly.Day10_Enterocyte.Progenitor,B8,Enterocyte.Progenitor,Hpoly.Day10
B8_TAATCCACGGTTAC_Hpoly.Day10_TA.Early,B8,TA.Early,Hpoly.Day10
B8_TAATGAACTAGCGT_Hpoly.Day10_Stem,B8,Stem,Hpoly.Day10
B8_TAATGATGTAGCCA_Hpoly.Day10_Enterocyte.Progenitor,B8,Enterocyte.Progenitor,Hpoly.Day10
B8_TAATGATGTAGCGT_Hpoly.Day10_Goblet,B8,Goblet,Hpoly.Day10
B8_TAATGTGAACCTCC_Hpoly.Day10_Enterocyte,B8,Enterocyte,Hpoly.Day10
B8_TAATGTGACTATGG_Hpoly.Day10_TA,B8,TA,Hpoly.Day10
B8_TACAAATGGGTTTG_Hpoly.Day10_Enterocyte.Progenitor,B8,Enterocyte.Progenitor,Hpoly.Day10
B8_TACAAATGTAACGC_Hpoly.Day10_TA.Early,B8,TA.Early,Hpoly.Day10
B8_TACATAGATCTAGG_Hpoly.Day10_Stem,B8,Stem,Hpoly.Day10
B8_TACCATTGGCTTAG_Hpoly.Day10_Stem,B8,Stem,Hpoly.Day10
B8_TACCATTGTAACCG_Hpoly.Day10_TA,B8,TA,Hpoly.Day10
B8_TACCGGCTAGTCAC_Hpoly.Day10_Endocrine,B8,Endocrine,Hpoly.Day10
B8_TACGACGACCTCGT_Hpoly.Day10_Tuft,B8,Tuft,Hpoly.Day10
B8_TACGAGTGATGTCG_Hpoly.Day10_Stem,B8,Stem,Hpoly.Day10
B8_TACGATCTTGATGC_Hpoly.Day10_Enterocyte.Progenitor,B8,Enterocyte.Progenitor,Hpoly.Day10
B8_TACGCAGAAGCAAA_Hpoly.Day10_Goblet,B8,Goblet,Hpoly.Day10
B8_TACGCGCTCTTCTA_Hpoly.Day10_Stem,B8,Stem,Hpoly.Day10
B8_TACGGAACAGGGTG_Hpoly.Day10_TA,B8,TA,Hpoly.Day10
B8_TACGGAACCCGTAA_Hpoly.Day10_Stem,B8,Stem,Hpoly.Day10
B8_TACGGCCTCCGCTT_Hpoly.Day10_TA.Early,B8,TA.Early,Hpoly.Day10
B8_TACGGCCTCTGGTA_Hpoly.Day10_Enterocyte.Progenitor,B8,Enterocyte.Progenitor,Hpoly.Day10
B8_TACGGCCTTTCCAT_Hpoly.Day10_TA.Early,B8,TA.Early,Hpoly.Day10
B8_TACGTACTAGGCGA_Hpoly.Day10_Enterocyte.Progenitor,B8,Enterocyte.Progenitor,Hpoly.Day10
B8_TACGTACTCTACTT_Hpoly.Day10_Enterocyte.Progenitor,B8,Enterocyte.Progenitor,Hpoly.Day10
B8_TACGTTACCCTCAC_Hpoly.Day10_TA.Early,B8,TA.Early,Hpoly.Day10
B8_TACGTTACTCTCTA_Hpoly.Day10_Goblet,B8,Goblet,Hpoly.Day10
B8_TACGTTACTGTGCA_Hpoly.Day10_TA.Early,B8,TA.Early,Hpoly.Day10
B8_TACTAAGAGTCCTC_Hpoly.Day10_Goblet,B8,Goblet,Hpoly.Day10
B8_TACTACACTACGCA_Hpoly.Day10_Stem,B8,Stem,Hpoly.Day10
B8_TACTACACTATCTC_Hpoly.Day10_Stem,B8,Stem,Hpoly.Day10
B8_TACTACTGACCCTC_Hpoly.Day10_Enterocyte.Progenitor,B8,Enterocyte.Progenitor,Hpoly.Day10
B8_TACTCAACCCGCTT_Hpoly.Day10_TA,B8,TA,Hpoly.Day10
B8_TACTCCCTTGACCA_Hpoly.Day10_Enterocyte.Progenitor,B8,Enterocyte.Progenitor,Hpoly.Day10
B8_TACTGGGAGGAGGT_Hpoly.Day10_Goblet,B8,Goblet,Hpoly.Day10
B8_TACTGTTGCGAATC_Hpoly.Day10_Goblet,B8,Goblet,Hpoly.Day10
B8_TACTGTTGCTGATG_Hpoly.Day10_Enterocyte.Progenitor,B8,Enterocyte.Progenitor,Hpoly.Day10
B8_TACTTGACCCTGTC_Hpoly.Day10_Endocrine,B8,Endocrine,Hpoly.Day10
B8_TACTTTCTTTGACG_Hpoly.Day10_TA,B8,TA,Hpoly.Day10
B8_TAGAATACGGCGAA_Hpoly.Day10_Stem,B8,Stem,Hpoly.Day10
B8_TAGAATTGTTGGTG_Hpoly.Day10_TA,B8,TA,Hpoly.Day10
B8_TAGACGTGCCCAAA_Hpoly.Day10_TA.Early,B8,TA.Early,Hpoly.Day10
B8_TAGACGTGTGACTG_Hpoly.Day10_Enterocyte,B8,Enterocyte,Hpoly.Day10
B8_TAGATCCTGAAGGC_Hpoly.Day10_Stem,B8,Stem,Hpoly.Day10
B8_TAGATTGAAGGTCT_Hpoly.Day10_Enterocyte.Progenitor,B8,Enterocyte.Progenitor,Hpoly.Day10
B8_TAGCATCTACCAAC_Hpoly.Day10_TA,B8,TA,Hpoly.Day10
B8_TAGCATCTGCTAAC_Hpoly.Day10_Stem,B8,Stem,Hpoly.Day10
B8_TAGCCCACCCAACA_Hpoly.Day10_Enterocyte.Progenitor,B8,Enterocyte.Progenitor,Hpoly.Day10
B8_TAGCCCACCCTCGT_Hpoly.Day10_TA.Early,B8,TA.Early,Hpoly.Day10
B8_TAGCCCACGACAGG_Hpoly.Day10_Enterocyte.Progenitor,B8,Enterocyte.Progenitor,Hpoly.Day10
B8_TAGCCCACGTCTGA_Hpoly.Day10_TA,B8,TA,Hpoly.Day10
B8_TAGCCCTGTCGTAG_Hpoly.Day10_Enterocyte.Progenitor,B8,Enterocyte.Progenitor,Hpoly.Day10
B8_TAGCCGCTATCACG_Hpoly.Day10_Enterocyte,B8,Enterocyte,Hpoly.Day10
B8_TAGCTACTGTTCGA_Hpoly.Day10_Stem,B8,Stem,Hpoly.Day10
B8_TAGGACTGGTACCA_Hpoly.Day10_TA,B8,TA,Hpoly.Day10
B8_TAGGAGCTATCGTG_Hpoly.Day10_Goblet,B8,Goblet,Hpoly.Day10
B8_TAGGAGCTGCTTAG_Hpoly.Day10_Stem,B8,Stem,Hpoly.Day10
B8_TAGGAGCTTCCAGA_Hpoly.Day10_Goblet,B8,Goblet,Hpoly.Day10
B8_TAGGCATGCATGCA_Hpoly.Day10_Enterocyte.Progenitor,B8,Enterocyte.Progenitor,Hpoly.Day10
B8_TAGGCTGAGACACT_Hpoly.Day10_Stem,B8,Stem,Hpoly.Day10
B8_TAGGTGACAGGGTG_Hpoly.Day10_Enterocyte.Progenitor,B8,Enterocyte.Progenitor,Hpoly.Day10
B8_TAGGTGTGGTGCTA_Hpoly.Day10_Stem,B8,Stem,Hpoly.Day10
B8_TAGTAATGCTACCC_Hpoly.Day10_Stem,B8,Stem,Hpoly.Day10
B8_TAGTACCTGCGAGA_Hpoly.Day10_Stem,B8,Stem,Hpoly.Day10
B8_TAGTACCTGGTTAC_Hpoly.Day10_TA.Early,B8,TA.Early,Hpoly.Day10
B8_TAGTATGACTATTC_Hpoly.Day10_Stem,B8,Stem,Hpoly.Day10
B8_TAGTCACTCAGGAG_Hpoly.Day10_TA.Early,B8,TA.Early,Hpoly.Day10
B8_TAGTCGGACACCAA_Hpoly.Day10_TA,B8,TA,Hpoly.Day10
B8_TAGTCGGAGTTCTT_Hpoly.Day10_Goblet,B8,Goblet,Hpoly.Day10
B8_TAGTCTTGTAGTCG_Hpoly.Day10_Stem,B8,Stem,Hpoly.Day10
B8_TAGTGGTGACACCA_Hpoly.Day10_Goblet,B8,Goblet,Hpoly.Day10
B8_TAGTTAGAAGAGTA_Hpoly.Day10_Enterocyte.Progenitor,B8,Enterocyte.Progenitor,Hpoly.Day10
B8_TAGTTCACAGGTTC_Hpoly.Day10_Enterocyte.Progenitor,B8,Enterocyte.Progenitor,Hpoly.Day10
B8_TAGTTCACATTTCC_Hpoly.Day10_TA.Early,B8,TA.Early,Hpoly.Day10
B8_TAGTTCACCATCAG_Hpoly.Day10_TA,B8,TA,Hpoly.Day10
B8_TAGTTGCTAAGTAG_Hpoly.Day10_TA.Early,B8,TA.Early,Hpoly.Day10
B8_TAGTTGCTCCACCT_Hpoly.Day10_Enterocyte.Progenitor,B8,Enterocyte.Progenitor,Hpoly.Day10
B8_TAGTTGCTGAGGCA_Hpoly.Day10_Goblet,B8,Goblet,Hpoly.Day10
B8_TAGTTGCTGCATCA_Hpoly.Day10_Enterocyte.Progenitor,B8,Enterocyte.Progenitor,Hpoly.Day10
B8_TATAAGACTCGATG_Hpoly.Day10_Stem,B8,Stem,Hpoly.Day10
B8_TATAAGTGAAGGTA_Hpoly.Day10_TA.Early,B8,TA.Early,Hpoly.Day10
B8_TATACAGACGACAT_Hpoly.Day10_Stem,B8,Stem,Hpoly.Day10
B8_TATACGCTGTCACA_Hpoly.Day10_TA.Early,B8,TA.Early,Hpoly.Day10
B8_TATCAAGACCTGTC_Hpoly.Day10_Enterocyte.Progenitor,B8,Enterocyte.Progenitor,Hpoly.Day10
B8_TATCAAGACGTGTA_Hpoly.Day10_Stem,B8,Stem,Hpoly.Day10
B8_TATCCAACAGTCAC_Hpoly.Day10_TA,B8,TA,Hpoly.Day10
B8_TATCCAACATCGAC_Hpoly.Day10_Enterocyte.Progenitor,B8,Enterocyte.Progenitor,Hpoly.Day10
B8_TATCCAACCCTACC_Hpoly.Day10_Goblet,B8,Goblet,Hpoly.Day10
B8_TATCCAACTGCTGA_Hpoly.Day10_Enterocyte.Progenitor,B8,Enterocyte.Progenitor,Hpoly.Day10
B8_TATCCTGAGTTCGA_Hpoly.Day10_TA,B8,TA,Hpoly.Day10
B8_TATCGTACGGAGGT_Hpoly.Day10_Stem,B8,Stem,Hpoly.Day10
B8_TATCTGACACACGT_Hpoly.Day10_Stem,B8,Stem,Hpoly.Day10
B8_TATCTGACTCTCAT_Hpoly.Day10_Enterocyte.Progenitor,B8,Enterocyte.Progenitor,Hpoly.Day10
B8_TATCTGACTGGTGT_Hpoly.Day10_TA,B8,TA,Hpoly.Day10
B8_TATCTTCTCAAAGA_Hpoly.Day10_Tuft,B8,Tuft,Hpoly.Day10
B8_TATCTTCTTGTCGA_Hpoly.Day10_Goblet,B8,Goblet,Hpoly.Day10
B8_TATGGGTGAAACGA_Hpoly.Day10_Tuft,B8,Tuft,Hpoly.Day10
B8_TATGGGTGGAGACG_Hpoly.Day10_Stem,B8,Stem,Hpoly.Day10
B8_TATGGTCTCGTACA_Hpoly.Day10_Stem,B8,Stem,Hpoly.Day10
B8_TATGTCACTCTCAT_Hpoly.Day10_Goblet,B8,Goblet,Hpoly.Day10
B8_TATGTGCTAGTACC_Hpoly.Day10_Tuft,B8,Tuft,Hpoly.Day10
B8_TATGTGCTCCTCAC_Hpoly.Day10_Stem,B8,Stem,Hpoly.Day10
B8_TATTGCTGAGCCTA_Hpoly.Day10_Stem,B8,Stem,Hpoly.Day10
B8_TATTGCTGCAAAGA_Hpoly.Day10_TA.Early,B8,TA.Early,Hpoly.Day10
B8_TATTGCTGCTGGTA_Hpoly.Day10_Tuft,B8,Tuft,Hpoly.Day10
B8_TCAACACTATCACG_Hpoly.Day10_Enterocyte.Progenitor,B8,Enterocyte.Progenitor,Hpoly.Day10
B8_TCAAGGACCGAATC_Hpoly.Day10_Enterocyte.Progenitor,B8,Enterocyte.Progenitor,Hpoly.Day10
B8_TCAAGGTGAAGCCT_Hpoly.Day10_Enterocyte.Progenitor,B8,Enterocyte.Progenitor,Hpoly.Day10
B8_TCAAGTCTACAGCT_Hpoly.Day10_Enterocyte.Progenitor,B8,Enterocyte.Progenitor,Hpoly.Day10
B8_TCAAGTCTGTTAGC_Hpoly.Day10_Tuft,B8,Tuft,Hpoly.Day10
B8_TCAATAGAAGTCGT_Hpoly.Day10_Goblet,B8,Goblet,Hpoly.Day10
B8_TCACATACGTTGTG_Hpoly.Day10_Stem,B8,Stem,Hpoly.Day10
B8_TCACCCGACCTTAT_Hpoly.Day10_Tuft,B8,Tuft,Hpoly.Day10
B8_TCACCCGAGAGGTG_Hpoly.Day10_TA,B8,TA,Hpoly.Day10
B8_TCACCGTGCAGTCA_Hpoly.Day10_Stem,B8,Stem,Hpoly.Day10
B8_TCACCTCTAGACTC_Hpoly.Day10_Stem,B8,Stem,Hpoly.Day10
B8_TCACGAGAACTAGC_Hpoly.Day10_TA.Early,B8,TA.Early,Hpoly.Day10
B8_TCAGACGACGCAAT_Hpoly.Day10_TA,B8,TA,Hpoly.Day10
B8_TCAGAGACACTGTG_Hpoly.Day10_Enterocyte,B8,Enterocyte,Hpoly.Day10
B8_TCAGAGACCTAGCA_Hpoly.Day10_TA,B8,TA,Hpoly.Day10
B8_TCAGAGACGGTCAT_Hpoly.Day10_Goblet,B8,Goblet,Hpoly.Day10
B8_TCAGCAGAGAATAG_Hpoly.Day10_Goblet,B8,Goblet,Hpoly.Day10
B8_TCAGCGCTGCAAGG_Hpoly.Day10_Enterocyte.Progenitor,B8,Enterocyte.Progenitor,Hpoly.Day10
B8_TCAGGATGTCTCGC_Hpoly.Day10_Enterocyte.Progenitor,B8,Enterocyte.Progenitor,Hpoly.Day10
B8_TCAGGATGTGAACC_Hpoly.Day10_TA.Early,B8,TA.Early,Hpoly.Day10
B8_TCAGTACTTATGCG_Hpoly.Day10_Enterocyte.Progenitor,B8,Enterocyte.Progenitor,Hpoly.Day10
B8_TCAGTTACAGTCTG_Hpoly.Day10_TA,B8,TA,Hpoly.Day10
B8_TCAGTTACGTTCAG_Hpoly.Day10_Stem,B8,Stem,Hpoly.Day10
B8_TCATCATGGTTCAG_Hpoly.Day10_Enterocyte.Progenitor,B8,Enterocyte.Progenitor,Hpoly.Day10
B8_TCATCCCTCGTTAG_Hpoly.Day10_TA,B8,TA,Hpoly.Day10
B8_TCATTCGAGCCTTC_Hpoly.Day10_Stem,B8,Stem,Hpoly.Day10
B8_TCATTGACCTTTAC_Hpoly.Day10_Goblet,B8,Goblet,Hpoly.Day10
B8_TCCATAACGTCTAG_Hpoly.Day10_TA,B8,TA,Hpoly.Day10
B8_TCCATCCTGCATAC_Hpoly.Day10_Enterocyte.Progenitor,B8,Enterocyte.Progenitor,Hpoly.Day10
B8_TCCATCCTTGCCCT_Hpoly.Day10_Stem,B8,Stem,Hpoly.Day10
B8_TCCCTACTGCGTAT_Hpoly.Day10_TA.Early,B8,TA.Early,Hpoly.Day10
B8_TCCGAGCTCAGTCA_Hpoly.Day10_TA.Early,B8,TA.Early,Hpoly.Day10
B8_TCCTAAACCAGATC_Hpoly.Day10_Enterocyte.Progenitor,B8,Enterocyte.Progenitor,Hpoly.Day10
B8_TCCTAAACTACTTC_Hpoly.Day10_Goblet,B8,Goblet,Hpoly.Day10
B8_TCCTAATGATCTTC_Hpoly.Day10_TA,B8,TA,Hpoly.Day10
B8_TCCTAATGGTGAGG_Hpoly.Day10_Enterocyte.Progenitor,B8,Enterocyte.Progenitor,Hpoly.Day10
B8_TCCTATGACTGGAT_Hpoly.Day10_Enterocyte,B8,Enterocyte,Hpoly.Day10
B8_TCGAATCTAGCATC_Hpoly.Day10_Enterocyte.Progenitor,B8,Enterocyte.Progenitor,Hpoly.Day10
B8_TCGAATCTGGAGCA_Hpoly.Day10_Stem,B8,Stem,Hpoly.Day10
B8_TCGAATCTGGTTCA_Hpoly.Day10_Stem,B8,Stem,Hpoly.Day10
B8_TCGACCTGAGGCGA_Hpoly.Day10_TA.Early,B8,TA.Early,Hpoly.Day10
B8_TCGACCTGCGTGTA_Hpoly.Day10_Stem,B8,Stem,Hpoly.Day10
B8_TCGACGCTAGGTTC_Hpoly.Day10_Enterocyte.Progenitor,B8,Enterocyte.Progenitor,Hpoly.Day10
B8_TCGATACTAGAGAT_Hpoly.Day10_Enterocyte.Progenitor,B8,Enterocyte.Progenitor,Hpoly.Day10
B8_TCGATACTAGTGCT_Hpoly.Day10_Enterocyte.Progenitor,B8,Enterocyte.Progenitor,Hpoly.Day10
B8_TCGATACTCACTGA_Hpoly.Day10_Stem,B8,Stem,Hpoly.Day10
B8_TCGATACTGGGTGA_Hpoly.Day10_Goblet,B8,Goblet,Hpoly.Day10
B8_TCGATTTGCCATAG_Hpoly.Day10_Enterocyte.Progenitor,B8,Enterocyte.Progenitor,Hpoly.Day10
B8_TCGATTTGGGGACA_Hpoly.Day10_Goblet,B8,Goblet,Hpoly.Day10
B8_TCGCCATGTGAACC_Hpoly.Day10_TA,B8,TA,Hpoly.Day10
B8_TCGGTAGACGAATC_Hpoly.Day10_TA.Early,B8,TA.Early,Hpoly.Day10
B8_TCGGTAGATTCACT_Hpoly.Day10_Enterocyte.Progenitor,B8,Enterocyte.Progenitor,Hpoly.Day10
B8_TCGTAGGATCCTCG_Hpoly.Day10_TA.Early,B8,TA.Early,Hpoly.Day10
B8_TCGTGAGAACACCA_Hpoly.Day10_Enterocyte.Progenitor,B8,Enterocyte.Progenitor,Hpoly.Day10
B8_TCGTGAGAGTGAGG_Hpoly.Day10_Stem,B8,Stem,Hpoly.Day10
B8_TCGTGAGATCTTAC_Hpoly.Day10_Endocrine,B8,Endocrine,Hpoly.Day10
B8_TCGTTATGCGGTAT_Hpoly.Day10_Stem,B8,Stem,Hpoly.Day10
B8_TCGTTATGTCTACT_Hpoly.Day10_Stem,B8,Stem,Hpoly.Day10
B8_TCTAACACTTTACC_Hpoly.Day10_TA,B8,TA,Hpoly.Day10
B8_TCTAACTGCGGGAA_Hpoly.Day10_TA,B8,TA,Hpoly.Day10
B8_TCTAAGCTCTGAAC_Hpoly.Day10_Stem,B8,Stem,Hpoly.Day10
B8_TCTAGACTGGACAG_Hpoly.Day10_Tuft,B8,Tuft,Hpoly.Day10
B8_TCTAGTTGAGTGTC_Hpoly.Day10_Stem,B8,Stem,Hpoly.Day10
B8_TCTATGTGGCGTAT_Hpoly.Day10_Enterocyte,B8,Enterocyte,Hpoly.Day10
B8_TCTATGTGTACTGG_Hpoly.Day10_TA.Early,B8,TA.Early,Hpoly.Day10
B8_TCTCAAACAGGTCT_Hpoly.Day10_Endocrine,B8,Endocrine,Hpoly.Day10
B8_TCTCAAACCTCTTA_Hpoly.Day10_Enterocyte.Progenitor,B8,Enterocyte.Progenitor,Hpoly.Day10
B8_TCTCCACTGTCTGA_Hpoly.Day10_Stem,B8,Stem,Hpoly.Day10
B8_TCTCCACTGTTGCA_Hpoly.Day10_TA.Early,B8,TA.Early,Hpoly.Day10
B8_TCTCTAGAAAACAG_Hpoly.Day10_Enterocyte.Progenitor,B8,Enterocyte.Progenitor,Hpoly.Day10
B8_TCTTACGACGTACA_Hpoly.Day10_Enterocyte.Progenitor,B8,Enterocyte.Progenitor,Hpoly.Day10
B8_TCTTCAGACGTGTA_Hpoly.Day10_Enterocyte,B8,Enterocyte,Hpoly.Day10
B8_TCTTCAGAGGACGA_Hpoly.Day10_Stem,B8,Stem,Hpoly.Day10
B8_TGAAATTGTGATGC_Hpoly.Day10_Enterocyte.Progenitor,B8,Enterocyte.Progenitor,Hpoly.Day10
B8_TGAACCGACTATGG_Hpoly.Day10_TA.Early,B8,TA.Early,Hpoly.Day10
B8_TGAAGCACACTCAG_Hpoly.Day10_TA,B8,TA,Hpoly.Day10
B8_TGAATAACGGATCT_Hpoly.Day10_TA,B8,TA,Hpoly.Day10
B8_TGACACGAGGAAAT_Hpoly.Day10_Goblet,B8,Goblet,Hpoly.Day10
B8_TGACACGAGGGTGA_Hpoly.Day10_TA,B8,TA,Hpoly.Day10
B8_TGACACGAGTCATG_Hpoly.Day10_Goblet,B8,Goblet,Hpoly.Day10
B8_TGACACGATGTCTT_Hpoly.Day10_TA,B8,TA,Hpoly.Day10
B8_TGACCGCTATACCG_Hpoly.Day10_Goblet,B8,Goblet,Hpoly.Day10
B8_TGACCGCTCAACCA_Hpoly.Day10_TA,B8,TA,Hpoly.Day10
B8_TGACGAACACCAGT_Hpoly.Day10_TA.Early,B8,TA.Early,Hpoly.Day10
B8_TGACGAACGGGCAA_Hpoly.Day10_TA,B8,TA,Hpoly.Day10
B8_TGACTTACAAAGTG_Hpoly.Day10_TA,B8,TA,Hpoly.Day10
B8_TGACTTACATAAGG_Hpoly.Day10_TA,B8,TA,Hpoly.Day10
B8_TGACTTACGAATGA_Hpoly.Day10_TA,B8,TA,Hpoly.Day10
B8_TGACTTACTGCCAA_Hpoly.Day10_Stem,B8,Stem,Hpoly.Day10
B8_TGACTTTGAGATGA_Hpoly.Day10_Stem,B8,Stem,Hpoly.Day10
B8_TGACTTTGCTACGA_Hpoly.Day10_Enterocyte.Progenitor,B8,Enterocyte.Progenitor,Hpoly.Day10
B8_TGAGACACGGCGAA_Hpoly.Day10_Stem,B8,Stem,Hpoly.Day10
B8_TGAGGACTACGCAT_Hpoly.Day10_TA.Early,B8,TA.Early,Hpoly.Day10
B8_TGAGGACTCTGGAT_Hpoly.Day10_Stem,B8,Stem,Hpoly.Day10
B8_TGAGTCGAATCGAC_Hpoly.Day10_TA,B8,TA,Hpoly.Day10
B8_TGAGTCGATTATCC_Hpoly.Day10_TA.Early,B8,TA.Early,Hpoly.Day10
B8_TGAGTGACCAACCA_Hpoly.Day10_TA.Early,B8,TA.Early,Hpoly.Day10
B8_TGATATGACCAACA_Hpoly.Day10_TA.Early,B8,TA.Early,Hpoly.Day10
B8_TGATATGATCTCTA_Hpoly.Day10_Stem,B8,Stem,Hpoly.Day10
B8_TGATCACTGTACGT_Hpoly.Day10_TA,B8,TA,Hpoly.Day10
B8_TGATCACTTATCGG_Hpoly.Day10_Enterocyte.Progenitor,B8,Enterocyte.Progenitor,Hpoly.Day10
B8_TGATCACTTGGAGG_Hpoly.Day10_Goblet,B8,Goblet,Hpoly.Day10
B8_TGATCGGAGCGAGA_Hpoly.Day10_Stem,B8,Stem,Hpoly.Day10
B8_TGATTAGACATCAG_Hpoly.Day10_Tuft,B8,Tuft,Hpoly.Day10
B8_TGATTCACATCAGC_Hpoly.Day10_Enterocyte.Progenitor,B8,Enterocyte.Progenitor,Hpoly.Day10
B8_TGATTCACATGTGC_Hpoly.Day10_TA,B8,TA,Hpoly.Day10
B8_TGATTCACTGAGGG_Hpoly.Day10_Stem,B8,Stem,Hpoly.Day10
B8_TGATTCTGTCGTTT_Hpoly.Day10_Enterocyte.Progenitor,B8,Enterocyte.Progenitor,Hpoly.Day10
B8_TGATTCTGTGCGTA_Hpoly.Day10_TA,B8,TA,Hpoly.Day10
B8_TGCAAGACTGACCA_Hpoly.Day10_Tuft,B8,Tuft,Hpoly.Day10
B8_TGCAAGTGAAGGCG_Hpoly.Day10_TA,B8,TA,Hpoly.Day10
B8_TGCAAGTGTGAAGA_Hpoly.Day10_Enterocyte.Progenitor,B8,Enterocyte.Progenitor,Hpoly.Day10
B8_TGCACGCTACAGCT_Hpoly.Day10_TA,B8,TA,Hpoly.Day10
B8_TGCACGCTCTCTTA_Hpoly.Day10_Enterocyte.Progenitor,B8,Enterocyte.Progenitor,Hpoly.Day10
B8_TGCAGATGTCCGTC_Hpoly.Day10_Enterocyte.Progenitor,B8,Enterocyte.Progenitor,Hpoly.Day10
B8_TGCAGATGTTACCT_Hpoly.Day10_Endocrine,B8,Endocrine,Hpoly.Day10
B8_TGCATGGACCGCTT_Hpoly.Day10_TA.Early,B8,TA.Early,Hpoly.Day10
B8_TGCATGGATGCAAC_Hpoly.Day10_Enterocyte.Progenitor,B8,Enterocyte.Progenitor,Hpoly.Day10
B8_TGCCAAGACCAATG_Hpoly.Day10_TA.Early,B8,TA.Early,Hpoly.Day10
B8_TGCCACTGCATGAC_Hpoly.Day10_Enterocyte.Progenitor,B8,Enterocyte.Progenitor,Hpoly.Day10
B8_TGCCACTGCGGGAA_Hpoly.Day10_Stem,B8,Stem,Hpoly.Day10
B8_TGCCACTGGGGACA_Hpoly.Day10_Stem,B8,Stem,Hpoly.Day10
B8_TGCCACTGTTACTC_Hpoly.Day10_TA,B8,TA,Hpoly.Day10
B8_TGCCAGCTCTAGTG_Hpoly.Day10_Tuft,B8,Tuft,Hpoly.Day10
B8_TGCCCAACAGGCGA_Hpoly.Day10_TA.Early,B8,TA.Early,Hpoly.Day10
B8_TGCCGACTCATGGT_Hpoly.Day10_Stem,B8,Stem,Hpoly.Day10
B8_TGCGATGATTTGTC_Hpoly.Day10_Goblet,B8,Goblet,Hpoly.Day10
B8_TGCGCACTGACGTT_Hpoly.Day10_TA,B8,TA,Hpoly.Day10
B8_TGCGTAGACCTCAC_Hpoly.Day10_Enterocyte.Progenitor,B8,Enterocyte.Progenitor,Hpoly.Day10
B8_TGCGTAGACGACAT_Hpoly.Day10_Tuft,B8,Tuft,Hpoly.Day10
B8_TGCGTAGACTACGA_Hpoly.Day10_Enterocyte.Progenitor,B8,Enterocyte.Progenitor,Hpoly.Day10
B8_TGCGTAGATGTCTT_Hpoly.Day10_Stem,B8,Stem,Hpoly.Day10
B8_TGCTAGGATGCATG_Hpoly.Day10_Stem,B8,Stem,Hpoly.Day10
B8_TGCTATACGAAGGC_Hpoly.Day10_Stem,B8,Stem,Hpoly.Day10
B8_TGCTTAACTCACGA_Hpoly.Day10_TA,B8,TA,Hpoly.Day10
B8_TGGAAAGACTTGTT_Hpoly.Day10_Enterocyte.Progenitor,B8,Enterocyte.Progenitor,Hpoly.Day10
B8_TGGAACTGAGACTC_Hpoly.Day10_Enterocyte.Progenitor,B8,Enterocyte.Progenitor,Hpoly.Day10
B8_TGGAACTGGCTCCT_Hpoly.Day10_Stem,B8,Stem,Hpoly.Day10
B8_TGGACCCTGCCCTT_Hpoly.Day10_Enterocyte.Progenitor,B8,Enterocyte.Progenitor,Hpoly.Day10
B8_TGGACTGATGGTGT_Hpoly.Day10_Stem,B8,Stem,Hpoly.Day10
B8_TGGAGACTTCCTTA_Hpoly.Day10_Stem,B8,Stem,Hpoly.Day10
B8_TGGAGACTTGACAC_Hpoly.Day10_Stem,B8,Stem,Hpoly.Day10
B8_TGGAGACTTGTAGC_Hpoly.Day10_TA,B8,TA,Hpoly.Day10
B8_TGGAGGGAAAAGCA_Hpoly.Day10_Enterocyte.Progenitor,B8,Enterocyte.Progenitor,Hpoly.Day10
B8_TGGATCGACGTTGA_Hpoly.Day10_Enterocyte.Progenitor,B8,Enterocyte.Progenitor,Hpoly.Day10
B8_TGGATGACCGTAAC_Hpoly.Day10_TA.Early,B8,TA.Early,Hpoly.Day10
B8_TGGATGTGTATTCC_Hpoly.Day10_Enterocyte.Progenitor,B8,Enterocyte.Progenitor,Hpoly.Day10
B8_TGGCAATGGGATTC_Hpoly.Day10_Enterocyte.Progenitor,B8,Enterocyte.Progenitor,Hpoly.Day10
B8_TGGCAATGTAGCGT_Hpoly.Day10_TA,B8,TA,Hpoly.Day10
B8_TGGCAATGTCCTCG_Hpoly.Day10_TA.Early,B8,TA.Early,Hpoly.Day10
B8_TGGCAATGTTGTGG_Hpoly.Day10_TA,B8,TA,Hpoly.Day10
B8_TGGCACCTAGCCAT_Hpoly.Day10_Goblet,B8,Goblet,Hpoly.Day10
B8_TGGCACCTCTATGG_Hpoly.Day10_Stem,B8,Stem,Hpoly.Day10
B8_TGGGTATGTCTCAT_Hpoly.Day10_TA,B8,TA,Hpoly.Day10
B8_TGGTAGACCAGTCA_Hpoly.Day10_Stem,B8,Stem,Hpoly.Day10
B8_TGTAAAACCTCAGA_Hpoly.Day10_TA.Early,B8,TA.Early,Hpoly.Day10
B8_TGTAACCTAACAGA_Hpoly.Day10_Enterocyte.Progenitor,B8,Enterocyte.Progenitor,Hpoly.Day10
B8_TGTAACCTAGAACA_Hpoly.Day10_Enterocyte.Progenitor,B8,Enterocyte.Progenitor,Hpoly.Day10
B8_TGTAATGAGTCGTA_Hpoly.Day10_TA,B8,TA,Hpoly.Day10
B8_TGTACTTGACCAGT_Hpoly.Day10_Stem,B8,Stem,Hpoly.Day10
B8_TGTAGGTGCGACAT_Hpoly.Day10_Enterocyte.Progenitor,B8,Enterocyte.Progenitor,Hpoly.Day10
B8_TGTAGGTGTCAGTG_Hpoly.Day10_Enterocyte.Progenitor,B8,Enterocyte.Progenitor,Hpoly.Day10
B8_TGTAGTCTACAGTC_Hpoly.Day10_Goblet,B8,Goblet,Hpoly.Day10
B8_TGTAGTCTAGTACC_Hpoly.Day10_Enterocyte.Progenitor,B8,Enterocyte.Progenitor,Hpoly.Day10
B8_TGTAGTCTTCGATG_Hpoly.Day10_Enterocyte.Progenitor,B8,Enterocyte.Progenitor,Hpoly.Day10
B8_TGTCAGGAAAACAG_Hpoly.Day10_Enterocyte.Progenitor,B8,Enterocyte.Progenitor,Hpoly.Day10
B8_TGTCAGGAGTCCTC_Hpoly.Day10_Tuft,B8,Tuft,Hpoly.Day10
B8_TGTGACGAAACCGT_Hpoly.Day10_TA,B8,TA,Hpoly.Day10
B8_TGTGATCTAAAAGC_Hpoly.Day10_TA.Early,B8,TA.Early,Hpoly.Day10
B8_TGTGATCTGAACCT_Hpoly.Day10_TA,B8,TA,Hpoly.Day10
B8_TGTGATCTGAGAGC_Hpoly.Day10_Enterocyte.Progenitor,B8,Enterocyte.Progenitor,Hpoly.Day10
B8_TGTTACACAACCTG_Hpoly.Day10_Stem,B8,Stem,Hpoly.Day10
B8_TTACAGCTGCAGTT_Hpoly.Day10_TA.Early,B8,TA.Early,Hpoly.Day10
B8_TTACCATGGCCATA_Hpoly.Day10_Stem,B8,Stem,Hpoly.Day10
B8_TTACTCGACAGATC_Hpoly.Day10_Stem,B8,Stem,Hpoly.Day10
B8_TTACTCGATCCAGA_Hpoly.Day10_TA,B8,TA,Hpoly.Day10
B8_TTAGACCTCCTTCG_Hpoly.Day10_Enterocyte.Progenitor,B8,Enterocyte.Progenitor,Hpoly.Day10
B8_TTAGACCTCGTACA_Hpoly.Day10_TA,B8,TA,Hpoly.Day10
B8_TTAGCTACTTGCAG_Hpoly.Day10_Goblet,B8,Goblet,Hpoly.Day10
B8_TTAGGTCTTGGTCA_Hpoly.Day10_Goblet,B8,Goblet,Hpoly.Day10
B8_TTAGTCACTGGATC_Hpoly.Day10_Enterocyte.Progenitor,B8,Enterocyte.Progenitor,Hpoly.Day10
B8_TTATCCGAATACCG_Hpoly.Day10_TA.Early,B8,TA.Early,Hpoly.Day10
B8_TTATCCGATCTATC_Hpoly.Day10_Enterocyte.Progenitor,B8,Enterocyte.Progenitor,Hpoly.Day10
B8_TTATGAGACTGGTA_Hpoly.Day10_TA.Early,B8,TA.Early,Hpoly.Day10
B8_TTATGAGATTTCAC_Hpoly.Day10_Goblet,B8,Goblet,Hpoly.Day10
B8_TTATGCACTAGAGA_Hpoly.Day10_Stem,B8,Stem,Hpoly.Day10
B8_TTCAAAGACGCTAA_Hpoly.Day10_Enterocyte.Progenitor,B8,Enterocyte.Progenitor,Hpoly.Day10
B8_TTCAACACAACAGA_Hpoly.Day10_Goblet,B8,Goblet,Hpoly.Day10
B8_TTCAACACGAGGAC_Hpoly.Day10_Stem,B8,Stem,Hpoly.Day10
B8_TTCAAGCTAAAACG_Hpoly.Day10_TA,B8,TA,Hpoly.Day10
B8_TTCAAGCTTGGTTG_Hpoly.Day10_Stem,B8,Stem,Hpoly.Day10
B8_TTCACAACTGAGGG_Hpoly.Day10_Enterocyte.Progenitor,B8,Enterocyte.Progenitor,Hpoly.Day10
B8_TTCAGTACAGGCGA_Hpoly.Day10_Endocrine,B8,Endocrine,Hpoly.Day10
B8_TTCAGTACCAATCG_Hpoly.Day10_TA.Early,B8,TA.Early,Hpoly.Day10
B8_TTCATGACGGGCAA_Hpoly.Day10_Goblet,B8,Goblet,Hpoly.Day10
B8_TTCATGTGCGAATC_Hpoly.Day10_Goblet,B8,Goblet,Hpoly.Day10
B8_TTCATGTGTGGTGT_Hpoly.Day10_Stem,B8,Stem,Hpoly.Day10
B8_TTCATGTGTTCGTT_Hpoly.Day10_Stem,B8,Stem,Hpoly.Day10
B8_TTCATTCTTCCGTC_Hpoly.Day10_Tuft,B8,Tuft,Hpoly.Day10
B8_TTCATTCTTGTTCT_Hpoly.Day10_Enterocyte.Progenitor,B8,Enterocyte.Progenitor,Hpoly.Day10
B8_TTCCTAGAGTTCAG_Hpoly.Day10_Goblet,B8,Goblet,Hpoly.Day10
B8_TTCGATTGAGATGA_Hpoly.Day10_Enterocyte.Progenitor,B8,Enterocyte.Progenitor,Hpoly.Day10
B8_TTCGATTGCTAGCA_Hpoly.Day10_Enterocyte.Progenitor,B8,Enterocyte.Progenitor,Hpoly.Day10
B8_TTCGATTGGGTATC_Hpoly.Day10_Enterocyte.Progenitor,B8,Enterocyte.Progenitor,Hpoly.Day10
B8_TTCGTATGCTTATC_Hpoly.Day10_Goblet,B8,Goblet,Hpoly.Day10
B8_TTCTACGACCTCCA_Hpoly.Day10_TA.Early,B8,TA.Early,Hpoly.Day10
B8_TTCTACGAGTTCTT_Hpoly.Day10_Enterocyte,B8,Enterocyte,Hpoly.Day10
B8_TTCTACGATGTGGT_Hpoly.Day10_Goblet,B8,Goblet,Hpoly.Day10
B8_TTCTCAGAATCGGT_Hpoly.Day10_Tuft,B8,Tuft,Hpoly.Day10
B8_TTCTGATGAGTACC_Hpoly.Day10_TA.Early,B8,TA.Early,Hpoly.Day10
B8_TTCTGATGGTGCTA_Hpoly.Day10_Goblet,B8,Goblet,Hpoly.Day10
B8_TTCTGATGTCGCTC_Hpoly.Day10_Tuft,B8,Tuft,Hpoly.Day10
B8_TTCTTACTGCGTAT_Hpoly.Day10_Stem,B8,Stem,Hpoly.Day10
B8_TTGAATGATAACGC_Hpoly.Day10_Stem,B8,Stem,Hpoly.Day10
B8_TTGACACTTACTCT_Hpoly.Day10_Enterocyte.Progenitor,B8,Enterocyte.Progenitor,Hpoly.Day10
B8_TTGAGGACAAGCAA_Hpoly.Day10_TA.Early,B8,TA.Early,Hpoly.Day10
B8_TTGAGGACAGCGGA_Hpoly.Day10_TA,B8,TA,Hpoly.Day10
B8_TTGATCTGTCGTAG_Hpoly.Day10_TA.Early,B8,TA.Early,Hpoly.Day10
B8_TTGCTAACACTAGC_Hpoly.Day10_Stem,B8,Stem,Hpoly.Day10
B8_TTGGAGTGAGTCGT_Hpoly.Day10_Enterocyte,B8,Enterocyte,Hpoly.Day10
B8_TTGGGAACGGGCAA_Hpoly.Day10_Enterocyte,B8,Enterocyte,Hpoly.Day10
B8_TTGGTACTTGATGC_Hpoly.Day10_Stem,B8,Stem,Hpoly.Day10
B8_TTGTACACTGACTG_Hpoly.Day10_TA.Early,B8,TA.Early,Hpoly.Day10
B8_TTGTCATGGGTTTG_Hpoly.Day10_Enterocyte.Progenitor,B8,Enterocyte.Progenitor,Hpoly.Day10
B8_TTGTCATGTGCGTA_Hpoly.Day10_TA,B8,TA,Hpoly.Day10
B8_TTTAGAGAGTGTAC_Hpoly.Day10_TA.Early,B8,TA.Early,Hpoly.Day10
B8_TTTAGCTGTCCCAC_Hpoly.Day10_TA,B8,TA,Hpoly.Day10
B8_TTTAGGCTAAGATG_Hpoly.Day10_Stem,B8,Stem,Hpoly.Day10
B8_TTTAGGCTTGACAC_Hpoly.Day10_Enterocyte,B8,Enterocyte,Hpoly.Day10
B8_TTTATCCTTAGAAG_Hpoly.Day10_Enterocyte.Progenitor,B8,Enterocyte.Progenitor,Hpoly.Day10
B8_TTTCACGACCAACA_Hpoly.Day10_Stem,B8,Stem,Hpoly.Day10
B8_TTTCACGAGCCTTC_Hpoly.Day10_Goblet,B8,Goblet,Hpoly.Day10
B8_TTTCAGTGCATGGT_Hpoly.Day10_Enterocyte.Progenitor,B8,Enterocyte.Progenitor,Hpoly.Day10
B8_TTTCAGTGTATCTC_Hpoly.Day10_Tuft,B8,Tuft,Hpoly.Day10
B8_TTTCCAGATCGTAG_Hpoly.Day10_Enterocyte.Progenitor,B8,Enterocyte.Progenitor,Hpoly.Day10
B8_TTTCGAACCCACCT_Hpoly.Day10_Enterocyte.Progenitor,B8,Enterocyte.Progenitor,Hpoly.Day10
B8_TTTCTACTAGTCAC_Hpoly.Day10_Goblet,B8,Goblet,Hpoly.Day10
B8_TTTCTACTGGAAAT_Hpoly.Day10_Enterocyte.Progenitor,B8,Enterocyte.Progenitor,Hpoly.Day10
B8_TTTGACTGCCTCAC_Hpoly.Day10_Enterocyte.Progenitor,B8,Enterocyte.Progenitor,Hpoly.Day10
B8_TTTGACTGGATGAA_Hpoly.Day10_Enterocyte.Progenitor,B8,Enterocyte.Progenitor,Hpoly.Day10
B8_TTTGACTGGGACAG_Hpoly.Day10_Goblet,B8,Goblet,Hpoly.Day10
B8_TTTGCATGCTCTTA_Hpoly.Day10_Enterocyte.Progenitor,B8,Enterocyte.Progenitor,Hpoly.Day10
B8_TTTGCATGGACAGG_Hpoly.Day10_TA,B8,TA,Hpoly.Day10
B8_TTTGCATGGAGGCA_Hpoly.Day10_TA.Early,B8,TA.Early,Hpoly.Day10
B9_AAACATACGAACTC_Salmonella_Enterocyte.Progenitor,B9,Enterocyte.Progenitor,Salmonella
B9_AAACCGTGTATCGG_Salmonella_Stem,B9,Stem,Salmonella
B9_AAACGCACGTGTTG_Salmonella_Enterocyte,B9,Enterocyte,Salmonella
B9_AAACGCACTATGGC_Salmonella_Enterocyte.Progenitor,B9,Enterocyte.Progenitor,Salmonella
B9_AAACGCTGCTCTAT_Salmonella_Goblet,B9,Goblet,Salmonella
B9_AAACGCTGGACTAC_Salmonella_TA.Early,B9,TA.Early,Salmonella
B9_AAACGGCTCCTATT_Salmonella_Enterocyte,B9,Enterocyte,Salmonella
B9_AAAGAGACTGTGGT_Salmonella_Goblet,B9,Goblet,Salmonella
B9_AAAGCAGAATGCCA_Salmonella_Goblet,B9,Goblet,Salmonella
B9_AAAGCAGACCATGA_Salmonella_Enterocyte,B9,Enterocyte,Salmonella
B9_AAATACTGTGCTTT_Salmonella_Endocrine,B9,Endocrine,Salmonella
B9_AAATACTGTTCTAC_Salmonella_Enterocyte,B9,Enterocyte,Salmonella
B9_AAATCTGACCTATT_Salmonella_Enterocyte,B9,Enterocyte,Salmonella
B9_AAATTCGACACTGA_Salmonella_TA,B9,TA,Salmonella
B9_AACAAACTCATTTC_Salmonella_Goblet,B9,Goblet,Salmonella
B9_AACAAACTGTCTGA_Salmonella_TA.Early,B9,TA.Early,Salmonella
B9_AACAGAGACTTGTT_Salmonella_Stem,B9,Stem,Salmonella
B9_AACAGCACTTGCAG_Salmonella_TA.Early,B9,TA.Early,Salmonella
B9_AACATATGAGCCAT_Salmonella_Enterocyte.Progenitor,B9,Enterocyte.Progenitor,Salmonella
B9_AACCAGTGAATGCC_Salmonella_TA,B9,TA,Salmonella
B9_AACCAGTGCAAGCT_Salmonella_Enterocyte,B9,Enterocyte,Salmonella
B9_AACCTTACACGCTA_Salmonella_Enterocyte,B9,Enterocyte,Salmonella
B9_AACCTTACGATGAA_Salmonella_Enterocyte,B9,Enterocyte,Salmonella
B9_AACGTGTGCTTAGG_Salmonella_Enterocyte.Progenitor,B9,Enterocyte.Progenitor,Salmonella
B9_AACGTTCTGTTCGA_Salmonella_Enterocyte.Progenitor,B9,Enterocyte.Progenitor,Salmonella
B9_AACGTTCTTACTGG_Salmonella_TA.Early,B9,TA.Early,Salmonella
B9_AACTCACTGTTCGA_Salmonella_Endocrine,B9,Endocrine,Salmonella
B9_AACTCTTGTAGTCG_Salmonella_Enterocyte,B9,Enterocyte,Salmonella
B9_AAGACAGATGTTTC_Salmonella_Enterocyte.Progenitor,B9,Enterocyte.Progenitor,Salmonella
B9_AAGATGGATGTTTC_Salmonella_Enterocyte,B9,Enterocyte,Salmonella
B9_AAGCCATGACGCTA_Salmonella_Enterocyte,B9,Enterocyte,Salmonella
B9_AAGCCATGGTGTAC_Salmonella_Enterocyte.Progenitor,B9,Enterocyte.Progenitor,Salmonella
B9_AAGCCATGTTCAGG_Salmonella_Enterocyte,B9,Enterocyte,Salmonella
B9_AAGGTCTGATTGGC_Salmonella_Stem,B9,Stem,Salmonella
B9_AAGGTCTGCTATGG_Salmonella_Enterocyte,B9,Enterocyte,Salmonella
B9_AAGTAACTAGGTCT_Salmonella_Enterocyte,B9,Enterocyte,Salmonella
B9_AAGTGGCTAGTGCT_Salmonella_Enterocyte,B9,Enterocyte,Salmonella
B9_AAGTGGCTTGCTAG_Salmonella_Enterocyte,B9,Enterocyte,Salmonella
B9_AATAAGCTTTCATC_Salmonella_Stem,B9,Stem,Salmonella
B9_AATAAGCTTTTGTC_Salmonella_TA.Early,B9,TA.Early,Salmonella
B9_AATAGGGACTGTCC_Salmonella_Enterocyte,B9,Enterocyte,Salmonella
B9_AATAGGGATTCACT_Salmonella_Enterocyte,B9,Enterocyte,Salmonella
B9_AATATCGAGGTTTG_Salmonella_Enterocyte,B9,Enterocyte,Salmonella
B9_AATATCGATCCTGC_Salmonella_Enterocyte.Progenitor,B9,Enterocyte.Progenitor,Salmonella
B9_AATCAAACGGATTC_Salmonella_Enterocyte,B9,Enterocyte,Salmonella
B9_AATCCGGACTCTAT_Salmonella_Enterocyte,B9,Enterocyte,Salmonella
B9_AATCCGGATGAACC_Salmonella_Enterocyte,B9,Enterocyte,Salmonella
B9_AATCTAGACATGCA_Salmonella_Stem,B9,Stem,Salmonella
B9_AATCTCTGGTACGT_Salmonella_Enterocyte,B9,Enterocyte,Salmonella
B9_AATGCGTGGCGTTA_Salmonella_Enterocyte,B9,Enterocyte,Salmonella
B9_AATGCGTGTAGCGT_Salmonella_Stem,B9,Stem,Salmonella
B9_AATGTAACGACGAG_Salmonella_TA.Early,B9,TA.Early,Salmonella
B9_AATGTTGAAGCGGA_Salmonella_Enterocyte,B9,Enterocyte,Salmonella
B9_AATGTTGAGACAGG_Salmonella_TA.Early,B9,TA.Early,Salmonella
B9_AATTCCTGTAGACC_Salmonella_Stem,B9,Stem,Salmonella
B9_AATTGTGACAAGCT_Salmonella_Enterocyte,B9,Enterocyte,Salmonella
B9_ACAAGAGACGTCTC_Salmonella_Enterocyte,B9,Enterocyte,Salmonella
B9_ACAAGCACGGATCT_Salmonella_Enterocyte,B9,Enterocyte,Salmonella
B9_ACAATTGAGAGGTG_Salmonella_Enterocyte,B9,Enterocyte,Salmonella
B9_ACACGTGAAGCACT_Salmonella_Enterocyte,B9,Enterocyte,Salmonella
B9_ACACGTGACTCGCT_Salmonella_Enterocyte,B9,Enterocyte,Salmonella
B9_ACAGTGTGGGGATG_Salmonella_Enterocyte.Progenitor,B9,Enterocyte.Progenitor,Salmonella
B9_ACAGTTCTTGTAGC_Salmonella_Enterocyte,B9,Enterocyte,Salmonella
B9_ACATCACTGGTCTA_Salmonella_Enterocyte,B9,Enterocyte,Salmonella
B9_ACATTCTGACACGT_Salmonella_Enterocyte.Progenitor,B9,Enterocyte.Progenitor,Salmonella
B9_ACCAACGAATCGTG_Salmonella_Stem,B9,Stem,Salmonella
B9_ACCACCTGAGTACC_Salmonella_Stem,B9,Stem,Salmonella
B9_ACCACCTGTTCTCA_Salmonella_Enterocyte,B9,Enterocyte,Salmonella
B9_ACCAGCCTTTGCAG_Salmonella_Goblet,B9,Goblet,Salmonella
B9_ACCAGTGATCTAGG_Salmonella_Endocrine,B9,Endocrine,Salmonella
B9_ACCATTTGTGGAGG_Salmonella_Enterocyte.Progenitor,B9,Enterocyte.Progenitor,Salmonella
B9_ACCCGTACCCTCAC_Salmonella_Enterocyte,B9,Enterocyte,Salmonella
B9_ACCCGTACCTACGA_Salmonella_Enterocyte,B9,Enterocyte,Salmonella
B9_ACCCGTTGAACGTC_Salmonella_Enterocyte,B9,Enterocyte,Salmonella
B9_ACCCTCGATCCAAG_Salmonella_Enterocyte,B9,Enterocyte,Salmonella
B9_ACCGCGGAGATGAA_Salmonella_Stem,B9,Stem,Salmonella
B9_ACCGTGCTATGCTG_Salmonella_TA.Early,B9,TA.Early,Salmonella
B9_ACCTATTGGGAGCA_Salmonella_Enterocyte.Progenitor,B9,Enterocyte.Progenitor,Salmonella
B9_ACCTATTGTTGCTT_Salmonella_TA.Early,B9,TA.Early,Salmonella
B9_ACCTCCGAGCTTCC_Salmonella_Stem,B9,Stem,Salmonella
B9_ACCTCGTGCTCTAT_Salmonella_TA.Early,B9,TA.Early,Salmonella
B9_ACCTGGCTTTTGGG_Salmonella_TA.Early,B9,TA.Early,Salmonella
B9_ACGACAACCACACA_Salmonella_Goblet,B9,Goblet,Salmonella
B9_ACGACCCTTATCTC_Salmonella_Enterocyte,B9,Enterocyte,Salmonella
B9_ACGATCGACAGGAG_Salmonella_Enterocyte,B9,Enterocyte,Salmonella
B9_ACGATGACTGTTCT_Salmonella_Enterocyte,B9,Enterocyte,Salmonella
B9_ACGATTCTTGGTTG_Salmonella_Goblet,B9,Goblet,Salmonella
B9_ACGCACCTCGGAGA_Salmonella_Stem,B9,Stem,Salmonella
B9_ACGCCTTGCAACCA_Salmonella_Enterocyte.Progenitor,B9,Enterocyte.Progenitor,Salmonella
B9_ACGCGGTGAGTTCG_Salmonella_Stem,B9,Stem,Salmonella
B9_ACGCGGTGGCATCA_Salmonella_Enterocyte,B9,Enterocyte,Salmonella
B9_ACGCGGTGGCTAAC_Salmonella_TA,B9,TA,Salmonella
B9_ACGCTCACAGGTCT_Salmonella_Endocrine,B9,Endocrine,Salmonella
B9_ACGCTGCTAGTACC_Salmonella_TA.Early,B9,TA.Early,Salmonella
B9_ACGCTGCTGTTTGG_Salmonella_TA.Early,B9,TA.Early,Salmonella
B9_ACGCTGCTTTCCGC_Salmonella_Enterocyte,B9,Enterocyte,Salmonella
B9_ACGGAGGAGGCAAG_Salmonella_TA.Early,B9,TA.Early,Salmonella
B9_ACGGCGTGAGTTCG_Salmonella_Enterocyte,B9,Enterocyte,Salmonella
B9_ACGGCGTGGAGGTG_Salmonella_Endocrine,B9,Endocrine,Salmonella
B9_ACGGCGTGTACTGG_Salmonella_Enterocyte,B9,Enterocyte,Salmonella
B9_ACGGCGTGTTGAGC_Salmonella_Goblet,B9,Goblet,Salmonella
B9_ACGGCTCTGTATGC_Salmonella_TA.Early,B9,TA.Early,Salmonella
B9_ACGGTATGTTACTC_Salmonella_Enterocyte,B9,Enterocyte,Salmonella
B9_ACGGTCCTACGGGA_Salmonella_Enterocyte.Progenitor,B9,Enterocyte.Progenitor,Salmonella
B9_ACGGTCCTCTCATT_Salmonella_Endocrine,B9,Endocrine,Salmonella
B9_ACGGTCCTTTCCCG_Salmonella_Enterocyte,B9,Enterocyte,Salmonella
B9_ACGTAGACATCTCT_Salmonella_Enterocyte,B9,Enterocyte,Salmonella
B9_ACGTCCTGAATCGC_Salmonella_Enterocyte,B9,Enterocyte,Salmonella
B9_ACGTCCTGCAACTG_Salmonella_TA.Early,B9,TA.Early,Salmonella
B9_ACGTCCTGTTATCC_Salmonella_Enterocyte,B9,Enterocyte,Salmonella
B9_ACGTGCCTAAAGCA_Salmonella_Enterocyte.Progenitor,B9,Enterocyte.Progenitor,Salmonella
B9_ACGTGCCTGTTCGA_Salmonella_Enterocyte,B9,Enterocyte,Salmonella
B9_ACGTTACTCCTATT_Salmonella_Tuft,B9,Tuft,Salmonella
B9_ACGTTGGAGTTGTG_Salmonella_Enterocyte,B9,Enterocyte,Salmonella
B9_ACTAAAACCTGAGT_Salmonella_Enterocyte,B9,Enterocyte,Salmonella
B9_ACTACTACTGCACA_Salmonella_TA,B9,TA,Salmonella
B9_ACTCAGGAATCACG_Salmonella_Endocrine,B9,Endocrine,Salmonella
B9_ACTCCCGAGGATCT_Salmonella_Stem,B9,Stem,Salmonella
B9_ACTCCCGATCTGGA_Salmonella_Enterocyte,B9,Enterocyte,Salmonella
B9_ACTCTATGGAAGGC_Salmonella_Enterocyte.Progenitor,B9,Enterocyte.Progenitor,Salmonella
B9_ACTGAGACATCGGT_Salmonella_Stem,B9,Stem,Salmonella
B9_ACTGCCACACACAC_Salmonella_TA.Early,B9,TA.Early,Salmonella
B9_ACTGGCCTCAAGCT_Salmonella_Enterocyte.Progenitor,B9,Enterocyte.Progenitor,Salmonella
B9_ACTTAAGAGTAAAG_Salmonella_TA.Early,B9,TA.Early,Salmonella
B9_ACTTAAGATTCGGA_Salmonella_Enterocyte.Progenitor,B9,Enterocyte.Progenitor,Salmonella
B9_ACTTAGCTACACCA_Salmonella_Enterocyte.Progenitor,B9,Enterocyte.Progenitor,Salmonella
B9_ACTTAGCTCAAGCT_Salmonella_Enterocyte,B9,Enterocyte,Salmonella
B9_ACTTCAACCCGATA_Salmonella_Enterocyte.Progenitor,B9,Enterocyte.Progenitor,Salmonella
B9_ACTTCAACTGGAGG_Salmonella_Enterocyte.Progenitor,B9,Enterocyte.Progenitor,Salmonella
B9_ACTTGGGATGCCAA_Salmonella_Enterocyte.Progenitor,B9,Enterocyte.Progenitor,Salmonella
B9_AGAAAGTGGCTAAC_Salmonella_Enterocyte,B9,Enterocyte,Salmonella
B9_AGAACAGAGGAACG_Salmonella_Enterocyte,B9,Enterocyte,Salmonella
B9_AGAACAGATTGCGA_Salmonella_Endocrine,B9,Endocrine,Salmonella
B9_AGACCTGACCCTTG_Salmonella_Stem,B9,Stem,Salmonella
B9_AGACCTGAGGTAGG_Salmonella_Enterocyte,B9,Enterocyte,Salmonella
B9_AGACTGACATAAGG_Salmonella_TA.Early,B9,TA.Early,Salmonella
B9_AGACTTCTCTACGA_Salmonella_Enterocyte,B9,Enterocyte,Salmonella
B9_AGAGCGGACTGGTA_Salmonella_Enterocyte.Progenitor,B9,Enterocyte.Progenitor,Salmonella
B9_AGAGTGCTCTAGTG_Salmonella_Enterocyte.Progenitor,B9,Enterocyte.Progenitor,Salmonella
B9_AGATATACAGGTTC_Salmonella_Enterocyte,B9,Enterocyte,Salmonella
B9_AGATCGTGTACGAC_Salmonella_Stem,B9,Stem,Salmonella
B9_AGATCGTGTCTATC_Salmonella_Enterocyte,B9,Enterocyte,Salmonella
B9_AGATTAACTCGTAG_Salmonella_Enterocyte,B9,Enterocyte,Salmonella
B9_AGCATCGACCATGA_Salmonella_TA.Early,B9,TA.Early,Salmonella
B9_AGCATGACGGTGTT_Salmonella_TA.Early,B9,TA.Early,Salmonella
B9_AGCCACCTTAAAGG_Salmonella_TA.Early,B9,TA.Early,Salmonella
B9_AGCGGCTGGGACTT_Salmonella_Goblet,B9,Goblet,Salmonella
B9_AGCGGGCTCCTAAG_Salmonella_Stem,B9,Stem,Salmonella
B9_AGCTGAACTGCCTC_Salmonella_Goblet,B9,Goblet,Salmonella
B9_AGCTGCCTCCACCT_Salmonella_Stem,B9,Stem,Salmonella
B9_AGCTGTGAGCTCCT_Salmonella_Enterocyte.Progenitor,B9,Enterocyte.Progenitor,Salmonella
B9_AGCTTTACTGACTG_Salmonella_Goblet,B9,Goblet,Salmonella
B9_AGGAATGATGTGGT_Salmonella_Enterocyte,B9,Enterocyte,Salmonella
B9_AGGACTTGGAGGGT_Salmonella_Enterocyte,B9,Enterocyte,Salmonella
B9_AGGAGTCTCATTTC_Salmonella_Enterocyte,B9,Enterocyte,Salmonella
B9_AGGCAGGAGACGAG_Salmonella_Enterocyte.Progenitor,B9,Enterocyte.Progenitor,Salmonella
B9_AGGCTAACGGTCTA_Salmonella_Endocrine,B9,Endocrine,Salmonella
B9_AGGGCCTGACGTGT_Salmonella_Stem,B9,Stem,Salmonella
B9_AGGGTGGACAAGCT_Salmonella_Enterocyte,B9,Enterocyte,Salmonella
B9_AGGGTTTGAACAGA_Salmonella_Enterocyte,B9,Enterocyte,Salmonella
B9_AGGGTTTGGTTGAC_Salmonella_TA.Early,B9,TA.Early,Salmonella
B9_AGGTCTGACGCTAA_Salmonella_Stem,B9,Stem,Salmonella
B9_AGGTTGTGAGCCTA_Salmonella_TA.Early,B9,TA.Early,Salmonella
B9_AGTAATACCTTCCG_Salmonella_TA,B9,TA,Salmonella
B9_AGTACTCTAAGAAC_Salmonella_Enterocyte,B9,Enterocyte,Salmonella
B9_AGTAGAGAACCTAG_Salmonella_Enterocyte.Progenitor,B9,Enterocyte.Progenitor,Salmonella
B9_AGTAGGCTCATTTC_Salmonella_Enterocyte,B9,Enterocyte,Salmonella
B9_AGTAGGCTGCTACA_Salmonella_Enterocyte.Progenitor,B9,Enterocyte.Progenitor,Salmonella
B9_AGTAGGCTTGGAAA_Salmonella_Enterocyte,B9,Enterocyte,Salmonella
B9_AGTATAACAGGTTC_Salmonella_Enterocyte,B9,Enterocyte,Salmonella
B9_AGTATCCTGACAGG_Salmonella_Goblet,B9,Goblet,Salmonella
B9_AGTCAGACACACAC_Salmonella_Enterocyte,B9,Enterocyte,Salmonella
B9_AGTCAGACTATCGG_Salmonella_Enterocyte,B9,Enterocyte,Salmonella
B9_AGTCTACTTCTCGC_Salmonella_Endocrine,B9,Endocrine,Salmonella
B9_AGTCTTACTGGATC_Salmonella_Enterocyte,B9,Enterocyte,Salmonella
B9_AGTGCAACACCAAC_Salmonella_Stem,B9,Stem,Salmonella
B9_AGTGTGACCAGATC_Salmonella_Enterocyte,B9,Enterocyte,Salmonella
B9_AGTTAAACTTTGCT_Salmonella_Goblet,B9,Goblet,Salmonella
B9_AGTTATGATCGACA_Salmonella_Enterocyte,B9,Enterocyte,Salmonella
B9_AGTTCTACATGCTG_Salmonella_Enterocyte,B9,Enterocyte,Salmonella
B9_AGTTCTACGTCCTC_Salmonella_TA.Early,B9,TA.Early,Salmonella
B9_AGTTCTTGACGGGA_Salmonella_Stem,B9,Stem,Salmonella
B9_AGTTTCACAGAATG_Salmonella_Enterocyte.Progenitor,B9,Enterocyte.Progenitor,Salmonella
B9_AGTTTGCTTCCGTC_Salmonella_Enterocyte,B9,Enterocyte,Salmonella
B9_ATAAACACAACCAC_Salmonella_Enterocyte.Progenitor,B9,Enterocyte.Progenitor,Salmonella
B9_ATAACAACGGTTAC_Salmonella_TA,B9,TA,Salmonella
B9_ATAACATGCATGGT_Salmonella_Enterocyte,B9,Enterocyte,Salmonella
B9_ATAACATGCCTCCA_Salmonella_Enterocyte,B9,Enterocyte,Salmonella
B9_ATAAGTTGCCTAAG_Salmonella_Enterocyte,B9,Enterocyte,Salmonella
B9_ATAATCGATGACTG_Salmonella_Enterocyte,B9,Enterocyte,Salmonella
B9_ATACAATGGTTTCT_Salmonella_Endocrine,B9,Endocrine,Salmonella
B9_ATACCACTCCAACA_Salmonella_Goblet,B9,Goblet,Salmonella
B9_ATACCTACTAAGGA_Salmonella_Enterocyte,B9,Enterocyte,Salmonella
B9_ATACCTTGCATTCT_Salmonella_Enterocyte,B9,Enterocyte,Salmonella
B9_ATACCTTGTACTTC_Salmonella_TA.Early,B9,TA.Early,Salmonella
B9_ATACGTCTCAACCA_Salmonella_Enterocyte.Progenitor,B9,Enterocyte.Progenitor,Salmonella
B9_ATACGTCTGGGCAA_Salmonella_Enterocyte,B9,Enterocyte,Salmonella
B9_ATACTCTGTCCCGT_Salmonella_Stem,B9,Stem,Salmonella
B9_ATAGATTGGCCATA_Salmonella_Enterocyte,B9,Enterocyte,Salmonella
B9_ATAGTCCTACGCTA_Salmonella_TA,B9,TA,Salmonella
B9_ATAGTCCTCTATTC_Salmonella_Enterocyte,B9,Enterocyte,Salmonella
B9_ATATACGATCGTTT_Salmonella_TA.Early,B9,TA.Early,Salmonella
B9_ATATGCCTTCCGAA_Salmonella_Enterocyte,B9,Enterocyte,Salmonella
B9_ATCAACCTAACCAC_Salmonella_Enterocyte,B9,Enterocyte,Salmonella
B9_ATCAACCTCTCATT_Salmonella_Goblet,B9,Goblet,Salmonella
B9_ATCAACCTGAGGTG_Salmonella_Enterocyte.Progenitor,B9,Enterocyte.Progenitor,Salmonella
B9_ATCACGGATCGCAA_Salmonella_Enterocyte,B9,Enterocyte,Salmonella
B9_ATCACTTGCTGTTT_Salmonella_TA.Early,B9,TA.Early,Salmonella
B9_ATCCAGGATTGCTT_Salmonella_Stem,B9,Stem,Salmonella
B9_ATCTACTGCAGTCA_Salmonella_Enterocyte,B9,Enterocyte,Salmonella
B9_ATCTGACTTTCTAC_Salmonella_TA.Early,B9,TA.Early,Salmonella
B9_ATCTGGGATAGAAG_Salmonella_Stem,B9,Stem,Salmonella
B9_ATGAAACTGGTAGG_Salmonella_Enterocyte.Progenitor,B9,Enterocyte.Progenitor,Salmonella
B9_ATGAGAGACGTACA_Salmonella_Enterocyte,B9,Enterocyte,Salmonella
B9_ATGATATGCGTTGA_Salmonella_Enterocyte,B9,Enterocyte,Salmonella
B9_ATGCAGACGCATCA_Salmonella_Enterocyte,B9,Enterocyte,Salmonella
B9_ATGCAGACGTACGT_Salmonella_Goblet,B9,Goblet,Salmonella
B9_ATGCCAGATCTATC_Salmonella_TA.Early,B9,TA.Early,Salmonella
B9_ATGCTTTGCAAAGA_Salmonella_TA,B9,TA,Salmonella
B9_ATGCTTTGGTGTTG_Salmonella_Stem,B9,Stem,Salmonella
B9_ATGCTTTGTATGGC_Salmonella_Enterocyte,B9,Enterocyte,Salmonella
B9_ATGGTGACACTAGC_Salmonella_TA.Early,B9,TA.Early,Salmonella
B9_ATGTCACTATCGGT_Salmonella_TA,B9,TA,Salmonella
B9_ATGTCGGACTCATT_Salmonella_Tuft,B9,Tuft,Salmonella
B9_ATGTTAGAGGTTTG_Salmonella_Stem,B9,Stem,Salmonella
B9_ATGTTCACACAGTC_Salmonella_TA.Early,B9,TA.Early,Salmonella
B9_ATGTTCACTTCTCA_Salmonella_TA,B9,TA,Salmonella
B9_ATTAGATGAGCATC_Salmonella_Enterocyte,B9,Enterocyte,Salmonella
B9_ATTAGTGACTGCTC_Salmonella_Enterocyte,B9,Enterocyte,Salmonella
B9_ATTATGGATGATGC_Salmonella_Enterocyte,B9,Enterocyte,Salmonella
B9_ATTCGACTGGATTC_Salmonella_Enterocyte,B9,Enterocyte,Salmonella
B9_ATTGCGGAGGAAGC_Salmonella_TA,B9,TA,Salmonella
B9_ATTGCTTGCGAGTT_Salmonella_Enterocyte,B9,Enterocyte,Salmonella
B9_ATTGTAGATTACCT_Salmonella_Enterocyte,B9,Enterocyte,Salmonella
B9_ATTTAGGAAGGTCT_Salmonella_Enterocyte,B9,Enterocyte,Salmonella
B9_ATTTCCGAAGGAGC_Salmonella_Endocrine,B9,Endocrine,Salmonella
B9_ATTTCTCTTCAGAC_Salmonella_Enterocyte,B9,Enterocyte,Salmonella
B9_CAAAGCTGGGCATT_Salmonella_Enterocyte,B9,Enterocyte,Salmonella
B9_CAACCAGACTCTAT_Salmonella_Enterocyte,B9,Enterocyte,Salmonella
B9_CAACGATGTTCGCC_Salmonella_Goblet,B9,Goblet,Salmonella
B9_CAAGCATGAACCGT_Salmonella_TA.Early,B9,TA.Early,Salmonella
B9_CAAGCTGAGCAAGG_Salmonella_Stem,B9,Stem,Salmonella
B9_CAAGCTGATCCAAG_Salmonella_Enterocyte,B9,Enterocyte,Salmonella
B9_CAATAATGGGAGTG_Salmonella_Endocrine,B9,Endocrine,Salmonella
B9_CAATCGGACTCGAA_Salmonella_Enterocyte,B9,Enterocyte,Salmonella
B9_CAATCTACAGAATG_Salmonella_Enterocyte.Progenitor,B9,Enterocyte.Progenitor,Salmonella
B9_CAATCTACCTATTC_Salmonella_Enterocyte,B9,Enterocyte,Salmonella
B9_CACAGAACCTTTAC_Salmonella_TA,B9,TA,Salmonella
B9_CACAGAACGGCAAG_Salmonella_Enterocyte.Progenitor,B9,Enterocyte.Progenitor,Salmonella
B9_CACAGATGCCACCT_Salmonella_Enterocyte.Progenitor,B9,Enterocyte.Progenitor,Salmonella
B9_CACAGTGAAAGCAA_Salmonella_TA.Early,B9,TA.Early,Salmonella
B9_CACATACTAGAAGT_Salmonella_Enterocyte.Progenitor,B9,Enterocyte.Progenitor,Salmonella
B9_CACCACTGGTCTAG_Salmonella_TA.Early,B9,TA.Early,Salmonella
B9_CACGAAACGCTTAG_Salmonella_TA,B9,TA,Salmonella
B9_CACGACCTTCATTC_Salmonella_TA,B9,TA,Salmonella
B9_CACGCTACCTAGAC_Salmonella_Enterocyte.Progenitor,B9,Enterocyte.Progenitor,Salmonella
B9_CACTAACTGGTGTT_Salmonella_Goblet,B9,Goblet,Salmonella
B9_CACTATACAGCTAC_Salmonella_Goblet,B9,Goblet,Salmonella
B9_CACTATACCTTGCC_Salmonella_TA.Early,B9,TA.Early,Salmonella
B9_CACTCTCTCCTAAG_Salmonella_Enterocyte,B9,Enterocyte,Salmonella
B9_CACTCTCTGAGGTG_Salmonella_Tuft,B9,Tuft,Salmonella
B9_CACTGCACGGAACG_Salmonella_Goblet,B9,Goblet,Salmonella
B9_CACTTTGAACTCAG_Salmonella_TA.Early,B9,TA.Early,Salmonella
B9_CAGACAACCGTTGA_Salmonella_Enterocyte,B9,Enterocyte,Salmonella
B9_CAGACATGAACGAA_Salmonella_Enterocyte.Progenitor,B9,Enterocyte.Progenitor,Salmonella
B9_CAGACATGGAGCTT_Salmonella_Endocrine,B9,Endocrine,Salmonella
B9_CAGAGGGAATCGAC_Salmonella_Enterocyte,B9,Enterocyte,Salmonella
B9_CAGAGGGACTTGTT_Salmonella_Enterocyte,B9,Enterocyte,Salmonella
B9_CAGAGGGAGAGACG_Salmonella_TA,B9,TA,Salmonella
B9_CAGAGGGATCGCAA_Salmonella_TA.Early,B9,TA.Early,Salmonella
B9_CAGATGACTGACAC_Salmonella_Enterocyte,B9,Enterocyte,Salmonella
B9_CAGCCTTGGGTGAG_Salmonella_TA.Early,B9,TA.Early,Salmonella
B9_CAGCGGACGAGGCA_Salmonella_Stem,B9,Stem,Salmonella
B9_CAGCGTCTATGGTC_Salmonella_Goblet,B9,Goblet,Salmonella
B9_CAGCTAGAGATAAG_Salmonella_TA.Early,B9,TA.Early,Salmonella
B9_CAGCTCACTCCAGA_Salmonella_Enterocyte,B9,Enterocyte,Salmonella
B9_CAGGCCGATGCAAC_Salmonella_Enterocyte.Progenitor,B9,Enterocyte.Progenitor,Salmonella
B9_CAGGCCGATGCGTA_Salmonella_Goblet,B9,Goblet,Salmonella
B9_CAGGTAACCACTTT_Salmonella_Stem,B9,Stem,Salmonella
B9_CAGTGATGCCCTTG_Salmonella_Enterocyte,B9,Enterocyte,Salmonella
B9_CAGTGTGAGTGTCA_Salmonella_Enterocyte.Progenitor,B9,Enterocyte.Progenitor,Salmonella
B9_CAGTTACTCACTGA_Salmonella_TA.Early,B9,TA.Early,Salmonella
B9_CATAACCTTCGTTT_Salmonella_Endocrine,B9,Endocrine,Salmonella
B9_CATACTACAGTCGT_Salmonella_Enterocyte,B9,Enterocyte,Salmonella
B9_CATACTTGTGTCCC_Salmonella_Enterocyte,B9,Enterocyte,Salmonella
B9_CATAGTCTCCGTAA_Salmonella_Enterocyte,B9,Enterocyte,Salmonella
B9_CATAGTCTTGCACA_Salmonella_Stem,B9,Stem,Salmonella
B9_CATCGCTGTTCTGT_Salmonella_Enterocyte.Progenitor,B9,Enterocyte.Progenitor,Salmonella
B9_CATCGGCTAATGCC_Salmonella_Stem,B9,Stem,Salmonella
B9_CATGCGCTGGGACA_Salmonella_Endocrine,B9,Endocrine,Salmonella
B9_CATGTACTAGAATG_Salmonella_Enterocyte,B9,Enterocyte,Salmonella
B9_CATGTACTCTTGGA_Salmonella_Enterocyte,B9,Enterocyte,Salmonella
B9_CATGTACTGCTATG_Salmonella_TA.Early,B9,TA.Early,Salmonella
B9_CATGTTTGGGTTTG_Salmonella_Enterocyte,B9,Enterocyte,Salmonella
B9_CATTACACCAGAGG_Salmonella_Enterocyte,B9,Enterocyte,Salmonella
B9_CATTAGCTTGAAGA_Salmonella_TA,B9,TA,Salmonella
B9_CATTGACTACCAGT_Salmonella_TA.Early,B9,TA.Early,Salmonella
B9_CATTGGGAGTCAAC_Salmonella_Enterocyte.Progenitor,B9,Enterocyte.Progenitor,Salmonella
B9_CATTGTTGTGTTTC_Salmonella_Enterocyte,B9,Enterocyte,Salmonella
B9_CATTTCGAGGAGCA_Salmonella_Enterocyte.Progenitor,B9,Enterocyte.Progenitor,Salmonella
B9_CATTTGTGCCATAG_Salmonella_Enterocyte,B9,Enterocyte,Salmonella
B9_CCAAGAACTGAGAA_Salmonella_Endocrine,B9,Endocrine,Salmonella
B9_CCAAGTGACGTGTA_Salmonella_TA.Early,B9,TA.Early,Salmonella
B9_CCACCATGAAGAAC_Salmonella_Enterocyte,B9,Enterocyte,Salmonella
B9_CCACCTGATCTCCG_Salmonella_Enterocyte,B9,Enterocyte,Salmonella
B9_CCAGAAACTATCTC_Salmonella_Tuft,B9,Tuft,Salmonella
B9_CCAGATGAAAAAGC_Salmonella_Goblet,B9,Goblet,Salmonella
B9_CCAGCGGACGCAAT_Salmonella_Stem,B9,Stem,Salmonella
B9_CCAGCGGACTGTAG_Salmonella_Enterocyte,B9,Enterocyte,Salmonella
B9_CCAGTCACCCCTCA_Salmonella_Enterocyte,B9,Enterocyte,Salmonella
B9_CCAGTCTGGATGAA_Salmonella_Endocrine,B9,Endocrine,Salmonella
B9_CCATAGGAGAAGGC_Salmonella_Enterocyte,B9,Enterocyte,Salmonella
B9_CCCAACTGGGTGTT_Salmonella_Enterocyte,B9,Enterocyte,Salmonella
B9_CCCACATGACTCTT_Salmonella_Stem,B9,Stem,Salmonella
B9_CCCACATGTGTGGT_Salmonella_TA.Early,B9,TA.Early,Salmonella
B9_CCCAGACTTCTCCG_Salmonella_TA.Early,B9,TA.Early,Salmonella
B9_CCCAGTTGGCCCTT_Salmonella_Goblet,B9,Goblet,Salmonella
B9_CCCAGTTGGGAACG_Salmonella_TA.Early,B9,TA.Early,Salmonella
B9_CCCTACGAGGAGCA_Salmonella_Stem,B9,Stem,Salmonella
B9_CCCTACGAGTTGAC_Salmonella_Enterocyte,B9,Enterocyte,Salmonella
B9_CCCTGAACAAAGTG_Salmonella_Enterocyte,B9,Enterocyte,Salmonella
B9_CCCTGAACAGAGAT_Salmonella_Endocrine,B9,Endocrine,Salmonella
B9_CCGACTACGTTGGT_Salmonella_TA,B9,TA,Salmonella
B9_CCGACTACTCGACA_Salmonella_Enterocyte.Progenitor,B9,Enterocyte.Progenitor,Salmonella
B9_CCGATAGAACCCTC_Salmonella_Enterocyte,B9,Enterocyte,Salmonella
B9_CCGGTACTCTGAAC_Salmonella_Endocrine,B9,Endocrine,Salmonella
B9_CCTAAACTTCGCTC_Salmonella_TA,B9,TA,Salmonella
B9_CCTCATCTCGACAT_Salmonella_Goblet,B9,Goblet,Salmonella
B9_CCTCATCTTATCGG_Salmonella_TA.Early,B9,TA.Early,Salmonella
B9_CCTGACTGACTACG_Salmonella_Enterocyte,B9,Enterocyte,Salmonella
B9_CCTGACTGGGACAG_Salmonella_Enterocyte.Progenitor,B9,Enterocyte.Progenitor,Salmonella
B9_CCTGACTGTGCCTC_Salmonella_Enterocyte,B9,Enterocyte,Salmonella
B9_CCTGAGCTTCGCCT_Salmonella_Enterocyte,B9,Enterocyte,Salmonella
B9_CCTTAATGGTATCG_Salmonella_TA,B9,TA,Salmonella
B9_CCTTAATGTAGCGT_Salmonella_Enterocyte,B9,Enterocyte,Salmonella
B9_CGAAGACTGCGTTA_Salmonella_Stem,B9,Stem,Salmonella
B9_CGAAGTACACTCTT_Salmonella_TA.Early,B9,TA.Early,Salmonella
B9_CGACAAACCTCATT_Salmonella_Enterocyte,B9,Enterocyte,Salmonella
B9_CGACCACTGCGATT_Salmonella_Enterocyte,B9,Enterocyte,Salmonella
B9_CGACCTACTTGTCT_Salmonella_Goblet,B9,Goblet,Salmonella
B9_CGACTCTGGGGACA_Salmonella_Enterocyte.Progenitor,B9,Enterocyte.Progenitor,Salmonella
B9_CGACTGCTTGTCCC_Salmonella_TA.Early,B9,TA.Early,Salmonella
B9_CGAGATTGGGTTTG_Salmonella_Enterocyte,B9,Enterocyte,Salmonella
B9_CGAGATTGTGCAAC_Salmonella_Enterocyte,B9,Enterocyte,Salmonella
B9_CGAGCGTGCACCAA_Salmonella_Enterocyte,B9,Enterocyte,Salmonella
B9_CGAGCGTGGTTGGT_Salmonella_TA.Early,B9,TA.Early,Salmonella
B9_CGAGGAGATCATTC_Salmonella_Enterocyte,B9,Enterocyte,Salmonella
B9_CGAGGCTGTCGTGA_Salmonella_Enterocyte,B9,Enterocyte,Salmonella
B9_CGAGTATGACCTAG_Salmonella_Stem,B9,Stem,Salmonella
B9_CGCAAATGGTATGC_Salmonella_Stem,B9,Stem,Salmonella
B9_CGCACTACTTCTCA_Salmonella_Enterocyte,B9,Enterocyte,Salmonella
B9_CGCCATTGAGAGAT_Salmonella_Enterocyte,B9,Enterocyte,Salmonella
B9_CGCGATCTTTAGGC_Salmonella_TA,B9,TA,Salmonella
B9_CGCGGATGGTTGAC_Salmonella_Stem,B9,Stem,Salmonella
B9_CGCTAAGATGGTTG_Salmonella_Goblet,B9,Goblet,Salmonella
B9_CGCTAAGATTCGTT_Salmonella_Enterocyte,B9,Enterocyte,Salmonella
B9_CGGAATTGCTTTAC_Salmonella_Stem,B9,Stem,Salmonella
B9_CGGAATTGTTCTAC_Salmonella_Enterocyte,B9,Enterocyte,Salmonella
B9_CGGACTCTCGGGAA_Salmonella_TA.Early,B9,TA.Early,Salmonella
B9_CGGACTCTGTTGTG_Salmonella_Enterocyte.Progenitor,B9,Enterocyte.Progenitor,Salmonella
B9_CGGAGGCTGGATTC_Salmonella_Enterocyte,B9,Enterocyte,Salmonella
B9_CGGAGGCTTGACCA_Salmonella_Enterocyte,B9,Enterocyte,Salmonella
B9_CGGCGAACCGAACT_Salmonella_Enterocyte,B9,Enterocyte,Salmonella
B9_CGGGCATGAAGAGT_Salmonella_TA.Early,B9,TA.Early,Salmonella
B9_CGGTACCTGATAAG_Salmonella_Enterocyte,B9,Enterocyte,Salmonella
B9_CGGTACCTTGCGTA_Salmonella_Stem,B9,Stem,Salmonella
B9_CGTACAGAGATACC_Salmonella_Enterocyte,B9,Enterocyte,Salmonella
B9_CGTACAGAGTCAAC_Salmonella_Enterocyte,B9,Enterocyte,Salmonella
B9_CGTACCACCGTACA_Salmonella_Enterocyte,B9,Enterocyte,Salmonella
B9_CGTACCTGAGATGA_Salmonella_TA.Early,B9,TA.Early,Salmonella
B9_CGTACCTGGGTAAA_Salmonella_Enterocyte,B9,Enterocyte,Salmonella
B9_CGTAGCCTACCAGT_Salmonella_TA.Early,B9,TA.Early,Salmonella
B9_CGTCAAGAAACAGA_Salmonella_TA.Early,B9,TA.Early,Salmonella
B9_CGTGATGAGGATCT_Salmonella_Enterocyte,B9,Enterocyte,Salmonella
B9_CGTGCACTCATCAG_Salmonella_Enterocyte,B9,Enterocyte,Salmonella
B9_CGTGTAGAACACGT_Salmonella_Enterocyte,B9,Enterocyte,Salmonella
B9_CTAACACTAAAACG_Salmonella_TA.Early,B9,TA.Early,Salmonella
B9_CTAACACTAGCAAA_Salmonella_TA.Early,B9,TA.Early,Salmonella
B9_CTAACGGAGTTAGC_Salmonella_Goblet,B9,Goblet,Salmonella
B9_CTAATAGACTGTGA_Salmonella_Stem,B9,Stem,Salmonella
B9_CTAATGCTCCTTGC_Salmonella_Enterocyte,B9,Enterocyte,Salmonella
B9_CTACGGCTACACAC_Salmonella_TA.Early,B9,TA.Early,Salmonella
B9_CTACTCCTCCACAA_Salmonella_Enterocyte,B9,Enterocyte,Salmonella
B9_CTAGATCTATGTCG_Salmonella_Enterocyte.Progenitor,B9,Enterocyte.Progenitor,Salmonella
B9_CTAGGATGTGTCCC_Salmonella_TA.Early,B9,TA.Early,Salmonella
B9_CTAGGCCTAAAAGC_Salmonella_TA.Early,B9,TA.Early,Salmonella
B9_CTAGGCCTAATGCC_Salmonella_Enterocyte,B9,Enterocyte,Salmonella
B9_CTAGTTACGCTATG_Salmonella_Goblet,B9,Goblet,Salmonella
B9_CTATAAGACATTGG_Salmonella_Goblet,B9,Goblet,Salmonella
B9_CTATAAGACTACGA_Salmonella_Enterocyte.Progenitor,B9,Enterocyte.Progenitor,Salmonella
B9_CTATACTGCCAACA_Salmonella_Stem,B9,Stem,Salmonella
B9_CTATCAACAGGTTC_Salmonella_Enterocyte,B9,Enterocyte,Salmonella
B9_CTATCCCTCCGTAA_Salmonella_Stem,B9,Stem,Salmonella
B9_CTATGTACTGATGC_Salmonella_Stem,B9,Stem,Salmonella
B9_CTCAATTGACGACT_Salmonella_Enterocyte,B9,Enterocyte,Salmonella
B9_CTCAGCTGTGCATG_Salmonella_Enterocyte,B9,Enterocyte,Salmonella
B9_CTCATTGATAAAGG_Salmonella_Enterocyte.Progenitor,B9,Enterocyte.Progenitor,Salmonella
B9_CTCATTGATGTTCT_Salmonella_Enterocyte.Progenitor,B9,Enterocyte.Progenitor,Salmonella
B9_CTCCATCTCTGATG_Salmonella_Enterocyte.Progenitor,B9,Enterocyte.Progenitor,Salmonella
B9_CTCGAAGAAAGAAC_Salmonella_Enterocyte.Progenitor,B9,Enterocyte.Progenitor,Salmonella
B9_CTCGACACCATTTC_Salmonella_Enterocyte,B9,Enterocyte,Salmonella
B9_CTCGACTGTATGGC_Salmonella_TA,B9,TA,Salmonella
B9_CTCTAAACTCCTAT_Salmonella_Enterocyte,B9,Enterocyte,Salmonella
B9_CTCTAATGCTACTT_Salmonella_Enterocyte,B9,Enterocyte,Salmonella
B9_CTGAAGACACACAC_Salmonella_Enterocyte,B9,Enterocyte,Salmonella
B9_CTGACCACCTTAGG_Salmonella_Enterocyte,B9,Enterocyte,Salmonella
B9_CTGATACTACCTAG_Salmonella_TA.Early,B9,TA.Early,Salmonella
B9_CTGATGGACAAGCT_Salmonella_Enterocyte.Progenitor,B9,Enterocyte.Progenitor,Salmonella
B9_CTGATTTGGTACAC_Salmonella_Stem,B9,Stem,Salmonella
B9_CTGCAGCTAACCGT_Salmonella_Stem,B9,Stem,Salmonella
B9_CTGGCACTAAAAGC_Salmonella_Enterocyte,B9,Enterocyte,Salmonella
B9_CTGTAACTCTGTCC_Salmonella_TA.Early,B9,TA.Early,Salmonella
B9_CTTAAAGAGTCTGA_Salmonella_TA.Early,B9,TA.Early,Salmonella
B9_CTTAACACAAGAGT_Salmonella_Enterocyte,B9,Enterocyte,Salmonella
B9_CTTAACACAGAGGC_Salmonella_Stem,B9,Stem,Salmonella
B9_CTTATCGAGGGCAA_Salmonella_Goblet,B9,Goblet,Salmonella
B9_CTTCACCTCCGATA_Salmonella_TA.Early,B9,TA.Early,Salmonella
B9_CTTCATGACTGTGA_Salmonella_Stem,B9,Stem,Salmonella
B9_CTTGAGGACCTTCG_Salmonella_Enterocyte.Progenitor,B9,Enterocyte.Progenitor,Salmonella
B9_CTTTCAGAGACGAG_Salmonella_TA.Early,B9,TA.Early,Salmonella
B9_CTTTGATGAGAATG_Salmonella_Enterocyte.Progenitor,B9,Enterocyte.Progenitor,Salmonella
B9_GAAACAGACCACAA_Salmonella_TA.Early,B9,TA.Early,Salmonella
B9_GAAAGATGGTGCAT_Salmonella_Enterocyte,B9,Enterocyte,Salmonella
B9_GAAAGCCTCACTAG_Salmonella_TA,B9,TA,Salmonella
B9_GAAAGTGATTAGGC_Salmonella_Enterocyte.Progenitor,B9,Enterocyte.Progenitor,Salmonella
B9_GAACACACTTCAGG_Salmonella_Goblet,B9,Goblet,Salmonella
B9_GAACAGCTCAGAAA_Salmonella_Enterocyte,B9,Enterocyte,Salmonella
B9_GAACGGGACTACGA_Salmonella_Enterocyte,B9,Enterocyte,Salmonella
B9_GAACGGGAGGATCT_Salmonella_TA,B9,TA,Salmonella
B9_GAAGAATGGTACGT_Salmonella_Endocrine,B9,Endocrine,Salmonella
B9_GAAGGTCTTCCCAC_Salmonella_Goblet,B9,Goblet,Salmonella
B9_GAAGTCACTGCTCC_Salmonella_Enterocyte.Progenitor,B9,Enterocyte.Progenitor,Salmonella
B9_GAATGCTGGAAAGT_Salmonella_Enterocyte,B9,Enterocyte,Salmonella
B9_GAATGCTGGGGACA_Salmonella_Enterocyte,B9,Enterocyte,Salmonella
B9_GAATGCTGTGGAAA_Salmonella_Enterocyte,B9,Enterocyte,Salmonella
B9_GAATGCTGTTCCAT_Salmonella_Stem,B9,Stem,Salmonella
B9_GAATTAACGGTAGG_Salmonella_Stem,B9,Stem,Salmonella
B9_GACAACACCCGATA_Salmonella_Goblet,B9,Goblet,Salmonella
B9_GACAACTGGTTTCT_Salmonella_Enterocyte,B9,Enterocyte,Salmonella
B9_GACAGGGATCCAAG_Salmonella_Stem,B9,Stem,Salmonella
B9_GACAGTACTCTGGA_Salmonella_Enterocyte,B9,Enterocyte,Salmonella
B9_GACAGTTGTTCTAC_Salmonella_Endocrine,B9,Endocrine,Salmonella
B9_GACCAAACCTATTC_Salmonella_Enterocyte,B9,Enterocyte,Salmonella
B9_GACCATGACAGTCA_Salmonella_Enterocyte,B9,Enterocyte,Salmonella
B9_GACCCTACATTGGC_Salmonella_Enterocyte,B9,Enterocyte,Salmonella
B9_GACCTCTGGATAGA_Salmonella_TA,B9,TA,Salmonella
B9_GACGAACTCTACCC_Salmonella_Enterocyte.Progenitor,B9,Enterocyte.Progenitor,Salmonella
B9_GACGCCGAATCGTG_Salmonella_Enterocyte,B9,Enterocyte,Salmonella
B9_GACGTAACATGTCG_Salmonella_Enterocyte,B9,Enterocyte,Salmonella
B9_GACGTCCTAGCCAT_Salmonella_TA.Early,B9,TA.Early,Salmonella
B9_GACGTCCTGTTCAG_Salmonella_Enterocyte,B9,Enterocyte,Salmonella
B9_GACTACGAAGGCGA_Salmonella_TA.Early,B9,TA.Early,Salmonella
B9_GACTGTGACACTAG_Salmonella_Enterocyte,B9,Enterocyte,Salmonella
B9_GACTTTACCGCAAT_Salmonella_Enterocyte,B9,Enterocyte,Salmonella
B9_GAGAAATGCCAACA_Salmonella_Endocrine,B9,Endocrine,Salmonella
B9_GAGAAATGTCTGGA_Salmonella_Enterocyte,B9,Enterocyte,Salmonella
B9_GAGAGGTGATGGTC_Salmonella_Enterocyte,B9,Enterocyte,Salmonella
B9_GAGATAGATGGGAG_Salmonella_TA.Early,B9,TA.Early,Salmonella
B9_GAGATCACAGAACA_Salmonella_Enterocyte,B9,Enterocyte,Salmonella
B9_GAGATGCTAGCCTA_Salmonella_Enterocyte,B9,Enterocyte,Salmonella
B9_GAGATGCTGTGCTA_Salmonella_Enterocyte.Progenitor,B9,Enterocyte.Progenitor,Salmonella
B9_GAGCAGGACATACG_Salmonella_Enterocyte.Progenitor,B9,Enterocyte.Progenitor,Salmonella
B9_GAGCGAGATAGAAG_Salmonella_Enterocyte,B9,Enterocyte,Salmonella
B9_GAGCGCTGAGTCTG_Salmonella_Enterocyte,B9,Enterocyte,Salmonella
B9_GAGCGCTGCATACG_Salmonella_TA,B9,TA,Salmonella
B9_GAGCTCCTAGTCGT_Salmonella_Goblet,B9,Goblet,Salmonella
B9_GAGGACGAATTCCT_Salmonella_TA,B9,TA,Salmonella
B9_GAGGCAGAACCCAA_Salmonella_Enterocyte,B9,Enterocyte,Salmonella
B9_GAGGCAGACGCTAA_Salmonella_Enterocyte,B9,Enterocyte,Salmonella
B9_GAGGCAGATTGAGC_Salmonella_TA.Early,B9,TA.Early,Salmonella
B9_GAGGGCCTGTACCA_Salmonella_Enterocyte,B9,Enterocyte,Salmonella
B9_GAGGGTGAAGTCAC_Salmonella_TA,B9,TA,Salmonella
B9_GAGGTGGATGAGCT_Salmonella_Enterocyte,B9,Enterocyte,Salmonella
B9_GAGTACTGCTATTC_Salmonella_Enterocyte,B9,Enterocyte,Salmonella
B9_GAGTCAACTCATTC_Salmonella_Tuft,B9,Tuft,Salmonella
B9_GAGTGGGATACGAC_Salmonella_TA.Early,B9,TA.Early,Salmonella
B9_GAGTGGGATGTTCT_Salmonella_Enterocyte.Progenitor,B9,Enterocyte.Progenitor,Salmonella
B9_GATAATACGAGGTG_Salmonella_TA,B9,TA,Salmonella
B9_GATATATGTCGTAG_Salmonella_Enterocyte.Progenitor,B9,Enterocyte.Progenitor,Salmonella
B9_GATATATGTCTACT_Salmonella_Goblet,B9,Goblet,Salmonella
B9_GATATTGATCCAGA_Salmonella_Stem,B9,Stem,Salmonella
B9_GATCATCTAGCGGA_Salmonella_TA.Early,B9,TA.Early,Salmonella
B9_GATCATCTCCGCTT_Salmonella_Enterocyte,B9,Enterocyte,Salmonella
B9_GATCATCTCGTAGT_Salmonella_Enterocyte,B9,Enterocyte,Salmonella
B9_GATCCGCTGAGGGT_Salmonella_TA.Early,B9,TA.Early,Salmonella
B9_GATCGAACCCGATA_Salmonella_Enterocyte,B9,Enterocyte,Salmonella
B9_GATCGTGAATACCG_Salmonella_TA,B9,TA,Salmonella
B9_GATCGTGACGCATA_Salmonella_Enterocyte,B9,Enterocyte,Salmonella
B9_GATCTACTTGTTTC_Salmonella_Enterocyte.Progenitor,B9,Enterocyte.Progenitor,Salmonella
B9_GATCTACTTTCATC_Salmonella_Enterocyte.Progenitor,B9,Enterocyte.Progenitor,Salmonella
B9_GATCTTTGGGGATG_Salmonella_Enterocyte,B9,Enterocyte,Salmonella
B9_GATCTTTGTTGGTG_Salmonella_Enterocyte,B9,Enterocyte,Salmonella
B9_GATGACACAGATCC_Salmonella_Goblet,B9,Goblet,Salmonella
B9_GATGCCCTCTTACT_Salmonella_Enterocyte,B9,Enterocyte,Salmonella
B9_GATTGGTGATCAGC_Salmonella_Stem,B9,Stem,Salmonella
B9_GATTGGTGCATGCA_Salmonella_TA,B9,TA,Salmonella
B9_GATTGGTGTGGTGT_Salmonella_Enterocyte,B9,Enterocyte,Salmonella
B9_GATTTGCTCCGATA_Salmonella_Enterocyte.Progenitor,B9,Enterocyte.Progenitor,Salmonella
B9_GCAACCCTGGAACG_Salmonella_TA.Early,B9,TA.Early,Salmonella
B9_GCAATTCTATCAGC_Salmonella_Enterocyte.Progenitor,B9,Enterocyte.Progenitor,Salmonella
B9_GCAATTCTGGACTT_Salmonella_TA,B9,TA,Salmonella
B9_GCACAATGGTATCG_Salmonella_Enterocyte,B9,Enterocyte,Salmonella
B9_GCACTAGAGAATGA_Salmonella_Enterocyte,B9,Enterocyte,Salmonella
B9_GCATGATGTTGCGA_Salmonella_TA.Early,B9,TA.Early,Salmonella
B9_GCCAACCTTTCATC_Salmonella_Stem,B9,Stem,Salmonella
B9_GCCACGGATTTACC_Salmonella_Enterocyte,B9,Enterocyte,Salmonella
B9_GCCATCACGAGATA_Salmonella_Endocrine,B9,Endocrine,Salmonella
B9_GCCATCACTTGGCA_Salmonella_Enterocyte,B9,Enterocyte,Salmonella
B9_GCCGACGACACTCC_Salmonella_Enterocyte.Progenitor,B9,Enterocyte.Progenitor,Salmonella
B9_GCCGAGTGATTCTC_Salmonella_Enterocyte.Progenitor,B9,Enterocyte.Progenitor,Salmonella
B9_GCCGGAACGTTGAC_Salmonella_Enterocyte,B9,Enterocyte,Salmonella
B9_GCCTAGCTCCTATT_Salmonella_Stem,B9,Stem,Salmonella
B9_GCCTCATGTGATGC_Salmonella_Enterocyte,B9,Enterocyte,Salmonella
B9_GCCTGACTGTCTTT_Salmonella_Enterocyte,B9,Enterocyte,Salmonella
B9_GCGAGAGAAGATCC_Salmonella_TA.Early,B9,TA.Early,Salmonella
B9_GCGATATGGGTTTG_Salmonella_TA.Early,B9,TA.Early,Salmonella
B9_GCGCACGATCCTAT_Salmonella_TA,B9,TA,Salmonella
B9_GCGCGATGAGTAGA_Salmonella_Stem,B9,Stem,Salmonella
B9_GCGGCAACAACGTC_Salmonella_Enterocyte,B9,Enterocyte,Salmonella
B9_GCGGGACTGAAGGC_Salmonella_Stem,B9,Stem,Salmonella
B9_GCGTACCTTGGTCA_Salmonella_TA.Early,B9,TA.Early,Salmonella
B9_GCTACAGAGACAGG_Salmonella_Goblet,B9,Goblet,Salmonella
B9_GCTACGCTCTTAGG_Salmonella_Stem,B9,Stem,Salmonella
B9_GCTACGCTTCCGAA_Salmonella_TA.Early,B9,TA.Early,Salmonella
B9_GCTAGAACATGTGC_Salmonella_Enterocyte,B9,Enterocyte,Salmonella
B9_GCTCAAGAGTCCTC_Salmonella_TA,B9,TA,Salmonella
B9_GCTCAGCTCGCAAT_Salmonella_TA.Early,B9,TA.Early,Salmonella
B9_GCTCAGCTGGCAAG_Salmonella_Enterocyte,B9,Enterocyte,Salmonella
B9_GCTCCATGGCGATT_Salmonella_TA.Early,B9,TA.Early,Salmonella
B9_GCTGATGACCACAA_Salmonella_Enterocyte,B9,Enterocyte,Salmonella
B9_GCTTAACTGTATGC_Salmonella_TA.Early,B9,TA.Early,Salmonella
B9_GGACAGGAGTAGGG_Salmonella_Enterocyte.Progenitor,B9,Enterocyte.Progenitor,Salmonella
B9_GGACATTGACGTAC_Salmonella_TA.Early,B9,TA.Early,Salmonella
B9_GGACGCACGTCAAC_Salmonella_Enterocyte,B9,Enterocyte,Salmonella
B9_GGACTATGAAAGCA_Salmonella_Enterocyte,B9,Enterocyte,Salmonella
B9_GGACTATGACCGAT_Salmonella_Enterocyte.Progenitor,B9,Enterocyte.Progenitor,Salmonella
B9_GGAGACGATGGTAC_Salmonella_Enterocyte,B9,Enterocyte,Salmonella
B9_GGAGAGACCTATGG_Salmonella_TA.Early,B9,TA.Early,Salmonella
B9_GGAGAGACGAGGTG_Salmonella_Enterocyte.Progenitor,B9,Enterocyte.Progenitor,Salmonella
B9_GGAGCGCTGGTTTG_Salmonella_Enterocyte,B9,Enterocyte,Salmonella
B9_GGAGGATGGTCTAG_Salmonella_Stem,B9,Stem,Salmonella
B9_GGAGGCCTTCTAGG_Salmonella_Goblet,B9,Goblet,Salmonella
B9_GGAGGCCTTGATGC_Salmonella_Enterocyte.Progenitor,B9,Enterocyte.Progenitor,Salmonella
B9_GGAGGTGACAGGAG_Salmonella_Stem,B9,Stem,Salmonella
B9_GGAGTTTGCCAGTA_Salmonella_Enterocyte,B9,Enterocyte,Salmonella
B9_GGAGTTTGGTTACG_Salmonella_Stem,B9,Stem,Salmonella
B9_GGATACTGACTGGT_Salmonella_TA.Early,B9,TA.Early,Salmonella
B9_GGATAGCTAAAACG_Salmonella_Enterocyte,B9,Enterocyte,Salmonella
B9_GGATGTACACGCTA_Salmonella_Enterocyte,B9,Enterocyte,Salmonella
B9_GGATGTACCTGACA_Salmonella_Enterocyte,B9,Enterocyte,Salmonella
B9_GGATGTTGTTCGTT_Salmonella_Enterocyte,B9,Enterocyte,Salmonella
B9_GGCAAGGAAACTGC_Salmonella_Stem,B9,Stem,Salmonella
B9_GGCAATACATTCGG_Salmonella_Goblet,B9,Goblet,Salmonella
B9_GGCACTCTGGAGCA_Salmonella_Enterocyte,B9,Enterocyte,Salmonella
B9_GGCATATGTGTGAC_Salmonella_Enterocyte,B9,Enterocyte,Salmonella
B9_GGCCACGACTGAGT_Salmonella_TA,B9,TA,Salmonella
B9_GGCCGATGGCGATT_Salmonella_Enterocyte,B9,Enterocyte,Salmonella
B9_GGCGCATGACAGTC_Salmonella_TA.Early,B9,TA.Early,Salmonella
B9_GGCTAATGGGTTCA_Salmonella_Goblet,B9,Goblet,Salmonella
B9_GGCTCACTGTGTTG_Salmonella_Tuft,B9,Tuft,Salmonella
B9_GGGAAGTGGAGCAG_Salmonella_Enterocyte,B9,Enterocyte,Salmonella
B9_GGGATGGATCCCAC_Salmonella_Enterocyte.Progenitor,B9,Enterocyte.Progenitor,Salmonella
B9_GGGCAGCTGAGCAG_Salmonella_Endocrine,B9,Endocrine,Salmonella
B9_GGGCCATGCGTGAT_Salmonella_Enterocyte,B9,Enterocyte,Salmonella
B9_GGGTTAACATTCTC_Salmonella_Enterocyte,B9,Enterocyte,Salmonella
B9_GGGTTATGACTCTT_Salmonella_TA,B9,TA,Salmonella
B9_GGTACAACCTTCTA_Salmonella_Enterocyte,B9,Enterocyte,Salmonella
B9_GGTACTGATGTGGT_Salmonella_Enterocyte,B9,Enterocyte,Salmonella
B9_GGTAGTACGTGTAC_Salmonella_Endocrine,B9,Endocrine,Salmonella
B9_GGTATGACGGACTT_Salmonella_Enterocyte.Progenitor,B9,Enterocyte.Progenitor,Salmonella
B9_GGTATGACTTATCC_Salmonella_Enterocyte,B9,Enterocyte,Salmonella
B9_GGTCAAACACTCTT_Salmonella_Enterocyte,B9,Enterocyte,Salmonella
B9_GGTCAAACGTTGAC_Salmonella_Endocrine,B9,Endocrine,Salmonella
B9_GGTCTAGAATAAGG_Salmonella_Stem,B9,Stem,Salmonella
B9_GGTGATACACCATG_Salmonella_Enterocyte,B9,Enterocyte,Salmonella
B9_GGTGATACTAGTCG_Salmonella_Enterocyte,B9,Enterocyte,Salmonella
B9_GGTGGAGACCCACT_Salmonella_Enterocyte,B9,Enterocyte,Salmonella
B9_GTAACGTGCTGATG_Salmonella_TA.Early,B9,TA.Early,Salmonella
B9_GTAAGCACCTAGAC_Salmonella_Stem,B9,Stem,Salmonella
B9_GTACGTGATGCACA_Salmonella_TA.Early,B9,TA.Early,Salmonella
B9_GTAGCCCTTTTCGT_Salmonella_Enterocyte,B9,Enterocyte,Salmonella
B9_GTAGCTGAAACGAA_Salmonella_Tuft,B9,Tuft,Salmonella
B9_GTAGGTACTATTCC_Salmonella_Enterocyte.Progenitor,B9,Enterocyte.Progenitor,Salmonella
B9_GTAGGTACTTTGTC_Salmonella_TA.Early,B9,TA.Early,Salmonella
B9_GTAGTCGAAGGTCT_Salmonella_Endocrine,B9,Endocrine,Salmonella
B9_GTAGTGTGATGTGC_Salmonella_Enterocyte,B9,Enterocyte,Salmonella
B9_GTATCTACACTTTC_Salmonella_Enterocyte,B9,Enterocyte,Salmonella
B9_GTATGGTGGGCATT_Salmonella_Enterocyte,B9,Enterocyte,Salmonella
B9_GTATTAGAACGGTT_Salmonella_Endocrine,B9,Endocrine,Salmonella
B9_GTATTAGACGCAAT_Salmonella_Enterocyte,B9,Enterocyte,Salmonella
B9_GTCAACGATAGAAG_Salmonella_Enterocyte,B9,Enterocyte,Salmonella
B9_GTCAATCTCCCTCA_Salmonella_Goblet,B9,Goblet,Salmonella
B9_GTCCAGCTACCTAG_Salmonella_Enterocyte,B9,Enterocyte,Salmonella
B9_GTCCCATGTCCTAT_Salmonella_Goblet,B9,Goblet,Salmonella
B9_GTCCCATGTGTCGA_Salmonella_Stem,B9,Stem,Salmonella
B9_GTCTAGGATGCTCC_Salmonella_Goblet,B9,Goblet,Salmonella
B9_GTCTGAGAACCATG_Salmonella_Stem,B9,Stem,Salmonella
B9_GTCTGAGAGTACGT_Salmonella_Stem,B9,Stem,Salmonella
B9_GTGAACACGTCCTC_Salmonella_Enterocyte,B9,Enterocyte,Salmonella
B9_GTGATGACGACGGA_Salmonella_Endocrine,B9,Endocrine,Salmonella
B9_GTGCAAACAGTCTG_Salmonella_Stem,B9,Stem,Salmonella
B9_GTGCAAACATCACG_Salmonella_Enterocyte,B9,Enterocyte,Salmonella
B9_GTGCTAGATACAGC_Salmonella_Stem,B9,Stem,Salmonella
B9_GTGCTAGATGACCA_Salmonella_Goblet,B9,Goblet,Salmonella
B9_GTGTACGAAGAACA_Salmonella_TA.Early,B9,TA.Early,Salmonella
B9_GTGTATCTATCGTG_Salmonella_Stem,B9,Stem,Salmonella
B9_GTGTATCTGAGGCA_Salmonella_TA.Early,B9,TA.Early,Salmonella
B9_GTGTCAGAATCTCT_Salmonella_TA,B9,TA,Salmonella
B9_GTGTGATGTTGTCT_Salmonella_Enterocyte,B9,Enterocyte,Salmonella
B9_GTTAAATGTCGTAG_Salmonella_Enterocyte.Progenitor,B9,Enterocyte.Progenitor,Salmonella
B9_GTTACGGAAAGAAC_Salmonella_Enterocyte,B9,Enterocyte,Salmonella
B9_GTTAGGTGTTATCC_Salmonella_TA.Early,B9,TA.Early,Salmonella
B9_GTTATAGAAGTTCG_Salmonella_Enterocyte,B9,Enterocyte,Salmonella
B9_GTTATAGAGTCATG_Salmonella_Endocrine,B9,Endocrine,Salmonella
B9_GTTATGCTAGTTCG_Salmonella_Endocrine,B9,Endocrine,Salmonella
B9_GTTATGCTGGTAGG_Salmonella_Enterocyte,B9,Enterocyte,Salmonella
B9_GTTATGCTTCGACA_Salmonella_Enterocyte,B9,Enterocyte,Salmonella
B9_GTTCAGGATGCACA_Salmonella_Enterocyte,B9,Enterocyte,Salmonella
B9_GTTGACGAACACAC_Salmonella_Enterocyte.Progenitor,B9,Enterocyte.Progenitor,Salmonella
B9_GTTGGATGATGCCA_Salmonella_Enterocyte.Progenitor,B9,Enterocyte.Progenitor,Salmonella
B9_TAAAGTTGAAGGCG_Salmonella_Enterocyte,B9,Enterocyte,Salmonella
B9_TAACATGAGATAAG_Salmonella_Enterocyte,B9,Enterocyte,Salmonella
B9_TAACCGGAACACTG_Salmonella_Enterocyte,B9,Enterocyte,Salmonella
B9_TAACCGGAATCGAC_Salmonella_Stem,B9,Stem,Salmonella
B9_TAACGTCTCGGGAA_Salmonella_TA.Early,B9,TA.Early,Salmonella
B9_TAACGTCTCTCTCG_Salmonella_TA,B9,TA,Salmonella
B9_TAAGAACTCGGGAA_Salmonella_Enterocyte,B9,Enterocyte,Salmonella
B9_TAAGAACTTAGTCG_Salmonella_Enterocyte,B9,Enterocyte,Salmonella
B9_TAAGAACTTCTACT_Salmonella_Enterocyte,B9,Enterocyte,Salmonella
B9_TAAGGGCTACCAGT_Salmonella_Enterocyte,B9,Enterocyte,Salmonella
B9_TAAGGGCTTTCTTG_Salmonella_Enterocyte.Progenitor,B9,Enterocyte.Progenitor,Salmonella
B9_TAAGTAACAAACGA_Salmonella_Enterocyte,B9,Enterocyte,Salmonella
B9_TAAGTCCTCGCATA_Salmonella_Enterocyte,B9,Enterocyte,Salmonella
B9_TAATCGCTGAAAGT_Salmonella_TA.Early,B9,TA.Early,Salmonella
B9_TAATCGCTTAGCCA_Salmonella_Enterocyte,B9,Enterocyte,Salmonella
B9_TAATGAACAAGGGC_Salmonella_TA.Early,B9,TA.Early,Salmonella
B9_TAATGTGATCATTC_Salmonella_Enterocyte,B9,Enterocyte,Salmonella
B9_TACAAATGAGTCAC_Salmonella_Goblet,B9,Goblet,Salmonella
B9_TACCGCTGTTGCTT_Salmonella_Enterocyte,B9,Enterocyte,Salmonella
B9_TACGACGATAGCCA_Salmonella_Endocrine,B9,Endocrine,Salmonella
B9_TACGCAGACTCCAC_Salmonella_Enterocyte.Progenitor,B9,Enterocyte.Progenitor,Salmonella
B9_TACGCCACTTGGTG_Salmonella_Enterocyte,B9,Enterocyte,Salmonella
B9_TACGGAACACAGCT_Salmonella_Enterocyte,B9,Enterocyte,Salmonella
B9_TACGGCCTACTCTT_Salmonella_Enterocyte,B9,Enterocyte,Salmonella
B9_TACTAAGAGTTGAC_Salmonella_Enterocyte.Progenitor,B9,Enterocyte.Progenitor,Salmonella
B9_TACTCCCTCACTAG_Salmonella_TA,B9,TA,Salmonella
B9_TACTCCCTGTATGC_Salmonella_Goblet,B9,Goblet,Salmonella
B9_TACTCCCTTACGAC_Salmonella_Tuft,B9,Tuft,Salmonella
B9_TACTGTTGCGTACA_Salmonella_Enterocyte,B9,Enterocyte,Salmonella
B9_TACTGTTGTTGGCA_Salmonella_Stem,B9,Stem,Salmonella
B9_TAGACGTGAGCACT_Salmonella_TA.Early,B9,TA.Early,Salmonella
B9_TAGACGTGTTCGGA_Salmonella_Enterocyte,B9,Enterocyte,Salmonella
B9_TAGAGAGAATCGAC_Salmonella_Enterocyte,B9,Enterocyte,Salmonella
B9_TAGAGCACATCAGC_Salmonella_Enterocyte,B9,Enterocyte,Salmonella
B9_TAGATTGACATTTC_Salmonella_Enterocyte.Progenitor,B9,Enterocyte.Progenitor,Salmonella
B9_TAGCATCTGTTTGG_Salmonella_Enterocyte,B9,Enterocyte,Salmonella
B9_TAGCCCTGATGTGC_Salmonella_Enterocyte.Progenitor,B9,Enterocyte.Progenitor,Salmonella
B9_TAGGACTGCCCTCA_Salmonella_Enterocyte,B9,Enterocyte,Salmonella
B9_TAGGAGCTAGAAGT_Salmonella_Enterocyte,B9,Enterocyte,Salmonella
B9_TAGGCTGACGAGAG_Salmonella_Goblet,B9,Goblet,Salmonella
B9_TAGGGACTGTCGAT_Salmonella_Tuft,B9,Tuft,Salmonella
B9_TAGGTGTGAATCGC_Salmonella_TA.Early,B9,TA.Early,Salmonella
B9_TAGTAAACTTGCTT_Salmonella_Enterocyte,B9,Enterocyte,Salmonella
B9_TAGTACCTACTGTG_Salmonella_Enterocyte,B9,Enterocyte,Salmonella
B9_TAGTACCTTAAAGG_Salmonella_Enterocyte,B9,Enterocyte,Salmonella
B9_TAGTCACTATTTCC_Salmonella_Goblet,B9,Goblet,Salmonella
B9_TAGTCGGAATACCG_Salmonella_Stem,B9,Stem,Salmonella
B9_TAGTTAGAGCTACA_Salmonella_TA,B9,TA,Salmonella
B9_TAGTTCACTGATGC_Salmonella_TA.Early,B9,TA.Early,Salmonella
B9_TATAAGACGTCAAC_Salmonella_Enterocyte,B9,Enterocyte,Salmonella
B9_TATACAGAGAAGGC_Salmonella_TA.Early,B9,TA.Early,Salmonella
B9_TATACCACCCTTTA_Salmonella_Enterocyte,B9,Enterocyte,Salmonella
B9_TATAGATGTAAGCC_Salmonella_Enterocyte,B9,Enterocyte,Salmonella
B9_TATAGCCTGTTCAG_Salmonella_Enterocyte,B9,Enterocyte,Salmonella
B9_TATCCTGACAGTCA_Salmonella_TA,B9,TA,Salmonella
B9_TATCCTGACGTGTA_Salmonella_Stem,B9,Stem,Salmonella
B9_TATCGACTCATTTC_Salmonella_Enterocyte,B9,Enterocyte,Salmonella
B9_TATCGACTGCGGAA_Salmonella_Enterocyte,B9,Enterocyte,Salmonella
B9_TATCGACTTGTCGA_Salmonella_Enterocyte,B9,Enterocyte,Salmonella
B9_TATCTCGAACGGGA_Salmonella_TA.Early,B9,TA.Early,Salmonella
B9_TATCTCGAACTCTT_Salmonella_Enterocyte,B9,Enterocyte,Salmonella
B9_TATCTGACGTTGCA_Salmonella_Enterocyte.Progenitor,B9,Enterocyte.Progenitor,Salmonella
B9_TATCTTCTCGCATA_Salmonella_Goblet,B9,Goblet,Salmonella
B9_TATGCGGAATTCGG_Salmonella_TA.Early,B9,TA.Early,Salmonella
B9_TATGCGGAGCTATG_Salmonella_Stem,B9,Stem,Salmonella
B9_TATGTCTGTAGAAG_Salmonella_Enterocyte.Progenitor,B9,Enterocyte.Progenitor,Salmonella
B9_TATGTGCTTGAGCT_Salmonella_Stem,B9,Stem,Salmonella
B9_TATTGCTGTAGAAG_Salmonella_Enterocyte,B9,Enterocyte,Salmonella
B9_TCAACACTTAGAAG_Salmonella_TA.Early,B9,TA.Early,Salmonella
B9_TCAATAGACCTACC_Salmonella_Enterocyte,B9,Enterocyte,Salmonella
B9_TCACCGTGACTGTG_Salmonella_Enterocyte,B9,Enterocyte,Salmonella
B9_TCACCGTGTCTCCG_Salmonella_TA.Early,B9,TA.Early,Salmonella
B9_TCACCGTGTTCCGC_Salmonella_Stem,B9,Stem,Salmonella
B9_TCAGACGACACCAA_Salmonella_Enterocyte.Progenitor,B9,Enterocyte.Progenitor,Salmonella
B9_TCAGACGAGCTACA_Salmonella_Enterocyte.Progenitor,B9,Enterocyte.Progenitor,Salmonella
B9_TCAGCAGAGAAACA_Salmonella_TA.Early,B9,TA.Early,Salmonella
B9_TCAGCAGATGAGGG_Salmonella_Enterocyte.Progenitor,B9,Enterocyte.Progenitor,Salmonella
B9_TCAGCGCTCCCGTT_Salmonella_Enterocyte.Progenitor,B9,Enterocyte.Progenitor,Salmonella
B9_TCAGTGGACTTAGG_Salmonella_Enterocyte,B9,Enterocyte,Salmonella
B9_TCATCAACTGTCTT_Salmonella_Goblet,B9,Goblet,Salmonella
B9_TCATCATGAACGTC_Salmonella_Enterocyte,B9,Enterocyte,Salmonella
B9_TCATGTACACCCTC_Salmonella_Goblet,B9,Goblet,Salmonella
B9_TCATTCGACTACGA_Salmonella_TA.Early,B9,TA.Early,Salmonella
B9_TCATTCGATGATGC_Salmonella_TA.Early,B9,TA.Early,Salmonella
B9_TCCATAACCGTAAC_Salmonella_Enterocyte,B9,Enterocyte,Salmonella
B9_TCCATCCTTGACAC_Salmonella_Enterocyte,B9,Enterocyte,Salmonella
B9_TCCATCCTTGATGC_Salmonella_Enterocyte.Progenitor,B9,Enterocyte.Progenitor,Salmonella
B9_TCCTAAACTGTCAG_Salmonella_Enterocyte,B9,Enterocyte,Salmonella
B9_TCGAATCTTAGTCG_Salmonella_Enterocyte.Progenitor,B9,Enterocyte.Progenitor,Salmonella
B9_TCGAATCTTTCGCC_Salmonella_Enterocyte.Progenitor,B9,Enterocyte.Progenitor,Salmonella
B9_TCGACCTGCAGTTG_Salmonella_Enterocyte.Progenitor,B9,Enterocyte.Progenitor,Salmonella
B9_TCGAGAACGGTGAG_Salmonella_Endocrine,B9,Endocrine,Salmonella
B9_TCGATTTGTGCTGA_Salmonella_Goblet,B9,Goblet,Salmonella
B9_TCGCACACGACAGG_Salmonella_Enterocyte.Progenitor,B9,Enterocyte.Progenitor,Salmonella
B9_TCGCACTGGTATGC_Salmonella_Enterocyte,B9,Enterocyte,Salmonella
B9_TCGCAGCTGGAGGT_Salmonella_Enterocyte,B9,Enterocyte,Salmonella
B9_TCGGACCTCTGTCC_Salmonella_Enterocyte,B9,Enterocyte,Salmonella
B9_TCGGACCTTTGGTG_Salmonella_Enterocyte.Progenitor,B9,Enterocyte.Progenitor,Salmonella
B9_TCGGTAGAAGTACC_Salmonella_TA.Early,B9,TA.Early,Salmonella
B9_TCGGTAGATATTCC_Salmonella_TA.Early,B9,TA.Early,Salmonella
B9_TCGTAGGAATTTCC_Salmonella_TA.Early,B9,TA.Early,Salmonella
B9_TCTACAACCAGGAG_Salmonella_TA.Early,B9,TA.Early,Salmonella
B9_TCTACAACGCGAGA_Salmonella_Endocrine,B9,Endocrine,Salmonella
B9_TCTAGACTGAGCAG_Salmonella_Stem,B9,Stem,Salmonella
B9_TCTAGTTGTCAAGC_Salmonella_TA.Early,B9,TA.Early,Salmonella
B9_TCTATGTGTTTGCT_Salmonella_Enterocyte,B9,Enterocyte,Salmonella
B9_TCTCAAACAGCCTA_Salmonella_Enterocyte,B9,Enterocyte,Salmonella
B9_TCTCTAGAGGGAGT_Salmonella_TA,B9,TA,Salmonella
B9_TCTCTAGAGTAGGG_Salmonella_TA.Early,B9,TA.Early,Salmonella
B9_TCTTCAGAGGTGAG_Salmonella_Enterocyte.Progenitor,B9,Enterocyte.Progenitor,Salmonella
B9_TGAATAACAACGAA_Salmonella_TA.Early,B9,TA.Early,Salmonella
B9_TGACACGACTATTC_Salmonella_Enterocyte,B9,Enterocyte,Salmonella
B9_TGACCGCTGCGTAT_Salmonella_TA.Early,B9,TA.Early,Salmonella
B9_TGACTGGAGGTGGA_Salmonella_Enterocyte.Progenitor,B9,Enterocyte.Progenitor,Salmonella
B9_TGACTGGATGTCCC_Salmonella_Enterocyte.Progenitor,B9,Enterocyte.Progenitor,Salmonella
B9_TGAGACACACACGT_Salmonella_Goblet,B9,Goblet,Salmonella
B9_TGAGCAACCTCCCA_Salmonella_Enterocyte,B9,Enterocyte,Salmonella
B9_TGAGCTGAACGTAC_Salmonella_TA,B9,TA,Salmonella
B9_TGAGCTGAACTCAG_Salmonella_Enterocyte,B9,Enterocyte,Salmonella
B9_TGAGGACTCAGATC_Salmonella_TA.Early,B9,TA.Early,Salmonella
B9_TGATTAGAACAGTC_Salmonella_Enterocyte.Progenitor,B9,Enterocyte.Progenitor,Salmonella
B9_TGCAACGATGTAGC_Salmonella_TA.Early,B9,TA.Early,Salmonella
B9_TGCAAGACTTGTGG_Salmonella_TA.Early,B9,TA.Early,Salmonella
B9_TGCAGATGGGGACA_Salmonella_Enterocyte,B9,Enterocyte,Salmonella
B9_TGCCAAGACCTTTA_Salmonella_TA,B9,TA,Salmonella
B9_TGCCAAGAGAGGGT_Salmonella_Stem,B9,Stem,Salmonella
B9_TGCCAGCTTGGAAA_Salmonella_Stem,B9,Stem,Salmonella
B9_TGCGAAACCTAGCA_Salmonella_Enterocyte.Progenitor,B9,Enterocyte.Progenitor,Salmonella
B9_TGCGAAACTAGAGA_Salmonella_Enterocyte,B9,Enterocyte,Salmonella
B9_TGCGTAGATACTCT_Salmonella_TA.Early,B9,TA.Early,Salmonella
B9_TGCTATACTAGACC_Salmonella_Stem,B9,Stem,Salmonella
B9_TGGAAAGAGAATGA_Salmonella_Stem,B9,Stem,Salmonella
B9_TGGAACACGCTAAC_Salmonella_Enterocyte,B9,Enterocyte,Salmonella
B9_TGGACCCTACCTGA_Salmonella_Goblet,B9,Goblet,Salmonella
B9_TGGACCCTGACGTT_Salmonella_Stem,B9,Stem,Salmonella
B9_TGGAGACTTGACTG_Salmonella_Enterocyte,B9,Enterocyte,Salmonella
B9_TGGAGGGATCCCGT_Salmonella_Enterocyte,B9,Enterocyte,Salmonella
B9_TGGATGACTCACGA_Salmonella_Stem,B9,Stem,Salmonella
B9_TGGATTCTCTCCCA_Salmonella_TA,B9,TA,Salmonella
B9_TGGCAATGCAGTCA_Salmonella_Enterocyte.Progenitor,B9,Enterocyte.Progenitor,Salmonella
B9_TGGCAATGGTCAAC_Salmonella_Enterocyte.Progenitor,B9,Enterocyte.Progenitor,Salmonella
B9_TGGGTATGGAGCTT_Salmonella_TA.Early,B9,TA.Early,Salmonella
B9_TGGTAGTGACGTAC_Salmonella_Enterocyte,B9,Enterocyte,Salmonella
B9_TGGTAGTGCAAAGA_Salmonella_TA.Early,B9,TA.Early,Salmonella
B9_TGTAAAACCTAGAC_Salmonella_Enterocyte.Progenitor,B9,Enterocyte.Progenitor,Salmonella
B9_TGTAACCTATCTTC_Salmonella_Enterocyte.Progenitor,B9,Enterocyte.Progenitor,Salmonella
B9_TGTAACCTGATGAA_Salmonella_Enterocyte,B9,Enterocyte,Salmonella
B9_TGTAATGAGCTTAG_Salmonella_Enterocyte,B9,Enterocyte,Salmonella
B9_TGTAGGTGTGACAC_Salmonella_Enterocyte,B9,Enterocyte,Salmonella
B9_TGTATCTGTTGACG_Salmonella_TA.Early,B9,TA.Early,Salmonella
B9_TGTGAGACACACCA_Salmonella_TA,B9,TA,Salmonella
B9_TGTGATCTGGAACG_Salmonella_Enterocyte,B9,Enterocyte,Salmonella
B9_TGTGATCTGTTCGA_Salmonella_Enterocyte.Progenitor,B9,Enterocyte.Progenitor,Salmonella
B9_TGTGGATGCCACAA_Salmonella_Enterocyte.Progenitor,B9,Enterocyte.Progenitor,Salmonella
B9_TGTTACTGCTACGA_Salmonella_Goblet,B9,Goblet,Salmonella
B9_TTAACCACAAGGGC_Salmonella_Enterocyte.Progenitor,B9,Enterocyte.Progenitor,Salmonella
B9_TTACACACCCTCGT_Salmonella_Enterocyte,B9,Enterocyte,Salmonella
B9_TTACAGCTTGACTG_Salmonella_Endocrine,B9,Endocrine,Salmonella
B9_TTACGACTCCCGTT_Salmonella_TA.Early,B9,TA.Early,Salmonella
B9_TTAGACCTACTCAG_Salmonella_Goblet,B9,Goblet,Salmonella
B9_TTAGGGACCAGATC_Salmonella_TA.Early,B9,TA.Early,Salmonella
B9_TTAGGGTGGTTTCT_Salmonella_Enterocyte,B9,Enterocyte,Salmonella
B9_TTAGGTCTACGGGA_Salmonella_Enterocyte,B9,Enterocyte,Salmonella
B9_TTAGTCACAGACTC_Salmonella_TA,B9,TA,Salmonella
B9_TTAGTCACATCTCT_Salmonella_Goblet,B9,Goblet,Salmonella
B9_TTAGTCTGTAGCGT_Salmonella_Stem,B9,Stem,Salmonella
B9_TTATGAGAATGACC_Salmonella_Enterocyte,B9,Enterocyte,Salmonella
B9_TTATGGCTTGCCAA_Salmonella_Enterocyte,B9,Enterocyte,Salmonella
B9_TTCAAAGAGTTACG_Salmonella_Enterocyte.Progenitor,B9,Enterocyte.Progenitor,Salmonella
B9_TTCAAGCTTCAGGT_Salmonella_TA.Early,B9,TA.Early,Salmonella
B9_TTCAAGCTTGACTG_Salmonella_TA.Early,B9,TA.Early,Salmonella
B9_TTCACAACTTGGTG_Salmonella_Enterocyte,B9,Enterocyte,Salmonella
B9_TTCAGACTGTCGAT_Salmonella_Enterocyte,B9,Enterocyte,Salmonella
B9_TTCAGACTTGCTGA_Salmonella_Tuft,B9,Tuft,Salmonella
B9_TTCAGTACGAAGGC_Salmonella_Enterocyte,B9,Enterocyte,Salmonella
B9_TTCAGTTGAGCCTA_Salmonella_TA.Early,B9,TA.Early,Salmonella
B9_TTCATCGACCACAA_Salmonella_TA.Early,B9,TA.Early,Salmonella
B9_TTCATGACCTCGAA_Salmonella_Enterocyte,B9,Enterocyte,Salmonella
B9_TTCATTCTGCTCCT_Salmonella_Endocrine,B9,Endocrine,Salmonella
B9_TTCGATTGACTGTG_Salmonella_Enterocyte,B9,Enterocyte,Salmonella
B9_TTCTCAGAAGCACT_Salmonella_Enterocyte,B9,Enterocyte,Salmonella
B9_TTCTCAGACCAGTA_Salmonella_Enterocyte.Progenitor,B9,Enterocyte.Progenitor,Salmonella
B9_TTCTGATGGGAGCA_Salmonella_Enterocyte,B9,Enterocyte,Salmonella
B9_TTCTTACTGAGACG_Salmonella_TA.Early,B9,TA.Early,Salmonella
B9_TTGACACTAACCAC_Salmonella_Enterocyte,B9,Enterocyte,Salmonella
B9_TTGACACTAGCACT_Salmonella_TA.Early,B9,TA.Early,Salmonella
B9_TTGAGGACCGTTAG_Salmonella_TA.Early,B9,TA.Early,Salmonella
B9_TTGAGGACTCACCC_Salmonella_Stem,B9,Stem,Salmonella
B9_TTGATCTGGATAAG_Salmonella_TA.Early,B9,TA.Early,Salmonella
B9_TTGATCTGGGTACT_Salmonella_Enterocyte.Progenitor,B9,Enterocyte.Progenitor,Salmonella
B9_TTGCTATGTGTGAC_Salmonella_Enterocyte.Progenitor,B9,Enterocyte.Progenitor,Salmonella
B9_TTGGAGTGTGAGCT_Salmonella_Enterocyte,B9,Enterocyte,Salmonella
B9_TTGGGAACCCAGTA_Salmonella_Enterocyte,B9,Enterocyte,Salmonella
B9_TTGGGAACTTGTCT_Salmonella_TA,B9,TA,Salmonella
B9_TTGGTACTGAAAGT_Salmonella_Goblet,B9,Goblet,Salmonella
B9_TTGTAGCTGAGGTG_Salmonella_Stem,B9,Stem,Salmonella
B9_TTGTCATGTAGTCG_Salmonella_Enterocyte,B9,Enterocyte,Salmonella
B9_TTTAGGCTGGTTTG_Salmonella_Enterocyte,B9,Enterocyte,Salmonella
B9_TTTATCCTTAACCG_Salmonella_Stem,B9,Stem,Salmonella
B9_TTTCGAACTGCAAC_Salmonella_Enterocyte,B9,Enterocyte,Salmonella
B10_AAACATTGGTCATG_Salmonella_Enterocyte.Progenitor,B10,Enterocyte.Progenitor,Salmonella
B10_AAACCGTGGATAAG_Salmonella_Enterocyte.Progenitor,B10,Enterocyte.Progenitor,Salmonella
B10_AAACGCACATCACG_Salmonella_Enterocyte.Progenitor,B10,Enterocyte.Progenitor,Salmonella
B10_AAACGCACCTTCCG_Salmonella_TA,B10,TA,Salmonella
B10_AAACGCACTGCATG_Salmonella_Endocrine,B10,Endocrine,Salmonella
B10_AAACTTGAAGTAGA_Salmonella_Enterocyte,B10,Enterocyte,Salmonella
B10_AAAGATCTCAGAAA_Salmonella_TA.Early,B10,TA.Early,Salmonella
B10_AAAGATCTTCGACA_Salmonella_Enterocyte,B10,Enterocyte,Salmonella
B10_AAAGATCTTTGTGG_Salmonella_Enterocyte,B10,Enterocyte,Salmonella
B10_AAAGCCTGCTATTC_Salmonella_Goblet,B10,Goblet,Salmonella
B10_AAAGGCCTTCAGGT_Salmonella_Enterocyte,B10,Enterocyte,Salmonella
B10_AAAGGCCTTCCTAT_Salmonella_Enterocyte,B10,Enterocyte,Salmonella
B10_AAATCAACGAATCC_Salmonella_TA,B10,TA,Salmonella
B10_AAATCATGTTCCCG_Salmonella_Enterocyte,B10,Enterocyte,Salmonella
B10_AAATCCCTCGTTGA_Salmonella_TA.Early,B10,TA.Early,Salmonella
B10_AACAAACTCTGCAA_Salmonella_Enterocyte,B10,Enterocyte,Salmonella
B10_AACAATACCTAAGC_Salmonella_Enterocyte,B10,Enterocyte,Salmonella
B10_AACAATACTTGCTT_Salmonella_Enterocyte,B10,Enterocyte,Salmonella
B10_AACACGTGACCTAG_Salmonella_Stem,B10,Stem,Salmonella
B10_AACACGTGCGAGAG_Salmonella_Enterocyte,B10,Enterocyte,Salmonella
B10_AACACTCTACACCA_Salmonella_Stem,B10,Stem,Salmonella
B10_AACACTCTACACTG_Salmonella_Enterocyte,B10,Enterocyte,Salmonella
B10_AACAGAGATCGATG_Salmonella_TA.Early,B10,TA.Early,Salmonella
B10_AACCACGATCTCGC_Salmonella_TA,B10,TA,Salmonella
B10_AACCCAGAAAAGCA_Salmonella_Enterocyte,B10,Enterocyte,Salmonella
B10_AACCTTACTAGCGT_Salmonella_TA.Early,B10,TA.Early,Salmonella
B10_AACGCAACGCGAAG_Salmonella_Enterocyte,B10,Enterocyte,Salmonella
B10_AACGCATGGAGCTT_Salmonella_Enterocyte,B10,Enterocyte,Salmonella
B10_AACGCCCTCTGAAC_Salmonella_Enterocyte,B10,Enterocyte,Salmonella
B10_AACGGTTGCATGAC_Salmonella_Enterocyte,B10,Enterocyte,Salmonella
B10_AACGGTTGTAGAGA_Salmonella_Enterocyte.Progenitor,B10,Enterocyte.Progenitor,Salmonella
B10_AACGTTCTCTGCAA_Salmonella_Goblet,B10,Goblet,Salmonella
B10_AACTCACTAGTGCT_Salmonella_Enterocyte,B10,Enterocyte,Salmonella
B10_AACTCACTGAGACG_Salmonella_Enterocyte,B10,Enterocyte,Salmonella
B10_AACTCGGATACAGC_Salmonella_TA.Early,B10,TA.Early,Salmonella
B10_AACTGTCTATGTCG_Salmonella_TA,B10,TA,Salmonella
B10_AACTTGCTTTTGCT_Salmonella_TA.Early,B10,TA.Early,Salmonella
B10_AAGAACGAGTACAC_Salmonella_Stem,B10,Stem,Salmonella
B10_AAGAATCTAAGGTA_Salmonella_TA.Early,B10,TA.Early,Salmonella
B10_AAGATGGATGGTGT_Salmonella_TA.Early,B10,TA.Early,Salmonella
B10_AAGCAAGACTCTTA_Salmonella_Enterocyte,B10,Enterocyte,Salmonella
B10_AAGCCATGGGATTC_Salmonella_Enterocyte,B10,Enterocyte,Salmonella
B10_AAGCCATGGTTTGG_Salmonella_TA,B10,TA,Salmonella
B10_AAGCGACTGCTGTA_Salmonella_TA.Early,B10,TA.Early,Salmonella
B10_AAGGCTACAACGAA_Salmonella_Enterocyte,B10,Enterocyte,Salmonella
B10_AAGGCTACGACGAG_Salmonella_Goblet,B10,Goblet,Salmonella
B10_AAGGTCACTAGAAG_Salmonella_Stem,B10,Stem,Salmonella
B10_AAGGTCTGCCCAAA_Salmonella_Stem,B10,Stem,Salmonella
B10_AAGTAGGACGGGAA_Salmonella_Enterocyte,B10,Enterocyte,Salmonella
B10_AAGTCCGACCTTCG_Salmonella_Enterocyte,B10,Enterocyte,Salmonella
B10_AAGTCCGATGTCCC_Salmonella_Enterocyte,B10,Enterocyte,Salmonella
B10_AAGTCTCTTAACCG_Salmonella_Endocrine,B10,Endocrine,Salmonella
B10_AAGTGGCTCGACTA_Salmonella_Enterocyte,B10,Enterocyte,Salmonella
B10_AAGTTATGGGTAGG_Salmonella_Enterocyte.Progenitor,B10,Enterocyte.Progenitor,Salmonella
B10_AAGTTCCTCCGTTC_Salmonella_Enterocyte,B10,Enterocyte,Salmonella
B10_AATAACACTTCCCG_Salmonella_Goblet,B10,Goblet,Salmonella
B10_AATAAGCTGCTTAG_Salmonella_TA,B10,TA,Salmonella
B10_AATCCGGATGCTCC_Salmonella_TA.Early,B10,TA.Early,Salmonella
B10_AATCCTTGTTCAGG_Salmonella_Enterocyte,B10,Enterocyte,Salmonella
B10_AATCGGTGGTTCTT_Salmonella_Enterocyte,B10,Enterocyte,Salmonella
B10_AATCTCTGCATACG_Salmonella_TA,B10,TA,Salmonella
B10_AATGAGGAAGAATG_Salmonella_Enterocyte,B10,Enterocyte,Salmonella
B10_AATGATACCGACAT_Salmonella_TA.Early,B10,TA.Early,Salmonella
B10_AATGCGTGAGAAGT_Salmonella_TA,B10,TA,Salmonella
B10_AATGGAGACATTGG_Salmonella_Enterocyte,B10,Enterocyte,Salmonella
B10_AATGGAGATCCCAC_Salmonella_Enterocyte,B10,Enterocyte,Salmonella
B10_AATGTAACTTCCCG_Salmonella_Goblet,B10,Goblet,Salmonella
B10_AATGTTGACCATAG_Salmonella_Enterocyte,B10,Enterocyte,Salmonella
B10_AATTACGACTTATC_Salmonella_TA.Early,B10,TA.Early,Salmonella
B10_ACAACCGACCGTAA_Salmonella_Goblet,B10,Goblet,Salmonella
B10_ACAACCGACCTTCG_Salmonella_Stem,B10,Stem,Salmonella
B10_ACAACCGACTTGGA_Salmonella_Stem,B10,Stem,Salmonella
B10_ACACATCTAACGTC_Salmonella_Goblet,B10,Goblet,Salmonella
B10_ACACCAGACAGTTG_Salmonella_TA.Early,B10,TA.Early,Salmonella
B10_ACACCCTGACACGT_Salmonella_TA.Early,B10,TA.Early,Salmonella
B10_ACACCCTGTGGTTG_Salmonella_Enterocyte.Progenitor,B10,Enterocyte.Progenitor,Salmonella
B10_ACACGAACACTGTG_Salmonella_TA.Early,B10,TA.Early,Salmonella
B10_ACACGAACCACTCC_Salmonella_TA.Early,B10,TA.Early,Salmonella
B10_ACACGATGAGAGTA_Salmonella_Stem,B10,Stem,Salmonella
B10_ACACGTGATAAAGG_Salmonella_Enterocyte,B10,Enterocyte,Salmonella
B10_ACAGGTACTAAGCC_Salmonella_Enterocyte,B10,Enterocyte,Salmonella
B10_ACAGTCGATAAGCC_Salmonella_TA.Early,B10,TA.Early,Salmonella
B10_ACAGTGACTGGATC_Salmonella_Enterocyte,B10,Enterocyte,Salmonella
B10_ACAGTGTGCAGTCA_Salmonella_Enterocyte,B10,Enterocyte,Salmonella
B10_ACAGTGTGGTACCA_Salmonella_TA.Early,B10,TA.Early,Salmonella
B10_ACATCACTACGTGT_Salmonella_Enterocyte,B10,Enterocyte,Salmonella
B10_ACATGGTGACCTCC_Salmonella_Enterocyte,B10,Enterocyte,Salmonella
B10_ACATGGTGGATAAG_Salmonella_Goblet,B10,Goblet,Salmonella
B10_ACCAACGACTCTCG_Salmonella_Enterocyte,B10,Enterocyte,Salmonella
B10_ACCAACGAGCGTTA_Salmonella_TA.Early,B10,TA.Early,Salmonella
B10_ACCAACGAGGATCT_Salmonella_Enterocyte,B10,Enterocyte,Salmonella
B10_ACCACAGAAAACGA_Salmonella_Enterocyte,B10,Enterocyte,Salmonella
B10_ACCCAGCTACCTGA_Salmonella_Enterocyte,B10,Enterocyte,Salmonella
B10_ACCCGTTGCCTCAC_Salmonella_Enterocyte,B10,Enterocyte,Salmonella
B10_ACCCGTTGGTTAGC_Salmonella_Enterocyte,B10,Enterocyte,Salmonella
B10_ACCCTCGACTCCCA_Salmonella_Enterocyte,B10,Enterocyte,Salmonella
B10_ACCTCCGAGGATCT_Salmonella_Stem,B10,Stem,Salmonella
B10_ACCTCCGATCAAGC_Salmonella_TA.Early,B10,TA.Early,Salmonella
B10_ACGACCCTCTCCCA_Salmonella_Enterocyte.Progenitor,B10,Enterocyte.Progenitor,Salmonella
B10_ACGACCCTTTCGGA_Salmonella_TA.Early,B10,TA.Early,Salmonella
B10_ACGAGGGACGATAC_Salmonella_Enterocyte,B10,Enterocyte,Salmonella
B10_ACGAGGGATCGCTC_Salmonella_Enterocyte,B10,Enterocyte,Salmonella
B10_ACGATCGACTCTTA_Salmonella_TA.Early,B10,TA.Early,Salmonella
B10_ACGATCGAGTCACA_Salmonella_TA.Early,B10,TA.Early,Salmonella
B10_ACGATGACGTTCAG_Salmonella_TA.Early,B10,TA.Early,Salmonella
B10_ACGCAATGAAGCAA_Salmonella_Goblet,B10,Goblet,Salmonella
B10_ACGCCTTGCGTAAC_Salmonella_TA,B10,TA,Salmonella
B10_ACGCGGTGTGACAC_Salmonella_TA,B10,TA,Salmonella
B10_ACGCGGTGTTCTGT_Salmonella_Goblet,B10,Goblet,Salmonella
B10_ACGGAACTTTTCTG_Salmonella_Enterocyte,B10,Enterocyte,Salmonella
B10_ACGGAGGACACTGA_Salmonella_Enterocyte,B10,Enterocyte,Salmonella
B10_ACGGTATGACGTTG_Salmonella_Enterocyte,B10,Enterocyte,Salmonella
B10_ACGTAGACAGGTTC_Salmonella_TA.Early,B10,TA.Early,Salmonella
B10_ACGTAGACCTTGAG_Salmonella_TA.Early,B10,TA.Early,Salmonella
B10_ACGTCAGAAGCGTT_Salmonella_Enterocyte,B10,Enterocyte,Salmonella
B10_ACGTCCTGCATCAG_Salmonella_TA.Early,B10,TA.Early,Salmonella
B10_ACGTCGCTATGTCG_Salmonella_Enterocyte,B10,Enterocyte,Salmonella
B10_ACGTCGCTGCCCTT_Salmonella_TA.Early,B10,TA.Early,Salmonella
B10_ACGTTTACGTCTGA_Salmonella_TA.Early,B10,TA.Early,Salmonella
B10_ACGTTTACTCTCAT_Salmonella_Goblet,B10,Goblet,Salmonella
B10_ACGTTTACTGGAGG_Salmonella_Enterocyte.Progenitor,B10,Enterocyte.Progenitor,Salmonella
B10_ACTAAAACCGAACT_Salmonella_Enterocyte.Progenitor,B10,Enterocyte.Progenitor,Salmonella
B10_ACTAAAACTATCGG_Salmonella_Stem,B10,Stem,Salmonella
B10_ACTCAGGAGGTAGG_Salmonella_TA,B10,TA,Salmonella
B10_ACTCAGGAGTCGAT_Salmonella_Goblet,B10,Goblet,Salmonella
B10_ACTCCCGACCTATT_Salmonella_Enterocyte,B10,Enterocyte,Salmonella
B10_ACTCGAGATGGATC_Salmonella_Endocrine,B10,Endocrine,Salmonella
B10_ACTCGCACCCTCAC_Salmonella_Enterocyte,B10,Enterocyte,Salmonella
B10_ACTCTCCTCTGCTC_Salmonella_TA.Early,B10,TA.Early,Salmonella
B10_ACTGCCACAAGATG_Salmonella_Enterocyte,B10,Enterocyte,Salmonella
B10_ACTGGCCTGCCCTT_Salmonella_Enterocyte,B10,Enterocyte,Salmonella
B10_ACTGTTACGGTCAT_Salmonella_Goblet,B10,Goblet,Salmonella
B10_ACTTAAGATCAGTG_Salmonella_Enterocyte,B10,Enterocyte,Salmonella
B10_ACTTGACTTCCGTC_Salmonella_Goblet,B10,Goblet,Salmonella
B10_ACTTGGGACTGGTA_Salmonella_Enterocyte.Progenitor,B10,Enterocyte.Progenitor,Salmonella
B10_ACTTGTACCCCACT_Salmonella_Enterocyte,B10,Enterocyte,Salmonella
B10_ACTTGTACGTCTGA_Salmonella_Stem,B10,Stem,Salmonella
B10_ACTTTGTGTGTCGA_Salmonella_Tuft,B10,Tuft,Salmonella
B10_AGAACAGACCATGA_Salmonella_TA.Early,B10,TA.Early,Salmonella
B10_AGAACGCTCCTGTC_Salmonella_Enterocyte,B10,Enterocyte,Salmonella
B10_AGACTCGAACTCTT_Salmonella_Goblet,B10,Goblet,Salmonella
B10_AGACTCGATTCAGG_Salmonella_Enterocyte,B10,Enterocyte,Salmonella
B10_AGACTGACAGTACC_Salmonella_Enterocyte,B10,Enterocyte,Salmonella
B10_AGAGAAACTTACCT_Salmonella_Stem,B10,Stem,Salmonella
B10_AGAGAATGCTAGCA_Salmonella_Enterocyte,B10,Enterocyte,Salmonella
B10_AGAGAATGTCAAGC_Salmonella_TA.Early,B10,TA.Early,Salmonella
B10_AGAGATGAAAAGCA_Salmonella_Enterocyte,B10,Enterocyte,Salmonella
B10_AGAGCTACGAAGGC_Salmonella_Enterocyte,B10,Enterocyte,Salmonella
B10_AGAGTCACCCTCAC_Salmonella_TA.Early,B10,TA.Early,Salmonella
B10_AGAGTCACGTATCG_Salmonella_Enterocyte,B10,Enterocyte,Salmonella
B10_AGATCGTGAGGTCT_Salmonella_Enterocyte.Progenitor,B10,Enterocyte.Progenitor,Salmonella
B10_AGATCTCTTTGCAG_Salmonella_Stem,B10,Stem,Salmonella
B10_AGATTAACCAGATC_Salmonella_Goblet,B10,Goblet,Salmonella
B10_AGATTAACCTACGA_Salmonella_Enterocyte,B10,Enterocyte,Salmonella
B10_AGATTCCTCCCAAA_Salmonella_Stem,B10,Stem,Salmonella
B10_AGATTCCTTTCATC_Salmonella_Enterocyte,B10,Enterocyte,Salmonella
B10_AGCAAAGACAAGCT_Salmonella_Stem,B10,Stem,Salmonella
B10_AGCAACACAGTGTC_Salmonella_TA.Early,B10,TA.Early,Salmonella
B10_AGCAACACCTTCGC_Salmonella_TA.Early,B10,TA.Early,Salmonella
B10_AGCAAGCTCTTAGG_Salmonella_Endocrine,B10,Endocrine,Salmonella
B10_AGCACTGACAGGAG_Salmonella_Enterocyte,B10,Enterocyte,Salmonella
B10_AGCACTGATCTCTA_Salmonella_TA.Early,B10,TA.Early,Salmonella
B10_AGCATGACAGAGAT_Salmonella_Enterocyte.Progenitor,B10,Enterocyte.Progenitor,Salmonella
B10_AGCATTCTCTGGTA_Salmonella_Stem,B10,Stem,Salmonella
B10_AGCCAATGGCTACA_Salmonella_TA.Early,B10,TA.Early,Salmonella
B10_AGCCGGACATCTCT_Salmonella_Enterocyte,B10,Enterocyte,Salmonella
B10_AGCCGGTGACCAGT_Salmonella_Enterocyte,B10,Enterocyte,Salmonella
B10_AGCCGTCTAGATGA_Salmonella_Enterocyte,B10,Enterocyte,Salmonella
B10_AGCGAACTGTACGT_Salmonella_Stem,B10,Stem,Salmonella
B10_AGCGCTCTCACACA_Salmonella_Enterocyte.Progenitor,B10,Enterocyte.Progenitor,Salmonella
B10_AGCGCTCTTGACCA_Salmonella_Enterocyte,B10,Enterocyte,Salmonella
B10_AGCTGAACGTTTCT_Salmonella_Enterocyte.Progenitor,B10,Enterocyte.Progenitor,Salmonella
B10_AGCTGCCTTCCGTC_Salmonella_TA,B10,TA,Salmonella
B10_AGCTGTGATGTGGT_Salmonella_Endocrine,B10,Endocrine,Salmonella
B10_AGCTTACTTCACCC_Salmonella_Stem,B10,Stem,Salmonella
B10_AGCTTTACAGCTAC_Salmonella_Tuft,B10,Tuft,Salmonella
B10_AGGAACCTACCTAG_Salmonella_Enterocyte,B10,Enterocyte,Salmonella
B10_AGGAACCTGCCTTC_Salmonella_Enterocyte,B10,Enterocyte,Salmonella
B10_AGGACACTTAAAGG_Salmonella_TA.Early,B10,TA.Early,Salmonella
B10_AGGACTTGATCGTG_Salmonella_Enterocyte,B10,Enterocyte,Salmonella
B10_AGGAGTCTAGCTCA_Salmonella_Enterocyte,B10,Enterocyte,Salmonella
B10_AGGGCCTGACACAC_Salmonella_Enterocyte,B10,Enterocyte,Salmonella
B10_AGGGCCTGCCAATG_Salmonella_Goblet,B10,Goblet,Salmonella
B10_AGGTACACCAGAGG_Salmonella_Enterocyte.Progenitor,B10,Enterocyte.Progenitor,Salmonella
B10_AGGTACACGACTAC_Salmonella_Enterocyte,B10,Enterocyte,Salmonella
B10_AGGTACTGGTATGC_Salmonella_Endocrine,B10,Endocrine,Salmonella
B10_AGGTACTGTTGTCT_Salmonella_Stem,B10,Stem,Salmonella
B10_AGGTCATGCGTTAG_Salmonella_Enterocyte,B10,Enterocyte,Salmonella
B10_AGGTCATGGGTGGA_Salmonella_Goblet,B10,Goblet,Salmonella
B10_AGTAAGGAGTCTTT_Salmonella_Enterocyte,B10,Enterocyte,Salmonella
B10_AGTAATTGTGAACC_Salmonella_Enterocyte,B10,Enterocyte,Salmonella
B10_AGTACGTGCTCGAA_Salmonella_Enterocyte.Progenitor,B10,Enterocyte.Progenitor,Salmonella
B10_AGTACGTGTGTTTC_Salmonella_Stem,B10,Stem,Salmonella
B10_AGTAGGCTGCATAC_Salmonella_TA,B10,TA,Salmonella
B10_AGTATCCTTCACGA_Salmonella_Enterocyte,B10,Enterocyte,Salmonella
B10_AGTCAGACGTGCAT_Salmonella_TA,B10,TA,Salmonella
B10_AGTCTACTAGATGA_Salmonella_Enterocyte,B10,Enterocyte,Salmonella
B10_AGTCTACTTGTGCA_Salmonella_TA,B10,TA,Salmonella
B10_AGTGAAGAGGACGA_Salmonella_Goblet,B10,Goblet,Salmonella
B10_AGTGACACGTATGC_Salmonella_TA.Early,B10,TA.Early,Salmonella
B10_AGTGACTGGCTTCC_Salmonella_Enterocyte,B10,Enterocyte,Salmonella
B10_AGTGCAACCGCATA_Salmonella_Stem,B10,Stem,Salmonella
B10_AGTGTGACTACTTC_Salmonella_Stem,B10,Stem,Salmonella
B10_AGTGTGACTAGTCG_Salmonella_Enterocyte,B10,Enterocyte,Salmonella
B10_AGTTATGATGCTCC_Salmonella_Enterocyte,B10,Enterocyte,Salmonella
B10_AGTTCTACAAGGCG_Salmonella_Endocrine,B10,Endocrine,Salmonella
B10_AGTTCTTGACCACA_Salmonella_Enterocyte,B10,Enterocyte,Salmonella
B10_AGTTCTTGAGAAGT_Salmonella_Enterocyte,B10,Enterocyte,Salmonella
B10_AGTTCTTGGAGGGT_Salmonella_Enterocyte,B10,Enterocyte,Salmonella
B10_AGTTCTTGTGCCTC_Salmonella_Enterocyte,B10,Enterocyte,Salmonella
B10_AGTTGTCTAAAACG_Salmonella_Enterocyte.Progenitor,B10,Enterocyte.Progenitor,Salmonella
B10_AGTTTAGATGCAAC_Salmonella_Enterocyte,B10,Enterocyte,Salmonella
B10_AGTTTCACGTTTCT_Salmonella_TA,B10,TA,Salmonella
B10_AGTTTGCTAGCCAT_Salmonella_Enterocyte,B10,Enterocyte,Salmonella
B10_ATAAACACTGTCAG_Salmonella_Enterocyte.Progenitor,B10,Enterocyte.Progenitor,Salmonella
B10_ATAACAACGGTTCA_Salmonella_Enterocyte.Progenitor,B10,Enterocyte.Progenitor,Salmonella
B10_ATAACATGACCACA_Salmonella_Stem,B10,Stem,Salmonella
B10_ATAAGTACTGTCAG_Salmonella_Enterocyte,B10,Enterocyte,Salmonella
B10_ATAAGTTGTAAAGG_Salmonella_TA.Early,B10,TA.Early,Salmonella
B10_ATAATGACGAACCT_Salmonella_Enterocyte,B10,Enterocyte,Salmonella
B10_ATACCTACAGAATG_Salmonella_TA.Early,B10,TA.Early,Salmonella
B10_ATACCTACTGCTTT_Salmonella_Enterocyte.Progenitor,B10,Enterocyte.Progenitor,Salmonella
B10_ATAGAACTTCCTAT_Salmonella_Enterocyte,B10,Enterocyte,Salmonella
B10_ATAGCGTGGCTACA_Salmonella_TA.Early,B10,TA.Early,Salmonella
B10_ATAGCGTGTTCTCA_Salmonella_TA,B10,TA,Salmonella
B10_ATAGGAGAATCTTC_Salmonella_Enterocyte,B10,Enterocyte,Salmonella
B10_ATATAGTGGGTAGG_Salmonella_Enterocyte,B10,Enterocyte,Salmonella
B10_ATATGAACCAACCA_Salmonella_Enterocyte,B10,Enterocyte,Salmonella
B10_ATATGAACTTGGCA_Salmonella_TA,B10,TA,Salmonella
B10_ATATGCCTGGGACA_Salmonella_Goblet,B10,Goblet,Salmonella
B10_ATCAAATGTTCACT_Salmonella_TA,B10,TA,Salmonella
B10_ATCAACCTGTTGAC_Salmonella_TA,B10,TA,Salmonella
B10_ATCACTTGGAACTC_Salmonella_TA,B10,TA,Salmonella
B10_ATCACTTGTTCGGA_Salmonella_Enterocyte,B10,Enterocyte,Salmonella
B10_ATCATCTGCCTACC_Salmonella_Enterocyte,B10,Enterocyte,Salmonella
B10_ATCATGCTAACGTC_Salmonella_TA.Early,B10,TA.Early,Salmonella
B10_ATCATGCTCTCGCT_Salmonella_Goblet,B10,Goblet,Salmonella
B10_ATCCATACGGTATC_Salmonella_Enterocyte,B10,Enterocyte,Salmonella
B10_ATCCATACTTCACT_Salmonella_Enterocyte,B10,Enterocyte,Salmonella
B10_ATCCCGTGAGCCTA_Salmonella_Enterocyte,B10,Enterocyte,Salmonella
B10_ATCCCGTGTGGCAT_Salmonella_Stem,B10,Stem,Salmonella
B10_ATCCGCACGCCCTT_Salmonella_Enterocyte,B10,Enterocyte,Salmonella
B10_ATCCGCACGTCTGA_Salmonella_Enterocyte.Progenitor,B10,Enterocyte.Progenitor,Salmonella
B10_ATCGACGAAACGAA_Salmonella_Enterocyte,B10,Enterocyte,Salmonella
B10_ATCGACGACCCAAA_Salmonella_Enterocyte.Progenitor,B10,Enterocyte.Progenitor,Salmonella
B10_ATCGACGACTTAGG_Salmonella_Enterocyte,B10,Enterocyte,Salmonella
B10_ATCGACGATAGACC_Salmonella_Enterocyte,B10,Enterocyte,Salmonella
B10_ATCGACGATGAGGG_Salmonella_Enterocyte,B10,Enterocyte,Salmonella
B10_ATCGAGTGACACAC_Salmonella_Enterocyte,B10,Enterocyte,Salmonella
B10_ATCGCAGACGTCTC_Salmonella_Stem,B10,Stem,Salmonella
B10_ATCGCAGACTACGA_Salmonella_Enterocyte,B10,Enterocyte,Salmonella
B10_ATCGCCACGCATAC_Salmonella_Stem,B10,Stem,Salmonella
B10_ATCGCCACTTCGTT_Salmonella_Enterocyte.Progenitor,B10,Enterocyte.Progenitor,Salmonella
B10_ATCGCCTGCGAATC_Salmonella_Enterocyte,B10,Enterocyte,Salmonella
B10_ATCGCGCTTTGGTG_Salmonella_TA.Early,B10,TA.Early,Salmonella
B10_ATCGGAACCACTAG_Salmonella_TA.Early,B10,TA.Early,Salmonella
B10_ATCGGAACTGCATG_Salmonella_Enterocyte,B10,Enterocyte,Salmonella
B10_ATCGGTGAAGAATG_Salmonella_TA.Early,B10,TA.Early,Salmonella
B10_ATCGTTTGGCAAGG_Salmonella_Enterocyte,B10,Enterocyte,Salmonella
B10_ATCTACACGCAGAG_Salmonella_Enterocyte,B10,Enterocyte,Salmonella
B10_ATCTACTGGGATTC_Salmonella_Enterocyte,B10,Enterocyte,Salmonella
B10_ATCTCAACGCCAAT_Salmonella_Enterocyte,B10,Enterocyte,Salmonella
B10_ATCTCAACTGACAC_Salmonella_Stem,B10,Stem,Salmonella
B10_ATCTCAACTGACTG_Salmonella_TA.Early,B10,TA.Early,Salmonella
B10_ATCTGGGACGTGAT_Salmonella_Enterocyte,B10,Enterocyte,Salmonella
B10_ATCTTGACATGTCG_Salmonella_Enterocyte.Progenitor,B10,Enterocyte.Progenitor,Salmonella
B10_ATCTTTCTATCTCT_Salmonella_Stem,B10,Stem,Salmonella
B10_ATCTTTCTTCTCCG_Salmonella_Goblet,B10,Goblet,Salmonella
B10_ATGAAGGATTATCC_Salmonella_TA.Early,B10,TA.Early,Salmonella
B10_ATGACGTGCTTAGG_Salmonella_Enterocyte,B10,Enterocyte,Salmonella
B10_ATGAGAGAGCAAGG_Salmonella_TA.Early,B10,TA.Early,Salmonella
B10_ATGATAACACTGGT_Salmonella_Enterocyte,B10,Enterocyte,Salmonella
B10_ATGATATGCTGAAC_Salmonella_Endocrine,B10,Endocrine,Salmonella
B10_ATGATATGGGGATG_Salmonella_Enterocyte,B10,Enterocyte,Salmonella
B10_ATGCCAGACTGTGA_Salmonella_Stem,B10,Stem,Salmonella
B10_ATGCCAGATGATGC_Salmonella_Endocrine,B10,Endocrine,Salmonella
B10_ATGTAAACAAGTGA_Salmonella_Enterocyte.Progenitor,B10,Enterocyte.Progenitor,Salmonella
B10_ATGTAAACTTTGTC_Salmonella_Stem,B10,Stem,Salmonella
B10_ATGTACCTGGACGA_Salmonella_Enterocyte,B10,Enterocyte,Salmonella
B10_ATGTACCTGGTATC_Salmonella_Stem,B10,Stem,Salmonella
B10_ATGTCACTTTCAGG_Salmonella_Enterocyte,B10,Enterocyte,Salmonella
B10_ATGTTCACAGGTTC_Salmonella_Enterocyte,B10,Enterocyte,Salmonella
B10_ATTCCAACCAACCA_Salmonella_Stem,B10,Stem,Salmonella
B10_ATTCCAACGGTGTT_Salmonella_Tuft,B10,Tuft,Salmonella
B10_ATTCGGGACTGAGT_Salmonella_TA.Early,B10,TA.Early,Salmonella
B10_ATTCTTCTTGAAGA_Salmonella_Stem,B10,Stem,Salmonella
B10_ATTGATGAGGTAAA_Salmonella_TA.Early,B10,TA.Early,Salmonella
B10_ATTTAGGATCTCTA_Salmonella_Enterocyte,B10,Enterocyte,Salmonella
B10_ATTTCCGAATTCGG_Salmonella_Enterocyte,B10,Enterocyte,Salmonella
B10_CAAAGCTGGGTCAT_Salmonella_Enterocyte,B10,Enterocyte,Salmonella
B10_CAAATATGTCCTGC_Salmonella_Stem,B10,Stem,Salmonella
B10_CAAATATGTGCAAC_Salmonella_Enterocyte,B10,Enterocyte,Salmonella
B10_CAAATTGAAACCAC_Salmonella_Enterocyte,B10,Enterocyte,Salmonella
B10_CAACCGCTACGCTA_Salmonella_Enterocyte,B10,Enterocyte,Salmonella
B10_CAACCGCTTAGTCG_Salmonella_Stem,B10,Stem,Salmonella
B10_CAACGATGCGAACT_Salmonella_Enterocyte,B10,Enterocyte,Salmonella
B10_CAACGTGAATCGGT_Salmonella_TA,B10,TA,Salmonella
B10_CAACGTGACTGTTT_Salmonella_TA.Early,B10,TA.Early,Salmonella
B10_CAACTTTGCGGAGA_Salmonella_Enterocyte,B10,Enterocyte,Salmonella
B10_CAAGACTGTTATCC_Salmonella_Stem,B10,Stem,Salmonella
B10_CAAGCTGAGCGATT_Salmonella_Stem,B10,Stem,Salmonella
B10_CAAGGTTGCTACTT_Salmonella_Stem,B10,Stem,Salmonella
B10_CAAGTCGAGAGGCA_Salmonella_Stem,B10,Stem,Salmonella
B10_CAAGTTCTACCTCC_Salmonella_Goblet,B10,Goblet,Salmonella
B10_CAAGTTCTGGAGGT_Salmonella_Enterocyte.Progenitor,B10,Enterocyte.Progenitor,Salmonella
B10_CAATAATGAGTCTG_Salmonella_Enterocyte,B10,Enterocyte,Salmonella
B10_CAATCGGACATACG_Salmonella_Enterocyte,B10,Enterocyte,Salmonella
B10_CAATCGGATTTCTG_Salmonella_Stem,B10,Stem,Salmonella
B10_CAATTCTGCGAGAG_Salmonella_Enterocyte,B10,Enterocyte,Salmonella
B10_CACAATCTCCGTAA_Salmonella_Enterocyte,B10,Enterocyte,Salmonella
B10_CACACCTGCTCCAC_Salmonella_Enterocyte,B10,Enterocyte,Salmonella
B10_CACAGAACACCCAA_Salmonella_Enterocyte,B10,Enterocyte,Salmonella
B10_CACAGAACTCGATG_Salmonella_Enterocyte,B10,Enterocyte,Salmonella
B10_CACAGATGTCTACT_Salmonella_Endocrine,B10,Endocrine,Salmonella
B10_CACAGTGACTATGG_Salmonella_Enterocyte,B10,Enterocyte,Salmonella
B10_CACATACTCCTCCA_Salmonella_Goblet,B10,Goblet,Salmonella
B10_CACCCATGTGACCA_Salmonella_TA.Early,B10,TA.Early,Salmonella
B10_CACCCATGTTCTGT_Salmonella_Enterocyte.Progenitor,B10,Enterocyte.Progenitor,Salmonella
B10_CACCGTTGCCTGAA_Salmonella_Goblet,B10,Goblet,Salmonella
B10_CACCTGACATCGTG_Salmonella_Enterocyte,B10,Enterocyte,Salmonella
B10_CACGAAACACCCAA_Salmonella_TA.Early,B10,TA.Early,Salmonella
B10_CACGAAACTTGTCT_Salmonella_TA.Early,B10,TA.Early,Salmonella
B10_CACGACCTTAGTCG_Salmonella_Goblet,B10,Goblet,Salmonella
B10_CACGATGAACGGGA_Salmonella_Endocrine,B10,Endocrine,Salmonella
B10_CACGCTACCATGGT_Salmonella_Enterocyte,B10,Enterocyte,Salmonella
B10_CACTAACTGTCTGA_Salmonella_TA,B10,TA,Salmonella
B10_CACTAGGAACACTG_Salmonella_Stem,B10,Stem,Salmonella
B10_CACTATACAGTGTC_Salmonella_Enterocyte,B10,Enterocyte,Salmonella
B10_CACTATACTACAGC_Salmonella_Enterocyte.Progenitor,B10,Enterocyte.Progenitor,Salmonella
B10_CACTCTCTAGATGA_Salmonella_Stem,B10,Stem,Salmonella
B10_CACTGAGAAAGAGT_Salmonella_TA,B10,TA,Salmonella
B10_CACTGAGAACACAC_Salmonella_Endocrine,B10,Endocrine,Salmonella
B10_CACTGCACGGTAAA_Salmonella_Enterocyte,B10,Enterocyte,Salmonella
B10_CACTTATGCTCGCT_Salmonella_Stem,B10,Stem,Salmonella
B10_CAGACAACTCGTAG_Salmonella_Enterocyte,B10,Enterocyte,Salmonella
B10_CAGACATGGGTAGG_Salmonella_Stem,B10,Stem,Salmonella
B10_CAGACTGAGGTATC_Salmonella_Enterocyte,B10,Enterocyte,Salmonella
B10_CAGAGGGAACCCTC_Salmonella_TA.Early,B10,TA.Early,Salmonella
B10_CAGATGACCTTACT_Salmonella_Enterocyte,B10,Enterocyte,Salmonella
B10_CAGCATGAGTACAC_Salmonella_TA.Early,B10,TA.Early,Salmonella
B10_CAGCTCTGTCGTAG_Salmonella_Enterocyte,B10,Enterocyte,Salmonella
B10_CAGGAACTCCATAG_Salmonella_Endocrine,B10,Endocrine,Salmonella
B10_CAGGCCGAATACCG_Salmonella_Enterocyte,B10,Enterocyte,Salmonella
B10_CAGGCCGAATTCCT_Salmonella_Enterocyte,B10,Enterocyte,Salmonella
B10_CAGGCCGATTGCGA_Salmonella_Endocrine,B10,Endocrine,Salmonella
B10_CAGGGCACTTCTAC_Salmonella_TA,B10,TA,Salmonella
B10_CAGTGTGAACCATG_Salmonella_Enterocyte.Progenitor,B10,Enterocyte.Progenitor,Salmonella
B10_CAGTTGGAATGCTG_Salmonella_Goblet,B10,Goblet,Salmonella
B10_CAGTTGGACGTGAT_Salmonella_TA.Early,B10,TA.Early,Salmonella
B10_CATAAAACTCTCCG_Salmonella_Enterocyte,B10,Enterocyte,Salmonella
B10_CATAACCTAGTGCT_Salmonella_Enterocyte,B10,Enterocyte,Salmonella
B10_CATAGTCTGAGACG_Salmonella_Stem,B10,Stem,Salmonella
B10_CATATAGATGACCA_Salmonella_Enterocyte,B10,Enterocyte,Salmonella
B10_CATCAACTCCGTAA_Salmonella_Goblet,B10,Goblet,Salmonella
B10_CATCATACACGTGT_Salmonella_Enterocyte,B10,Enterocyte,Salmonella
B10_CATCATACCAGAGG_Salmonella_Enterocyte,B10,Enterocyte,Salmonella
B10_CATCGGCTTTGACG_Salmonella_Enterocyte.Progenitor,B10,Enterocyte.Progenitor,Salmonella
B10_CATCTTGACAAGCT_Salmonella_TA.Early,B10,TA.Early,Salmonella
B10_CATCTTGAGTGCTA_Salmonella_Goblet,B10,Goblet,Salmonella
B10_CATGGATGAGTAGA_Salmonella_Enterocyte,B10,Enterocyte,Salmonella
B10_CATGGCCTTGAACC_Salmonella_Stem,B10,Stem,Salmonella
B10_CATGTTACAAAGTG_Salmonella_TA.Early,B10,TA.Early,Salmonella
B10_CATGTTACTTTCAC_Salmonella_TA.Early,B10,TA.Early,Salmonella
B10_CATGTTTGGGTCAT_Salmonella_Enterocyte,B10,Enterocyte,Salmonella
B10_CATTCCCTGGAAAT_Salmonella_TA.Early,B10,TA.Early,Salmonella
B10_CATTCCCTTTTGGG_Salmonella_Goblet,B10,Goblet,Salmonella
B10_CATTGGGAATGTCG_Salmonella_TA,B10,TA,Salmonella
B10_CATTGTACCGACTA_Salmonella_TA,B10,TA,Salmonella
B10_CATTGTTGCAACTG_Salmonella_Enterocyte,B10,Enterocyte,Salmonella
B10_CATTTGACCATGCA_Salmonella_Enterocyte,B10,Enterocyte,Salmonella
B10_CCAAAGTGAAGATG_Salmonella_Goblet,B10,Goblet,Salmonella
B10_CCAACCTGACGGGA_Salmonella_TA,B10,TA,Salmonella
B10_CCAAGAACCAATCG_Salmonella_Enterocyte,B10,Enterocyte,Salmonella
B10_CCAAGAACGTTCTT_Salmonella_TA.Early,B10,TA.Early,Salmonella
B10_CCAAGATGGTTTGG_Salmonella_Enterocyte,B10,Enterocyte,Salmonella
B10_CCAATTTGAGAATG_Salmonella_Enterocyte,B10,Enterocyte,Salmonella
B10_CCAATTTGTCGTGA_Salmonella_Enterocyte,B10,Enterocyte,Salmonella
B10_CCAGAAACGGCGAA_Salmonella_TA.Early,B10,TA.Early,Salmonella
B10_CCAGAAACTAAAGG_Salmonella_TA.Early,B10,TA.Early,Salmonella
B10_CCAGAAACTAGACC_Salmonella_TA.Early,B10,TA.Early,Salmonella
B10_CCAGAAACTATGGC_Salmonella_Enterocyte.Progenitor,B10,Enterocyte.Progenitor,Salmonella
B10_CCAGCACTGTATGC_Salmonella_TA,B10,TA,Salmonella
B10_CCAGCGGAGTCTTT_Salmonella_Enterocyte.Progenitor,B10,Enterocyte.Progenitor,Salmonella
B10_CCAGCTACAGCAAA_Salmonella_Stem,B10,Stem,Salmonella
B10_CCAGTGCTTCGATG_Salmonella_Stem,B10,Stem,Salmonella
B10_CCATAGGAGTCATG_Salmonella_Goblet,B10,Goblet,Salmonella
B10_CCATAGGATGTGCA_Salmonella_Endocrine,B10,Endocrine,Salmonella
B10_CCATATACTACGCA_Salmonella_Stem,B10,Stem,Salmonella
B10_CCATATACTCACCC_Salmonella_TA,B10,TA,Salmonella
B10_CCATATACTTGGTG_Salmonella_Enterocyte,B10,Enterocyte,Salmonella
B10_CCATCGTGCGACAT_Salmonella_Enterocyte.Progenitor,B10,Enterocyte.Progenitor,Salmonella
B10_CCATCGTGCTCATT_Salmonella_Enterocyte,B10,Enterocyte,Salmonella
B10_CCATTAACGGTGTT_Salmonella_Stem,B10,Stem,Salmonella
B10_CCCAACACATAAGG_Salmonella_TA.Early,B10,TA.Early,Salmonella
B10_CCCACATGTCACGA_Salmonella_Enterocyte,B10,Enterocyte,Salmonella
B10_CCCAGACTTGCACA_Salmonella_TA.Early,B10,TA.Early,Salmonella
B10_CCCAGTTGCTACTT_Salmonella_Enterocyte.Progenitor,B10,Enterocyte.Progenitor,Salmonella
B10_CCCATCGACTGACA_Salmonella_Enterocyte,B10,Enterocyte,Salmonella
B10_CCCATGTGGGAACG_Salmonella_Stem,B10,Stem,Salmonella
B10_CCCGGAGAGTGTTG_Salmonella_Goblet,B10,Goblet,Salmonella
B10_CCCTAGTGGGAGGT_Salmonella_Goblet,B10,Goblet,Salmonella
B10_CCCTCAGACCATGA_Salmonella_Enterocyte,B10,Enterocyte,Salmonella
B10_CCCTCAGACTTGAG_Salmonella_Enterocyte,B10,Enterocyte,Salmonella
B10_CCCTCAGAGTCACA_Salmonella_Stem,B10,Stem,Salmonella
B10_CCCTCAGATCACCC_Salmonella_TA,B10,TA,Salmonella
B10_CCGAAAACATCACG_Salmonella_Enterocyte,B10,Enterocyte,Salmonella
B10_CCGACTACTACTCT_Salmonella_TA.Early,B10,TA.Early,Salmonella
B10_CCGACTACTTTCGT_Salmonella_Enterocyte.Progenitor,B10,Enterocyte.Progenitor,Salmonella
B10_CCGATAGAACGGAG_Salmonella_Enterocyte.Progenitor,B10,Enterocyte.Progenitor,Salmonella
B10_CCGGAGACTACTCT_Salmonella_TA.Early,B10,TA.Early,Salmonella
B10_CCGTAAGACGGAGA_Salmonella_Stem,B10,Stem,Salmonella
B10_CCGTAAGAGAGACG_Salmonella_Endocrine,B10,Endocrine,Salmonella
B10_CCTCGAACTTGCGA_Salmonella_Enterocyte,B10,Enterocyte,Salmonella
B10_CCTCTACTTCCGTC_Salmonella_Enterocyte.Progenitor,B10,Enterocyte.Progenitor,Salmonella
B10_CCTTAATGAGTTCG_Salmonella_Stem,B10,Stem,Salmonella
B10_CCTTCACTTACTCT_Salmonella_TA,B10,TA,Salmonella
B10_CGAAGACTTGTCAG_Salmonella_Enterocyte,B10,Enterocyte,Salmonella
B10_CGAAGGGACGAACT_Salmonella_Stem,B10,Stem,Salmonella
B10_CGAAGTACTGCATG_Salmonella_TA.Early,B10,TA.Early,Salmonella
B10_CGAATCGATTCATC_Salmonella_Enterocyte,B10,Enterocyte,Salmonella
B10_CGACCACTCAGAGG_Salmonella_TA.Early,B10,TA.Early,Salmonella
B10_CGACCGGAGTCGTA_Salmonella_Enterocyte.Progenitor,B10,Enterocyte.Progenitor,Salmonella
B10_CGACCTACTGTGCA_Salmonella_TA,B10,TA,Salmonella
B10_CGACTCTGAGAGGC_Salmonella_Enterocyte,B10,Enterocyte,Salmonella
B10_CGAGATTGATGGTC_Salmonella_Stem,B10,Stem,Salmonella
B10_CGAGCCGAAGTGCT_Salmonella_Enterocyte.Progenitor,B10,Enterocyte.Progenitor,Salmonella
B10_CGAGCCGACAGAAA_Salmonella_Tuft,B10,Tuft,Salmonella
B10_CGAGCCGACTCCAC_Salmonella_Enterocyte.Progenitor,B10,Enterocyte.Progenitor,Salmonella
B10_CGAGGGCTTGAGCT_Salmonella_TA.Early,B10,TA.Early,Salmonella
B10_CGATACGATGGAAA_Salmonella_Enterocyte,B10,Enterocyte,Salmonella
B10_CGCACTACCGCCTT_Salmonella_Enterocyte,B10,Enterocyte,Salmonella
B10_CGCAGGACTCCTCG_Salmonella_Stem,B10,Stem,Salmonella
B10_CGCAGGTGAAGCAA_Salmonella_TA.Early,B10,TA.Early,Salmonella
B10_CGCAGGTGGGAGGT_Salmonella_Enterocyte.Progenitor,B10,Enterocyte.Progenitor,Salmonella
B10_CGCAGGTGTTGCAG_Salmonella_Enterocyte.Progenitor,B10,Enterocyte.Progenitor,Salmonella
B10_CGCATAGAAACCTG_Salmonella_Enterocyte,B10,Enterocyte,Salmonella
B10_CGCCATACAGCGTT_Salmonella_Goblet,B10,Goblet,Salmonella
B10_CGCCTAACACGGGA_Salmonella_Enterocyte,B10,Enterocyte,Salmonella
B10_CGCTAAGATTCACT_Salmonella_Stem,B10,Stem,Salmonella
B10_CGCTACACGAGATA_Salmonella_Enterocyte.Progenitor,B10,Enterocyte.Progenitor,Salmonella
B10_CGCTACTGATTTCC_Salmonella_Enterocyte,B10,Enterocyte,Salmonella
B10_CGGAATTGGAGATA_Salmonella_Enterocyte.Progenitor,B10,Enterocyte.Progenitor,Salmonella
B10_CGGAATTGGTTGCA_Salmonella_TA,B10,TA,Salmonella
B10_CGGACCGACCTTAT_Salmonella_Enterocyte,B10,Enterocyte,Salmonella
B10_CGGATAACGTTTCT_Salmonella_TA.Early,B10,TA.Early,Salmonella
B10_CGGCACGAAGACTC_Salmonella_Stem,B10,Stem,Salmonella
B10_CGGCACGACATCAG_Salmonella_Stem,B10,Stem,Salmonella
B10_CGGCATCTGTGAGG_Salmonella_Enterocyte,B10,Enterocyte,Salmonella
B10_CGGCGATGGACGGA_Salmonella_Enterocyte,B10,Enterocyte,Salmonella
B10_CGGGCATGGTTAGC_Salmonella_Tuft,B10,Tuft,Salmonella
B10_CGGTAAACATCACG_Salmonella_Tuft,B10,Tuft,Salmonella
B10_CGTAGCCTTACTTC_Salmonella_Goblet,B10,Goblet,Salmonella
B10_CGTGAATGACACGT_Salmonella_Enterocyte,B10,Enterocyte,Salmonella
B10_CGTGATGACGTCTC_Salmonella_Endocrine,B10,Endocrine,Salmonella
B10_CGTGTAGAACGCAT_Salmonella_Enterocyte,B10,Enterocyte,Salmonella
B10_CGTTTAACGAGAGC_Salmonella_Endocrine,B10,Endocrine,Salmonella
B10_CTAACTACAAAGCA_Salmonella_Enterocyte,B10,Enterocyte,Salmonella
B10_CTAAGGACGGCGAA_Salmonella_TA.Early,B10,TA.Early,Salmonella
B10_CTAATAGAAGCTAC_Salmonella_Enterocyte.Progenitor,B10,Enterocyte.Progenitor,Salmonella
B10_CTAATGCTTAAGCC_Salmonella_Goblet,B10,Goblet,Salmonella
B10_CTACCTCTACTTTC_Salmonella_TA.Early,B10,TA.Early,Salmonella
B10_CTACCTCTTGACCA_Salmonella_Enterocyte,B10,Enterocyte,Salmonella
B10_CTACGGCTACGGAG_Salmonella_Enterocyte,B10,Enterocyte,Salmonella
B10_CTACGGCTTCTATC_Salmonella_TA.Early,B10,TA.Early,Salmonella
B10_CTACTATGATGGTC_Salmonella_Enterocyte,B10,Enterocyte,Salmonella
B10_CTACTCCTTGCACA_Salmonella_TA.Early,B10,TA.Early,Salmonella
B10_CTAGATCTCCTGTC_Salmonella_Stem,B10,Stem,Salmonella
B10_CTAGGATGCGACAT_Salmonella_Enterocyte.Progenitor,B10,Enterocyte.Progenitor,Salmonella
B10_CTAGGCCTCTGCTC_Salmonella_Enterocyte.Progenitor,B10,Enterocyte.Progenitor,Salmonella
B10_CTAGGTGAATCACG_Salmonella_Stem,B10,Stem,Salmonella
B10_CTAGTTTGGAGCTT_Salmonella_Enterocyte.Progenitor,B10,Enterocyte.Progenitor,Salmonella
B10_CTATACTGGGTCTA_Salmonella_Enterocyte.Progenitor,B10,Enterocyte.Progenitor,Salmonella
B10_CTATCCCTTGTCAG_Salmonella_TA.Early,B10,TA.Early,Salmonella
B10_CTATTGTGGCATAC_Salmonella_Enterocyte.Progenitor,B10,Enterocyte.Progenitor,Salmonella
B10_CTCAATTGACTCTT_Salmonella_Enterocyte,B10,Enterocyte,Salmonella
B10_CTCAGAGAGGAGTG_Salmonella_Enterocyte,B10,Enterocyte,Salmonella
B10_CTCAGCACCGCTAA_Salmonella_Enterocyte,B10,Enterocyte,Salmonella
B10_CTCATTGAAGAGAT_Salmonella_Enterocyte,B10,Enterocyte,Salmonella
B10_CTCATTGACCACAA_Salmonella_TA.Early,B10,TA.Early,Salmonella
B10_CTCATTGACCACCT_Salmonella_TA,B10,TA,Salmonella
B10_CTCCACGACTAGAC_Salmonella_Goblet,B10,Goblet,Salmonella
B10_CTCCACGAGCAAGG_Salmonella_TA,B10,TA,Salmonella
B10_CTCCGAACTCGATG_Salmonella_Stem,B10,Stem,Salmonella
B10_CTCCTACTAAGTGA_Salmonella_Enterocyte,B10,Enterocyte,Salmonella
B10_CTCCTACTCTTAGG_Salmonella_Enterocyte.Progenitor,B10,Enterocyte.Progenitor,Salmonella
B10_CTCGACACCACTAG_Salmonella_Endocrine,B10,Endocrine,Salmonella
B10_CTCGACTGGCAGTT_Salmonella_Enterocyte,B10,Enterocyte,Salmonella
B10_CTGAATCTTTATCC_Salmonella_Goblet,B10,Goblet,Salmonella
B10_CTGATACTTGAAGA_Salmonella_Enterocyte,B10,Enterocyte,Salmonella
B10_CTGATGGAGGACAG_Salmonella_TA.Early,B10,TA.Early,Salmonella
B10_CTGATTTGGTGAGG_Salmonella_Enterocyte.Progenitor,B10,Enterocyte.Progenitor,Salmonella
B10_CTGCAGCTACACAC_Salmonella_TA.Early,B10,TA.Early,Salmonella
B10_CTGCAGCTATGACC_Salmonella_Enterocyte.Progenitor,B10,Enterocyte.Progenitor,Salmonella
B10_CTGCGACTACCCAA_Salmonella_Enterocyte.Progenitor,B10,Enterocyte.Progenitor,Salmonella
B10_CTGGATGACGCTAA_Salmonella_TA,B10,TA,Salmonella
B10_CTGTAACTCTGTCC_Salmonella_Enterocyte,B10,Enterocyte,Salmonella
B10_CTGTGAGAAAGGCG_Salmonella_Enterocyte,B10,Enterocyte,Salmonella
B10_CTGTGAGAGTATCG_Salmonella_Endocrine,B10,Endocrine,Salmonella
B10_CTTACAACTTGCAG_Salmonella_TA,B10,TA,Salmonella
B10_CTTACATGCATGCA_Salmonella_TA,B10,TA,Salmonella
B10_CTTAGACTCCCTTG_Salmonella_Enterocyte,B10,Enterocyte,Salmonella
B10_CTTAGGGACACTGA_Salmonella_Enterocyte,B10,Enterocyte,Salmonella
B10_CTTCACCTCTCTCG_Salmonella_Enterocyte,B10,Enterocyte,Salmonella
B10_CTTCACCTTTATCC_Salmonella_TA.Early,B10,TA.Early,Salmonella
B10_CTTTGATGTAGCCA_Salmonella_Stem,B10,Stem,Salmonella
B10_GAAACAGAAAAGCA_Salmonella_Enterocyte,B10,Enterocyte,Salmonella
B10_GAAACCTGGAATCC_Salmonella_TA.Early,B10,TA.Early,Salmonella
B10_GAAAGCCTATGGTC_Salmonella_Enterocyte,B10,Enterocyte,Salmonella
B10_GAACACACGGTTCA_Salmonella_Enterocyte.Progenitor,B10,Enterocyte.Progenitor,Salmonella
B10_GAACGGGATTACTC_Salmonella_Enterocyte,B10,Enterocyte,Salmonella
B10_GAAGAATGTTGGCA_Salmonella_TA.Early,B10,TA.Early,Salmonella
B10_GAAGCGGATCCGTC_Salmonella_Enterocyte,B10,Enterocyte,Salmonella
B10_GAAGCTACAACCGT_Salmonella_Stem,B10,Stem,Salmonella
B10_GAAGCTTGTACGAC_Salmonella_TA.Early,B10,TA.Early,Salmonella
B10_GAAGGGTGGTTCTT_Salmonella_Enterocyte,B10,Enterocyte,Salmonella
B10_GAAGTCTGTGAGGG_Salmonella_TA.Early,B10,TA.Early,Salmonella
B10_GAAGTGCTTTGCTT_Salmonella_Enterocyte.Progenitor,B10,Enterocyte.Progenitor,Salmonella
B10_GACAACACTGCTAG_Salmonella_TA.Early,B10,TA.Early,Salmonella
B10_GACAACTGACCTGA_Salmonella_TA,B10,TA,Salmonella
B10_GACAACTGCTGACA_Salmonella_Enterocyte.Progenitor,B10,Enterocyte.Progenitor,Salmonella
B10_GACAGTACGTTCAG_Salmonella_TA.Early,B10,TA.Early,Salmonella
B10_GACCAAACGAATAG_Salmonella_TA.Early,B10,TA.Early,Salmonella
B10_GACCAAACTGTGGT_Salmonella_Enterocyte,B10,Enterocyte,Salmonella
B10_GACCATGAAGAGAT_Salmonella_Enterocyte,B10,Enterocyte,Salmonella
B10_GACCCTACACACTG_Salmonella_Endocrine,B10,Endocrine,Salmonella
B10_GACCCTACTTCCCG_Salmonella_TA,B10,TA,Salmonella
B10_GACGAACTCTACGA_Salmonella_Enterocyte,B10,Enterocyte,Salmonella
B10_GACGAACTGTACAC_Salmonella_TA.Early,B10,TA.Early,Salmonella
B10_GACGAGGACGCAAT_Salmonella_TA.Early,B10,TA.Early,Salmonella
B10_GACGCCGACGAATC_Salmonella_Enterocyte,B10,Enterocyte,Salmonella
B10_GACGCCGAGACTAC_Salmonella_Enterocyte,B10,Enterocyte,Salmonella
B10_GACGCCGATGAACC_Salmonella_TA.Early,B10,TA.Early,Salmonella
B10_GACGCTCTAGACTC_Salmonella_TA.Early,B10,TA.Early,Salmonella
B10_GACGTCCTCATTTC_Salmonella_Stem,B10,Stem,Salmonella
B10_GACTACGACTCCCA_Salmonella_Stem,B10,Stem,Salmonella
B10_GACTCCTGAAGTGA_Salmonella_TA.Early,B10,TA.Early,Salmonella
B10_GACTCCTGACCTTT_Salmonella_TA,B10,TA,Salmonella
B10_GACTCCTGAGAACA_Salmonella_TA,B10,TA,Salmonella
B10_GACTGATGATCACG_Salmonella_Endocrine,B10,Endocrine,Salmonella
B10_GAGATGCTCAGTTG_Salmonella_Enterocyte.Progenitor,B10,Enterocyte.Progenitor,Salmonella
B10_GAGCATACTTTCTG_Salmonella_Enterocyte,B10,Enterocyte,Salmonella
B10_GAGCGAGAGTTTGG_Salmonella_TA.Early,B10,TA.Early,Salmonella
B10_GAGCTCCTGGTCAT_Salmonella_Enterocyte,B10,Enterocyte,Salmonella
B10_GAGGATCTACGGGA_Salmonella_Stem,B10,Stem,Salmonella
B10_GAGGATCTTGCCCT_Salmonella_Endocrine,B10,Endocrine,Salmonella
B10_GAGGGAACTATGGC_Salmonella_TA,B10,TA,Salmonella
B10_GAGGGCCTTGGTAC_Salmonella_Enterocyte,B10,Enterocyte,Salmonella
B10_GAGGGTGACCTAAG_Salmonella_Enterocyte,B10,Enterocyte,Salmonella
B10_GAGTCAACCGCCTT_Salmonella_Enterocyte,B10,Enterocyte,Salmonella
B10_GAGTCTGATGCTGA_Salmonella_Enterocyte,B10,Enterocyte,Salmonella
B10_GAGTGTTGGTGCTA_Salmonella_Enterocyte,B10,Enterocyte,Salmonella
B10_GAGTTGTGCTGGTA_Salmonella_Enterocyte,B10,Enterocyte,Salmonella
B10_GAGTTGTGTGTGCA_Salmonella_Tuft,B10,Tuft,Salmonella
B10_GATAAGGAAGACTC_Salmonella_Enterocyte,B10,Enterocyte,Salmonella
B10_GATAAGGACTTCTA_Salmonella_Enterocyte,B10,Enterocyte,Salmonella
B10_GATACTCTAAGATG_Salmonella_Goblet,B10,Goblet,Salmonella
B10_GATACTCTTCGACA_Salmonella_Enterocyte,B10,Enterocyte,Salmonella
B10_GATAGCACCGTAAC_Salmonella_TA.Early,B10,TA.Early,Salmonella
B10_GATATATGCGTTAG_Salmonella_Stem,B10,Stem,Salmonella
B10_GATCATCTTCCGTC_Salmonella_Goblet,B10,Goblet,Salmonella
B10_GATCCCTGACCCTC_Salmonella_Enterocyte.Progenitor,B10,Enterocyte.Progenitor,Salmonella
B10_GATCCCTGTTGTGG_Salmonella_Stem,B10,Stem,Salmonella
B10_GATCTACTATGTCG_Salmonella_Stem,B10,Stem,Salmonella
B10_GATGCAACACAGTC_Salmonella_Enterocyte,B10,Enterocyte,Salmonella
B10_GATGCAACCTGTGA_Salmonella_TA.Early,B10,TA.Early,Salmonella
B10_GATGCCCTGGAGTG_Salmonella_Enterocyte.Progenitor,B10,Enterocyte.Progenitor,Salmonella
B10_GATTCGGAAAGTAG_Salmonella_TA.Early,B10,TA.Early,Salmonella
B10_GATTCGGAGTTGTG_Salmonella_Enterocyte,B10,Enterocyte,Salmonella
B10_GATTCTACAAGCAA_Salmonella_Enterocyte.Progenitor,B10,Enterocyte.Progenitor,Salmonella
B10_GATTCTACACCAAC_Salmonella_Tuft,B10,Tuft,Salmonella
B10_GATTCTACATTGGC_Salmonella_Enterocyte,B10,Enterocyte,Salmonella
B10_GATTCTTGAATGCC_Salmonella_Stem,B10,Stem,Salmonella
B10_GATTTGCTAGAGGC_Salmonella_TA.Early,B10,TA.Early,Salmonella
B10_GATTTGCTAGCACT_Salmonella_Enterocyte,B10,Enterocyte,Salmonella
B10_GCAATCGAACTACG_Salmonella_Enterocyte,B10,Enterocyte,Salmonella
B10_GCAATTCTTGCATG_Salmonella_Tuft,B10,Tuft,Salmonella
B10_GCACAAACGGCATT_Salmonella_Enterocyte,B10,Enterocyte,Salmonella
B10_GCACAATGGACGTT_Salmonella_Enterocyte,B10,Enterocyte,Salmonella
B10_GCACCTACTCGCTC_Salmonella_Enterocyte.Progenitor,B10,Enterocyte.Progenitor,Salmonella
B10_GCACGGACGTATGC_Salmonella_TA.Early,B10,TA.Early,Salmonella
B10_GCACTAGAAGAGAT_Salmonella_TA.Early,B10,TA.Early,Salmonella
B10_GCAGCGTGTGTCGA_Salmonella_Stem,B10,Stem,Salmonella
B10_GCAGGGCTGTCGTA_Salmonella_Enterocyte,B10,Enterocyte,Salmonella
B10_GCAGTCCTCAACTG_Salmonella_Enterocyte,B10,Enterocyte,Salmonella
B10_GCAGTTGACGAGAG_Salmonella_Enterocyte,B10,Enterocyte,Salmonella
B10_GCATCAGAGTTCGA_Salmonella_TA.Early,B10,TA.Early,Salmonella
B10_GCATGATGTCTTTG_Salmonella_Enterocyte,B10,Enterocyte,Salmonella
B10_GCCAAAACATGTCG_Salmonella_Enterocyte,B10,Enterocyte,Salmonella
B10_GCCATCACTCTTTG_Salmonella_Enterocyte,B10,Enterocyte,Salmonella
B10_GCCCAACTGCTGAT_Salmonella_Enterocyte,B10,Enterocyte,Salmonella
B10_GCCGGAACTTACTC_Salmonella_Enterocyte.Progenitor,B10,Enterocyte.Progenitor,Salmonella
B10_GCCGTACTGAGCTT_Salmonella_TA.Early,B10,TA.Early,Salmonella
B10_GCCTACACAGGAGC_Salmonella_Stem,B10,Stem,Salmonella
B10_GCCTAGCTACAGCT_Salmonella_Enterocyte,B10,Enterocyte,Salmonella
B10_GCCTAGCTACCGAT_Salmonella_TA.Early,B10,TA.Early,Salmonella
B10_GCCTCAACAGTCTG_Salmonella_Enterocyte.Progenitor,B10,Enterocyte.Progenitor,Salmonella
B10_GCCTCAACCTCAGA_Salmonella_TA.Early,B10,TA.Early,Salmonella
B10_GCCTCATGTTACCT_Salmonella_Enterocyte,B10,Enterocyte,Salmonella
B10_GCCTGACTGGGTGA_Salmonella_Enterocyte,B10,Enterocyte,Salmonella
B10_GCGAAGGAACAGCT_Salmonella_Enterocyte,B10,Enterocyte,Salmonella
B10_GCGAAGGATTCATC_Salmonella_TA,B10,TA,Salmonella
B10_GCGAGCACCACTCC_Salmonella_Stem,B10,Stem,Salmonella
B10_GCGCGATGCCTCAC_Salmonella_Enterocyte,B10,Enterocyte,Salmonella
B10_GCGCGATGTTGGTG_Salmonella_Enterocyte,B10,Enterocyte,Salmonella
B10_GCGGAGCTCATGGT_Salmonella_TA.Early,B10,TA.Early,Salmonella
B10_GCGGCAACACGGGA_Salmonella_TA.Early,B10,TA.Early,Salmonella
B10_GCGGGACTTATCGG_Salmonella_Enterocyte,B10,Enterocyte,Salmonella
B10_GCGTACCTGAGGAC_Salmonella_Enterocyte,B10,Enterocyte,Salmonella
B10_GCGTACCTTCGATG_Salmonella_Tuft,B10,Tuft,Salmonella
B10_GCTACAGATTGTCT_Salmonella_Endocrine,B10,Endocrine,Salmonella
B10_GCTACGCTCTGATG_Salmonella_Enterocyte.Progenitor,B10,Enterocyte.Progenitor,Salmonella
B10_GCTACGCTTCACCC_Salmonella_Goblet,B10,Goblet,Salmonella
B10_GCTAGAACCTCGCT_Salmonella_TA.Early,B10,TA.Early,Salmonella
B10_GCTATACTTGGTGT_Salmonella_Enterocyte,B10,Enterocyte,Salmonella
B10_GCTCAAGATGGTGT_Salmonella_Enterocyte,B10,Enterocyte,Salmonella
B10_GCTCACTGTATCTC_Salmonella_Goblet,B10,Goblet,Salmonella
B10_GCTCAGCTACTAGC_Salmonella_Stem,B10,Stem,Salmonella
B10_GCTCCATGTGAGGG_Salmonella_Stem,B10,Stem,Salmonella
B10_GCTGATGACATTCT_Salmonella_Stem,B10,Stem,Salmonella
B10_GCTGATGATAGTCG_Salmonella_Enterocyte.Progenitor,B10,Enterocyte.Progenitor,Salmonella
B10_GCTTAACTTCGCAA_Salmonella_TA.Early,B10,TA.Early,Salmonella
B10_GGAACTACTGCTCC_Salmonella_Goblet,B10,Goblet,Salmonella
B10_GGAACTTGCTCAGA_Salmonella_Enterocyte,B10,Enterocyte,Salmonella
B10_GGAAGGACATGACC_Salmonella_Enterocyte,B10,Enterocyte,Salmonella
B10_GGACAACTCTGCTC_Salmonella_Enterocyte,B10,Enterocyte,Salmonella
B10_GGACAGGACACTTT_Salmonella_Stem,B10,Stem,Salmonella
B10_GGACAGGACTATGG_Salmonella_Enterocyte.Progenitor,B10,Enterocyte.Progenitor,Salmonella
B10_GGACAGGATATCGG_Salmonella_Goblet,B10,Goblet,Salmonella
B10_GGACCCGACAAGCT_Salmonella_TA.Early,B10,TA.Early,Salmonella
B10_GGACCCGAGTAGGG_Salmonella_Enterocyte,B10,Enterocyte,Salmonella
B10_GGACGCACCTGTAG_Salmonella_Stem,B10,Stem,Salmonella
B10_GGACTATGTGCTTT_Salmonella_Enterocyte,B10,Enterocyte,Salmonella
B10_GGAGACGAGTACAC_Salmonella_TA.Early,B10,TA.Early,Salmonella
B10_GGAGCGCTTTCCAT_Salmonella_Enterocyte,B10,Enterocyte,Salmonella
B10_GGAGGCCTCGCCTT_Salmonella_Enterocyte.Progenitor,B10,Enterocyte.Progenitor,Salmonella
B10_GGAGGTGAATTTCC_Salmonella_Enterocyte,B10,Enterocyte,Salmonella
B10_GGAGTTTGGCTTAG_Salmonella_TA,B10,TA,Salmonella
B10_GGAGTTTGTTGGTG_Salmonella_Enterocyte,B10,Enterocyte,Salmonella
B10_GGATACTGGGACTT_Salmonella_Stem,B10,Stem,Salmonella
B10_GGATTGTGCGGGAA_Salmonella_Endocrine,B10,Endocrine,Salmonella
B10_GGATTTCTCGCAAT_Salmonella_Stem,B10,Stem,Salmonella
B10_GGATTTCTTACTTC_Salmonella_Enterocyte,B10,Enterocyte,Salmonella
B10_GGCACGTGAACGAA_Salmonella_Enterocyte.Progenitor,B10,Enterocyte.Progenitor,Salmonella
B10_GGCACGTGGGTTCA_Salmonella_Goblet,B10,Goblet,Salmonella
B10_GGCATATGCATTGG_Salmonella_TA.Early,B10,TA.Early,Salmonella
B10_GGCATATGCTTAGG_Salmonella_Stem,B10,Stem,Salmonella
B10_GGCCACGAAGCCAT_Salmonella_Enterocyte,B10,Enterocyte,Salmonella
B10_GGCCACGACCCACT_Salmonella_Enterocyte.Progenitor,B10,Enterocyte.Progenitor,Salmonella
B10_GGCCACGATCTTCA_Salmonella_Enterocyte.Progenitor,B10,Enterocyte.Progenitor,Salmonella
B10_GGCCACGATGTCTT_Salmonella_Stem,B10,Stem,Salmonella
B10_GGCCAGACCCCAAA_Salmonella_Stem,B10,Stem,Salmonella
B10_GGCCGAACCTCATT_Salmonella_Enterocyte.Progenitor,B10,Enterocyte.Progenitor,Salmonella
B10_GGCGGACTACCCTC_Salmonella_Enterocyte.Progenitor,B10,Enterocyte.Progenitor,Salmonella
B10_GGCGGACTACCTAG_Salmonella_TA.Early,B10,TA.Early,Salmonella
B10_GGCTAATGCCTATT_Salmonella_TA,B10,TA,Salmonella
B10_GGCTAATGGGTATC_Salmonella_Tuft,B10,Tuft,Salmonella
B10_GGGAACGAAATGCC_Salmonella_Enterocyte,B10,Enterocyte,Salmonella
B10_GGGAAGTGTCAGTG_Salmonella_TA.Early,B10,TA.Early,Salmonella
B10_GGGACCACACGGGA_Salmonella_Enterocyte,B10,Enterocyte,Salmonella
B10_GGGACCACTCCGAA_Salmonella_Tuft,B10,Tuft,Salmonella
B10_GGGACCTGCTCAGA_Salmonella_Stem,B10,Stem,Salmonella
B10_GGGATGGAAGTACC_Salmonella_Enterocyte,B10,Enterocyte,Salmonella
B10_GGGATGGACATGGT_Salmonella_Endocrine,B10,Endocrine,Salmonella
B10_GGGATGGATGGCAT_Salmonella_Enterocyte,B10,Enterocyte,Salmonella
B10_GGGCAGCTGGTGGA_Salmonella_Enterocyte,B10,Enterocyte,Salmonella
B10_GGGTTAACTGTTCT_Salmonella_Enterocyte,B10,Enterocyte,Salmonella
B10_GGGTTATGTGGCAT_Salmonella_Enterocyte,B10,Enterocyte,Salmonella
B10_GGTACTGACATGAC_Salmonella_Enterocyte,B10,Enterocyte,Salmonella
B10_GGTAGTACAAGAGT_Salmonella_Enterocyte.Progenitor,B10,Enterocyte.Progenitor,Salmonella
B10_GGTAGTACCTACCC_Salmonella_Enterocyte.Progenitor,B10,Enterocyte.Progenitor,Salmonella
B10_GGTAGTACGTGTAC_Salmonella_Enterocyte.Progenitor,B10,Enterocyte.Progenitor,Salmonella
B10_GGTCTAGAATCAGC_Salmonella_TA.Early,B10,TA.Early,Salmonella
B10_GGTGGAGACCCTAC_Salmonella_Endocrine,B10,Endocrine,Salmonella
B10_GTAACGTGGGAAGC_Salmonella_Enterocyte.Progenitor,B10,Enterocyte.Progenitor,Salmonella
B10_GTAATATGGGTCAT_Salmonella_Enterocyte,B10,Enterocyte,Salmonella
B10_GTACTTTGTCAGGT_Salmonella_Stem,B10,Stem,Salmonella
B10_GTACTTTGTCTGGA_Salmonella_Enterocyte.Progenitor,B10,Enterocyte.Progenitor,Salmonella
B10_GTAGCAACAAACGA_Salmonella_TA.Early,B10,TA.Early,Salmonella
B10_GTAGCAACCTGAGT_Salmonella_Enterocyte.Progenitor,B10,Enterocyte.Progenitor,Salmonella
B10_GTAGCCCTAACAGA_Salmonella_Enterocyte,B10,Enterocyte,Salmonella
B10_GTAGCTGACGTACA_Salmonella_Enterocyte.Progenitor,B10,Enterocyte.Progenitor,Salmonella
B10_GTAGGTACGTTGGT_Salmonella_Enterocyte.Progenitor,B10,Enterocyte.Progenitor,Salmonella
B10_GTATTAGAACTTTC_Salmonella_Enterocyte,B10,Enterocyte,Salmonella
B10_GTCAATCTAAGGGC_Salmonella_Enterocyte,B10,Enterocyte,Salmonella
B10_GTCACAGAAGCACT_Salmonella_Enterocyte,B10,Enterocyte,Salmonella
B10_GTCACCTGAAGGGC_Salmonella_Stem,B10,Stem,Salmonella
B10_GTCACCTGACCAGT_Salmonella_Enterocyte,B10,Enterocyte,Salmonella
B10_GTCACCTGCTCAAG_Salmonella_Stem,B10,Stem,Salmonella
B10_GTCCAAGACAAGCT_Salmonella_Enterocyte.Progenitor,B10,Enterocyte.Progenitor,Salmonella
B10_GTCCACACTTCAGG_Salmonella_Goblet,B10,Goblet,Salmonella
B10_GTCCACTGAACCTG_Salmonella_Enterocyte,B10,Enterocyte,Salmonella
B10_GTCCACTGTCTATC_Salmonella_TA.Early,B10,TA.Early,Salmonella
B10_GTCCACTGTTACCT_Salmonella_Enterocyte,B10,Enterocyte,Salmonella
B10_GTCCACTGTTCACT_Salmonella_Enterocyte,B10,Enterocyte,Salmonella
B10_GTCCAGCTGGTTCA_Salmonella_TA.Early,B10,TA.Early,Salmonella
B10_GTCCCATGATTCGG_Salmonella_TA.Early,B10,TA.Early,Salmonella
B10_GTCGCACTCTGTAG_Salmonella_Enterocyte,B10,Enterocyte,Salmonella
B10_GTCTAACTCTGTTT_Salmonella_Enterocyte,B10,Enterocyte,Salmonella
B10_GTGACAACAAGGCG_Salmonella_Enterocyte,B10,Enterocyte,Salmonella
B10_GTGATGACACTTTC_Salmonella_TA.Early,B10,TA.Early,Salmonella
B10_GTGATGACGGTGAG_Salmonella_TA.Early,B10,TA.Early,Salmonella
B10_GTGATTCTTTGTCT_Salmonella_Enterocyte,B10,Enterocyte,Salmonella
B10_GTGGTAACGTTCAG_Salmonella_Stem,B10,Stem,Salmonella
B10_GTGTACGAGGTACT_Salmonella_TA,B10,TA,Salmonella
B10_GTGTACGATTGTCT_Salmonella_TA,B10,TA,Salmonella
B10_GTGTAGTGAAGGTA_Salmonella_TA.Early,B10,TA.Early,Salmonella
B10_GTTACGGATACTCT_Salmonella_Goblet,B10,Goblet,Salmonella
B10_GTTAGGTGATGTGC_Salmonella_TA.Early,B10,TA.Early,Salmonella
B10_GTTAGGTGTGCTGA_Salmonella_Enterocyte.Progenitor,B10,Enterocyte.Progenitor,Salmonella
B10_GTTAGTCTGAGAGC_Salmonella_Enterocyte,B10,Enterocyte,Salmonella
B10_GTTAGTCTTTTACC_Salmonella_Enterocyte.Progenitor,B10,Enterocyte.Progenitor,Salmonella
B10_GTTATCTGCGTAGT_Salmonella_TA.Early,B10,TA.Early,Salmonella
B10_GTTATCTGGTCCTC_Salmonella_Enterocyte.Progenitor,B10,Enterocyte.Progenitor,Salmonella
B10_GTTATGCTGGGATG_Salmonella_Endocrine,B10,Endocrine,Salmonella
B10_GTTCAACTCGCAAT_Salmonella_TA.Early,B10,TA.Early,Salmonella
B10_GTTCAGGAGTGAGG_Salmonella_Goblet,B10,Goblet,Salmonella
B10_GTTCATACTTGTGG_Salmonella_Stem,B10,Stem,Salmonella
B10_GTTGACGACTGACA_Salmonella_Stem,B10,Stem,Salmonella
B10_GTTGGATGCCTCCA_Salmonella_Enterocyte,B10,Enterocyte,Salmonella
B10_GTTGGATGTCGCAA_Salmonella_Enterocyte,B10,Enterocyte,Salmonella
B10_GTTGTACTACTGGT_Salmonella_Enterocyte,B10,Enterocyte,Salmonella
B10_GTTGTACTAGGCGA_Salmonella_Stem,B10,Stem,Salmonella
B10_GTTGTACTCTCGAA_Salmonella_Enterocyte,B10,Enterocyte,Salmonella
B10_GTTGTACTTTCGTT_Salmonella_Enterocyte,B10,Enterocyte,Salmonella
B10_TAAACAACAGCCTA_Salmonella_TA.Early,B10,TA.Early,Salmonella
B10_TAAATGTGTGCATG_Salmonella_Enterocyte,B10,Enterocyte,Salmonella
B10_TAACAATGTCTGGA_Salmonella_Enterocyte,B10,Enterocyte,Salmonella
B10_TAACACCTCAATCG_Salmonella_Enterocyte,B10,Enterocyte,Salmonella
B10_TAACGTCTGAAAGT_Salmonella_Enterocyte,B10,Enterocyte,Salmonella
B10_TAACTAGATGGGAG_Salmonella_Enterocyte,B10,Enterocyte,Salmonella
B10_TAAGAACTTATGCG_Salmonella_Goblet,B10,Goblet,Salmonella
B10_TAAGATACGGTTAC_Salmonella_Goblet,B10,Goblet,Salmonella
B10_TAAGGCTGAACGAA_Salmonella_Enterocyte,B10,Enterocyte,Salmonella
B10_TAAGTCCTAGCCAT_Salmonella_TA.Early,B10,TA.Early,Salmonella
B10_TAAGTCCTGTAAGA_Salmonella_Enterocyte,B10,Enterocyte,Salmonella
B10_TAATCCACCATGGT_Salmonella_Enterocyte,B10,Enterocyte,Salmonella
B10_TAATCCACCGAGAG_Salmonella_Enterocyte,B10,Enterocyte,Salmonella
B10_TAATCCACCGGAGA_Salmonella_Enterocyte,B10,Enterocyte,Salmonella
B10_TAATCCACGACACT_Salmonella_Stem,B10,Stem,Salmonella
B10_TAATGATGCTGGTA_Salmonella_Stem,B10,Stem,Salmonella
B10_TAATGTGAAGTACC_Salmonella_Enterocyte.Progenitor,B10,Enterocyte.Progenitor,Salmonella
B10_TACAAATGTACGAC_Salmonella_TA.Early,B10,TA.Early,Salmonella
B10_TACAAATGTTGCTT_Salmonella_Endocrine,B10,Endocrine,Salmonella
B10_TACAATGAATCACG_Salmonella_Goblet,B10,Goblet,Salmonella
B10_TACAATGAGATAAG_Salmonella_Goblet,B10,Goblet,Salmonella
B10_TACATAGATCACCC_Salmonella_Enterocyte,B10,Enterocyte,Salmonella
B10_TACATAGATCGTAG_Salmonella_Stem,B10,Stem,Salmonella
B10_TACATCACACAGTC_Salmonella_Enterocyte,B10,Enterocyte,Salmonella
B10_TACATCACATCAGC_Salmonella_Enterocyte,B10,Enterocyte,Salmonella
B10_TACATCACCGTTAG_Salmonella_Enterocyte,B10,Enterocyte,Salmonella
B10_TACATCACCTTGGA_Salmonella_Enterocyte,B10,Enterocyte,Salmonella
B10_TACCATTGGAGACG_Salmonella_Enterocyte.Progenitor,B10,Enterocyte.Progenitor,Salmonella
B10_TACGAGTGACCCAA_Salmonella_TA,B10,TA,Salmonella
B10_TACGAGTGTCTCTA_Salmonella_TA,B10,TA,Salmonella
B10_TACGCAGACCACCT_Salmonella_Enterocyte,B10,Enterocyte,Salmonella
B10_TACGCAGATAGCCA_Salmonella_Stem,B10,Stem,Salmonella
B10_TACGCGCTTGTCTT_Salmonella_TA.Early,B10,TA.Early,Salmonella
B10_TACGGAACAAGGCG_Salmonella_Goblet,B10,Goblet,Salmonella
B10_TACGGAACTAGCCA_Salmonella_Enterocyte,B10,Enterocyte,Salmonella
B10_TACGTACTACCCTC_Salmonella_TA.Early,B10,TA.Early,Salmonella
B10_TACGTACTTTGGTG_Salmonella_TA,B10,TA,Salmonella
B10_TACGTTACCAAAGA_Salmonella_Goblet,B10,Goblet,Salmonella
B10_TACTAAGAGGCGAA_Salmonella_Enterocyte.Progenitor,B10,Enterocyte.Progenitor,Salmonella
B10_TACTACTGATTTCC_Salmonella_Enterocyte.Progenitor,B10,Enterocyte.Progenitor,Salmonella
B10_TACTCAACTTCCAT_Salmonella_Stem,B10,Stem,Salmonella
B10_TACTCTGAGCCTTC_Salmonella_TA.Early,B10,TA.Early,Salmonella
B10_TACTCTGATCGTTT_Salmonella_Stem,B10,Stem,Salmonella
B10_TACTGTTGCTTAGG_Salmonella_Enterocyte,B10,Enterocyte,Salmonella
B10_TAGAAACTAGACTC_Salmonella_Enterocyte,B10,Enterocyte,Salmonella
B10_TAGAATACCTATTC_Salmonella_Stem,B10,Stem,Salmonella
B10_TAGAATTGCTCCAC_Salmonella_TA.Early,B10,TA.Early,Salmonella
B10_TAGACGTGTTGCGA_Salmonella_Goblet,B10,Goblet,Salmonella
B10_TAGCATCTGAGATA_Salmonella_Enterocyte.Progenitor,B10,Enterocyte.Progenitor,Salmonella
B10_TAGCGATGAGAAGT_Salmonella_Enterocyte,B10,Enterocyte,Salmonella
B10_TAGCGATGCGAACT_Salmonella_Goblet,B10,Goblet,Salmonella
B10_TAGCTACTTGCAGT_Salmonella_Enterocyte,B10,Enterocyte,Salmonella
B10_TAGGACTGTAGCCA_Salmonella_TA.Early,B10,TA.Early,Salmonella
B10_TAGGACTGTTTGTC_Salmonella_TA.Early,B10,TA.Early,Salmonella
B10_TAGGAGCTTAGCGT_Salmonella_TA.Early,B10,TA.Early,Salmonella
B10_TAGGCAACACGCAT_Salmonella_Enterocyte,B10,Enterocyte,Salmonella
B10_TAGGCTGAGCCAAT_Salmonella_Enterocyte,B10,Enterocyte,Salmonella
B10_TAGGGACTCGTAGT_Salmonella_Enterocyte,B10,Enterocyte,Salmonella
B10_TAGGGACTCTCAGA_Salmonella_Enterocyte,B10,Enterocyte,Salmonella
B10_TAGGTCGATCTGGA_Salmonella_TA.Early,B10,TA.Early,Salmonella
B10_TAGGTGTGACCTTT_Salmonella_Stem,B10,Stem,Salmonella
B10_TAGGTTCTCTGTTT_Salmonella_Stem,B10,Stem,Salmonella
B10_TAGGTTCTGCGTAT_Salmonella_TA.Early,B10,TA.Early,Salmonella
B10_TAGTAAACCCACCT_Salmonella_Goblet,B10,Goblet,Salmonella
B10_TAGTACCTGGGAGT_Salmonella_Enterocyte,B10,Enterocyte,Salmonella
B10_TAGTTGCTGCCATA_Salmonella_TA.Early,B10,TA.Early,Salmonella
B10_TATAAGTGCGTGTA_Salmonella_Enterocyte,B10,Enterocyte,Salmonella
B10_TATACCACAACCGT_Salmonella_Enterocyte,B10,Enterocyte,Salmonella
B10_TATAGATGACGGTT_Salmonella_Enterocyte.Progenitor,B10,Enterocyte.Progenitor,Salmonella
B10_TATCACTGTTCATC_Salmonella_Enterocyte.Progenitor,B10,Enterocyte.Progenitor,Salmonella
B10_TATCCAACCGATAC_Salmonella_TA.Early,B10,TA.Early,Salmonella
B10_TATCCTGAACCCAA_Salmonella_Stem,B10,Stem,Salmonella
B10_TATCGACTAGAGTA_Salmonella_Enterocyte,B10,Enterocyte,Salmonella
B10_TATCTTCTGGCAAG_Salmonella_Enterocyte.Progenitor,B10,Enterocyte.Progenitor,Salmonella
B10_TATCTTCTGTATCG_Salmonella_Enterocyte,B10,Enterocyte,Salmonella
B10_TATCTTCTTGCCCT_Salmonella_Enterocyte,B10,Enterocyte,Salmonella
B10_TATGAATGCCTTTA_Salmonella_TA.Early,B10,TA.Early,Salmonella
B10_TATGAATGGGTCTA_Salmonella_Enterocyte,B10,Enterocyte,Salmonella
B10_TATGCGGACAGGAG_Salmonella_Enterocyte,B10,Enterocyte,Salmonella
B10_TATGCGGACTTTAC_Salmonella_TA,B10,TA,Salmonella
B10_TATGCGGATACTTC_Salmonella_Goblet,B10,Goblet,Salmonella
B10_TCAACACTCCCTTG_Salmonella_Stem,B10,Stem,Salmonella
B10_TCAACACTGCAGAG_Salmonella_Enterocyte,B10,Enterocyte,Salmonella
B10_TCAAGGACTTCTGT_Salmonella_Enterocyte,B10,Enterocyte,Salmonella
B10_TCAATAGAGTCATG_Salmonella_TA.Early,B10,TA.Early,Salmonella
B10_TCACATACCATTCT_Salmonella_Enterocyte,B10,Enterocyte,Salmonella
B10_TCACATACTATGCG_Salmonella_Endocrine,B10,Endocrine,Salmonella
B10_TCACCCGACATGGT_Salmonella_Enterocyte,B10,Enterocyte,Salmonella
B10_TCACCTCTGTTGCA_Salmonella_TA.Early,B10,TA.Early,Salmonella
B10_TCACGAGAATTCCT_Salmonella_TA.Early,B10,TA.Early,Salmonella
B10_TCAGACGATGATGC_Salmonella_Enterocyte.Progenitor,B10,Enterocyte.Progenitor,Salmonella
B10_TCAGAGACAAACAG_Salmonella_Enterocyte,B10,Enterocyte,Salmonella
B10_TCAGGATGACGGAG_Salmonella_Stem,B10,Stem,Salmonella
B10_TCAGTACTGCATCA_Salmonella_Enterocyte,B10,Enterocyte,Salmonella
B10_TCAGTACTGGAGTG_Salmonella_Enterocyte,B10,Enterocyte,Salmonella
B10_TCAGTTACTCGCAA_Salmonella_Enterocyte,B10,Enterocyte,Salmonella
B10_TCATCAACGGGACA_Salmonella_Enterocyte,B10,Enterocyte,Salmonella
B10_TCATCAACGTGTTG_Salmonella_Endocrine,B10,Endocrine,Salmonella
B10_TCATCCCTGTTGGT_Salmonella_Enterocyte.Progenitor,B10,Enterocyte.Progenitor,Salmonella
B10_TCATCCCTTGGATC_Salmonella_Enterocyte.Progenitor,B10,Enterocyte.Progenitor,Salmonella
B10_TCATTGACGGTAAA_Salmonella_TA.Early,B10,TA.Early,Salmonella
B10_TCCACGTGACCAGT_Salmonella_Enterocyte.Progenitor,B10,Enterocyte.Progenitor,Salmonella
B10_TCCACGTGGGAAGC_Salmonella_TA.Early,B10,TA.Early,Salmonella
B10_TCCAGAGACGTGAT_Salmonella_Stem,B10,Stem,Salmonella
B10_TCCATCCTAAGAAC_Salmonella_Enterocyte,B10,Enterocyte,Salmonella
B10_TCCCATCTAACGGG_Salmonella_Stem,B10,Stem,Salmonella
B10_TCCCATCTTTTGTC_Salmonella_Enterocyte,B10,Enterocyte,Salmonella
B10_TCCTAATGGGAACG_Salmonella_Enterocyte,B10,Enterocyte,Salmonella
B10_TCCTAATGTTCACT_Salmonella_TA,B10,TA,Salmonella
B10_TCCTACCTGTTGCA_Salmonella_TA.Early,B10,TA.Early,Salmonella
B10_TCCTATGAGTGTCA_Salmonella_TA,B10,TA,Salmonella
B10_TCGAATCTCTAGCA_Salmonella_Enterocyte,B10,Enterocyte,Salmonella
B10_TCGACCTGCTATTC_Salmonella_Enterocyte,B10,Enterocyte,Salmonella
B10_TCGAGAACCCGTTC_Salmonella_Enterocyte,B10,Enterocyte,Salmonella
B10_TCGAGCCTCTGCTC_Salmonella_Enterocyte,B10,Enterocyte,Salmonella
B10_TCGATTTGTGGGAG_Salmonella_Enterocyte.Progenitor,B10,Enterocyte.Progenitor,Salmonella
B10_TCGCACTGTCCTTA_Salmonella_Enterocyte,B10,Enterocyte,Salmonella
B10_TCGCAGCTACCGAT_Salmonella_TA.Early,B10,TA.Early,Salmonella
B10_TCGTAGGAACACCA_Salmonella_TA.Early,B10,TA.Early,Salmonella
B10_TCGTTATGAAGCCT_Salmonella_Enterocyte.Progenitor,B10,Enterocyte.Progenitor,Salmonella
B10_TCTAACACGAGAGC_Salmonella_TA,B10,TA,Salmonella
B10_TCTACAACCTCAGA_Salmonella_Enterocyte.Progenitor,B10,Enterocyte.Progenitor,Salmonella
B10_TCTATGTGATCAGC_Salmonella_Enterocyte,B10,Enterocyte,Salmonella
B10_TCTCCACTTTCGGA_Salmonella_TA.Early,B10,TA.Early,Salmonella
B10_TCTTACGAAAAAGC_Salmonella_Enterocyte,B10,Enterocyte,Salmonella
B10_TCTTACGATACGCA_Salmonella_Enterocyte.Progenitor,B10,Enterocyte.Progenitor,Salmonella
B10_TGAAGCACCGTGAT_Salmonella_Goblet,B10,Goblet,Salmonella
B10_TGAAGCACTGGATC_Salmonella_TA.Early,B10,TA.Early,Salmonella
B10_TGAAGCTGGAACTC_Salmonella_TA.Early,B10,TA.Early,Salmonella
B10_TGACACGAACGTTG_Salmonella_TA.Early,B10,TA.Early,Salmonella
B10_TGACCAGAGTATCG_Salmonella_TA.Early,B10,TA.Early,Salmonella
B10_TGACGAACGGGAGT_Salmonella_Enterocyte,B10,Enterocyte,Salmonella
B10_TGACGAACTGTTCT_Salmonella_Stem,B10,Stem,Salmonella
B10_TGACGCCTCTATGG_Salmonella_Enterocyte,B10,Enterocyte,Salmonella
B10_TGACTTTGCATGGT_Salmonella_Goblet,B10,Goblet,Salmonella
B10_TGAGGACTCCGCTT_Salmonella_TA.Early,B10,TA.Early,Salmonella
B10_TGAGGTACCAGAGG_Salmonella_TA.Early,B10,TA.Early,Salmonella
B10_TGAGTCGAATGGTC_Salmonella_Stem,B10,Stem,Salmonella
B10_TGAGTGACCCGCTT_Salmonella_Enterocyte,B10,Enterocyte,Salmonella
B10_TGATAAACTGGTCA_Salmonella_TA,B10,TA,Salmonella
B10_TGATTAGAAGTGTC_Salmonella_Enterocyte,B10,Enterocyte,Salmonella
B10_TGATTCACGTCGTA_Salmonella_Enterocyte,B10,Enterocyte,Salmonella
B10_TGATTCTGAATGCC_Salmonella_Enterocyte,B10,Enterocyte,Salmonella
B10_TGATTCTGACCAGT_Salmonella_TA,B10,TA,Salmonella
B10_TGATTCTGGCAGAG_Salmonella_TA.Early,B10,TA.Early,Salmonella
B10_TGATTCTGGCCAAT_Salmonella_Enterocyte.Progenitor,B10,Enterocyte.Progenitor,Salmonella
B10_TGCAACGAATCGAC_Salmonella_Enterocyte.Progenitor,B10,Enterocyte.Progenitor,Salmonella
B10_TGCAAGACAACAGA_Salmonella_Enterocyte.Progenitor,B10,Enterocyte.Progenitor,Salmonella
B10_TGCCAGCTGAGGAC_Salmonella_Enterocyte.Progenitor,B10,Enterocyte.Progenitor,Salmonella
B10_TGCGAAACATTCGG_Salmonella_TA,B10,TA,Salmonella
B10_TGCGCACTTCTATC_Salmonella_Enterocyte,B10,Enterocyte,Salmonella
B10_TGCTAGGAAAAGTG_Salmonella_Enterocyte.Progenitor,B10,Enterocyte.Progenitor,Salmonella
B10_TGCTATACTTTGCT_Salmonella_Enterocyte,B10,Enterocyte,Salmonella
B10_TGGAAAGAATAAGG_Salmonella_TA.Early,B10,TA.Early,Salmonella
B10_TGGAAAGACCGCTT_Salmonella_Stem,B10,Stem,Salmonella
B10_TGGAACTGCTATGG_Salmonella_Enterocyte.Progenitor,B10,Enterocyte.Progenitor,Salmonella
B10_TGGAACTGTAACGC_Salmonella_TA.Early,B10,TA.Early,Salmonella
B10_TGGAGACTAGACTC_Salmonella_Enterocyte,B10,Enterocyte,Salmonella
B10_TGGATCGAGACAGG_Salmonella_Enterocyte,B10,Enterocyte,Salmonella
B10_TGGCAATGAGCGGA_Salmonella_Enterocyte,B10,Enterocyte,Salmonella
B10_TGGCAATGGTGTCA_Salmonella_Enterocyte,B10,Enterocyte,Salmonella
B10_TGGCACCTTACAGC_Salmonella_Goblet,B10,Goblet,Salmonella
B10_TGGCACCTTTGGCA_Salmonella_Enterocyte,B10,Enterocyte,Salmonella
B10_TGGGTATGCTTGTT_Salmonella_Enterocyte,B10,Enterocyte,Salmonella
B10_TGGTAGACTGGTAC_Salmonella_Enterocyte,B10,Enterocyte,Salmonella
B10_TGGTAGTGTCACGA_Salmonella_Goblet,B10,Goblet,Salmonella
B10_TGTAAAACCTGCTC_Salmonella_Enterocyte,B10,Enterocyte,Salmonella
B10_TGTAAAACGCTTCC_Salmonella_TA,B10,TA,Salmonella
B10_TGTAGTCTAGCATC_Salmonella_Enterocyte.Progenitor,B10,Enterocyte.Progenitor,Salmonella
B10_TGTATCTGCTTGTT_Salmonella_Goblet,B10,Goblet,Salmonella
B10_TGTGAGACTCCCAC_Salmonella_Enterocyte,B10,Enterocyte,Salmonella
B10_TGTGGATGCTGCTC_Salmonella_Enterocyte.Progenitor,B10,Enterocyte.Progenitor,Salmonella
B10_TGTGGATGTCTCTA_Salmonella_Enterocyte,B10,Enterocyte,Salmonella
B10_TGTTACACGGAAAT_Salmonella_Stem,B10,Stem,Salmonella
B10_TGTTACACTAGTCG_Salmonella_Enterocyte,B10,Enterocyte,Salmonella
B10_TTAACCACGACAGG_Salmonella_Enterocyte,B10,Enterocyte,Salmonella
B10_TTAACCACTAGAAG_Salmonella_Stem,B10,Stem,Salmonella
B10_TTACAGCTAAGGCG_Salmonella_Enterocyte,B10,Enterocyte,Salmonella
B10_TTACAGCTCTGCTC_Salmonella_Enterocyte,B10,Enterocyte,Salmonella
B10_TTACCATGAGGAGC_Salmonella_Enterocyte,B10,Enterocyte,Salmonella
B10_TTACCATGCCTTAT_Salmonella_TA.Early,B10,TA.Early,Salmonella
B10_TTACGACTGCAAGG_Salmonella_Enterocyte,B10,Enterocyte,Salmonella
B10_TTACGACTTGGAGG_Salmonella_Enterocyte,B10,Enterocyte,Salmonella
B10_TTAGAATGAGCCAT_Salmonella_TA,B10,TA,Salmonella
B10_TTAGGTCTAGAAGT_Salmonella_Enterocyte,B10,Enterocyte,Salmonella
B10_TTAGGTCTAGACTC_Salmonella_Goblet,B10,Goblet,Salmonella
B10_TTAGGTCTCCCACT_Salmonella_Enterocyte,B10,Enterocyte,Salmonella
B10_TTAGGTCTGAACCT_Salmonella_Enterocyte.Progenitor,B10,Enterocyte.Progenitor,Salmonella
B10_TTAGTCACATGCTG_Salmonella_Enterocyte,B10,Enterocyte,Salmonella
B10_TTAGTCACCATGGT_Salmonella_TA.Early,B10,TA.Early,Salmonella
B10_TTATCCGAAGCCTA_Salmonella_TA,B10,TA,Salmonella
B10_TTATCCGATCCTAT_Salmonella_TA.Early,B10,TA.Early,Salmonella
B10_TTATGGCTTAACGC_Salmonella_TA.Early,B10,TA.Early,Salmonella
B10_TTATGGCTTGAGCT_Salmonella_Goblet,B10,Goblet,Salmonella
B10_TTATTCCTTCCGTC_Salmonella_Enterocyte,B10,Enterocyte,Salmonella
B10_TTCACAACGGATCT_Salmonella_Goblet,B10,Goblet,Salmonella
B10_TTCACAACTGGAGG_Salmonella_Enterocyte.Progenitor,B10,Enterocyte.Progenitor,Salmonella
B10_TTCACAACTTCTTG_Salmonella_Enterocyte,B10,Enterocyte,Salmonella
B10_TTCAGTTGACCACA_Salmonella_Enterocyte.Progenitor,B10,Enterocyte.Progenitor,Salmonella
B10_TTCAGTTGAGAAGT_Salmonella_Enterocyte,B10,Enterocyte,Salmonella
B10_TTCATCGACCGTAA_Salmonella_TA.Early,B10,TA.Early,Salmonella
B10_TTCATGACCCTCCA_Salmonella_Enterocyte.Progenitor,B10,Enterocyte.Progenitor,Salmonella
B10_TTCATTCTCAACTG_Salmonella_Enterocyte,B10,Enterocyte,Salmonella
B10_TTCATTCTTACTTC_Salmonella_Stem,B10,Stem,Salmonella
B10_TTCGAGGAGGGTGA_Salmonella_TA.Early,B10,TA.Early,Salmonella
B10_TTCGTATGACTAGC_Salmonella_TA.Early,B10,TA.Early,Salmonella
B10_TTCGTATGCATTGG_Salmonella_Stem,B10,Stem,Salmonella
B10_TTCTGATGGGAGGT_Salmonella_Enterocyte.Progenitor,B10,Enterocyte.Progenitor,Salmonella
B10_TTCTTACTGAGGAC_Salmonella_Enterocyte,B10,Enterocyte,Salmonella
B10_TTCTTACTGCGTAT_Salmonella_TA,B10,TA,Salmonella
B10_TTGAACCTCATTTC_Salmonella_TA.Early,B10,TA.Early,Salmonella
B10_TTGAATGAGGTATC_Salmonella_TA,B10,TA,Salmonella
B10_TTGAGGTGTGGTGT_Salmonella_Enterocyte,B10,Enterocyte,Salmonella
B10_TTGCTAACTCAAGC_Salmonella_Enterocyte,B10,Enterocyte,Salmonella
B10_TTGCTATGCTGCAA_Salmonella_Enterocyte,B10,Enterocyte,Salmonella
B10_TTGCTATGTAGTCG_Salmonella_Enterocyte.Progenitor,B10,Enterocyte.Progenitor,Salmonella
B10_TTGGAGTGAGGAGC_Salmonella_Enterocyte,B10,Enterocyte,Salmonella
B10_TTGGGAACCCAGTA_Salmonella_Stem,B10,Stem,Salmonella
B10_TTGGTACTCTATTC_Salmonella_Enterocyte,B10,Enterocyte,Salmonella
B10_TTGGTACTCTGACA_Salmonella_Stem,B10,Stem,Salmonella
B10_TTTAGCTGGGTCAT_Salmonella_Enterocyte,B10,Enterocyte,Salmonella
B10_TTTCACGACAAGCT_Salmonella_TA,B10,TA,Salmonella
B10_TTTCAGTGAGGCGA_Salmonella_Enterocyte,B10,Enterocyte,Salmonella
B10_TTTCAGTGCGACAT_Salmonella_Stem,B10,Stem,Salmonella
B10_TTTCAGTGTGACCA_Salmonella_Endocrine,B10,Endocrine,Salmonella
B10_TTTCAGTGTTCTCA_Salmonella_Enterocyte.Progenitor,B10,Enterocyte.Progenitor,Salmonella
