"Cell","batch","cell_type","ExpLibSize"
"Cell1","Batch1","Group2",64251.3283212293
"Cell2","Batch1","Group1",70205.464079803
"Cell3","Batch1","Group4",61489.2051142812
"Cell4","Batch1","Group1",56686.4059660446
"Cell5","Batch1","Group2",67604.7453738976
"Cell6","Batch1","Group1",49274.0346257829
"Cell7","Batch1","Group4",51398.397936196
"Cell8","Batch1","Group3",63933.8754499551
"Cell9","Batch1","Group4",68045.8943050411
"Cell10","Batch1","Group1",47995.6943805672
"Cell11","Batch1","Group1",45836.6602144105
"Cell12","Batch1","Group2",80577.2357503813
"Cell13","Batch1","Group3",59773.8980456814
"Cell14","Batch1","Group1",51036.3918129266
"Cell15","Batch1","Group1",77835.8675428579
"Cell16","Batch1","Group3",51492.2449165155
"Cell17","Batch1","Group2",75511.3569829955
"Cell18","Batch1","Group3",77251.7415921208
"Cell19","Batch1","Group2",73403.1311129714
"Cell20","Batch1","Group2",48421.4981522143
"Cell21","Batch1","Group2",58345.9098974726
"Cell22","Batch1","Group4",69588.2538806697
"Cell23","Batch1","Group2",46737.6826372024
"Cell24","Batch1","Group3",65999.8271574576
"Cell25","Batch1","Group4",52709.4007378516
"Cell26","Batch1","Group4",56853.7289028488
"Cell27","Batch1","Group1",78849.23423914
"Cell28","Batch1","Group1",73915.3387295914
"Cell29","Batch1","Group3",65463.0010400321
"Cell30","Batch1","Group3",71654.5026052779
"Cell31","Batch1","Group3",63928.8116690695
"Cell32","Batch1","Group3",44749.9614441046
"Cell33","Batch1","Group1",58062.127687426
"Cell34","Batch1","Group3",52793.7213978494
"Cell35","Batch1","Group4",72748.0079330996
"Cell36","Batch1","Group3",61923.1400998908
"Cell37","Batch1","Group1",54234.9358504955
"Cell38","Batch1","Group4",50845.0046688293
"Cell39","Batch1","Group1",50699.0141763636
"Cell40","Batch1","Group2",71863.049838702
"Cell41","Batch1","Group3",43634.9267085615
"Cell42","Batch1","Group1",69073.1164842186
"Cell43","Batch1","Group3",53467.2127460658
"Cell44","Batch1","Group3",58170.2333280962
"Cell45","Batch1","Group2",50885.168204297
"Cell46","Batch1","Group4",72618.1392842365
"Cell47","Batch1","Group1",49312.7297455663
"Cell48","Batch1","Group2",67221.2778828925
"Cell49","Batch1","Group4",51988.5947629212
"Cell50","Batch1","Group4",41630.0279787376
"Cell51","Batch1","Group1",54704.9027241055
"Cell52","Batch1","Group1",61426.7556267084
"Cell53","Batch1","Group1",73954.1038376763
"Cell54","Batch1","Group2",73982.1349353224
"Cell55","Batch1","Group4",63099.7720168379
"Cell56","Batch1","Group3",68328.0987967861
"Cell57","Batch1","Group3",54170.4793159004
"Cell58","Batch1","Group2",62124.7288383
"Cell59","Batch1","Group3",80562.220522894
"Cell60","Batch1","Group1",65112.6307744747
"Cell61","Batch1","Group4",63623.7474642203
"Cell62","Batch1","Group2",63180.8862860949
"Cell63","Batch1","Group1",79811.4217905547
"Cell64","Batch1","Group2",40069.4275029479
"Cell65","Batch1","Group3",66498.7558824097
"Cell66","Batch1","Group1",61730.4853624208
"Cell67","Batch1","Group2",55286.3336772557
"Cell68","Batch1","Group2",61692.2560156332
"Cell69","Batch1","Group2",53830.3935380934
"Cell70","Batch1","Group4",58422.3996679229
"Cell71","Batch1","Group2",53323.0225215279
"Cell72","Batch1","Group2",62043.0058360477
"Cell73","Batch1","Group1",76452.6494231183
"Cell74","Batch1","Group1",83812.0549444155
"Cell75","Batch1","Group3",82073.3197614926
"Cell76","Batch1","Group4",63366.7441377437
"Cell77","Batch1","Group1",74504.1039247238
"Cell78","Batch1","Group3",66692.0185349213
"Cell79","Batch1","Group4",59532.9332707024
"Cell80","Batch1","Group4",57020.6151545496
"Cell81","Batch1","Group2",50216.4944328534
"Cell82","Batch1","Group3",67162.8436792274
"Cell83","Batch1","Group3",103513.400377061
"Cell84","Batch1","Group3",70270.4781704893
"Cell85","Batch1","Group1",51838.0715702583
"Cell86","Batch1","Group3",48678.2538837918
"Cell87","Batch1","Group3",51570.6682681551
"Cell88","Batch1","Group3",76489.6820779837
"Cell89","Batch1","Group4",59288.8302444596
"Cell90","Batch1","Group3",60587.6900490263
"Cell91","Batch1","Group2",62052.5793140537
"Cell92","Batch1","Group3",89612.2689592194
"Cell93","Batch1","Group1",54524.5651733186
"Cell94","Batch1","Group3",57208.9799222201
"Cell95","Batch1","Group4",65379.5479265549
"Cell96","Batch1","Group3",57717.4580145697
"Cell97","Batch1","Group4",55783.7822729351
"Cell98","Batch1","Group3",65610.4232104561
"Cell99","Batch1","Group2",78208.2418662919
"Cell100","Batch1","Group4",66425.8779768511
"Cell101","Batch1","Group1",58550.1956698523
"Cell102","Batch1","Group4",54519.9185051527
"Cell103","Batch1","Group4",54650.9143909793
"Cell104","Batch1","Group1",78718.9809165972
"Cell105","Batch1","Group3",91523.4299671534
"Cell106","Batch1","Group3",58015.2140862352
"Cell107","Batch1","Group1",48981.0132148693
"Cell108","Batch1","Group4",40663.8903743165
"Cell109","Batch1","Group3",52985.7809625908
"Cell110","Batch1","Group3",63649.4252445755
"Cell111","Batch1","Group4",55256.527014809
"Cell112","Batch1","Group4",42630.4314122726
"Cell113","Batch1","Group4",67746.6706171728
"Cell114","Batch1","Group3",61647.151884853
"Cell115","Batch1","Group4",45489.1794665492
"Cell116","Batch1","Group4",84342.4134337606
"Cell117","Batch1","Group3",53196.7562504455
"Cell118","Batch1","Group4",68274.257737818
"Cell119","Batch1","Group4",67945.5585072791
"Cell120","Batch1","Group1",82473.6403870958
"Cell121","Batch1","Group3",59160.9193552738
"Cell122","Batch1","Group1",68194.1290074649
"Cell123","Batch1","Group3",53921.7204883509
"Cell124","Batch1","Group1",78491.1731186273
"Cell125","Batch1","Group3",65892.8139578732
"Cell126","Batch1","Group2",72444.5757136094
"Cell127","Batch1","Group3",64027.7355211897
"Cell128","Batch1","Group2",73637.2541490549
"Cell129","Batch1","Group4",60904.2729306131
"Cell130","Batch1","Group1",47569.9624157265
"Cell131","Batch1","Group4",70590.4138832272
"Cell132","Batch1","Group3",43125.6946711089
"Cell133","Batch1","Group4",56945.5228664806
"Cell134","Batch1","Group3",60560.6174448449
"Cell135","Batch1","Group4",64334.9310146865
"Cell136","Batch1","Group4",43934.8978181503
"Cell137","Batch1","Group2",46631.7439114818
"Cell138","Batch1","Group3",52938.135714969
"Cell139","Batch1","Group3",54322.1849228525
"Cell140","Batch1","Group3",47003.8908416357
"Cell141","Batch1","Group2",41422.7660462011
"Cell142","Batch1","Group3",58859.263140841
"Cell143","Batch1","Group4",65433.4846475514
"Cell144","Batch1","Group1",59587.12170482
"Cell145","Batch1","Group3",63451.8807926713
"Cell146","Batch1","Group4",52198.055771105
"Cell147","Batch1","Group2",47875.8838244785
"Cell148","Batch1","Group4",55822.9056959919
"Cell149","Batch1","Group1",74083.7510587145
"Cell150","Batch1","Group3",73373.1205840973
"Cell151","Batch1","Group4",50584.1215797289
"Cell152","Batch1","Group3",66853.041603181
"Cell153","Batch1","Group3",50567.9424201636
"Cell154","Batch1","Group1",49412.2521073296
"Cell155","Batch1","Group4",53895.6948029894
"Cell156","Batch1","Group4",43006.0226725912
"Cell157","Batch1","Group4",48869.7303837524
"Cell158","Batch1","Group3",78843.716408696
"Cell159","Batch1","Group4",85131.2308388187
"Cell160","Batch1","Group4",77270.9038122831
"Cell161","Batch1","Group1",43027.138043405
"Cell162","Batch1","Group3",44861.3396296952
"Cell163","Batch1","Group3",89631.6205839295
"Cell164","Batch1","Group2",60655.7825268946
"Cell165","Batch1","Group1",68208.6507140899
"Cell166","Batch1","Group3",53952.1802867631
"Cell167","Batch1","Group3",57795.8531667903
"Cell168","Batch1","Group3",76361.9762741843
"Cell169","Batch1","Group1",58893.6227691023
"Cell170","Batch1","Group3",57111.6327865742
"Cell171","Batch1","Group2",63881.258318489
"Cell172","Batch1","Group3",60326.2499979238
"Cell173","Batch1","Group1",58678.6445291328
"Cell174","Batch1","Group2",76190.0133865741
"Cell175","Batch1","Group1",55090.570330171
"Cell176","Batch1","Group2",54905.1966528386
"Cell177","Batch1","Group4",69005.7645464728
"Cell178","Batch1","Group2",44929.9226799701
"Cell179","Batch1","Group4",51264.1071322026
"Cell180","Batch1","Group3",38355.561416849
"Cell181","Batch1","Group1",54388.5709123849
"Cell182","Batch1","Group1",72134.7697201714
"Cell183","Batch1","Group4",53776.0739826117
"Cell184","Batch1","Group4",52019.4053974138
"Cell185","Batch1","Group2",45638.8229395624
"Cell186","Batch1","Group3",48906.5839979732
"Cell187","Batch1","Group2",53654.9405633077
"Cell188","Batch1","Group4",79971.8870718965
"Cell189","Batch1","Group3",65586.8450045273
"Cell190","Batch1","Group1",53542.6261605889
"Cell191","Batch1","Group3",47573.4383373138
"Cell192","Batch1","Group4",70442.2354319944
"Cell193","Batch1","Group4",56158.3740853775
"Cell194","Batch1","Group3",60891.1301915066
"Cell195","Batch1","Group3",63535.0738465309
"Cell196","Batch1","Group3",45050.3064887475
"Cell197","Batch1","Group1",79522.7444374437
"Cell198","Batch1","Group3",43715.794796054
"Cell199","Batch1","Group2",65813.7786349684
"Cell200","Batch1","Group1",60716.3249423606
"Cell201","Batch1","Group3",49558.7559462732
"Cell202","Batch1","Group2",53826.341768283
"Cell203","Batch1","Group3",66610.7408450693
"Cell204","Batch1","Group3",59657.1481798543
"Cell205","Batch1","Group2",59231.6360344914
"Cell206","Batch1","Group3",41888.7068177917
"Cell207","Batch1","Group3",56854.1249435411
"Cell208","Batch1","Group3",59513.8802901751
"Cell209","Batch1","Group4",62540.0728900571
"Cell210","Batch1","Group1",43159.5817444841
"Cell211","Batch1","Group4",65476.1651252405
"Cell212","Batch1","Group4",39143.031416314
"Cell213","Batch1","Group1",69170.8140470744
"Cell214","Batch1","Group4",71743.2351654457
"Cell215","Batch1","Group2",46176.2786210032
"Cell216","Batch1","Group4",56312.8020004881
"Cell217","Batch1","Group3",62378.995104977
"Cell218","Batch1","Group2",59575.8312192898
"Cell219","Batch1","Group3",53150.1281583752
"Cell220","Batch1","Group1",65417.280342606
"Cell221","Batch1","Group4",63086.7478639893
"Cell222","Batch1","Group2",57689.2916926835
"Cell223","Batch1","Group1",46198.6744637082
"Cell224","Batch1","Group2",68353.4747908569
"Cell225","Batch1","Group1",61190.1479087542
"Cell226","Batch1","Group3",71746.6950421768
"Cell227","Batch1","Group3",45548.5090743017
"Cell228","Batch1","Group1",55868.9362685868
"Cell229","Batch1","Group1",60926.411958815
"Cell230","Batch1","Group4",60894.5794568825
"Cell231","Batch1","Group4",65961.4874868651
"Cell232","Batch1","Group3",75965.4670630526
"Cell233","Batch1","Group4",60752.0203329141
"Cell234","Batch1","Group4",98737.5342362573
"Cell235","Batch1","Group3",54527.5856389376
"Cell236","Batch1","Group3",45701.870181992
"Cell237","Batch1","Group3",63821.596043064
"Cell238","Batch1","Group1",58710.1013474044
"Cell239","Batch1","Group3",55411.8837947418
"Cell240","Batch1","Group4",67871.9901922786
"Cell241","Batch1","Group3",95296.0327013194
"Cell242","Batch1","Group2",40279.7146993027
"Cell243","Batch1","Group2",47119.4764627907
"Cell244","Batch1","Group2",50170.0969831337
"Cell245","Batch1","Group4",46990.9340378296
"Cell246","Batch1","Group1",60215.3582568145
"Cell247","Batch1","Group3",52930.8375282308
"Cell248","Batch1","Group1",74747.2051793548
"Cell249","Batch1","Group2",51619.7827916409
"Cell250","Batch1","Group2",62016.494769752
"Cell251","Batch1","Group1",75615.9515643084
"Cell252","Batch1","Group1",79570.4796728036
"Cell253","Batch1","Group2",66515.9144003001
"Cell254","Batch1","Group3",53603.0103906937
"Cell255","Batch1","Group1",68100.9195695507
"Cell256","Batch1","Group2",50333.1959160528
"Cell257","Batch1","Group4",64710.9746665985
"Cell258","Batch1","Group1",41729.5060138747
"Cell259","Batch1","Group4",48214.7633893188
"Cell260","Batch1","Group4",60858.0011837928
"Cell261","Batch1","Group3",68184.6558976522
"Cell262","Batch1","Group4",57492.9338547849
"Cell263","Batch1","Group1",53411.2298780945
"Cell264","Batch1","Group4",61024.6720368153
"Cell265","Batch1","Group2",61813.9112633317
"Cell266","Batch1","Group1",65558.1290941246
"Cell267","Batch1","Group1",70926.7810843271
"Cell268","Batch1","Group2",58376.8624474082
"Cell269","Batch1","Group3",59031.6148320009
"Cell270","Batch1","Group2",63446.7927662014
"Cell271","Batch1","Group2",77331.7880443968
"Cell272","Batch1","Group3",75846.1497805525
"Cell273","Batch1","Group4",59313.8672816535
"Cell274","Batch1","Group1",52367.8829776074
"Cell275","Batch1","Group3",70399.9721098079
"Cell276","Batch1","Group2",40948.291350426
"Cell277","Batch1","Group2",63593.1399720126
"Cell278","Batch1","Group4",59288.7580798741
"Cell279","Batch1","Group4",46776.1012547139
"Cell280","Batch1","Group3",43357.0623646996
"Cell281","Batch1","Group4",56862.0175774066
"Cell282","Batch1","Group1",73211.4162660734
"Cell283","Batch1","Group1",49828.8662044303
"Cell284","Batch1","Group3",52347.7914106641
"Cell285","Batch1","Group2",86891.442256029
"Cell286","Batch1","Group1",87799.2030440734
"Cell287","Batch1","Group2",72123.8642169569
"Cell288","Batch1","Group2",66680.1784770157
"Cell289","Batch1","Group2",53790.5679882776
"Cell290","Batch1","Group2",60092.5285887337
"Cell291","Batch1","Group3",75882.1460958301
"Cell292","Batch1","Group1",43151.7502494051
"Cell293","Batch1","Group4",50268.8439270547
"Cell294","Batch1","Group3",46132.659795662
"Cell295","Batch1","Group4",50165.7762367304
"Cell296","Batch1","Group4",50649.0190799224
"Cell297","Batch1","Group2",45101.798107291
"Cell298","Batch1","Group4",61517.6200656043
"Cell299","Batch1","Group2",75128.0945177959
"Cell300","Batch1","Group4",41476.2277207158
"Cell301","Batch1","Group4",76522.0249616562
"Cell302","Batch1","Group1",55280.0040190981
"Cell303","Batch1","Group1",51783.0019573007
"Cell304","Batch1","Group2",75878.7523578912
"Cell305","Batch1","Group4",49193.597544451
"Cell306","Batch1","Group4",40635.2316691195
"Cell307","Batch1","Group1",76118.6601270316
"Cell308","Batch1","Group1",89098.0035496519
"Cell309","Batch1","Group2",71624.4099175448
"Cell310","Batch1","Group2",49894.6684574386
"Cell311","Batch1","Group1",76412.7697107252
"Cell312","Batch1","Group1",69455.8012925635
"Cell313","Batch1","Group3",55672.3544305727
"Cell314","Batch1","Group4",54371.067787101
"Cell315","Batch1","Group3",75743.221813354
"Cell316","Batch1","Group2",39232.9738912523
"Cell317","Batch1","Group1",86317.5272768842
"Cell318","Batch1","Group1",64446.9899615648
"Cell319","Batch1","Group4",48557.420215713
"Cell320","Batch1","Group4",42501.0815964357
"Cell321","Batch1","Group1",62422.5236612327
"Cell322","Batch1","Group1",36836.4109298603
"Cell323","Batch1","Group3",66602.7471636349
"Cell324","Batch1","Group1",64973.4579123678
"Cell325","Batch1","Group1",40993.5310758379
"Cell326","Batch1","Group3",59851.0777638764
"Cell327","Batch1","Group3",51147.1520582536
"Cell328","Batch1","Group2",42242.7198097687
"Cell329","Batch1","Group3",52293.5544809775
"Cell330","Batch1","Group3",57106.4059475223
"Cell331","Batch1","Group4",63521.4145814892
"Cell332","Batch1","Group4",51739.6965214408
"Cell333","Batch1","Group1",68215.9424761122
"Cell334","Batch1","Group3",54551.2190475217
"Cell335","Batch1","Group4",71529.1646930217
"Cell336","Batch1","Group4",68008.0280041956
"Cell337","Batch1","Group4",54304.2297687314
"Cell338","Batch1","Group2",71005.4890466722
"Cell339","Batch1","Group3",67346.0286502398
"Cell340","Batch1","Group4",63334.973867383
"Cell341","Batch1","Group4",48279.8116538795
"Cell342","Batch1","Group1",67102.101444073
"Cell343","Batch1","Group1",65787.8368178221
"Cell344","Batch1","Group1",45498.3868967758
"Cell345","Batch1","Group4",68464.5143901005
"Cell346","Batch1","Group4",48473.2161618232
"Cell347","Batch1","Group4",62911.2960797953
"Cell348","Batch1","Group4",87154.8945883643
"Cell349","Batch1","Group3",51778.8040263016
"Cell350","Batch1","Group1",43348.1577281203
"Cell351","Batch1","Group1",39308.7569536066
"Cell352","Batch1","Group3",65311.8213186834
"Cell353","Batch1","Group4",46254.2147976041
"Cell354","Batch1","Group4",55763.5574925321
"Cell355","Batch1","Group2",66810.3501717053
"Cell356","Batch1","Group2",58307.3921018874
"Cell357","Batch1","Group2",56856.7634960974
"Cell358","Batch1","Group4",63411.7818088777
"Cell359","Batch1","Group1",65066.2806863959
"Cell360","Batch1","Group4",46705.6689649538
"Cell361","Batch1","Group2",41800.8153873125
"Cell362","Batch1","Group2",46693.4919768559
"Cell363","Batch1","Group4",61946.7956223095
"Cell364","Batch1","Group4",55475.7080131833
"Cell365","Batch1","Group2",50551.6528459252
"Cell366","Batch1","Group2",56616.928699055
"Cell367","Batch1","Group4",61197.4419618879
"Cell368","Batch1","Group4",66057.6649182849
"Cell369","Batch1","Group3",59178.9633413432
"Cell370","Batch1","Group3",42324.1883349413
"Cell371","Batch1","Group4",58026.0284895818
"Cell372","Batch1","Group4",59429.2799018991
"Cell373","Batch1","Group2",62772.1514118196
"Cell374","Batch1","Group2",54441.0214985064
"Cell375","Batch1","Group2",65345.1781733095
"Cell376","Batch1","Group1",56392.5412245699
"Cell377","Batch1","Group1",59058.0578025808
"Cell378","Batch1","Group3",62184.7797014544
"Cell379","Batch1","Group4",57183.8411303964
"Cell380","Batch1","Group4",41589.0923838963
"Cell381","Batch1","Group2",48465.7081348554
"Cell382","Batch1","Group1",47018.1361425398
"Cell383","Batch1","Group4",70991.2435761381
"Cell384","Batch1","Group3",57963.8365646988
"Cell385","Batch1","Group3",62020.7803642182
"Cell386","Batch1","Group4",70263.9832997064
"Cell387","Batch1","Group4",81385.4619731025
"Cell388","Batch1","Group1",66007.3405547357
"Cell389","Batch1","Group1",67841.9683355979
"Cell390","Batch1","Group4",57704.3021709972
"Cell391","Batch1","Group4",80096.4659708258
"Cell392","Batch1","Group3",70163.6355317676
"Cell393","Batch1","Group1",61830.2919614282
"Cell394","Batch1","Group1",62042.5754022172
"Cell395","Batch1","Group4",56102.7623960469
"Cell396","Batch1","Group4",58333.159349216
"Cell397","Batch1","Group3",45885.4891793738
"Cell398","Batch1","Group4",54428.7950496894
"Cell399","Batch1","Group4",65781.5988164748
"Cell400","Batch1","Group3",57326.331869496
"Cell401","Batch1","Group2",112265.305150505
"Cell402","Batch1","Group1",50740.6171024188
"Cell403","Batch1","Group1",66978.2366401713
"Cell404","Batch1","Group2",59244.8431989336
"Cell405","Batch1","Group2",49233.9411271983
"Cell406","Batch1","Group4",52680.6948751604
"Cell407","Batch1","Group1",73658.262726034
"Cell408","Batch1","Group2",49864.2013413404
"Cell409","Batch1","Group3",56972.2388249132
"Cell410","Batch1","Group4",61392.7838955306
"Cell411","Batch1","Group4",89232.2901816242
"Cell412","Batch1","Group1",70796.0527252902
"Cell413","Batch1","Group4",45410.6813334862
"Cell414","Batch1","Group1",51258.2512416199
"Cell415","Batch1","Group1",63944.2501788496
"Cell416","Batch1","Group2",66614.5526812981
"Cell417","Batch1","Group2",48163.9993693846
"Cell418","Batch1","Group3",59918.4417261501
"Cell419","Batch1","Group1",60697.7877608388
"Cell420","Batch1","Group1",52164.4232594857
"Cell421","Batch1","Group4",64494.3886062434
"Cell422","Batch1","Group3",95121.8465931277
"Cell423","Batch1","Group4",89862.1150087478
"Cell424","Batch1","Group3",67561.5689510818
"Cell425","Batch1","Group4",66897.9922045015
"Cell426","Batch1","Group2",72882.0839907348
"Cell427","Batch1","Group1",62058.9417425249
"Cell428","Batch1","Group4",49701.2762465608
"Cell429","Batch1","Group1",52432.5660941708
"Cell430","Batch1","Group2",58094.3477364579
"Cell431","Batch1","Group1",81588.9633295347
"Cell432","Batch1","Group2",62588.9258103206
"Cell433","Batch1","Group4",55757.7359783646
"Cell434","Batch1","Group3",48173.2301738795
"Cell435","Batch1","Group3",84172.1233675786
"Cell436","Batch1","Group2",49407.759991387
"Cell437","Batch1","Group2",57509.6521564338
"Cell438","Batch1","Group3",43720.5960068273
"Cell439","Batch1","Group4",63573.3963963394
"Cell440","Batch1","Group4",76663.5333605831
"Cell441","Batch1","Group4",40509.7915460308
"Cell442","Batch1","Group4",54973.1487312614
"Cell443","Batch1","Group1",49111.2570226619
"Cell444","Batch1","Group4",50841.4864109006
"Cell445","Batch1","Group2",38530.7163004675
"Cell446","Batch1","Group4",47853.0637874847
"Cell447","Batch1","Group1",55613.4666104904
"Cell448","Batch1","Group1",60109.2270842544
"Cell449","Batch1","Group4",61589.0471607451
"Cell450","Batch1","Group4",40937.4573941998
"Cell451","Batch1","Group1",57053.6892452673
"Cell452","Batch1","Group3",57527.8155991485
"Cell453","Batch1","Group2",69259.3630031217
"Cell454","Batch1","Group1",65031.9001076888
"Cell455","Batch1","Group2",61783.8118749167
"Cell456","Batch1","Group2",40486.8566562435
"Cell457","Batch1","Group4",77425.4959960651
"Cell458","Batch1","Group3",54292.327318936
"Cell459","Batch1","Group4",52805.2687164148
"Cell460","Batch1","Group4",68179.3501054444
"Cell461","Batch1","Group4",56732.3613374868
"Cell462","Batch1","Group1",54884.9834283348
"Cell463","Batch1","Group1",56987.0436113597
"Cell464","Batch1","Group1",54388.9022510031
"Cell465","Batch1","Group1",65073.3573952066
"Cell466","Batch1","Group4",60031.7967150152
"Cell467","Batch1","Group4",58670.9375078379
"Cell468","Batch1","Group1",43261.3470457262
"Cell469","Batch1","Group3",62209.4095101046
"Cell470","Batch1","Group3",65364.322091727
"Cell471","Batch1","Group2",62297.6859193269
"Cell472","Batch1","Group4",76407.215081733
"Cell473","Batch1","Group3",57724.549343629
"Cell474","Batch1","Group4",55172.5641406834
"Cell475","Batch1","Group3",60174.3973132198
"Cell476","Batch1","Group1",56656.1729488095
"Cell477","Batch1","Group4",81004.8927517717
"Cell478","Batch1","Group4",56384.2182332009
"Cell479","Batch1","Group2",89531.8940041753
"Cell480","Batch1","Group1",54287.0986702895
"Cell481","Batch1","Group4",65234.9129575971
"Cell482","Batch1","Group2",71489.5374973379
"Cell483","Batch1","Group4",39903.980119327
"Cell484","Batch1","Group4",58321.2374446851
"Cell485","Batch1","Group1",53754.4480601229
"Cell486","Batch1","Group3",72919.0998120686
"Cell487","Batch1","Group4",67392.242017178
"Cell488","Batch1","Group1",59853.3257108556
"Cell489","Batch1","Group3",57210.0396705755
"Cell490","Batch1","Group2",47838.3275234847
"Cell491","Batch1","Group4",66373.6438931644
"Cell492","Batch1","Group3",67328.1613285405
"Cell493","Batch1","Group2",49529.9568220157
"Cell494","Batch1","Group2",63752.5956521516
"Cell495","Batch1","Group2",69127.8671972446
"Cell496","Batch1","Group3",80122.520242338
"Cell497","Batch1","Group1",77872.3292023112
"Cell498","Batch1","Group1",46013.5712710202
"Cell499","Batch1","Group4",76294.2877264139
"Cell500","Batch1","Group1",47775.0536388835
"Cell501","Batch1","Group2",59150.9841001608
"Cell502","Batch1","Group2",41611.9342073051
"Cell503","Batch1","Group3",67281.281301317
"Cell504","Batch1","Group3",78165.1033242711
"Cell505","Batch1","Group4",45414.4246010271
"Cell506","Batch1","Group2",41923.9538181658
"Cell507","Batch1","Group4",44011.5108425105
"Cell508","Batch1","Group4",57179.2353890538
"Cell509","Batch1","Group4",56347.1383474604
"Cell510","Batch1","Group3",56318.509856109
"Cell511","Batch1","Group4",40823.0332738803
"Cell512","Batch1","Group4",60659.3461857944
"Cell513","Batch1","Group4",69161.2035195705
"Cell514","Batch1","Group2",48291.4205170443
"Cell515","Batch1","Group3",57886.6982987549
"Cell516","Batch1","Group3",62889.8323633231
"Cell517","Batch1","Group4",64161.6746965738
"Cell518","Batch1","Group4",42225.6444336934
"Cell519","Batch1","Group3",87946.900646284
"Cell520","Batch1","Group3",42495.7853432251
"Cell521","Batch1","Group1",57506.1739158592
"Cell522","Batch1","Group4",75852.2036908597
"Cell523","Batch1","Group1",55571.9933446904
"Cell524","Batch1","Group1",71210.781310471
"Cell525","Batch1","Group4",68708.8935113957
"Cell526","Batch1","Group3",61206.3580801941
"Cell527","Batch1","Group3",94512.420234433
"Cell528","Batch1","Group2",42158.1834490073
"Cell529","Batch1","Group1",65788.408259742
"Cell530","Batch1","Group2",67655.3067728822
"Cell531","Batch1","Group4",53685.9204078147
"Cell532","Batch1","Group1",67684.3509574157
"Cell533","Batch1","Group1",70689.4861678314
"Cell534","Batch1","Group2",85034.2999503592
"Cell535","Batch1","Group4",63180.8291750697
"Cell536","Batch1","Group3",71315.1192987755
"Cell537","Batch1","Group2",71045.1311377744
"Cell538","Batch1","Group3",61244.9629448129
"Cell539","Batch1","Group1",32897.4781620258
"Cell540","Batch1","Group4",61959.7444493941
"Cell541","Batch1","Group2",47114.5597654939
"Cell542","Batch1","Group1",51143.4051656658
"Cell543","Batch1","Group1",82955.6029196726
"Cell544","Batch1","Group4",60625.1947500737
"Cell545","Batch1","Group3",58470.7280597424
"Cell546","Batch1","Group2",53445.8055812231
"Cell547","Batch1","Group1",78011.7562995789
"Cell548","Batch1","Group4",52761.2969384193
"Cell549","Batch1","Group3",52854.6473960815
"Cell550","Batch1","Group3",62737.7008404873
"Cell551","Batch1","Group3",67582.3430892584
"Cell552","Batch1","Group3",56283.877287646
"Cell553","Batch1","Group3",51650.4575518957
"Cell554","Batch1","Group2",62456.1230232281
"Cell555","Batch1","Group2",51776.4118887288
"Cell556","Batch1","Group1",60838.4466409057
"Cell557","Batch1","Group2",55582.716337337
"Cell558","Batch1","Group2",49606.3608336026
"Cell559","Batch1","Group4",44279.4697987258
"Cell560","Batch1","Group2",63166.7955140152
"Cell561","Batch1","Group3",83632.2865407124
"Cell562","Batch1","Group4",60091.26767761
"Cell563","Batch1","Group3",87252.1526657446
"Cell564","Batch1","Group4",48660.0229750712
"Cell565","Batch1","Group4",50358.636904645
"Cell566","Batch1","Group4",37193.0997172516
"Cell567","Batch1","Group4",52801.8931606712
"Cell568","Batch1","Group3",50318.5417721105
"Cell569","Batch1","Group3",70080.0322835826
"Cell570","Batch1","Group4",47210.2977646078
"Cell571","Batch1","Group1",58403.6219250252
"Cell572","Batch1","Group2",66848.0227732321
"Cell573","Batch1","Group1",67436.6820406615
"Cell574","Batch1","Group3",78452.7783772261
"Cell575","Batch1","Group2",65699.4063828114
"Cell576","Batch1","Group1",52545.5102628855
"Cell577","Batch1","Group4",42676.2358512338
"Cell578","Batch1","Group3",64274.1725630405
"Cell579","Batch1","Group2",53836.0194800048
"Cell580","Batch1","Group3",63877.7637170225
"Cell581","Batch1","Group2",112234.039932836
"Cell582","Batch1","Group2",52559.4090845904
"Cell583","Batch1","Group4",56334.2266518452
"Cell584","Batch1","Group1",63098.9548491964
"Cell585","Batch1","Group2",67628.9401276824
"Cell586","Batch1","Group4",59991.8304986865
"Cell587","Batch1","Group4",67746.161893721
"Cell588","Batch1","Group1",62143.7918296133
"Cell589","Batch1","Group4",55268.6100859212
"Cell590","Batch1","Group2",45832.3811072088
"Cell591","Batch1","Group4",80962.6004699287
"Cell592","Batch1","Group2",47375.3694237456
"Cell593","Batch1","Group2",39356.0362792714
"Cell594","Batch1","Group1",58862.1421877811
"Cell595","Batch1","Group1",81953.9446792383
"Cell596","Batch1","Group3",67063.1779825948
"Cell597","Batch1","Group4",47322.0051658167
"Cell598","Batch1","Group3",67710.7488124391
"Cell599","Batch1","Group4",59820.3054120241
"Cell600","Batch1","Group2",64955.4070416353
"Cell601","Batch1","Group4",47355.7920041841
"Cell602","Batch1","Group4",58250.6571833254
"Cell603","Batch1","Group2",49740.533497142
"Cell604","Batch1","Group1",52353.6534833533
"Cell605","Batch1","Group1",44029.2610936628
"Cell606","Batch1","Group3",70030.3304388906
"Cell607","Batch1","Group3",61836.8538851587
"Cell608","Batch1","Group1",60909.6440598025
"Cell609","Batch1","Group2",76187.4095302238
"Cell610","Batch1","Group2",53496.5446116328
"Cell611","Batch1","Group1",53164.1513791295
"Cell612","Batch1","Group3",56515.4985177758
"Cell613","Batch1","Group3",63511.1586783921
"Cell614","Batch1","Group4",65702.0178567113
"Cell615","Batch1","Group1",86587.6440502121
"Cell616","Batch1","Group3",78474.6830640179
"Cell617","Batch1","Group3",72103.4388834483
"Cell618","Batch1","Group2",61486.9766840877
"Cell619","Batch1","Group4",63338.625573422
"Cell620","Batch1","Group1",46666.2837262765
"Cell621","Batch1","Group2",60247.8664222831
"Cell622","Batch1","Group1",42311.6256544212
"Cell623","Batch1","Group1",43214.2247874265
"Cell624","Batch1","Group4",91027.389385163
"Cell625","Batch1","Group4",60664.8026419543
"Cell626","Batch1","Group2",52613.3162073554
"Cell627","Batch1","Group1",58336.2297639483
"Cell628","Batch1","Group4",53629.2849131139
"Cell629","Batch1","Group1",48207.6303009349
"Cell630","Batch1","Group2",55718.3053254771
"Cell631","Batch1","Group3",47871.3234377427
"Cell632","Batch1","Group4",72978.9612412392
"Cell633","Batch1","Group1",54972.2834551915
"Cell634","Batch1","Group3",71053.2107424312
"Cell635","Batch1","Group4",48970.3611163486
"Cell636","Batch1","Group3",61246.5313200861
"Cell637","Batch1","Group4",61839.2735599978
"Cell638","Batch1","Group4",60898.3808096175
"Cell639","Batch1","Group4",52971.5201081056
"Cell640","Batch1","Group1",63080.4144337969
"Cell641","Batch1","Group1",51305.8621720228
"Cell642","Batch1","Group1",53502.2617513554
"Cell643","Batch1","Group4",52530.6926614791
"Cell644","Batch1","Group4",63990.8975728915
"Cell645","Batch1","Group3",50140.7017443519
"Cell646","Batch1","Group2",43518.762517671
"Cell647","Batch1","Group4",51872.1473240692
"Cell648","Batch1","Group4",82183.5413247641
"Cell649","Batch1","Group1",65379.471645349
"Cell650","Batch1","Group1",73996.8221920483
"Cell651","Batch1","Group1",54500.9952397212
"Cell652","Batch1","Group1",64670.2613061441
"Cell653","Batch1","Group3",50884.1136607689
"Cell654","Batch1","Group3",63699.0949561104
"Cell655","Batch1","Group4",42111.0101390579
"Cell656","Batch1","Group2",51124.6902884941
"Cell657","Batch1","Group2",53158.682087486
"Cell658","Batch1","Group4",67130.4206608845
"Cell659","Batch1","Group2",47092.6422808749
"Cell660","Batch1","Group2",51945.7280961031
"Cell661","Batch1","Group1",68478.2287975614
"Cell662","Batch1","Group1",56205.4803127332
"Cell663","Batch1","Group1",46563.203142663
"Cell664","Batch1","Group2",66918.5110981238
"Cell665","Batch1","Group1",56429.6747042297
"Cell666","Batch1","Group3",79246.1626545283
"Cell667","Batch1","Group2",53029.2943766537
"Cell668","Batch1","Group1",69567.9666576991
"Cell669","Batch1","Group3",67414.3239217616
"Cell670","Batch1","Group4",51653.3258685518
"Cell671","Batch1","Group3",48306.2010356415
"Cell672","Batch1","Group3",57609.5240666466
"Cell673","Batch1","Group3",80418.3445781892
"Cell674","Batch1","Group3",63088.4457511207
"Cell675","Batch1","Group3",39208.1073960374
"Cell676","Batch1","Group4",53814.0513364077
"Cell677","Batch1","Group1",58090.9719210546
"Cell678","Batch1","Group4",61575.7639977546
"Cell679","Batch1","Group1",70215.3622742825
"Cell680","Batch1","Group1",50676.4876885453
"Cell681","Batch1","Group2",54680.4229352149
"Cell682","Batch1","Group3",67486.363530375
"Cell683","Batch1","Group4",55795.923155974
"Cell684","Batch1","Group2",73429.1331034569
"Cell685","Batch1","Group1",53478.7102816727
"Cell686","Batch1","Group3",62554.4979741507
"Cell687","Batch1","Group2",73024.8767756761
"Cell688","Batch1","Group1",48327.323614149
"Cell689","Batch1","Group2",55056.7147730802
"Cell690","Batch1","Group2",76542.7425060993
"Cell691","Batch1","Group2",49954.7676452272
"Cell692","Batch1","Group2",77420.3403170636
"Cell693","Batch1","Group1",33200.0931038568
"Cell694","Batch1","Group1",67937.2924300011
"Cell695","Batch1","Group2",52531.6842426665
"Cell696","Batch1","Group1",48323.5582868486
"Cell697","Batch1","Group2",44798.2394843826
"Cell698","Batch1","Group4",58145.0617737624
"Cell699","Batch1","Group2",70726.539221124
"Cell700","Batch1","Group3",68356.8961424183
"Cell701","Batch1","Group2",55653.2393972929
"Cell702","Batch1","Group2",49359.389946236
"Cell703","Batch1","Group2",45692.5836756158
"Cell704","Batch1","Group2",58931.3918284604
"Cell705","Batch1","Group1",51833.9733810836
"Cell706","Batch1","Group4",72775.9668020243
"Cell707","Batch1","Group4",45260.1200822632
"Cell708","Batch1","Group1",76524.0191233033
"Cell709","Batch1","Group3",45517.3298260926
"Cell710","Batch1","Group2",47611.2700539749
"Cell711","Batch1","Group3",55535.779569477
"Cell712","Batch1","Group4",55820.7718658169
"Cell713","Batch1","Group2",42118.4183672121
"Cell714","Batch1","Group1",44996.4172056997
"Cell715","Batch1","Group2",62201.9685807961
"Cell716","Batch1","Group1",49799.645350829
"Cell717","Batch1","Group3",65848.9632926177
"Cell718","Batch1","Group2",60956.8700946309
"Cell719","Batch1","Group2",78006.6444569174
"Cell720","Batch1","Group2",42297.8241085932
"Cell721","Batch1","Group4",54192.3235592129
"Cell722","Batch1","Group2",56565.5909863028
"Cell723","Batch1","Group3",80098.3247545173
"Cell724","Batch1","Group3",57209.6912274433
"Cell725","Batch1","Group4",59405.6944545838
"Cell726","Batch1","Group1",51935.2659297751
"Cell727","Batch1","Group1",48946.4068645447
"Cell728","Batch1","Group1",47732.3801324925
"Cell729","Batch1","Group4",73985.7175911193
"Cell730","Batch1","Group1",80010.3149867487
"Cell731","Batch1","Group1",84680.9078994049
"Cell732","Batch1","Group1",56292.4076793506
"Cell733","Batch1","Group4",56686.8524779849
"Cell734","Batch1","Group2",51443.3495653415
"Cell735","Batch1","Group1",49658.7815497273
"Cell736","Batch1","Group1",46415.9977941212
"Cell737","Batch1","Group2",63992.313595252
"Cell738","Batch1","Group4",56854.2639489043
"Cell739","Batch1","Group1",63504.0412271402
"Cell740","Batch1","Group1",117265.767996297
"Cell741","Batch1","Group4",64511.293300296
"Cell742","Batch1","Group1",78032.4487715413
"Cell743","Batch1","Group4",71199.162912099
"Cell744","Batch1","Group2",47899.8771021621
"Cell745","Batch1","Group2",73279.5912777925
"Cell746","Batch1","Group1",60356.2418471467
"Cell747","Batch1","Group2",57288.8387435709
"Cell748","Batch1","Group1",64067.9917161302
"Cell749","Batch1","Group1",55419.3022998464
"Cell750","Batch1","Group1",48934.0147026805
"Cell751","Batch1","Group2",65694.5229443477
"Cell752","Batch1","Group2",51683.0009344496
"Cell753","Batch1","Group3",60456.9230756269
"Cell754","Batch1","Group2",55356.9962280355
"Cell755","Batch1","Group1",72042.6735117447
"Cell756","Batch1","Group2",66059.5023291398
"Cell757","Batch1","Group4",68388.5787303422
"Cell758","Batch1","Group4",60317.7528927053
"Cell759","Batch1","Group4",57053.4844488178
"Cell760","Batch1","Group3",79823.4855273393
"Cell761","Batch1","Group2",64443.8202796692
"Cell762","Batch1","Group4",63405.4670271001
"Cell763","Batch1","Group3",61309.8959830356
"Cell764","Batch1","Group4",82155.6723303682
"Cell765","Batch1","Group2",40320.3816086797
"Cell766","Batch1","Group1",57885.2001609338
"Cell767","Batch1","Group2",55950.7453629034
"Cell768","Batch1","Group2",49661.4949639817
"Cell769","Batch1","Group2",62610.8081125534
"Cell770","Batch1","Group1",54728.4110315249
"Cell771","Batch1","Group3",47253.4112326775
"Cell772","Batch1","Group3",37834.2804650933
"Cell773","Batch1","Group3",74832.7164889412
"Cell774","Batch1","Group2",59515.56788693
"Cell775","Batch1","Group3",87239.322077445
"Cell776","Batch1","Group2",49896.5859778737
"Cell777","Batch1","Group3",55077.6441348695
"Cell778","Batch1","Group1",54272.9456329805
"Cell779","Batch1","Group3",63869.9670339752
"Cell780","Batch1","Group4",73724.5237945183
"Cell781","Batch1","Group3",52693.2310578508
"Cell782","Batch1","Group1",56217.538643217
"Cell783","Batch1","Group1",61028.6245092088
"Cell784","Batch1","Group4",57617.5043367264
"Cell785","Batch1","Group4",68362.5742087295
"Cell786","Batch1","Group2",76832.881969412
"Cell787","Batch1","Group4",51368.9805576785
"Cell788","Batch1","Group3",68585.6147456879
"Cell789","Batch1","Group2",65736.0393662217
"Cell790","Batch1","Group1",48383.3659675132
"Cell791","Batch1","Group1",58023.182698699
"Cell792","Batch1","Group2",53969.6382467288
"Cell793","Batch1","Group3",56888.9656619537
"Cell794","Batch1","Group3",57390.2476805237
"Cell795","Batch1","Group2",40805.7896877264
"Cell796","Batch1","Group1",58699.958968984
"Cell797","Batch1","Group2",60843.9087794585
"Cell798","Batch1","Group3",64745.6751887568
"Cell799","Batch1","Group1",61038.0071438119
"Cell800","Batch1","Group4",58673.9401617971
"Cell801","Batch1","Group4",84579.6746776025
"Cell802","Batch1","Group1",48957.236304249
"Cell803","Batch1","Group1",73669.4330618033
"Cell804","Batch1","Group4",54409.6753693589
"Cell805","Batch1","Group1",68419.5315164117
"Cell806","Batch1","Group4",52079.7089270479
"Cell807","Batch1","Group3",57913.6900158561
"Cell808","Batch1","Group4",67052.0246498678
"Cell809","Batch1","Group1",45346.8433510068
"Cell810","Batch1","Group4",52873.8452016887
"Cell811","Batch1","Group3",54723.080906789
"Cell812","Batch1","Group2",56586.3388349501
"Cell813","Batch1","Group2",65587.8703313333
"Cell814","Batch1","Group4",83806.0185295794
"Cell815","Batch1","Group4",57872.9793274197
"Cell816","Batch1","Group4",65995.5026943025
"Cell817","Batch1","Group4",49300.2920921109
"Cell818","Batch1","Group2",62304.9616409048
"Cell819","Batch1","Group4",74858.294083571
"Cell820","Batch1","Group4",61963.2858662199
"Cell821","Batch1","Group1",63917.289416091
"Cell822","Batch1","Group4",67055.5241093739
"Cell823","Batch1","Group1",75023.1971876951
"Cell824","Batch1","Group3",53335.5313877407
"Cell825","Batch1","Group4",69152.8681993354
"Cell826","Batch1","Group1",56743.5801018503
"Cell827","Batch1","Group4",52538.9934097249
"Cell828","Batch1","Group4",53012.6525164541
"Cell829","Batch1","Group2",48585.5033661319
"Cell830","Batch1","Group1",79610.2370932187
"Cell831","Batch1","Group2",80453.9606107105
"Cell832","Batch1","Group3",83056.6677154879
"Cell833","Batch1","Group4",69859.8401368314
"Cell834","Batch1","Group3",79890.3446921398
"Cell835","Batch1","Group1",38535.1864166619
"Cell836","Batch1","Group1",67335.2178322078
"Cell837","Batch1","Group4",56533.5180075225
"Cell838","Batch1","Group2",54430.7015036609
"Cell839","Batch1","Group1",64747.9563530597
"Cell840","Batch1","Group1",62728.3678685297
"Cell841","Batch1","Group4",106015.355400736
"Cell842","Batch1","Group4",47885.6111534135
"Cell843","Batch1","Group4",41066.0454864225
"Cell844","Batch1","Group2",59656.983304864
"Cell845","Batch1","Group1",52039.3858952278
"Cell846","Batch1","Group1",52117.2113298125
"Cell847","Batch1","Group2",63327.9768876924
"Cell848","Batch1","Group4",49481.4364281021
"Cell849","Batch1","Group4",64450.5046663113
"Cell850","Batch1","Group1",58893.3490669797
"Cell851","Batch1","Group2",53936.7383997866
"Cell852","Batch1","Group3",64003.9646818493
"Cell853","Batch1","Group3",78580.9682054186
"Cell854","Batch1","Group4",48375.4420016935
"Cell855","Batch1","Group3",55513.7344603999
"Cell856","Batch1","Group2",44630.352657032
"Cell857","Batch1","Group3",55639.9322419781
"Cell858","Batch1","Group3",60205.0187509229
"Cell859","Batch1","Group1",67250.4267746825
"Cell860","Batch1","Group3",83122.7087945307
"Cell861","Batch1","Group2",54211.5429498395
"Cell862","Batch1","Group2",52429.1090987476
"Cell863","Batch1","Group3",61466.0219046212
"Cell864","Batch1","Group3",54460.2692395035
"Cell865","Batch1","Group1",38580.3520411782
"Cell866","Batch1","Group3",44369.4543228501
"Cell867","Batch1","Group4",79416.5990863783
"Cell868","Batch1","Group1",62840.1339327102
"Cell869","Batch1","Group3",60370.856266426
"Cell870","Batch1","Group2",73394.6756158196
"Cell871","Batch1","Group1",51336.0456983213
"Cell872","Batch1","Group1",64061.1293451023
"Cell873","Batch1","Group1",77879.3582929335
"Cell874","Batch1","Group2",89796.924735275
"Cell875","Batch1","Group3",85907.8739739413
"Cell876","Batch1","Group4",67500.1645148047
"Cell877","Batch1","Group1",52000.1519827391
"Cell878","Batch1","Group2",72585.3174582201
"Cell879","Batch1","Group3",66092.9386630295
"Cell880","Batch1","Group4",61521.7547180209
"Cell881","Batch1","Group4",55477.0197550547
"Cell882","Batch1","Group3",78067.5273511741
"Cell883","Batch1","Group3",68725.5113960146
"Cell884","Batch1","Group3",94309.934408183
"Cell885","Batch1","Group2",62526.1379581011
"Cell886","Batch1","Group2",63040.7725744474
"Cell887","Batch1","Group2",58230.8926407572
"Cell888","Batch1","Group4",43565.7671235183
"Cell889","Batch1","Group1",39974.3862959299
"Cell890","Batch1","Group4",58413.0411861423
"Cell891","Batch1","Group2",54520.9878926049
"Cell892","Batch1","Group4",73651.6289194745
"Cell893","Batch1","Group2",66742.9483764859
"Cell894","Batch1","Group1",60573.8630344197
"Cell895","Batch1","Group3",49006.1583055257
"Cell896","Batch1","Group4",75835.6518736261
"Cell897","Batch1","Group1",76645.2166299909
"Cell898","Batch1","Group3",50461.6104179574
"Cell899","Batch1","Group1",47935.0421173794
"Cell900","Batch1","Group1",68488.9082134538
"Cell901","Batch1","Group1",40839.7893539201
"Cell902","Batch1","Group3",64202.2198447876
"Cell903","Batch1","Group3",51075.0283604059
"Cell904","Batch1","Group3",49218.2747130817
"Cell905","Batch1","Group1",66087.7045214809
"Cell906","Batch1","Group4",55272.6850026048
"Cell907","Batch1","Group1",51249.1188883588
"Cell908","Batch1","Group2",62364.3396445726
"Cell909","Batch1","Group3",66469.9762770741
"Cell910","Batch1","Group1",73570.7354907233
"Cell911","Batch1","Group2",64130.4252380575
"Cell912","Batch1","Group3",59110.2221215351
"Cell913","Batch1","Group3",49677.0832900567
"Cell914","Batch1","Group2",62263.9984241417
"Cell915","Batch1","Group4",45434.1055015723
"Cell916","Batch1","Group1",37492.4165287811
"Cell917","Batch1","Group2",55298.845569962
"Cell918","Batch1","Group4",75186.9983190236
"Cell919","Batch1","Group2",63461.4054750257
"Cell920","Batch1","Group2",47660.8122026122
"Cell921","Batch1","Group3",72503.4586067762
"Cell922","Batch1","Group2",78574.5027299254
"Cell923","Batch1","Group1",70772.3026151814
"Cell924","Batch1","Group4",62013.4053035119
"Cell925","Batch1","Group2",63929.0800667465
"Cell926","Batch1","Group1",58845.0031315172
"Cell927","Batch1","Group2",102531.492225158
"Cell928","Batch1","Group3",56263.492886322
"Cell929","Batch1","Group1",63167.49128337
"Cell930","Batch1","Group3",65966.5895526178
"Cell931","Batch1","Group4",43159.2097048917
"Cell932","Batch1","Group2",64961.5477239875
"Cell933","Batch1","Group1",38185.3687189499
"Cell934","Batch1","Group1",43614.3928246994
"Cell935","Batch1","Group2",53346.8903472432
"Cell936","Batch1","Group1",54578.3401577929
"Cell937","Batch1","Group4",58925.3267048412
"Cell938","Batch1","Group1",44316.113454404
"Cell939","Batch1","Group4",59674.0141372253
"Cell940","Batch1","Group4",42179.619668104
"Cell941","Batch1","Group4",52074.3812462107
"Cell942","Batch1","Group1",50554.3626931162
"Cell943","Batch1","Group1",46590.3777820545
"Cell944","Batch1","Group1",48217.3695301956
"Cell945","Batch1","Group1",61817.8969394562
"Cell946","Batch1","Group4",63766.5683877401
"Cell947","Batch1","Group4",66304.2161540057
"Cell948","Batch1","Group3",49578.2528247927
"Cell949","Batch1","Group2",54537.9615760306
"Cell950","Batch1","Group4",42883.376713948
"Cell951","Batch1","Group3",56516.2689775689
"Cell952","Batch1","Group2",74881.9968748716
"Cell953","Batch1","Group3",47176.1452610309
"Cell954","Batch1","Group4",59603.0286612648
"Cell955","Batch1","Group2",94660.2089243622
"Cell956","Batch1","Group2",53585.3927503707
"Cell957","Batch1","Group2",53305.3224936736
"Cell958","Batch1","Group4",68834.4388395805
"Cell959","Batch1","Group3",51373.8712384581
"Cell960","Batch1","Group4",77413.3707419308
"Cell961","Batch1","Group3",69545.2277540601
"Cell962","Batch1","Group4",78218.9402406146
"Cell963","Batch1","Group3",58025.9487716356
"Cell964","Batch1","Group3",62220.8475209177
"Cell965","Batch1","Group2",57573.2237689647
"Cell966","Batch1","Group1",62024.4841289111
"Cell967","Batch1","Group4",62134.911327535
"Cell968","Batch1","Group4",48744.0346322603
"Cell969","Batch1","Group2",47266.5777895556
"Cell970","Batch1","Group4",57709.2093283307
"Cell971","Batch1","Group1",38083.8669871495
"Cell972","Batch1","Group2",47077.0487592779
"Cell973","Batch1","Group3",73457.5598828913
"Cell974","Batch1","Group3",59440.9184278084
"Cell975","Batch1","Group3",52541.9048100392
"Cell976","Batch1","Group4",67533.0243512047
"Cell977","Batch1","Group2",66506.0627825575
"Cell978","Batch1","Group3",55834.5519501961
"Cell979","Batch1","Group2",47422.0307337949
"Cell980","Batch1","Group1",60719.1222281186
"Cell981","Batch1","Group2",53203.5793145018
"Cell982","Batch1","Group4",50009.493982761
"Cell983","Batch1","Group4",63581.6312914505
"Cell984","Batch1","Group1",38761.8074660795
"Cell985","Batch1","Group4",49231.8096486371
"Cell986","Batch1","Group3",59453.5881002233
"Cell987","Batch1","Group2",52877.3397403209
"Cell988","Batch1","Group2",72203.5302953968
"Cell989","Batch1","Group2",57247.5644809809
"Cell990","Batch1","Group3",65833.2804117364
"Cell991","Batch1","Group3",60407.3231202323
"Cell992","Batch1","Group4",50634.801634895
"Cell993","Batch1","Group1",39968.3905315268
"Cell994","Batch1","Group2",75968.0653476554
"Cell995","Batch1","Group2",72755.8011511321
"Cell996","Batch1","Group1",51527.1323271687
"Cell997","Batch1","Group4",66408.0243721652
"Cell998","Batch1","Group1",55475.4965353865
"Cell999","Batch1","Group3",51466.8854816918
"Cell1000","Batch1","Group3",56531.9389287738
"Cell1001","Batch2","Group3",66575.9964844428
"Cell1002","Batch2","Group3",54901.6093628601
"Cell1003","Batch2","Group2",70864.0670759028
"Cell1004","Batch2","Group4",62950.73461576
"Cell1005","Batch2","Group1",55308.8788906764
"Cell1006","Batch2","Group1",63449.4698352683
"Cell1007","Batch2","Group1",46972.5327157579
"Cell1008","Batch2","Group1",64761.5123712063
"Cell1009","Batch2","Group4",56049.5162770554
"Cell1010","Batch2","Group4",85158.907358559
"Cell1011","Batch2","Group4",63000.9241043801
"Cell1012","Batch2","Group4",55973.7394603067
"Cell1013","Batch2","Group2",85250.8626513957
"Cell1014","Batch2","Group4",66061.8583775977
"Cell1015","Batch2","Group3",50624.1152919119
"Cell1016","Batch2","Group1",36913.3694539384
"Cell1017","Batch2","Group4",64360.5303286597
"Cell1018","Batch2","Group4",64101.53724371
"Cell1019","Batch2","Group1",58180.0132118104
"Cell1020","Batch2","Group3",64386.9078514271
"Cell1021","Batch2","Group3",97661.8294605937
"Cell1022","Batch2","Group4",52355.4433812992
"Cell1023","Batch2","Group3",51583.7799885728
"Cell1024","Batch2","Group1",63651.2766877351
"Cell1025","Batch2","Group2",64722.4407496518
"Cell1026","Batch2","Group1",31806.9013002975
"Cell1027","Batch2","Group2",43549.9861056679
"Cell1028","Batch2","Group1",59562.1107700392
"Cell1029","Batch2","Group3",53385.9413461476
"Cell1030","Batch2","Group1",52952.7088188152
"Cell1031","Batch2","Group4",51668.1783442213
"Cell1032","Batch2","Group2",60918.6203419338
"Cell1033","Batch2","Group1",67121.0334156489
"Cell1034","Batch2","Group3",59189.4502263675
"Cell1035","Batch2","Group3",55136.5307289016
"Cell1036","Batch2","Group2",51416.162724243
"Cell1037","Batch2","Group4",64988.0115679678
"Cell1038","Batch2","Group3",75356.7856023627
"Cell1039","Batch2","Group1",79052.9844965213
"Cell1040","Batch2","Group1",45142.8666730138
"Cell1041","Batch2","Group1",71103.7752870533
"Cell1042","Batch2","Group3",54265.7206692199
"Cell1043","Batch2","Group1",69628.1042647754
"Cell1044","Batch2","Group1",45216.16598695
"Cell1045","Batch2","Group4",65111.7188501382
"Cell1046","Batch2","Group1",47065.960237094
"Cell1047","Batch2","Group4",46655.8920276793
"Cell1048","Batch2","Group3",76931.8478917929
"Cell1049","Batch2","Group2",43731.1678991684
"Cell1050","Batch2","Group4",72494.5894990751
"Cell1051","Batch2","Group4",54855.9940319233
"Cell1052","Batch2","Group2",65781.4248608322
"Cell1053","Batch2","Group2",65396.8123443752
"Cell1054","Batch2","Group3",70492.4328820994
"Cell1055","Batch2","Group1",56080.8330403798
"Cell1056","Batch2","Group4",54733.2384972468
"Cell1057","Batch2","Group1",34027.0898152352
"Cell1058","Batch2","Group4",63097.5582567441
"Cell1059","Batch2","Group1",53535.8163887473
"Cell1060","Batch2","Group2",60130.2748918013
"Cell1061","Batch2","Group3",52773.190367362
"Cell1062","Batch2","Group1",58269.0821875148
"Cell1063","Batch2","Group3",53558.3568496348
"Cell1064","Batch2","Group4",62091.5338059636
"Cell1065","Batch2","Group4",66126.921939673
"Cell1066","Batch2","Group1",71130.6495105039
"Cell1067","Batch2","Group4",48076.8642869656
"Cell1068","Batch2","Group1",58886.3177180634
"Cell1069","Batch2","Group3",74477.0526493025
"Cell1070","Batch2","Group4",44355.2445310254
"Cell1071","Batch2","Group4",57363.8763923218
"Cell1072","Batch2","Group3",53538.118078297
"Cell1073","Batch2","Group3",69659.0056278115
"Cell1074","Batch2","Group4",70833.9113150174
"Cell1075","Batch2","Group2",62447.6523164411
"Cell1076","Batch2","Group4",53296.6914839804
"Cell1077","Batch2","Group1",52153.6280624552
"Cell1078","Batch2","Group3",56844.9022573667
"Cell1079","Batch2","Group3",50278.9118089522
"Cell1080","Batch2","Group2",64817.7814585796
"Cell1081","Batch2","Group2",51150.6111706381
"Cell1082","Batch2","Group1",57778.2069023551
"Cell1083","Batch2","Group3",62059.6474940134
"Cell1084","Batch2","Group2",57479.7370348303
"Cell1085","Batch2","Group4",61332.6280545815
"Cell1086","Batch2","Group3",63226.3199407625
"Cell1087","Batch2","Group1",53348.089200382
"Cell1088","Batch2","Group3",81938.2696288009
"Cell1089","Batch2","Group4",52306.7326470078
"Cell1090","Batch2","Group2",38696.2956273532
"Cell1091","Batch2","Group2",65705.4968343364
"Cell1092","Batch2","Group3",56138.8108286781
"Cell1093","Batch2","Group1",68509.415597167
"Cell1094","Batch2","Group1",75267.868178627
"Cell1095","Batch2","Group3",64646.0433108668
"Cell1096","Batch2","Group2",55058.4889137464
"Cell1097","Batch2","Group3",51524.3979534914
"Cell1098","Batch2","Group4",50884.5382609784
"Cell1099","Batch2","Group1",52382.6678410414
"Cell1100","Batch2","Group4",65892.6739396512
"Cell1101","Batch2","Group1",58325.4563611604
"Cell1102","Batch2","Group3",45319.631471375
"Cell1103","Batch2","Group3",57136.7339390119
"Cell1104","Batch2","Group3",97353.6367766092
"Cell1105","Batch2","Group3",60322.7125389051
"Cell1106","Batch2","Group1",89662.5746199361
"Cell1107","Batch2","Group1",63085.4697879063
"Cell1108","Batch2","Group1",57400.8067330417
"Cell1109","Batch2","Group4",46282.7505293164
"Cell1110","Batch2","Group4",81169.7641486433
"Cell1111","Batch2","Group2",59329.1884582405
"Cell1112","Batch2","Group2",90053.950192142
"Cell1113","Batch2","Group4",68936.6671773024
"Cell1114","Batch2","Group2",50137.7977637086
"Cell1115","Batch2","Group3",79797.4528236789
"Cell1116","Batch2","Group4",83792.3487493349
"Cell1117","Batch2","Group1",60662.8239076319
"Cell1118","Batch2","Group2",90155.5803164764
"Cell1119","Batch2","Group4",76996.7295801167
"Cell1120","Batch2","Group2",50578.5255885256
"Cell1121","Batch2","Group3",37569.2152140238
"Cell1122","Batch2","Group4",87127.6460551561
"Cell1123","Batch2","Group1",49365.3028814042
"Cell1124","Batch2","Group3",39018.1932256355
"Cell1125","Batch2","Group3",59509.4022113013
"Cell1126","Batch2","Group4",68740.2846756692
"Cell1127","Batch2","Group2",54774.727494358
"Cell1128","Batch2","Group3",81449.7681739786
"Cell1129","Batch2","Group4",67459.3302828611
"Cell1130","Batch2","Group4",54633.3188123657
"Cell1131","Batch2","Group3",69362.299161853
"Cell1132","Batch2","Group4",73022.0883995234
"Cell1133","Batch2","Group3",46867.7010751879
"Cell1134","Batch2","Group4",80039.6549623355
"Cell1135","Batch2","Group4",50043.6370957421
"Cell1136","Batch2","Group4",42979.614627237
"Cell1137","Batch2","Group4",58823.3590212037
"Cell1138","Batch2","Group1",50367.9042861822
"Cell1139","Batch2","Group4",42133.108672672
"Cell1140","Batch2","Group4",43395.7725289004
"Cell1141","Batch2","Group4",60549.5429293069
"Cell1142","Batch2","Group2",49636.1320981236
"Cell1143","Batch2","Group4",60223.7958038143
"Cell1144","Batch2","Group1",45028.2741330598
"Cell1145","Batch2","Group3",69572.5233114254
"Cell1146","Batch2","Group3",82916.7339401371
"Cell1147","Batch2","Group2",52802.279511923
"Cell1148","Batch2","Group2",77406.5468488443
"Cell1149","Batch2","Group1",67935.7809728509
"Cell1150","Batch2","Group1",61374.266426919
"Cell1151","Batch2","Group2",70529.867609621
"Cell1152","Batch2","Group3",57669.5040533568
"Cell1153","Batch2","Group3",73320.4694458586
"Cell1154","Batch2","Group1",61570.832231294
"Cell1155","Batch2","Group4",47838.4464279633
"Cell1156","Batch2","Group3",64287.623599796
"Cell1157","Batch2","Group2",62652.7815620222
"Cell1158","Batch2","Group2",59584.0084288458
"Cell1159","Batch2","Group2",50087.2304980422
"Cell1160","Batch2","Group1",66339.0928586575
"Cell1161","Batch2","Group2",65535.8661725056
"Cell1162","Batch2","Group2",58358.0603884608
"Cell1163","Batch2","Group3",56304.9987708635
"Cell1164","Batch2","Group4",56581.4919006194
"Cell1165","Batch2","Group3",66881.1828384277
"Cell1166","Batch2","Group3",70087.8712845759
"Cell1167","Batch2","Group4",72146.0181462125
"Cell1168","Batch2","Group1",61354.0770271173
"Cell1169","Batch2","Group3",68223.0768268745
"Cell1170","Batch2","Group1",54919.1272522583
"Cell1171","Batch2","Group4",59077.2131924148
"Cell1172","Batch2","Group1",73066.3221958522
"Cell1173","Batch2","Group1",63103.1472005854
"Cell1174","Batch2","Group4",54916.1606297315
"Cell1175","Batch2","Group1",62356.7589771451
"Cell1176","Batch2","Group1",66365.2625554656
"Cell1177","Batch2","Group2",75425.583909426
"Cell1178","Batch2","Group2",71570.0945683548
"Cell1179","Batch2","Group4",71250.9630952874
"Cell1180","Batch2","Group2",76388.3459920351
"Cell1181","Batch2","Group2",63194.00638043
"Cell1182","Batch2","Group2",76294.602760622
"Cell1183","Batch2","Group2",56030.4385598752
"Cell1184","Batch2","Group1",51307.1177779375
"Cell1185","Batch2","Group4",67108.7316577532
"Cell1186","Batch2","Group1",66445.489393959
"Cell1187","Batch2","Group1",53985.449457239
"Cell1188","Batch2","Group4",62094.7504835787
"Cell1189","Batch2","Group4",60447.4654708649
"Cell1190","Batch2","Group4",51460.1383122126
"Cell1191","Batch2","Group1",57146.3639598407
"Cell1192","Batch2","Group1",63437.9292283147
"Cell1193","Batch2","Group2",61676.1267012548
"Cell1194","Batch2","Group4",74233.4187279384
"Cell1195","Batch2","Group2",72316.9543157001
"Cell1196","Batch2","Group3",63640.1212553896
"Cell1197","Batch2","Group3",54160.2726596654
"Cell1198","Batch2","Group2",44389.1117530551
"Cell1199","Batch2","Group3",59487.9775198733
"Cell1200","Batch2","Group1",83349.3199228703
"Cell1201","Batch2","Group1",88176.1999837819
"Cell1202","Batch2","Group2",58432.7072302399
"Cell1203","Batch2","Group4",69475.8685527221
"Cell1204","Batch2","Group1",52775.7181580393
"Cell1205","Batch2","Group2",49266.9329144477
"Cell1206","Batch2","Group1",57851.9919331358
"Cell1207","Batch2","Group3",67819.7978017758
"Cell1208","Batch2","Group4",53376.715396942
"Cell1209","Batch2","Group1",54567.5658318815
"Cell1210","Batch2","Group3",68643.2061909254
"Cell1211","Batch2","Group2",51248.8871889976
"Cell1212","Batch2","Group1",78476.4470605513
"Cell1213","Batch2","Group2",57707.517926503
"Cell1214","Batch2","Group3",50843.0915574838
"Cell1215","Batch2","Group2",44923.3191251996
"Cell1216","Batch2","Group3",50986.9370185434
"Cell1217","Batch2","Group1",94869.1459727566
"Cell1218","Batch2","Group1",56865.8756807443
"Cell1219","Batch2","Group2",68952.3218172733
"Cell1220","Batch2","Group1",75488.5836193754
"Cell1221","Batch2","Group2",66147.1632997091
"Cell1222","Batch2","Group1",52554.168772075
"Cell1223","Batch2","Group1",67964.5774861124
"Cell1224","Batch2","Group3",51784.6093635215
"Cell1225","Batch2","Group3",37053.7893837548
"Cell1226","Batch2","Group4",45400.4894504488
"Cell1227","Batch2","Group2",57233.8169651011
"Cell1228","Batch2","Group4",66404.4553299091
"Cell1229","Batch2","Group4",68501.1818049665
"Cell1230","Batch2","Group2",57612.1569312755
"Cell1231","Batch2","Group2",60068.0055987078
"Cell1232","Batch2","Group2",55332.6669155935
"Cell1233","Batch2","Group1",54478.9110562656
"Cell1234","Batch2","Group3",42922.9295345695
"Cell1235","Batch2","Group3",54128.8570333611
"Cell1236","Batch2","Group2",58706.664259856
"Cell1237","Batch2","Group2",59711.7866846722
"Cell1238","Batch2","Group1",71277.7540377057
"Cell1239","Batch2","Group2",43808.4269317575
"Cell1240","Batch2","Group4",55513.9928100511
"Cell1241","Batch2","Group4",77964.6861667217
"Cell1242","Batch2","Group4",69345.8913882962
"Cell1243","Batch2","Group1",85329.5419512298
"Cell1244","Batch2","Group1",55658.7070952796
"Cell1245","Batch2","Group2",73544.2935575607
"Cell1246","Batch2","Group2",55431.6889814353
"Cell1247","Batch2","Group2",60269.1195464716
"Cell1248","Batch2","Group3",63263.0488276583
"Cell1249","Batch2","Group2",55984.8480285334
"Cell1250","Batch2","Group4",60538.1140387248
"Cell1251","Batch2","Group1",61489.1463849021
"Cell1252","Batch2","Group1",70168.9769065536
"Cell1253","Batch2","Group2",61111.717685839
"Cell1254","Batch2","Group4",67169.6543864777
"Cell1255","Batch2","Group2",60586.3522512271
"Cell1256","Batch2","Group1",87263.2818357073
"Cell1257","Batch2","Group1",90237.9145058767
"Cell1258","Batch2","Group3",62300.8001163323
"Cell1259","Batch2","Group4",40179.0638477251
"Cell1260","Batch2","Group1",61799.6528861314
"Cell1261","Batch2","Group3",51210.497308389
"Cell1262","Batch2","Group2",60367.9329135661
"Cell1263","Batch2","Group3",68659.0239916011
"Cell1264","Batch2","Group4",51141.8489860034
"Cell1265","Batch2","Group2",61374.6901719197
"Cell1266","Batch2","Group1",79414.1825947135
"Cell1267","Batch2","Group3",62999.4456593399
"Cell1268","Batch2","Group4",60324.8037479779
"Cell1269","Batch2","Group1",42022.9389840908
"Cell1270","Batch2","Group1",45219.6236740444
"Cell1271","Batch2","Group4",54709.1049507783
"Cell1272","Batch2","Group1",54079.0649433402
"Cell1273","Batch2","Group2",67013.1211678594
"Cell1274","Batch2","Group4",41327.661750264
"Cell1275","Batch2","Group1",54313.6430511656
"Cell1276","Batch2","Group3",57536.8592540168
"Cell1277","Batch2","Group2",84461.9408704473
"Cell1278","Batch2","Group3",49265.3812458153
"Cell1279","Batch2","Group1",35323.9979325342
"Cell1280","Batch2","Group2",67387.8417509704
"Cell1281","Batch2","Group3",50299.1151136744
"Cell1282","Batch2","Group4",62405.298548613
"Cell1283","Batch2","Group1",77554.834086157
"Cell1284","Batch2","Group2",61401.8353642087
"Cell1285","Batch2","Group4",40867.3403719741
"Cell1286","Batch2","Group3",66068.113178885
"Cell1287","Batch2","Group1",59805.9951824968
"Cell1288","Batch2","Group1",46051.0398727747
"Cell1289","Batch2","Group1",49975.2125669604
"Cell1290","Batch2","Group4",44622.5036965789
"Cell1291","Batch2","Group3",63333.4975989815
"Cell1292","Batch2","Group2",74493.4884164243
"Cell1293","Batch2","Group4",66689.8520363222
"Cell1294","Batch2","Group2",41234.3715878182
"Cell1295","Batch2","Group4",66796.9539429429
"Cell1296","Batch2","Group1",83108.494215843
"Cell1297","Batch2","Group4",54305.6089782947
"Cell1298","Batch2","Group1",67849.6359779842
"Cell1299","Batch2","Group1",59550.405679955
"Cell1300","Batch2","Group3",61443.6569803275
"Cell1301","Batch2","Group1",67130.5350650835
"Cell1302","Batch2","Group3",61561.7744718813
"Cell1303","Batch2","Group2",76884.6066779214
"Cell1304","Batch2","Group1",67075.0256157007
"Cell1305","Batch2","Group4",71757.8122007091
"Cell1306","Batch2","Group4",62172.6450982092
"Cell1307","Batch2","Group4",65105.8710024241
"Cell1308","Batch2","Group4",72368.2833520911
"Cell1309","Batch2","Group3",61455.5460347457
"Cell1310","Batch2","Group3",54228.9079782602
"Cell1311","Batch2","Group1",48062.2660312171
"Cell1312","Batch2","Group3",51882.3772224899
"Cell1313","Batch2","Group3",66816.8434359719
"Cell1314","Batch2","Group4",52068.6226109877
"Cell1315","Batch2","Group3",67570.3933623059
"Cell1316","Batch2","Group3",39996.4062838147
"Cell1317","Batch2","Group3",51146.9851367982
"Cell1318","Batch2","Group1",44907.35662204
"Cell1319","Batch2","Group2",52003.1328634701
"Cell1320","Batch2","Group3",68192.2780436652
"Cell1321","Batch2","Group1",80851.689066111
"Cell1322","Batch2","Group4",45292.6745709311
"Cell1323","Batch2","Group1",66129.2601748658
"Cell1324","Batch2","Group1",40108.1546407723
"Cell1325","Batch2","Group2",47733.0172153121
"Cell1326","Batch2","Group2",94502.0057087901
"Cell1327","Batch2","Group2",48732.3712128327
"Cell1328","Batch2","Group3",63342.4597061212
"Cell1329","Batch2","Group2",44897.7196859105
"Cell1330","Batch2","Group2",58712.1531640364
"Cell1331","Batch2","Group4",40891.6529025489
"Cell1332","Batch2","Group1",54493.1394450001
"Cell1333","Batch2","Group1",78474.1327244973
"Cell1334","Batch2","Group1",55673.2968897941
"Cell1335","Batch2","Group3",66825.366556073
"Cell1336","Batch2","Group3",46739.4299643632
"Cell1337","Batch2","Group3",63502.6577234103
"Cell1338","Batch2","Group1",58801.0863140805
"Cell1339","Batch2","Group3",53983.3798239367
"Cell1340","Batch2","Group2",68686.0955837062
"Cell1341","Batch2","Group4",62205.4156992018
"Cell1342","Batch2","Group4",77156.4488808141
"Cell1343","Batch2","Group1",58736.491806619
"Cell1344","Batch2","Group1",59828.6126548672
"Cell1345","Batch2","Group4",55799.1536384042
"Cell1346","Batch2","Group1",63651.1483323691
"Cell1347","Batch2","Group4",57450.509217498
"Cell1348","Batch2","Group1",51946.5423096982
"Cell1349","Batch2","Group3",52995.3947720845
"Cell1350","Batch2","Group2",76214.0808069723
"Cell1351","Batch2","Group1",66386.0423751928
"Cell1352","Batch2","Group2",55170.4800991901
"Cell1353","Batch2","Group3",60741.4613525207
"Cell1354","Batch2","Group2",45436.1308773272
"Cell1355","Batch2","Group3",73741.6364179852
"Cell1356","Batch2","Group4",59033.4289867667
"Cell1357","Batch2","Group2",43709.1904129271
"Cell1358","Batch2","Group3",45621.665307444
"Cell1359","Batch2","Group3",63355.0288202527
"Cell1360","Batch2","Group4",54660.9859709698
"Cell1361","Batch2","Group4",42562.8478593869
"Cell1362","Batch2","Group2",61810.5698603571
"Cell1363","Batch2","Group2",50563.6267446761
"Cell1364","Batch2","Group1",54480.8931614847
"Cell1365","Batch2","Group2",65677.3017031208
"Cell1366","Batch2","Group1",44530.0287504194
"Cell1367","Batch2","Group3",78003.7995562779
"Cell1368","Batch2","Group3",74636.6367943627
"Cell1369","Batch2","Group1",42549.7831720152
"Cell1370","Batch2","Group3",58877.0384333733
"Cell1371","Batch2","Group2",66579.4960724093
"Cell1372","Batch2","Group2",42821.2283551953
"Cell1373","Batch2","Group4",68368.6447971165
"Cell1374","Batch2","Group1",44906.1948943722
"Cell1375","Batch2","Group1",69832.6344044267
"Cell1376","Batch2","Group4",42237.8543364619
"Cell1377","Batch2","Group2",61344.644834195
"Cell1378","Batch2","Group2",73208.6768871859
"Cell1379","Batch2","Group1",69760.1641502841
"Cell1380","Batch2","Group1",66942.4719856224
"Cell1381","Batch2","Group4",63773.2899997425
"Cell1382","Batch2","Group3",61000.9498525824
"Cell1383","Batch2","Group4",54673.7120493557
"Cell1384","Batch2","Group2",50870.3137297574
"Cell1385","Batch2","Group1",53563.2977603945
"Cell1386","Batch2","Group1",66128.6061925592
"Cell1387","Batch2","Group4",66874.455947585
"Cell1388","Batch2","Group3",52350.4672829629
"Cell1389","Batch2","Group1",35546.2655587639
"Cell1390","Batch2","Group4",69512.5546534294
"Cell1391","Batch2","Group1",54953.5841245064
"Cell1392","Batch2","Group2",73856.9620845441
"Cell1393","Batch2","Group2",59948.5549360192
"Cell1394","Batch2","Group4",67832.8139598346
"Cell1395","Batch2","Group1",63690.8199648087
"Cell1396","Batch2","Group2",70615.3622994755
"Cell1397","Batch2","Group1",68759.2244345389
"Cell1398","Batch2","Group3",61570.8945679989
"Cell1399","Batch2","Group3",55681.4509749937
"Cell1400","Batch2","Group2",62015.3450992422
"Cell1401","Batch2","Group4",71855.5755434943
"Cell1402","Batch2","Group3",56643.5396537157
"Cell1403","Batch2","Group4",66931.9791073261
"Cell1404","Batch2","Group2",56550.2317994444
"Cell1405","Batch2","Group2",75883.18716159
"Cell1406","Batch2","Group2",57704.3935747389
"Cell1407","Batch2","Group1",60417.5752773828
"Cell1408","Batch2","Group1",65276.2893894554
"Cell1409","Batch2","Group4",57471.1936539246
"Cell1410","Batch2","Group1",69186.4435843542
"Cell1411","Batch2","Group3",57185.7487984691
"Cell1412","Batch2","Group3",74533.3042679074
"Cell1413","Batch2","Group1",66699.3149776121
"Cell1414","Batch2","Group2",55189.9920523228
"Cell1415","Batch2","Group4",50069.6252740255
"Cell1416","Batch2","Group3",59375.9904429948
"Cell1417","Batch2","Group1",60355.1039511259
"Cell1418","Batch2","Group3",58220.57977861
"Cell1419","Batch2","Group3",57724.7289475336
"Cell1420","Batch2","Group4",59406.2062787431
"Cell1421","Batch2","Group2",60595.5882865136
"Cell1422","Batch2","Group3",44747.3839734528
"Cell1423","Batch2","Group3",57757.4042959875
"Cell1424","Batch2","Group1",80756.6547728729
"Cell1425","Batch2","Group3",67800.5673411852
"Cell1426","Batch2","Group3",65941.8771764646
"Cell1427","Batch2","Group1",62513.0202551968
"Cell1428","Batch2","Group2",41705.5369715891
"Cell1429","Batch2","Group4",43499.6735590849
"Cell1430","Batch2","Group3",50131.6818923648
"Cell1431","Batch2","Group3",41670.9865965667
"Cell1432","Batch2","Group1",78029.7011123923
"Cell1433","Batch2","Group1",51622.7085235443
"Cell1434","Batch2","Group2",88447.292742621
"Cell1435","Batch2","Group3",71334.8348994744
"Cell1436","Batch2","Group3",55909.4598845336
"Cell1437","Batch2","Group2",71819.8182310958
"Cell1438","Batch2","Group1",45354.2947497417
"Cell1439","Batch2","Group2",70007.8679203164
"Cell1440","Batch2","Group3",60659.4503093355
"Cell1441","Batch2","Group2",47960.0147604849
"Cell1442","Batch2","Group4",51380.4375253711
"Cell1443","Batch2","Group4",60136.2575874048
"Cell1444","Batch2","Group3",59560.0877782026
"Cell1445","Batch2","Group2",50989.7484050076
"Cell1446","Batch2","Group1",53996.6389566247
"Cell1447","Batch2","Group1",64046.0408482894
"Cell1448","Batch2","Group3",59122.1189891735
"Cell1449","Batch2","Group3",66206.3282220911
"Cell1450","Batch2","Group4",65185.7888158084
"Cell1451","Batch2","Group3",54476.1775745114
"Cell1452","Batch2","Group2",70737.5817983713
"Cell1453","Batch2","Group3",66419.2839845788
"Cell1454","Batch2","Group3",93005.6111708753
"Cell1455","Batch2","Group3",80993.3017780219
"Cell1456","Batch2","Group1",59497.1235786241
"Cell1457","Batch2","Group1",60914.5399154411
"Cell1458","Batch2","Group1",47600.538068255
"Cell1459","Batch2","Group1",72157.2884627775
"Cell1460","Batch2","Group1",52079.2505546438
"Cell1461","Batch2","Group1",55792.2917019724
"Cell1462","Batch2","Group3",60267.1289684063
"Cell1463","Batch2","Group4",60789.0296124652
"Cell1464","Batch2","Group1",74443.0990487449
"Cell1465","Batch2","Group2",66134.5616186829
"Cell1466","Batch2","Group4",47555.8447980414
"Cell1467","Batch2","Group4",43834.3630158721
"Cell1468","Batch2","Group1",59530.5432775964
"Cell1469","Batch2","Group1",50964.9188072375
"Cell1470","Batch2","Group4",48472.0636402927
"Cell1471","Batch2","Group4",58828.4444180555
"Cell1472","Batch2","Group1",56894.9845430186
"Cell1473","Batch2","Group2",63217.8681287089
"Cell1474","Batch2","Group3",37484.5243824877
"Cell1475","Batch2","Group3",52299.4158546866
"Cell1476","Batch2","Group2",60959.7389239239
"Cell1477","Batch2","Group2",63804.0123908103
"Cell1478","Batch2","Group3",72718.8429006763
"Cell1479","Batch2","Group4",74957.1149159562
"Cell1480","Batch2","Group3",51157.1914671507
"Cell1481","Batch2","Group1",67737.3702651471
"Cell1482","Batch2","Group2",63541.2617879149
"Cell1483","Batch2","Group3",60665.6169256858
"Cell1484","Batch2","Group2",59183.0328405723
"Cell1485","Batch2","Group2",54987.240071037
"Cell1486","Batch2","Group4",61385.2847565527
"Cell1487","Batch2","Group1",48876.75801729
"Cell1488","Batch2","Group3",76124.3993559861
"Cell1489","Batch2","Group2",44292.6146998655
"Cell1490","Batch2","Group3",83664.2679844521
"Cell1491","Batch2","Group4",88857.3747224145
"Cell1492","Batch2","Group4",64117.4724943667
"Cell1493","Batch2","Group2",72712.0370930216
"Cell1494","Batch2","Group1",65794.5582586777
"Cell1495","Batch2","Group4",86828.7162685926
"Cell1496","Batch2","Group1",64849.3859161299
"Cell1497","Batch2","Group2",58348.4625494831
"Cell1498","Batch2","Group3",47446.3179167112
"Cell1499","Batch2","Group3",71738.2964091191
"Cell1500","Batch2","Group4",54796.0161067365
"Cell1501","Batch2","Group1",62430.1686207152
"Cell1502","Batch2","Group3",68033.1248478311
"Cell1503","Batch2","Group2",56348.1689506139
"Cell1504","Batch2","Group2",63326.3380523064
"Cell1505","Batch2","Group4",63594.0457407678
"Cell1506","Batch2","Group2",49109.4387785952
"Cell1507","Batch2","Group4",61269.2145582907
"Cell1508","Batch2","Group4",61731.5067475495
"Cell1509","Batch2","Group3",57734.6563546702
"Cell1510","Batch2","Group2",77156.48931305
"Cell1511","Batch2","Group2",38619.8043029485
"Cell1512","Batch2","Group4",61272.0336948849
"Cell1513","Batch2","Group3",62275.6493023862
"Cell1514","Batch2","Group2",53408.6848821162
"Cell1515","Batch2","Group1",72307.3455261747
"Cell1516","Batch2","Group4",65857.6927821019
"Cell1517","Batch2","Group2",51917.0341929363
"Cell1518","Batch2","Group2",50943.9323135648
"Cell1519","Batch2","Group2",78698.7378884613
"Cell1520","Batch2","Group4",51423.3500056188
"Cell1521","Batch2","Group4",60305.5417318617
"Cell1522","Batch2","Group3",55421.0758641726
"Cell1523","Batch2","Group2",58806.6329990475
"Cell1524","Batch2","Group2",49890.7081318402
"Cell1525","Batch2","Group1",54598.4933400065
"Cell1526","Batch2","Group1",72836.3717895603
"Cell1527","Batch2","Group4",90267.3653605746
"Cell1528","Batch2","Group1",71118.8821963729
"Cell1529","Batch2","Group1",59851.2216930443
"Cell1530","Batch2","Group1",73631.1678645193
"Cell1531","Batch2","Group2",39629.529811058
"Cell1532","Batch2","Group2",69389.0002461662
"Cell1533","Batch2","Group4",57581.3581587112
"Cell1534","Batch2","Group3",63036.3160330716
"Cell1535","Batch2","Group4",56653.069439511
"Cell1536","Batch2","Group4",55669.389152454
"Cell1537","Batch2","Group3",69292.8889911596
"Cell1538","Batch2","Group3",67112.428791044
"Cell1539","Batch2","Group3",57421.8547180393
"Cell1540","Batch2","Group3",46271.5884821172
"Cell1541","Batch2","Group3",57702.1843733724
"Cell1542","Batch2","Group2",55428.8006982644
"Cell1543","Batch2","Group4",48725.9856181353
"Cell1544","Batch2","Group3",59331.5281327773
"Cell1545","Batch2","Group4",50102.6908034734
"Cell1546","Batch2","Group4",64233.8312502966
"Cell1547","Batch2","Group4",63592.63389633
"Cell1548","Batch2","Group3",41232.0524554503
"Cell1549","Batch2","Group1",44230.9365011299
"Cell1550","Batch2","Group2",45930.0113288135
"Cell1551","Batch2","Group3",54442.6757444612
"Cell1552","Batch2","Group4",42635.1429892985
"Cell1553","Batch2","Group3",72737.4019854186
"Cell1554","Batch2","Group2",69320.4491815553
"Cell1555","Batch2","Group1",62423.3528429025
"Cell1556","Batch2","Group2",36869.9784169674
"Cell1557","Batch2","Group2",47704.0760932594
"Cell1558","Batch2","Group4",63782.4361205214
"Cell1559","Batch2","Group2",65571.4669449549
"Cell1560","Batch2","Group4",54410.9408328734
"Cell1561","Batch2","Group2",66972.6767722392
"Cell1562","Batch2","Group1",64256.8047914446
"Cell1563","Batch2","Group2",53235.7532756533
"Cell1564","Batch2","Group4",70342.6480844661
"Cell1565","Batch2","Group3",71175.8451369613
"Cell1566","Batch2","Group4",48575.3747479149
"Cell1567","Batch2","Group1",50751.6668089
"Cell1568","Batch2","Group1",49506.3732997038
"Cell1569","Batch2","Group4",67817.4570794181
"Cell1570","Batch2","Group1",69041.500113697
"Cell1571","Batch2","Group1",52109.8988687359
"Cell1572","Batch2","Group4",54363.5403624113
"Cell1573","Batch2","Group1",46318.046626767
"Cell1574","Batch2","Group4",61597.8529691447
"Cell1575","Batch2","Group1",67983.563909871
"Cell1576","Batch2","Group1",38399.2872539318
"Cell1577","Batch2","Group4",63175.4974362516
"Cell1578","Batch2","Group4",69217.9263387803
"Cell1579","Batch2","Group1",59805.6349392059
"Cell1580","Batch2","Group2",80344.6006884657
"Cell1581","Batch2","Group4",71889.8942502022
"Cell1582","Batch2","Group4",56130.7394054281
"Cell1583","Batch2","Group2",64936.8842678182
"Cell1584","Batch2","Group1",53106.0765007652
"Cell1585","Batch2","Group4",67891.346259374
"Cell1586","Batch2","Group1",60253.3355936317
"Cell1587","Batch2","Group2",81520.3813610161
"Cell1588","Batch2","Group2",61056.4673983662
"Cell1589","Batch2","Group3",58369.7932242965
"Cell1590","Batch2","Group2",50261.742210847
"Cell1591","Batch2","Group2",54287.8743875898
"Cell1592","Batch2","Group4",61787.3049366602
"Cell1593","Batch2","Group4",60327.9507901843
"Cell1594","Batch2","Group1",54499.4360429919
"Cell1595","Batch2","Group2",52407.9224795385
"Cell1596","Batch2","Group4",46975.6411473197
"Cell1597","Batch2","Group1",67269.6329619318
"Cell1598","Batch2","Group4",47489.7175760293
"Cell1599","Batch2","Group3",54208.9969365772
"Cell1600","Batch2","Group4",48496.5208924643
"Cell1601","Batch2","Group1",45140.4697210858
"Cell1602","Batch2","Group4",72884.8570229197
"Cell1603","Batch2","Group4",64229.7667289369
"Cell1604","Batch2","Group1",77771.4011443331
"Cell1605","Batch2","Group4",66080.9646987893
"Cell1606","Batch2","Group2",54286.6744756099
"Cell1607","Batch2","Group4",54567.9724327752
"Cell1608","Batch2","Group3",56392.2465395086
"Cell1609","Batch2","Group4",55400.4902423465
"Cell1610","Batch2","Group2",62796.3401814625
"Cell1611","Batch2","Group3",59464.8161509658
"Cell1612","Batch2","Group3",60336.4551337851
"Cell1613","Batch2","Group4",66357.8079767205
"Cell1614","Batch2","Group4",61774.459752602
"Cell1615","Batch2","Group3",61546.7321366747
"Cell1616","Batch2","Group2",64168.9063569894
"Cell1617","Batch2","Group3",62798.7189650041
"Cell1618","Batch2","Group2",94435.5396818026
"Cell1619","Batch2","Group2",76764.0033622105
"Cell1620","Batch2","Group1",81890.5370866351
"Cell1621","Batch2","Group1",61753.5723929037
"Cell1622","Batch2","Group3",48745.9080215478
"Cell1623","Batch2","Group1",52456.2433883014
"Cell1624","Batch2","Group4",59048.9763373936
"Cell1625","Batch2","Group4",67693.8607413804
"Cell1626","Batch2","Group1",69886.5494598933
"Cell1627","Batch2","Group2",44312.728002047
"Cell1628","Batch2","Group4",56926.2462905621
"Cell1629","Batch2","Group1",62600.2474113087
"Cell1630","Batch2","Group3",45460.0321497829
"Cell1631","Batch2","Group2",57327.1574335265
"Cell1632","Batch2","Group3",69953.3598340085
"Cell1633","Batch2","Group4",55910.4913323736
"Cell1634","Batch2","Group3",69076.3153820772
"Cell1635","Batch2","Group4",74404.9940851515
"Cell1636","Batch2","Group3",65000.9225137266
"Cell1637","Batch2","Group4",56266.5969784983
"Cell1638","Batch2","Group2",72458.7465621981
"Cell1639","Batch2","Group3",44173.2292792131
"Cell1640","Batch2","Group4",57896.820822768
"Cell1641","Batch2","Group1",58935.4180336474
"Cell1642","Batch2","Group4",82421.1159222442
"Cell1643","Batch2","Group2",57250.5750334989
"Cell1644","Batch2","Group1",43690.6752740376
"Cell1645","Batch2","Group3",59529.2450646036
"Cell1646","Batch2","Group4",53919.2618529084
"Cell1647","Batch2","Group1",58280.1588123012
"Cell1648","Batch2","Group3",63420.8806401145
"Cell1649","Batch2","Group4",64949.521748872
"Cell1650","Batch2","Group4",60529.1726502534
"Cell1651","Batch2","Group1",106271.638068791
"Cell1652","Batch2","Group4",39203.8687427825
"Cell1653","Batch2","Group1",52384.6480261515
"Cell1654","Batch2","Group3",60843.4925091391
"Cell1655","Batch2","Group1",41333.9312386641
"Cell1656","Batch2","Group3",42062.0326235491
"Cell1657","Batch2","Group2",105531.137568968
"Cell1658","Batch2","Group3",60509.6056352669
"Cell1659","Batch2","Group1",43907.3331282858
"Cell1660","Batch2","Group4",58001.5154781908
"Cell1661","Batch2","Group3",60864.6608445565
"Cell1662","Batch2","Group3",62324.5434092514
"Cell1663","Batch2","Group2",67507.4331767975
"Cell1664","Batch2","Group1",59691.6286443807
"Cell1665","Batch2","Group4",52677.6211765358
"Cell1666","Batch2","Group2",63543.6442605656
"Cell1667","Batch2","Group1",62630.1056029152
"Cell1668","Batch2","Group4",49464.3100066074
"Cell1669","Batch2","Group2",40264.9696859128
"Cell1670","Batch2","Group1",70476.7566217028
"Cell1671","Batch2","Group3",68253.7863481354
"Cell1672","Batch2","Group3",64144.9643413474
"Cell1673","Batch2","Group3",57654.3188623206
"Cell1674","Batch2","Group2",71362.5362558807
"Cell1675","Batch2","Group4",73670.2297609776
"Cell1676","Batch2","Group2",84641.7400908684
"Cell1677","Batch2","Group4",58260.4752135518
"Cell1678","Batch2","Group1",67680.9303415461
"Cell1679","Batch2","Group1",66117.4787522361
"Cell1680","Batch2","Group3",57291.0993706687
"Cell1681","Batch2","Group1",53510.1265148034
"Cell1682","Batch2","Group2",67553.2803077816
"Cell1683","Batch2","Group1",65281.1509733624
"Cell1684","Batch2","Group1",53861.6277536293
"Cell1685","Batch2","Group1",66763.2499197539
"Cell1686","Batch2","Group4",61713.9812642526
"Cell1687","Batch2","Group3",67443.4614972706
"Cell1688","Batch2","Group3",51644.0376527619
"Cell1689","Batch2","Group2",63406.8723757223
"Cell1690","Batch2","Group4",55175.3285140065
"Cell1691","Batch2","Group3",70717.1987294945
"Cell1692","Batch2","Group2",59595.6901877757
"Cell1693","Batch2","Group3",64626.8900696015
"Cell1694","Batch2","Group4",100480.066980502
"Cell1695","Batch2","Group3",44106.8824234259
"Cell1696","Batch2","Group1",50568.4278324504
"Cell1697","Batch2","Group1",49817.1554129024
"Cell1698","Batch2","Group1",45214.7094369407
"Cell1699","Batch2","Group2",44119.0665349709
"Cell1700","Batch2","Group4",58816.5200452224
"Cell1701","Batch2","Group4",70984.7441987381
"Cell1702","Batch2","Group4",40356.6054120406
"Cell1703","Batch2","Group3",68224.5918454085
"Cell1704","Batch2","Group1",45507.107115348
"Cell1705","Batch2","Group3",60847.3975022982
"Cell1706","Batch2","Group3",65347.7596559897
"Cell1707","Batch2","Group1",63193.9549246735
"Cell1708","Batch2","Group1",53519.5081581735
"Cell1709","Batch2","Group1",47039.4746505231
"Cell1710","Batch2","Group1",68773.9679740768
"Cell1711","Batch2","Group4",54048.0174987012
"Cell1712","Batch2","Group3",52636.7266176388
"Cell1713","Batch2","Group3",88578.2260516742
"Cell1714","Batch2","Group3",57438.1228505361
"Cell1715","Batch2","Group1",57910.3480284797
"Cell1716","Batch2","Group4",65746.0392737492
"Cell1717","Batch2","Group3",62722.2986745179
"Cell1718","Batch2","Group3",41622.120095749
"Cell1719","Batch2","Group4",54177.3535640217
"Cell1720","Batch2","Group1",50887.9960302152
"Cell1721","Batch2","Group1",60614.2441281156
"Cell1722","Batch2","Group4",38549.1744667469
"Cell1723","Batch2","Group3",60360.0746469771
"Cell1724","Batch2","Group4",64808.4576469178
"Cell1725","Batch2","Group1",46439.360497359
"Cell1726","Batch2","Group4",55965.6041347288
"Cell1727","Batch2","Group3",77353.2467431606
"Cell1728","Batch2","Group1",75158.7566429249
"Cell1729","Batch2","Group2",42719.4320214446
"Cell1730","Batch2","Group3",76721.9510277712
"Cell1731","Batch2","Group3",59604.8341139209
"Cell1732","Batch2","Group3",67196.6456503972
"Cell1733","Batch2","Group4",66306.4693004
"Cell1734","Batch2","Group2",64562.6301059915
"Cell1735","Batch2","Group3",68078.6381597469
"Cell1736","Batch2","Group2",46403.4177726818
"Cell1737","Batch2","Group3",57449.4238467685
"Cell1738","Batch2","Group4",67620.6309508411
"Cell1739","Batch2","Group2",57787.1937703238
"Cell1740","Batch2","Group1",43772.0121378284
"Cell1741","Batch2","Group1",63813.8993298956
"Cell1742","Batch2","Group1",57978.1434392666
"Cell1743","Batch2","Group3",58574.9104876461
"Cell1744","Batch2","Group4",40297.2952680935
"Cell1745","Batch2","Group4",81270.9432640492
"Cell1746","Batch2","Group4",69919.3322843967
"Cell1747","Batch2","Group1",79430.5888655411
"Cell1748","Batch2","Group4",56476.3631667208
"Cell1749","Batch2","Group3",74519.640076465
"Cell1750","Batch2","Group1",54818.7689025816
"Cell1751","Batch2","Group1",52246.1958575155
"Cell1752","Batch2","Group1",73206.8654751857
"Cell1753","Batch2","Group3",47764.2779374995
"Cell1754","Batch2","Group1",73847.4886784305
"Cell1755","Batch2","Group3",59220.8896374442
"Cell1756","Batch2","Group4",51204.5564149897
"Cell1757","Batch2","Group1",64176.9905359175
"Cell1758","Batch2","Group4",54936.0584943945
"Cell1759","Batch2","Group1",66735.4239003067
"Cell1760","Batch2","Group3",57487.2834640918
"Cell1761","Batch2","Group2",50408.1268983412
"Cell1762","Batch2","Group2",71548.8031971184
"Cell1763","Batch2","Group2",52201.0264546275
"Cell1764","Batch2","Group2",59861.9016095954
"Cell1765","Batch2","Group4",65243.2886589239
"Cell1766","Batch2","Group1",63136.6294976163
"Cell1767","Batch2","Group1",47409.5768189515
"Cell1768","Batch2","Group4",65601.7687608103
"Cell1769","Batch2","Group3",64919.2208775139
"Cell1770","Batch2","Group3",54466.4859156538
"Cell1771","Batch2","Group2",63281.0515552685
"Cell1772","Batch2","Group2",78760.6116603374
"Cell1773","Batch2","Group1",55472.9746991911
"Cell1774","Batch2","Group4",76600.8452760757
"Cell1775","Batch2","Group1",49919.1960668667
"Cell1776","Batch2","Group3",58458.4550464369
"Cell1777","Batch2","Group4",65405.4441912268
"Cell1778","Batch2","Group2",38834.6372111481
"Cell1779","Batch2","Group4",50443.994427386
"Cell1780","Batch2","Group1",51636.4039537886
"Cell1781","Batch2","Group3",48483.6510077344
"Cell1782","Batch2","Group4",57609.4778364142
"Cell1783","Batch2","Group1",62041.2830321163
"Cell1784","Batch2","Group3",58520.1810164176
"Cell1785","Batch2","Group2",82949.3535750941
"Cell1786","Batch2","Group2",56432.4480739218
"Cell1787","Batch2","Group4",70464.7589245432
"Cell1788","Batch2","Group4",49234.3641708099
"Cell1789","Batch2","Group3",60815.9233284313
"Cell1790","Batch2","Group2",48455.9098384266
"Cell1791","Batch2","Group2",68904.5984105912
"Cell1792","Batch2","Group1",86149.5279892749
"Cell1793","Batch2","Group3",57675.9841608802
"Cell1794","Batch2","Group1",59133.4633912658
"Cell1795","Batch2","Group3",76388.5997509399
"Cell1796","Batch2","Group1",62391.1024165785
"Cell1797","Batch2","Group1",54424.2891555316
"Cell1798","Batch2","Group4",58696.4398408594
"Cell1799","Batch2","Group4",55168.0755824849
"Cell1800","Batch2","Group1",49910.9664170157
"Cell1801","Batch2","Group1",84416.0698714976
"Cell1802","Batch2","Group3",69253.2036712146
"Cell1803","Batch2","Group4",71315.6716742335
"Cell1804","Batch2","Group1",73198.5994151005
"Cell1805","Batch2","Group3",46196.3159185771
"Cell1806","Batch2","Group4",58263.8026558104
"Cell1807","Batch2","Group1",59563.3347237313
"Cell1808","Batch2","Group1",58266.3796210591
"Cell1809","Batch2","Group2",69655.730197804
"Cell1810","Batch2","Group1",77236.0233662045
"Cell1811","Batch2","Group3",54049.3562160418
"Cell1812","Batch2","Group2",55290.2997657244
"Cell1813","Batch2","Group3",72392.6511095286
"Cell1814","Batch2","Group3",59866.4096000733
"Cell1815","Batch2","Group2",46178.9082031449
"Cell1816","Batch2","Group4",55476.238587908
"Cell1817","Batch2","Group3",60367.3022501177
"Cell1818","Batch2","Group2",58516.6300621631
"Cell1819","Batch2","Group2",45564.7489757667
"Cell1820","Batch2","Group3",64276.2988615124
"Cell1821","Batch2","Group2",63969.1484434277
"Cell1822","Batch2","Group2",48824.0466431941
"Cell1823","Batch2","Group3",67246.7629731741
"Cell1824","Batch2","Group4",63930.2021626368
"Cell1825","Batch2","Group4",55685.5442156802
"Cell1826","Batch2","Group3",52775.1838426973
"Cell1827","Batch2","Group1",64929.759769487
"Cell1828","Batch2","Group4",72589.9351352328
"Cell1829","Batch2","Group3",42133.813446479
"Cell1830","Batch2","Group1",63443.2109402029
"Cell1831","Batch2","Group2",72003.8546524948
"Cell1832","Batch2","Group2",49466.6798127118
"Cell1833","Batch2","Group3",53526.8462328553
"Cell1834","Batch2","Group2",65065.5613812255
"Cell1835","Batch2","Group2",54835.1312075134
"Cell1836","Batch2","Group3",66985.3875977162
"Cell1837","Batch2","Group2",64237.744789366
"Cell1838","Batch2","Group4",59419.1528844615
"Cell1839","Batch2","Group2",60013.6782623129
"Cell1840","Batch2","Group1",48202.330101062
"Cell1841","Batch2","Group4",49789.818680167
"Cell1842","Batch2","Group4",63684.9862477415
"Cell1843","Batch2","Group2",61006.050409
"Cell1844","Batch2","Group3",48326.3627222012
"Cell1845","Batch2","Group2",46509.3623175714
"Cell1846","Batch2","Group2",59085.8941765061
"Cell1847","Batch2","Group3",54362.0769972086
"Cell1848","Batch2","Group2",62114.257431266
"Cell1849","Batch2","Group1",55508.8347527437
"Cell1850","Batch2","Group4",44821.5538296462
"Cell1851","Batch2","Group1",50482.1617693983
"Cell1852","Batch2","Group2",44084.6862927447
"Cell1853","Batch2","Group2",90468.5448379352
"Cell1854","Batch2","Group3",68212.1107257856
"Cell1855","Batch2","Group2",70751.144319967
"Cell1856","Batch2","Group3",61586.8851290163
"Cell1857","Batch2","Group1",43704.6440522482
"Cell1858","Batch2","Group1",54096.9210095722
"Cell1859","Batch2","Group1",45314.104803182
"Cell1860","Batch2","Group3",53758.8926368011
"Cell1861","Batch2","Group4",56462.8228355641
"Cell1862","Batch2","Group2",58577.4940437152
"Cell1863","Batch2","Group2",71166.4521283756
"Cell1864","Batch2","Group1",56061.7175539104
"Cell1865","Batch2","Group1",50125.280784588
"Cell1866","Batch2","Group4",62624.1339649001
"Cell1867","Batch2","Group1",53649.8030111175
"Cell1868","Batch2","Group2",70223.1002300897
"Cell1869","Batch2","Group4",67414.5004531307
"Cell1870","Batch2","Group1",53406.4442383144
"Cell1871","Batch2","Group1",59925.3339585589
"Cell1872","Batch2","Group3",50790.7327181015
"Cell1873","Batch2","Group2",83327.2823732387
"Cell1874","Batch2","Group3",45783.1224365455
"Cell1875","Batch2","Group2",68632.8004350812
"Cell1876","Batch2","Group3",50778.0800601179
"Cell1877","Batch2","Group2",66144.1507952926
"Cell1878","Batch2","Group3",56481.5456477603
"Cell1879","Batch2","Group4",63874.6736540019
"Cell1880","Batch2","Group3",61905.623414045
"Cell1881","Batch2","Group2",67073.3003270807
"Cell1882","Batch2","Group2",47205.2629033636
"Cell1883","Batch2","Group2",53788.4146726054
"Cell1884","Batch2","Group3",63659.998742736
"Cell1885","Batch2","Group4",71343.5006391719
"Cell1886","Batch2","Group2",70259.1779889644
"Cell1887","Batch2","Group4",85425.0802268455
"Cell1888","Batch2","Group3",65183.0553642744
"Cell1889","Batch2","Group4",45012.0793899493
"Cell1890","Batch2","Group3",41602.8086154562
"Cell1891","Batch2","Group2",86668.148883411
"Cell1892","Batch2","Group3",53558.6367959071
"Cell1893","Batch2","Group2",66700.1941910511
"Cell1894","Batch2","Group1",49366.0471681087
"Cell1895","Batch2","Group1",56083.7837280854
"Cell1896","Batch2","Group1",65298.250114854
"Cell1897","Batch2","Group4",80077.0466669628
"Cell1898","Batch2","Group3",73378.8019507557
"Cell1899","Batch2","Group3",46827.8095020622
"Cell1900","Batch2","Group2",68538.1447587638
"Cell1901","Batch2","Group3",74542.3250955099
"Cell1902","Batch2","Group1",73940.9770705474
"Cell1903","Batch2","Group1",56920.002890372
"Cell1904","Batch2","Group2",64452.3631107368
"Cell1905","Batch2","Group3",62136.7009891234
"Cell1906","Batch2","Group1",63556.9637700615
"Cell1907","Batch2","Group4",49549.1074171999
"Cell1908","Batch2","Group1",74138.1636093314
"Cell1909","Batch2","Group2",43890.7307752989
"Cell1910","Batch2","Group2",66752.4834180368
"Cell1911","Batch2","Group1",44450.2357486195
"Cell1912","Batch2","Group4",83742.0947727161
"Cell1913","Batch2","Group3",49241.6604732473
"Cell1914","Batch2","Group4",64595.4500557546
"Cell1915","Batch2","Group1",55988.9554693517
"Cell1916","Batch2","Group1",73974.9849617863
"Cell1917","Batch2","Group4",73541.1428100694
"Cell1918","Batch2","Group3",55558.7135928042
"Cell1919","Batch2","Group3",52507.3638646289
"Cell1920","Batch2","Group1",47436.9293798697
"Cell1921","Batch2","Group3",79320.620274831
"Cell1922","Batch2","Group4",59054.3463771669
"Cell1923","Batch2","Group4",54714.2788628531
"Cell1924","Batch2","Group4",58639.9441158462
"Cell1925","Batch2","Group3",58107.5123156668
"Cell1926","Batch2","Group2",52990.1219315822
"Cell1927","Batch2","Group2",55992.2227987238
"Cell1928","Batch2","Group3",53975.1492437109
"Cell1929","Batch2","Group3",76796.2225247638
"Cell1930","Batch2","Group4",74122.6701643328
"Cell1931","Batch2","Group4",52579.0569861207
"Cell1932","Batch2","Group3",74691.532521674
"Cell1933","Batch2","Group4",38262.9215298287
"Cell1934","Batch2","Group2",64908.003576667
"Cell1935","Batch2","Group3",51405.0765809488
"Cell1936","Batch2","Group3",47078.2365497295
"Cell1937","Batch2","Group1",78981.7227805015
"Cell1938","Batch2","Group2",70394.6395815016
"Cell1939","Batch2","Group4",56202.9950641901
"Cell1940","Batch2","Group2",66404.3366505982
"Cell1941","Batch2","Group4",59559.8994279899
"Cell1942","Batch2","Group4",45901.3656602164
"Cell1943","Batch2","Group4",49182.2157624202
"Cell1944","Batch2","Group2",37329.192689624
"Cell1945","Batch2","Group3",55741.8011447183
"Cell1946","Batch2","Group2",38365.2114006805
"Cell1947","Batch2","Group3",64453.6948749477
"Cell1948","Batch2","Group4",70774.2764320021
"Cell1949","Batch2","Group3",79106.5716622352
"Cell1950","Batch2","Group1",40504.8859821617
"Cell1951","Batch2","Group4",53935.9832098046
"Cell1952","Batch2","Group2",84267.6154538884
"Cell1953","Batch2","Group3",64723.0153381651
"Cell1954","Batch2","Group1",57561.362793205
"Cell1955","Batch2","Group4",60019.1879141696
"Cell1956","Batch2","Group2",63829.8427779788
"Cell1957","Batch2","Group1",68708.9995236503
"Cell1958","Batch2","Group2",85959.9629872508
"Cell1959","Batch2","Group4",72138.2056310377
"Cell1960","Batch2","Group4",52280.3112604416
"Cell1961","Batch2","Group4",71500.9885493991
"Cell1962","Batch2","Group1",46122.3385441371
"Cell1963","Batch2","Group3",54058.2530782178
"Cell1964","Batch2","Group3",81673.5681282018
"Cell1965","Batch2","Group4",58658.0958544487
"Cell1966","Batch2","Group2",74210.3134317368
"Cell1967","Batch2","Group1",46388.9773325352
"Cell1968","Batch2","Group1",56206.5789794204
"Cell1969","Batch2","Group2",61701.1491595194
"Cell1970","Batch2","Group1",39297.7676819609
"Cell1971","Batch2","Group4",63834.5698600828
"Cell1972","Batch2","Group3",65904.6317164076
"Cell1973","Batch2","Group4",61816.6883541385
"Cell1974","Batch2","Group2",47391.9975016588
"Cell1975","Batch2","Group2",63478.0948826994
"Cell1976","Batch2","Group4",52626.7155951791
"Cell1977","Batch2","Group3",70553.561617174
"Cell1978","Batch2","Group2",63371.4801867948
"Cell1979","Batch2","Group3",60847.50086478
"Cell1980","Batch2","Group3",66763.658258867
"Cell1981","Batch2","Group3",61342.7052436817
"Cell1982","Batch2","Group4",76372.6721298712
"Cell1983","Batch2","Group4",40361.0082710154
"Cell1984","Batch2","Group3",58835.2543742247
"Cell1985","Batch2","Group1",61857.4332260944
"Cell1986","Batch2","Group3",59266.2741761288
"Cell1987","Batch2","Group1",67960.3845798047
"Cell1988","Batch2","Group2",73104.3938418177
"Cell1989","Batch2","Group3",60768.4654995309
"Cell1990","Batch2","Group1",52746.1509624277
"Cell1991","Batch2","Group3",51350.9772676197
"Cell1992","Batch2","Group2",51567.7271504098
"Cell1993","Batch2","Group3",43605.0365952258
"Cell1994","Batch2","Group2",53443.5588290555
"Cell1995","Batch2","Group2",84538.128586796
"Cell1996","Batch2","Group3",55615.6272087546
"Cell1997","Batch2","Group4",52575.385600914
"Cell1998","Batch2","Group2",41642.3211417232
"Cell1999","Batch2","Group1",49867.6694464938
"Cell2000","Batch2","Group4",59182.1368905537
"Cell2001","Batch3","Group1",66476.5122635454
"Cell2002","Batch3","Group2",58092.7871589359
"Cell2003","Batch3","Group1",47389.1952646398
"Cell2004","Batch3","Group2",63663.2421885395
"Cell2005","Batch3","Group3",40530.4390970821
"Cell2006","Batch3","Group2",66198.1284549943
"Cell2007","Batch3","Group1",72562.2949308589
"Cell2008","Batch3","Group4",64350.9184002957
"Cell2009","Batch3","Group1",60171.3521444833
"Cell2010","Batch3","Group1",49531.3082369737
"Cell2011","Batch3","Group4",63702.4755823344
"Cell2012","Batch3","Group4",57112.1047514591
"Cell2013","Batch3","Group4",59717.6695434974
"Cell2014","Batch3","Group4",60249.0562524127
"Cell2015","Batch3","Group1",53463.3103949749
"Cell2016","Batch3","Group2",41432.1476843121
"Cell2017","Batch3","Group3",57923.1254241031
"Cell2018","Batch3","Group3",61876.701486673
"Cell2019","Batch3","Group2",71052.7876551478
"Cell2020","Batch3","Group4",83033.6795698236
"Cell2021","Batch3","Group3",46300.9644545877
"Cell2022","Batch3","Group2",57511.3046826065
"Cell2023","Batch3","Group1",38345.328427332
"Cell2024","Batch3","Group2",60037.3630729813
"Cell2025","Batch3","Group1",50448.3624250147
"Cell2026","Batch3","Group1",68184.6070594918
"Cell2027","Batch3","Group1",85941.544844576
"Cell2028","Batch3","Group3",76478.2827231584
"Cell2029","Batch3","Group2",75583.5133744286
"Cell2030","Batch3","Group3",70664.3654116131
"Cell2031","Batch3","Group1",60472.342432984
"Cell2032","Batch3","Group2",59479.153362721
"Cell2033","Batch3","Group2",68809.0096304384
"Cell2034","Batch3","Group1",60911.9103877224
"Cell2035","Batch3","Group1",67076.3915829344
"Cell2036","Batch3","Group2",73577.805826873
"Cell2037","Batch3","Group1",54721.9585628039
"Cell2038","Batch3","Group2",62633.0297667451
"Cell2039","Batch3","Group1",58212.3309125234
"Cell2040","Batch3","Group3",74099.6661720085
"Cell2041","Batch3","Group2",61297.3883899131
"Cell2042","Batch3","Group4",45772.431509351
"Cell2043","Batch3","Group2",50653.9516731703
"Cell2044","Batch3","Group4",70919.1397212875
"Cell2045","Batch3","Group3",60226.3382230758
"Cell2046","Batch3","Group1",73067.8645456951
"Cell2047","Batch3","Group3",52533.0920334075
"Cell2048","Batch3","Group4",79293.9206679894
"Cell2049","Batch3","Group1",77134.7200171431
"Cell2050","Batch3","Group1",54229.6581237151
"Cell2051","Batch3","Group4",60013.1714984349
"Cell2052","Batch3","Group4",56406.0563280619
"Cell2053","Batch3","Group2",67835.0075826181
"Cell2054","Batch3","Group2",71472.7789561826
"Cell2055","Batch3","Group2",72439.1509261948
"Cell2056","Batch3","Group2",64546.1171889859
"Cell2057","Batch3","Group1",68953.9860251933
"Cell2058","Batch3","Group3",42318.3588300222
"Cell2059","Batch3","Group1",74597.9027854613
"Cell2060","Batch3","Group1",74180.4669989524
"Cell2061","Batch3","Group4",66404.4573113059
"Cell2062","Batch3","Group2",66526.083558781
"Cell2063","Batch3","Group4",57012.7144600364
"Cell2064","Batch3","Group1",40779.9589342502
"Cell2065","Batch3","Group2",37060.9534538326
"Cell2066","Batch3","Group3",40148.6778488079
"Cell2067","Batch3","Group2",46633.2773360797
"Cell2068","Batch3","Group3",66832.9782116474
"Cell2069","Batch3","Group2",49470.9472043967
"Cell2070","Batch3","Group2",44270.2952187766
"Cell2071","Batch3","Group2",59889.3617466486
"Cell2072","Batch3","Group2",52017.2250741239
"Cell2073","Batch3","Group2",90468.5355717692
"Cell2074","Batch3","Group1",57728.6816629234
"Cell2075","Batch3","Group4",41838.8261356864
"Cell2076","Batch3","Group3",57618.6799991883
"Cell2077","Batch3","Group2",62781.6791870339
"Cell2078","Batch3","Group1",62544.611045195
"Cell2079","Batch3","Group2",58178.706994921
"Cell2080","Batch3","Group3",45235.690841307
"Cell2081","Batch3","Group3",59647.629916691
"Cell2082","Batch3","Group4",52605.3507273333
"Cell2083","Batch3","Group1",88648.9915462577
"Cell2084","Batch3","Group2",37918.6237314903
"Cell2085","Batch3","Group3",57085.6838101746
"Cell2086","Batch3","Group4",74284.9379309655
"Cell2087","Batch3","Group2",66875.4810723277
"Cell2088","Batch3","Group2",62455.0233373026
"Cell2089","Batch3","Group4",54995.4384455879
"Cell2090","Batch3","Group1",74614.227485612
"Cell2091","Batch3","Group4",59273.1068849694
"Cell2092","Batch3","Group2",74467.9379001622
"Cell2093","Batch3","Group3",67016.0353401169
"Cell2094","Batch3","Group2",46233.7245952513
"Cell2095","Batch3","Group1",79322.3141425123
"Cell2096","Batch3","Group2",72935.6704071847
"Cell2097","Batch3","Group2",90870.2659853052
"Cell2098","Batch3","Group3",58156.5794517396
"Cell2099","Batch3","Group2",51367.743858595
"Cell2100","Batch3","Group3",72055.7937048961
"Cell2101","Batch3","Group1",74454.4196688112
"Cell2102","Batch3","Group1",71769.7424207879
"Cell2103","Batch3","Group4",81237.9779417298
"Cell2104","Batch3","Group4",51597.046473282
"Cell2105","Batch3","Group4",80259.6728665817
"Cell2106","Batch3","Group2",62121.2455686043
"Cell2107","Batch3","Group1",45365.2236344202
"Cell2108","Batch3","Group1",45479.1961977119
"Cell2109","Batch3","Group4",52788.8325328582
"Cell2110","Batch3","Group4",56596.8532963023
"Cell2111","Batch3","Group3",66422.6917357748
"Cell2112","Batch3","Group1",57886.9965756716
"Cell2113","Batch3","Group3",51035.318891282
"Cell2114","Batch3","Group2",54824.0610399014
"Cell2115","Batch3","Group1",47692.0814223731
"Cell2116","Batch3","Group3",37600.2976889511
"Cell2117","Batch3","Group2",41512.1898699762
"Cell2118","Batch3","Group3",53328.2093044161
"Cell2119","Batch3","Group4",62859.8397035916
"Cell2120","Batch3","Group4",51098.9993919339
"Cell2121","Batch3","Group2",39052.9477299981
"Cell2122","Batch3","Group4",64482.5248803985
"Cell2123","Batch3","Group1",52646.7907484817
"Cell2124","Batch3","Group1",72322.9137175258
"Cell2125","Batch3","Group1",56787.8807402727
"Cell2126","Batch3","Group1",40534.9938653281
"Cell2127","Batch3","Group1",47769.3529774648
"Cell2128","Batch3","Group3",68255.6714239903
"Cell2129","Batch3","Group3",94551.6979153101
"Cell2130","Batch3","Group2",73420.1817436371
"Cell2131","Batch3","Group4",45241.7211767892
"Cell2132","Batch3","Group1",35775.8607616217
"Cell2133","Batch3","Group3",82933.8176368075
"Cell2134","Batch3","Group2",46378.1426994583
"Cell2135","Batch3","Group2",66677.5562073568
"Cell2136","Batch3","Group3",52222.2269107279
"Cell2137","Batch3","Group4",53800.0477540578
"Cell2138","Batch3","Group2",40993.1679515786
"Cell2139","Batch3","Group1",60881.6191631206
"Cell2140","Batch3","Group4",57683.8351862028
"Cell2141","Batch3","Group1",74756.3837977659
"Cell2142","Batch3","Group3",53106.7884057693
"Cell2143","Batch3","Group2",59515.4588374376
"Cell2144","Batch3","Group1",68226.1034425385
"Cell2145","Batch3","Group2",72080.1214887958
"Cell2146","Batch3","Group1",44766.6964417154
"Cell2147","Batch3","Group3",54409.3747950654
"Cell2148","Batch3","Group1",46416.9329656577
"Cell2149","Batch3","Group2",71490.3263774276
"Cell2150","Batch3","Group1",52847.7095639798
"Cell2151","Batch3","Group4",56161.369046766
"Cell2152","Batch3","Group1",43196.7058534571
"Cell2153","Batch3","Group3",44951.1214912475
"Cell2154","Batch3","Group4",70824.9888657649
"Cell2155","Batch3","Group3",53858.9867257096
"Cell2156","Batch3","Group2",61329.9961607339
"Cell2157","Batch3","Group2",60074.7028881079
"Cell2158","Batch3","Group3",45885.1774885979
"Cell2159","Batch3","Group1",73422.5600233921
"Cell2160","Batch3","Group1",62199.3855844904
"Cell2161","Batch3","Group2",79596.5306466417
"Cell2162","Batch3","Group4",49861.8673500287
"Cell2163","Batch3","Group2",54203.282723111
"Cell2164","Batch3","Group1",54634.1600922306
"Cell2165","Batch3","Group2",68543.9528803047
"Cell2166","Batch3","Group4",61059.9409966326
"Cell2167","Batch3","Group4",56278.8761870221
"Cell2168","Batch3","Group1",42709.8265123642
"Cell2169","Batch3","Group3",57260.7103492365
"Cell2170","Batch3","Group3",74671.2474039261
"Cell2171","Batch3","Group3",65753.6665441434
"Cell2172","Batch3","Group4",47033.738284762
"Cell2173","Batch3","Group4",60471.0865171352
"Cell2174","Batch3","Group4",71281.8661417769
"Cell2175","Batch3","Group1",71100.2925680156
"Cell2176","Batch3","Group4",66480.2032860987
"Cell2177","Batch3","Group1",57378.9463996872
"Cell2178","Batch3","Group3",60495.8283052308
"Cell2179","Batch3","Group2",58440.2363774764
"Cell2180","Batch3","Group2",57308.2164825813
"Cell2181","Batch3","Group3",49780.184400008
"Cell2182","Batch3","Group2",66046.2693117202
"Cell2183","Batch3","Group3",50057.4023900335
"Cell2184","Batch3","Group2",79064.1224876093
"Cell2185","Batch3","Group1",58326.8112843931
"Cell2186","Batch3","Group1",57976.0603736477
"Cell2187","Batch3","Group1",59188.8037666901
"Cell2188","Batch3","Group4",51295.8978284366
"Cell2189","Batch3","Group1",69579.7582610242
"Cell2190","Batch3","Group2",46666.2628567559
"Cell2191","Batch3","Group1",56351.8253496806
"Cell2192","Batch3","Group1",54639.545867454
"Cell2193","Batch3","Group2",46004.7560415989
"Cell2194","Batch3","Group1",61380.0166490598
"Cell2195","Batch3","Group2",69866.1028071649
"Cell2196","Batch3","Group2",64260.7094614932
"Cell2197","Batch3","Group2",58354.0443307155
"Cell2198","Batch3","Group4",47963.2581648436
"Cell2199","Batch3","Group3",40887.9136772328
"Cell2200","Batch3","Group1",48514.8753767085
"Cell2201","Batch3","Group4",62914.7955432957
"Cell2202","Batch3","Group3",58611.5928625039
"Cell2203","Batch3","Group4",63248.9602026572
"Cell2204","Batch3","Group3",73316.9198277137
"Cell2205","Batch3","Group2",77723.5917831995
"Cell2206","Batch3","Group1",69957.7106675442
"Cell2207","Batch3","Group3",52552.6431671654
"Cell2208","Batch3","Group1",61033.5571757449
"Cell2209","Batch3","Group4",92923.9077120679
"Cell2210","Batch3","Group2",65924.337485667
"Cell2211","Batch3","Group1",60205.7413676063
"Cell2212","Batch3","Group1",66995.0608709673
"Cell2213","Batch3","Group4",57998.5851425706
"Cell2214","Batch3","Group3",50465.3260656376
"Cell2215","Batch3","Group4",54375.9819361331
"Cell2216","Batch3","Group4",58819.9721375624
"Cell2217","Batch3","Group4",50107.5265811701
"Cell2218","Batch3","Group3",82523.9052479508
"Cell2219","Batch3","Group4",75080.5932636596
"Cell2220","Batch3","Group4",63299.1943409487
"Cell2221","Batch3","Group2",88137.9853968388
"Cell2222","Batch3","Group1",48629.8451259148
"Cell2223","Batch3","Group3",58529.1561691412
"Cell2224","Batch3","Group3",54083.2897747858
"Cell2225","Batch3","Group2",79524.6010318715
"Cell2226","Batch3","Group4",45152.5342378688
"Cell2227","Batch3","Group1",71271.0438326719
"Cell2228","Batch3","Group2",64303.6121914681
"Cell2229","Batch3","Group2",71306.3603518579
"Cell2230","Batch3","Group4",56024.5487523273
"Cell2231","Batch3","Group2",50228.0781992602
"Cell2232","Batch3","Group1",66789.6663947297
"Cell2233","Batch3","Group1",69048.8019980551
"Cell2234","Batch3","Group3",53011.2012316516
"Cell2235","Batch3","Group2",95122.204135984
"Cell2236","Batch3","Group4",39086.8214392143
"Cell2237","Batch3","Group1",59280.7201261458
"Cell2238","Batch3","Group1",75430.1581821642
"Cell2239","Batch3","Group2",51549.4070892454
"Cell2240","Batch3","Group4",62558.5180610861
"Cell2241","Batch3","Group2",67769.6613079577
"Cell2242","Batch3","Group4",59928.5687384987
"Cell2243","Batch3","Group4",48782.7573722026
"Cell2244","Batch3","Group4",74215.7992500816
"Cell2245","Batch3","Group4",67036.9572797921
"Cell2246","Batch3","Group4",44005.572632668
"Cell2247","Batch3","Group4",57294.3545989487
"Cell2248","Batch3","Group1",75922.0113969183
"Cell2249","Batch3","Group3",47289.034407528
"Cell2250","Batch3","Group2",51959.2214225917
"Cell2251","Batch3","Group4",49144.3112363874
"Cell2252","Batch3","Group2",63175.1429484293
"Cell2253","Batch3","Group3",56046.7624275593
"Cell2254","Batch3","Group4",57496.6475243495
"Cell2255","Batch3","Group4",55367.6529791707
"Cell2256","Batch3","Group3",53065.0190701394
"Cell2257","Batch3","Group3",33063.8741682732
"Cell2258","Batch3","Group4",63893.1074584361
"Cell2259","Batch3","Group2",53279.2033756976
"Cell2260","Batch3","Group1",66063.0744944586
"Cell2261","Batch3","Group4",48609.8457838298
"Cell2262","Batch3","Group3",59435.6825647177
"Cell2263","Batch3","Group1",60880.921871005
"Cell2264","Batch3","Group1",51209.1696705466
"Cell2265","Batch3","Group1",50709.969857079
"Cell2266","Batch3","Group4",50210.7538298176
"Cell2267","Batch3","Group3",73506.7172560915
"Cell2268","Batch3","Group3",46118.4039479928
"Cell2269","Batch3","Group4",54531.8741747828
"Cell2270","Batch3","Group3",79374.0632604198
"Cell2271","Batch3","Group2",82989.4917105458
"Cell2272","Batch3","Group3",71562.3843837599
"Cell2273","Batch3","Group2",62735.5020735558
"Cell2274","Batch3","Group3",71860.5449923617
"Cell2275","Batch3","Group3",67622.6297428582
"Cell2276","Batch3","Group4",71171.8113731412
"Cell2277","Batch3","Group4",52327.331505755
"Cell2278","Batch3","Group2",81989.9586084148
"Cell2279","Batch3","Group2",87810.7455676504
"Cell2280","Batch3","Group3",46249.0240069298
"Cell2281","Batch3","Group2",48592.4797803775
"Cell2282","Batch3","Group4",66725.1335560101
"Cell2283","Batch3","Group2",75316.8345530663
"Cell2284","Batch3","Group4",46459.9362819251
"Cell2285","Batch3","Group1",62162.2649416618
"Cell2286","Batch3","Group1",63879.5570924731
"Cell2287","Batch3","Group1",62146.5497617345
"Cell2288","Batch3","Group2",44995.7605660771
"Cell2289","Batch3","Group3",73940.7595729207
"Cell2290","Batch3","Group2",68506.8194678986
"Cell2291","Batch3","Group2",67255.582361648
"Cell2292","Batch3","Group1",64439.1363687946
"Cell2293","Batch3","Group2",62124.4986422291
"Cell2294","Batch3","Group1",52668.6095037699
"Cell2295","Batch3","Group3",75802.404317782
"Cell2296","Batch3","Group2",57883.6439341611
"Cell2297","Batch3","Group3",70584.7837626953
"Cell2298","Batch3","Group3",39884.0353167762
"Cell2299","Batch3","Group1",64352.5524111857
"Cell2300","Batch3","Group2",67138.6115963589
"Cell2301","Batch3","Group2",51404.7782783405
"Cell2302","Batch3","Group4",60502.4020275624
"Cell2303","Batch3","Group1",67208.6452770362
"Cell2304","Batch3","Group2",58808.6581937298
"Cell2305","Batch3","Group1",50729.3614890215
"Cell2306","Batch3","Group3",58175.3870943469
"Cell2307","Batch3","Group4",64997.7612196579
"Cell2308","Batch3","Group2",76881.099387896
"Cell2309","Batch3","Group3",40226.3430549104
"Cell2310","Batch3","Group4",78242.4189399356
"Cell2311","Batch3","Group2",51905.8305936781
"Cell2312","Batch3","Group4",51727.697672132
"Cell2313","Batch3","Group4",66004.709715766
"Cell2314","Batch3","Group3",66518.0433486268
"Cell2315","Batch3","Group4",73271.1082651415
"Cell2316","Batch3","Group2",72118.9015084113
"Cell2317","Batch3","Group3",60829.1300500547
"Cell2318","Batch3","Group4",45761.1017630937
"Cell2319","Batch3","Group3",64577.4653013293
"Cell2320","Batch3","Group4",73831.5026337124
"Cell2321","Batch3","Group1",93286.632593417
"Cell2322","Batch3","Group1",60601.9134930805
"Cell2323","Batch3","Group4",58531.6734245529
"Cell2324","Batch3","Group4",47552.239576647
"Cell2325","Batch3","Group1",85653.0312824492
"Cell2326","Batch3","Group4",60939.4328254389
"Cell2327","Batch3","Group3",50787.0441081182
"Cell2328","Batch3","Group3",67154.9210089531
"Cell2329","Batch3","Group4",80472.6519633872
"Cell2330","Batch3","Group1",64635.6310186003
"Cell2331","Batch3","Group2",52937.9417330806
"Cell2332","Batch3","Group3",68615.958992595
"Cell2333","Batch3","Group2",38590.7335256621
"Cell2334","Batch3","Group4",41973.4654727446
"Cell2335","Batch3","Group2",59932.8620677687
"Cell2336","Batch3","Group2",56876.9955905055
"Cell2337","Batch3","Group2",53953.7204928736
"Cell2338","Batch3","Group4",54616.5476594002
"Cell2339","Batch3","Group4",66797.6165715434
"Cell2340","Batch3","Group4",50172.1228169084
"Cell2341","Batch3","Group1",65444.9953055496
"Cell2342","Batch3","Group4",58158.1387397927
"Cell2343","Batch3","Group3",45934.4204762083
"Cell2344","Batch3","Group4",65643.8164716426
"Cell2345","Batch3","Group3",64039.8324277025
"Cell2346","Batch3","Group2",63807.5723368935
"Cell2347","Batch3","Group4",58461.2027203816
"Cell2348","Batch3","Group4",46157.3084514857
"Cell2349","Batch3","Group1",63534.5747399619
"Cell2350","Batch3","Group2",54929.4128286737
"Cell2351","Batch3","Group4",61080.0497375861
"Cell2352","Batch3","Group1",52862.6440693952
"Cell2353","Batch3","Group1",50719.9755262519
"Cell2354","Batch3","Group2",55043.7032132917
"Cell2355","Batch3","Group4",52560.7657502584
"Cell2356","Batch3","Group2",57699.1924564909
"Cell2357","Batch3","Group1",64187.4664483162
"Cell2358","Batch3","Group1",68151.1626979547
"Cell2359","Batch3","Group2",42980.128005781
"Cell2360","Batch3","Group1",54549.7733123116
"Cell2361","Batch3","Group4",80328.263729783
"Cell2362","Batch3","Group4",44655.4768812164
"Cell2363","Batch3","Group2",46819.304219186
"Cell2364","Batch3","Group2",38936.3824932834
"Cell2365","Batch3","Group2",52215.574340046
"Cell2366","Batch3","Group2",84620.8135104725
"Cell2367","Batch3","Group3",51215.8867704407
"Cell2368","Batch3","Group1",66106.9457138521
"Cell2369","Batch3","Group1",64942.8037506104
"Cell2370","Batch3","Group2",62553.9829830949
"Cell2371","Batch3","Group1",72207.2096483753
"Cell2372","Batch3","Group4",54946.6763379
"Cell2373","Batch3","Group2",60894.8255437526
"Cell2374","Batch3","Group2",45934.273973967
"Cell2375","Batch3","Group1",80330.160346941
"Cell2376","Batch3","Group3",41965.1329220934
"Cell2377","Batch3","Group3",57410.8365650301
"Cell2378","Batch3","Group3",56579.0913384682
"Cell2379","Batch3","Group1",50556.7168384618
"Cell2380","Batch3","Group4",72861.7231308371
"Cell2381","Batch3","Group1",69784.8600290186
"Cell2382","Batch3","Group1",58854.7669991818
"Cell2383","Batch3","Group3",56926.5372477976
"Cell2384","Batch3","Group4",54795.8476251293
"Cell2385","Batch3","Group3",64697.987494514
"Cell2386","Batch3","Group4",44644.661340845
"Cell2387","Batch3","Group4",58195.2742032808
"Cell2388","Batch3","Group2",77923.1587831292
"Cell2389","Batch3","Group4",57123.1657072357
"Cell2390","Batch3","Group3",66511.292979022
"Cell2391","Batch3","Group3",90755.5641140327
"Cell2392","Batch3","Group2",80021.7077282903
"Cell2393","Batch3","Group1",58017.8025806281
"Cell2394","Batch3","Group1",57368.8024419072
"Cell2395","Batch3","Group4",46513.8307670899
"Cell2396","Batch3","Group4",84374.3921427625
"Cell2397","Batch3","Group4",63631.2218048354
"Cell2398","Batch3","Group1",51860.5084513133
"Cell2399","Batch3","Group1",72939.449839574
"Cell2400","Batch3","Group3",67414.8604245837
"Cell2401","Batch3","Group4",66750.2634328031
"Cell2402","Batch3","Group1",68476.0917667956
"Cell2403","Batch3","Group4",65890.4317163642
"Cell2404","Batch3","Group2",47707.6076397684
"Cell2405","Batch3","Group1",75265.4854078833
"Cell2406","Batch3","Group4",46811.3976143824
"Cell2407","Batch3","Group2",64858.6962922503
"Cell2408","Batch3","Group3",50007.0377720487
"Cell2409","Batch3","Group3",47061.7197706189
"Cell2410","Batch3","Group2",45796.947073912
"Cell2411","Batch3","Group3",68292.1879455385
"Cell2412","Batch3","Group2",67720.2603292142
"Cell2413","Batch3","Group1",39705.7680983737
"Cell2414","Batch3","Group2",64147.6457804271
"Cell2415","Batch3","Group4",47060.4040604173
"Cell2416","Batch3","Group1",60127.738832019
"Cell2417","Batch3","Group4",56821.2110024005
"Cell2418","Batch3","Group2",41959.14776414
"Cell2419","Batch3","Group4",55065.8604366903
"Cell2420","Batch3","Group1",82466.161028245
"Cell2421","Batch3","Group2",55808.0374981424
"Cell2422","Batch3","Group3",75523.6220483891
"Cell2423","Batch3","Group2",80085.9715691144
"Cell2424","Batch3","Group1",64422.9778612058
"Cell2425","Batch3","Group2",87302.7007943487
"Cell2426","Batch3","Group1",64924.6456450564
"Cell2427","Batch3","Group3",53517.1461917633
"Cell2428","Batch3","Group4",62958.6605222725
"Cell2429","Batch3","Group3",74981.8799516917
"Cell2430","Batch3","Group2",46858.1963643177
"Cell2431","Batch3","Group3",85481.5616271493
"Cell2432","Batch3","Group1",42807.2552336836
"Cell2433","Batch3","Group3",68780.9487222139
"Cell2434","Batch3","Group2",46602.2918003903
"Cell2435","Batch3","Group4",51243.6354693365
"Cell2436","Batch3","Group3",71937.8300397765
"Cell2437","Batch3","Group1",54637.3740830076
"Cell2438","Batch3","Group4",69692.9073674865
"Cell2439","Batch3","Group2",61539.8009926968
"Cell2440","Batch3","Group2",56990.381940361
"Cell2441","Batch3","Group1",45551.3388691937
"Cell2442","Batch3","Group3",43030.1615426174
"Cell2443","Batch3","Group4",54302.5861262218
"Cell2444","Batch3","Group1",52071.8713862907
"Cell2445","Batch3","Group1",52405.6537956216
"Cell2446","Batch3","Group1",60274.6318656004
"Cell2447","Batch3","Group1",63649.6772773922
"Cell2448","Batch3","Group1",59604.3428185074
"Cell2449","Batch3","Group1",55450.3706128247
"Cell2450","Batch3","Group1",65086.1187547774
"Cell2451","Batch3","Group1",55608.154836914
"Cell2452","Batch3","Group1",83196.9431752054
"Cell2453","Batch3","Group4",85993.3676802228
"Cell2454","Batch3","Group4",67931.145748672
"Cell2455","Batch3","Group4",51784.5995876443
"Cell2456","Batch3","Group2",55796.2641709656
"Cell2457","Batch3","Group3",51443.3674167444
"Cell2458","Batch3","Group3",61560.8557874214
"Cell2459","Batch3","Group2",57405.5178576289
"Cell2460","Batch3","Group2",68909.4061581747
"Cell2461","Batch3","Group2",50060.6381637518
"Cell2462","Batch3","Group3",54819.2589332261
"Cell2463","Batch3","Group1",46303.4252880275
"Cell2464","Batch3","Group3",64616.4644637348
"Cell2465","Batch3","Group2",62431.4954893259
"Cell2466","Batch3","Group4",55498.3409300902
"Cell2467","Batch3","Group2",47356.0692200908
"Cell2468","Batch3","Group1",56622.2036113594
"Cell2469","Batch3","Group4",51195.1440193688
"Cell2470","Batch3","Group3",52501.7136977468
"Cell2471","Batch3","Group1",61202.0203666228
"Cell2472","Batch3","Group1",79333.6286113031
"Cell2473","Batch3","Group4",61460.1800573674
"Cell2474","Batch3","Group4",40289.1560810735
"Cell2475","Batch3","Group3",48420.3844186012
"Cell2476","Batch3","Group4",79362.1464272806
"Cell2477","Batch3","Group1",78231.4887959419
"Cell2478","Batch3","Group2",59078.2764719873
"Cell2479","Batch3","Group2",43681.050430172
"Cell2480","Batch3","Group1",58717.3047922241
"Cell2481","Batch3","Group3",45734.9769615705
"Cell2482","Batch3","Group1",44427.284330748
"Cell2483","Batch3","Group1",51216.3739399006
"Cell2484","Batch3","Group2",58076.341488069
"Cell2485","Batch3","Group4",57185.9593350404
"Cell2486","Batch3","Group2",83354.5552993342
"Cell2487","Batch3","Group4",54170.7359176459
"Cell2488","Batch3","Group3",58253.2398057766
"Cell2489","Batch3","Group1",52002.9807500961
"Cell2490","Batch3","Group2",45695.9448319462
"Cell2491","Batch3","Group3",63956.494252903
"Cell2492","Batch3","Group4",50517.1452634836
"Cell2493","Batch3","Group4",71023.0204663584
"Cell2494","Batch3","Group2",57639.0728129005
"Cell2495","Batch3","Group2",72814.4625323484
"Cell2496","Batch3","Group3",69805.4481802085
"Cell2497","Batch3","Group1",54736.0975318907
"Cell2498","Batch3","Group4",51499.7699183583
"Cell2499","Batch3","Group1",70776.853689186
"Cell2500","Batch3","Group2",62070.3347985359
"Cell2501","Batch3","Group3",56700.6225959259
"Cell2502","Batch3","Group1",53015.2880988498
"Cell2503","Batch3","Group2",41955.1240762322
"Cell2504","Batch3","Group4",54067.8352693631
"Cell2505","Batch3","Group4",70015.7561154364
"Cell2506","Batch3","Group4",62030.016209026
"Cell2507","Batch3","Group4",66858.0165053195
"Cell2508","Batch3","Group2",51205.1566769097
"Cell2509","Batch3","Group2",50845.825691018
"Cell2510","Batch3","Group3",49960.2718679587
"Cell2511","Batch3","Group4",68088.2252719908
"Cell2512","Batch3","Group4",68001.790845852
"Cell2513","Batch3","Group2",59645.8421407091
"Cell2514","Batch3","Group4",49978.0881004307
"Cell2515","Batch3","Group3",68438.0674859521
"Cell2516","Batch3","Group4",46369.1561080109
"Cell2517","Batch3","Group2",63729.0637981084
"Cell2518","Batch3","Group2",62463.7792472537
"Cell2519","Batch3","Group2",51956.4699833562
"Cell2520","Batch3","Group1",73355.3664239464
"Cell2521","Batch3","Group3",59902.4657772257
"Cell2522","Batch3","Group2",71985.8811535412
"Cell2523","Batch3","Group3",67209.101946083
"Cell2524","Batch3","Group2",44201.7733860504
"Cell2525","Batch3","Group1",79078.9875558667
"Cell2526","Batch3","Group1",86498.719375268
"Cell2527","Batch3","Group2",69739.7213387639
"Cell2528","Batch3","Group3",45613.7097573386
"Cell2529","Batch3","Group2",61685.2486537344
"Cell2530","Batch3","Group2",44738.1212796156
"Cell2531","Batch3","Group4",47628.919351501
"Cell2532","Batch3","Group4",48036.2050902235
"Cell2533","Batch3","Group1",72665.0894261632
"Cell2534","Batch3","Group3",45525.7205610812
"Cell2535","Batch3","Group3",74463.1293199537
"Cell2536","Batch3","Group3",47947.6305487463
"Cell2537","Batch3","Group3",44776.2598075391
"Cell2538","Batch3","Group1",55492.6561391058
"Cell2539","Batch3","Group1",57048.8170162757
"Cell2540","Batch3","Group3",94260.4656373745
"Cell2541","Batch3","Group4",40807.7373670056
"Cell2542","Batch3","Group3",69702.1097431736
"Cell2543","Batch3","Group2",45712.7805519247
"Cell2544","Batch3","Group4",56123.7950390995
"Cell2545","Batch3","Group2",50247.6919344714
"Cell2546","Batch3","Group1",83535.7812343993
"Cell2547","Batch3","Group1",48013.4976270196
"Cell2548","Batch3","Group3",71990.5507781978
"Cell2549","Batch3","Group1",43723.9966792525
"Cell2550","Batch3","Group4",59656.5335277559
"Cell2551","Batch3","Group3",53574.0135894959
"Cell2552","Batch3","Group2",44071.6355855917
"Cell2553","Batch3","Group2",48602.3534165978
"Cell2554","Batch3","Group3",48751.0288912046
"Cell2555","Batch3","Group4",61522.922044273
"Cell2556","Batch3","Group1",77142.3258175644
"Cell2557","Batch3","Group4",52571.9057860982
"Cell2558","Batch3","Group1",70261.5346869494
"Cell2559","Batch3","Group4",49498.7495389882
"Cell2560","Batch3","Group3",58481.6976348524
"Cell2561","Batch3","Group2",75594.2607665405
"Cell2562","Batch3","Group3",66273.6768740951
"Cell2563","Batch3","Group1",63215.5577737295
"Cell2564","Batch3","Group1",64196.0638208431
"Cell2565","Batch3","Group3",78386.398606117
"Cell2566","Batch3","Group3",55431.5891493871
"Cell2567","Batch3","Group3",46531.1658468615
"Cell2568","Batch3","Group1",61741.054261938
"Cell2569","Batch3","Group2",63737.7810521929
"Cell2570","Batch3","Group3",62222.3639717229
"Cell2571","Batch3","Group3",37253.2495637877
"Cell2572","Batch3","Group4",76037.3286386915
"Cell2573","Batch3","Group3",54925.2060694485
"Cell2574","Batch3","Group1",78516.6336007888
"Cell2575","Batch3","Group4",59629.533765514
"Cell2576","Batch3","Group4",58778.3239856612
"Cell2577","Batch3","Group3",72942.1742983326
"Cell2578","Batch3","Group1",53152.9743128001
"Cell2579","Batch3","Group2",73086.6337505655
"Cell2580","Batch3","Group4",50314.5981117835
"Cell2581","Batch3","Group4",39012.2217880421
"Cell2582","Batch3","Group4",57439.1694048086
"Cell2583","Batch3","Group3",62262.4523645605
"Cell2584","Batch3","Group1",47483.8626848499
"Cell2585","Batch3","Group3",67410.5888304217
"Cell2586","Batch3","Group2",53339.1797814938
"Cell2587","Batch3","Group4",46667.2367578837
"Cell2588","Batch3","Group3",49945.3551114588
"Cell2589","Batch3","Group2",56926.9328192498
"Cell2590","Batch3","Group4",81138.2429366241
"Cell2591","Batch3","Group4",39439.8357430678
"Cell2592","Batch3","Group3",72646.2285213814
"Cell2593","Batch3","Group1",80159.5716283915
"Cell2594","Batch3","Group1",72371.8001624845
"Cell2595","Batch3","Group2",48600.8156561698
"Cell2596","Batch3","Group2",76925.8989115642
"Cell2597","Batch3","Group3",82637.4546434453
"Cell2598","Batch3","Group4",53262.5691746945
"Cell2599","Batch3","Group1",56447.60816646
"Cell2600","Batch3","Group4",62287.9626841909
"Cell2601","Batch3","Group4",52962.581827761
"Cell2602","Batch3","Group1",71436.6736512633
"Cell2603","Batch3","Group3",76579.1315653695
"Cell2604","Batch3","Group1",74901.7895218118
"Cell2605","Batch3","Group2",61041.9375769721
"Cell2606","Batch3","Group1",70911.0274562252
"Cell2607","Batch3","Group2",49594.8161744011
"Cell2608","Batch3","Group1",67746.6057585485
"Cell2609","Batch3","Group1",65283.1831252264
"Cell2610","Batch3","Group4",71366.0189544842
"Cell2611","Batch3","Group1",56915.6866710569
"Cell2612","Batch3","Group2",83866.8632309845
"Cell2613","Batch3","Group3",63285.4147691571
"Cell2614","Batch3","Group1",49701.2246802199
"Cell2615","Batch3","Group4",53571.2112205441
"Cell2616","Batch3","Group1",44039.942894162
"Cell2617","Batch3","Group2",43503.2332297948
"Cell2618","Batch3","Group1",60280.0359513791
"Cell2619","Batch3","Group3",57780.4750638004
"Cell2620","Batch3","Group4",47026.9573489949
"Cell2621","Batch3","Group4",74664.1334365641
"Cell2622","Batch3","Group1",79667.7735082944
"Cell2623","Batch3","Group1",57944.9227032192
"Cell2624","Batch3","Group2",57221.3041943568
"Cell2625","Batch3","Group3",65994.5142576298
"Cell2626","Batch3","Group1",38158.429203394
"Cell2627","Batch3","Group4",48742.7201225781
"Cell2628","Batch3","Group1",76112.7478798913
"Cell2629","Batch3","Group3",60866.4100182441
"Cell2630","Batch3","Group1",65797.0814717997
"Cell2631","Batch3","Group3",64457.3677326781
"Cell2632","Batch3","Group4",49663.1089306689
"Cell2633","Batch3","Group3",56618.7870287198
"Cell2634","Batch3","Group4",50680.721267858
"Cell2635","Batch3","Group4",64041.0506676034
"Cell2636","Batch3","Group4",64017.964843563
"Cell2637","Batch3","Group3",56291.1446447555
"Cell2638","Batch3","Group1",55052.7837020999
"Cell2639","Batch3","Group2",52676.0165492317
"Cell2640","Batch3","Group2",66754.0338527948
"Cell2641","Batch3","Group4",67856.2904429035
"Cell2642","Batch3","Group1",74977.6419621765
"Cell2643","Batch3","Group4",53959.1075645819
"Cell2644","Batch3","Group2",54336.9771940664
"Cell2645","Batch3","Group2",68912.1305103184
"Cell2646","Batch3","Group3",46474.8023917782
"Cell2647","Batch3","Group3",56955.5041370476
"Cell2648","Batch3","Group4",62667.2525205319
"Cell2649","Batch3","Group2",79965.2197434328
"Cell2650","Batch3","Group4",58590.2562025725
"Cell2651","Batch3","Group1",43764.4001848209
"Cell2652","Batch3","Group3",60139.2382930018
"Cell2653","Batch3","Group1",70825.8488177892
"Cell2654","Batch3","Group3",69942.7395469855
"Cell2655","Batch3","Group1",47056.0181482747
"Cell2656","Batch3","Group4",51517.4520312188
"Cell2657","Batch3","Group3",65552.6599593055
"Cell2658","Batch3","Group2",58104.1354239362
"Cell2659","Batch3","Group3",46227.686525162
"Cell2660","Batch3","Group3",41147.9682527995
"Cell2661","Batch3","Group4",49218.9027644798
"Cell2662","Batch3","Group2",48939.1078845716
"Cell2663","Batch3","Group2",67427.1474928219
"Cell2664","Batch3","Group3",60827.6657711694
"Cell2665","Batch3","Group1",59851.0137193142
"Cell2666","Batch3","Group3",56082.3734087159
"Cell2667","Batch3","Group2",37825.3195146253
"Cell2668","Batch3","Group1",53698.3394261795
"Cell2669","Batch3","Group2",49179.4692302718
"Cell2670","Batch3","Group4",52533.5039870593
"Cell2671","Batch3","Group3",63640.2469632962
"Cell2672","Batch3","Group2",52162.7237617769
"Cell2673","Batch3","Group1",63031.5812866665
"Cell2674","Batch3","Group1",83581.3564230633
"Cell2675","Batch3","Group1",50705.3150488514
"Cell2676","Batch3","Group1",55422.6321534065
"Cell2677","Batch3","Group3",53878.3646404994
"Cell2678","Batch3","Group3",58063.0588985786
"Cell2679","Batch3","Group1",64933.9265622691
"Cell2680","Batch3","Group4",60572.4730263459
"Cell2681","Batch3","Group1",43991.992532712
"Cell2682","Batch3","Group4",66896.4659172346
"Cell2683","Batch3","Group3",27268.8854304824
"Cell2684","Batch3","Group2",53608.8623644853
"Cell2685","Batch3","Group1",72871.1173470934
"Cell2686","Batch3","Group2",99099.2994919766
"Cell2687","Batch3","Group1",59491.1795418325
"Cell2688","Batch3","Group2",48667.6400864304
"Cell2689","Batch3","Group1",55580.0130250737
"Cell2690","Batch3","Group4",75955.5717375346
"Cell2691","Batch3","Group2",57161.4423031317
"Cell2692","Batch3","Group1",63870.9293849194
"Cell2693","Batch3","Group2",59859.8163102233
"Cell2694","Batch3","Group1",53270.7094566983
"Cell2695","Batch3","Group2",41019.6398361696
"Cell2696","Batch3","Group4",61985.9524123479
"Cell2697","Batch3","Group3",56032.9293458648
"Cell2698","Batch3","Group3",50228.6933961667
"Cell2699","Batch3","Group3",71654.6717226876
"Cell2700","Batch3","Group4",63130.9845672173
"Cell2701","Batch3","Group1",82833.8199889401
"Cell2702","Batch3","Group2",58260.441966814
"Cell2703","Batch3","Group2",42560.3727539491
"Cell2704","Batch3","Group4",60704.6261691544
"Cell2705","Batch3","Group3",61246.5385631189
"Cell2706","Batch3","Group3",44291.9367520796
"Cell2707","Batch3","Group2",39585.3056016368
"Cell2708","Batch3","Group4",80577.1576337387
"Cell2709","Batch3","Group2",59481.7241463968
"Cell2710","Batch3","Group4",43850.6866724795
"Cell2711","Batch3","Group3",52365.2605454049
"Cell2712","Batch3","Group2",66114.272717957
"Cell2713","Batch3","Group2",41758.0707156867
"Cell2714","Batch3","Group3",52192.7358025123
"Cell2715","Batch3","Group2",59692.088118163
"Cell2716","Batch3","Group3",60560.4314068922
"Cell2717","Batch3","Group3",69563.7311235297
"Cell2718","Batch3","Group2",71005.2781930613
"Cell2719","Batch3","Group2",53809.1686380863
"Cell2720","Batch3","Group2",71160.579101249
"Cell2721","Batch3","Group4",56950.9953097167
"Cell2722","Batch3","Group1",72997.3444095774
"Cell2723","Batch3","Group3",64794.4685895786
"Cell2724","Batch3","Group3",73574.4136003533
"Cell2725","Batch3","Group1",50049.80665109
"Cell2726","Batch3","Group1",58572.1234756181
"Cell2727","Batch3","Group2",54679.304003322
"Cell2728","Batch3","Group2",47767.1556151994
"Cell2729","Batch3","Group1",96126.537067651
"Cell2730","Batch3","Group1",60519.3868379547
"Cell2731","Batch3","Group3",62692.0578773361
"Cell2732","Batch3","Group3",70903.3874668097
"Cell2733","Batch3","Group4",44495.2708405507
"Cell2734","Batch3","Group4",66847.7374826218
"Cell2735","Batch3","Group2",52262.3794107799
"Cell2736","Batch3","Group1",45332.3430852842
"Cell2737","Batch3","Group2",56150.920170682
"Cell2738","Batch3","Group1",52355.5091367113
"Cell2739","Batch3","Group4",56525.0273363937
"Cell2740","Batch3","Group3",50528.5789696275
"Cell2741","Batch3","Group1",81739.4572260035
"Cell2742","Batch3","Group4",88246.3205578372
"Cell2743","Batch3","Group4",67699.1862546156
"Cell2744","Batch3","Group3",52469.2963562931
"Cell2745","Batch3","Group3",48539.7853618608
"Cell2746","Batch3","Group4",44567.259995192
"Cell2747","Batch3","Group1",58210.5103522865
"Cell2748","Batch3","Group1",51230.7271180107
"Cell2749","Batch3","Group4",53656.1486283479
"Cell2750","Batch3","Group2",80179.4599316297
"Cell2751","Batch3","Group1",66348.1998059847
"Cell2752","Batch3","Group4",56349.648654685
"Cell2753","Batch3","Group2",52826.1196793854
"Cell2754","Batch3","Group1",67684.5565415088
"Cell2755","Batch3","Group4",82467.8914894108
"Cell2756","Batch3","Group3",54114.4596406269
"Cell2757","Batch3","Group4",47825.1448849323
"Cell2758","Batch3","Group1",72091.424383049
"Cell2759","Batch3","Group1",68642.0128598523
"Cell2760","Batch3","Group4",48121.8041482584
"Cell2761","Batch3","Group2",64849.1040859254
"Cell2762","Batch3","Group2",65373.6706943532
"Cell2763","Batch3","Group3",55791.6401249608
"Cell2764","Batch3","Group1",63748.4858686938
"Cell2765","Batch3","Group1",57399.2658533058
"Cell2766","Batch3","Group1",80902.1103313673
"Cell2767","Batch3","Group3",88754.3056894801
"Cell2768","Batch3","Group1",78410.2858324346
"Cell2769","Batch3","Group4",48386.1413816312
"Cell2770","Batch3","Group2",80688.0720747859
"Cell2771","Batch3","Group3",47651.4513582282
"Cell2772","Batch3","Group3",80754.9220455348
"Cell2773","Batch3","Group3",60739.3404486158
"Cell2774","Batch3","Group1",61525.8086972207
"Cell2775","Batch3","Group2",63087.7733390494
"Cell2776","Batch3","Group3",42929.7309577579
"Cell2777","Batch3","Group3",55657.2302857534
"Cell2778","Batch3","Group2",43480.2265233037
"Cell2779","Batch3","Group4",60346.7665030427
"Cell2780","Batch3","Group3",64899.6618720355
"Cell2781","Batch3","Group3",87500.5085328163
"Cell2782","Batch3","Group2",90971.6810223735
"Cell2783","Batch3","Group4",61472.0275298706
"Cell2784","Batch3","Group2",64499.6230744749
"Cell2785","Batch3","Group2",67054.4623672724
"Cell2786","Batch3","Group1",63837.3821918403
"Cell2787","Batch3","Group3",56313.273530485
"Cell2788","Batch3","Group2",55118.137893965
"Cell2789","Batch3","Group3",63172.9508456411
"Cell2790","Batch3","Group4",72419.6638359081
"Cell2791","Batch3","Group1",54835.6026468135
"Cell2792","Batch3","Group2",69028.4057039482
"Cell2793","Batch3","Group3",96079.2309411928
"Cell2794","Batch3","Group1",57525.2652489914
"Cell2795","Batch3","Group1",71931.5248154213
"Cell2796","Batch3","Group2",62639.8256666021
"Cell2797","Batch3","Group4",54671.4648454042
"Cell2798","Batch3","Group3",59225.7434157694
"Cell2799","Batch3","Group1",43315.4853007956
"Cell2800","Batch3","Group2",87590.8268014976
"Cell2801","Batch3","Group1",49628.6360998929
"Cell2802","Batch3","Group4",67040.4380291341
"Cell2803","Batch3","Group3",75957.1894487826
"Cell2804","Batch3","Group2",65165.8019737164
"Cell2805","Batch3","Group1",58526.3259707514
"Cell2806","Batch3","Group4",55839.3525319906
"Cell2807","Batch3","Group4",76382.1726711885
"Cell2808","Batch3","Group4",56903.3824136458
"Cell2809","Batch3","Group4",60000.6566261663
"Cell2810","Batch3","Group3",47329.8497847838
"Cell2811","Batch3","Group1",53601.2801533278
"Cell2812","Batch3","Group2",81263.5957516455
"Cell2813","Batch3","Group2",65798.8763616743
"Cell2814","Batch3","Group1",59802.5192218093
"Cell2815","Batch3","Group3",45688.5207349374
"Cell2816","Batch3","Group1",58605.7443318375
"Cell2817","Batch3","Group1",57834.2458018294
"Cell2818","Batch3","Group3",45918.2052297177
"Cell2819","Batch3","Group4",44931.4720646897
"Cell2820","Batch3","Group1",74342.1822580836
"Cell2821","Batch3","Group1",61883.5779643977
"Cell2822","Batch3","Group2",66907.9784704729
"Cell2823","Batch3","Group2",53796.8897923512
"Cell2824","Batch3","Group2",53065.5171098021
"Cell2825","Batch3","Group4",63948.3769581206
"Cell2826","Batch3","Group4",52808.1484296172
"Cell2827","Batch3","Group2",51509.0031112765
"Cell2828","Batch3","Group1",76381.4865844576
"Cell2829","Batch3","Group3",65570.7639454689
"Cell2830","Batch3","Group3",64063.497421557
"Cell2831","Batch3","Group3",59196.2356392433
"Cell2832","Batch3","Group1",55703.7877633551
"Cell2833","Batch3","Group2",64898.6441409677
"Cell2834","Batch3","Group1",85583.2272573795
"Cell2835","Batch3","Group3",48032.8276773546
"Cell2836","Batch3","Group3",55714.211694451
"Cell2837","Batch3","Group4",53572.333199772
"Cell2838","Batch3","Group3",82723.3023662531
"Cell2839","Batch3","Group2",79825.8155763664
"Cell2840","Batch3","Group3",84798.6266508736
"Cell2841","Batch3","Group4",72119.0527991072
"Cell2842","Batch3","Group4",49974.4301211049
"Cell2843","Batch3","Group4",70115.4691702105
"Cell2844","Batch3","Group1",85033.1480036507
"Cell2845","Batch3","Group4",68353.1801142329
"Cell2846","Batch3","Group2",61867.153674399
"Cell2847","Batch3","Group4",68499.8420829524
"Cell2848","Batch3","Group4",63058.7693330352
"Cell2849","Batch3","Group4",46848.1595055582
"Cell2850","Batch3","Group2",44442.3486594836
"Cell2851","Batch3","Group4",53690.3524598337
"Cell2852","Batch3","Group2",75306.6548835263
"Cell2853","Batch3","Group2",91983.0953038158
"Cell2854","Batch3","Group3",54257.1397586719
"Cell2855","Batch3","Group3",81752.0535752707
"Cell2856","Batch3","Group3",89801.5901371072
"Cell2857","Batch3","Group4",66436.1638098011
"Cell2858","Batch3","Group4",63206.2207381484
"Cell2859","Batch3","Group1",69024.9851405697
"Cell2860","Batch3","Group1",50364.0995839401
"Cell2861","Batch3","Group3",71302.5605265055
"Cell2862","Batch3","Group3",50641.5075370233
"Cell2863","Batch3","Group2",58255.3736268261
"Cell2864","Batch3","Group4",44765.5094124112
"Cell2865","Batch3","Group1",77821.4881018026
"Cell2866","Batch3","Group4",51995.528149514
"Cell2867","Batch3","Group1",40909.1611183423
"Cell2868","Batch3","Group4",59837.4035627952
"Cell2869","Batch3","Group4",55510.3533766365
"Cell2870","Batch3","Group1",51611.7488282945
"Cell2871","Batch3","Group2",65253.5950219529
"Cell2872","Batch3","Group1",71974.4567708843
"Cell2873","Batch3","Group3",52165.3115500753
"Cell2874","Batch3","Group1",59214.7113025824
"Cell2875","Batch3","Group3",51800.8320833902
"Cell2876","Batch3","Group3",59883.4910321661
"Cell2877","Batch3","Group2",64402.5931006858
"Cell2878","Batch3","Group2",71814.9481438678
"Cell2879","Batch3","Group1",76856.8113484202
"Cell2880","Batch3","Group3",48306.4505435049
"Cell2881","Batch3","Group4",86603.9259677565
"Cell2882","Batch3","Group1",72982.2101238949
"Cell2883","Batch3","Group3",51610.3125798109
"Cell2884","Batch3","Group1",59088.1573042389
"Cell2885","Batch3","Group2",53067.5715121788
"Cell2886","Batch3","Group1",69352.6647686025
"Cell2887","Batch3","Group2",80528.2883572515
"Cell2888","Batch3","Group2",61974.6569636754
"Cell2889","Batch3","Group4",71514.0252888492
"Cell2890","Batch3","Group4",92636.6476039759
"Cell2891","Batch3","Group4",59495.2415799584
"Cell2892","Batch3","Group1",76236.9197059241
"Cell2893","Batch3","Group4",77361.3554768949
"Cell2894","Batch3","Group3",47479.1634919709
"Cell2895","Batch3","Group3",51448.3588256534
"Cell2896","Batch3","Group2",43582.4644510872
"Cell2897","Batch3","Group3",53473.5210595592
"Cell2898","Batch3","Group2",65044.6956967832
"Cell2899","Batch3","Group4",67562.8601043343
"Cell2900","Batch3","Group1",56514.2319764604
"Cell2901","Batch3","Group2",40934.4772210899
"Cell2902","Batch3","Group2",55222.2910523463
"Cell2903","Batch3","Group2",58826.5061716701
"Cell2904","Batch3","Group4",69038.231182489
"Cell2905","Batch3","Group3",74477.4838544311
"Cell2906","Batch3","Group3",84328.4945765102
"Cell2907","Batch3","Group3",59895.1844867439
"Cell2908","Batch3","Group3",63991.0342927245
"Cell2909","Batch3","Group1",47264.7957890391
"Cell2910","Batch3","Group3",44752.0260695707
"Cell2911","Batch3","Group3",56983.1685220439
"Cell2912","Batch3","Group2",62409.7663659418
"Cell2913","Batch3","Group4",95274.6484795446
"Cell2914","Batch3","Group4",46196.5227313663
"Cell2915","Batch3","Group1",74956.707431716
"Cell2916","Batch3","Group1",57453.0336139781
"Cell2917","Batch3","Group3",51592.7002738251
"Cell2918","Batch3","Group1",56642.8675602777
"Cell2919","Batch3","Group2",58305.7023354709
"Cell2920","Batch3","Group2",54710.3225515517
"Cell2921","Batch3","Group2",65113.0195741119
"Cell2922","Batch3","Group2",64428.2998283775
"Cell2923","Batch3","Group4",31613.9193770204
"Cell2924","Batch3","Group1",65638.3549233872
"Cell2925","Batch3","Group2",46777.663554877
"Cell2926","Batch3","Group2",54050.3969740984
"Cell2927","Batch3","Group2",71428.5405370299
"Cell2928","Batch3","Group4",55073.1505304814
"Cell2929","Batch3","Group1",45566.9169574528
"Cell2930","Batch3","Group1",63239.8335446987
"Cell2931","Batch3","Group3",50227.740411657
"Cell2932","Batch3","Group3",66113.4843547423
"Cell2933","Batch3","Group2",52515.197621752
"Cell2934","Batch3","Group2",60990.7416432867
"Cell2935","Batch3","Group2",56226.6637550168
"Cell2936","Batch3","Group1",68309.7015794995
"Cell2937","Batch3","Group3",63353.2060007798
"Cell2938","Batch3","Group1",52414.219837557
"Cell2939","Batch3","Group1",63109.9462971179
"Cell2940","Batch3","Group3",84557.0622072448
"Cell2941","Batch3","Group2",56807.6824852096
"Cell2942","Batch3","Group1",61186.2014538952
"Cell2943","Batch3","Group3",39192.1381933555
"Cell2944","Batch3","Group4",76379.410087577
"Cell2945","Batch3","Group1",62379.189658013
"Cell2946","Batch3","Group1",69422.9839824625
"Cell2947","Batch3","Group3",52892.5905590674
"Cell2948","Batch3","Group2",59008.6710259552
"Cell2949","Batch3","Group3",51994.4218235073
"Cell2950","Batch3","Group3",46008.9427138943
"Cell2951","Batch3","Group4",48010.1877048251
"Cell2952","Batch3","Group2",75177.3468326713
"Cell2953","Batch3","Group1",59747.9344080208
"Cell2954","Batch3","Group3",66758.2993547166
"Cell2955","Batch3","Group3",92698.5588290001
"Cell2956","Batch3","Group1",61664.3869800281
"Cell2957","Batch3","Group4",67466.1001316572
"Cell2958","Batch3","Group4",57912.3897270847
"Cell2959","Batch3","Group3",68318.503770264
"Cell2960","Batch3","Group4",42547.0735577796
"Cell2961","Batch3","Group1",57001.179113204
"Cell2962","Batch3","Group4",74150.6806741918
"Cell2963","Batch3","Group1",69722.0003677801
"Cell2964","Batch3","Group4",55313.1422982353
"Cell2965","Batch3","Group4",52553.799719437
"Cell2966","Batch3","Group4",59449.4938984077
"Cell2967","Batch3","Group1",61850.3785922538
"Cell2968","Batch3","Group4",100177.606991034
"Cell2969","Batch3","Group2",48406.0115847065
"Cell2970","Batch3","Group3",57248.1279774294
"Cell2971","Batch3","Group4",52355.3148292035
"Cell2972","Batch3","Group2",60125.8133278908
"Cell2973","Batch3","Group2",65024.1545960299
"Cell2974","Batch3","Group1",58196.2206251409
"Cell2975","Batch3","Group4",73631.6089442495
"Cell2976","Batch3","Group1",86749.0011987864
"Cell2977","Batch3","Group4",53121.2307030051
"Cell2978","Batch3","Group3",62717.8660821492
"Cell2979","Batch3","Group4",48646.975809694
"Cell2980","Batch3","Group3",44824.7012953374
"Cell2981","Batch3","Group2",72734.9136078147
"Cell2982","Batch3","Group3",49454.5440181436
"Cell2983","Batch3","Group2",70520.5732443344
"Cell2984","Batch3","Group4",69708.7206559722
"Cell2985","Batch3","Group1",61961.7580615163
"Cell2986","Batch3","Group3",70308.7833328231
"Cell2987","Batch3","Group3",66622.611874784
"Cell2988","Batch3","Group4",58396.0304321402
"Cell2989","Batch3","Group1",71274.0408007963
"Cell2990","Batch3","Group2",60675.0901216627
"Cell2991","Batch3","Group4",71366.9871841388
"Cell2992","Batch3","Group1",64171.2574213981
"Cell2993","Batch3","Group3",39349.4457432617
"Cell2994","Batch3","Group2",60065.3936320796
"Cell2995","Batch3","Group4",45207.1091260365
"Cell2996","Batch3","Group2",66109.1874487782
"Cell2997","Batch3","Group1",53190.6931506235
"Cell2998","Batch3","Group1",47593.968559506
"Cell2999","Batch3","Group4",63251.9173417147
"Cell3000","Batch3","Group3",63438.1399941183
