Cell,cell_type,batch
Cell1,Group1,Batch1
Cell2,Group1,Batch1
Cell3,Group2,Batch1
Cell4,Group10,Batch1
Cell5,Group10,Batch1
Cell6,Group1,Batch1
Cell7,Group5,Batch1
Cell8,Group7,Batch1
Cell9,Group1,Batch1
Cell10,Group9,Batch1
Cell11,Group5,Batch1
Cell12,Group10,Batch1
Cell13,Group4,Batch1
Cell14,Group1,Batch1
Cell15,Group10,Batch1
Cell16,Group7,Batch1
Cell17,Group2,Batch1
Cell18,Group10,Batch1
Cell19,Group3,Batch1
Cell20,Group1,Batch1
Cell21,Group7,Batch1
Cell22,Group5,Batch1
Cell23,Group9,Batch1
Cell24,Group8,Batch1
Cell25,Group6,Batch1
Cell26,Group5,Batch1
Cell27,Group6,Batch1
Cell28,Group10,Batch1
Cell29,Group1,Batch1
Cell30,Group1,Batch1
Cell31,Group9,Batch1
Cell32,Group4,Batch1
Cell33,Group5,Batch1
Cell34,Group6,Batch1
Cell35,Group8,Batch1
Cell36,Group7,Batch1
Cell37,Group1,Batch1
Cell38,Group3,Batch1
Cell39,Group2,Batch1
Cell40,Group2,Batch1
Cell41,Group7,Batch1
Cell42,Group1,Batch1
Cell43,Group1,Batch1
Cell44,Group7,Batch1
Cell45,Group6,Batch1
Cell46,Group8,Batch1
Cell47,Group1,Batch1
Cell48,Group10,Batch1
Cell49,Group1,Batch1
Cell50,Group6,Batch1
Cell51,Group1,Batch1
Cell52,Group2,Batch1
Cell53,Group2,Batch1
Cell54,Group3,Batch1
Cell55,Group10,Batch1
Cell56,Group10,Batch1
Cell57,Group8,Batch1
Cell58,Group6,Batch1
Cell59,Group4,Batch1
Cell60,Group10,Batch1
Cell61,Group3,Batch1
Cell62,Group7,Batch1
Cell63,Group3,Batch1
Cell64,Group1,Batch1
Cell65,Group6,Batch1
Cell66,Group2,Batch1
Cell67,Group6,Batch1
Cell68,Group1,Batch1
Cell69,Group1,Batch1
Cell70,Group6,Batch1
Cell71,Group5,Batch1
Cell72,Group7,Batch1
Cell73,Group4,Batch1
Cell74,Group10,Batch1
Cell75,Group3,Batch1
Cell76,Group6,Batch1
Cell77,Group5,Batch1
Cell78,Group1,Batch1
Cell79,Group2,Batch1
Cell80,Group1,Batch1
Cell81,Group4,Batch1
Cell82,Group8,Batch1
Cell83,Group3,Batch1
Cell84,Group10,Batch1
Cell85,Group10,Batch1
Cell86,Group5,Batch1
Cell87,Group1,Batch1
Cell88,Group8,Batch1
Cell89,Group5,Batch1
Cell90,Group7,Batch1
Cell91,Group7,Batch1
Cell92,Group7,Batch1
Cell93,Group7,Batch1
Cell94,Group9,Batch1
Cell95,Group8,Batch1
Cell96,Group4,Batch1
Cell97,Group1,Batch1
Cell98,Group10,Batch1
Cell99,Group7,Batch1
Cell100,Group6,Batch1
Cell101,Group6,Batch1
Cell102,Group10,Batch1
Cell103,Group6,Batch1
Cell104,Group10,Batch1
Cell105,Group9,Batch1
Cell106,Group9,Batch1
Cell107,Group4,Batch1
Cell108,Group3,Batch1
Cell109,Group10,Batch1
Cell110,Group3,Batch1
Cell111,Group2,Batch1
Cell112,Group1,Batch1
Cell113,Group2,Batch1
Cell114,Group5,Batch1
Cell115,Group7,Batch1
Cell116,Group6,Batch1
Cell117,Group4,Batch1
Cell118,Group8,Batch1
Cell119,Group3,Batch1
Cell120,Group8,Batch1
Cell121,Group8,Batch1
Cell122,Group5,Batch1
Cell123,Group2,Batch1
Cell124,Group3,Batch1
Cell125,Group2,Batch1
Cell126,Group1,Batch1
Cell127,Group3,Batch1
Cell128,Group3,Batch1
Cell129,Group5,Batch1
Cell130,Group3,Batch1
Cell131,Group8,Batch1
Cell132,Group10,Batch1
Cell133,Group1,Batch1
Cell134,Group3,Batch1
Cell135,Group5,Batch1
Cell136,Group1,Batch1
Cell137,Group9,Batch1
Cell138,Group1,Batch1
Cell139,Group2,Batch1
Cell140,Group5,Batch1
Cell141,Group10,Batch1
Cell142,Group1,Batch1
Cell143,Group6,Batch1
Cell144,Group3,Batch1
Cell145,Group10,Batch1
Cell146,Group6,Batch1
Cell147,Group9,Batch1
Cell148,Group2,Batch1
Cell149,Group2,Batch1
Cell150,Group7,Batch1
Cell151,Group1,Batch1
Cell152,Group7,Batch1
Cell153,Group7,Batch1
Cell154,Group7,Batch1
Cell155,Group9,Batch1
Cell156,Group1,Batch1
Cell157,Group8,Batch1
Cell158,Group7,Batch1
Cell159,Group6,Batch1
Cell160,Group5,Batch1
Cell161,Group1,Batch1
Cell162,Group7,Batch1
Cell163,Group1,Batch1
Cell164,Group2,Batch1
Cell165,Group1,Batch1
Cell166,Group7,Batch1
Cell167,Group10,Batch1
Cell168,Group2,Batch1
Cell169,Group2,Batch1
Cell170,Group7,Batch1
Cell171,Group1,Batch1
Cell172,Group1,Batch1
Cell173,Group10,Batch1
Cell174,Group5,Batch1
Cell175,Group10,Batch1
Cell176,Group1,Batch1
Cell177,Group2,Batch1
Cell178,Group8,Batch1
Cell179,Group10,Batch1
Cell180,Group1,Batch1
Cell181,Group1,Batch1
Cell182,Group8,Batch1
Cell183,Group10,Batch1
Cell184,Group8,Batch1
Cell185,Group7,Batch1
Cell186,Group5,Batch1
Cell187,Group4,Batch1
Cell188,Group5,Batch1
Cell189,Group3,Batch1
Cell190,Group2,Batch1
Cell191,Group7,Batch1
Cell192,Group10,Batch1
Cell193,Group8,Batch1
Cell194,Group8,Batch1
Cell195,Group7,Batch1
Cell196,Group8,Batch1
Cell197,Group7,Batch1
Cell198,Group5,Batch1
Cell199,Group2,Batch1
Cell200,Group8,Batch1
Cell201,Group3,Batch1
Cell202,Group1,Batch1
Cell203,Group8,Batch1
Cell204,Group2,Batch1
Cell205,Group4,Batch1
Cell206,Group6,Batch1
Cell207,Group6,Batch1
Cell208,Group4,Batch1
Cell209,Group3,Batch1
Cell210,Group1,Batch1
Cell211,Group1,Batch1
Cell212,Group1,Batch1
Cell213,Group6,Batch1
Cell214,Group7,Batch1
Cell215,Group7,Batch1
Cell216,Group5,Batch1
Cell217,Group2,Batch1
Cell218,Group5,Batch1
Cell219,Group7,Batch1
Cell220,Group6,Batch1
Cell221,Group10,Batch1
Cell222,Group3,Batch1
Cell223,Group8,Batch1
Cell224,Group3,Batch1
Cell225,Group5,Batch1
Cell226,Group2,Batch1
Cell227,Group7,Batch1
Cell228,Group1,Batch1
Cell229,Group5,Batch1
Cell230,Group10,Batch1
Cell231,Group7,Batch1
Cell232,Group3,Batch1
Cell233,Group5,Batch1
Cell234,Group5,Batch1
Cell235,Group5,Batch1
Cell236,Group1,Batch1
Cell237,Group7,Batch1
Cell238,Group6,Batch1
Cell239,Group1,Batch1
Cell240,Group2,Batch1
Cell241,Group5,Batch1
Cell242,Group3,Batch1
Cell243,Group8,Batch1
Cell244,Group6,Batch1
Cell245,Group4,Batch1
Cell246,Group1,Batch1
Cell247,Group6,Batch1
Cell248,Group1,Batch1
Cell249,Group5,Batch1
Cell250,Group7,Batch1
Cell251,Group2,Batch1
Cell252,Group10,Batch1
Cell253,Group3,Batch1
Cell254,Group7,Batch1
Cell255,Group2,Batch1
Cell256,Group10,Batch1
Cell257,Group10,Batch1
Cell258,Group9,Batch1
Cell259,Group2,Batch1
Cell260,Group7,Batch1
Cell261,Group7,Batch1
Cell262,Group2,Batch1
Cell263,Group3,Batch1
Cell264,Group6,Batch1
Cell265,Group4,Batch1
Cell266,Group2,Batch1
Cell267,Group4,Batch1
Cell268,Group8,Batch1
Cell269,Group8,Batch1
Cell270,Group7,Batch1
Cell271,Group5,Batch1
Cell272,Group1,Batch1
Cell273,Group4,Batch1
Cell274,Group1,Batch1
Cell275,Group7,Batch1
Cell276,Group8,Batch1
Cell277,Group5,Batch1
Cell278,Group8,Batch1
Cell279,Group5,Batch1
Cell280,Group10,Batch1
Cell281,Group8,Batch1
Cell282,Group2,Batch1
Cell283,Group2,Batch1
Cell284,Group8,Batch1
Cell285,Group1,Batch1
Cell286,Group8,Batch1
Cell287,Group6,Batch1
Cell288,Group5,Batch1
Cell289,Group5,Batch1
Cell290,Group9,Batch1
Cell291,Group7,Batch1
Cell292,Group10,Batch1
Cell293,Group3,Batch1
Cell294,Group10,Batch1
Cell295,Group7,Batch1
Cell296,Group1,Batch1
Cell297,Group3,Batch1
Cell298,Group8,Batch1
Cell299,Group1,Batch1
Cell300,Group8,Batch1
Cell301,Group2,Batch1
Cell302,Group8,Batch1
Cell303,Group8,Batch1
Cell304,Group4,Batch1
Cell305,Group6,Batch1
Cell306,Group8,Batch1
Cell307,Group6,Batch1
Cell308,Group9,Batch1
Cell309,Group9,Batch1
Cell310,Group9,Batch1
Cell311,Group8,Batch1
Cell312,Group2,Batch1
Cell313,Group2,Batch1
Cell314,Group3,Batch1
Cell315,Group10,Batch1
Cell316,Group7,Batch1
Cell317,Group2,Batch1
Cell318,Group1,Batch1
Cell319,Group1,Batch1
Cell320,Group6,Batch1
Cell321,Group3,Batch1
Cell322,Group9,Batch1
Cell323,Group4,Batch1
Cell324,Group1,Batch1
Cell325,Group6,Batch1
Cell326,Group4,Batch1
Cell327,Group3,Batch1
Cell328,Group8,Batch1
Cell329,Group10,Batch1
Cell330,Group5,Batch1
Cell331,Group2,Batch1
Cell332,Group2,Batch1
Cell333,Group6,Batch1
Cell334,Group8,Batch1
Cell335,Group10,Batch1
Cell336,Group1,Batch1
Cell337,Group1,Batch1
Cell338,Group7,Batch1
Cell339,Group4,Batch1
Cell340,Group3,Batch1
Cell341,Group6,Batch1
Cell342,Group10,Batch1
Cell343,Group7,Batch1
Cell344,Group7,Batch1
Cell345,Group2,Batch1
Cell346,Group3,Batch1
Cell347,Group8,Batch1
Cell348,Group10,Batch1
Cell349,Group5,Batch1
Cell350,Group9,Batch1
Cell351,Group1,Batch1
Cell352,Group6,Batch1
Cell353,Group10,Batch1
Cell354,Group5,Batch1
Cell355,Group10,Batch1
Cell356,Group7,Batch1
Cell357,Group7,Batch1
Cell358,Group7,Batch1
Cell359,Group1,Batch1
Cell360,Group5,Batch1
Cell361,Group9,Batch1
Cell362,Group2,Batch1
Cell363,Group3,Batch1
Cell364,Group10,Batch1
Cell365,Group10,Batch1
Cell366,Group1,Batch1
Cell367,Group8,Batch1
Cell368,Group2,Batch1
Cell369,Group8,Batch1
Cell370,Group1,Batch1
Cell371,Group10,Batch1
Cell372,Group2,Batch1
Cell373,Group6,Batch1
Cell374,Group10,Batch1
Cell375,Group8,Batch1
Cell376,Group6,Batch1
Cell377,Group3,Batch1
Cell378,Group5,Batch1
Cell379,Group5,Batch1
Cell380,Group3,Batch1
Cell381,Group6,Batch1
Cell382,Group2,Batch1
Cell383,Group7,Batch1
Cell384,Group4,Batch1
Cell385,Group2,Batch1
Cell386,Group8,Batch1
Cell387,Group4,Batch1
Cell388,Group1,Batch1
Cell389,Group10,Batch1
Cell390,Group7,Batch1
Cell391,Group6,Batch1
Cell392,Group7,Batch1
Cell393,Group1,Batch1
Cell394,Group2,Batch1
Cell395,Group5,Batch1
Cell396,Group1,Batch1
Cell397,Group2,Batch1
Cell398,Group7,Batch1
Cell399,Group7,Batch1
Cell400,Group5,Batch1
Cell401,Group2,Batch1
Cell402,Group7,Batch1
Cell403,Group10,Batch1
Cell404,Group8,Batch1
Cell405,Group7,Batch1
Cell406,Group8,Batch1
Cell407,Group6,Batch1
Cell408,Group5,Batch1
Cell409,Group1,Batch1
Cell410,Group3,Batch1
Cell411,Group10,Batch1
Cell412,Group2,Batch1
Cell413,Group7,Batch1
Cell414,Group7,Batch1
Cell415,Group10,Batch1
Cell416,Group10,Batch1
Cell417,Group1,Batch1
Cell418,Group5,Batch1
Cell419,Group6,Batch1
Cell420,Group4,Batch1
Cell421,Group4,Batch1
Cell422,Group10,Batch1
Cell423,Group3,Batch1
Cell424,Group3,Batch1
Cell425,Group8,Batch1
Cell426,Group5,Batch1
Cell427,Group2,Batch1
Cell428,Group4,Batch1
Cell429,Group5,Batch1
Cell430,Group7,Batch1
Cell431,Group10,Batch1
Cell432,Group8,Batch1
Cell433,Group6,Batch1
Cell434,Group10,Batch1
Cell435,Group5,Batch1
Cell436,Group10,Batch1
Cell437,Group6,Batch1
Cell438,Group1,Batch1
Cell439,Group3,Batch1
Cell440,Group7,Batch1
Cell441,Group8,Batch1
Cell442,Group1,Batch1
Cell443,Group1,Batch1
Cell444,Group7,Batch1
Cell445,Group7,Batch1
Cell446,Group8,Batch1
Cell447,Group1,Batch1
Cell448,Group5,Batch1
Cell449,Group1,Batch1
Cell450,Group9,Batch1
Cell451,Group8,Batch1
Cell452,Group7,Batch1
Cell453,Group7,Batch1
Cell454,Group2,Batch1
Cell455,Group7,Batch1
Cell456,Group7,Batch1
Cell457,Group5,Batch1
Cell458,Group7,Batch1
Cell459,Group6,Batch1
Cell460,Group10,Batch1
Cell461,Group1,Batch1
Cell462,Group2,Batch1
Cell463,Group10,Batch1
Cell464,Group1,Batch1
Cell465,Group2,Batch1
Cell466,Group10,Batch1
Cell467,Group6,Batch1
Cell468,Group5,Batch1
Cell469,Group1,Batch1
Cell470,Group5,Batch1
Cell471,Group1,Batch1
Cell472,Group7,Batch1
Cell473,Group1,Batch1
Cell474,Group1,Batch1
Cell475,Group7,Batch1
Cell476,Group9,Batch1
Cell477,Group7,Batch1
Cell478,Group5,Batch1
Cell479,Group2,Batch1
Cell480,Group2,Batch1
Cell481,Group1,Batch1
Cell482,Group6,Batch1
Cell483,Group2,Batch1
Cell484,Group7,Batch1
Cell485,Group2,Batch1
Cell486,Group7,Batch1
Cell487,Group1,Batch1
Cell488,Group8,Batch1
Cell489,Group10,Batch1
Cell490,Group6,Batch1
Cell491,Group3,Batch1
Cell492,Group4,Batch1
Cell493,Group5,Batch1
Cell494,Group9,Batch1
Cell495,Group5,Batch1
Cell496,Group10,Batch1
Cell497,Group10,Batch1
Cell498,Group10,Batch1
Cell499,Group3,Batch1
Cell500,Group7,Batch1
Cell501,Group5,Batch1
Cell502,Group6,Batch1
Cell503,Group3,Batch1
Cell504,Group7,Batch1
Cell505,Group6,Batch1
Cell506,Group2,Batch1
Cell507,Group1,Batch1
Cell508,Group9,Batch1
Cell509,Group8,Batch1
Cell510,Group3,Batch1
Cell511,Group3,Batch1
Cell512,Group2,Batch1
Cell513,Group3,Batch1
Cell514,Group1,Batch1
Cell515,Group7,Batch1
Cell516,Group4,Batch1
Cell517,Group1,Batch1
Cell518,Group6,Batch1
Cell519,Group3,Batch1
Cell520,Group6,Batch1
Cell521,Group7,Batch1
Cell522,Group6,Batch1
Cell523,Group2,Batch1
Cell524,Group9,Batch1
Cell525,Group2,Batch1
Cell526,Group10,Batch1
Cell527,Group3,Batch1
Cell528,Group7,Batch1
Cell529,Group5,Batch1
Cell530,Group2,Batch1
Cell531,Group8,Batch1
Cell532,Group4,Batch1
Cell533,Group4,Batch1
Cell534,Group7,Batch1
Cell535,Group1,Batch1
Cell536,Group5,Batch1
Cell537,Group7,Batch1
Cell538,Group8,Batch1
Cell539,Group6,Batch1
Cell540,Group4,Batch1
Cell541,Group7,Batch1
Cell542,Group9,Batch1
Cell543,Group10,Batch1
Cell544,Group10,Batch1
Cell545,Group3,Batch1
Cell546,Group3,Batch1
Cell547,Group3,Batch1
Cell548,Group1,Batch1
Cell549,Group4,Batch1
Cell550,Group7,Batch1
Cell551,Group8,Batch1
Cell552,Group5,Batch1
Cell553,Group3,Batch1
Cell554,Group2,Batch1
Cell555,Group1,Batch1
Cell556,Group1,Batch1
Cell557,Group8,Batch1
Cell558,Group3,Batch1
Cell559,Group8,Batch1
Cell560,Group5,Batch1
Cell561,Group1,Batch1
Cell562,Group5,Batch1
Cell563,Group7,Batch1
Cell564,Group8,Batch1
Cell565,Group8,Batch1
Cell566,Group9,Batch1
Cell567,Group5,Batch1
Cell568,Group1,Batch1
Cell569,Group2,Batch1
Cell570,Group7,Batch1
Cell571,Group2,Batch1
Cell572,Group8,Batch1
Cell573,Group2,Batch1
Cell574,Group10,Batch1
Cell575,Group10,Batch1
Cell576,Group6,Batch1
Cell577,Group6,Batch1
Cell578,Group7,Batch1
Cell579,Group1,Batch1
Cell580,Group7,Batch1
Cell581,Group7,Batch1
Cell582,Group9,Batch1
Cell583,Group7,Batch1
Cell584,Group5,Batch1
Cell585,Group9,Batch1
Cell586,Group10,Batch1
Cell587,Group7,Batch1
Cell588,Group5,Batch1
Cell589,Group9,Batch1
Cell590,Group1,Batch1
Cell591,Group6,Batch1
Cell592,Group8,Batch1
Cell593,Group1,Batch1
Cell594,Group2,Batch1
Cell595,Group6,Batch1
Cell596,Group6,Batch1
Cell597,Group10,Batch1
Cell598,Group3,Batch1
Cell599,Group1,Batch1
Cell600,Group7,Batch1
Cell601,Group3,Batch1
Cell602,Group6,Batch1
Cell603,Group7,Batch1
Cell604,Group4,Batch1
Cell605,Group8,Batch1
Cell606,Group7,Batch1
Cell607,Group6,Batch1
Cell608,Group7,Batch1
Cell609,Group8,Batch1
Cell610,Group9,Batch1
Cell611,Group8,Batch1
Cell612,Group5,Batch1
Cell613,Group1,Batch1
Cell614,Group3,Batch1
Cell615,Group7,Batch1
Cell616,Group9,Batch1
Cell617,Group1,Batch1
Cell618,Group7,Batch1
Cell619,Group7,Batch1
Cell620,Group8,Batch1
Cell621,Group5,Batch1
Cell622,Group10,Batch1
Cell623,Group5,Batch1
Cell624,Group10,Batch1
Cell625,Group2,Batch1
Cell626,Group9,Batch1
Cell627,Group5,Batch1
Cell628,Group1,Batch1
Cell629,Group3,Batch1
Cell630,Group10,Batch1
Cell631,Group6,Batch1
Cell632,Group7,Batch1
Cell633,Group7,Batch1
Cell634,Group5,Batch1
Cell635,Group1,Batch1
Cell636,Group3,Batch1
Cell637,Group2,Batch1
Cell638,Group2,Batch1
Cell639,Group6,Batch1
Cell640,Group2,Batch1
Cell641,Group5,Batch1
Cell642,Group8,Batch1
Cell643,Group4,Batch1
Cell644,Group6,Batch1
Cell645,Group5,Batch1
Cell646,Group5,Batch1
Cell647,Group1,Batch1
Cell648,Group7,Batch1
Cell649,Group1,Batch1
Cell650,Group5,Batch1
Cell651,Group10,Batch1
Cell652,Group5,Batch1
Cell653,Group7,Batch1
Cell654,Group5,Batch1
Cell655,Group3,Batch1
Cell656,Group2,Batch1
Cell657,Group4,Batch1
Cell658,Group8,Batch1
Cell659,Group5,Batch1
Cell660,Group10,Batch1
Cell661,Group5,Batch1
Cell662,Group10,Batch1
Cell663,Group8,Batch1
Cell664,Group9,Batch1
Cell665,Group10,Batch1
Cell666,Group4,Batch1
Cell667,Group3,Batch1
Cell668,Group3,Batch1
Cell669,Group7,Batch1
Cell670,Group8,Batch1
Cell671,Group2,Batch1
Cell672,Group2,Batch1
Cell673,Group8,Batch1
Cell674,Group1,Batch1
Cell675,Group1,Batch1
Cell676,Group2,Batch1
Cell677,Group8,Batch1
Cell678,Group8,Batch1
Cell679,Group7,Batch1
Cell680,Group10,Batch1
Cell681,Group8,Batch1
Cell682,Group7,Batch1
Cell683,Group7,Batch1
Cell684,Group8,Batch1
Cell685,Group1,Batch1
Cell686,Group6,Batch1
Cell687,Group3,Batch1
Cell688,Group1,Batch1
Cell689,Group7,Batch1
Cell690,Group3,Batch1
Cell691,Group7,Batch1
Cell692,Group5,Batch1
Cell693,Group3,Batch1
Cell694,Group6,Batch1
Cell695,Group8,Batch1
Cell696,Group2,Batch1
Cell697,Group7,Batch1
Cell698,Group6,Batch1
Cell699,Group2,Batch1
Cell700,Group9,Batch1
Cell701,Group10,Batch1
Cell702,Group8,Batch1
Cell703,Group3,Batch1
Cell704,Group7,Batch1
Cell705,Group8,Batch1
Cell706,Group8,Batch1
Cell707,Group7,Batch1
Cell708,Group1,Batch1
Cell709,Group3,Batch1
Cell710,Group7,Batch1
Cell711,Group5,Batch1
Cell712,Group1,Batch1
Cell713,Group9,Batch1
Cell714,Group6,Batch1
Cell715,Group1,Batch1
Cell716,Group1,Batch1
Cell717,Group10,Batch1
Cell718,Group1,Batch1
Cell719,Group7,Batch1
Cell720,Group1,Batch1
Cell721,Group3,Batch1
Cell722,Group6,Batch1
Cell723,Group8,Batch1
Cell724,Group7,Batch1
Cell725,Group2,Batch1
Cell726,Group9,Batch1
Cell727,Group7,Batch1
Cell728,Group5,Batch1
Cell729,Group10,Batch1
Cell730,Group3,Batch1
Cell731,Group7,Batch1
Cell732,Group7,Batch1
Cell733,Group6,Batch1
Cell734,Group1,Batch1
Cell735,Group3,Batch1
Cell736,Group5,Batch1
Cell737,Group3,Batch1
Cell738,Group8,Batch1
Cell739,Group7,Batch1
Cell740,Group5,Batch1
Cell741,Group10,Batch1
Cell742,Group8,Batch1
Cell743,Group9,Batch1
Cell744,Group8,Batch1
Cell745,Group8,Batch1
Cell746,Group2,Batch1
Cell747,Group3,Batch1
Cell748,Group1,Batch1
Cell749,Group4,Batch1
Cell750,Group6,Batch1
Cell751,Group10,Batch1
Cell752,Group1,Batch1
Cell753,Group8,Batch1
Cell754,Group5,Batch1
Cell755,Group1,Batch1
Cell756,Group10,Batch1
Cell757,Group6,Batch1
Cell758,Group7,Batch1
Cell759,Group9,Batch1
Cell760,Group6,Batch1
Cell761,Group10,Batch1
Cell762,Group3,Batch1
Cell763,Group5,Batch1
Cell764,Group8,Batch1
Cell765,Group2,Batch1
Cell766,Group3,Batch1
Cell767,Group9,Batch1
Cell768,Group5,Batch1
Cell769,Group6,Batch1
Cell770,Group5,Batch1
Cell771,Group1,Batch1
Cell772,Group1,Batch1
Cell773,Group4,Batch1
Cell774,Group9,Batch1
Cell775,Group3,Batch1
Cell776,Group3,Batch1
Cell777,Group2,Batch1
Cell778,Group6,Batch1
Cell779,Group2,Batch1
Cell780,Group9,Batch1
Cell781,Group10,Batch1
Cell782,Group8,Batch1
Cell783,Group3,Batch1
Cell784,Group5,Batch1
Cell785,Group3,Batch1
Cell786,Group7,Batch1
Cell787,Group1,Batch1
Cell788,Group1,Batch1
Cell789,Group1,Batch1
Cell790,Group5,Batch1
Cell791,Group7,Batch1
Cell792,Group5,Batch1
Cell793,Group3,Batch1
Cell794,Group8,Batch1
Cell795,Group7,Batch1
Cell796,Group1,Batch1
Cell797,Group9,Batch1
Cell798,Group10,Batch1
Cell799,Group1,Batch1
Cell800,Group10,Batch1
Cell801,Group7,Batch1
Cell802,Group2,Batch1
Cell803,Group6,Batch1
Cell804,Group7,Batch1
Cell805,Group1,Batch1
Cell806,Group1,Batch1
Cell807,Group7,Batch1
Cell808,Group7,Batch1
Cell809,Group6,Batch1
Cell810,Group1,Batch1
Cell811,Group6,Batch1
Cell812,Group10,Batch1
Cell813,Group3,Batch1
Cell814,Group7,Batch1
Cell815,Group4,Batch1
Cell816,Group6,Batch1
Cell817,Group10,Batch1
Cell818,Group7,Batch1
Cell819,Group9,Batch1
Cell820,Group1,Batch1
Cell821,Group3,Batch1
Cell822,Group10,Batch1
Cell823,Group1,Batch1
Cell824,Group8,Batch1
Cell825,Group7,Batch1
Cell826,Group1,Batch1
Cell827,Group9,Batch1
Cell828,Group6,Batch1
Cell829,Group1,Batch1
Cell830,Group9,Batch1
Cell831,Group7,Batch1
Cell832,Group2,Batch1
Cell833,Group1,Batch1
Cell834,Group5,Batch1
Cell835,Group1,Batch1
Cell836,Group8,Batch1
Cell837,Group10,Batch1
Cell838,Group8,Batch1
Cell839,Group2,Batch1
Cell840,Group3,Batch1
Cell841,Group4,Batch1
Cell842,Group1,Batch1
Cell843,Group3,Batch1
Cell844,Group9,Batch1
Cell845,Group7,Batch1
Cell846,Group7,Batch1
Cell847,Group4,Batch1
Cell848,Group8,Batch1
Cell849,Group2,Batch1
Cell850,Group1,Batch1
Cell851,Group7,Batch1
Cell852,Group6,Batch1
Cell853,Group5,Batch1
Cell854,Group7,Batch1
Cell855,Group5,Batch1
Cell856,Group7,Batch1
Cell857,Group6,Batch1
Cell858,Group3,Batch1
Cell859,Group2,Batch1
Cell860,Group3,Batch1
Cell861,Group5,Batch1
Cell862,Group5,Batch1
Cell863,Group9,Batch1
Cell864,Group1,Batch1
Cell865,Group3,Batch1
Cell866,Group10,Batch1
Cell867,Group10,Batch1
Cell868,Group5,Batch1
Cell869,Group1,Batch1
Cell870,Group4,Batch1
Cell871,Group8,Batch1
Cell872,Group1,Batch1
Cell873,Group7,Batch1
Cell874,Group5,Batch1
Cell875,Group1,Batch1
Cell876,Group1,Batch1
Cell877,Group6,Batch1
Cell878,Group9,Batch1
Cell879,Group5,Batch1
Cell880,Group9,Batch1
Cell881,Group1,Batch1
Cell882,Group1,Batch1
Cell883,Group9,Batch1
Cell884,Group1,Batch1
Cell885,Group1,Batch1
Cell886,Group1,Batch1
Cell887,Group7,Batch1
Cell888,Group7,Batch1
Cell889,Group10,Batch1
Cell890,Group8,Batch1
Cell891,Group1,Batch1
Cell892,Group10,Batch1
Cell893,Group7,Batch1
Cell894,Group5,Batch1
Cell895,Group1,Batch1
Cell896,Group9,Batch1
Cell897,Group1,Batch1
Cell898,Group8,Batch1
Cell899,Group7,Batch1
Cell900,Group1,Batch1
Cell901,Group9,Batch1
Cell902,Group1,Batch1
Cell903,Group5,Batch1
Cell904,Group2,Batch1
Cell905,Group7,Batch1
Cell906,Group1,Batch1
Cell907,Group10,Batch1
Cell908,Group5,Batch1
Cell909,Group9,Batch1
Cell910,Group10,Batch1
Cell911,Group1,Batch1
Cell912,Group6,Batch1
Cell913,Group5,Batch1
Cell914,Group10,Batch1
Cell915,Group1,Batch1
Cell916,Group3,Batch1
Cell917,Group2,Batch1
Cell918,Group10,Batch1
Cell919,Group3,Batch1
Cell920,Group7,Batch1
Cell921,Group7,Batch1
Cell922,Group7,Batch1
Cell923,Group3,Batch1
Cell924,Group5,Batch1
Cell925,Group3,Batch1
Cell926,Group9,Batch1
Cell927,Group7,Batch1
Cell928,Group8,Batch1
Cell929,Group9,Batch1
Cell930,Group1,Batch1
Cell931,Group7,Batch1
Cell932,Group7,Batch1
Cell933,Group1,Batch1
Cell934,Group1,Batch1
Cell935,Group7,Batch1
Cell936,Group7,Batch1
Cell937,Group5,Batch1
Cell938,Group10,Batch1
Cell939,Group2,Batch1
Cell940,Group8,Batch1
Cell941,Group1,Batch1
Cell942,Group4,Batch1
Cell943,Group4,Batch1
Cell944,Group7,Batch1
Cell945,Group1,Batch1
Cell946,Group8,Batch1
Cell947,Group10,Batch1
Cell948,Group9,Batch1
Cell949,Group1,Batch1
Cell950,Group2,Batch1
Cell951,Group1,Batch1
Cell952,Group4,Batch1
Cell953,Group1,Batch1
Cell954,Group3,Batch1
Cell955,Group7,Batch1
Cell956,Group8,Batch1
Cell957,Group2,Batch1
Cell958,Group4,Batch1
Cell959,Group7,Batch1
Cell960,Group8,Batch1
Cell961,Group9,Batch1
Cell962,Group7,Batch1
Cell963,Group1,Batch1
Cell964,Group1,Batch1
Cell965,Group7,Batch1
Cell966,Group1,Batch1
Cell967,Group1,Batch1
Cell968,Group8,Batch1
Cell969,Group10,Batch1
Cell970,Group1,Batch1
Cell971,Group1,Batch1
Cell972,Group3,Batch1
Cell973,Group8,Batch1
Cell974,Group5,Batch1
Cell975,Group8,Batch1
Cell976,Group1,Batch1
Cell977,Group5,Batch1
Cell978,Group7,Batch1
Cell979,Group4,Batch1
Cell980,Group7,Batch1
Cell981,Group4,Batch1
Cell982,Group5,Batch1
Cell983,Group8,Batch1
Cell984,Group9,Batch1
Cell985,Group7,Batch1
Cell986,Group6,Batch1
Cell987,Group9,Batch1
Cell988,Group3,Batch1
Cell989,Group10,Batch1
Cell990,Group10,Batch1
Cell991,Group4,Batch1
Cell992,Group2,Batch1
Cell993,Group6,Batch1
Cell994,Group10,Batch1
Cell995,Group1,Batch1
Cell996,Group6,Batch1
Cell997,Group1,Batch1
Cell998,Group1,Batch1
Cell999,Group2,Batch1
Cell1000,Group6,Batch1
Cell1001,Group9,Batch1
Cell1002,Group5,Batch1
Cell1003,Group5,Batch1
Cell1004,Group2,Batch1
Cell1005,Group9,Batch1
Cell1006,Group2,Batch1
Cell1007,Group4,Batch1
Cell1008,Group1,Batch1
Cell1009,Group8,Batch1
Cell1010,Group1,Batch1
Cell1011,Group8,Batch1
Cell1012,Group8,Batch1
Cell1013,Group10,Batch1
Cell1014,Group6,Batch1
Cell1015,Group1,Batch1
Cell1016,Group7,Batch1
Cell1017,Group8,Batch1
Cell1018,Group2,Batch1
Cell1019,Group8,Batch1
Cell1020,Group3,Batch1
Cell1021,Group9,Batch1
Cell1022,Group3,Batch1
Cell1023,Group1,Batch1
Cell1024,Group7,Batch1
Cell1025,Group7,Batch1
Cell1026,Group7,Batch1
Cell1027,Group10,Batch1
Cell1028,Group8,Batch1
Cell1029,Group1,Batch1
Cell1030,Group5,Batch1
Cell1031,Group8,Batch1
Cell1032,Group3,Batch1
Cell1033,Group2,Batch1
Cell1034,Group1,Batch1
Cell1035,Group9,Batch1
Cell1036,Group9,Batch1
Cell1037,Group6,Batch1
Cell1038,Group7,Batch1
Cell1039,Group4,Batch1
Cell1040,Group7,Batch1
Cell1041,Group6,Batch1
Cell1042,Group8,Batch1
Cell1043,Group10,Batch1
Cell1044,Group7,Batch1
Cell1045,Group5,Batch1
Cell1046,Group1,Batch1
Cell1047,Group1,Batch1
Cell1048,Group2,Batch1
Cell1049,Group7,Batch1
Cell1050,Group7,Batch1
Cell1051,Group2,Batch1
Cell1052,Group1,Batch1
Cell1053,Group3,Batch1
Cell1054,Group3,Batch1
Cell1055,Group2,Batch1
Cell1056,Group10,Batch1
Cell1057,Group7,Batch1
Cell1058,Group7,Batch1
Cell1059,Group9,Batch1
Cell1060,Group5,Batch1
Cell1061,Group10,Batch1
Cell1062,Group10,Batch1
Cell1063,Group7,Batch1
Cell1064,Group10,Batch1
Cell1065,Group8,Batch1
Cell1066,Group4,Batch1
Cell1067,Group6,Batch1
Cell1068,Group2,Batch1
Cell1069,Group5,Batch1
Cell1070,Group3,Batch1
Cell1071,Group7,Batch1
Cell1072,Group2,Batch1
Cell1073,Group3,Batch1
Cell1074,Group2,Batch1
Cell1075,Group4,Batch1
Cell1076,Group4,Batch1
Cell1077,Group2,Batch1
Cell1078,Group8,Batch1
Cell1079,Group2,Batch1
Cell1080,Group10,Batch1
Cell1081,Group7,Batch1
Cell1082,Group2,Batch1
Cell1083,Group5,Batch1
Cell1084,Group1,Batch1
Cell1085,Group3,Batch1
Cell1086,Group6,Batch1
Cell1087,Group3,Batch1
Cell1088,Group1,Batch1
Cell1089,Group9,Batch1
Cell1090,Group2,Batch1
Cell1091,Group10,Batch1
Cell1092,Group8,Batch1
Cell1093,Group7,Batch1
Cell1094,Group6,Batch1
Cell1095,Group8,Batch1
Cell1096,Group10,Batch1
Cell1097,Group7,Batch1
Cell1098,Group4,Batch1
Cell1099,Group4,Batch1
Cell1100,Group8,Batch1
Cell1101,Group3,Batch1
Cell1102,Group6,Batch1
Cell1103,Group9,Batch1
Cell1104,Group8,Batch1
Cell1105,Group7,Batch1
Cell1106,Group1,Batch1
Cell1107,Group6,Batch1
Cell1108,Group2,Batch1
Cell1109,Group2,Batch1
Cell1110,Group5,Batch1
Cell1111,Group5,Batch1
Cell1112,Group6,Batch1
Cell1113,Group6,Batch1
Cell1114,Group1,Batch1
Cell1115,Group9,Batch1
Cell1116,Group4,Batch1
Cell1117,Group4,Batch1
Cell1118,Group2,Batch1
Cell1119,Group6,Batch1
Cell1120,Group10,Batch1
Cell1121,Group3,Batch1
Cell1122,Group7,Batch1
Cell1123,Group10,Batch1
Cell1124,Group7,Batch1
Cell1125,Group8,Batch1
Cell1126,Group7,Batch1
Cell1127,Group6,Batch1
Cell1128,Group8,Batch1
Cell1129,Group5,Batch1
Cell1130,Group10,Batch1
Cell1131,Group10,Batch1
Cell1132,Group1,Batch1
Cell1133,Group7,Batch1
Cell1134,Group2,Batch1
Cell1135,Group4,Batch1
Cell1136,Group1,Batch1
Cell1137,Group1,Batch1
Cell1138,Group4,Batch1
Cell1139,Group10,Batch1
Cell1140,Group6,Batch1
Cell1141,Group3,Batch1
Cell1142,Group6,Batch1
Cell1143,Group5,Batch1
Cell1144,Group10,Batch1
Cell1145,Group7,Batch1
Cell1146,Group2,Batch1
Cell1147,Group8,Batch1
Cell1148,Group5,Batch1
Cell1149,Group2,Batch1
Cell1150,Group9,Batch1
Cell1151,Group3,Batch1
Cell1152,Group1,Batch1
Cell1153,Group10,Batch1
Cell1154,Group5,Batch1
Cell1155,Group1,Batch1
Cell1156,Group4,Batch1
Cell1157,Group9,Batch1
Cell1158,Group6,Batch1
Cell1159,Group1,Batch1
Cell1160,Group3,Batch1
Cell1161,Group1,Batch1
Cell1162,Group2,Batch1
Cell1163,Group6,Batch1
Cell1164,Group10,Batch1
Cell1165,Group1,Batch1
Cell1166,Group5,Batch1
Cell1167,Group10,Batch1
Cell1168,Group1,Batch1
Cell1169,Group6,Batch1
Cell1170,Group7,Batch1
Cell1171,Group8,Batch1
Cell1172,Group1,Batch1
Cell1173,Group6,Batch1
Cell1174,Group5,Batch1
Cell1175,Group1,Batch1
Cell1176,Group7,Batch1
Cell1177,Group8,Batch1
Cell1178,Group9,Batch1
Cell1179,Group7,Batch1
Cell1180,Group5,Batch1
Cell1181,Group6,Batch1
Cell1182,Group3,Batch1
Cell1183,Group9,Batch1
Cell1184,Group1,Batch1
Cell1185,Group7,Batch1
Cell1186,Group6,Batch1
Cell1187,Group7,Batch1
Cell1188,Group9,Batch1
Cell1189,Group7,Batch1
Cell1190,Group5,Batch1
Cell1191,Group3,Batch1
Cell1192,Group2,Batch1
Cell1193,Group4,Batch1
Cell1194,Group2,Batch1
Cell1195,Group7,Batch1
Cell1196,Group9,Batch1
Cell1197,Group10,Batch1
Cell1198,Group1,Batch1
Cell1199,Group4,Batch1
Cell1200,Group4,Batch1
Cell1201,Group2,Batch1
Cell1202,Group8,Batch1
Cell1203,Group3,Batch1
Cell1204,Group2,Batch1
Cell1205,Group10,Batch1
Cell1206,Group4,Batch1
Cell1207,Group5,Batch1
Cell1208,Group7,Batch1
Cell1209,Group1,Batch1
Cell1210,Group7,Batch1
Cell1211,Group4,Batch1
Cell1212,Group1,Batch1
Cell1213,Group6,Batch1
Cell1214,Group5,Batch1
Cell1215,Group5,Batch1
Cell1216,Group2,Batch1
Cell1217,Group6,Batch1
Cell1218,Group2,Batch1
Cell1219,Group3,Batch1
Cell1220,Group3,Batch1
Cell1221,Group7,Batch1
Cell1222,Group8,Batch1
Cell1223,Group7,Batch1
Cell1224,Group3,Batch1
Cell1225,Group1,Batch1
Cell1226,Group3,Batch1
Cell1227,Group6,Batch1
Cell1228,Group10,Batch1
Cell1229,Group8,Batch1
Cell1230,Group5,Batch1
Cell1231,Group8,Batch1
Cell1232,Group7,Batch1
Cell1233,Group7,Batch1
Cell1234,Group4,Batch1
Cell1235,Group7,Batch1
Cell1236,Group1,Batch1
Cell1237,Group9,Batch1
Cell1238,Group3,Batch1
Cell1239,Group2,Batch1
Cell1240,Group4,Batch1
Cell1241,Group10,Batch1
Cell1242,Group4,Batch1
Cell1243,Group8,Batch1
Cell1244,Group8,Batch1
Cell1245,Group6,Batch1
Cell1246,Group5,Batch1
Cell1247,Group2,Batch1
Cell1248,Group1,Batch1
Cell1249,Group7,Batch1
Cell1250,Group4,Batch1
Cell1251,Group2,Batch1
Cell1252,Group6,Batch1
Cell1253,Group5,Batch1
Cell1254,Group3,Batch1
Cell1255,Group1,Batch1
Cell1256,Group2,Batch1
Cell1257,Group3,Batch1
Cell1258,Group2,Batch1
Cell1259,Group1,Batch1
Cell1260,Group1,Batch1
Cell1261,Group3,Batch1
Cell1262,Group7,Batch1
Cell1263,Group8,Batch1
Cell1264,Group2,Batch1
Cell1265,Group1,Batch1
Cell1266,Group7,Batch1
Cell1267,Group7,Batch1
Cell1268,Group5,Batch1
Cell1269,Group7,Batch1
Cell1270,Group7,Batch1
Cell1271,Group7,Batch1
Cell1272,Group9,Batch1
Cell1273,Group7,Batch1
Cell1274,Group1,Batch1
Cell1275,Group2,Batch1
Cell1276,Group8,Batch1
Cell1277,Group1,Batch1
Cell1278,Group7,Batch1
Cell1279,Group5,Batch1
Cell1280,Group4,Batch1
Cell1281,Group2,Batch1
Cell1282,Group7,Batch1
Cell1283,Group7,Batch1
Cell1284,Group6,Batch1
Cell1285,Group5,Batch1
Cell1286,Group8,Batch1
Cell1287,Group8,Batch1
Cell1288,Group7,Batch1
Cell1289,Group6,Batch1
Cell1290,Group3,Batch1
Cell1291,Group7,Batch1
Cell1292,Group7,Batch1
Cell1293,Group1,Batch1
Cell1294,Group8,Batch1
Cell1295,Group3,Batch1
Cell1296,Group10,Batch1
Cell1297,Group7,Batch1
Cell1298,Group7,Batch1
Cell1299,Group3,Batch1
Cell1300,Group9,Batch1
Cell1301,Group10,Batch1
Cell1302,Group4,Batch1
Cell1303,Group10,Batch1
Cell1304,Group10,Batch1
Cell1305,Group2,Batch1
Cell1306,Group1,Batch1
Cell1307,Group8,Batch1
Cell1308,Group7,Batch1
Cell1309,Group1,Batch1
Cell1310,Group6,Batch1
Cell1311,Group9,Batch1
Cell1312,Group8,Batch1
Cell1313,Group6,Batch1
Cell1314,Group6,Batch1
Cell1315,Group10,Batch1
Cell1316,Group6,Batch1
Cell1317,Group4,Batch1
Cell1318,Group7,Batch1
Cell1319,Group2,Batch1
Cell1320,Group9,Batch1
Cell1321,Group6,Batch1
Cell1322,Group2,Batch1
Cell1323,Group7,Batch1
Cell1324,Group9,Batch1
Cell1325,Group2,Batch1
Cell1326,Group2,Batch1
Cell1327,Group5,Batch1
Cell1328,Group4,Batch1
Cell1329,Group9,Batch1
Cell1330,Group5,Batch1
Cell1331,Group3,Batch1
Cell1332,Group7,Batch1
Cell1333,Group6,Batch1
Cell1334,Group1,Batch1
Cell1335,Group7,Batch1
Cell1336,Group5,Batch1
Cell1337,Group2,Batch1
Cell1338,Group5,Batch1
Cell1339,Group9,Batch1
Cell1340,Group10,Batch1
Cell1341,Group5,Batch1
Cell1342,Group2,Batch1
Cell1343,Group7,Batch1
Cell1344,Group10,Batch1
Cell1345,Group2,Batch1
Cell1346,Group1,Batch1
Cell1347,Group1,Batch1
Cell1348,Group6,Batch1
Cell1349,Group10,Batch1
Cell1350,Group7,Batch1
Cell1351,Group3,Batch1
Cell1352,Group8,Batch1
Cell1353,Group10,Batch1
Cell1354,Group1,Batch1
Cell1355,Group6,Batch1
Cell1356,Group7,Batch1
Cell1357,Group2,Batch1
Cell1358,Group6,Batch1
Cell1359,Group9,Batch1
Cell1360,Group7,Batch1
Cell1361,Group5,Batch1
Cell1362,Group7,Batch1
Cell1363,Group7,Batch1
Cell1364,Group3,Batch1
Cell1365,Group3,Batch1
Cell1366,Group3,Batch1
Cell1367,Group3,Batch1
Cell1368,Group5,Batch1
Cell1369,Group8,Batch1
Cell1370,Group2,Batch1
Cell1371,Group5,Batch1
Cell1372,Group7,Batch1
Cell1373,Group2,Batch1
Cell1374,Group8,Batch1
Cell1375,Group6,Batch1
Cell1376,Group1,Batch1
Cell1377,Group2,Batch1
Cell1378,Group4,Batch1
Cell1379,Group3,Batch1
Cell1380,Group1,Batch1
Cell1381,Group5,Batch1
Cell1382,Group3,Batch1
Cell1383,Group2,Batch1
Cell1384,Group8,Batch1
Cell1385,Group4,Batch1
Cell1386,Group3,Batch1
Cell1387,Group5,Batch1
Cell1388,Group2,Batch1
Cell1389,Group2,Batch1
Cell1390,Group8,Batch1
Cell1391,Group5,Batch1
Cell1392,Group1,Batch1
Cell1393,Group2,Batch1
Cell1394,Group1,Batch1
Cell1395,Group10,Batch1
Cell1396,Group10,Batch1
Cell1397,Group7,Batch1
Cell1398,Group5,Batch1
Cell1399,Group6,Batch1
Cell1400,Group2,Batch1
Cell1401,Group2,Batch1
Cell1402,Group10,Batch1
Cell1403,Group1,Batch1
Cell1404,Group2,Batch1
Cell1405,Group10,Batch1
Cell1406,Group3,Batch1
Cell1407,Group10,Batch1
Cell1408,Group5,Batch1
Cell1409,Group4,Batch1
Cell1410,Group2,Batch1
Cell1411,Group7,Batch1
Cell1412,Group3,Batch1
Cell1413,Group10,Batch1
Cell1414,Group7,Batch1
Cell1415,Group3,Batch1
Cell1416,Group2,Batch1
Cell1417,Group5,Batch1
Cell1418,Group9,Batch1
Cell1419,Group4,Batch1
Cell1420,Group10,Batch1
Cell1421,Group10,Batch1
Cell1422,Group10,Batch1
Cell1423,Group1,Batch1
Cell1424,Group2,Batch1
Cell1425,Group1,Batch1
Cell1426,Group2,Batch1
Cell1427,Group7,Batch1
Cell1428,Group6,Batch1
Cell1429,Group2,Batch1
Cell1430,Group3,Batch1
Cell1431,Group2,Batch1
Cell1432,Group7,Batch1
Cell1433,Group1,Batch1
Cell1434,Group2,Batch1
Cell1435,Group6,Batch1
Cell1436,Group8,Batch1
Cell1437,Group6,Batch1
Cell1438,Group1,Batch1
Cell1439,Group2,Batch1
Cell1440,Group9,Batch1
Cell1441,Group4,Batch1
Cell1442,Group3,Batch1
Cell1443,Group7,Batch1
Cell1444,Group4,Batch1
Cell1445,Group6,Batch1
Cell1446,Group3,Batch1
Cell1447,Group8,Batch1
Cell1448,Group3,Batch1
Cell1449,Group7,Batch1
Cell1450,Group1,Batch1
Cell1451,Group2,Batch1
Cell1452,Group10,Batch1
Cell1453,Group4,Batch1
Cell1454,Group1,Batch1
Cell1455,Group4,Batch1
Cell1456,Group1,Batch1
Cell1457,Group3,Batch1
Cell1458,Group3,Batch1
Cell1459,Group10,Batch1
Cell1460,Group10,Batch1
Cell1461,Group9,Batch1
Cell1462,Group1,Batch1
Cell1463,Group7,Batch1
Cell1464,Group3,Batch1
Cell1465,Group4,Batch1
Cell1466,Group5,Batch1
Cell1467,Group1,Batch1
Cell1468,Group1,Batch1
Cell1469,Group6,Batch1
Cell1470,Group7,Batch1
Cell1471,Group8,Batch1
Cell1472,Group8,Batch1
Cell1473,Group2,Batch1
Cell1474,Group1,Batch1
Cell1475,Group4,Batch1
Cell1476,Group1,Batch1
Cell1477,Group3,Batch1
Cell1478,Group5,Batch1
Cell1479,Group5,Batch1
Cell1480,Group3,Batch1
Cell1481,Group10,Batch1
Cell1482,Group10,Batch1
Cell1483,Group7,Batch1
Cell1484,Group4,Batch1
Cell1485,Group1,Batch1
Cell1486,Group1,Batch1
Cell1487,Group10,Batch1
Cell1488,Group7,Batch1
Cell1489,Group5,Batch1
Cell1490,Group5,Batch1
Cell1491,Group8,Batch1
Cell1492,Group7,Batch1
Cell1493,Group3,Batch1
Cell1494,Group6,Batch1
Cell1495,Group1,Batch1
Cell1496,Group4,Batch1
Cell1497,Group10,Batch1
Cell1498,Group4,Batch1
Cell1499,Group2,Batch1
Cell1500,Group1,Batch1
Cell1501,Group5,Batch1
Cell1502,Group1,Batch1
Cell1503,Group2,Batch1
Cell1504,Group9,Batch1
Cell1505,Group5,Batch1
Cell1506,Group3,Batch1
Cell1507,Group2,Batch1
Cell1508,Group8,Batch1
Cell1509,Group9,Batch1
Cell1510,Group1,Batch1
Cell1511,Group8,Batch1
Cell1512,Group8,Batch1
Cell1513,Group9,Batch1
Cell1514,Group7,Batch1
Cell1515,Group8,Batch1
Cell1516,Group10,Batch1
Cell1517,Group5,Batch1
Cell1518,Group4,Batch1
Cell1519,Group8,Batch1
Cell1520,Group1,Batch1
Cell1521,Group7,Batch1
Cell1522,Group8,Batch1
Cell1523,Group8,Batch1
Cell1524,Group5,Batch1
Cell1525,Group8,Batch1
Cell1526,Group5,Batch1
Cell1527,Group5,Batch1
Cell1528,Group7,Batch1
Cell1529,Group10,Batch1
Cell1530,Group10,Batch1
Cell1531,Group3,Batch1
Cell1532,Group7,Batch1
Cell1533,Group9,Batch1
Cell1534,Group7,Batch1
Cell1535,Group2,Batch1
Cell1536,Group4,Batch1
Cell1537,Group8,Batch1
Cell1538,Group10,Batch1
Cell1539,Group10,Batch1
Cell1540,Group9,Batch1
Cell1541,Group6,Batch1
Cell1542,Group8,Batch1
Cell1543,Group8,Batch1
Cell1544,Group4,Batch1
Cell1545,Group7,Batch1
Cell1546,Group1,Batch1
Cell1547,Group3,Batch1
Cell1548,Group8,Batch1
Cell1549,Group6,Batch1
Cell1550,Group7,Batch1
Cell1551,Group2,Batch1
Cell1552,Group9,Batch1
Cell1553,Group8,Batch1
Cell1554,Group5,Batch1
Cell1555,Group8,Batch1
Cell1556,Group7,Batch1
Cell1557,Group1,Batch1
Cell1558,Group4,Batch1
Cell1559,Group2,Batch1
Cell1560,Group7,Batch1
Cell1561,Group8,Batch1
Cell1562,Group8,Batch1
Cell1563,Group8,Batch1
Cell1564,Group10,Batch1
Cell1565,Group4,Batch1
Cell1566,Group5,Batch1
Cell1567,Group7,Batch1
Cell1568,Group4,Batch1
Cell1569,Group3,Batch1
Cell1570,Group6,Batch1
Cell1571,Group2,Batch1
Cell1572,Group5,Batch1
Cell1573,Group10,Batch1
Cell1574,Group5,Batch1
Cell1575,Group2,Batch1
Cell1576,Group5,Batch1
Cell1577,Group10,Batch1
Cell1578,Group1,Batch1
Cell1579,Group7,Batch1
Cell1580,Group7,Batch1
Cell1581,Group7,Batch1
Cell1582,Group2,Batch1
Cell1583,Group3,Batch1
Cell1584,Group7,Batch1
Cell1585,Group8,Batch1
Cell1586,Group4,Batch1
Cell1587,Group9,Batch1
Cell1588,Group3,Batch1
Cell1589,Group2,Batch1
Cell1590,Group8,Batch1
Cell1591,Group4,Batch1
Cell1592,Group9,Batch1
Cell1593,Group1,Batch1
Cell1594,Group9,Batch1
Cell1595,Group9,Batch1
Cell1596,Group3,Batch1
Cell1597,Group3,Batch1
Cell1598,Group7,Batch1
Cell1599,Group3,Batch1
Cell1600,Group7,Batch1
Cell1601,Group9,Batch1
Cell1602,Group7,Batch1
Cell1603,Group8,Batch1
Cell1604,Group4,Batch1
Cell1605,Group8,Batch1
Cell1606,Group5,Batch1
Cell1607,Group6,Batch1
Cell1608,Group10,Batch1
Cell1609,Group5,Batch1
Cell1610,Group7,Batch1
Cell1611,Group3,Batch1
Cell1612,Group6,Batch1
Cell1613,Group4,Batch1
Cell1614,Group3,Batch1
Cell1615,Group1,Batch1
Cell1616,Group8,Batch1
Cell1617,Group8,Batch1
Cell1618,Group10,Batch1
Cell1619,Group3,Batch1
Cell1620,Group9,Batch1
Cell1621,Group9,Batch1
Cell1622,Group10,Batch1
Cell1623,Group5,Batch1
Cell1624,Group9,Batch1
Cell1625,Group5,Batch1
Cell1626,Group1,Batch1
Cell1627,Group3,Batch1
Cell1628,Group10,Batch1
Cell1629,Group8,Batch1
Cell1630,Group1,Batch1
Cell1631,Group1,Batch1
Cell1632,Group2,Batch1
Cell1633,Group6,Batch1
Cell1634,Group7,Batch1
Cell1635,Group7,Batch1
Cell1636,Group4,Batch1
Cell1637,Group9,Batch1
Cell1638,Group4,Batch1
Cell1639,Group8,Batch1
Cell1640,Group2,Batch1
Cell1641,Group4,Batch1
Cell1642,Group7,Batch1
Cell1643,Group8,Batch1
Cell1644,Group7,Batch1
Cell1645,Group7,Batch1
Cell1646,Group1,Batch1
Cell1647,Group5,Batch1
Cell1648,Group7,Batch1
Cell1649,Group8,Batch1
Cell1650,Group10,Batch1
Cell1651,Group7,Batch1
Cell1652,Group2,Batch1
Cell1653,Group1,Batch1
Cell1654,Group6,Batch1
Cell1655,Group1,Batch1
Cell1656,Group6,Batch1
Cell1657,Group8,Batch1
Cell1658,Group10,Batch1
Cell1659,Group3,Batch1
Cell1660,Group10,Batch1
Cell1661,Group5,Batch1
Cell1662,Group1,Batch1
Cell1663,Group5,Batch1
Cell1664,Group7,Batch1
Cell1665,Group3,Batch1
Cell1666,Group10,Batch1
Cell1667,Group8,Batch1
Cell1668,Group6,Batch1
Cell1669,Group10,Batch1
Cell1670,Group5,Batch1
Cell1671,Group6,Batch1
Cell1672,Group10,Batch1
Cell1673,Group1,Batch1
Cell1674,Group6,Batch1
Cell1675,Group9,Batch1
Cell1676,Group2,Batch1
Cell1677,Group1,Batch1
Cell1678,Group6,Batch1
Cell1679,Group7,Batch1
Cell1680,Group7,Batch1
Cell1681,Group5,Batch1
Cell1682,Group7,Batch1
Cell1683,Group1,Batch1
Cell1684,Group2,Batch1
Cell1685,Group2,Batch1
Cell1686,Group3,Batch1
Cell1687,Group10,Batch1
Cell1688,Group7,Batch1
Cell1689,Group7,Batch1
Cell1690,Group10,Batch1
Cell1691,Group8,Batch1
Cell1692,Group2,Batch1
Cell1693,Group7,Batch1
Cell1694,Group6,Batch1
Cell1695,Group9,Batch1
Cell1696,Group7,Batch1
Cell1697,Group3,Batch1
Cell1698,Group5,Batch1
Cell1699,Group3,Batch1
Cell1700,Group1,Batch1
Cell1701,Group1,Batch1
Cell1702,Group5,Batch1
Cell1703,Group2,Batch1
Cell1704,Group3,Batch1
Cell1705,Group5,Batch1
Cell1706,Group7,Batch1
Cell1707,Group10,Batch1
Cell1708,Group10,Batch1
Cell1709,Group10,Batch1
Cell1710,Group1,Batch1
Cell1711,Group1,Batch1
Cell1712,Group7,Batch1
Cell1713,Group7,Batch1
Cell1714,Group6,Batch1
Cell1715,Group5,Batch1
Cell1716,Group1,Batch1
Cell1717,Group9,Batch1
Cell1718,Group8,Batch1
Cell1719,Group7,Batch1
Cell1720,Group3,Batch1
Cell1721,Group6,Batch1
Cell1722,Group7,Batch1
Cell1723,Group7,Batch1
Cell1724,Group2,Batch1
Cell1725,Group10,Batch1
Cell1726,Group2,Batch1
Cell1727,Group7,Batch1
Cell1728,Group8,Batch1
Cell1729,Group9,Batch1
Cell1730,Group2,Batch1
Cell1731,Group1,Batch1
Cell1732,Group7,Batch1
Cell1733,Group6,Batch1
Cell1734,Group5,Batch1
Cell1735,Group9,Batch1
Cell1736,Group7,Batch1
Cell1737,Group1,Batch1
Cell1738,Group5,Batch1
Cell1739,Group3,Batch1
Cell1740,Group7,Batch1
Cell1741,Group4,Batch1
Cell1742,Group8,Batch1
Cell1743,Group10,Batch1
Cell1744,Group3,Batch1
Cell1745,Group7,Batch1
Cell1746,Group3,Batch1
Cell1747,Group7,Batch1
Cell1748,Group3,Batch1
Cell1749,Group7,Batch1
Cell1750,Group1,Batch1
Cell1751,Group3,Batch1
Cell1752,Group7,Batch1
Cell1753,Group7,Batch1
Cell1754,Group2,Batch1
Cell1755,Group5,Batch1
Cell1756,Group1,Batch1
Cell1757,Group5,Batch1
Cell1758,Group7,Batch1
Cell1759,Group10,Batch1
Cell1760,Group5,Batch1
Cell1761,Group1,Batch1
Cell1762,Group1,Batch1
Cell1763,Group7,Batch1
Cell1764,Group4,Batch1
Cell1765,Group6,Batch1
Cell1766,Group1,Batch1
Cell1767,Group4,Batch1
Cell1768,Group1,Batch1
Cell1769,Group7,Batch1
Cell1770,Group1,Batch1
Cell1771,Group10,Batch1
Cell1772,Group1,Batch1
Cell1773,Group9,Batch1
Cell1774,Group7,Batch1
Cell1775,Group3,Batch1
Cell1776,Group7,Batch1
Cell1777,Group7,Batch1
Cell1778,Group1,Batch1
Cell1779,Group9,Batch1
Cell1780,Group6,Batch1
Cell1781,Group8,Batch1
Cell1782,Group2,Batch1
Cell1783,Group1,Batch1
Cell1784,Group7,Batch1
Cell1785,Group9,Batch1
Cell1786,Group9,Batch1
Cell1787,Group10,Batch1
Cell1788,Group6,Batch1
Cell1789,Group5,Batch1
Cell1790,Group1,Batch1
Cell1791,Group1,Batch1
Cell1792,Group2,Batch1
Cell1793,Group1,Batch1
Cell1794,Group2,Batch1
Cell1795,Group3,Batch1
Cell1796,Group10,Batch1
Cell1797,Group5,Batch1
Cell1798,Group10,Batch1
Cell1799,Group6,Batch1
Cell1800,Group8,Batch1
Cell1801,Group3,Batch1
Cell1802,Group1,Batch1
Cell1803,Group8,Batch1
Cell1804,Group9,Batch1
Cell1805,Group10,Batch1
Cell1806,Group5,Batch1
Cell1807,Group3,Batch1
Cell1808,Group10,Batch1
Cell1809,Group6,Batch1
Cell1810,Group2,Batch1
Cell1811,Group8,Batch1
Cell1812,Group9,Batch1
Cell1813,Group3,Batch1
Cell1814,Group2,Batch1
Cell1815,Group7,Batch1
Cell1816,Group6,Batch1
Cell1817,Group5,Batch1
Cell1818,Group4,Batch1
Cell1819,Group3,Batch1
Cell1820,Group9,Batch1
Cell1821,Group6,Batch1
Cell1822,Group9,Batch1
Cell1823,Group9,Batch1
Cell1824,Group5,Batch1
Cell1825,Group6,Batch1
Cell1826,Group1,Batch1
Cell1827,Group5,Batch1
Cell1828,Group2,Batch1
Cell1829,Group1,Batch1
Cell1830,Group6,Batch1
Cell1831,Group8,Batch1
Cell1832,Group7,Batch1
Cell1833,Group4,Batch1
Cell1834,Group7,Batch1
Cell1835,Group4,Batch1
Cell1836,Group7,Batch1
Cell1837,Group7,Batch1
Cell1838,Group5,Batch1
Cell1839,Group5,Batch1
Cell1840,Group3,Batch1
Cell1841,Group3,Batch1
Cell1842,Group1,Batch1
Cell1843,Group3,Batch1
Cell1844,Group7,Batch1
Cell1845,Group8,Batch1
Cell1846,Group7,Batch1
Cell1847,Group1,Batch1
Cell1848,Group7,Batch1
Cell1849,Group9,Batch1
Cell1850,Group10,Batch1
Cell1851,Group8,Batch1
Cell1852,Group9,Batch1
Cell1853,Group3,Batch1
Cell1854,Group7,Batch1
Cell1855,Group4,Batch1
Cell1856,Group4,Batch1
Cell1857,Group2,Batch1
Cell1858,Group6,Batch1
Cell1859,Group2,Batch1
Cell1860,Group2,Batch1
Cell1861,Group6,Batch1
Cell1862,Group7,Batch1
Cell1863,Group7,Batch1
Cell1864,Group5,Batch1
Cell1865,Group7,Batch1
Cell1866,Group1,Batch1
Cell1867,Group5,Batch1
Cell1868,Group5,Batch1
Cell1869,Group1,Batch1
Cell1870,Group3,Batch1
Cell1871,Group8,Batch1
Cell1872,Group1,Batch1
Cell1873,Group8,Batch1
Cell1874,Group5,Batch1
Cell1875,Group3,Batch1
Cell1876,Group1,Batch1
Cell1877,Group8,Batch1
Cell1878,Group9,Batch1
Cell1879,Group8,Batch1
Cell1880,Group1,Batch1
Cell1881,Group5,Batch1
Cell1882,Group7,Batch1
Cell1883,Group7,Batch1
Cell1884,Group2,Batch1
Cell1885,Group7,Batch1
Cell1886,Group9,Batch1
Cell1887,Group5,Batch1
Cell1888,Group5,Batch1
Cell1889,Group6,Batch1
Cell1890,Group1,Batch1
Cell1891,Group1,Batch1
Cell1892,Group2,Batch1
Cell1893,Group3,Batch1
Cell1894,Group7,Batch1
Cell1895,Group6,Batch1
Cell1896,Group1,Batch1
Cell1897,Group9,Batch1
Cell1898,Group5,Batch1
Cell1899,Group7,Batch1
Cell1900,Group10,Batch1
Cell1901,Group4,Batch1
Cell1902,Group2,Batch1
Cell1903,Group5,Batch1
Cell1904,Group10,Batch1
Cell1905,Group5,Batch1
Cell1906,Group2,Batch1
Cell1907,Group7,Batch1
Cell1908,Group8,Batch1
Cell1909,Group10,Batch1
Cell1910,Group2,Batch1
Cell1911,Group9,Batch1
Cell1912,Group1,Batch1
Cell1913,Group4,Batch1
Cell1914,Group1,Batch1
Cell1915,Group8,Batch1
Cell1916,Group1,Batch1
Cell1917,Group3,Batch1
Cell1918,Group8,Batch1
Cell1919,Group6,Batch1
Cell1920,Group3,Batch1
Cell1921,Group3,Batch1
Cell1922,Group6,Batch1
Cell1923,Group1,Batch1
Cell1924,Group9,Batch1
Cell1925,Group5,Batch1
Cell1926,Group10,Batch1
Cell1927,Group3,Batch1
Cell1928,Group5,Batch1
Cell1929,Group7,Batch1
Cell1930,Group7,Batch1
Cell1931,Group2,Batch1
Cell1932,Group10,Batch1
Cell1933,Group6,Batch1
Cell1934,Group5,Batch1
Cell1935,Group6,Batch1
Cell1936,Group10,Batch1
Cell1937,Group5,Batch1
Cell1938,Group10,Batch1
Cell1939,Group1,Batch1
Cell1940,Group5,Batch1
Cell1941,Group4,Batch1
Cell1942,Group3,Batch1
Cell1943,Group5,Batch1
Cell1944,Group1,Batch1
Cell1945,Group1,Batch1
Cell1946,Group5,Batch1
Cell1947,Group7,Batch1
Cell1948,Group5,Batch1
Cell1949,Group3,Batch1
Cell1950,Group1,Batch1
Cell1951,Group3,Batch1
Cell1952,Group10,Batch1
Cell1953,Group1,Batch1
Cell1954,Group10,Batch1
Cell1955,Group10,Batch1
Cell1956,Group8,Batch1
Cell1957,Group7,Batch1
Cell1958,Group2,Batch1
Cell1959,Group5,Batch1
Cell1960,Group3,Batch1
Cell1961,Group10,Batch1
Cell1962,Group2,Batch1
Cell1963,Group2,Batch1
Cell1964,Group2,Batch1
Cell1965,Group10,Batch1
Cell1966,Group9,Batch1
Cell1967,Group10,Batch1
Cell1968,Group5,Batch1
Cell1969,Group1,Batch1
Cell1970,Group8,Batch1
Cell1971,Group3,Batch1
Cell1972,Group4,Batch1
Cell1973,Group5,Batch1
Cell1974,Group2,Batch1
Cell1975,Group2,Batch1
Cell1976,Group2,Batch1
Cell1977,Group5,Batch1
Cell1978,Group2,Batch1
Cell1979,Group9,Batch1
Cell1980,Group6,Batch1
Cell1981,Group6,Batch1
Cell1982,Group6,Batch1
Cell1983,Group6,Batch1
Cell1984,Group2,Batch1
Cell1985,Group5,Batch1
Cell1986,Group1,Batch1
Cell1987,Group9,Batch1
Cell1988,Group4,Batch1
Cell1989,Group3,Batch1
Cell1990,Group1,Batch1
Cell1991,Group7,Batch1
Cell1992,Group3,Batch1
Cell1993,Group10,Batch1
Cell1994,Group10,Batch1
Cell1995,Group2,Batch1
Cell1996,Group10,Batch1
Cell1997,Group8,Batch1
Cell1998,Group4,Batch1
Cell1999,Group7,Batch1
Cell2000,Group7,Batch1
Cell2001,Group5,Batch2
Cell2002,Group7,Batch2
Cell2003,Group5,Batch2
Cell2004,Group1,Batch2
Cell2005,Group3,Batch2
Cell2006,Group5,Batch2
Cell2007,Group6,Batch2
Cell2008,Group3,Batch2
Cell2009,Group4,Batch2
Cell2010,Group7,Batch2
Cell2011,Group8,Batch2
Cell2012,Group10,Batch2
Cell2013,Group7,Batch2
Cell2014,Group4,Batch2
Cell2015,Group2,Batch2
Cell2016,Group7,Batch2
Cell2017,Group10,Batch2
Cell2018,Group2,Batch2
Cell2019,Group9,Batch2
Cell2020,Group3,Batch2
Cell2021,Group3,Batch2
Cell2022,Group7,Batch2
Cell2023,Group10,Batch2
Cell2024,Group2,Batch2
Cell2025,Group5,Batch2
Cell2026,Group9,Batch2
Cell2027,Group1,Batch2
Cell2028,Group3,Batch2
Cell2029,Group2,Batch2
Cell2030,Group8,Batch2
Cell2031,Group8,Batch2
Cell2032,Group6,Batch2
Cell2033,Group10,Batch2
Cell2034,Group2,Batch2
Cell2035,Group10,Batch2
Cell2036,Group1,Batch2
Cell2037,Group10,Batch2
Cell2038,Group7,Batch2
Cell2039,Group10,Batch2
Cell2040,Group7,Batch2
Cell2041,Group1,Batch2
Cell2042,Group10,Batch2
Cell2043,Group2,Batch2
Cell2044,Group1,Batch2
Cell2045,Group1,Batch2
Cell2046,Group5,Batch2
Cell2047,Group10,Batch2
Cell2048,Group2,Batch2
Cell2049,Group5,Batch2
Cell2050,Group7,Batch2
Cell2051,Group5,Batch2
Cell2052,Group6,Batch2
Cell2053,Group6,Batch2
Cell2054,Group9,Batch2
Cell2055,Group8,Batch2
Cell2056,Group7,Batch2
Cell2057,Group7,Batch2
Cell2058,Group1,Batch2
Cell2059,Group10,Batch2
Cell2060,Group7,Batch2
Cell2061,Group4,Batch2
Cell2062,Group9,Batch2
Cell2063,Group1,Batch2
Cell2064,Group3,Batch2
Cell2065,Group10,Batch2
Cell2066,Group4,Batch2
Cell2067,Group1,Batch2
Cell2068,Group6,Batch2
Cell2069,Group10,Batch2
Cell2070,Group7,Batch2
Cell2071,Group6,Batch2
Cell2072,Group10,Batch2
Cell2073,Group5,Batch2
Cell2074,Group9,Batch2
Cell2075,Group9,Batch2
Cell2076,Group6,Batch2
Cell2077,Group1,Batch2
Cell2078,Group2,Batch2
Cell2079,Group5,Batch2
Cell2080,Group6,Batch2
Cell2081,Group2,Batch2
Cell2082,Group5,Batch2
Cell2083,Group10,Batch2
Cell2084,Group5,Batch2
Cell2085,Group10,Batch2
Cell2086,Group6,Batch2
Cell2087,Group5,Batch2
Cell2088,Group3,Batch2
Cell2089,Group9,Batch2
Cell2090,Group9,Batch2
Cell2091,Group5,Batch2
Cell2092,Group2,Batch2
Cell2093,Group8,Batch2
Cell2094,Group5,Batch2
Cell2095,Group9,Batch2
Cell2096,Group6,Batch2
Cell2097,Group7,Batch2
Cell2098,Group2,Batch2
Cell2099,Group4,Batch2
Cell2100,Group2,Batch2
Cell2101,Group7,Batch2
Cell2102,Group5,Batch2
Cell2103,Group10,Batch2
Cell2104,Group3,Batch2
Cell2105,Group8,Batch2
Cell2106,Group1,Batch2
Cell2107,Group4,Batch2
Cell2108,Group7,Batch2
Cell2109,Group8,Batch2
Cell2110,Group10,Batch2
Cell2111,Group5,Batch2
Cell2112,Group6,Batch2
Cell2113,Group7,Batch2
Cell2114,Group7,Batch2
Cell2115,Group8,Batch2
Cell2116,Group2,Batch2
Cell2117,Group5,Batch2
Cell2118,Group5,Batch2
Cell2119,Group7,Batch2
Cell2120,Group9,Batch2
Cell2121,Group10,Batch2
Cell2122,Group4,Batch2
Cell2123,Group5,Batch2
Cell2124,Group8,Batch2
Cell2125,Group7,Batch2
Cell2126,Group1,Batch2
Cell2127,Group5,Batch2
Cell2128,Group3,Batch2
Cell2129,Group4,Batch2
Cell2130,Group2,Batch2
Cell2131,Group4,Batch2
Cell2132,Group5,Batch2
Cell2133,Group6,Batch2
Cell2134,Group2,Batch2
Cell2135,Group3,Batch2
Cell2136,Group8,Batch2
Cell2137,Group6,Batch2
Cell2138,Group6,Batch2
Cell2139,Group1,Batch2
Cell2140,Group10,Batch2
Cell2141,Group3,Batch2
Cell2142,Group2,Batch2
Cell2143,Group8,Batch2
Cell2144,Group3,Batch2
Cell2145,Group10,Batch2
Cell2146,Group5,Batch2
Cell2147,Group1,Batch2
Cell2148,Group7,Batch2
Cell2149,Group10,Batch2
Cell2150,Group7,Batch2
Cell2151,Group10,Batch2
Cell2152,Group10,Batch2
Cell2153,Group5,Batch2
Cell2154,Group8,Batch2
Cell2155,Group2,Batch2
Cell2156,Group7,Batch2
Cell2157,Group10,Batch2
Cell2158,Group9,Batch2
Cell2159,Group2,Batch2
Cell2160,Group10,Batch2
Cell2161,Group3,Batch2
Cell2162,Group9,Batch2
Cell2163,Group5,Batch2
Cell2164,Group10,Batch2
Cell2165,Group1,Batch2
Cell2166,Group5,Batch2
Cell2167,Group2,Batch2
Cell2168,Group8,Batch2
Cell2169,Group3,Batch2
Cell2170,Group5,Batch2
Cell2171,Group1,Batch2
Cell2172,Group10,Batch2
Cell2173,Group8,Batch2
Cell2174,Group6,Batch2
Cell2175,Group2,Batch2
Cell2176,Group10,Batch2
Cell2177,Group7,Batch2
Cell2178,Group8,Batch2
Cell2179,Group2,Batch2
Cell2180,Group8,Batch2
Cell2181,Group3,Batch2
Cell2182,Group6,Batch2
Cell2183,Group2,Batch2
Cell2184,Group3,Batch2
Cell2185,Group10,Batch2
Cell2186,Group8,Batch2
Cell2187,Group10,Batch2
Cell2188,Group7,Batch2
Cell2189,Group3,Batch2
Cell2190,Group10,Batch2
Cell2191,Group5,Batch2
Cell2192,Group1,Batch2
Cell2193,Group5,Batch2
Cell2194,Group6,Batch2
Cell2195,Group3,Batch2
Cell2196,Group2,Batch2
Cell2197,Group8,Batch2
Cell2198,Group7,Batch2
Cell2199,Group1,Batch2
Cell2200,Group6,Batch2
Cell2201,Group5,Batch2
Cell2202,Group5,Batch2
Cell2203,Group8,Batch2
Cell2204,Group7,Batch2
Cell2205,Group5,Batch2
Cell2206,Group8,Batch2
Cell2207,Group1,Batch2
Cell2208,Group3,Batch2
Cell2209,Group1,Batch2
Cell2210,Group8,Batch2
Cell2211,Group7,Batch2
Cell2212,Group10,Batch2
Cell2213,Group5,Batch2
Cell2214,Group10,Batch2
Cell2215,Group5,Batch2
Cell2216,Group5,Batch2
Cell2217,Group6,Batch2
Cell2218,Group7,Batch2
Cell2219,Group1,Batch2
Cell2220,Group10,Batch2
Cell2221,Group3,Batch2
Cell2222,Group8,Batch2
Cell2223,Group7,Batch2
Cell2224,Group3,Batch2
Cell2225,Group6,Batch2
Cell2226,Group3,Batch2
Cell2227,Group10,Batch2
Cell2228,Group8,Batch2
Cell2229,Group8,Batch2
Cell2230,Group2,Batch2
Cell2231,Group5,Batch2
Cell2232,Group3,Batch2
Cell2233,Group1,Batch2
Cell2234,Group6,Batch2
Cell2235,Group2,Batch2
Cell2236,Group10,Batch2
Cell2237,Group8,Batch2
Cell2238,Group2,Batch2
Cell2239,Group1,Batch2
Cell2240,Group2,Batch2
Cell2241,Group5,Batch2
Cell2242,Group1,Batch2
Cell2243,Group7,Batch2
Cell2244,Group2,Batch2
Cell2245,Group3,Batch2
Cell2246,Group6,Batch2
Cell2247,Group4,Batch2
Cell2248,Group6,Batch2
Cell2249,Group8,Batch2
Cell2250,Group9,Batch2
Cell2251,Group1,Batch2
Cell2252,Group1,Batch2
Cell2253,Group3,Batch2
Cell2254,Group3,Batch2
Cell2255,Group1,Batch2
Cell2256,Group7,Batch2
Cell2257,Group5,Batch2
Cell2258,Group5,Batch2
Cell2259,Group8,Batch2
Cell2260,Group5,Batch2
Cell2261,Group1,Batch2
Cell2262,Group7,Batch2
Cell2263,Group8,Batch2
Cell2264,Group4,Batch2
Cell2265,Group6,Batch2
Cell2266,Group10,Batch2
Cell2267,Group8,Batch2
Cell2268,Group3,Batch2
Cell2269,Group10,Batch2
Cell2270,Group2,Batch2
Cell2271,Group8,Batch2
Cell2272,Group7,Batch2
Cell2273,Group5,Batch2
Cell2274,Group4,Batch2
Cell2275,Group6,Batch2
Cell2276,Group2,Batch2
Cell2277,Group1,Batch2
Cell2278,Group10,Batch2
Cell2279,Group6,Batch2
Cell2280,Group2,Batch2
Cell2281,Group2,Batch2
Cell2282,Group3,Batch2
Cell2283,Group10,Batch2
Cell2284,Group10,Batch2
Cell2285,Group5,Batch2
Cell2286,Group5,Batch2
Cell2287,Group8,Batch2
Cell2288,Group7,Batch2
Cell2289,Group4,Batch2
Cell2290,Group5,Batch2
Cell2291,Group5,Batch2
Cell2292,Group6,Batch2
Cell2293,Group7,Batch2
Cell2294,Group5,Batch2
Cell2295,Group10,Batch2
Cell2296,Group10,Batch2
Cell2297,Group2,Batch2
Cell2298,Group4,Batch2
Cell2299,Group8,Batch2
Cell2300,Group7,Batch2
Cell2301,Group6,Batch2
Cell2302,Group8,Batch2
Cell2303,Group7,Batch2
Cell2304,Group9,Batch2
Cell2305,Group7,Batch2
Cell2306,Group5,Batch2
Cell2307,Group3,Batch2
Cell2308,Group1,Batch2
Cell2309,Group7,Batch2
Cell2310,Group9,Batch2
Cell2311,Group9,Batch2
Cell2312,Group4,Batch2
Cell2313,Group8,Batch2
Cell2314,Group7,Batch2
Cell2315,Group8,Batch2
Cell2316,Group5,Batch2
Cell2317,Group8,Batch2
Cell2318,Group4,Batch2
Cell2319,Group7,Batch2
Cell2320,Group1,Batch2
Cell2321,Group5,Batch2
Cell2322,Group9,Batch2
Cell2323,Group1,Batch2
Cell2324,Group7,Batch2
Cell2325,Group7,Batch2
Cell2326,Group2,Batch2
Cell2327,Group7,Batch2
Cell2328,Group10,Batch2
Cell2329,Group8,Batch2
Cell2330,Group3,Batch2
Cell2331,Group9,Batch2
Cell2332,Group7,Batch2
Cell2333,Group9,Batch2
Cell2334,Group7,Batch2
Cell2335,Group6,Batch2
Cell2336,Group1,Batch2
Cell2337,Group8,Batch2
Cell2338,Group5,Batch2
Cell2339,Group6,Batch2
Cell2340,Group6,Batch2
Cell2341,Group1,Batch2
Cell2342,Group10,Batch2
Cell2343,Group2,Batch2
Cell2344,Group1,Batch2
Cell2345,Group9,Batch2
Cell2346,Group3,Batch2
Cell2347,Group3,Batch2
Cell2348,Group10,Batch2
Cell2349,Group8,Batch2
Cell2350,Group3,Batch2
Cell2351,Group3,Batch2
Cell2352,Group10,Batch2
Cell2353,Group2,Batch2
Cell2354,Group10,Batch2
Cell2355,Group6,Batch2
Cell2356,Group2,Batch2
Cell2357,Group5,Batch2
Cell2358,Group6,Batch2
Cell2359,Group4,Batch2
Cell2360,Group4,Batch2
Cell2361,Group9,Batch2
Cell2362,Group4,Batch2
Cell2363,Group7,Batch2
Cell2364,Group6,Batch2
Cell2365,Group5,Batch2
Cell2366,Group3,Batch2
Cell2367,Group6,Batch2
Cell2368,Group3,Batch2
Cell2369,Group2,Batch2
Cell2370,Group6,Batch2
Cell2371,Group7,Batch2
Cell2372,Group1,Batch2
Cell2373,Group7,Batch2
Cell2374,Group1,Batch2
Cell2375,Group2,Batch2
Cell2376,Group2,Batch2
Cell2377,Group1,Batch2
Cell2378,Group1,Batch2
Cell2379,Group2,Batch2
Cell2380,Group8,Batch2
Cell2381,Group7,Batch2
Cell2382,Group6,Batch2
Cell2383,Group2,Batch2
Cell2384,Group2,Batch2
Cell2385,Group10,Batch2
Cell2386,Group9,Batch2
Cell2387,Group3,Batch2
Cell2388,Group3,Batch2
Cell2389,Group7,Batch2
Cell2390,Group3,Batch2
Cell2391,Group5,Batch2
Cell2392,Group7,Batch2
Cell2393,Group5,Batch2
Cell2394,Group6,Batch2
Cell2395,Group1,Batch2
Cell2396,Group5,Batch2
Cell2397,Group2,Batch2
Cell2398,Group10,Batch2
Cell2399,Group8,Batch2
Cell2400,Group1,Batch2
Cell2401,Group2,Batch2
Cell2402,Group1,Batch2
Cell2403,Group8,Batch2
Cell2404,Group2,Batch2
Cell2405,Group9,Batch2
Cell2406,Group4,Batch2
Cell2407,Group3,Batch2
Cell2408,Group4,Batch2
Cell2409,Group10,Batch2
Cell2410,Group9,Batch2
Cell2411,Group1,Batch2
Cell2412,Group2,Batch2
Cell2413,Group2,Batch2
Cell2414,Group5,Batch2
Cell2415,Group5,Batch2
Cell2416,Group2,Batch2
Cell2417,Group10,Batch2
Cell2418,Group1,Batch2
Cell2419,Group1,Batch2
Cell2420,Group9,Batch2
Cell2421,Group2,Batch2
Cell2422,Group8,Batch2
Cell2423,Group10,Batch2
Cell2424,Group7,Batch2
Cell2425,Group1,Batch2
Cell2426,Group6,Batch2
Cell2427,Group7,Batch2
Cell2428,Group5,Batch2
Cell2429,Group2,Batch2
Cell2430,Group5,Batch2
Cell2431,Group3,Batch2
Cell2432,Group2,Batch2
Cell2433,Group9,Batch2
Cell2434,Group8,Batch2
Cell2435,Group7,Batch2
Cell2436,Group2,Batch2
Cell2437,Group8,Batch2
Cell2438,Group10,Batch2
Cell2439,Group5,Batch2
Cell2440,Group4,Batch2
Cell2441,Group6,Batch2
Cell2442,Group10,Batch2
Cell2443,Group5,Batch2
Cell2444,Group9,Batch2
Cell2445,Group1,Batch2
Cell2446,Group2,Batch2
Cell2447,Group2,Batch2
Cell2448,Group8,Batch2
Cell2449,Group1,Batch2
Cell2450,Group7,Batch2
Cell2451,Group2,Batch2
Cell2452,Group7,Batch2
Cell2453,Group9,Batch2
Cell2454,Group7,Batch2
Cell2455,Group10,Batch2
Cell2456,Group6,Batch2
Cell2457,Group5,Batch2
Cell2458,Group1,Batch2
Cell2459,Group7,Batch2
Cell2460,Group8,Batch2
Cell2461,Group1,Batch2
Cell2462,Group3,Batch2
Cell2463,Group6,Batch2
Cell2464,Group1,Batch2
Cell2465,Group7,Batch2
Cell2466,Group5,Batch2
Cell2467,Group1,Batch2
Cell2468,Group1,Batch2
Cell2469,Group3,Batch2
Cell2470,Group2,Batch2
Cell2471,Group10,Batch2
Cell2472,Group2,Batch2
Cell2473,Group9,Batch2
Cell2474,Group10,Batch2
Cell2475,Group3,Batch2
Cell2476,Group10,Batch2
Cell2477,Group6,Batch2
Cell2478,Group3,Batch2
Cell2479,Group2,Batch2
Cell2480,Group3,Batch2
Cell2481,Group4,Batch2
Cell2482,Group1,Batch2
Cell2483,Group4,Batch2
Cell2484,Group1,Batch2
Cell2485,Group2,Batch2
Cell2486,Group9,Batch2
Cell2487,Group7,Batch2
Cell2488,Group1,Batch2
Cell2489,Group1,Batch2
Cell2490,Group3,Batch2
Cell2491,Group3,Batch2
Cell2492,Group10,Batch2
Cell2493,Group7,Batch2
Cell2494,Group7,Batch2
Cell2495,Group8,Batch2
Cell2496,Group2,Batch2
Cell2497,Group7,Batch2
Cell2498,Group2,Batch2
Cell2499,Group9,Batch2
Cell2500,Group9,Batch2
Cell2501,Group4,Batch2
Cell2502,Group7,Batch2
Cell2503,Group2,Batch2
Cell2504,Group9,Batch2
Cell2505,Group9,Batch2
Cell2506,Group3,Batch2
Cell2507,Group7,Batch2
Cell2508,Group7,Batch2
Cell2509,Group5,Batch2
Cell2510,Group8,Batch2
Cell2511,Group2,Batch2
Cell2512,Group7,Batch2
Cell2513,Group5,Batch2
Cell2514,Group1,Batch2
Cell2515,Group7,Batch2
Cell2516,Group10,Batch2
Cell2517,Group6,Batch2
Cell2518,Group1,Batch2
Cell2519,Group5,Batch2
Cell2520,Group10,Batch2
Cell2521,Group6,Batch2
Cell2522,Group7,Batch2
Cell2523,Group2,Batch2
Cell2524,Group8,Batch2
Cell2525,Group1,Batch2
Cell2526,Group8,Batch2
Cell2527,Group1,Batch2
Cell2528,Group10,Batch2
Cell2529,Group1,Batch2
Cell2530,Group7,Batch2
Cell2531,Group8,Batch2
Cell2532,Group5,Batch2
Cell2533,Group5,Batch2
Cell2534,Group7,Batch2
Cell2535,Group8,Batch2
Cell2536,Group2,Batch2
Cell2537,Group1,Batch2
Cell2538,Group2,Batch2
Cell2539,Group1,Batch2
Cell2540,Group5,Batch2
Cell2541,Group5,Batch2
Cell2542,Group7,Batch2
Cell2543,Group8,Batch2
Cell2544,Group3,Batch2
Cell2545,Group3,Batch2
Cell2546,Group2,Batch2
Cell2547,Group2,Batch2
Cell2548,Group5,Batch2
Cell2549,Group3,Batch2
Cell2550,Group6,Batch2
Cell2551,Group8,Batch2
Cell2552,Group5,Batch2
Cell2553,Group1,Batch2
Cell2554,Group3,Batch2
Cell2555,Group1,Batch2
Cell2556,Group2,Batch2
Cell2557,Group1,Batch2
Cell2558,Group5,Batch2
Cell2559,Group7,Batch2
Cell2560,Group8,Batch2
Cell2561,Group6,Batch2
Cell2562,Group8,Batch2
Cell2563,Group4,Batch2
Cell2564,Group8,Batch2
Cell2565,Group8,Batch2
Cell2566,Group3,Batch2
Cell2567,Group7,Batch2
Cell2568,Group7,Batch2
Cell2569,Group8,Batch2
Cell2570,Group2,Batch2
Cell2571,Group9,Batch2
Cell2572,Group10,Batch2
Cell2573,Group1,Batch2
Cell2574,Group10,Batch2
Cell2575,Group6,Batch2
Cell2576,Group8,Batch2
Cell2577,Group2,Batch2
Cell2578,Group5,Batch2
Cell2579,Group4,Batch2
Cell2580,Group10,Batch2
Cell2581,Group7,Batch2
Cell2582,Group3,Batch2
Cell2583,Group2,Batch2
Cell2584,Group4,Batch2
Cell2585,Group8,Batch2
Cell2586,Group6,Batch2
Cell2587,Group8,Batch2
Cell2588,Group7,Batch2
Cell2589,Group7,Batch2
Cell2590,Group3,Batch2
Cell2591,Group4,Batch2
Cell2592,Group9,Batch2
Cell2593,Group1,Batch2
Cell2594,Group8,Batch2
Cell2595,Group5,Batch2
Cell2596,Group3,Batch2
Cell2597,Group3,Batch2
Cell2598,Group5,Batch2
Cell2599,Group3,Batch2
Cell2600,Group2,Batch2
Cell2601,Group8,Batch2
Cell2602,Group8,Batch2
Cell2603,Group6,Batch2
Cell2604,Group8,Batch2
Cell2605,Group3,Batch2
Cell2606,Group6,Batch2
Cell2607,Group10,Batch2
Cell2608,Group5,Batch2
Cell2609,Group5,Batch2
Cell2610,Group7,Batch2
Cell2611,Group1,Batch2
Cell2612,Group2,Batch2
Cell2613,Group8,Batch2
Cell2614,Group2,Batch2
Cell2615,Group9,Batch2
Cell2616,Group10,Batch2
Cell2617,Group10,Batch2
Cell2618,Group6,Batch2
Cell2619,Group2,Batch2
Cell2620,Group6,Batch2
Cell2621,Group3,Batch2
Cell2622,Group8,Batch2
Cell2623,Group6,Batch2
Cell2624,Group7,Batch2
Cell2625,Group3,Batch2
Cell2626,Group3,Batch2
Cell2627,Group5,Batch2
Cell2628,Group7,Batch2
Cell2629,Group2,Batch2
Cell2630,Group6,Batch2
Cell2631,Group2,Batch2
Cell2632,Group8,Batch2
Cell2633,Group6,Batch2
Cell2634,Group6,Batch2
Cell2635,Group10,Batch2
Cell2636,Group9,Batch2
Cell2637,Group1,Batch2
Cell2638,Group8,Batch2
Cell2639,Group7,Batch2
Cell2640,Group6,Batch2
Cell2641,Group7,Batch2
Cell2642,Group8,Batch2
Cell2643,Group8,Batch2
Cell2644,Group2,Batch2
Cell2645,Group6,Batch2
Cell2646,Group1,Batch2
Cell2647,Group9,Batch2
Cell2648,Group7,Batch2
Cell2649,Group1,Batch2
Cell2650,Group7,Batch2
Cell2651,Group3,Batch2
Cell2652,Group1,Batch2
Cell2653,Group6,Batch2
Cell2654,Group1,Batch2
Cell2655,Group10,Batch2
Cell2656,Group3,Batch2
Cell2657,Group6,Batch2
Cell2658,Group10,Batch2
Cell2659,Group3,Batch2
Cell2660,Group1,Batch2
Cell2661,Group7,Batch2
Cell2662,Group8,Batch2
Cell2663,Group7,Batch2
Cell2664,Group3,Batch2
Cell2665,Group8,Batch2
Cell2666,Group5,Batch2
Cell2667,Group1,Batch2
Cell2668,Group9,Batch2
Cell2669,Group6,Batch2
Cell2670,Group1,Batch2
Cell2671,Group8,Batch2
Cell2672,Group7,Batch2
Cell2673,Group8,Batch2
Cell2674,Group1,Batch2
Cell2675,Group3,Batch2
Cell2676,Group4,Batch2
Cell2677,Group10,Batch2
Cell2678,Group2,Batch2
Cell2679,Group8,Batch2
Cell2680,Group5,Batch2
Cell2681,Group10,Batch2
Cell2682,Group5,Batch2
Cell2683,Group1,Batch2
Cell2684,Group5,Batch2
Cell2685,Group10,Batch2
Cell2686,Group2,Batch2
Cell2687,Group2,Batch2
Cell2688,Group1,Batch2
Cell2689,Group1,Batch2
Cell2690,Group3,Batch2
Cell2691,Group10,Batch2
Cell2692,Group4,Batch2
Cell2693,Group9,Batch2
Cell2694,Group6,Batch2
Cell2695,Group1,Batch2
Cell2696,Group10,Batch2
Cell2697,Group5,Batch2
Cell2698,Group10,Batch2
Cell2699,Group10,Batch2
Cell2700,Group10,Batch2
Cell2701,Group7,Batch2
Cell2702,Group3,Batch2
Cell2703,Group10,Batch2
Cell2704,Group8,Batch2
Cell2705,Group5,Batch2
Cell2706,Group3,Batch2
Cell2707,Group10,Batch2
Cell2708,Group1,Batch2
Cell2709,Group7,Batch2
Cell2710,Group1,Batch2
Cell2711,Group1,Batch2
Cell2712,Group5,Batch2
Cell2713,Group6,Batch2
Cell2714,Group5,Batch2
Cell2715,Group4,Batch2
Cell2716,Group4,Batch2
Cell2717,Group3,Batch2
Cell2718,Group3,Batch2
Cell2719,Group5,Batch2
Cell2720,Group9,Batch2
Cell2721,Group3,Batch2
Cell2722,Group3,Batch2
Cell2723,Group5,Batch2
Cell2724,Group7,Batch2
Cell2725,Group1,Batch2
Cell2726,Group9,Batch2
Cell2727,Group10,Batch2
Cell2728,Group5,Batch2
Cell2729,Group2,Batch2
Cell2730,Group6,Batch2
Cell2731,Group6,Batch2
Cell2732,Group6,Batch2
Cell2733,Group5,Batch2
Cell2734,Group2,Batch2
Cell2735,Group7,Batch2
Cell2736,Group2,Batch2
Cell2737,Group2,Batch2
Cell2738,Group6,Batch2
Cell2739,Group3,Batch2
Cell2740,Group4,Batch2
Cell2741,Group1,Batch2
Cell2742,Group6,Batch2
Cell2743,Group6,Batch2
Cell2744,Group3,Batch2
Cell2745,Group5,Batch2
Cell2746,Group7,Batch2
Cell2747,Group5,Batch2
Cell2748,Group7,Batch2
Cell2749,Group8,Batch2
Cell2750,Group9,Batch2
Cell2751,Group7,Batch2
Cell2752,Group5,Batch2
Cell2753,Group6,Batch2
Cell2754,Group3,Batch2
Cell2755,Group3,Batch2
Cell2756,Group5,Batch2
Cell2757,Group3,Batch2
Cell2758,Group5,Batch2
Cell2759,Group8,Batch2
Cell2760,Group9,Batch2
Cell2761,Group1,Batch2
Cell2762,Group5,Batch2
Cell2763,Group9,Batch2
Cell2764,Group9,Batch2
Cell2765,Group1,Batch2
Cell2766,Group3,Batch2
Cell2767,Group7,Batch2
Cell2768,Group3,Batch2
Cell2769,Group1,Batch2
Cell2770,Group7,Batch2
Cell2771,Group5,Batch2
Cell2772,Group7,Batch2
Cell2773,Group3,Batch2
Cell2774,Group5,Batch2
Cell2775,Group2,Batch2
Cell2776,Group7,Batch2
Cell2777,Group3,Batch2
Cell2778,Group8,Batch2
Cell2779,Group7,Batch2
Cell2780,Group2,Batch2
Cell2781,Group8,Batch2
Cell2782,Group7,Batch2
Cell2783,Group3,Batch2
Cell2784,Group7,Batch2
Cell2785,Group7,Batch2
Cell2786,Group7,Batch2
Cell2787,Group3,Batch2
Cell2788,Group10,Batch2
Cell2789,Group3,Batch2
Cell2790,Group1,Batch2
Cell2791,Group2,Batch2
Cell2792,Group1,Batch2
Cell2793,Group2,Batch2
Cell2794,Group6,Batch2
Cell2795,Group6,Batch2
Cell2796,Group1,Batch2
Cell2797,Group5,Batch2
Cell2798,Group1,Batch2
Cell2799,Group6,Batch2
Cell2800,Group1,Batch2
Cell2801,Group7,Batch2
Cell2802,Group2,Batch2
Cell2803,Group1,Batch2
Cell2804,Group6,Batch2
Cell2805,Group5,Batch2
Cell2806,Group9,Batch2
Cell2807,Group5,Batch2
Cell2808,Group8,Batch2
Cell2809,Group8,Batch2
Cell2810,Group2,Batch2
Cell2811,Group1,Batch2
Cell2812,Group10,Batch2
Cell2813,Group1,Batch2
Cell2814,Group2,Batch2
Cell2815,Group6,Batch2
Cell2816,Group9,Batch2
Cell2817,Group7,Batch2
Cell2818,Group2,Batch2
Cell2819,Group2,Batch2
Cell2820,Group8,Batch2
Cell2821,Group2,Batch2
Cell2822,Group7,Batch2
Cell2823,Group4,Batch2
Cell2824,Group9,Batch2
Cell2825,Group1,Batch2
Cell2826,Group2,Batch2
Cell2827,Group10,Batch2
Cell2828,Group3,Batch2
Cell2829,Group9,Batch2
Cell2830,Group1,Batch2
Cell2831,Group6,Batch2
Cell2832,Group1,Batch2
Cell2833,Group10,Batch2
Cell2834,Group6,Batch2
Cell2835,Group7,Batch2
Cell2836,Group8,Batch2
Cell2837,Group4,Batch2
Cell2838,Group8,Batch2
Cell2839,Group3,Batch2
Cell2840,Group1,Batch2
Cell2841,Group1,Batch2
Cell2842,Group1,Batch2
Cell2843,Group8,Batch2
Cell2844,Group7,Batch2
Cell2845,Group1,Batch2
Cell2846,Group6,Batch2
Cell2847,Group3,Batch2
Cell2848,Group1,Batch2
Cell2849,Group7,Batch2
Cell2850,Group10,Batch2
Cell2851,Group9,Batch2
Cell2852,Group1,Batch2
Cell2853,Group7,Batch2
Cell2854,Group10,Batch2
Cell2855,Group6,Batch2
Cell2856,Group5,Batch2
Cell2857,Group1,Batch2
Cell2858,Group3,Batch2
Cell2859,Group2,Batch2
Cell2860,Group8,Batch2
Cell2861,Group6,Batch2
Cell2862,Group8,Batch2
Cell2863,Group10,Batch2
Cell2864,Group8,Batch2
Cell2865,Group5,Batch2
Cell2866,Group7,Batch2
Cell2867,Group2,Batch2
Cell2868,Group5,Batch2
Cell2869,Group7,Batch2
Cell2870,Group2,Batch2
Cell2871,Group10,Batch2
Cell2872,Group1,Batch2
Cell2873,Group1,Batch2
Cell2874,Group3,Batch2
Cell2875,Group6,Batch2
Cell2876,Group2,Batch2
Cell2877,Group1,Batch2
Cell2878,Group4,Batch2
Cell2879,Group7,Batch2
Cell2880,Group10,Batch2
Cell2881,Group8,Batch2
Cell2882,Group7,Batch2
Cell2883,Group6,Batch2
Cell2884,Group8,Batch2
Cell2885,Group3,Batch2
Cell2886,Group1,Batch2
Cell2887,Group4,Batch2
Cell2888,Group2,Batch2
Cell2889,Group6,Batch2
Cell2890,Group7,Batch2
Cell2891,Group2,Batch2
Cell2892,Group10,Batch2
Cell2893,Group3,Batch2
Cell2894,Group3,Batch2
Cell2895,Group9,Batch2
Cell2896,Group1,Batch2
Cell2897,Group3,Batch2
Cell2898,Group6,Batch2
Cell2899,Group7,Batch2
Cell2900,Group7,Batch2
Cell2901,Group4,Batch2
Cell2902,Group7,Batch2
Cell2903,Group5,Batch2
Cell2904,Group5,Batch2
Cell2905,Group10,Batch2
Cell2906,Group2,Batch2
Cell2907,Group7,Batch2
Cell2908,Group8,Batch2
Cell2909,Group6,Batch2
Cell2910,Group1,Batch2
Cell2911,Group2,Batch2
Cell2912,Group9,Batch2
Cell2913,Group1,Batch2
Cell2914,Group2,Batch2
Cell2915,Group1,Batch2
Cell2916,Group8,Batch2
Cell2917,Group2,Batch2
Cell2918,Group1,Batch2
Cell2919,Group5,Batch2
Cell2920,Group6,Batch2
Cell2921,Group5,Batch2
Cell2922,Group7,Batch2
Cell2923,Group9,Batch2
Cell2924,Group5,Batch2
Cell2925,Group3,Batch2
Cell2926,Group8,Batch2
Cell2927,Group1,Batch2
Cell2928,Group7,Batch2
Cell2929,Group1,Batch2
Cell2930,Group3,Batch2
Cell2931,Group1,Batch2
Cell2932,Group9,Batch2
Cell2933,Group7,Batch2
Cell2934,Group7,Batch2
Cell2935,Group7,Batch2
Cell2936,Group10,Batch2
Cell2937,Group1,Batch2
Cell2938,Group5,Batch2
Cell2939,Group3,Batch2
Cell2940,Group6,Batch2
Cell2941,Group7,Batch2
Cell2942,Group2,Batch2
Cell2943,Group2,Batch2
Cell2944,Group2,Batch2
Cell2945,Group9,Batch2
Cell2946,Group4,Batch2
Cell2947,Group8,Batch2
Cell2948,Group8,Batch2
Cell2949,Group3,Batch2
Cell2950,Group1,Batch2
Cell2951,Group7,Batch2
Cell2952,Group4,Batch2
Cell2953,Group7,Batch2
Cell2954,Group7,Batch2
Cell2955,Group5,Batch2
Cell2956,Group7,Batch2
Cell2957,Group1,Batch2
Cell2958,Group7,Batch2
Cell2959,Group6,Batch2
Cell2960,Group10,Batch2
Cell2961,Group8,Batch2
Cell2962,Group7,Batch2
Cell2963,Group2,Batch2
Cell2964,Group7,Batch2
Cell2965,Group1,Batch2
Cell2966,Group1,Batch2
Cell2967,Group10,Batch2
Cell2968,Group9,Batch2
Cell2969,Group6,Batch2
Cell2970,Group2,Batch2
Cell2971,Group4,Batch2
Cell2972,Group1,Batch2
Cell2973,Group8,Batch2
Cell2974,Group7,Batch2
Cell2975,Group2,Batch2
Cell2976,Group10,Batch2
Cell2977,Group3,Batch2
Cell2978,Group8,Batch2
Cell2979,Group1,Batch2
Cell2980,Group10,Batch2
Cell2981,Group3,Batch2
Cell2982,Group3,Batch2
Cell2983,Group6,Batch2
Cell2984,Group10,Batch2
Cell2985,Group2,Batch2
Cell2986,Group4,Batch2
Cell2987,Group6,Batch2
Cell2988,Group6,Batch2
Cell2989,Group3,Batch2
Cell2990,Group1,Batch2
Cell2991,Group5,Batch2
Cell2992,Group6,Batch2
Cell2993,Group5,Batch2
Cell2994,Group5,Batch2
Cell2995,Group8,Batch2
Cell2996,Group5,Batch2
Cell2997,Group4,Batch2
Cell2998,Group8,Batch2
Cell2999,Group10,Batch2
Cell3000,Group4,Batch2
Cell3001,Group3,Batch2
Cell3002,Group2,Batch2
Cell3003,Group1,Batch2
Cell3004,Group7,Batch2
Cell3005,Group6,Batch2
Cell3006,Group3,Batch2
Cell3007,Group7,Batch2
Cell3008,Group3,Batch2
Cell3009,Group9,Batch2
Cell3010,Group8,Batch2
Cell3011,Group2,Batch2
Cell3012,Group9,Batch2
Cell3013,Group10,Batch2
Cell3014,Group7,Batch2
Cell3015,Group8,Batch2
Cell3016,Group8,Batch2
Cell3017,Group6,Batch2
Cell3018,Group6,Batch2
Cell3019,Group10,Batch2
Cell3020,Group2,Batch2
Cell3021,Group7,Batch2
Cell3022,Group7,Batch2
Cell3023,Group2,Batch2
Cell3024,Group9,Batch2
Cell3025,Group1,Batch2
Cell3026,Group7,Batch2
Cell3027,Group3,Batch2
Cell3028,Group10,Batch2
Cell3029,Group3,Batch2
Cell3030,Group1,Batch2
Cell3031,Group8,Batch2
Cell3032,Group8,Batch2
Cell3033,Group8,Batch2
Cell3034,Group7,Batch2
Cell3035,Group1,Batch2
Cell3036,Group8,Batch2
Cell3037,Group10,Batch2
Cell3038,Group6,Batch2
Cell3039,Group10,Batch2
Cell3040,Group2,Batch2
Cell3041,Group3,Batch2
Cell3042,Group7,Batch2
Cell3043,Group6,Batch2
Cell3044,Group6,Batch2
Cell3045,Group6,Batch2
Cell3046,Group7,Batch2
Cell3047,Group7,Batch2
Cell3048,Group3,Batch2
Cell3049,Group2,Batch2
Cell3050,Group10,Batch2
Cell3051,Group2,Batch2
Cell3052,Group5,Batch2
Cell3053,Group5,Batch2
Cell3054,Group8,Batch2
Cell3055,Group8,Batch2
Cell3056,Group1,Batch2
Cell3057,Group1,Batch2
Cell3058,Group7,Batch2
Cell3059,Group8,Batch2
Cell3060,Group3,Batch2
Cell3061,Group5,Batch2
Cell3062,Group3,Batch2
Cell3063,Group7,Batch2
Cell3064,Group5,Batch2
Cell3065,Group5,Batch2
Cell3066,Group6,Batch2
Cell3067,Group5,Batch2
Cell3068,Group7,Batch2
Cell3069,Group5,Batch2
Cell3070,Group5,Batch2
Cell3071,Group1,Batch2
Cell3072,Group2,Batch2
Cell3073,Group1,Batch2
Cell3074,Group1,Batch2
Cell3075,Group8,Batch2
Cell3076,Group1,Batch2
Cell3077,Group7,Batch2
Cell3078,Group1,Batch2
Cell3079,Group7,Batch2
Cell3080,Group2,Batch2
Cell3081,Group10,Batch2
Cell3082,Group1,Batch2
Cell3083,Group5,Batch2
Cell3084,Group2,Batch2
Cell3085,Group3,Batch2
Cell3086,Group9,Batch2
Cell3087,Group8,Batch2
Cell3088,Group1,Batch2
Cell3089,Group4,Batch2
Cell3090,Group10,Batch2
Cell3091,Group1,Batch2
Cell3092,Group2,Batch2
Cell3093,Group5,Batch2
Cell3094,Group3,Batch2
Cell3095,Group1,Batch2
Cell3096,Group2,Batch2
Cell3097,Group6,Batch2
Cell3098,Group1,Batch2
Cell3099,Group7,Batch2
Cell3100,Group1,Batch2
Cell3101,Group1,Batch2
Cell3102,Group3,Batch2
Cell3103,Group6,Batch2
Cell3104,Group7,Batch2
Cell3105,Group7,Batch2
Cell3106,Group10,Batch2
Cell3107,Group3,Batch2
Cell3108,Group6,Batch2
Cell3109,Group4,Batch2
Cell3110,Group7,Batch2
Cell3111,Group5,Batch2
Cell3112,Group9,Batch2
Cell3113,Group1,Batch2
Cell3114,Group3,Batch2
Cell3115,Group6,Batch2
Cell3116,Group10,Batch2
Cell3117,Group6,Batch2
Cell3118,Group7,Batch2
Cell3119,Group6,Batch2
Cell3120,Group2,Batch2
Cell3121,Group3,Batch2
Cell3122,Group2,Batch2
Cell3123,Group2,Batch2
Cell3124,Group5,Batch2
Cell3125,Group4,Batch2
Cell3126,Group8,Batch2
Cell3127,Group5,Batch2
Cell3128,Group9,Batch2
Cell3129,Group10,Batch2
Cell3130,Group6,Batch2
Cell3131,Group10,Batch2
Cell3132,Group3,Batch2
Cell3133,Group1,Batch2
Cell3134,Group1,Batch2
Cell3135,Group5,Batch2
Cell3136,Group6,Batch2
Cell3137,Group6,Batch2
Cell3138,Group1,Batch2
Cell3139,Group10,Batch2
Cell3140,Group10,Batch2
Cell3141,Group3,Batch2
Cell3142,Group3,Batch2
Cell3143,Group8,Batch2
Cell3144,Group8,Batch2
Cell3145,Group5,Batch2
Cell3146,Group1,Batch2
Cell3147,Group7,Batch2
Cell3148,Group1,Batch2
Cell3149,Group3,Batch2
Cell3150,Group3,Batch2
Cell3151,Group1,Batch2
Cell3152,Group7,Batch2
Cell3153,Group3,Batch2
Cell3154,Group8,Batch2
Cell3155,Group10,Batch2
Cell3156,Group4,Batch2
Cell3157,Group6,Batch2
Cell3158,Group2,Batch2
Cell3159,Group3,Batch2
Cell3160,Group8,Batch2
Cell3161,Group6,Batch2
Cell3162,Group8,Batch2
Cell3163,Group1,Batch2
Cell3164,Group9,Batch2
Cell3165,Group1,Batch2
Cell3166,Group8,Batch2
Cell3167,Group7,Batch2
Cell3168,Group1,Batch2
Cell3169,Group1,Batch2
Cell3170,Group5,Batch2
Cell3171,Group7,Batch2
Cell3172,Group7,Batch2
Cell3173,Group1,Batch2
Cell3174,Group6,Batch2
Cell3175,Group6,Batch2
Cell3176,Group5,Batch2
Cell3177,Group6,Batch2
Cell3178,Group4,Batch2
Cell3179,Group5,Batch2
Cell3180,Group7,Batch2
Cell3181,Group6,Batch2
Cell3182,Group3,Batch2
Cell3183,Group2,Batch2
Cell3184,Group7,Batch2
Cell3185,Group10,Batch2
Cell3186,Group2,Batch2
Cell3187,Group6,Batch2
Cell3188,Group1,Batch2
Cell3189,Group2,Batch2
Cell3190,Group1,Batch2
Cell3191,Group7,Batch2
Cell3192,Group5,Batch2
Cell3193,Group7,Batch2
Cell3194,Group2,Batch2
Cell3195,Group4,Batch2
Cell3196,Group10,Batch2
Cell3197,Group7,Batch2
Cell3198,Group5,Batch2
Cell3199,Group2,Batch2
Cell3200,Group1,Batch2
Cell3201,Group10,Batch2
Cell3202,Group9,Batch2
Cell3203,Group1,Batch2
Cell3204,Group6,Batch2
Cell3205,Group2,Batch2
Cell3206,Group6,Batch2
Cell3207,Group1,Batch2
Cell3208,Group5,Batch2
Cell3209,Group8,Batch2
Cell3210,Group3,Batch2
Cell3211,Group1,Batch2
Cell3212,Group6,Batch2
Cell3213,Group2,Batch2
Cell3214,Group2,Batch2
Cell3215,Group6,Batch2
Cell3216,Group2,Batch2
Cell3217,Group3,Batch2
Cell3218,Group10,Batch2
Cell3219,Group2,Batch2
Cell3220,Group1,Batch2
Cell3221,Group7,Batch2
Cell3222,Group2,Batch2
Cell3223,Group8,Batch2
Cell3224,Group1,Batch2
Cell3225,Group9,Batch2
Cell3226,Group3,Batch2
Cell3227,Group6,Batch2
Cell3228,Group10,Batch2
Cell3229,Group7,Batch2
Cell3230,Group4,Batch2
Cell3231,Group1,Batch2
Cell3232,Group10,Batch2
Cell3233,Group7,Batch2
Cell3234,Group5,Batch2
Cell3235,Group5,Batch2
Cell3236,Group3,Batch2
Cell3237,Group1,Batch2
Cell3238,Group5,Batch2
Cell3239,Group5,Batch2
Cell3240,Group8,Batch2
Cell3241,Group1,Batch2
Cell3242,Group2,Batch2
Cell3243,Group7,Batch2
Cell3244,Group7,Batch2
Cell3245,Group8,Batch2
Cell3246,Group10,Batch2
Cell3247,Group7,Batch2
Cell3248,Group10,Batch2
Cell3249,Group5,Batch2
Cell3250,Group1,Batch2
Cell3251,Group7,Batch2
Cell3252,Group7,Batch2
Cell3253,Group1,Batch2
Cell3254,Group9,Batch2
Cell3255,Group1,Batch2
Cell3256,Group6,Batch2
Cell3257,Group7,Batch2
Cell3258,Group2,Batch2
Cell3259,Group4,Batch2
Cell3260,Group7,Batch2
Cell3261,Group8,Batch2
Cell3262,Group10,Batch2
Cell3263,Group9,Batch2
Cell3264,Group2,Batch2
Cell3265,Group10,Batch2
Cell3266,Group1,Batch2
Cell3267,Group2,Batch2
Cell3268,Group2,Batch2
Cell3269,Group8,Batch2
Cell3270,Group8,Batch2
Cell3271,Group3,Batch2
Cell3272,Group1,Batch2
Cell3273,Group7,Batch2
Cell3274,Group1,Batch2
Cell3275,Group4,Batch2
Cell3276,Group10,Batch2
Cell3277,Group6,Batch2
Cell3278,Group9,Batch2
Cell3279,Group9,Batch2
Cell3280,Group1,Batch2
Cell3281,Group6,Batch2
Cell3282,Group1,Batch2
Cell3283,Group6,Batch2
Cell3284,Group7,Batch2
Cell3285,Group2,Batch2
Cell3286,Group3,Batch2
Cell3287,Group1,Batch2
Cell3288,Group1,Batch2
Cell3289,Group2,Batch2
Cell3290,Group7,Batch2
Cell3291,Group3,Batch2
Cell3292,Group2,Batch2
Cell3293,Group8,Batch2
Cell3294,Group8,Batch2
Cell3295,Group8,Batch2
Cell3296,Group8,Batch2
Cell3297,Group4,Batch2
Cell3298,Group5,Batch2
Cell3299,Group7,Batch2
Cell3300,Group7,Batch2
Cell3301,Group5,Batch2
Cell3302,Group7,Batch2
Cell3303,Group7,Batch2
Cell3304,Group4,Batch2
Cell3305,Group3,Batch2
Cell3306,Group10,Batch2
Cell3307,Group7,Batch2
Cell3308,Group10,Batch2
Cell3309,Group3,Batch2
Cell3310,Group8,Batch2
Cell3311,Group7,Batch2
Cell3312,Group1,Batch2
Cell3313,Group1,Batch2
Cell3314,Group6,Batch2
Cell3315,Group4,Batch2
Cell3316,Group7,Batch2
Cell3317,Group1,Batch2
Cell3318,Group2,Batch2
Cell3319,Group1,Batch2
Cell3320,Group1,Batch2
Cell3321,Group1,Batch2
Cell3322,Group5,Batch2
Cell3323,Group7,Batch2
Cell3324,Group10,Batch2
Cell3325,Group10,Batch2
Cell3326,Group3,Batch2
Cell3327,Group1,Batch2
Cell3328,Group10,Batch2
Cell3329,Group1,Batch2
Cell3330,Group3,Batch2
Cell3331,Group2,Batch2
Cell3332,Group1,Batch2
Cell3333,Group4,Batch2
Cell3334,Group1,Batch2
Cell3335,Group10,Batch2
Cell3336,Group2,Batch2
Cell3337,Group5,Batch2
Cell3338,Group1,Batch2
Cell3339,Group4,Batch2
Cell3340,Group9,Batch2
Cell3341,Group6,Batch2
Cell3342,Group7,Batch2
Cell3343,Group5,Batch2
Cell3344,Group5,Batch2
Cell3345,Group7,Batch2
Cell3346,Group7,Batch2
Cell3347,Group1,Batch2
Cell3348,Group5,Batch2
Cell3349,Group2,Batch2
Cell3350,Group1,Batch2
Cell3351,Group6,Batch2
Cell3352,Group1,Batch2
Cell3353,Group8,Batch2
Cell3354,Group3,Batch2
Cell3355,Group1,Batch2
Cell3356,Group7,Batch2
Cell3357,Group1,Batch2
Cell3358,Group4,Batch2
Cell3359,Group8,Batch2
Cell3360,Group3,Batch2
Cell3361,Group8,Batch2
Cell3362,Group3,Batch2
Cell3363,Group6,Batch2
Cell3364,Group5,Batch2
Cell3365,Group3,Batch2
Cell3366,Group8,Batch2
Cell3367,Group8,Batch2
Cell3368,Group6,Batch2
Cell3369,Group1,Batch2
Cell3370,Group2,Batch2
Cell3371,Group7,Batch2
Cell3372,Group3,Batch2
Cell3373,Group1,Batch2
Cell3374,Group8,Batch2
Cell3375,Group3,Batch2
Cell3376,Group1,Batch2
Cell3377,Group1,Batch2
Cell3378,Group6,Batch2
Cell3379,Group4,Batch2
Cell3380,Group4,Batch2
Cell3381,Group7,Batch2
Cell3382,Group2,Batch2
Cell3383,Group1,Batch2
Cell3384,Group1,Batch2
Cell3385,Group8,Batch2
Cell3386,Group8,Batch2
Cell3387,Group6,Batch2
Cell3388,Group4,Batch2
Cell3389,Group6,Batch2
Cell3390,Group2,Batch2
Cell3391,Group8,Batch2
Cell3392,Group2,Batch2
Cell3393,Group6,Batch2
Cell3394,Group2,Batch2
Cell3395,Group6,Batch2
Cell3396,Group5,Batch2
Cell3397,Group1,Batch2
Cell3398,Group9,Batch2
Cell3399,Group7,Batch2
Cell3400,Group1,Batch2
Cell3401,Group9,Batch2
Cell3402,Group1,Batch2
Cell3403,Group8,Batch2
Cell3404,Group2,Batch2
Cell3405,Group7,Batch2
Cell3406,Group7,Batch2
Cell3407,Group6,Batch2
Cell3408,Group10,Batch2
Cell3409,Group6,Batch2
Cell3410,Group5,Batch2
Cell3411,Group2,Batch2
Cell3412,Group7,Batch2
Cell3413,Group10,Batch2
Cell3414,Group10,Batch2
Cell3415,Group8,Batch2
Cell3416,Group1,Batch2
Cell3417,Group6,Batch2
Cell3418,Group1,Batch2
Cell3419,Group3,Batch2
Cell3420,Group2,Batch2
Cell3421,Group5,Batch2
Cell3422,Group7,Batch2
Cell3423,Group1,Batch2
Cell3424,Group3,Batch2
Cell3425,Group10,Batch2
Cell3426,Group5,Batch2
Cell3427,Group2,Batch2
Cell3428,Group8,Batch2
Cell3429,Group3,Batch2
Cell3430,Group7,Batch2
Cell3431,Group5,Batch2
Cell3432,Group6,Batch2
Cell3433,Group7,Batch2
Cell3434,Group7,Batch2
Cell3435,Group7,Batch2
Cell3436,Group10,Batch2
Cell3437,Group9,Batch2
Cell3438,Group10,Batch2
Cell3439,Group1,Batch2
Cell3440,Group10,Batch2
Cell3441,Group7,Batch2
Cell3442,Group6,Batch2
Cell3443,Group2,Batch2
Cell3444,Group7,Batch2
Cell3445,Group9,Batch2
Cell3446,Group1,Batch2
Cell3447,Group2,Batch2
Cell3448,Group2,Batch2
Cell3449,Group10,Batch2
Cell3450,Group10,Batch2
Cell3451,Group3,Batch2
Cell3452,Group7,Batch2
Cell3453,Group5,Batch2
Cell3454,Group5,Batch2
Cell3455,Group1,Batch2
Cell3456,Group3,Batch2
Cell3457,Group10,Batch2
Cell3458,Group6,Batch2
Cell3459,Group4,Batch2
Cell3460,Group7,Batch2
Cell3461,Group1,Batch2
Cell3462,Group8,Batch2
Cell3463,Group7,Batch2
Cell3464,Group7,Batch2
Cell3465,Group9,Batch2
Cell3466,Group10,Batch2
Cell3467,Group5,Batch2
Cell3468,Group7,Batch2
Cell3469,Group5,Batch2
Cell3470,Group8,Batch2
Cell3471,Group10,Batch2
Cell3472,Group1,Batch2
Cell3473,Group2,Batch2
Cell3474,Group1,Batch2
Cell3475,Group3,Batch2
Cell3476,Group8,Batch2
Cell3477,Group5,Batch2
Cell3478,Group7,Batch2
Cell3479,Group9,Batch2
Cell3480,Group1,Batch2
Cell3481,Group5,Batch2
Cell3482,Group6,Batch2
Cell3483,Group5,Batch2
Cell3484,Group7,Batch2
Cell3485,Group3,Batch2
Cell3486,Group1,Batch2
Cell3487,Group6,Batch2
Cell3488,Group1,Batch2
Cell3489,Group10,Batch2
Cell3490,Group1,Batch2
Cell3491,Group7,Batch2
Cell3492,Group4,Batch2
Cell3493,Group6,Batch2
Cell3494,Group1,Batch2
Cell3495,Group10,Batch2
Cell3496,Group3,Batch2
Cell3497,Group7,Batch2
Cell3498,Group9,Batch2
Cell3499,Group7,Batch2
Cell3500,Group5,Batch2
Cell3501,Group10,Batch2
Cell3502,Group1,Batch2
Cell3503,Group7,Batch2
Cell3504,Group7,Batch2
Cell3505,Group2,Batch2
Cell3506,Group7,Batch2
Cell3507,Group2,Batch2
Cell3508,Group7,Batch2
Cell3509,Group3,Batch2
Cell3510,Group7,Batch2
Cell3511,Group3,Batch2
Cell3512,Group6,Batch2
Cell3513,Group10,Batch2
Cell3514,Group7,Batch2
Cell3515,Group7,Batch2
Cell3516,Group8,Batch2
Cell3517,Group4,Batch2
Cell3518,Group8,Batch2
Cell3519,Group4,Batch2
Cell3520,Group3,Batch2
Cell3521,Group6,Batch2
Cell3522,Group10,Batch2
Cell3523,Group3,Batch2
Cell3524,Group1,Batch2
Cell3525,Group3,Batch2
Cell3526,Group1,Batch2
Cell3527,Group6,Batch2
Cell3528,Group9,Batch2
Cell3529,Group10,Batch2
Cell3530,Group5,Batch2
Cell3531,Group9,Batch2
Cell3532,Group3,Batch2
Cell3533,Group6,Batch2
Cell3534,Group7,Batch2
Cell3535,Group8,Batch2
Cell3536,Group7,Batch2
Cell3537,Group1,Batch2
Cell3538,Group7,Batch2
Cell3539,Group7,Batch2
Cell3540,Group10,Batch2
Cell3541,Group8,Batch2
Cell3542,Group6,Batch2
Cell3543,Group6,Batch2
Cell3544,Group4,Batch2
Cell3545,Group4,Batch2
Cell3546,Group6,Batch2
Cell3547,Group7,Batch2
Cell3548,Group6,Batch2
Cell3549,Group6,Batch2
Cell3550,Group5,Batch2
Cell3551,Group9,Batch2
Cell3552,Group2,Batch2
Cell3553,Group10,Batch2
Cell3554,Group4,Batch2
Cell3555,Group7,Batch2
Cell3556,Group1,Batch2
Cell3557,Group6,Batch2
Cell3558,Group1,Batch2
Cell3559,Group6,Batch2
Cell3560,Group7,Batch2
Cell3561,Group4,Batch2
Cell3562,Group1,Batch2
Cell3563,Group7,Batch2
Cell3564,Group3,Batch2
Cell3565,Group10,Batch2
Cell3566,Group1,Batch2
Cell3567,Group7,Batch2
Cell3568,Group7,Batch2
Cell3569,Group1,Batch2
Cell3570,Group3,Batch2
Cell3571,Group4,Batch2
Cell3572,Group9,Batch2
Cell3573,Group10,Batch2
Cell3574,Group10,Batch2
Cell3575,Group2,Batch2
Cell3576,Group2,Batch2
Cell3577,Group10,Batch2
Cell3578,Group8,Batch2
Cell3579,Group5,Batch2
Cell3580,Group7,Batch2
Cell3581,Group7,Batch2
Cell3582,Group6,Batch2
Cell3583,Group6,Batch2
Cell3584,Group1,Batch2
Cell3585,Group7,Batch2
Cell3586,Group10,Batch2
Cell3587,Group7,Batch2
Cell3588,Group5,Batch2
Cell3589,Group6,Batch2
Cell3590,Group3,Batch2
Cell3591,Group10,Batch2
Cell3592,Group10,Batch2
Cell3593,Group7,Batch2
Cell3594,Group8,Batch2
Cell3595,Group3,Batch2
Cell3596,Group2,Batch2
Cell3597,Group5,Batch2
Cell3598,Group3,Batch2
Cell3599,Group10,Batch2
Cell3600,Group9,Batch2
Cell3601,Group1,Batch2
Cell3602,Group1,Batch2
Cell3603,Group5,Batch2
Cell3604,Group7,Batch2
Cell3605,Group7,Batch2
Cell3606,Group3,Batch2
Cell3607,Group4,Batch2
Cell3608,Group7,Batch2
Cell3609,Group8,Batch2
Cell3610,Group4,Batch2
Cell3611,Group7,Batch2
Cell3612,Group1,Batch2
Cell3613,Group1,Batch2
Cell3614,Group10,Batch2
Cell3615,Group7,Batch2
Cell3616,Group7,Batch2
Cell3617,Group5,Batch2
Cell3618,Group7,Batch2
Cell3619,Group3,Batch2
Cell3620,Group7,Batch2
Cell3621,Group7,Batch2
Cell3622,Group9,Batch2
Cell3623,Group6,Batch2
Cell3624,Group1,Batch2
Cell3625,Group2,Batch2
Cell3626,Group5,Batch2
Cell3627,Group3,Batch2
Cell3628,Group2,Batch2
Cell3629,Group3,Batch2
Cell3630,Group5,Batch2
Cell3631,Group2,Batch2
Cell3632,Group3,Batch2
Cell3633,Group10,Batch2
Cell3634,Group10,Batch2
Cell3635,Group10,Batch2
Cell3636,Group1,Batch2
Cell3637,Group3,Batch2
Cell3638,Group8,Batch2
Cell3639,Group3,Batch2
Cell3640,Group10,Batch2
Cell3641,Group7,Batch2
Cell3642,Group6,Batch2
Cell3643,Group8,Batch2
Cell3644,Group7,Batch2
Cell3645,Group10,Batch2
Cell3646,Group7,Batch2
Cell3647,Group1,Batch2
Cell3648,Group3,Batch2
Cell3649,Group9,Batch2
Cell3650,Group6,Batch2
Cell3651,Group7,Batch2
Cell3652,Group5,Batch2
Cell3653,Group1,Batch2
Cell3654,Group8,Batch2
Cell3655,Group5,Batch2
Cell3656,Group7,Batch2
Cell3657,Group1,Batch2
Cell3658,Group6,Batch2
Cell3659,Group7,Batch2
Cell3660,Group7,Batch2
Cell3661,Group6,Batch2
Cell3662,Group4,Batch2
Cell3663,Group4,Batch2
Cell3664,Group8,Batch2
Cell3665,Group10,Batch2
Cell3666,Group5,Batch2
Cell3667,Group7,Batch2
Cell3668,Group2,Batch2
Cell3669,Group10,Batch2
Cell3670,Group4,Batch2
Cell3671,Group8,Batch2
Cell3672,Group6,Batch2
Cell3673,Group3,Batch2
Cell3674,Group2,Batch2
Cell3675,Group9,Batch2
Cell3676,Group10,Batch2
Cell3677,Group6,Batch2
Cell3678,Group4,Batch2
Cell3679,Group8,Batch2
Cell3680,Group3,Batch2
Cell3681,Group7,Batch2
Cell3682,Group1,Batch2
Cell3683,Group7,Batch2
Cell3684,Group1,Batch2
Cell3685,Group8,Batch2
Cell3686,Group1,Batch2
Cell3687,Group1,Batch2
Cell3688,Group1,Batch2
Cell3689,Group4,Batch2
Cell3690,Group9,Batch2
Cell3691,Group5,Batch2
Cell3692,Group5,Batch2
Cell3693,Group10,Batch2
Cell3694,Group7,Batch2
Cell3695,Group3,Batch2
Cell3696,Group8,Batch2
Cell3697,Group1,Batch2
Cell3698,Group1,Batch2
Cell3699,Group2,Batch2
Cell3700,Group7,Batch2
Cell3701,Group1,Batch2
Cell3702,Group4,Batch2
Cell3703,Group10,Batch2
Cell3704,Group3,Batch2
Cell3705,Group6,Batch2
Cell3706,Group7,Batch2
Cell3707,Group3,Batch2
Cell3708,Group3,Batch2
Cell3709,Group9,Batch2
Cell3710,Group2,Batch2
Cell3711,Group8,Batch2
Cell3712,Group1,Batch2
Cell3713,Group6,Batch2
Cell3714,Group2,Batch2
Cell3715,Group4,Batch2
Cell3716,Group7,Batch2
Cell3717,Group2,Batch2
Cell3718,Group10,Batch2
Cell3719,Group8,Batch2
Cell3720,Group10,Batch2
Cell3721,Group6,Batch2
Cell3722,Group1,Batch2
Cell3723,Group10,Batch2
Cell3724,Group7,Batch2
Cell3725,Group1,Batch2
Cell3726,Group3,Batch2
Cell3727,Group8,Batch2
Cell3728,Group1,Batch2
Cell3729,Group7,Batch2
Cell3730,Group8,Batch2
Cell3731,Group7,Batch2
Cell3732,Group5,Batch2
Cell3733,Group2,Batch2
Cell3734,Group6,Batch2
Cell3735,Group10,Batch2
Cell3736,Group3,Batch2
Cell3737,Group2,Batch2
Cell3738,Group10,Batch2
Cell3739,Group7,Batch2
Cell3740,Group4,Batch2
Cell3741,Group5,Batch2
Cell3742,Group10,Batch2
Cell3743,Group2,Batch2
Cell3744,Group8,Batch2
Cell3745,Group8,Batch2
Cell3746,Group1,Batch2
Cell3747,Group4,Batch2
Cell3748,Group10,Batch2
Cell3749,Group5,Batch2
Cell3750,Group1,Batch2
Cell3751,Group5,Batch2
Cell3752,Group2,Batch2
Cell3753,Group6,Batch2
Cell3754,Group2,Batch2
Cell3755,Group2,Batch2
Cell3756,Group3,Batch2
Cell3757,Group1,Batch2
Cell3758,Group2,Batch2
Cell3759,Group5,Batch2
Cell3760,Group3,Batch2
Cell3761,Group2,Batch2
Cell3762,Group10,Batch2
Cell3763,Group8,Batch2
Cell3764,Group2,Batch2
Cell3765,Group2,Batch2
Cell3766,Group5,Batch2
Cell3767,Group7,Batch2
Cell3768,Group6,Batch2
Cell3769,Group2,Batch2
Cell3770,Group8,Batch2
Cell3771,Group6,Batch2
Cell3772,Group2,Batch2
Cell3773,Group2,Batch2
Cell3774,Group10,Batch2
Cell3775,Group4,Batch2
Cell3776,Group7,Batch2
Cell3777,Group6,Batch2
Cell3778,Group3,Batch2
Cell3779,Group3,Batch2
Cell3780,Group3,Batch2
Cell3781,Group8,Batch2
Cell3782,Group5,Batch2
Cell3783,Group5,Batch2
Cell3784,Group6,Batch2
Cell3785,Group8,Batch2
Cell3786,Group3,Batch2
Cell3787,Group8,Batch2
Cell3788,Group8,Batch2
Cell3789,Group6,Batch2
Cell3790,Group5,Batch2
Cell3791,Group10,Batch2
Cell3792,Group1,Batch2
Cell3793,Group3,Batch2
Cell3794,Group9,Batch2
Cell3795,Group5,Batch2
Cell3796,Group6,Batch2
Cell3797,Group7,Batch2
Cell3798,Group2,Batch2
Cell3799,Group2,Batch2
Cell3800,Group4,Batch2
Cell3801,Group8,Batch2
Cell3802,Group7,Batch2
Cell3803,Group4,Batch2
Cell3804,Group4,Batch2
Cell3805,Group10,Batch2
Cell3806,Group2,Batch2
Cell3807,Group3,Batch2
Cell3808,Group3,Batch2
Cell3809,Group1,Batch2
Cell3810,Group1,Batch2
Cell3811,Group10,Batch2
Cell3812,Group7,Batch2
Cell3813,Group7,Batch2
Cell3814,Group6,Batch2
Cell3815,Group7,Batch2
Cell3816,Group2,Batch2
Cell3817,Group6,Batch2
Cell3818,Group5,Batch2
Cell3819,Group3,Batch2
Cell3820,Group8,Batch2
Cell3821,Group6,Batch2
Cell3822,Group6,Batch2
Cell3823,Group3,Batch2
Cell3824,Group1,Batch2
Cell3825,Group2,Batch2
Cell3826,Group7,Batch2
Cell3827,Group1,Batch2
Cell3828,Group7,Batch2
Cell3829,Group8,Batch2
Cell3830,Group8,Batch2
Cell3831,Group5,Batch2
Cell3832,Group2,Batch2
Cell3833,Group10,Batch2
Cell3834,Group8,Batch2
Cell3835,Group2,Batch2
Cell3836,Group3,Batch2
Cell3837,Group1,Batch2
Cell3838,Group10,Batch2
Cell3839,Group1,Batch2
Cell3840,Group2,Batch2
Cell3841,Group7,Batch2
Cell3842,Group5,Batch2
Cell3843,Group10,Batch2
Cell3844,Group9,Batch2
Cell3845,Group5,Batch2
Cell3846,Group4,Batch2
Cell3847,Group7,Batch2
Cell3848,Group3,Batch2
Cell3849,Group10,Batch2
Cell3850,Group7,Batch2
Cell3851,Group7,Batch2
Cell3852,Group8,Batch2
Cell3853,Group8,Batch2
Cell3854,Group7,Batch2
Cell3855,Group10,Batch2
Cell3856,Group10,Batch2
Cell3857,Group5,Batch2
Cell3858,Group2,Batch2
Cell3859,Group7,Batch2
Cell3860,Group7,Batch2
Cell3861,Group6,Batch2
Cell3862,Group8,Batch2
Cell3863,Group7,Batch2
Cell3864,Group9,Batch2
Cell3865,Group7,Batch2
Cell3866,Group10,Batch2
Cell3867,Group6,Batch2
Cell3868,Group5,Batch2
Cell3869,Group1,Batch2
Cell3870,Group3,Batch2
Cell3871,Group1,Batch2
Cell3872,Group8,Batch2
Cell3873,Group9,Batch2
Cell3874,Group9,Batch2
Cell3875,Group3,Batch2
Cell3876,Group7,Batch2
Cell3877,Group3,Batch2
Cell3878,Group7,Batch2
Cell3879,Group2,Batch2
Cell3880,Group7,Batch2
Cell3881,Group3,Batch2
Cell3882,Group7,Batch2
Cell3883,Group3,Batch2
Cell3884,Group8,Batch2
Cell3885,Group4,Batch2
Cell3886,Group6,Batch2
Cell3887,Group7,Batch2
Cell3888,Group8,Batch2
Cell3889,Group1,Batch2
Cell3890,Group2,Batch2
Cell3891,Group8,Batch2
Cell3892,Group5,Batch2
Cell3893,Group1,Batch2
Cell3894,Group2,Batch2
Cell3895,Group9,Batch2
Cell3896,Group2,Batch2
Cell3897,Group5,Batch2
Cell3898,Group10,Batch2
Cell3899,Group6,Batch2
Cell3900,Group1,Batch2
Cell3901,Group8,Batch2
Cell3902,Group3,Batch2
Cell3903,Group7,Batch2
Cell3904,Group7,Batch2
Cell3905,Group1,Batch2
Cell3906,Group2,Batch2
Cell3907,Group1,Batch2
Cell3908,Group7,Batch2
Cell3909,Group3,Batch2
Cell3910,Group8,Batch2
Cell3911,Group8,Batch2
Cell3912,Group1,Batch2
Cell3913,Group10,Batch2
Cell3914,Group6,Batch2
Cell3915,Group10,Batch2
Cell3916,Group7,Batch2
Cell3917,Group5,Batch2
Cell3918,Group6,Batch2
Cell3919,Group6,Batch2
Cell3920,Group7,Batch2
Cell3921,Group10,Batch2
Cell3922,Group1,Batch2
Cell3923,Group10,Batch2
Cell3924,Group4,Batch2
Cell3925,Group4,Batch2
Cell3926,Group5,Batch2
Cell3927,Group2,Batch2
Cell3928,Group4,Batch2
Cell3929,Group7,Batch2
Cell3930,Group8,Batch2
Cell3931,Group3,Batch2
Cell3932,Group7,Batch2
Cell3933,Group6,Batch2
Cell3934,Group5,Batch2
Cell3935,Group8,Batch2
Cell3936,Group10,Batch2
Cell3937,Group10,Batch2
Cell3938,Group6,Batch2
Cell3939,Group7,Batch2
Cell3940,Group2,Batch2
Cell3941,Group9,Batch2
Cell3942,Group9,Batch2
Cell3943,Group7,Batch2
Cell3944,Group5,Batch2
Cell3945,Group9,Batch2
Cell3946,Group1,Batch2
Cell3947,Group9,Batch2
Cell3948,Group2,Batch2
Cell3949,Group7,Batch2
Cell3950,Group4,Batch2
Cell3951,Group7,Batch2
Cell3952,Group9,Batch2
Cell3953,Group8,Batch2
Cell3954,Group1,Batch2
Cell3955,Group2,Batch2
Cell3956,Group10,Batch2
Cell3957,Group2,Batch2
Cell3958,Group10,Batch2
Cell3959,Group2,Batch2
Cell3960,Group5,Batch2
Cell3961,Group8,Batch2
Cell3962,Group8,Batch2
Cell3963,Group2,Batch2
Cell3964,Group6,Batch2
Cell3965,Group1,Batch2
Cell3966,Group6,Batch2
Cell3967,Group6,Batch2
Cell3968,Group2,Batch2
Cell3969,Group10,Batch2
Cell3970,Group10,Batch2
Cell3971,Group2,Batch2
Cell3972,Group7,Batch2
Cell3973,Group4,Batch2
Cell3974,Group1,Batch2
Cell3975,Group2,Batch2
Cell3976,Group1,Batch2
Cell3977,Group8,Batch2
Cell3978,Group7,Batch2
Cell3979,Group4,Batch2
Cell3980,Group1,Batch2
Cell3981,Group2,Batch2
Cell3982,Group7,Batch2
Cell3983,Group3,Batch2
Cell3984,Group2,Batch2
Cell3985,Group3,Batch2
Cell3986,Group7,Batch2
Cell3987,Group5,Batch2
Cell3988,Group4,Batch2
Cell3989,Group1,Batch2
Cell3990,Group2,Batch2
Cell3991,Group2,Batch2
Cell3992,Group8,Batch2
Cell3993,Group4,Batch2
Cell3994,Group1,Batch2
Cell3995,Group2,Batch2
Cell3996,Group7,Batch2
Cell3997,Group10,Batch2
Cell3998,Group1,Batch2
Cell3999,Group10,Batch2
Cell4000,Group4,Batch2
Cell4001,Group8,Batch2
Cell4002,Group3,Batch2
Cell4003,Group6,Batch2
Cell4004,Group1,Batch2
Cell4005,Group4,Batch2
Cell4006,Group2,Batch2
Cell4007,Group3,Batch2
Cell4008,Group6,Batch2
Cell4009,Group10,Batch2
Cell4010,Group1,Batch2
Cell4011,Group10,Batch2
Cell4012,Group10,Batch2
Cell4013,Group8,Batch2
Cell4014,Group4,Batch2
Cell4015,Group10,Batch2
Cell4016,Group8,Batch2
Cell4017,Group5,Batch2
Cell4018,Group10,Batch2
Cell4019,Group5,Batch2
Cell4020,Group6,Batch2
Cell4021,Group9,Batch2
Cell4022,Group1,Batch2
Cell4023,Group2,Batch2
Cell4024,Group3,Batch2
Cell4025,Group9,Batch2
Cell4026,Group6,Batch2
Cell4027,Group4,Batch2
Cell4028,Group1,Batch2
Cell4029,Group8,Batch2
Cell4030,Group6,Batch2
Cell4031,Group1,Batch2
Cell4032,Group2,Batch2
Cell4033,Group1,Batch2
Cell4034,Group8,Batch2
Cell4035,Group2,Batch2
Cell4036,Group2,Batch2
Cell4037,Group6,Batch2
Cell4038,Group10,Batch2
Cell4039,Group10,Batch2
Cell4040,Group5,Batch2
Cell4041,Group7,Batch2
Cell4042,Group1,Batch2
Cell4043,Group10,Batch2
Cell4044,Group6,Batch2
Cell4045,Group7,Batch2
Cell4046,Group7,Batch2
Cell4047,Group1,Batch2
Cell4048,Group1,Batch2
Cell4049,Group2,Batch2
Cell4050,Group10,Batch2
Cell4051,Group10,Batch2
Cell4052,Group7,Batch2
Cell4053,Group10,Batch2
Cell4054,Group7,Batch2
Cell4055,Group9,Batch2
Cell4056,Group6,Batch2
Cell4057,Group1,Batch2
Cell4058,Group2,Batch2
Cell4059,Group10,Batch2
Cell4060,Group3,Batch2
Cell4061,Group8,Batch2
Cell4062,Group10,Batch2
Cell4063,Group3,Batch2
Cell4064,Group10,Batch2
Cell4065,Group5,Batch2
Cell4066,Group3,Batch2
Cell4067,Group10,Batch2
Cell4068,Group1,Batch2
Cell4069,Group9,Batch2
Cell4070,Group7,Batch2
Cell4071,Group7,Batch2
Cell4072,Group1,Batch2
Cell4073,Group6,Batch2
Cell4074,Group1,Batch2
Cell4075,Group3,Batch2
Cell4076,Group5,Batch2
Cell4077,Group4,Batch2
Cell4078,Group5,Batch2
Cell4079,Group1,Batch2
Cell4080,Group2,Batch2
Cell4081,Group6,Batch2
Cell4082,Group2,Batch2
Cell4083,Group6,Batch2
Cell4084,Group8,Batch2
Cell4085,Group6,Batch2
Cell4086,Group8,Batch2
Cell4087,Group2,Batch2
Cell4088,Group6,Batch2
Cell4089,Group7,Batch2
Cell4090,Group3,Batch2
Cell4091,Group10,Batch2
Cell4092,Group4,Batch2
Cell4093,Group7,Batch2
Cell4094,Group2,Batch2
Cell4095,Group1,Batch2
Cell4096,Group8,Batch2
Cell4097,Group1,Batch2
Cell4098,Group1,Batch2
Cell4099,Group2,Batch2
Cell4100,Group8,Batch2
Cell4101,Group2,Batch2
Cell4102,Group8,Batch2
Cell4103,Group8,Batch2
Cell4104,Group5,Batch2
Cell4105,Group6,Batch2
Cell4106,Group2,Batch2
Cell4107,Group7,Batch2
Cell4108,Group2,Batch2
Cell4109,Group2,Batch2
Cell4110,Group1,Batch2
Cell4111,Group8,Batch2
Cell4112,Group3,Batch2
Cell4113,Group3,Batch2
Cell4114,Group8,Batch2
Cell4115,Group9,Batch2
Cell4116,Group5,Batch2
Cell4117,Group8,Batch2
Cell4118,Group8,Batch2
Cell4119,Group7,Batch2
Cell4120,Group8,Batch2
Cell4121,Group1,Batch2
Cell4122,Group1,Batch2
Cell4123,Group1,Batch2
Cell4124,Group2,Batch2
Cell4125,Group1,Batch2
Cell4126,Group3,Batch2
Cell4127,Group8,Batch2
Cell4128,Group10,Batch2
Cell4129,Group5,Batch2
Cell4130,Group2,Batch2
Cell4131,Group3,Batch2
Cell4132,Group10,Batch2
Cell4133,Group1,Batch2
Cell4134,Group9,Batch2
Cell4135,Group7,Batch2
Cell4136,Group7,Batch2
Cell4137,Group2,Batch2
Cell4138,Group10,Batch2
Cell4139,Group7,Batch2
Cell4140,Group8,Batch2
Cell4141,Group5,Batch2
Cell4142,Group4,Batch2
Cell4143,Group1,Batch2
Cell4144,Group7,Batch2
Cell4145,Group3,Batch2
Cell4146,Group6,Batch2
Cell4147,Group1,Batch2
Cell4148,Group4,Batch2
Cell4149,Group7,Batch2
Cell4150,Group7,Batch2
Cell4151,Group7,Batch2
Cell4152,Group2,Batch2
Cell4153,Group2,Batch2
Cell4154,Group10,Batch2
Cell4155,Group8,Batch2
Cell4156,Group5,Batch2
Cell4157,Group7,Batch2
Cell4158,Group1,Batch2
Cell4159,Group1,Batch2
Cell4160,Group4,Batch2
Cell4161,Group5,Batch2
Cell4162,Group7,Batch2
Cell4163,Group1,Batch2
Cell4164,Group5,Batch2
Cell4165,Group4,Batch2
Cell4166,Group10,Batch2
Cell4167,Group4,Batch2
Cell4168,Group2,Batch2
Cell4169,Group2,Batch2
Cell4170,Group8,Batch2
Cell4171,Group7,Batch2
Cell4172,Group5,Batch2
Cell4173,Group6,Batch2
Cell4174,Group7,Batch2
Cell4175,Group1,Batch2
Cell4176,Group4,Batch2
Cell4177,Group10,Batch2
Cell4178,Group1,Batch2
Cell4179,Group3,Batch2
Cell4180,Group3,Batch2
Cell4181,Group4,Batch2
Cell4182,Group5,Batch2
Cell4183,Group9,Batch2
Cell4184,Group9,Batch2
Cell4185,Group7,Batch2
Cell4186,Group3,Batch2
Cell4187,Group7,Batch2
Cell4188,Group3,Batch2
Cell4189,Group10,Batch2
Cell4190,Group3,Batch2
Cell4191,Group1,Batch2
Cell4192,Group4,Batch2
Cell4193,Group8,Batch2
Cell4194,Group4,Batch2
Cell4195,Group7,Batch2
Cell4196,Group4,Batch2
Cell4197,Group1,Batch2
Cell4198,Group10,Batch2
Cell4199,Group10,Batch2
Cell4200,Group7,Batch2
Cell4201,Group6,Batch2
Cell4202,Group5,Batch2
Cell4203,Group2,Batch2
Cell4204,Group1,Batch2
Cell4205,Group2,Batch2
Cell4206,Group2,Batch2
Cell4207,Group2,Batch2
Cell4208,Group2,Batch2
Cell4209,Group5,Batch2
Cell4210,Group5,Batch2
Cell4211,Group10,Batch2
Cell4212,Group10,Batch2
Cell4213,Group10,Batch2
Cell4214,Group7,Batch2
Cell4215,Group7,Batch2
Cell4216,Group1,Batch2
Cell4217,Group6,Batch2
Cell4218,Group7,Batch2
Cell4219,Group10,Batch2
Cell4220,Group10,Batch2
Cell4221,Group1,Batch2
Cell4222,Group6,Batch2
Cell4223,Group6,Batch2
Cell4224,Group7,Batch2
Cell4225,Group3,Batch2
Cell4226,Group2,Batch2
Cell4227,Group7,Batch2
Cell4228,Group7,Batch2
Cell4229,Group7,Batch2
Cell4230,Group8,Batch2
Cell4231,Group2,Batch2
Cell4232,Group1,Batch2
Cell4233,Group1,Batch2
Cell4234,Group3,Batch2
Cell4235,Group6,Batch2
Cell4236,Group2,Batch2
Cell4237,Group3,Batch2
Cell4238,Group1,Batch2
Cell4239,Group1,Batch2
Cell4240,Group1,Batch2
Cell4241,Group8,Batch2
Cell4242,Group7,Batch2
Cell4243,Group6,Batch2
Cell4244,Group1,Batch2
Cell4245,Group7,Batch2
Cell4246,Group1,Batch2
Cell4247,Group10,Batch2
Cell4248,Group1,Batch2
Cell4249,Group6,Batch2
Cell4250,Group10,Batch2
Cell4251,Group10,Batch2
Cell4252,Group1,Batch2
Cell4253,Group8,Batch2
Cell4254,Group6,Batch2
Cell4255,Group7,Batch2
Cell4256,Group2,Batch2
Cell4257,Group2,Batch2
Cell4258,Group8,Batch2
Cell4259,Group1,Batch2
Cell4260,Group8,Batch2
Cell4261,Group4,Batch2
Cell4262,Group3,Batch2
Cell4263,Group8,Batch2
Cell4264,Group1,Batch2
Cell4265,Group9,Batch2
Cell4266,Group2,Batch2
Cell4267,Group2,Batch2
Cell4268,Group1,Batch2
Cell4269,Group6,Batch2
Cell4270,Group1,Batch2
Cell4271,Group5,Batch2
Cell4272,Group7,Batch2
Cell4273,Group1,Batch2
Cell4274,Group6,Batch2
Cell4275,Group1,Batch2
Cell4276,Group6,Batch2
Cell4277,Group5,Batch2
Cell4278,Group6,Batch2
Cell4279,Group4,Batch2
Cell4280,Group6,Batch2
Cell4281,Group3,Batch2
Cell4282,Group4,Batch2
Cell4283,Group2,Batch2
Cell4284,Group5,Batch2
Cell4285,Group7,Batch2
Cell4286,Group5,Batch2
Cell4287,Group1,Batch2
Cell4288,Group7,Batch2
Cell4289,Group3,Batch2
Cell4290,Group7,Batch2
Cell4291,Group6,Batch2
Cell4292,Group7,Batch2
Cell4293,Group5,Batch2
Cell4294,Group7,Batch2
Cell4295,Group9,Batch2
Cell4296,Group4,Batch2
Cell4297,Group9,Batch2
Cell4298,Group7,Batch2
Cell4299,Group2,Batch2
Cell4300,Group5,Batch2
Cell4301,Group7,Batch2
Cell4302,Group6,Batch2
Cell4303,Group5,Batch2
Cell4304,Group7,Batch2
Cell4305,Group7,Batch2
Cell4306,Group4,Batch2
Cell4307,Group7,Batch2
Cell4308,Group10,Batch2
Cell4309,Group3,Batch2
Cell4310,Group6,Batch2
Cell4311,Group1,Batch2
Cell4312,Group10,Batch2
Cell4313,Group4,Batch2
Cell4314,Group5,Batch2
Cell4315,Group5,Batch2
Cell4316,Group5,Batch2
Cell4317,Group6,Batch2
Cell4318,Group8,Batch2
Cell4319,Group8,Batch2
Cell4320,Group10,Batch2
Cell4321,Group1,Batch2
Cell4322,Group6,Batch2
Cell4323,Group9,Batch2
Cell4324,Group5,Batch2
Cell4325,Group8,Batch2
Cell4326,Group5,Batch2
Cell4327,Group10,Batch2
Cell4328,Group10,Batch2
Cell4329,Group1,Batch2
Cell4330,Group10,Batch2
Cell4331,Group3,Batch2
Cell4332,Group10,Batch2
Cell4333,Group7,Batch2
Cell4334,Group6,Batch2
Cell4335,Group6,Batch2
Cell4336,Group10,Batch2
Cell4337,Group5,Batch2
Cell4338,Group3,Batch2
Cell4339,Group7,Batch2
Cell4340,Group2,Batch2
Cell4341,Group1,Batch2
Cell4342,Group1,Batch2
Cell4343,Group4,Batch2
Cell4344,Group2,Batch2
Cell4345,Group3,Batch2
Cell4346,Group5,Batch2
Cell4347,Group6,Batch2
Cell4348,Group1,Batch2
Cell4349,Group3,Batch2
Cell4350,Group3,Batch2
Cell4351,Group1,Batch2
Cell4352,Group7,Batch2
Cell4353,Group3,Batch2
Cell4354,Group8,Batch2
Cell4355,Group1,Batch2
Cell4356,Group7,Batch2
Cell4357,Group8,Batch2
Cell4358,Group7,Batch2
Cell4359,Group10,Batch2
Cell4360,Group4,Batch2
Cell4361,Group2,Batch2
Cell4362,Group7,Batch2
Cell4363,Group6,Batch2
Cell4364,Group8,Batch2
Cell4365,Group1,Batch2
Cell4366,Group10,Batch2
Cell4367,Group5,Batch2
Cell4368,Group4,Batch2
Cell4369,Group6,Batch2
Cell4370,Group1,Batch2
Cell4371,Group8,Batch2
Cell4372,Group10,Batch2
Cell4373,Group10,Batch2
Cell4374,Group3,Batch2
Cell4375,Group10,Batch2
Cell4376,Group8,Batch2
Cell4377,Group5,Batch2
Cell4378,Group10,Batch2
Cell4379,Group6,Batch2
Cell4380,Group10,Batch2
Cell4381,Group1,Batch2
Cell4382,Group2,Batch2
Cell4383,Group3,Batch2
Cell4384,Group6,Batch2
Cell4385,Group3,Batch2
Cell4386,Group3,Batch2
Cell4387,Group9,Batch2
Cell4388,Group10,Batch2
Cell4389,Group5,Batch2
Cell4390,Group1,Batch2
Cell4391,Group7,Batch2
Cell4392,Group2,Batch2
Cell4393,Group5,Batch2
Cell4394,Group5,Batch2
Cell4395,Group9,Batch2
Cell4396,Group5,Batch2
Cell4397,Group2,Batch2
Cell4398,Group8,Batch2
Cell4399,Group7,Batch2
Cell4400,Group8,Batch2
Cell4401,Group1,Batch2
Cell4402,Group7,Batch2
Cell4403,Group5,Batch2
Cell4404,Group8,Batch2
Cell4405,Group2,Batch2
Cell4406,Group4,Batch2
Cell4407,Group2,Batch2
Cell4408,Group5,Batch2
Cell4409,Group6,Batch2
Cell4410,Group8,Batch2
Cell4411,Group6,Batch2
Cell4412,Group1,Batch2
Cell4413,Group5,Batch2
Cell4414,Group3,Batch2
Cell4415,Group10,Batch2
Cell4416,Group1,Batch2
Cell4417,Group5,Batch2
Cell4418,Group10,Batch2
Cell4419,Group1,Batch2
Cell4420,Group3,Batch2
Cell4421,Group2,Batch2
Cell4422,Group7,Batch2
Cell4423,Group10,Batch2
Cell4424,Group8,Batch2
Cell4425,Group10,Batch2
Cell4426,Group5,Batch2
Cell4427,Group6,Batch2
Cell4428,Group8,Batch2
Cell4429,Group3,Batch2
Cell4430,Group3,Batch2
Cell4431,Group3,Batch2
Cell4432,Group3,Batch2
Cell4433,Group3,Batch2
Cell4434,Group3,Batch2
Cell4435,Group8,Batch2
Cell4436,Group2,Batch2
Cell4437,Group6,Batch2
Cell4438,Group1,Batch2
Cell4439,Group5,Batch2
Cell4440,Group5,Batch2
Cell4441,Group2,Batch2
Cell4442,Group9,Batch2
Cell4443,Group2,Batch2
Cell4444,Group8,Batch2
Cell4445,Group8,Batch2
Cell4446,Group6,Batch2
Cell4447,Group10,Batch2
Cell4448,Group8,Batch2
Cell4449,Group9,Batch2
Cell4450,Group7,Batch2
Cell4451,Group7,Batch2
Cell4452,Group7,Batch2
Cell4453,Group7,Batch2
Cell4454,Group9,Batch2
Cell4455,Group2,Batch2
Cell4456,Group6,Batch2
Cell4457,Group2,Batch2
Cell4458,Group10,Batch2
Cell4459,Group5,Batch2
Cell4460,Group3,Batch2
Cell4461,Group3,Batch2
Cell4462,Group5,Batch2
Cell4463,Group1,Batch2
Cell4464,Group8,Batch2
Cell4465,Group2,Batch2
Cell4466,Group7,Batch2
Cell4467,Group8,Batch2
Cell4468,Group3,Batch2
Cell4469,Group5,Batch2
Cell4470,Group7,Batch2
Cell4471,Group6,Batch2
Cell4472,Group1,Batch2
Cell4473,Group10,Batch2
Cell4474,Group2,Batch2
Cell4475,Group3,Batch2
Cell4476,Group8,Batch2
Cell4477,Group6,Batch2
Cell4478,Group7,Batch2
Cell4479,Group7,Batch2
Cell4480,Group10,Batch2
Cell4481,Group7,Batch2
Cell4482,Group10,Batch2
Cell4483,Group1,Batch2
Cell4484,Group1,Batch2
Cell4485,Group2,Batch2
Cell4486,Group3,Batch2
Cell4487,Group3,Batch2
Cell4488,Group3,Batch2
Cell4489,Group4,Batch2
Cell4490,Group10,Batch2
Cell4491,Group10,Batch2
Cell4492,Group1,Batch2
Cell4493,Group5,Batch2
Cell4494,Group1,Batch2
Cell4495,Group6,Batch2
Cell4496,Group1,Batch2
Cell4497,Group3,Batch2
Cell4498,Group7,Batch2
Cell4499,Group9,Batch2
Cell4500,Group8,Batch2
Cell4501,Group7,Batch2
Cell4502,Group2,Batch2
Cell4503,Group1,Batch2
Cell4504,Group10,Batch2
Cell4505,Group9,Batch2
Cell4506,Group5,Batch2
Cell4507,Group8,Batch2
Cell4508,Group8,Batch2
Cell4509,Group8,Batch2
Cell4510,Group2,Batch2
Cell4511,Group4,Batch2
Cell4512,Group1,Batch2
Cell4513,Group1,Batch2
Cell4514,Group4,Batch2
Cell4515,Group9,Batch2
Cell4516,Group3,Batch2
Cell4517,Group7,Batch2
Cell4518,Group9,Batch2
Cell4519,Group1,Batch2
Cell4520,Group5,Batch2
Cell4521,Group2,Batch2
Cell4522,Group3,Batch2
Cell4523,Group7,Batch2
Cell4524,Group2,Batch2
Cell4525,Group2,Batch2
Cell4526,Group6,Batch2
Cell4527,Group8,Batch2
Cell4528,Group9,Batch2
Cell4529,Group5,Batch2
Cell4530,Group2,Batch2
Cell4531,Group9,Batch2
Cell4532,Group6,Batch2
Cell4533,Group10,Batch2
Cell4534,Group8,Batch2
Cell4535,Group9,Batch2
Cell4536,Group8,Batch2
Cell4537,Group3,Batch2
Cell4538,Group4,Batch2
Cell4539,Group7,Batch2
Cell4540,Group6,Batch2
Cell4541,Group1,Batch2
Cell4542,Group10,Batch2
Cell4543,Group2,Batch2
Cell4544,Group10,Batch2
Cell4545,Group1,Batch2
Cell4546,Group4,Batch2
Cell4547,Group10,Batch2
Cell4548,Group9,Batch2
Cell4549,Group10,Batch2
Cell4550,Group3,Batch2
Cell4551,Group2,Batch2
Cell4552,Group1,Batch2
Cell4553,Group7,Batch2
Cell4554,Group4,Batch2
Cell4555,Group7,Batch2
Cell4556,Group10,Batch2
Cell4557,Group7,Batch2
Cell4558,Group9,Batch2
Cell4559,Group6,Batch2
Cell4560,Group1,Batch2
Cell4561,Group3,Batch2
Cell4562,Group10,Batch2
Cell4563,Group9,Batch2
Cell4564,Group7,Batch2
Cell4565,Group9,Batch2
Cell4566,Group1,Batch2
Cell4567,Group10,Batch2
Cell4568,Group10,Batch2
Cell4569,Group6,Batch2
Cell4570,Group8,Batch2
Cell4571,Group3,Batch2
Cell4572,Group1,Batch2
Cell4573,Group1,Batch2
Cell4574,Group3,Batch2
Cell4575,Group1,Batch2
Cell4576,Group10,Batch2
Cell4577,Group1,Batch2
Cell4578,Group1,Batch2
Cell4579,Group1,Batch2
Cell4580,Group9,Batch2
Cell4581,Group9,Batch2
Cell4582,Group10,Batch2
Cell4583,Group3,Batch2
Cell4584,Group2,Batch2
Cell4585,Group10,Batch2
Cell4586,Group5,Batch2
Cell4587,Group10,Batch2
Cell4588,Group7,Batch2
Cell4589,Group10,Batch2
Cell4590,Group1,Batch2
Cell4591,Group10,Batch2
Cell4592,Group3,Batch2
Cell4593,Group1,Batch2
Cell4594,Group3,Batch2
Cell4595,Group5,Batch2
Cell4596,Group6,Batch2
Cell4597,Group3,Batch2
Cell4598,Group2,Batch2
Cell4599,Group8,Batch2
Cell4600,Group4,Batch2
Cell4601,Group5,Batch2
Cell4602,Group3,Batch2
Cell4603,Group3,Batch2
Cell4604,Group1,Batch2
Cell4605,Group1,Batch2
Cell4606,Group4,Batch2
Cell4607,Group9,Batch2
Cell4608,Group7,Batch2
Cell4609,Group3,Batch2
Cell4610,Group7,Batch2
Cell4611,Group7,Batch2
Cell4612,Group3,Batch2
Cell4613,Group1,Batch2
Cell4614,Group1,Batch2
Cell4615,Group2,Batch2
Cell4616,Group7,Batch2
Cell4617,Group1,Batch2
Cell4618,Group8,Batch2
Cell4619,Group10,Batch2
Cell4620,Group1,Batch2
Cell4621,Group10,Batch2
Cell4622,Group1,Batch2
Cell4623,Group10,Batch2
Cell4624,Group5,Batch2
Cell4625,Group8,Batch2
Cell4626,Group5,Batch2
Cell4627,Group10,Batch2
Cell4628,Group7,Batch2
Cell4629,Group7,Batch2
Cell4630,Group7,Batch2
Cell4631,Group5,Batch2
Cell4632,Group8,Batch2
Cell4633,Group3,Batch2
Cell4634,Group7,Batch2
Cell4635,Group6,Batch2
Cell4636,Group8,Batch2
Cell4637,Group2,Batch2
Cell4638,Group6,Batch2
Cell4639,Group10,Batch2
Cell4640,Group5,Batch2
Cell4641,Group7,Batch2
Cell4642,Group6,Batch2
Cell4643,Group7,Batch2
Cell4644,Group9,Batch2
Cell4645,Group10,Batch2
Cell4646,Group2,Batch2
Cell4647,Group5,Batch2
Cell4648,Group7,Batch2
Cell4649,Group5,Batch2
Cell4650,Group10,Batch2
Cell4651,Group5,Batch2
Cell4652,Group5,Batch2
Cell4653,Group3,Batch2
Cell4654,Group1,Batch2
Cell4655,Group7,Batch2
Cell4656,Group1,Batch2
Cell4657,Group6,Batch2
Cell4658,Group1,Batch2
Cell4659,Group7,Batch2
Cell4660,Group10,Batch2
Cell4661,Group2,Batch2
Cell4662,Group7,Batch2
Cell4663,Group6,Batch2
Cell4664,Group5,Batch2
Cell4665,Group5,Batch2
Cell4666,Group7,Batch2
Cell4667,Group2,Batch2
Cell4668,Group3,Batch2
Cell4669,Group1,Batch2
Cell4670,Group3,Batch2
Cell4671,Group10,Batch2
Cell4672,Group4,Batch2
Cell4673,Group8,Batch2
Cell4674,Group4,Batch2
Cell4675,Group3,Batch2
Cell4676,Group2,Batch2
Cell4677,Group8,Batch2
Cell4678,Group8,Batch2
Cell4679,Group1,Batch2
Cell4680,Group3,Batch2
Cell4681,Group2,Batch2
Cell4682,Group4,Batch2
Cell4683,Group2,Batch2
Cell4684,Group1,Batch2
Cell4685,Group8,Batch2
Cell4686,Group2,Batch2
Cell4687,Group3,Batch2
Cell4688,Group5,Batch2
Cell4689,Group5,Batch2
Cell4690,Group7,Batch2
Cell4691,Group3,Batch2
Cell4692,Group1,Batch2
Cell4693,Group4,Batch2
Cell4694,Group4,Batch2
Cell4695,Group9,Batch2
Cell4696,Group1,Batch2
Cell4697,Group7,Batch2
Cell4698,Group8,Batch2
Cell4699,Group7,Batch2
Cell4700,Group8,Batch2
Cell4701,Group1,Batch2
Cell4702,Group7,Batch2
Cell4703,Group6,Batch2
Cell4704,Group9,Batch2
Cell4705,Group10,Batch2
Cell4706,Group8,Batch2
Cell4707,Group6,Batch2
Cell4708,Group8,Batch2
Cell4709,Group5,Batch2
Cell4710,Group4,Batch2
Cell4711,Group8,Batch2
Cell4712,Group3,Batch2
Cell4713,Group3,Batch2
Cell4714,Group6,Batch2
Cell4715,Group7,Batch2
Cell4716,Group7,Batch2
Cell4717,Group8,Batch2
Cell4718,Group1,Batch2
Cell4719,Group6,Batch2
Cell4720,Group6,Batch2
Cell4721,Group2,Batch2
Cell4722,Group1,Batch2
Cell4723,Group5,Batch2
Cell4724,Group10,Batch2
Cell4725,Group9,Batch2
Cell4726,Group2,Batch2
Cell4727,Group5,Batch2
Cell4728,Group4,Batch2
Cell4729,Group3,Batch2
Cell4730,Group8,Batch2
Cell4731,Group10,Batch2
Cell4732,Group7,Batch2
Cell4733,Group1,Batch2
Cell4734,Group8,Batch2
Cell4735,Group6,Batch2
Cell4736,Group7,Batch2
Cell4737,Group6,Batch2
Cell4738,Group8,Batch2
Cell4739,Group7,Batch2
Cell4740,Group8,Batch2
Cell4741,Group10,Batch2
Cell4742,Group8,Batch2
Cell4743,Group1,Batch2
Cell4744,Group8,Batch2
Cell4745,Group1,Batch2
Cell4746,Group1,Batch2
Cell4747,Group5,Batch2
Cell4748,Group10,Batch2
Cell4749,Group7,Batch2
Cell4750,Group6,Batch2
Cell4751,Group8,Batch2
Cell4752,Group6,Batch2
Cell4753,Group1,Batch2
Cell4754,Group2,Batch2
Cell4755,Group5,Batch2
Cell4756,Group3,Batch2
Cell4757,Group10,Batch2
Cell4758,Group6,Batch2
Cell4759,Group2,Batch2
Cell4760,Group1,Batch2
Cell4761,Group6,Batch2
Cell4762,Group7,Batch2
Cell4763,Group5,Batch2
Cell4764,Group8,Batch2
Cell4765,Group3,Batch2
Cell4766,Group7,Batch2
Cell4767,Group2,Batch2
Cell4768,Group1,Batch2
Cell4769,Group3,Batch2
Cell4770,Group10,Batch2
Cell4771,Group2,Batch2
Cell4772,Group7,Batch2
Cell4773,Group5,Batch2
Cell4774,Group10,Batch2
Cell4775,Group5,Batch2
Cell4776,Group2,Batch2
Cell4777,Group7,Batch2
Cell4778,Group10,Batch2
Cell4779,Group1,Batch2
Cell4780,Group10,Batch2
Cell4781,Group1,Batch2
Cell4782,Group1,Batch2
Cell4783,Group6,Batch2
Cell4784,Group5,Batch2
Cell4785,Group9,Batch2
Cell4786,Group1,Batch2
Cell4787,Group3,Batch2
Cell4788,Group5,Batch2
Cell4789,Group8,Batch2
Cell4790,Group7,Batch2
Cell4791,Group5,Batch2
Cell4792,Group7,Batch2
Cell4793,Group3,Batch2
Cell4794,Group8,Batch2
Cell4795,Group5,Batch2
Cell4796,Group7,Batch2
Cell4797,Group3,Batch2
Cell4798,Group5,Batch2
Cell4799,Group9,Batch2
Cell4800,Group3,Batch2
Cell4801,Group7,Batch2
Cell4802,Group8,Batch2
Cell4803,Group2,Batch2
Cell4804,Group6,Batch2
Cell4805,Group5,Batch2
Cell4806,Group3,Batch2
Cell4807,Group3,Batch2
Cell4808,Group8,Batch2
Cell4809,Group3,Batch2
Cell4810,Group8,Batch2
Cell4811,Group3,Batch2
Cell4812,Group5,Batch2
Cell4813,Group7,Batch2
Cell4814,Group7,Batch2
Cell4815,Group10,Batch2
Cell4816,Group7,Batch2
Cell4817,Group6,Batch2
Cell4818,Group8,Batch2
Cell4819,Group5,Batch2
Cell4820,Group1,Batch2
Cell4821,Group2,Batch2
Cell4822,Group7,Batch2
Cell4823,Group3,Batch2
Cell4824,Group5,Batch2
Cell4825,Group6,Batch2
Cell4826,Group4,Batch2
Cell4827,Group8,Batch2
Cell4828,Group8,Batch2
Cell4829,Group10,Batch2
Cell4830,Group5,Batch2
Cell4831,Group1,Batch2
Cell4832,Group4,Batch2
Cell4833,Group10,Batch2
Cell4834,Group10,Batch2
Cell4835,Group7,Batch2
Cell4836,Group1,Batch2
Cell4837,Group6,Batch2
Cell4838,Group6,Batch2
Cell4839,Group6,Batch2
Cell4840,Group5,Batch2
Cell4841,Group10,Batch2
Cell4842,Group9,Batch2
Cell4843,Group4,Batch2
Cell4844,Group10,Batch2
Cell4845,Group1,Batch2
Cell4846,Group5,Batch2
Cell4847,Group5,Batch2
Cell4848,Group2,Batch2
Cell4849,Group8,Batch2
Cell4850,Group5,Batch2
Cell4851,Group7,Batch2
Cell4852,Group4,Batch2
Cell4853,Group1,Batch2
Cell4854,Group10,Batch2
Cell4855,Group8,Batch2
Cell4856,Group10,Batch2
Cell4857,Group2,Batch2
Cell4858,Group8,Batch2
Cell4859,Group9,Batch2
Cell4860,Group7,Batch2
Cell4861,Group10,Batch2
Cell4862,Group5,Batch2
Cell4863,Group4,Batch2
Cell4864,Group7,Batch2
Cell4865,Group3,Batch2
Cell4866,Group3,Batch2
Cell4867,Group5,Batch2
Cell4868,Group7,Batch2
Cell4869,Group8,Batch2
Cell4870,Group5,Batch2
Cell4871,Group5,Batch2
Cell4872,Group5,Batch2
Cell4873,Group1,Batch2
Cell4874,Group3,Batch2
Cell4875,Group5,Batch2
Cell4876,Group6,Batch2
Cell4877,Group6,Batch2
Cell4878,Group8,Batch2
Cell4879,Group1,Batch2
Cell4880,Group7,Batch2
Cell4881,Group7,Batch2
Cell4882,Group1,Batch2
Cell4883,Group3,Batch2
Cell4884,Group1,Batch2
Cell4885,Group1,Batch2
Cell4886,Group8,Batch2
Cell4887,Group7,Batch2
Cell4888,Group5,Batch2
Cell4889,Group8,Batch2
Cell4890,Group6,Batch2
Cell4891,Group3,Batch2
Cell4892,Group3,Batch2
Cell4893,Group4,Batch2
Cell4894,Group1,Batch2
Cell4895,Group2,Batch2
Cell4896,Group6,Batch2
Cell4897,Group5,Batch2
Cell4898,Group5,Batch2
Cell4899,Group4,Batch2
Cell4900,Group3,Batch2
Cell4901,Group1,Batch2
Cell4902,Group7,Batch2
Cell4903,Group1,Batch2
Cell4904,Group5,Batch2
Cell4905,Group7,Batch2
Cell4906,Group7,Batch2
Cell4907,Group6,Batch2
Cell4908,Group6,Batch2
Cell4909,Group1,Batch2
Cell4910,Group7,Batch2
Cell4911,Group7,Batch2
Cell4912,Group3,Batch2
Cell4913,Group1,Batch2
Cell4914,Group7,Batch2
Cell4915,Group8,Batch2
Cell4916,Group1,Batch2
Cell4917,Group2,Batch2
Cell4918,Group1,Batch2
Cell4919,Group5,Batch2
Cell4920,Group2,Batch2
Cell4921,Group5,Batch2
Cell4922,Group8,Batch2
Cell4923,Group5,Batch2
Cell4924,Group3,Batch2
Cell4925,Group6,Batch2
Cell4926,Group1,Batch2
Cell4927,Group5,Batch2
Cell4928,Group7,Batch2
Cell4929,Group4,Batch2
Cell4930,Group10,Batch2
Cell4931,Group5,Batch2
Cell4932,Group6,Batch2
Cell4933,Group5,Batch2
Cell4934,Group10,Batch2
Cell4935,Group1,Batch2
Cell4936,Group8,Batch2
Cell4937,Group10,Batch2
Cell4938,Group6,Batch2
Cell4939,Group2,Batch2
Cell4940,Group1,Batch2
Cell4941,Group1,Batch2
Cell4942,Group10,Batch2
Cell4943,Group5,Batch2
Cell4944,Group1,Batch2
Cell4945,Group6,Batch2
Cell4946,Group9,Batch2
Cell4947,Group10,Batch2
Cell4948,Group2,Batch2
Cell4949,Group9,Batch2
Cell4950,Group5,Batch2
Cell4951,Group2,Batch2
Cell4952,Group3,Batch2
Cell4953,Group10,Batch2
Cell4954,Group6,Batch2
Cell4955,Group2,Batch2
Cell4956,Group1,Batch2
Cell4957,Group10,Batch2
Cell4958,Group8,Batch2
Cell4959,Group2,Batch2
Cell4960,Group2,Batch2
Cell4961,Group5,Batch2
Cell4962,Group8,Batch2
Cell4963,Group1,Batch2
Cell4964,Group5,Batch2
Cell4965,Group2,Batch2
Cell4966,Group10,Batch2
Cell4967,Group2,Batch2
Cell4968,Group7,Batch2
Cell4969,Group5,Batch2
Cell4970,Group10,Batch2
Cell4971,Group4,Batch2
Cell4972,Group2,Batch2
Cell4973,Group5,Batch2
Cell4974,Group6,Batch2
Cell4975,Group7,Batch2
Cell4976,Group3,Batch2
Cell4977,Group1,Batch2
Cell4978,Group7,Batch2
Cell4979,Group7,Batch2
Cell4980,Group10,Batch2
Cell4981,Group2,Batch2
Cell4982,Group9,Batch2
Cell4983,Group8,Batch2
Cell4984,Group10,Batch2
Cell4985,Group8,Batch2
Cell4986,Group1,Batch2
Cell4987,Group10,Batch2
Cell4988,Group2,Batch2
Cell4989,Group5,Batch2
Cell4990,Group3,Batch2
Cell4991,Group7,Batch2
Cell4992,Group3,Batch2
Cell4993,Group5,Batch2
Cell4994,Group2,Batch2
Cell4995,Group7,Batch2
Cell4996,Group8,Batch2
Cell4997,Group7,Batch2
Cell4998,Group6,Batch2
Cell4999,Group9,Batch2
Cell5000,Group5,Batch2
Cell5001,Group6,Batch3
Cell5002,Group5,Batch3
Cell5003,Group7,Batch3
Cell5004,Group4,Batch3
Cell5005,Group5,Batch3
Cell5006,Group3,Batch3
Cell5007,Group7,Batch3
Cell5008,Group4,Batch3
Cell5009,Group10,Batch3
Cell5010,Group3,Batch3
Cell5011,Group2,Batch3
Cell5012,Group7,Batch3
Cell5013,Group4,Batch3
Cell5014,Group5,Batch3
Cell5015,Group1,Batch3
Cell5016,Group1,Batch3
Cell5017,Group10,Batch3
Cell5018,Group7,Batch3
Cell5019,Group5,Batch3
Cell5020,Group10,Batch3
Cell5021,Group8,Batch3
Cell5022,Group3,Batch3
Cell5023,Group4,Batch3
Cell5024,Group2,Batch3
Cell5025,Group9,Batch3
Cell5026,Group1,Batch3
Cell5027,Group7,Batch3
Cell5028,Group2,Batch3
Cell5029,Group10,Batch3
Cell5030,Group3,Batch3
Cell5031,Group10,Batch3
Cell5032,Group1,Batch3
Cell5033,Group7,Batch3
Cell5034,Group1,Batch3
Cell5035,Group10,Batch3
Cell5036,Group3,Batch3
Cell5037,Group2,Batch3
Cell5038,Group10,Batch3
Cell5039,Group1,Batch3
Cell5040,Group3,Batch3
Cell5041,Group7,Batch3
Cell5042,Group1,Batch3
Cell5043,Group2,Batch3
Cell5044,Group10,Batch3
Cell5045,Group5,Batch3
Cell5046,Group1,Batch3
Cell5047,Group6,Batch3
Cell5048,Group5,Batch3
Cell5049,Group3,Batch3
Cell5050,Group7,Batch3
Cell5051,Group5,Batch3
Cell5052,Group9,Batch3
Cell5053,Group6,Batch3
Cell5054,Group2,Batch3
Cell5055,Group2,Batch3
Cell5056,Group1,Batch3
Cell5057,Group9,Batch3
Cell5058,Group5,Batch3
Cell5059,Group2,Batch3
Cell5060,Group6,Batch3
Cell5061,Group7,Batch3
Cell5062,Group2,Batch3
Cell5063,Group2,Batch3
Cell5064,Group5,Batch3
Cell5065,Group9,Batch3
Cell5066,Group4,Batch3
Cell5067,Group10,Batch3
Cell5068,Group7,Batch3
Cell5069,Group1,Batch3
Cell5070,Group1,Batch3
Cell5071,Group3,Batch3
Cell5072,Group5,Batch3
Cell5073,Group3,Batch3
Cell5074,Group7,Batch3
Cell5075,Group8,Batch3
Cell5076,Group10,Batch3
Cell5077,Group9,Batch3
Cell5078,Group4,Batch3
Cell5079,Group6,Batch3
Cell5080,Group2,Batch3
Cell5081,Group1,Batch3
Cell5082,Group1,Batch3
Cell5083,Group3,Batch3
Cell5084,Group3,Batch3
Cell5085,Group10,Batch3
Cell5086,Group9,Batch3
Cell5087,Group6,Batch3
Cell5088,Group3,Batch3
Cell5089,Group5,Batch3
Cell5090,Group8,Batch3
Cell5091,Group10,Batch3
Cell5092,Group6,Batch3
Cell5093,Group3,Batch3
Cell5094,Group3,Batch3
Cell5095,Group3,Batch3
Cell5096,Group1,Batch3
Cell5097,Group3,Batch3
Cell5098,Group1,Batch3
Cell5099,Group10,Batch3
Cell5100,Group8,Batch3
Cell5101,Group1,Batch3
Cell5102,Group7,Batch3
Cell5103,Group2,Batch3
Cell5104,Group1,Batch3
Cell5105,Group3,Batch3
Cell5106,Group1,Batch3
Cell5107,Group7,Batch3
Cell5108,Group1,Batch3
Cell5109,Group2,Batch3
Cell5110,Group2,Batch3
Cell5111,Group6,Batch3
Cell5112,Group8,Batch3
Cell5113,Group9,Batch3
Cell5114,Group10,Batch3
Cell5115,Group10,Batch3
Cell5116,Group10,Batch3
Cell5117,Group1,Batch3
Cell5118,Group10,Batch3
Cell5119,Group3,Batch3
Cell5120,Group3,Batch3
Cell5121,Group2,Batch3
Cell5122,Group10,Batch3
Cell5123,Group3,Batch3
Cell5124,Group8,Batch3
Cell5125,Group1,Batch3
Cell5126,Group7,Batch3
Cell5127,Group8,Batch3
Cell5128,Group5,Batch3
Cell5129,Group2,Batch3
Cell5130,Group1,Batch3
Cell5131,Group9,Batch3
Cell5132,Group9,Batch3
Cell5133,Group10,Batch3
Cell5134,Group2,Batch3
Cell5135,Group10,Batch3
Cell5136,Group2,Batch3
Cell5137,Group7,Batch3
Cell5138,Group7,Batch3
Cell5139,Group4,Batch3
Cell5140,Group3,Batch3
Cell5141,Group7,Batch3
Cell5142,Group1,Batch3
Cell5143,Group5,Batch3
Cell5144,Group9,Batch3
Cell5145,Group10,Batch3
Cell5146,Group8,Batch3
Cell5147,Group7,Batch3
Cell5148,Group10,Batch3
Cell5149,Group3,Batch3
Cell5150,Group2,Batch3
Cell5151,Group1,Batch3
Cell5152,Group6,Batch3
Cell5153,Group7,Batch3
Cell5154,Group8,Batch3
Cell5155,Group3,Batch3
Cell5156,Group9,Batch3
Cell5157,Group8,Batch3
Cell5158,Group9,Batch3
Cell5159,Group8,Batch3
Cell5160,Group8,Batch3
Cell5161,Group6,Batch3
Cell5162,Group7,Batch3
Cell5163,Group3,Batch3
Cell5164,Group1,Batch3
Cell5165,Group10,Batch3
Cell5166,Group1,Batch3
Cell5167,Group1,Batch3
Cell5168,Group4,Batch3
Cell5169,Group3,Batch3
Cell5170,Group7,Batch3
Cell5171,Group6,Batch3
Cell5172,Group8,Batch3
Cell5173,Group1,Batch3
Cell5174,Group1,Batch3
Cell5175,Group3,Batch3
Cell5176,Group10,Batch3
Cell5177,Group7,Batch3
Cell5178,Group3,Batch3
Cell5179,Group7,Batch3
Cell5180,Group6,Batch3
Cell5181,Group1,Batch3
Cell5182,Group9,Batch3
Cell5183,Group2,Batch3
Cell5184,Group1,Batch3
Cell5185,Group2,Batch3
Cell5186,Group6,Batch3
Cell5187,Group8,Batch3
Cell5188,Group8,Batch3
Cell5189,Group1,Batch3
Cell5190,Group5,Batch3
Cell5191,Group5,Batch3
Cell5192,Group7,Batch3
Cell5193,Group1,Batch3
Cell5194,Group1,Batch3
Cell5195,Group8,Batch3
Cell5196,Group6,Batch3
Cell5197,Group10,Batch3
Cell5198,Group4,Batch3
Cell5199,Group3,Batch3
Cell5200,Group8,Batch3
Cell5201,Group2,Batch3
Cell5202,Group2,Batch3
Cell5203,Group7,Batch3
Cell5204,Group3,Batch3
Cell5205,Group10,Batch3
Cell5206,Group9,Batch3
Cell5207,Group3,Batch3
Cell5208,Group7,Batch3
Cell5209,Group5,Batch3
Cell5210,Group3,Batch3
Cell5211,Group1,Batch3
Cell5212,Group7,Batch3
Cell5213,Group2,Batch3
Cell5214,Group1,Batch3
Cell5215,Group1,Batch3
Cell5216,Group6,Batch3
Cell5217,Group9,Batch3
Cell5218,Group6,Batch3
Cell5219,Group7,Batch3
Cell5220,Group3,Batch3
Cell5221,Group5,Batch3
Cell5222,Group4,Batch3
Cell5223,Group7,Batch3
Cell5224,Group6,Batch3
Cell5225,Group7,Batch3
Cell5226,Group10,Batch3
Cell5227,Group6,Batch3
Cell5228,Group2,Batch3
Cell5229,Group2,Batch3
Cell5230,Group2,Batch3
Cell5231,Group9,Batch3
Cell5232,Group5,Batch3
Cell5233,Group2,Batch3
Cell5234,Group2,Batch3
Cell5235,Group6,Batch3
Cell5236,Group1,Batch3
Cell5237,Group6,Batch3
Cell5238,Group8,Batch3
Cell5239,Group7,Batch3
Cell5240,Group7,Batch3
Cell5241,Group4,Batch3
Cell5242,Group5,Batch3
Cell5243,Group4,Batch3
Cell5244,Group6,Batch3
Cell5245,Group7,Batch3
Cell5246,Group6,Batch3
Cell5247,Group7,Batch3
Cell5248,Group5,Batch3
Cell5249,Group2,Batch3
Cell5250,Group3,Batch3
Cell5251,Group4,Batch3
Cell5252,Group7,Batch3
Cell5253,Group1,Batch3
Cell5254,Group1,Batch3
Cell5255,Group6,Batch3
Cell5256,Group2,Batch3
Cell5257,Group10,Batch3
Cell5258,Group7,Batch3
Cell5259,Group3,Batch3
Cell5260,Group6,Batch3
Cell5261,Group7,Batch3
Cell5262,Group6,Batch3
Cell5263,Group9,Batch3
Cell5264,Group7,Batch3
Cell5265,Group2,Batch3
Cell5266,Group3,Batch3
Cell5267,Group5,Batch3
Cell5268,Group5,Batch3
Cell5269,Group6,Batch3
Cell5270,Group4,Batch3
Cell5271,Group8,Batch3
Cell5272,Group5,Batch3
Cell5273,Group1,Batch3
Cell5274,Group9,Batch3
Cell5275,Group1,Batch3
Cell5276,Group8,Batch3
Cell5277,Group4,Batch3
Cell5278,Group8,Batch3
Cell5279,Group3,Batch3
Cell5280,Group6,Batch3
Cell5281,Group1,Batch3
Cell5282,Group7,Batch3
Cell5283,Group10,Batch3
Cell5284,Group8,Batch3
Cell5285,Group5,Batch3
Cell5286,Group6,Batch3
Cell5287,Group2,Batch3
Cell5288,Group6,Batch3
Cell5289,Group6,Batch3
Cell5290,Group1,Batch3
Cell5291,Group6,Batch3
Cell5292,Group7,Batch3
Cell5293,Group8,Batch3
Cell5294,Group1,Batch3
Cell5295,Group10,Batch3
Cell5296,Group1,Batch3
Cell5297,Group8,Batch3
Cell5298,Group2,Batch3
Cell5299,Group7,Batch3
Cell5300,Group10,Batch3
Cell5301,Group6,Batch3
Cell5302,Group1,Batch3
Cell5303,Group4,Batch3
Cell5304,Group1,Batch3
Cell5305,Group7,Batch3
Cell5306,Group8,Batch3
Cell5307,Group10,Batch3
Cell5308,Group5,Batch3
Cell5309,Group7,Batch3
Cell5310,Group1,Batch3
Cell5311,Group1,Batch3
Cell5312,Group8,Batch3
Cell5313,Group1,Batch3
Cell5314,Group1,Batch3
Cell5315,Group2,Batch3
Cell5316,Group2,Batch3
Cell5317,Group1,Batch3
Cell5318,Group1,Batch3
Cell5319,Group2,Batch3
Cell5320,Group1,Batch3
Cell5321,Group6,Batch3
Cell5322,Group5,Batch3
Cell5323,Group2,Batch3
Cell5324,Group4,Batch3
Cell5325,Group7,Batch3
Cell5326,Group6,Batch3
Cell5327,Group8,Batch3
Cell5328,Group1,Batch3
Cell5329,Group5,Batch3
Cell5330,Group7,Batch3
Cell5331,Group8,Batch3
Cell5332,Group6,Batch3
Cell5333,Group2,Batch3
Cell5334,Group5,Batch3
Cell5335,Group10,Batch3
Cell5336,Group10,Batch3
Cell5337,Group2,Batch3
Cell5338,Group5,Batch3
Cell5339,Group10,Batch3
Cell5340,Group7,Batch3
Cell5341,Group7,Batch3
Cell5342,Group3,Batch3
Cell5343,Group2,Batch3
Cell5344,Group5,Batch3
Cell5345,Group6,Batch3
Cell5346,Group5,Batch3
Cell5347,Group9,Batch3
Cell5348,Group3,Batch3
Cell5349,Group2,Batch3
Cell5350,Group3,Batch3
Cell5351,Group1,Batch3
Cell5352,Group7,Batch3
Cell5353,Group3,Batch3
Cell5354,Group10,Batch3
Cell5355,Group3,Batch3
Cell5356,Group5,Batch3
Cell5357,Group10,Batch3
Cell5358,Group6,Batch3
Cell5359,Group5,Batch3
Cell5360,Group6,Batch3
Cell5361,Group3,Batch3
Cell5362,Group4,Batch3
Cell5363,Group8,Batch3
Cell5364,Group10,Batch3
Cell5365,Group5,Batch3
Cell5366,Group3,Batch3
Cell5367,Group10,Batch3
Cell5368,Group6,Batch3
Cell5369,Group9,Batch3
Cell5370,Group2,Batch3
Cell5371,Group10,Batch3
Cell5372,Group1,Batch3
Cell5373,Group6,Batch3
Cell5374,Group10,Batch3
Cell5375,Group4,Batch3
Cell5376,Group2,Batch3
Cell5377,Group4,Batch3
Cell5378,Group8,Batch3
Cell5379,Group6,Batch3
Cell5380,Group4,Batch3
Cell5381,Group2,Batch3
Cell5382,Group7,Batch3
Cell5383,Group5,Batch3
Cell5384,Group7,Batch3
Cell5385,Group8,Batch3
Cell5386,Group3,Batch3
Cell5387,Group7,Batch3
Cell5388,Group8,Batch3
Cell5389,Group5,Batch3
Cell5390,Group7,Batch3
Cell5391,Group1,Batch3
Cell5392,Group6,Batch3
Cell5393,Group4,Batch3
Cell5394,Group1,Batch3
Cell5395,Group6,Batch3
Cell5396,Group10,Batch3
Cell5397,Group10,Batch3
Cell5398,Group1,Batch3
Cell5399,Group10,Batch3
Cell5400,Group8,Batch3
Cell5401,Group1,Batch3
Cell5402,Group6,Batch3
Cell5403,Group7,Batch3
Cell5404,Group2,Batch3
Cell5405,Group7,Batch3
Cell5406,Group8,Batch3
Cell5407,Group5,Batch3
Cell5408,Group4,Batch3
Cell5409,Group1,Batch3
Cell5410,Group10,Batch3
Cell5411,Group4,Batch3
Cell5412,Group10,Batch3
Cell5413,Group6,Batch3
Cell5414,Group7,Batch3
Cell5415,Group1,Batch3
Cell5416,Group3,Batch3
Cell5417,Group1,Batch3
Cell5418,Group10,Batch3
Cell5419,Group5,Batch3
Cell5420,Group9,Batch3
Cell5421,Group9,Batch3
Cell5422,Group7,Batch3
Cell5423,Group5,Batch3
Cell5424,Group3,Batch3
Cell5425,Group7,Batch3
Cell5426,Group1,Batch3
Cell5427,Group8,Batch3
Cell5428,Group6,Batch3
Cell5429,Group1,Batch3
Cell5430,Group3,Batch3
Cell5431,Group3,Batch3
Cell5432,Group1,Batch3
Cell5433,Group7,Batch3
Cell5434,Group2,Batch3
Cell5435,Group7,Batch3
Cell5436,Group1,Batch3
Cell5437,Group1,Batch3
Cell5438,Group1,Batch3
Cell5439,Group7,Batch3
Cell5440,Group1,Batch3
Cell5441,Group6,Batch3
Cell5442,Group3,Batch3
Cell5443,Group5,Batch3
Cell5444,Group5,Batch3
Cell5445,Group7,Batch3
Cell5446,Group5,Batch3
Cell5447,Group8,Batch3
Cell5448,Group7,Batch3
Cell5449,Group10,Batch3
Cell5450,Group7,Batch3
Cell5451,Group7,Batch3
Cell5452,Group6,Batch3
Cell5453,Group8,Batch3
Cell5454,Group2,Batch3
Cell5455,Group4,Batch3
Cell5456,Group9,Batch3
Cell5457,Group1,Batch3
Cell5458,Group8,Batch3
Cell5459,Group5,Batch3
Cell5460,Group8,Batch3
Cell5461,Group4,Batch3
Cell5462,Group6,Batch3
Cell5463,Group3,Batch3
Cell5464,Group9,Batch3
Cell5465,Group2,Batch3
Cell5466,Group10,Batch3
Cell5467,Group3,Batch3
Cell5468,Group3,Batch3
Cell5469,Group7,Batch3
Cell5470,Group5,Batch3
Cell5471,Group5,Batch3
Cell5472,Group3,Batch3
Cell5473,Group4,Batch3
Cell5474,Group7,Batch3
Cell5475,Group8,Batch3
Cell5476,Group2,Batch3
Cell5477,Group8,Batch3
Cell5478,Group8,Batch3
Cell5479,Group9,Batch3
Cell5480,Group9,Batch3
Cell5481,Group3,Batch3
Cell5482,Group9,Batch3
Cell5483,Group10,Batch3
Cell5484,Group2,Batch3
Cell5485,Group9,Batch3
Cell5486,Group8,Batch3
Cell5487,Group10,Batch3
Cell5488,Group7,Batch3
Cell5489,Group5,Batch3
Cell5490,Group5,Batch3
Cell5491,Group7,Batch3
Cell5492,Group10,Batch3
Cell5493,Group2,Batch3
Cell5494,Group1,Batch3
Cell5495,Group4,Batch3
Cell5496,Group4,Batch3
Cell5497,Group7,Batch3
Cell5498,Group9,Batch3
Cell5499,Group10,Batch3
Cell5500,Group7,Batch3
Cell5501,Group6,Batch3
Cell5502,Group6,Batch3
Cell5503,Group5,Batch3
Cell5504,Group1,Batch3
Cell5505,Group6,Batch3
Cell5506,Group6,Batch3
Cell5507,Group1,Batch3
Cell5508,Group6,Batch3
Cell5509,Group9,Batch3
Cell5510,Group5,Batch3
Cell5511,Group6,Batch3
Cell5512,Group1,Batch3
Cell5513,Group8,Batch3
Cell5514,Group5,Batch3
Cell5515,Group7,Batch3
Cell5516,Group1,Batch3
Cell5517,Group8,Batch3
Cell5518,Group4,Batch3
Cell5519,Group2,Batch3
Cell5520,Group1,Batch3
Cell5521,Group8,Batch3
Cell5522,Group7,Batch3
Cell5523,Group2,Batch3
Cell5524,Group2,Batch3
Cell5525,Group8,Batch3
Cell5526,Group6,Batch3
Cell5527,Group7,Batch3
Cell5528,Group9,Batch3
Cell5529,Group9,Batch3
Cell5530,Group8,Batch3
Cell5531,Group2,Batch3
Cell5532,Group2,Batch3
Cell5533,Group8,Batch3
Cell5534,Group8,Batch3
Cell5535,Group3,Batch3
Cell5536,Group1,Batch3
Cell5537,Group1,Batch3
Cell5538,Group1,Batch3
Cell5539,Group3,Batch3
Cell5540,Group1,Batch3
Cell5541,Group7,Batch3
Cell5542,Group1,Batch3
Cell5543,Group6,Batch3
Cell5544,Group10,Batch3
Cell5545,Group6,Batch3
Cell5546,Group7,Batch3
Cell5547,Group2,Batch3
Cell5548,Group3,Batch3
Cell5549,Group8,Batch3
Cell5550,Group10,Batch3
Cell5551,Group2,Batch3
Cell5552,Group9,Batch3
Cell5553,Group10,Batch3
Cell5554,Group3,Batch3
Cell5555,Group10,Batch3
Cell5556,Group5,Batch3
Cell5557,Group5,Batch3
Cell5558,Group8,Batch3
Cell5559,Group1,Batch3
Cell5560,Group8,Batch3
Cell5561,Group2,Batch3
Cell5562,Group4,Batch3
Cell5563,Group3,Batch3
Cell5564,Group8,Batch3
Cell5565,Group7,Batch3
Cell5566,Group9,Batch3
Cell5567,Group10,Batch3
Cell5568,Group6,Batch3
Cell5569,Group8,Batch3
Cell5570,Group7,Batch3
Cell5571,Group1,Batch3
Cell5572,Group2,Batch3
Cell5573,Group9,Batch3
Cell5574,Group6,Batch3
Cell5575,Group2,Batch3
Cell5576,Group1,Batch3
Cell5577,Group7,Batch3
Cell5578,Group6,Batch3
Cell5579,Group4,Batch3
Cell5580,Group7,Batch3
Cell5581,Group3,Batch3
Cell5582,Group7,Batch3
Cell5583,Group1,Batch3
Cell5584,Group8,Batch3
Cell5585,Group7,Batch3
Cell5586,Group7,Batch3
Cell5587,Group7,Batch3
Cell5588,Group2,Batch3
Cell5589,Group10,Batch3
Cell5590,Group7,Batch3
Cell5591,Group2,Batch3
Cell5592,Group9,Batch3
Cell5593,Group2,Batch3
Cell5594,Group3,Batch3
Cell5595,Group3,Batch3
Cell5596,Group2,Batch3
Cell5597,Group8,Batch3
Cell5598,Group9,Batch3
Cell5599,Group5,Batch3
Cell5600,Group5,Batch3
Cell5601,Group5,Batch3
Cell5602,Group7,Batch3
Cell5603,Group1,Batch3
Cell5604,Group7,Batch3
Cell5605,Group2,Batch3
Cell5606,Group7,Batch3
Cell5607,Group10,Batch3
Cell5608,Group6,Batch3
Cell5609,Group7,Batch3
Cell5610,Group9,Batch3
Cell5611,Group3,Batch3
Cell5612,Group1,Batch3
Cell5613,Group5,Batch3
Cell5614,Group7,Batch3
Cell5615,Group2,Batch3
Cell5616,Group2,Batch3
Cell5617,Group8,Batch3
Cell5618,Group1,Batch3
Cell5619,Group9,Batch3
Cell5620,Group9,Batch3
Cell5621,Group9,Batch3
Cell5622,Group5,Batch3
Cell5623,Group6,Batch3
Cell5624,Group1,Batch3
Cell5625,Group2,Batch3
Cell5626,Group7,Batch3
Cell5627,Group2,Batch3
Cell5628,Group10,Batch3
Cell5629,Group10,Batch3
Cell5630,Group5,Batch3
Cell5631,Group9,Batch3
Cell5632,Group2,Batch3
Cell5633,Group8,Batch3
Cell5634,Group9,Batch3
Cell5635,Group9,Batch3
Cell5636,Group1,Batch3
Cell5637,Group5,Batch3
Cell5638,Group7,Batch3
Cell5639,Group2,Batch3
Cell5640,Group1,Batch3
Cell5641,Group4,Batch3
Cell5642,Group7,Batch3
Cell5643,Group7,Batch3
Cell5644,Group10,Batch3
Cell5645,Group1,Batch3
Cell5646,Group3,Batch3
Cell5647,Group1,Batch3
Cell5648,Group3,Batch3
Cell5649,Group7,Batch3
Cell5650,Group7,Batch3
Cell5651,Group4,Batch3
Cell5652,Group3,Batch3
Cell5653,Group5,Batch3
Cell5654,Group3,Batch3
Cell5655,Group1,Batch3
Cell5656,Group5,Batch3
Cell5657,Group2,Batch3
Cell5658,Group2,Batch3
Cell5659,Group10,Batch3
Cell5660,Group8,Batch3
Cell5661,Group5,Batch3
Cell5662,Group2,Batch3
Cell5663,Group10,Batch3
Cell5664,Group2,Batch3
Cell5665,Group4,Batch3
Cell5666,Group9,Batch3
Cell5667,Group3,Batch3
Cell5668,Group5,Batch3
Cell5669,Group2,Batch3
Cell5670,Group7,Batch3
Cell5671,Group5,Batch3
Cell5672,Group7,Batch3
Cell5673,Group7,Batch3
Cell5674,Group7,Batch3
Cell5675,Group8,Batch3
Cell5676,Group7,Batch3
Cell5677,Group2,Batch3
Cell5678,Group3,Batch3
Cell5679,Group5,Batch3
Cell5680,Group7,Batch3
Cell5681,Group5,Batch3
Cell5682,Group3,Batch3
Cell5683,Group9,Batch3
Cell5684,Group5,Batch3
Cell5685,Group5,Batch3
Cell5686,Group1,Batch3
Cell5687,Group7,Batch3
Cell5688,Group1,Batch3
Cell5689,Group2,Batch3
Cell5690,Group3,Batch3
Cell5691,Group2,Batch3
Cell5692,Group6,Batch3
Cell5693,Group9,Batch3
Cell5694,Group8,Batch3
Cell5695,Group8,Batch3
Cell5696,Group4,Batch3
Cell5697,Group3,Batch3
Cell5698,Group7,Batch3
Cell5699,Group1,Batch3
Cell5700,Group7,Batch3
Cell5701,Group6,Batch3
Cell5702,Group6,Batch3
Cell5703,Group10,Batch3
Cell5704,Group10,Batch3
Cell5705,Group10,Batch3
Cell5706,Group10,Batch3
Cell5707,Group7,Batch3
Cell5708,Group8,Batch3
Cell5709,Group2,Batch3
Cell5710,Group5,Batch3
Cell5711,Group5,Batch3
Cell5712,Group8,Batch3
Cell5713,Group5,Batch3
Cell5714,Group2,Batch3
Cell5715,Group6,Batch3
Cell5716,Group5,Batch3
Cell5717,Group8,Batch3
Cell5718,Group7,Batch3
Cell5719,Group4,Batch3
Cell5720,Group10,Batch3
Cell5721,Group4,Batch3
Cell5722,Group7,Batch3
Cell5723,Group10,Batch3
Cell5724,Group3,Batch3
Cell5725,Group6,Batch3
Cell5726,Group10,Batch3
Cell5727,Group6,Batch3
Cell5728,Group1,Batch3
Cell5729,Group4,Batch3
Cell5730,Group3,Batch3
Cell5731,Group2,Batch3
Cell5732,Group2,Batch3
Cell5733,Group2,Batch3
Cell5734,Group9,Batch3
Cell5735,Group8,Batch3
Cell5736,Group7,Batch3
Cell5737,Group5,Batch3
Cell5738,Group8,Batch3
Cell5739,Group3,Batch3
Cell5740,Group7,Batch3
Cell5741,Group6,Batch3
Cell5742,Group2,Batch3
Cell5743,Group10,Batch3
Cell5744,Group5,Batch3
Cell5745,Group5,Batch3
Cell5746,Group2,Batch3
Cell5747,Group6,Batch3
Cell5748,Group5,Batch3
Cell5749,Group7,Batch3
Cell5750,Group3,Batch3
Cell5751,Group6,Batch3
Cell5752,Group3,Batch3
Cell5753,Group1,Batch3
Cell5754,Group8,Batch3
Cell5755,Group10,Batch3
Cell5756,Group8,Batch3
Cell5757,Group9,Batch3
Cell5758,Group8,Batch3
Cell5759,Group7,Batch3
Cell5760,Group7,Batch3
Cell5761,Group7,Batch3
Cell5762,Group8,Batch3
Cell5763,Group6,Batch3
Cell5764,Group10,Batch3
Cell5765,Group8,Batch3
Cell5766,Group5,Batch3
Cell5767,Group7,Batch3
Cell5768,Group8,Batch3
Cell5769,Group7,Batch3
Cell5770,Group9,Batch3
Cell5771,Group10,Batch3
Cell5772,Group7,Batch3
Cell5773,Group9,Batch3
Cell5774,Group2,Batch3
Cell5775,Group3,Batch3
Cell5776,Group1,Batch3
Cell5777,Group3,Batch3
Cell5778,Group1,Batch3
Cell5779,Group1,Batch3
Cell5780,Group10,Batch3
Cell5781,Group3,Batch3
Cell5782,Group3,Batch3
Cell5783,Group3,Batch3
Cell5784,Group5,Batch3
Cell5785,Group9,Batch3
Cell5786,Group5,Batch3
Cell5787,Group6,Batch3
Cell5788,Group8,Batch3
Cell5789,Group7,Batch3
Cell5790,Group1,Batch3
Cell5791,Group2,Batch3
Cell5792,Group2,Batch3
Cell5793,Group3,Batch3
Cell5794,Group3,Batch3
Cell5795,Group9,Batch3
Cell5796,Group5,Batch3
Cell5797,Group7,Batch3
Cell5798,Group8,Batch3
Cell5799,Group3,Batch3
Cell5800,Group3,Batch3
Cell5801,Group3,Batch3
Cell5802,Group7,Batch3
Cell5803,Group8,Batch3
Cell5804,Group6,Batch3
Cell5805,Group6,Batch3
Cell5806,Group10,Batch3
Cell5807,Group9,Batch3
Cell5808,Group7,Batch3
Cell5809,Group6,Batch3
Cell5810,Group3,Batch3
Cell5811,Group5,Batch3
Cell5812,Group1,Batch3
Cell5813,Group5,Batch3
Cell5814,Group10,Batch3
Cell5815,Group1,Batch3
Cell5816,Group5,Batch3
Cell5817,Group2,Batch3
Cell5818,Group2,Batch3
Cell5819,Group1,Batch3
Cell5820,Group9,Batch3
Cell5821,Group6,Batch3
Cell5822,Group7,Batch3
Cell5823,Group8,Batch3
Cell5824,Group7,Batch3
Cell5825,Group3,Batch3
Cell5826,Group9,Batch3
Cell5827,Group7,Batch3
Cell5828,Group7,Batch3
Cell5829,Group2,Batch3
Cell5830,Group2,Batch3
Cell5831,Group6,Batch3
Cell5832,Group9,Batch3
Cell5833,Group3,Batch3
Cell5834,Group10,Batch3
Cell5835,Group2,Batch3
Cell5836,Group3,Batch3
Cell5837,Group6,Batch3
Cell5838,Group1,Batch3
Cell5839,Group2,Batch3
Cell5840,Group1,Batch3
Cell5841,Group1,Batch3
Cell5842,Group4,Batch3
Cell5843,Group10,Batch3
Cell5844,Group8,Batch3
Cell5845,Group4,Batch3
Cell5846,Group8,Batch3
Cell5847,Group6,Batch3
Cell5848,Group1,Batch3
Cell5849,Group10,Batch3
Cell5850,Group4,Batch3
Cell5851,Group5,Batch3
Cell5852,Group6,Batch3
Cell5853,Group2,Batch3
Cell5854,Group6,Batch3
Cell5855,Group10,Batch3
Cell5856,Group7,Batch3
Cell5857,Group9,Batch3
Cell5858,Group8,Batch3
Cell5859,Group3,Batch3
Cell5860,Group1,Batch3
Cell5861,Group6,Batch3
Cell5862,Group3,Batch3
Cell5863,Group10,Batch3
Cell5864,Group5,Batch3
Cell5865,Group6,Batch3
Cell5866,Group1,Batch3
Cell5867,Group1,Batch3
Cell5868,Group2,Batch3
Cell5869,Group2,Batch3
Cell5870,Group10,Batch3
Cell5871,Group3,Batch3
Cell5872,Group8,Batch3
Cell5873,Group2,Batch3
Cell5874,Group8,Batch3
Cell5875,Group1,Batch3
Cell5876,Group4,Batch3
Cell5877,Group1,Batch3
Cell5878,Group2,Batch3
Cell5879,Group5,Batch3
Cell5880,Group5,Batch3
Cell5881,Group4,Batch3
Cell5882,Group10,Batch3
Cell5883,Group7,Batch3
Cell5884,Group3,Batch3
Cell5885,Group7,Batch3
Cell5886,Group3,Batch3
Cell5887,Group1,Batch3
Cell5888,Group2,Batch3
Cell5889,Group5,Batch3
Cell5890,Group3,Batch3
Cell5891,Group6,Batch3
Cell5892,Group1,Batch3
Cell5893,Group8,Batch3
Cell5894,Group6,Batch3
Cell5895,Group4,Batch3
Cell5896,Group5,Batch3
Cell5897,Group8,Batch3
Cell5898,Group1,Batch3
Cell5899,Group1,Batch3
Cell5900,Group8,Batch3
Cell5901,Group10,Batch3
Cell5902,Group1,Batch3
Cell5903,Group10,Batch3
Cell5904,Group3,Batch3
Cell5905,Group7,Batch3
Cell5906,Group7,Batch3
Cell5907,Group8,Batch3
Cell5908,Group8,Batch3
Cell5909,Group9,Batch3
Cell5910,Group1,Batch3
Cell5911,Group6,Batch3
Cell5912,Group10,Batch3
Cell5913,Group5,Batch3
Cell5914,Group7,Batch3
Cell5915,Group6,Batch3
Cell5916,Group8,Batch3
Cell5917,Group6,Batch3
Cell5918,Group5,Batch3
Cell5919,Group6,Batch3
Cell5920,Group1,Batch3
Cell5921,Group3,Batch3
Cell5922,Group10,Batch3
Cell5923,Group7,Batch3
Cell5924,Group6,Batch3
Cell5925,Group10,Batch3
Cell5926,Group7,Batch3
Cell5927,Group8,Batch3
Cell5928,Group10,Batch3
Cell5929,Group9,Batch3
Cell5930,Group3,Batch3
Cell5931,Group8,Batch3
Cell5932,Group2,Batch3
Cell5933,Group10,Batch3
Cell5934,Group1,Batch3
Cell5935,Group7,Batch3
Cell5936,Group7,Batch3
Cell5937,Group8,Batch3
Cell5938,Group7,Batch3
Cell5939,Group9,Batch3
Cell5940,Group9,Batch3
Cell5941,Group6,Batch3
Cell5942,Group6,Batch3
Cell5943,Group3,Batch3
Cell5944,Group10,Batch3
Cell5945,Group10,Batch3
Cell5946,Group2,Batch3
Cell5947,Group5,Batch3
Cell5948,Group8,Batch3
Cell5949,Group10,Batch3
Cell5950,Group7,Batch3
Cell5951,Group1,Batch3
Cell5952,Group6,Batch3
Cell5953,Group2,Batch3
Cell5954,Group10,Batch3
Cell5955,Group1,Batch3
Cell5956,Group7,Batch3
Cell5957,Group2,Batch3
Cell5958,Group10,Batch3
Cell5959,Group1,Batch3
Cell5960,Group7,Batch3
Cell5961,Group6,Batch3
Cell5962,Group8,Batch3
Cell5963,Group5,Batch3
Cell5964,Group7,Batch3
Cell5965,Group6,Batch3
Cell5966,Group8,Batch3
Cell5967,Group7,Batch3
Cell5968,Group1,Batch3
Cell5969,Group5,Batch3
Cell5970,Group1,Batch3
Cell5971,Group6,Batch3
Cell5972,Group2,Batch3
Cell5973,Group2,Batch3
Cell5974,Group6,Batch3
Cell5975,Group3,Batch3
Cell5976,Group10,Batch3
Cell5977,Group8,Batch3
Cell5978,Group8,Batch3
Cell5979,Group6,Batch3
Cell5980,Group1,Batch3
Cell5981,Group7,Batch3
Cell5982,Group7,Batch3
Cell5983,Group7,Batch3
Cell5984,Group1,Batch3
Cell5985,Group7,Batch3
Cell5986,Group7,Batch3
Cell5987,Group2,Batch3
Cell5988,Group10,Batch3
Cell5989,Group3,Batch3
Cell5990,Group4,Batch3
Cell5991,Group6,Batch3
Cell5992,Group1,Batch3
Cell5993,Group10,Batch3
Cell5994,Group7,Batch3
Cell5995,Group1,Batch3
Cell5996,Group8,Batch3
Cell5997,Group6,Batch3
Cell5998,Group9,Batch3
Cell5999,Group2,Batch3
Cell6000,Group9,Batch3
Cell6001,Group8,Batch3
Cell6002,Group3,Batch3
Cell6003,Group2,Batch3
Cell6004,Group4,Batch3
Cell6005,Group6,Batch3
Cell6006,Group10,Batch3
Cell6007,Group1,Batch3
Cell6008,Group10,Batch3
Cell6009,Group6,Batch3
Cell6010,Group7,Batch3
Cell6011,Group5,Batch3
Cell6012,Group2,Batch3
Cell6013,Group3,Batch3
Cell6014,Group7,Batch3
Cell6015,Group5,Batch3
Cell6016,Group7,Batch3
Cell6017,Group5,Batch3
Cell6018,Group5,Batch3
Cell6019,Group7,Batch3
Cell6020,Group5,Batch3
Cell6021,Group6,Batch3
Cell6022,Group7,Batch3
Cell6023,Group2,Batch3
Cell6024,Group3,Batch3
Cell6025,Group5,Batch3
Cell6026,Group5,Batch3
Cell6027,Group3,Batch3
Cell6028,Group2,Batch3
Cell6029,Group3,Batch3
Cell6030,Group3,Batch3
Cell6031,Group3,Batch3
Cell6032,Group7,Batch3
Cell6033,Group2,Batch3
Cell6034,Group1,Batch3
Cell6035,Group9,Batch3
Cell6036,Group3,Batch3
Cell6037,Group5,Batch3
Cell6038,Group3,Batch3
Cell6039,Group9,Batch3
Cell6040,Group8,Batch3
Cell6041,Group2,Batch3
Cell6042,Group9,Batch3
Cell6043,Group6,Batch3
Cell6044,Group5,Batch3
Cell6045,Group5,Batch3
Cell6046,Group1,Batch3
Cell6047,Group7,Batch3
Cell6048,Group7,Batch3
Cell6049,Group2,Batch3
Cell6050,Group10,Batch3
Cell6051,Group5,Batch3
Cell6052,Group2,Batch3
Cell6053,Group9,Batch3
Cell6054,Group7,Batch3
Cell6055,Group5,Batch3
Cell6056,Group5,Batch3
Cell6057,Group6,Batch3
Cell6058,Group8,Batch3
Cell6059,Group4,Batch3
Cell6060,Group7,Batch3
Cell6061,Group10,Batch3
Cell6062,Group9,Batch3
Cell6063,Group6,Batch3
Cell6064,Group8,Batch3
Cell6065,Group1,Batch3
Cell6066,Group1,Batch3
Cell6067,Group7,Batch3
Cell6068,Group6,Batch3
Cell6069,Group5,Batch3
Cell6070,Group5,Batch3
Cell6071,Group1,Batch3
Cell6072,Group5,Batch3
Cell6073,Group10,Batch3
Cell6074,Group1,Batch3
Cell6075,Group5,Batch3
Cell6076,Group10,Batch3
Cell6077,Group2,Batch3
Cell6078,Group7,Batch3
Cell6079,Group6,Batch3
Cell6080,Group5,Batch3
Cell6081,Group1,Batch3
Cell6082,Group2,Batch3
Cell6083,Group6,Batch3
Cell6084,Group5,Batch3
Cell6085,Group1,Batch3
Cell6086,Group2,Batch3
Cell6087,Group3,Batch3
Cell6088,Group7,Batch3
Cell6089,Group7,Batch3
Cell6090,Group9,Batch3
Cell6091,Group1,Batch3
Cell6092,Group10,Batch3
Cell6093,Group9,Batch3
Cell6094,Group1,Batch3
Cell6095,Group7,Batch3
Cell6096,Group7,Batch3
Cell6097,Group9,Batch3
Cell6098,Group1,Batch3
Cell6099,Group7,Batch3
Cell6100,Group4,Batch3
Cell6101,Group3,Batch3
Cell6102,Group3,Batch3
Cell6103,Group2,Batch3
Cell6104,Group3,Batch3
Cell6105,Group10,Batch3
Cell6106,Group6,Batch3
Cell6107,Group3,Batch3
Cell6108,Group2,Batch3
Cell6109,Group6,Batch3
Cell6110,Group6,Batch3
Cell6111,Group2,Batch3
Cell6112,Group7,Batch3
Cell6113,Group4,Batch3
Cell6114,Group5,Batch3
Cell6115,Group1,Batch3
Cell6116,Group7,Batch3
Cell6117,Group4,Batch3
Cell6118,Group8,Batch3
Cell6119,Group9,Batch3
Cell6120,Group3,Batch3
Cell6121,Group2,Batch3
Cell6122,Group6,Batch3
Cell6123,Group7,Batch3
Cell6124,Group5,Batch3
Cell6125,Group9,Batch3
Cell6126,Group7,Batch3
Cell6127,Group7,Batch3
Cell6128,Group9,Batch3
Cell6129,Group8,Batch3
Cell6130,Group3,Batch3
Cell6131,Group10,Batch3
Cell6132,Group2,Batch3
Cell6133,Group5,Batch3
Cell6134,Group8,Batch3
Cell6135,Group5,Batch3
Cell6136,Group5,Batch3
Cell6137,Group8,Batch3
Cell6138,Group6,Batch3
Cell6139,Group9,Batch3
Cell6140,Group2,Batch3
Cell6141,Group3,Batch3
Cell6142,Group7,Batch3
Cell6143,Group6,Batch3
Cell6144,Group6,Batch3
Cell6145,Group8,Batch3
Cell6146,Group9,Batch3
Cell6147,Group2,Batch3
Cell6148,Group1,Batch3
Cell6149,Group5,Batch3
Cell6150,Group1,Batch3
Cell6151,Group7,Batch3
Cell6152,Group6,Batch3
Cell6153,Group4,Batch3
Cell6154,Group6,Batch3
Cell6155,Group2,Batch3
Cell6156,Group8,Batch3
Cell6157,Group10,Batch3
Cell6158,Group7,Batch3
Cell6159,Group1,Batch3
Cell6160,Group1,Batch3
Cell6161,Group10,Batch3
Cell6162,Group3,Batch3
Cell6163,Group2,Batch3
Cell6164,Group3,Batch3
Cell6165,Group8,Batch3
Cell6166,Group7,Batch3
Cell6167,Group2,Batch3
Cell6168,Group2,Batch3
Cell6169,Group6,Batch3
Cell6170,Group1,Batch3
Cell6171,Group6,Batch3
Cell6172,Group2,Batch3
Cell6173,Group8,Batch3
Cell6174,Group6,Batch3
Cell6175,Group5,Batch3
Cell6176,Group1,Batch3
Cell6177,Group4,Batch3
Cell6178,Group5,Batch3
Cell6179,Group6,Batch3
Cell6180,Group1,Batch3
Cell6181,Group7,Batch3
Cell6182,Group10,Batch3
Cell6183,Group5,Batch3
Cell6184,Group3,Batch3
Cell6185,Group7,Batch3
Cell6186,Group6,Batch3
Cell6187,Group5,Batch3
Cell6188,Group6,Batch3
Cell6189,Group8,Batch3
Cell6190,Group3,Batch3
Cell6191,Group2,Batch3
Cell6192,Group7,Batch3
Cell6193,Group6,Batch3
Cell6194,Group4,Batch3
Cell6195,Group1,Batch3
Cell6196,Group1,Batch3
Cell6197,Group7,Batch3
Cell6198,Group2,Batch3
Cell6199,Group7,Batch3
Cell6200,Group8,Batch3
Cell6201,Group6,Batch3
Cell6202,Group3,Batch3
Cell6203,Group4,Batch3
Cell6204,Group6,Batch3
Cell6205,Group3,Batch3
Cell6206,Group7,Batch3
Cell6207,Group6,Batch3
Cell6208,Group8,Batch3
Cell6209,Group5,Batch3
Cell6210,Group6,Batch3
Cell6211,Group8,Batch3
Cell6212,Group2,Batch3
Cell6213,Group7,Batch3
Cell6214,Group2,Batch3
Cell6215,Group1,Batch3
Cell6216,Group5,Batch3
Cell6217,Group10,Batch3
Cell6218,Group3,Batch3
Cell6219,Group1,Batch3
Cell6220,Group7,Batch3
Cell6221,Group2,Batch3
Cell6222,Group3,Batch3
Cell6223,Group3,Batch3
Cell6224,Group7,Batch3
Cell6225,Group1,Batch3
Cell6226,Group2,Batch3
Cell6227,Group10,Batch3
Cell6228,Group2,Batch3
Cell6229,Group3,Batch3
Cell6230,Group9,Batch3
Cell6231,Group3,Batch3
Cell6232,Group1,Batch3
Cell6233,Group6,Batch3
Cell6234,Group2,Batch3
Cell6235,Group3,Batch3
Cell6236,Group3,Batch3
Cell6237,Group3,Batch3
Cell6238,Group7,Batch3
Cell6239,Group1,Batch3
Cell6240,Group3,Batch3
Cell6241,Group9,Batch3
Cell6242,Group3,Batch3
Cell6243,Group7,Batch3
Cell6244,Group10,Batch3
Cell6245,Group1,Batch3
Cell6246,Group6,Batch3
Cell6247,Group8,Batch3
Cell6248,Group7,Batch3
Cell6249,Group2,Batch3
Cell6250,Group7,Batch3
Cell6251,Group7,Batch3
Cell6252,Group7,Batch3
Cell6253,Group3,Batch3
Cell6254,Group10,Batch3
Cell6255,Group7,Batch3
Cell6256,Group5,Batch3
Cell6257,Group8,Batch3
Cell6258,Group3,Batch3
Cell6259,Group6,Batch3
Cell6260,Group6,Batch3
Cell6261,Group7,Batch3
Cell6262,Group2,Batch3
Cell6263,Group5,Batch3
Cell6264,Group1,Batch3
Cell6265,Group6,Batch3
Cell6266,Group4,Batch3
Cell6267,Group3,Batch3
Cell6268,Group9,Batch3
Cell6269,Group3,Batch3
Cell6270,Group5,Batch3
Cell6271,Group2,Batch3
Cell6272,Group8,Batch3
Cell6273,Group6,Batch3
Cell6274,Group7,Batch3
Cell6275,Group10,Batch3
Cell6276,Group3,Batch3
Cell6277,Group9,Batch3
Cell6278,Group8,Batch3
Cell6279,Group8,Batch3
Cell6280,Group8,Batch3
Cell6281,Group5,Batch3
Cell6282,Group7,Batch3
Cell6283,Group5,Batch3
Cell6284,Group7,Batch3
Cell6285,Group7,Batch3
Cell6286,Group6,Batch3
Cell6287,Group6,Batch3
Cell6288,Group9,Batch3
Cell6289,Group2,Batch3
Cell6290,Group2,Batch3
Cell6291,Group1,Batch3
Cell6292,Group7,Batch3
Cell6293,Group8,Batch3
Cell6294,Group7,Batch3
Cell6295,Group3,Batch3
Cell6296,Group1,Batch3
Cell6297,Group9,Batch3
Cell6298,Group10,Batch3
Cell6299,Group3,Batch3
Cell6300,Group5,Batch3
Cell6301,Group7,Batch3
Cell6302,Group2,Batch3
Cell6303,Group1,Batch3
Cell6304,Group8,Batch3
Cell6305,Group10,Batch3
Cell6306,Group1,Batch3
Cell6307,Group2,Batch3
Cell6308,Group2,Batch3
Cell6309,Group4,Batch3
Cell6310,Group5,Batch3
Cell6311,Group1,Batch3
Cell6312,Group2,Batch3
Cell6313,Group7,Batch3
Cell6314,Group6,Batch3
Cell6315,Group8,Batch3
Cell6316,Group10,Batch3
Cell6317,Group7,Batch3
Cell6318,Group10,Batch3
Cell6319,Group10,Batch3
Cell6320,Group5,Batch3
Cell6321,Group8,Batch3
Cell6322,Group8,Batch3
Cell6323,Group7,Batch3
Cell6324,Group3,Batch3
Cell6325,Group6,Batch3
Cell6326,Group6,Batch3
Cell6327,Group1,Batch3
Cell6328,Group3,Batch3
Cell6329,Group6,Batch3
Cell6330,Group4,Batch3
Cell6331,Group6,Batch3
Cell6332,Group7,Batch3
Cell6333,Group6,Batch3
Cell6334,Group9,Batch3
Cell6335,Group5,Batch3
Cell6336,Group5,Batch3
Cell6337,Group5,Batch3
Cell6338,Group3,Batch3
Cell6339,Group7,Batch3
Cell6340,Group8,Batch3
Cell6341,Group9,Batch3
Cell6342,Group2,Batch3
Cell6343,Group7,Batch3
Cell6344,Group1,Batch3
Cell6345,Group7,Batch3
Cell6346,Group1,Batch3
Cell6347,Group1,Batch3
Cell6348,Group10,Batch3
Cell6349,Group3,Batch3
Cell6350,Group3,Batch3
Cell6351,Group9,Batch3
Cell6352,Group1,Batch3
Cell6353,Group7,Batch3
Cell6354,Group6,Batch3
Cell6355,Group3,Batch3
Cell6356,Group5,Batch3
Cell6357,Group2,Batch3
Cell6358,Group4,Batch3
Cell6359,Group7,Batch3
Cell6360,Group2,Batch3
Cell6361,Group3,Batch3
Cell6362,Group9,Batch3
Cell6363,Group1,Batch3
Cell6364,Group3,Batch3
Cell6365,Group3,Batch3
Cell6366,Group3,Batch3
Cell6367,Group8,Batch3
Cell6368,Group2,Batch3
Cell6369,Group3,Batch3
Cell6370,Group1,Batch3
Cell6371,Group1,Batch3
Cell6372,Group3,Batch3
Cell6373,Group1,Batch3
Cell6374,Group8,Batch3
Cell6375,Group7,Batch3
Cell6376,Group2,Batch3
Cell6377,Group3,Batch3
Cell6378,Group6,Batch3
Cell6379,Group3,Batch3
Cell6380,Group3,Batch3
Cell6381,Group3,Batch3
Cell6382,Group2,Batch3
Cell6383,Group7,Batch3
Cell6384,Group2,Batch3
Cell6385,Group10,Batch3
Cell6386,Group10,Batch3
Cell6387,Group2,Batch3
Cell6388,Group1,Batch3
Cell6389,Group1,Batch3
Cell6390,Group8,Batch3
Cell6391,Group6,Batch3
Cell6392,Group4,Batch3
Cell6393,Group6,Batch3
Cell6394,Group9,Batch3
Cell6395,Group2,Batch3
Cell6396,Group3,Batch3
Cell6397,Group5,Batch3
Cell6398,Group5,Batch3
Cell6399,Group2,Batch3
Cell6400,Group7,Batch3
Cell6401,Group10,Batch3
Cell6402,Group6,Batch3
Cell6403,Group1,Batch3
Cell6404,Group1,Batch3
Cell6405,Group3,Batch3
Cell6406,Group3,Batch3
Cell6407,Group4,Batch3
Cell6408,Group7,Batch3
Cell6409,Group3,Batch3
Cell6410,Group7,Batch3
Cell6411,Group7,Batch3
Cell6412,Group6,Batch3
Cell6413,Group8,Batch3
Cell6414,Group10,Batch3
Cell6415,Group3,Batch3
Cell6416,Group10,Batch3
Cell6417,Group5,Batch3
Cell6418,Group1,Batch3
Cell6419,Group1,Batch3
Cell6420,Group8,Batch3
Cell6421,Group1,Batch3
Cell6422,Group3,Batch3
Cell6423,Group4,Batch3
Cell6424,Group10,Batch3
Cell6425,Group10,Batch3
Cell6426,Group6,Batch3
Cell6427,Group7,Batch3
Cell6428,Group10,Batch3
Cell6429,Group10,Batch3
Cell6430,Group6,Batch3
Cell6431,Group7,Batch3
Cell6432,Group9,Batch3
Cell6433,Group9,Batch3
Cell6434,Group5,Batch3
Cell6435,Group1,Batch3
Cell6436,Group5,Batch3
Cell6437,Group10,Batch3
Cell6438,Group3,Batch3
Cell6439,Group10,Batch3
Cell6440,Group3,Batch3
Cell6441,Group2,Batch3
Cell6442,Group1,Batch3
Cell6443,Group10,Batch3
Cell6444,Group4,Batch3
Cell6445,Group10,Batch3
Cell6446,Group1,Batch3
Cell6447,Group8,Batch3
Cell6448,Group9,Batch3
Cell6449,Group5,Batch3
Cell6450,Group10,Batch3
Cell6451,Group7,Batch3
Cell6452,Group7,Batch3
Cell6453,Group1,Batch3
Cell6454,Group6,Batch3
Cell6455,Group3,Batch3
Cell6456,Group2,Batch3
Cell6457,Group3,Batch3
Cell6458,Group7,Batch3
Cell6459,Group1,Batch3
Cell6460,Group8,Batch3
Cell6461,Group5,Batch3
Cell6462,Group1,Batch3
Cell6463,Group10,Batch3
Cell6464,Group2,Batch3
Cell6465,Group6,Batch3
Cell6466,Group1,Batch3
Cell6467,Group6,Batch3
Cell6468,Group8,Batch3
Cell6469,Group3,Batch3
Cell6470,Group1,Batch3
Cell6471,Group10,Batch3
Cell6472,Group7,Batch3
Cell6473,Group2,Batch3
Cell6474,Group7,Batch3
Cell6475,Group10,Batch3
Cell6476,Group4,Batch3
Cell6477,Group10,Batch3
Cell6478,Group9,Batch3
Cell6479,Group3,Batch3
Cell6480,Group9,Batch3
Cell6481,Group3,Batch3
Cell6482,Group1,Batch3
Cell6483,Group10,Batch3
Cell6484,Group6,Batch3
Cell6485,Group9,Batch3
Cell6486,Group1,Batch3
Cell6487,Group1,Batch3
Cell6488,Group1,Batch3
Cell6489,Group9,Batch3
Cell6490,Group1,Batch3
Cell6491,Group10,Batch3
Cell6492,Group8,Batch3
Cell6493,Group2,Batch3
Cell6494,Group5,Batch3
Cell6495,Group4,Batch3
Cell6496,Group10,Batch3
Cell6497,Group3,Batch3
Cell6498,Group7,Batch3
Cell6499,Group9,Batch3
Cell6500,Group1,Batch3
Cell6501,Group5,Batch3
Cell6502,Group8,Batch3
Cell6503,Group3,Batch3
Cell6504,Group5,Batch3
Cell6505,Group2,Batch3
Cell6506,Group6,Batch3
Cell6507,Group8,Batch3
Cell6508,Group8,Batch3
Cell6509,Group7,Batch3
Cell6510,Group1,Batch3
Cell6511,Group10,Batch3
Cell6512,Group8,Batch3
Cell6513,Group7,Batch3
Cell6514,Group6,Batch3
Cell6515,Group3,Batch3
Cell6516,Group6,Batch3
Cell6517,Group7,Batch3
Cell6518,Group2,Batch3
Cell6519,Group10,Batch3
Cell6520,Group2,Batch3
Cell6521,Group7,Batch3
Cell6522,Group7,Batch3
Cell6523,Group7,Batch3
Cell6524,Group1,Batch3
Cell6525,Group9,Batch3
Cell6526,Group6,Batch3
Cell6527,Group1,Batch3
Cell6528,Group3,Batch3
Cell6529,Group6,Batch3
Cell6530,Group9,Batch3
Cell6531,Group7,Batch3
Cell6532,Group6,Batch3
Cell6533,Group3,Batch3
Cell6534,Group2,Batch3
Cell6535,Group1,Batch3
Cell6536,Group8,Batch3
Cell6537,Group8,Batch3
Cell6538,Group2,Batch3
Cell6539,Group10,Batch3
Cell6540,Group8,Batch3
Cell6541,Group6,Batch3
Cell6542,Group1,Batch3
Cell6543,Group6,Batch3
Cell6544,Group1,Batch3
Cell6545,Group8,Batch3
Cell6546,Group7,Batch3
Cell6547,Group7,Batch3
Cell6548,Group10,Batch3
Cell6549,Group2,Batch3
Cell6550,Group8,Batch3
Cell6551,Group7,Batch3
Cell6552,Group7,Batch3
Cell6553,Group3,Batch3
Cell6554,Group8,Batch3
Cell6555,Group5,Batch3
Cell6556,Group10,Batch3
Cell6557,Group1,Batch3
Cell6558,Group3,Batch3
Cell6559,Group6,Batch3
Cell6560,Group6,Batch3
Cell6561,Group9,Batch3
Cell6562,Group5,Batch3
Cell6563,Group8,Batch3
Cell6564,Group3,Batch3
Cell6565,Group10,Batch3
Cell6566,Group9,Batch3
Cell6567,Group7,Batch3
Cell6568,Group8,Batch3
Cell6569,Group7,Batch3
Cell6570,Group10,Batch3
Cell6571,Group7,Batch3
Cell6572,Group7,Batch3
Cell6573,Group1,Batch3
Cell6574,Group8,Batch3
Cell6575,Group6,Batch3
Cell6576,Group5,Batch3
Cell6577,Group2,Batch3
Cell6578,Group7,Batch3
Cell6579,Group2,Batch3
Cell6580,Group8,Batch3
Cell6581,Group7,Batch3
Cell6582,Group7,Batch3
Cell6583,Group9,Batch3
Cell6584,Group6,Batch3
Cell6585,Group2,Batch3
Cell6586,Group6,Batch3
Cell6587,Group8,Batch3
Cell6588,Group6,Batch3
Cell6589,Group4,Batch3
Cell6590,Group10,Batch3
Cell6591,Group7,Batch3
Cell6592,Group7,Batch3
Cell6593,Group8,Batch3
Cell6594,Group6,Batch3
Cell6595,Group7,Batch3
Cell6596,Group6,Batch3
Cell6597,Group3,Batch3
Cell6598,Group7,Batch3
Cell6599,Group10,Batch3
Cell6600,Group10,Batch3
Cell6601,Group7,Batch3
Cell6602,Group2,Batch3
Cell6603,Group1,Batch3
Cell6604,Group8,Batch3
Cell6605,Group2,Batch3
Cell6606,Group3,Batch3
Cell6607,Group1,Batch3
Cell6608,Group7,Batch3
Cell6609,Group2,Batch3
Cell6610,Group1,Batch3
Cell6611,Group7,Batch3
Cell6612,Group6,Batch3
Cell6613,Group1,Batch3
Cell6614,Group6,Batch3
Cell6615,Group6,Batch3
Cell6616,Group1,Batch3
Cell6617,Group7,Batch3
Cell6618,Group2,Batch3
Cell6619,Group9,Batch3
Cell6620,Group8,Batch3
Cell6621,Group7,Batch3
Cell6622,Group2,Batch3
Cell6623,Group3,Batch3
Cell6624,Group7,Batch3
Cell6625,Group1,Batch3
Cell6626,Group6,Batch3
Cell6627,Group2,Batch3
Cell6628,Group7,Batch3
Cell6629,Group9,Batch3
Cell6630,Group5,Batch3
Cell6631,Group1,Batch3
Cell6632,Group7,Batch3
Cell6633,Group2,Batch3
Cell6634,Group10,Batch3
Cell6635,Group7,Batch3
Cell6636,Group5,Batch3
Cell6637,Group3,Batch3
Cell6638,Group1,Batch3
Cell6639,Group7,Batch3
Cell6640,Group1,Batch3
Cell6641,Group1,Batch3
Cell6642,Group4,Batch3
Cell6643,Group2,Batch3
Cell6644,Group5,Batch3
Cell6645,Group5,Batch3
Cell6646,Group1,Batch3
Cell6647,Group6,Batch3
Cell6648,Group8,Batch3
Cell6649,Group3,Batch3
Cell6650,Group8,Batch3
Cell6651,Group3,Batch3
Cell6652,Group7,Batch3
Cell6653,Group5,Batch3
Cell6654,Group10,Batch3
Cell6655,Group7,Batch3
Cell6656,Group2,Batch3
Cell6657,Group3,Batch3
Cell6658,Group2,Batch3
Cell6659,Group6,Batch3
Cell6660,Group1,Batch3
Cell6661,Group2,Batch3
Cell6662,Group9,Batch3
Cell6663,Group5,Batch3
Cell6664,Group1,Batch3
Cell6665,Group6,Batch3
Cell6666,Group2,Batch3
Cell6667,Group7,Batch3
Cell6668,Group8,Batch3
Cell6669,Group7,Batch3
Cell6670,Group10,Batch3
Cell6671,Group10,Batch3
Cell6672,Group1,Batch3
Cell6673,Group3,Batch3
Cell6674,Group7,Batch3
Cell6675,Group7,Batch3
Cell6676,Group1,Batch3
Cell6677,Group10,Batch3
Cell6678,Group3,Batch3
Cell6679,Group6,Batch3
Cell6680,Group7,Batch3
Cell6681,Group3,Batch3
Cell6682,Group3,Batch3
Cell6683,Group6,Batch3
Cell6684,Group7,Batch3
Cell6685,Group5,Batch3
Cell6686,Group2,Batch3
Cell6687,Group3,Batch3
Cell6688,Group2,Batch3
Cell6689,Group9,Batch3
Cell6690,Group1,Batch3
Cell6691,Group9,Batch3
Cell6692,Group1,Batch3
Cell6693,Group8,Batch3
Cell6694,Group8,Batch3
Cell6695,Group3,Batch3
Cell6696,Group8,Batch3
Cell6697,Group6,Batch3
Cell6698,Group9,Batch3
Cell6699,Group10,Batch3
Cell6700,Group2,Batch3
Cell6701,Group1,Batch3
Cell6702,Group3,Batch3
Cell6703,Group10,Batch3
Cell6704,Group5,Batch3
Cell6705,Group1,Batch3
Cell6706,Group7,Batch3
Cell6707,Group6,Batch3
Cell6708,Group2,Batch3
Cell6709,Group1,Batch3
Cell6710,Group1,Batch3
Cell6711,Group8,Batch3
Cell6712,Group4,Batch3
Cell6713,Group3,Batch3
Cell6714,Group8,Batch3
Cell6715,Group3,Batch3
Cell6716,Group3,Batch3
Cell6717,Group8,Batch3
Cell6718,Group1,Batch3
Cell6719,Group7,Batch3
Cell6720,Group3,Batch3
Cell6721,Group8,Batch3
Cell6722,Group3,Batch3
Cell6723,Group10,Batch3
Cell6724,Group1,Batch3
Cell6725,Group1,Batch3
Cell6726,Group7,Batch3
Cell6727,Group5,Batch3
Cell6728,Group6,Batch3
Cell6729,Group1,Batch3
Cell6730,Group10,Batch3
Cell6731,Group7,Batch3
Cell6732,Group9,Batch3
Cell6733,Group8,Batch3
Cell6734,Group7,Batch3
Cell6735,Group6,Batch3
Cell6736,Group3,Batch3
Cell6737,Group1,Batch3
Cell6738,Group3,Batch3
Cell6739,Group8,Batch3
Cell6740,Group1,Batch3
Cell6741,Group1,Batch3
Cell6742,Group7,Batch3
Cell6743,Group7,Batch3
Cell6744,Group6,Batch3
Cell6745,Group5,Batch3
Cell6746,Group1,Batch3
Cell6747,Group1,Batch3
Cell6748,Group1,Batch3
Cell6749,Group3,Batch3
Cell6750,Group10,Batch3
Cell6751,Group2,Batch3
Cell6752,Group4,Batch3
Cell6753,Group7,Batch3
Cell6754,Group5,Batch3
Cell6755,Group10,Batch3
Cell6756,Group10,Batch3
Cell6757,Group1,Batch3
Cell6758,Group2,Batch3
Cell6759,Group2,Batch3
Cell6760,Group9,Batch3
Cell6761,Group9,Batch3
Cell6762,Group7,Batch3
Cell6763,Group3,Batch3
Cell6764,Group5,Batch3
Cell6765,Group5,Batch3
Cell6766,Group2,Batch3
Cell6767,Group5,Batch3
Cell6768,Group2,Batch3
Cell6769,Group6,Batch3
Cell6770,Group5,Batch3
Cell6771,Group4,Batch3
Cell6772,Group9,Batch3
Cell6773,Group8,Batch3
Cell6774,Group1,Batch3
Cell6775,Group1,Batch3
Cell6776,Group10,Batch3
Cell6777,Group5,Batch3
Cell6778,Group6,Batch3
Cell6779,Group10,Batch3
Cell6780,Group2,Batch3
Cell6781,Group10,Batch3
Cell6782,Group8,Batch3
Cell6783,Group7,Batch3
Cell6784,Group1,Batch3
Cell6785,Group2,Batch3
Cell6786,Group5,Batch3
Cell6787,Group6,Batch3
Cell6788,Group9,Batch3
Cell6789,Group7,Batch3
Cell6790,Group8,Batch3
Cell6791,Group5,Batch3
Cell6792,Group3,Batch3
Cell6793,Group7,Batch3
Cell6794,Group1,Batch3
Cell6795,Group2,Batch3
Cell6796,Group3,Batch3
Cell6797,Group1,Batch3
Cell6798,Group1,Batch3
Cell6799,Group8,Batch3
Cell6800,Group2,Batch3
Cell6801,Group1,Batch3
Cell6802,Group4,Batch3
Cell6803,Group7,Batch3
Cell6804,Group10,Batch3
Cell6805,Group6,Batch3
Cell6806,Group6,Batch3
Cell6807,Group8,Batch3
Cell6808,Group2,Batch3
Cell6809,Group5,Batch3
Cell6810,Group7,Batch3
Cell6811,Group1,Batch3
Cell6812,Group2,Batch3
Cell6813,Group6,Batch3
Cell6814,Group4,Batch3
Cell6815,Group7,Batch3
Cell6816,Group7,Batch3
Cell6817,Group1,Batch3
Cell6818,Group2,Batch3
Cell6819,Group2,Batch3
Cell6820,Group1,Batch3
Cell6821,Group2,Batch3
Cell6822,Group3,Batch3
Cell6823,Group2,Batch3
Cell6824,Group7,Batch3
Cell6825,Group1,Batch3
Cell6826,Group10,Batch3
Cell6827,Group7,Batch3
Cell6828,Group7,Batch3
Cell6829,Group6,Batch3
Cell6830,Group4,Batch3
Cell6831,Group1,Batch3
Cell6832,Group10,Batch3
Cell6833,Group6,Batch3
Cell6834,Group2,Batch3
Cell6835,Group4,Batch3
Cell6836,Group1,Batch3
Cell6837,Group3,Batch3
Cell6838,Group2,Batch3
Cell6839,Group4,Batch3
Cell6840,Group1,Batch3
Cell6841,Group5,Batch3
Cell6842,Group7,Batch3
Cell6843,Group1,Batch3
Cell6844,Group3,Batch3
Cell6845,Group8,Batch3
Cell6846,Group1,Batch3
Cell6847,Group5,Batch3
Cell6848,Group7,Batch3
Cell6849,Group8,Batch3
Cell6850,Group7,Batch3
Cell6851,Group2,Batch3
Cell6852,Group4,Batch3
Cell6853,Group5,Batch3
Cell6854,Group6,Batch3
Cell6855,Group8,Batch3
Cell6856,Group1,Batch3
Cell6857,Group1,Batch3
Cell6858,Group3,Batch3
Cell6859,Group2,Batch3
Cell6860,Group3,Batch3
Cell6861,Group2,Batch3
Cell6862,Group5,Batch3
Cell6863,Group5,Batch3
Cell6864,Group6,Batch3
Cell6865,Group7,Batch3
Cell6866,Group7,Batch3
Cell6867,Group1,Batch3
Cell6868,Group9,Batch3
Cell6869,Group5,Batch3
Cell6870,Group7,Batch3
Cell6871,Group10,Batch3
Cell6872,Group3,Batch3
Cell6873,Group8,Batch3
Cell6874,Group1,Batch3
Cell6875,Group3,Batch3
Cell6876,Group4,Batch3
Cell6877,Group7,Batch3
Cell6878,Group2,Batch3
Cell6879,Group1,Batch3
Cell6880,Group2,Batch3
Cell6881,Group7,Batch3
Cell6882,Group10,Batch3
Cell6883,Group3,Batch3
Cell6884,Group6,Batch3
Cell6885,Group2,Batch3
Cell6886,Group3,Batch3
Cell6887,Group8,Batch3
Cell6888,Group3,Batch3
Cell6889,Group8,Batch3
Cell6890,Group7,Batch3
Cell6891,Group6,Batch3
Cell6892,Group1,Batch3
Cell6893,Group2,Batch3
Cell6894,Group8,Batch3
Cell6895,Group1,Batch3
Cell6896,Group4,Batch3
Cell6897,Group9,Batch3
Cell6898,Group3,Batch3
Cell6899,Group7,Batch3
Cell6900,Group1,Batch3
Cell6901,Group6,Batch3
Cell6902,Group6,Batch3
Cell6903,Group8,Batch3
Cell6904,Group5,Batch3
Cell6905,Group1,Batch3
Cell6906,Group8,Batch3
Cell6907,Group10,Batch3
Cell6908,Group6,Batch3
Cell6909,Group5,Batch3
Cell6910,Group1,Batch3
Cell6911,Group2,Batch3
Cell6912,Group1,Batch3
Cell6913,Group7,Batch3
Cell6914,Group10,Batch3
Cell6915,Group2,Batch3
Cell6916,Group1,Batch3
Cell6917,Group1,Batch3
Cell6918,Group5,Batch3
Cell6919,Group7,Batch3
Cell6920,Group6,Batch3
Cell6921,Group10,Batch3
Cell6922,Group8,Batch3
Cell6923,Group2,Batch3
Cell6924,Group7,Batch3
Cell6925,Group7,Batch3
Cell6926,Group7,Batch3
Cell6927,Group2,Batch3
Cell6928,Group1,Batch3
Cell6929,Group1,Batch3
Cell6930,Group2,Batch3
Cell6931,Group6,Batch3
Cell6932,Group10,Batch3
Cell6933,Group6,Batch3
Cell6934,Group10,Batch3
Cell6935,Group6,Batch3
Cell6936,Group3,Batch3
Cell6937,Group5,Batch3
Cell6938,Group10,Batch3
Cell6939,Group4,Batch3
Cell6940,Group6,Batch3
Cell6941,Group10,Batch3
Cell6942,Group7,Batch3
Cell6943,Group7,Batch3
Cell6944,Group9,Batch3
Cell6945,Group2,Batch3
Cell6946,Group1,Batch3
Cell6947,Group10,Batch3
Cell6948,Group1,Batch3
Cell6949,Group1,Batch3
Cell6950,Group10,Batch3
Cell6951,Group1,Batch3
Cell6952,Group7,Batch3
Cell6953,Group2,Batch3
Cell6954,Group2,Batch3
Cell6955,Group3,Batch3
Cell6956,Group5,Batch3
Cell6957,Group7,Batch3
Cell6958,Group5,Batch3
Cell6959,Group1,Batch3
Cell6960,Group7,Batch3
Cell6961,Group6,Batch3
Cell6962,Group6,Batch3
Cell6963,Group2,Batch3
Cell6964,Group2,Batch3
Cell6965,Group1,Batch3
Cell6966,Group7,Batch3
Cell6967,Group4,Batch3
Cell6968,Group5,Batch3
Cell6969,Group10,Batch3
Cell6970,Group2,Batch3
Cell6971,Group3,Batch3
Cell6972,Group3,Batch3
Cell6973,Group3,Batch3
Cell6974,Group5,Batch3
Cell6975,Group7,Batch3
Cell6976,Group2,Batch3
Cell6977,Group5,Batch3
Cell6978,Group7,Batch3
Cell6979,Group6,Batch3
Cell6980,Group1,Batch3
Cell6981,Group9,Batch3
Cell6982,Group7,Batch3
Cell6983,Group6,Batch3
Cell6984,Group8,Batch3
Cell6985,Group1,Batch3
Cell6986,Group7,Batch3
Cell6987,Group1,Batch3
Cell6988,Group1,Batch3
Cell6989,Group1,Batch3
Cell6990,Group10,Batch3
Cell6991,Group6,Batch3
Cell6992,Group10,Batch3
Cell6993,Group1,Batch3
Cell6994,Group2,Batch3
Cell6995,Group7,Batch3
Cell6996,Group9,Batch3
Cell6997,Group1,Batch3
Cell6998,Group1,Batch3
Cell6999,Group6,Batch3
Cell7000,Group10,Batch3
Cell7001,Group7,Batch4
Cell7002,Group10,Batch4
Cell7003,Group1,Batch4
Cell7004,Group8,Batch4
Cell7005,Group7,Batch4
Cell7006,Group9,Batch4
Cell7007,Group7,Batch4
Cell7008,Group10,Batch4
Cell7009,Group9,Batch4
Cell7010,Group2,Batch4
Cell7011,Group7,Batch4
Cell7012,Group1,Batch4
Cell7013,Group2,Batch4
Cell7014,Group7,Batch4
Cell7015,Group1,Batch4
Cell7016,Group6,Batch4
Cell7017,Group6,Batch4
Cell7018,Group2,Batch4
Cell7019,Group2,Batch4
Cell7020,Group1,Batch4
Cell7021,Group1,Batch4
Cell7022,Group6,Batch4
Cell7023,Group5,Batch4
Cell7024,Group2,Batch4
Cell7025,Group10,Batch4
Cell7026,Group5,Batch4
Cell7027,Group2,Batch4
Cell7028,Group6,Batch4
Cell7029,Group3,Batch4
Cell7030,Group7,Batch4
Cell7031,Group6,Batch4
Cell7032,Group7,Batch4
Cell7033,Group8,Batch4
Cell7034,Group7,Batch4
Cell7035,Group8,Batch4
Cell7036,Group6,Batch4
Cell7037,Group1,Batch4
Cell7038,Group1,Batch4
Cell7039,Group7,Batch4
Cell7040,Group2,Batch4
Cell7041,Group10,Batch4
Cell7042,Group1,Batch4
Cell7043,Group5,Batch4
Cell7044,Group5,Batch4
Cell7045,Group9,Batch4
Cell7046,Group3,Batch4
Cell7047,Group1,Batch4
Cell7048,Group8,Batch4
Cell7049,Group8,Batch4
Cell7050,Group6,Batch4
Cell7051,Group1,Batch4
Cell7052,Group8,Batch4
Cell7053,Group4,Batch4
Cell7054,Group2,Batch4
Cell7055,Group7,Batch4
Cell7056,Group3,Batch4
Cell7057,Group2,Batch4
Cell7058,Group4,Batch4
Cell7059,Group6,Batch4
Cell7060,Group2,Batch4
Cell7061,Group6,Batch4
Cell7062,Group10,Batch4
Cell7063,Group1,Batch4
Cell7064,Group6,Batch4
Cell7065,Group5,Batch4
Cell7066,Group1,Batch4
Cell7067,Group9,Batch4
Cell7068,Group8,Batch4
Cell7069,Group9,Batch4
Cell7070,Group5,Batch4
Cell7071,Group1,Batch4
Cell7072,Group6,Batch4
Cell7073,Group10,Batch4
Cell7074,Group3,Batch4
Cell7075,Group7,Batch4
Cell7076,Group10,Batch4
Cell7077,Group10,Batch4
Cell7078,Group7,Batch4
Cell7079,Group6,Batch4
Cell7080,Group3,Batch4
Cell7081,Group2,Batch4
Cell7082,Group3,Batch4
Cell7083,Group2,Batch4
Cell7084,Group2,Batch4
Cell7085,Group10,Batch4
Cell7086,Group3,Batch4
Cell7087,Group2,Batch4
Cell7088,Group2,Batch4
Cell7089,Group6,Batch4
Cell7090,Group1,Batch4
Cell7091,Group2,Batch4
Cell7092,Group6,Batch4
Cell7093,Group8,Batch4
Cell7094,Group7,Batch4
Cell7095,Group5,Batch4
Cell7096,Group7,Batch4
Cell7097,Group1,Batch4
Cell7098,Group3,Batch4
Cell7099,Group8,Batch4
Cell7100,Group3,Batch4
Cell7101,Group3,Batch4
Cell7102,Group7,Batch4
Cell7103,Group7,Batch4
Cell7104,Group1,Batch4
Cell7105,Group7,Batch4
Cell7106,Group9,Batch4
Cell7107,Group8,Batch4
Cell7108,Group2,Batch4
Cell7109,Group1,Batch4
Cell7110,Group1,Batch4
Cell7111,Group9,Batch4
Cell7112,Group3,Batch4
Cell7113,Group7,Batch4
Cell7114,Group6,Batch4
Cell7115,Group5,Batch4
Cell7116,Group3,Batch4
Cell7117,Group4,Batch4
Cell7118,Group2,Batch4
Cell7119,Group8,Batch4
Cell7120,Group1,Batch4
Cell7121,Group3,Batch4
Cell7122,Group7,Batch4
Cell7123,Group1,Batch4
Cell7124,Group8,Batch4
Cell7125,Group2,Batch4
Cell7126,Group8,Batch4
Cell7127,Group5,Batch4
Cell7128,Group6,Batch4
Cell7129,Group10,Batch4
Cell7130,Group7,Batch4
Cell7131,Group5,Batch4
Cell7132,Group10,Batch4
Cell7133,Group1,Batch4
Cell7134,Group6,Batch4
Cell7135,Group1,Batch4
Cell7136,Group1,Batch4
Cell7137,Group5,Batch4
Cell7138,Group1,Batch4
Cell7139,Group9,Batch4
Cell7140,Group7,Batch4
Cell7141,Group3,Batch4
Cell7142,Group10,Batch4
Cell7143,Group3,Batch4
Cell7144,Group7,Batch4
Cell7145,Group4,Batch4
Cell7146,Group2,Batch4
Cell7147,Group2,Batch4
Cell7148,Group6,Batch4
Cell7149,Group2,Batch4
Cell7150,Group1,Batch4
Cell7151,Group9,Batch4
Cell7152,Group6,Batch4
Cell7153,Group10,Batch4
Cell7154,Group5,Batch4
Cell7155,Group1,Batch4
Cell7156,Group9,Batch4
Cell7157,Group7,Batch4
Cell7158,Group5,Batch4
Cell7159,Group8,Batch4
Cell7160,Group1,Batch4
Cell7161,Group10,Batch4
Cell7162,Group10,Batch4
Cell7163,Group5,Batch4
Cell7164,Group2,Batch4
Cell7165,Group1,Batch4
Cell7166,Group10,Batch4
Cell7167,Group2,Batch4
Cell7168,Group3,Batch4
Cell7169,Group1,Batch4
Cell7170,Group7,Batch4
Cell7171,Group7,Batch4
Cell7172,Group1,Batch4
Cell7173,Group3,Batch4
Cell7174,Group1,Batch4
Cell7175,Group7,Batch4
Cell7176,Group5,Batch4
Cell7177,Group10,Batch4
Cell7178,Group10,Batch4
Cell7179,Group8,Batch4
Cell7180,Group1,Batch4
Cell7181,Group2,Batch4
Cell7182,Group2,Batch4
Cell7183,Group5,Batch4
Cell7184,Group5,Batch4
Cell7185,Group7,Batch4
Cell7186,Group2,Batch4
Cell7187,Group4,Batch4
Cell7188,Group6,Batch4
Cell7189,Group10,Batch4
Cell7190,Group4,Batch4
Cell7191,Group4,Batch4
Cell7192,Group5,Batch4
Cell7193,Group5,Batch4
Cell7194,Group4,Batch4
Cell7195,Group10,Batch4
Cell7196,Group8,Batch4
Cell7197,Group7,Batch4
Cell7198,Group1,Batch4
Cell7199,Group2,Batch4
Cell7200,Group10,Batch4
Cell7201,Group7,Batch4
Cell7202,Group2,Batch4
Cell7203,Group3,Batch4
Cell7204,Group5,Batch4
Cell7205,Group10,Batch4
Cell7206,Group6,Batch4
Cell7207,Group3,Batch4
Cell7208,Group9,Batch4
Cell7209,Group7,Batch4
Cell7210,Group5,Batch4
Cell7211,Group10,Batch4
Cell7212,Group7,Batch4
Cell7213,Group1,Batch4
Cell7214,Group1,Batch4
Cell7215,Group7,Batch4
Cell7216,Group8,Batch4
Cell7217,Group7,Batch4
Cell7218,Group9,Batch4
Cell7219,Group7,Batch4
Cell7220,Group5,Batch4
Cell7221,Group3,Batch4
Cell7222,Group1,Batch4
Cell7223,Group7,Batch4
Cell7224,Group2,Batch4
Cell7225,Group7,Batch4
Cell7226,Group3,Batch4
Cell7227,Group7,Batch4
Cell7228,Group8,Batch4
Cell7229,Group4,Batch4
Cell7230,Group2,Batch4
Cell7231,Group7,Batch4
Cell7232,Group4,Batch4
Cell7233,Group3,Batch4
Cell7234,Group8,Batch4
Cell7235,Group2,Batch4
Cell7236,Group6,Batch4
Cell7237,Group7,Batch4
Cell7238,Group5,Batch4
Cell7239,Group1,Batch4
Cell7240,Group7,Batch4
Cell7241,Group1,Batch4
Cell7242,Group1,Batch4
Cell7243,Group1,Batch4
Cell7244,Group1,Batch4
Cell7245,Group10,Batch4
Cell7246,Group7,Batch4
Cell7247,Group7,Batch4
Cell7248,Group5,Batch4
Cell7249,Group1,Batch4
Cell7250,Group8,Batch4
Cell7251,Group5,Batch4
Cell7252,Group1,Batch4
Cell7253,Group7,Batch4
Cell7254,Group7,Batch4
Cell7255,Group3,Batch4
Cell7256,Group10,Batch4
Cell7257,Group8,Batch4
Cell7258,Group6,Batch4
Cell7259,Group2,Batch4
Cell7260,Group7,Batch4
Cell7261,Group1,Batch4
Cell7262,Group9,Batch4
Cell7263,Group10,Batch4
Cell7264,Group1,Batch4
Cell7265,Group5,Batch4
Cell7266,Group10,Batch4
Cell7267,Group3,Batch4
Cell7268,Group8,Batch4
Cell7269,Group7,Batch4
Cell7270,Group4,Batch4
Cell7271,Group2,Batch4
Cell7272,Group8,Batch4
Cell7273,Group7,Batch4
Cell7274,Group9,Batch4
Cell7275,Group6,Batch4
Cell7276,Group5,Batch4
Cell7277,Group6,Batch4
Cell7278,Group2,Batch4
Cell7279,Group1,Batch4
Cell7280,Group3,Batch4
Cell7281,Group2,Batch4
Cell7282,Group6,Batch4
Cell7283,Group1,Batch4
Cell7284,Group1,Batch4
Cell7285,Group4,Batch4
Cell7286,Group9,Batch4
Cell7287,Group8,Batch4
Cell7288,Group1,Batch4
Cell7289,Group7,Batch4
Cell7290,Group5,Batch4
Cell7291,Group6,Batch4
Cell7292,Group1,Batch4
Cell7293,Group10,Batch4
Cell7294,Group4,Batch4
Cell7295,Group7,Batch4
Cell7296,Group1,Batch4
Cell7297,Group5,Batch4
Cell7298,Group5,Batch4
Cell7299,Group6,Batch4
Cell7300,Group2,Batch4
Cell7301,Group3,Batch4
Cell7302,Group2,Batch4
Cell7303,Group10,Batch4
Cell7304,Group8,Batch4
Cell7305,Group8,Batch4
Cell7306,Group1,Batch4
Cell7307,Group7,Batch4
Cell7308,Group3,Batch4
Cell7309,Group10,Batch4
Cell7310,Group6,Batch4
Cell7311,Group2,Batch4
Cell7312,Group3,Batch4
Cell7313,Group2,Batch4
Cell7314,Group4,Batch4
Cell7315,Group8,Batch4
Cell7316,Group6,Batch4
Cell7317,Group7,Batch4
Cell7318,Group1,Batch4
Cell7319,Group7,Batch4
Cell7320,Group1,Batch4
Cell7321,Group5,Batch4
Cell7322,Group9,Batch4
Cell7323,Group6,Batch4
Cell7324,Group2,Batch4
Cell7325,Group3,Batch4
Cell7326,Group10,Batch4
Cell7327,Group5,Batch4
Cell7328,Group8,Batch4
Cell7329,Group7,Batch4
Cell7330,Group3,Batch4
Cell7331,Group4,Batch4
Cell7332,Group3,Batch4
Cell7333,Group5,Batch4
Cell7334,Group7,Batch4
Cell7335,Group6,Batch4
Cell7336,Group3,Batch4
Cell7337,Group8,Batch4
Cell7338,Group6,Batch4
Cell7339,Group10,Batch4
Cell7340,Group5,Batch4
Cell7341,Group6,Batch4
Cell7342,Group9,Batch4
Cell7343,Group7,Batch4
Cell7344,Group8,Batch4
Cell7345,Group5,Batch4
Cell7346,Group8,Batch4
Cell7347,Group3,Batch4
Cell7348,Group2,Batch4
Cell7349,Group3,Batch4
Cell7350,Group6,Batch4
Cell7351,Group1,Batch4
Cell7352,Group3,Batch4
Cell7353,Group5,Batch4
Cell7354,Group2,Batch4
Cell7355,Group5,Batch4
Cell7356,Group1,Batch4
Cell7357,Group7,Batch4
Cell7358,Group10,Batch4
Cell7359,Group9,Batch4
Cell7360,Group8,Batch4
Cell7361,Group8,Batch4
Cell7362,Group1,Batch4
Cell7363,Group10,Batch4
Cell7364,Group1,Batch4
Cell7365,Group9,Batch4
Cell7366,Group5,Batch4
Cell7367,Group7,Batch4
Cell7368,Group5,Batch4
Cell7369,Group1,Batch4
Cell7370,Group1,Batch4
Cell7371,Group3,Batch4
Cell7372,Group8,Batch4
Cell7373,Group2,Batch4
Cell7374,Group2,Batch4
Cell7375,Group7,Batch4
Cell7376,Group6,Batch4
Cell7377,Group7,Batch4
Cell7378,Group3,Batch4
Cell7379,Group3,Batch4
Cell7380,Group3,Batch4
Cell7381,Group7,Batch4
Cell7382,Group4,Batch4
Cell7383,Group3,Batch4
Cell7384,Group7,Batch4
Cell7385,Group2,Batch4
Cell7386,Group10,Batch4
Cell7387,Group4,Batch4
Cell7388,Group7,Batch4
Cell7389,Group1,Batch4
Cell7390,Group1,Batch4
Cell7391,Group2,Batch4
Cell7392,Group1,Batch4
Cell7393,Group1,Batch4
Cell7394,Group1,Batch4
Cell7395,Group6,Batch4
Cell7396,Group7,Batch4
Cell7397,Group2,Batch4
Cell7398,Group5,Batch4
Cell7399,Group8,Batch4
Cell7400,Group7,Batch4
Cell7401,Group10,Batch4
Cell7402,Group6,Batch4
Cell7403,Group5,Batch4
Cell7404,Group3,Batch4
Cell7405,Group8,Batch4
Cell7406,Group8,Batch4
Cell7407,Group8,Batch4
Cell7408,Group1,Batch4
Cell7409,Group3,Batch4
Cell7410,Group6,Batch4
Cell7411,Group1,Batch4
Cell7412,Group8,Batch4
Cell7413,Group6,Batch4
Cell7414,Group3,Batch4
Cell7415,Group4,Batch4
Cell7416,Group1,Batch4
Cell7417,Group1,Batch4
Cell7418,Group8,Batch4
Cell7419,Group6,Batch4
Cell7420,Group8,Batch4
Cell7421,Group7,Batch4
Cell7422,Group9,Batch4
Cell7423,Group7,Batch4
Cell7424,Group8,Batch4
Cell7425,Group2,Batch4
Cell7426,Group5,Batch4
Cell7427,Group3,Batch4
Cell7428,Group8,Batch4
Cell7429,Group10,Batch4
Cell7430,Group10,Batch4
Cell7431,Group6,Batch4
Cell7432,Group5,Batch4
Cell7433,Group10,Batch4
Cell7434,Group8,Batch4
Cell7435,Group8,Batch4
Cell7436,Group7,Batch4
Cell7437,Group3,Batch4
Cell7438,Group9,Batch4
Cell7439,Group8,Batch4
Cell7440,Group7,Batch4
Cell7441,Group10,Batch4
Cell7442,Group4,Batch4
Cell7443,Group3,Batch4
Cell7444,Group8,Batch4
Cell7445,Group10,Batch4
Cell7446,Group10,Batch4
Cell7447,Group4,Batch4
Cell7448,Group7,Batch4
Cell7449,Group7,Batch4
Cell7450,Group1,Batch4
Cell7451,Group3,Batch4
Cell7452,Group7,Batch4
Cell7453,Group5,Batch4
Cell7454,Group8,Batch4
Cell7455,Group7,Batch4
Cell7456,Group8,Batch4
Cell7457,Group10,Batch4
Cell7458,Group4,Batch4
Cell7459,Group8,Batch4
Cell7460,Group9,Batch4
Cell7461,Group6,Batch4
Cell7462,Group7,Batch4
Cell7463,Group6,Batch4
Cell7464,Group5,Batch4
Cell7465,Group8,Batch4
Cell7466,Group6,Batch4
Cell7467,Group1,Batch4
Cell7468,Group6,Batch4
Cell7469,Group2,Batch4
Cell7470,Group4,Batch4
Cell7471,Group10,Batch4
Cell7472,Group6,Batch4
Cell7473,Group10,Batch4
Cell7474,Group1,Batch4
Cell7475,Group5,Batch4
Cell7476,Group5,Batch4
Cell7477,Group2,Batch4
Cell7478,Group10,Batch4
Cell7479,Group7,Batch4
Cell7480,Group7,Batch4
Cell7481,Group8,Batch4
Cell7482,Group7,Batch4
Cell7483,Group1,Batch4
Cell7484,Group8,Batch4
Cell7485,Group3,Batch4
Cell7486,Group6,Batch4
Cell7487,Group1,Batch4
Cell7488,Group8,Batch4
Cell7489,Group10,Batch4
Cell7490,Group7,Batch4
Cell7491,Group8,Batch4
Cell7492,Group7,Batch4
Cell7493,Group2,Batch4
Cell7494,Group3,Batch4
Cell7495,Group3,Batch4
Cell7496,Group7,Batch4
Cell7497,Group7,Batch4
Cell7498,Group2,Batch4
Cell7499,Group10,Batch4
Cell7500,Group5,Batch4
Cell7501,Group7,Batch4
Cell7502,Group5,Batch4
Cell7503,Group5,Batch4
Cell7504,Group8,Batch4
Cell7505,Group6,Batch4
Cell7506,Group9,Batch4
Cell7507,Group5,Batch4
Cell7508,Group10,Batch4
Cell7509,Group10,Batch4
Cell7510,Group7,Batch4
Cell7511,Group8,Batch4
Cell7512,Group9,Batch4
Cell7513,Group6,Batch4
Cell7514,Group9,Batch4
Cell7515,Group7,Batch4
Cell7516,Group10,Batch4
Cell7517,Group10,Batch4
Cell7518,Group10,Batch4
Cell7519,Group1,Batch4
Cell7520,Group4,Batch4
Cell7521,Group5,Batch4
Cell7522,Group7,Batch4
Cell7523,Group2,Batch4
Cell7524,Group10,Batch4
Cell7525,Group10,Batch4
Cell7526,Group7,Batch4
Cell7527,Group1,Batch4
Cell7528,Group3,Batch4
Cell7529,Group1,Batch4
Cell7530,Group7,Batch4
Cell7531,Group7,Batch4
Cell7532,Group7,Batch4
Cell7533,Group9,Batch4
Cell7534,Group2,Batch4
Cell7535,Group5,Batch4
Cell7536,Group6,Batch4
Cell7537,Group5,Batch4
Cell7538,Group3,Batch4
Cell7539,Group1,Batch4
Cell7540,Group1,Batch4
Cell7541,Group6,Batch4
Cell7542,Group10,Batch4
Cell7543,Group10,Batch4
Cell7544,Group7,Batch4
Cell7545,Group8,Batch4
Cell7546,Group6,Batch4
Cell7547,Group7,Batch4
Cell7548,Group3,Batch4
Cell7549,Group4,Batch4
Cell7550,Group4,Batch4
Cell7551,Group6,Batch4
Cell7552,Group6,Batch4
Cell7553,Group6,Batch4
Cell7554,Group3,Batch4
Cell7555,Group8,Batch4
Cell7556,Group1,Batch4
Cell7557,Group3,Batch4
Cell7558,Group3,Batch4
Cell7559,Group6,Batch4
Cell7560,Group3,Batch4
Cell7561,Group1,Batch4
Cell7562,Group8,Batch4
Cell7563,Group1,Batch4
Cell7564,Group3,Batch4
Cell7565,Group1,Batch4
Cell7566,Group8,Batch4
Cell7567,Group7,Batch4
Cell7568,Group1,Batch4
Cell7569,Group6,Batch4
Cell7570,Group6,Batch4
Cell7571,Group7,Batch4
Cell7572,Group1,Batch4
Cell7573,Group3,Batch4
Cell7574,Group6,Batch4
Cell7575,Group4,Batch4
Cell7576,Group2,Batch4
Cell7577,Group10,Batch4
Cell7578,Group1,Batch4
Cell7579,Group1,Batch4
Cell7580,Group9,Batch4
Cell7581,Group9,Batch4
Cell7582,Group6,Batch4
Cell7583,Group7,Batch4
Cell7584,Group7,Batch4
Cell7585,Group4,Batch4
Cell7586,Group10,Batch4
Cell7587,Group10,Batch4
Cell7588,Group8,Batch4
Cell7589,Group6,Batch4
Cell7590,Group6,Batch4
Cell7591,Group3,Batch4
Cell7592,Group7,Batch4
Cell7593,Group1,Batch4
Cell7594,Group4,Batch4
Cell7595,Group8,Batch4
Cell7596,Group7,Batch4
Cell7597,Group8,Batch4
Cell7598,Group3,Batch4
Cell7599,Group8,Batch4
Cell7600,Group7,Batch4
Cell7601,Group10,Batch4
Cell7602,Group10,Batch4
Cell7603,Group7,Batch4
Cell7604,Group2,Batch4
Cell7605,Group5,Batch4
Cell7606,Group8,Batch4
Cell7607,Group8,Batch4
Cell7608,Group3,Batch4
Cell7609,Group3,Batch4
Cell7610,Group1,Batch4
Cell7611,Group1,Batch4
Cell7612,Group1,Batch4
Cell7613,Group10,Batch4
Cell7614,Group4,Batch4
Cell7615,Group1,Batch4
Cell7616,Group5,Batch4
Cell7617,Group9,Batch4
Cell7618,Group4,Batch4
Cell7619,Group3,Batch4
Cell7620,Group2,Batch4
Cell7621,Group3,Batch4
Cell7622,Group3,Batch4
Cell7623,Group1,Batch4
Cell7624,Group3,Batch4
Cell7625,Group2,Batch4
Cell7626,Group8,Batch4
Cell7627,Group1,Batch4
Cell7628,Group5,Batch4
Cell7629,Group9,Batch4
Cell7630,Group1,Batch4
Cell7631,Group8,Batch4
Cell7632,Group7,Batch4
Cell7633,Group7,Batch4
Cell7634,Group5,Batch4
Cell7635,Group10,Batch4
Cell7636,Group2,Batch4
Cell7637,Group7,Batch4
Cell7638,Group7,Batch4
Cell7639,Group2,Batch4
Cell7640,Group5,Batch4
Cell7641,Group7,Batch4
Cell7642,Group2,Batch4
Cell7643,Group8,Batch4
Cell7644,Group5,Batch4
Cell7645,Group8,Batch4
Cell7646,Group3,Batch4
Cell7647,Group2,Batch4
Cell7648,Group6,Batch4
Cell7649,Group8,Batch4
Cell7650,Group8,Batch4
Cell7651,Group8,Batch4
Cell7652,Group1,Batch4
Cell7653,Group7,Batch4
Cell7654,Group6,Batch4
Cell7655,Group2,Batch4
Cell7656,Group10,Batch4
Cell7657,Group6,Batch4
Cell7658,Group6,Batch4
Cell7659,Group2,Batch4
Cell7660,Group4,Batch4
Cell7661,Group6,Batch4
Cell7662,Group7,Batch4
Cell7663,Group5,Batch4
Cell7664,Group1,Batch4
Cell7665,Group7,Batch4
Cell7666,Group5,Batch4
Cell7667,Group1,Batch4
Cell7668,Group3,Batch4
Cell7669,Group1,Batch4
Cell7670,Group5,Batch4
Cell7671,Group1,Batch4
Cell7672,Group8,Batch4
Cell7673,Group2,Batch4
Cell7674,Group1,Batch4
Cell7675,Group9,Batch4
Cell7676,Group2,Batch4
Cell7677,Group4,Batch4
Cell7678,Group2,Batch4
Cell7679,Group2,Batch4
Cell7680,Group8,Batch4
Cell7681,Group3,Batch4
Cell7682,Group1,Batch4
Cell7683,Group6,Batch4
Cell7684,Group1,Batch4
Cell7685,Group10,Batch4
Cell7686,Group7,Batch4
Cell7687,Group8,Batch4
Cell7688,Group3,Batch4
Cell7689,Group10,Batch4
Cell7690,Group10,Batch4
Cell7691,Group8,Batch4
Cell7692,Group10,Batch4
Cell7693,Group7,Batch4
Cell7694,Group7,Batch4
Cell7695,Group3,Batch4
Cell7696,Group10,Batch4
Cell7697,Group5,Batch4
Cell7698,Group1,Batch4
Cell7699,Group8,Batch4
Cell7700,Group2,Batch4
Cell7701,Group1,Batch4
Cell7702,Group2,Batch4
Cell7703,Group1,Batch4
Cell7704,Group6,Batch4
Cell7705,Group1,Batch4
Cell7706,Group6,Batch4
Cell7707,Group6,Batch4
Cell7708,Group1,Batch4
Cell7709,Group10,Batch4
Cell7710,Group3,Batch4
Cell7711,Group5,Batch4
Cell7712,Group6,Batch4
Cell7713,Group7,Batch4
Cell7714,Group7,Batch4
Cell7715,Group3,Batch4
Cell7716,Group7,Batch4
Cell7717,Group5,Batch4
Cell7718,Group5,Batch4
Cell7719,Group10,Batch4
Cell7720,Group2,Batch4
Cell7721,Group10,Batch4
Cell7722,Group8,Batch4
Cell7723,Group8,Batch4
Cell7724,Group9,Batch4
Cell7725,Group7,Batch4
Cell7726,Group6,Batch4
Cell7727,Group5,Batch4
Cell7728,Group3,Batch4
Cell7729,Group2,Batch4
Cell7730,Group3,Batch4
Cell7731,Group4,Batch4
Cell7732,Group5,Batch4
Cell7733,Group7,Batch4
Cell7734,Group4,Batch4
Cell7735,Group7,Batch4
Cell7736,Group5,Batch4
Cell7737,Group7,Batch4
Cell7738,Group3,Batch4
Cell7739,Group7,Batch4
Cell7740,Group8,Batch4
Cell7741,Group8,Batch4
Cell7742,Group10,Batch4
Cell7743,Group9,Batch4
Cell7744,Group5,Batch4
Cell7745,Group2,Batch4
Cell7746,Group10,Batch4
Cell7747,Group5,Batch4
Cell7748,Group10,Batch4
Cell7749,Group8,Batch4
Cell7750,Group10,Batch4
Cell7751,Group1,Batch4
Cell7752,Group1,Batch4
Cell7753,Group10,Batch4
Cell7754,Group3,Batch4
Cell7755,Group7,Batch4
Cell7756,Group8,Batch4
Cell7757,Group6,Batch4
Cell7758,Group7,Batch4
Cell7759,Group1,Batch4
Cell7760,Group6,Batch4
Cell7761,Group8,Batch4
Cell7762,Group10,Batch4
Cell7763,Group1,Batch4
Cell7764,Group1,Batch4
Cell7765,Group7,Batch4
Cell7766,Group2,Batch4
Cell7767,Group3,Batch4
Cell7768,Group3,Batch4
Cell7769,Group1,Batch4
Cell7770,Group6,Batch4
Cell7771,Group9,Batch4
Cell7772,Group6,Batch4
Cell7773,Group6,Batch4
Cell7774,Group6,Batch4
Cell7775,Group6,Batch4
Cell7776,Group7,Batch4
Cell7777,Group8,Batch4
Cell7778,Group1,Batch4
Cell7779,Group3,Batch4
Cell7780,Group8,Batch4
Cell7781,Group9,Batch4
Cell7782,Group1,Batch4
Cell7783,Group10,Batch4
Cell7784,Group1,Batch4
Cell7785,Group7,Batch4
Cell7786,Group7,Batch4
Cell7787,Group8,Batch4
Cell7788,Group4,Batch4
Cell7789,Group5,Batch4
Cell7790,Group1,Batch4
Cell7791,Group6,Batch4
Cell7792,Group1,Batch4
Cell7793,Group10,Batch4
Cell7794,Group10,Batch4
Cell7795,Group6,Batch4
Cell7796,Group6,Batch4
Cell7797,Group3,Batch4
Cell7798,Group6,Batch4
Cell7799,Group1,Batch4
Cell7800,Group8,Batch4
Cell7801,Group8,Batch4
Cell7802,Group1,Batch4
Cell7803,Group1,Batch4
Cell7804,Group8,Batch4
Cell7805,Group8,Batch4
Cell7806,Group6,Batch4
Cell7807,Group4,Batch4
Cell7808,Group7,Batch4
Cell7809,Group5,Batch4
Cell7810,Group7,Batch4
Cell7811,Group1,Batch4
Cell7812,Group5,Batch4
Cell7813,Group6,Batch4
Cell7814,Group10,Batch4
Cell7815,Group7,Batch4
Cell7816,Group1,Batch4
Cell7817,Group5,Batch4
Cell7818,Group7,Batch4
Cell7819,Group1,Batch4
Cell7820,Group5,Batch4
Cell7821,Group7,Batch4
Cell7822,Group7,Batch4
Cell7823,Group6,Batch4
Cell7824,Group10,Batch4
Cell7825,Group2,Batch4
Cell7826,Group7,Batch4
Cell7827,Group5,Batch4
Cell7828,Group5,Batch4
Cell7829,Group6,Batch4
Cell7830,Group6,Batch4
Cell7831,Group7,Batch4
Cell7832,Group2,Batch4
Cell7833,Group8,Batch4
Cell7834,Group10,Batch4
Cell7835,Group8,Batch4
Cell7836,Group9,Batch4
Cell7837,Group7,Batch4
Cell7838,Group5,Batch4
Cell7839,Group10,Batch4
Cell7840,Group3,Batch4
Cell7841,Group1,Batch4
Cell7842,Group1,Batch4
Cell7843,Group7,Batch4
Cell7844,Group5,Batch4
Cell7845,Group1,Batch4
Cell7846,Group6,Batch4
Cell7847,Group8,Batch4
Cell7848,Group7,Batch4
Cell7849,Group5,Batch4
Cell7850,Group1,Batch4
Cell7851,Group6,Batch4
Cell7852,Group7,Batch4
Cell7853,Group10,Batch4
Cell7854,Group8,Batch4
Cell7855,Group2,Batch4
Cell7856,Group5,Batch4
Cell7857,Group10,Batch4
Cell7858,Group3,Batch4
Cell7859,Group8,Batch4
Cell7860,Group8,Batch4
Cell7861,Group7,Batch4
Cell7862,Group10,Batch4
Cell7863,Group1,Batch4
Cell7864,Group10,Batch4
Cell7865,Group9,Batch4
Cell7866,Group2,Batch4
Cell7867,Group3,Batch4
Cell7868,Group1,Batch4
Cell7869,Group6,Batch4
Cell7870,Group4,Batch4
Cell7871,Group3,Batch4
Cell7872,Group2,Batch4
Cell7873,Group5,Batch4
Cell7874,Group7,Batch4
Cell7875,Group2,Batch4
Cell7876,Group4,Batch4
Cell7877,Group3,Batch4
Cell7878,Group2,Batch4
Cell7879,Group10,Batch4
Cell7880,Group8,Batch4
Cell7881,Group5,Batch4
Cell7882,Group10,Batch4
Cell7883,Group5,Batch4
Cell7884,Group7,Batch4
Cell7885,Group5,Batch4
Cell7886,Group2,Batch4
Cell7887,Group5,Batch4
Cell7888,Group2,Batch4
Cell7889,Group10,Batch4
Cell7890,Group10,Batch4
Cell7891,Group8,Batch4
Cell7892,Group7,Batch4
Cell7893,Group7,Batch4
Cell7894,Group7,Batch4
Cell7895,Group4,Batch4
Cell7896,Group8,Batch4
Cell7897,Group10,Batch4
Cell7898,Group7,Batch4
Cell7899,Group8,Batch4
Cell7900,Group9,Batch4
Cell7901,Group8,Batch4
Cell7902,Group1,Batch4
Cell7903,Group1,Batch4
Cell7904,Group6,Batch4
Cell7905,Group7,Batch4
Cell7906,Group1,Batch4
Cell7907,Group2,Batch4
Cell7908,Group7,Batch4
Cell7909,Group7,Batch4
Cell7910,Group7,Batch4
Cell7911,Group7,Batch4
Cell7912,Group5,Batch4
Cell7913,Group9,Batch4
Cell7914,Group9,Batch4
Cell7915,Group1,Batch4
Cell7916,Group1,Batch4
Cell7917,Group7,Batch4
Cell7918,Group5,Batch4
Cell7919,Group8,Batch4
Cell7920,Group7,Batch4
Cell7921,Group5,Batch4
Cell7922,Group10,Batch4
Cell7923,Group1,Batch4
Cell7924,Group9,Batch4
Cell7925,Group7,Batch4
Cell7926,Group6,Batch4
Cell7927,Group9,Batch4
Cell7928,Group1,Batch4
Cell7929,Group7,Batch4
Cell7930,Group7,Batch4
Cell7931,Group6,Batch4
Cell7932,Group2,Batch4
Cell7933,Group2,Batch4
Cell7934,Group5,Batch4
Cell7935,Group7,Batch4
Cell7936,Group7,Batch4
Cell7937,Group7,Batch4
Cell7938,Group2,Batch4
Cell7939,Group9,Batch4
Cell7940,Group1,Batch4
Cell7941,Group2,Batch4
Cell7942,Group5,Batch4
Cell7943,Group1,Batch4
Cell7944,Group5,Batch4
Cell7945,Group8,Batch4
Cell7946,Group7,Batch4
Cell7947,Group2,Batch4
Cell7948,Group4,Batch4
Cell7949,Group2,Batch4
Cell7950,Group1,Batch4
Cell7951,Group6,Batch4
Cell7952,Group7,Batch4
Cell7953,Group1,Batch4
Cell7954,Group2,Batch4
Cell7955,Group1,Batch4
Cell7956,Group1,Batch4
Cell7957,Group5,Batch4
Cell7958,Group3,Batch4
Cell7959,Group10,Batch4
Cell7960,Group5,Batch4
Cell7961,Group2,Batch4
Cell7962,Group10,Batch4
Cell7963,Group2,Batch4
Cell7964,Group1,Batch4
Cell7965,Group1,Batch4
Cell7966,Group6,Batch4
Cell7967,Group3,Batch4
Cell7968,Group1,Batch4
Cell7969,Group1,Batch4
Cell7970,Group3,Batch4
Cell7971,Group7,Batch4
Cell7972,Group6,Batch4
Cell7973,Group5,Batch4
Cell7974,Group4,Batch4
Cell7975,Group6,Batch4
Cell7976,Group10,Batch4
Cell7977,Group3,Batch4
Cell7978,Group8,Batch4
Cell7979,Group7,Batch4
Cell7980,Group8,Batch4
Cell7981,Group7,Batch4
Cell7982,Group8,Batch4
Cell7983,Group4,Batch4
Cell7984,Group7,Batch4
Cell7985,Group1,Batch4
Cell7986,Group2,Batch4
Cell7987,Group4,Batch4
Cell7988,Group7,Batch4
Cell7989,Group7,Batch4
Cell7990,Group1,Batch4
Cell7991,Group3,Batch4
Cell7992,Group9,Batch4
Cell7993,Group3,Batch4
Cell7994,Group6,Batch4
Cell7995,Group6,Batch4
Cell7996,Group8,Batch4
Cell7997,Group9,Batch4
Cell7998,Group6,Batch4
Cell7999,Group7,Batch4
Cell8000,Group4,Batch4
Cell8001,Group4,Batch4
Cell8002,Group5,Batch4
Cell8003,Group7,Batch4
Cell8004,Group1,Batch4
Cell8005,Group5,Batch4
Cell8006,Group2,Batch4
Cell8007,Group3,Batch4
Cell8008,Group9,Batch4
Cell8009,Group7,Batch4
Cell8010,Group9,Batch4
Cell8011,Group3,Batch4
Cell8012,Group5,Batch4
Cell8013,Group3,Batch4
Cell8014,Group3,Batch4
Cell8015,Group5,Batch4
Cell8016,Group6,Batch4
Cell8017,Group7,Batch4
Cell8018,Group4,Batch4
Cell8019,Group7,Batch4
Cell8020,Group8,Batch4
Cell8021,Group5,Batch4
Cell8022,Group4,Batch4
Cell8023,Group1,Batch4
Cell8024,Group8,Batch4
Cell8025,Group10,Batch4
Cell8026,Group7,Batch4
Cell8027,Group10,Batch4
Cell8028,Group1,Batch4
Cell8029,Group1,Batch4
Cell8030,Group9,Batch4
Cell8031,Group7,Batch4
Cell8032,Group7,Batch4
Cell8033,Group6,Batch4
Cell8034,Group4,Batch4
Cell8035,Group7,Batch4
Cell8036,Group6,Batch4
Cell8037,Group7,Batch4
Cell8038,Group2,Batch4
Cell8039,Group2,Batch4
Cell8040,Group5,Batch4
Cell8041,Group2,Batch4
Cell8042,Group4,Batch4
Cell8043,Group6,Batch4
Cell8044,Group3,Batch4
Cell8045,Group7,Batch4
Cell8046,Group2,Batch4
Cell8047,Group3,Batch4
Cell8048,Group5,Batch4
Cell8049,Group10,Batch4
Cell8050,Group8,Batch4
Cell8051,Group9,Batch4
Cell8052,Group3,Batch4
Cell8053,Group8,Batch4
Cell8054,Group3,Batch4
Cell8055,Group7,Batch4
Cell8056,Group8,Batch4
Cell8057,Group3,Batch4
Cell8058,Group1,Batch4
Cell8059,Group10,Batch4
Cell8060,Group5,Batch4
Cell8061,Group3,Batch4
Cell8062,Group5,Batch4
Cell8063,Group5,Batch4
Cell8064,Group5,Batch4
Cell8065,Group10,Batch4
Cell8066,Group3,Batch4
Cell8067,Group9,Batch4
Cell8068,Group1,Batch4
Cell8069,Group5,Batch4
Cell8070,Group4,Batch4
Cell8071,Group4,Batch4
Cell8072,Group10,Batch4
Cell8073,Group5,Batch4
Cell8074,Group2,Batch4
Cell8075,Group3,Batch4
Cell8076,Group7,Batch4
Cell8077,Group7,Batch4
Cell8078,Group9,Batch4
Cell8079,Group5,Batch4
Cell8080,Group2,Batch4
Cell8081,Group6,Batch4
Cell8082,Group1,Batch4
Cell8083,Group6,Batch4
Cell8084,Group1,Batch4
Cell8085,Group1,Batch4
Cell8086,Group1,Batch4
Cell8087,Group1,Batch4
Cell8088,Group2,Batch4
Cell8089,Group10,Batch4
Cell8090,Group4,Batch4
Cell8091,Group7,Batch4
Cell8092,Group9,Batch4
Cell8093,Group6,Batch4
Cell8094,Group10,Batch4
Cell8095,Group5,Batch4
Cell8096,Group1,Batch4
Cell8097,Group5,Batch4
Cell8098,Group1,Batch4
Cell8099,Group1,Batch4
Cell8100,Group5,Batch4
Cell8101,Group6,Batch4
Cell8102,Group5,Batch4
Cell8103,Group2,Batch4
Cell8104,Group8,Batch4
Cell8105,Group5,Batch4
Cell8106,Group7,Batch4
Cell8107,Group5,Batch4
Cell8108,Group5,Batch4
Cell8109,Group2,Batch4
Cell8110,Group3,Batch4
Cell8111,Group7,Batch4
Cell8112,Group7,Batch4
Cell8113,Group7,Batch4
Cell8114,Group1,Batch4
Cell8115,Group1,Batch4
Cell8116,Group2,Batch4
Cell8117,Group4,Batch4
Cell8118,Group3,Batch4
Cell8119,Group6,Batch4
Cell8120,Group10,Batch4
Cell8121,Group7,Batch4
Cell8122,Group2,Batch4
Cell8123,Group7,Batch4
Cell8124,Group1,Batch4
Cell8125,Group1,Batch4
Cell8126,Group2,Batch4
Cell8127,Group1,Batch4
Cell8128,Group7,Batch4
Cell8129,Group3,Batch4
Cell8130,Group8,Batch4
Cell8131,Group9,Batch4
Cell8132,Group5,Batch4
Cell8133,Group3,Batch4
Cell8134,Group9,Batch4
Cell8135,Group10,Batch4
Cell8136,Group10,Batch4
Cell8137,Group5,Batch4
Cell8138,Group7,Batch4
Cell8139,Group1,Batch4
Cell8140,Group2,Batch4
Cell8141,Group7,Batch4
Cell8142,Group7,Batch4
Cell8143,Group7,Batch4
Cell8144,Group5,Batch4
Cell8145,Group7,Batch4
Cell8146,Group10,Batch4
Cell8147,Group7,Batch4
Cell8148,Group1,Batch4
Cell8149,Group1,Batch4
Cell8150,Group7,Batch4
Cell8151,Group1,Batch4
Cell8152,Group10,Batch4
Cell8153,Group10,Batch4
Cell8154,Group2,Batch4
Cell8155,Group7,Batch4
Cell8156,Group7,Batch4
Cell8157,Group5,Batch4
Cell8158,Group1,Batch4
Cell8159,Group2,Batch4
Cell8160,Group3,Batch4
Cell8161,Group9,Batch4
Cell8162,Group6,Batch4
Cell8163,Group1,Batch4
Cell8164,Group4,Batch4
Cell8165,Group7,Batch4
Cell8166,Group1,Batch4
Cell8167,Group1,Batch4
Cell8168,Group1,Batch4
Cell8169,Group1,Batch4
Cell8170,Group7,Batch4
Cell8171,Group10,Batch4
Cell8172,Group3,Batch4
Cell8173,Group8,Batch4
Cell8174,Group8,Batch4
Cell8175,Group1,Batch4
Cell8176,Group10,Batch4
Cell8177,Group1,Batch4
Cell8178,Group4,Batch4
Cell8179,Group9,Batch4
Cell8180,Group6,Batch4
Cell8181,Group3,Batch4
Cell8182,Group5,Batch4
Cell8183,Group1,Batch4
Cell8184,Group6,Batch4
Cell8185,Group5,Batch4
Cell8186,Group6,Batch4
Cell8187,Group2,Batch4
Cell8188,Group10,Batch4
Cell8189,Group6,Batch4
Cell8190,Group3,Batch4
Cell8191,Group5,Batch4
Cell8192,Group3,Batch4
Cell8193,Group9,Batch4
Cell8194,Group6,Batch4
Cell8195,Group8,Batch4
Cell8196,Group2,Batch4
Cell8197,Group6,Batch4
Cell8198,Group7,Batch4
Cell8199,Group10,Batch4
Cell8200,Group5,Batch4
Cell8201,Group8,Batch4
Cell8202,Group9,Batch4
Cell8203,Group4,Batch4
Cell8204,Group1,Batch4
Cell8205,Group10,Batch4
Cell8206,Group9,Batch4
Cell8207,Group3,Batch4
Cell8208,Group4,Batch4
Cell8209,Group5,Batch4
Cell8210,Group7,Batch4
Cell8211,Group7,Batch4
Cell8212,Group8,Batch4
Cell8213,Group8,Batch4
Cell8214,Group7,Batch4
Cell8215,Group10,Batch4
Cell8216,Group1,Batch4
Cell8217,Group9,Batch4
Cell8218,Group2,Batch4
Cell8219,Group1,Batch4
Cell8220,Group3,Batch4
Cell8221,Group2,Batch4
Cell8222,Group2,Batch4
Cell8223,Group2,Batch4
Cell8224,Group1,Batch4
Cell8225,Group1,Batch4
Cell8226,Group3,Batch4
Cell8227,Group9,Batch4
Cell8228,Group3,Batch4
Cell8229,Group7,Batch4
Cell8230,Group8,Batch4
Cell8231,Group5,Batch4
Cell8232,Group6,Batch4
Cell8233,Group6,Batch4
Cell8234,Group10,Batch4
Cell8235,Group7,Batch4
Cell8236,Group2,Batch4
Cell8237,Group10,Batch4
Cell8238,Group6,Batch4
Cell8239,Group8,Batch4
Cell8240,Group5,Batch4
Cell8241,Group9,Batch4
Cell8242,Group3,Batch4
Cell8243,Group3,Batch4
Cell8244,Group4,Batch4
Cell8245,Group9,Batch4
Cell8246,Group7,Batch4
Cell8247,Group7,Batch4
Cell8248,Group5,Batch4
Cell8249,Group2,Batch4
Cell8250,Group1,Batch4
Cell8251,Group4,Batch4
Cell8252,Group1,Batch4
Cell8253,Group1,Batch4
Cell8254,Group1,Batch4
Cell8255,Group2,Batch4
Cell8256,Group6,Batch4
Cell8257,Group6,Batch4
Cell8258,Group7,Batch4
Cell8259,Group1,Batch4
Cell8260,Group6,Batch4
Cell8261,Group10,Batch4
Cell8262,Group6,Batch4
Cell8263,Group9,Batch4
Cell8264,Group1,Batch4
Cell8265,Group1,Batch4
Cell8266,Group4,Batch4
Cell8267,Group2,Batch4
Cell8268,Group1,Batch4
Cell8269,Group6,Batch4
Cell8270,Group4,Batch4
Cell8271,Group6,Batch4
Cell8272,Group3,Batch4
Cell8273,Group1,Batch4
Cell8274,Group7,Batch4
Cell8275,Group8,Batch4
Cell8276,Group7,Batch4
Cell8277,Group10,Batch4
Cell8278,Group5,Batch4
Cell8279,Group1,Batch4
Cell8280,Group7,Batch4
Cell8281,Group7,Batch4
Cell8282,Group9,Batch4
Cell8283,Group7,Batch4
Cell8284,Group6,Batch4
Cell8285,Group1,Batch4
Cell8286,Group3,Batch4
Cell8287,Group1,Batch4
Cell8288,Group5,Batch4
Cell8289,Group9,Batch4
Cell8290,Group10,Batch4
Cell8291,Group6,Batch4
Cell8292,Group2,Batch4
Cell8293,Group1,Batch4
Cell8294,Group8,Batch4
Cell8295,Group10,Batch4
Cell8296,Group1,Batch4
Cell8297,Group1,Batch4
Cell8298,Group3,Batch4
Cell8299,Group6,Batch4
Cell8300,Group7,Batch4
Cell8301,Group3,Batch4
Cell8302,Group7,Batch4
Cell8303,Group2,Batch4
Cell8304,Group1,Batch4
Cell8305,Group10,Batch4
Cell8306,Group9,Batch4
Cell8307,Group9,Batch4
Cell8308,Group1,Batch4
Cell8309,Group1,Batch4
Cell8310,Group2,Batch4
Cell8311,Group7,Batch4
Cell8312,Group6,Batch4
Cell8313,Group2,Batch4
Cell8314,Group9,Batch4
Cell8315,Group7,Batch4
Cell8316,Group7,Batch4
Cell8317,Group4,Batch4
Cell8318,Group3,Batch4
Cell8319,Group5,Batch4
Cell8320,Group6,Batch4
Cell8321,Group8,Batch4
Cell8322,Group4,Batch4
Cell8323,Group7,Batch4
Cell8324,Group2,Batch4
Cell8325,Group10,Batch4
Cell8326,Group6,Batch4
Cell8327,Group10,Batch4
Cell8328,Group9,Batch4
Cell8329,Group5,Batch4
Cell8330,Group4,Batch4
Cell8331,Group1,Batch4
Cell8332,Group3,Batch4
Cell8333,Group8,Batch4
Cell8334,Group9,Batch4
Cell8335,Group3,Batch4
Cell8336,Group5,Batch4
Cell8337,Group2,Batch4
Cell8338,Group4,Batch4
Cell8339,Group8,Batch4
Cell8340,Group3,Batch4
Cell8341,Group1,Batch4
Cell8342,Group6,Batch4
Cell8343,Group8,Batch4
Cell8344,Group6,Batch4
Cell8345,Group8,Batch4
Cell8346,Group7,Batch4
Cell8347,Group1,Batch4
Cell8348,Group2,Batch4
Cell8349,Group5,Batch4
Cell8350,Group1,Batch4
Cell8351,Group8,Batch4
Cell8352,Group6,Batch4
Cell8353,Group10,Batch4
Cell8354,Group6,Batch4
Cell8355,Group5,Batch4
Cell8356,Group4,Batch4
Cell8357,Group10,Batch4
Cell8358,Group10,Batch4
Cell8359,Group8,Batch4
Cell8360,Group4,Batch4
Cell8361,Group3,Batch4
Cell8362,Group2,Batch4
Cell8363,Group2,Batch4
Cell8364,Group1,Batch4
Cell8365,Group10,Batch4
Cell8366,Group7,Batch4
Cell8367,Group5,Batch4
Cell8368,Group2,Batch4
Cell8369,Group5,Batch4
Cell8370,Group3,Batch4
Cell8371,Group3,Batch4
Cell8372,Group7,Batch4
Cell8373,Group3,Batch4
Cell8374,Group3,Batch4
Cell8375,Group10,Batch4
Cell8376,Group10,Batch4
Cell8377,Group10,Batch4
Cell8378,Group1,Batch4
Cell8379,Group10,Batch4
Cell8380,Group3,Batch4
Cell8381,Group5,Batch4
Cell8382,Group5,Batch4
Cell8383,Group1,Batch4
Cell8384,Group1,Batch4
Cell8385,Group6,Batch4
Cell8386,Group1,Batch4
Cell8387,Group8,Batch4
Cell8388,Group4,Batch4
Cell8389,Group5,Batch4
Cell8390,Group7,Batch4
Cell8391,Group8,Batch4
Cell8392,Group4,Batch4
Cell8393,Group1,Batch4
Cell8394,Group8,Batch4
Cell8395,Group6,Batch4
Cell8396,Group7,Batch4
Cell8397,Group10,Batch4
Cell8398,Group5,Batch4
Cell8399,Group9,Batch4
Cell8400,Group6,Batch4
Cell8401,Group6,Batch4
Cell8402,Group6,Batch4
Cell8403,Group2,Batch4
Cell8404,Group7,Batch4
Cell8405,Group8,Batch4
Cell8406,Group4,Batch4
Cell8407,Group9,Batch4
Cell8408,Group7,Batch4
Cell8409,Group3,Batch4
Cell8410,Group2,Batch4
Cell8411,Group2,Batch4
Cell8412,Group7,Batch4
Cell8413,Group2,Batch4
Cell8414,Group7,Batch4
Cell8415,Group6,Batch4
Cell8416,Group1,Batch4
Cell8417,Group10,Batch4
Cell8418,Group10,Batch4
Cell8419,Group10,Batch4
Cell8420,Group8,Batch4
Cell8421,Group6,Batch4
Cell8422,Group7,Batch4
Cell8423,Group4,Batch4
Cell8424,Group3,Batch4
Cell8425,Group6,Batch4
Cell8426,Group1,Batch4
Cell8427,Group1,Batch4
Cell8428,Group6,Batch4
Cell8429,Group8,Batch4
Cell8430,Group3,Batch4
Cell8431,Group8,Batch4
Cell8432,Group3,Batch4
Cell8433,Group8,Batch4
Cell8434,Group5,Batch4
Cell8435,Group3,Batch4
Cell8436,Group7,Batch4
Cell8437,Group6,Batch4
Cell8438,Group3,Batch4
Cell8439,Group8,Batch4
Cell8440,Group7,Batch4
Cell8441,Group2,Batch4
Cell8442,Group9,Batch4
Cell8443,Group8,Batch4
Cell8444,Group3,Batch4
Cell8445,Group7,Batch4
Cell8446,Group1,Batch4
Cell8447,Group6,Batch4
Cell8448,Group10,Batch4
Cell8449,Group5,Batch4
Cell8450,Group10,Batch4
Cell8451,Group2,Batch4
Cell8452,Group2,Batch4
Cell8453,Group7,Batch4
Cell8454,Group8,Batch4
Cell8455,Group10,Batch4
Cell8456,Group1,Batch4
Cell8457,Group7,Batch4
Cell8458,Group8,Batch4
Cell8459,Group3,Batch4
Cell8460,Group6,Batch4
Cell8461,Group1,Batch4
Cell8462,Group3,Batch4
Cell8463,Group1,Batch4
Cell8464,Group7,Batch4
Cell8465,Group1,Batch4
Cell8466,Group1,Batch4
Cell8467,Group6,Batch4
Cell8468,Group8,Batch4
Cell8469,Group10,Batch4
Cell8470,Group10,Batch4
Cell8471,Group4,Batch4
Cell8472,Group6,Batch4
Cell8473,Group9,Batch4
Cell8474,Group1,Batch4
Cell8475,Group10,Batch4
Cell8476,Group5,Batch4
Cell8477,Group7,Batch4
Cell8478,Group4,Batch4
Cell8479,Group2,Batch4
Cell8480,Group6,Batch4
Cell8481,Group3,Batch4
Cell8482,Group1,Batch4
Cell8483,Group5,Batch4
Cell8484,Group1,Batch4
Cell8485,Group10,Batch4
Cell8486,Group6,Batch4
Cell8487,Group8,Batch4
Cell8488,Group4,Batch4
Cell8489,Group6,Batch4
Cell8490,Group6,Batch4
Cell8491,Group2,Batch4
Cell8492,Group2,Batch4
Cell8493,Group3,Batch4
Cell8494,Group10,Batch4
Cell8495,Group5,Batch4
Cell8496,Group8,Batch4
Cell8497,Group3,Batch4
Cell8498,Group4,Batch4
Cell8499,Group1,Batch4
Cell8500,Group3,Batch4
Cell8501,Group10,Batch4
Cell8502,Group1,Batch4
Cell8503,Group2,Batch4
Cell8504,Group1,Batch4
Cell8505,Group4,Batch4
Cell8506,Group8,Batch4
Cell8507,Group2,Batch4
Cell8508,Group1,Batch4
Cell8509,Group4,Batch4
Cell8510,Group9,Batch4
Cell8511,Group1,Batch4
Cell8512,Group6,Batch4
Cell8513,Group8,Batch4
Cell8514,Group7,Batch4
Cell8515,Group5,Batch4
Cell8516,Group1,Batch4
Cell8517,Group5,Batch4
Cell8518,Group3,Batch4
Cell8519,Group7,Batch4
Cell8520,Group8,Batch4
Cell8521,Group3,Batch4
Cell8522,Group5,Batch4
Cell8523,Group10,Batch4
Cell8524,Group5,Batch4
Cell8525,Group10,Batch4
Cell8526,Group5,Batch4
Cell8527,Group5,Batch4
Cell8528,Group3,Batch4
Cell8529,Group2,Batch4
Cell8530,Group1,Batch4
Cell8531,Group4,Batch4
Cell8532,Group4,Batch4
Cell8533,Group5,Batch4
Cell8534,Group6,Batch4
Cell8535,Group5,Batch4
Cell8536,Group1,Batch4
Cell8537,Group1,Batch4
Cell8538,Group2,Batch4
Cell8539,Group1,Batch4
Cell8540,Group5,Batch4
Cell8541,Group1,Batch4
Cell8542,Group7,Batch4
Cell8543,Group1,Batch4
Cell8544,Group1,Batch4
Cell8545,Group6,Batch4
Cell8546,Group2,Batch4
Cell8547,Group7,Batch4
Cell8548,Group3,Batch4
Cell8549,Group7,Batch4
Cell8550,Group5,Batch4
Cell8551,Group6,Batch4
Cell8552,Group6,Batch4
Cell8553,Group6,Batch4
Cell8554,Group1,Batch4
Cell8555,Group1,Batch4
Cell8556,Group5,Batch4
Cell8557,Group8,Batch4
Cell8558,Group10,Batch4
Cell8559,Group6,Batch4
Cell8560,Group2,Batch4
Cell8561,Group3,Batch4
Cell8562,Group5,Batch4
Cell8563,Group8,Batch4
Cell8564,Group4,Batch4
Cell8565,Group7,Batch4
Cell8566,Group10,Batch4
Cell8567,Group5,Batch4
Cell8568,Group5,Batch4
Cell8569,Group1,Batch4
Cell8570,Group4,Batch4
Cell8571,Group6,Batch4
Cell8572,Group1,Batch4
Cell8573,Group5,Batch4
Cell8574,Group5,Batch4
Cell8575,Group9,Batch4
Cell8576,Group10,Batch4
Cell8577,Group7,Batch4
Cell8578,Group1,Batch4
Cell8579,Group10,Batch4
Cell8580,Group5,Batch4
Cell8581,Group5,Batch4
Cell8582,Group2,Batch4
Cell8583,Group1,Batch4
Cell8584,Group7,Batch4
Cell8585,Group6,Batch4
Cell8586,Group3,Batch4
Cell8587,Group10,Batch4
Cell8588,Group1,Batch4
Cell8589,Group6,Batch4
Cell8590,Group2,Batch4
Cell8591,Group1,Batch4
Cell8592,Group6,Batch4
Cell8593,Group5,Batch4
Cell8594,Group8,Batch4
Cell8595,Group6,Batch4
Cell8596,Group1,Batch4
Cell8597,Group5,Batch4
Cell8598,Group3,Batch4
Cell8599,Group7,Batch4
Cell8600,Group1,Batch4
Cell8601,Group2,Batch4
Cell8602,Group5,Batch4
Cell8603,Group8,Batch4
Cell8604,Group1,Batch4
Cell8605,Group8,Batch4
Cell8606,Group10,Batch4
Cell8607,Group10,Batch4
Cell8608,Group7,Batch4
Cell8609,Group10,Batch4
Cell8610,Group9,Batch4
Cell8611,Group10,Batch4
Cell8612,Group2,Batch4
Cell8613,Group7,Batch4
Cell8614,Group1,Batch4
Cell8615,Group3,Batch4
Cell8616,Group9,Batch4
Cell8617,Group7,Batch4
Cell8618,Group6,Batch4
Cell8619,Group2,Batch4
Cell8620,Group3,Batch4
Cell8621,Group1,Batch4
Cell8622,Group1,Batch4
Cell8623,Group9,Batch4
Cell8624,Group5,Batch4
Cell8625,Group9,Batch4
Cell8626,Group8,Batch4
Cell8627,Group1,Batch4
Cell8628,Group3,Batch4
Cell8629,Group8,Batch4
Cell8630,Group6,Batch4
Cell8631,Group2,Batch4
Cell8632,Group7,Batch4
Cell8633,Group3,Batch4
Cell8634,Group5,Batch4
Cell8635,Group7,Batch4
Cell8636,Group2,Batch4
Cell8637,Group6,Batch4
Cell8638,Group1,Batch4
Cell8639,Group5,Batch4
Cell8640,Group6,Batch4
Cell8641,Group8,Batch4
Cell8642,Group10,Batch4
Cell8643,Group5,Batch4
Cell8644,Group1,Batch4
Cell8645,Group2,Batch4
Cell8646,Group2,Batch4
Cell8647,Group5,Batch4
Cell8648,Group1,Batch4
Cell8649,Group6,Batch4
Cell8650,Group2,Batch4
Cell8651,Group8,Batch4
Cell8652,Group5,Batch4
Cell8653,Group7,Batch4
Cell8654,Group6,Batch4
Cell8655,Group5,Batch4
Cell8656,Group7,Batch4
Cell8657,Group4,Batch4
Cell8658,Group2,Batch4
Cell8659,Group9,Batch4
Cell8660,Group7,Batch4
Cell8661,Group8,Batch4
Cell8662,Group1,Batch4
Cell8663,Group10,Batch4
Cell8664,Group4,Batch4
Cell8665,Group6,Batch4
Cell8666,Group10,Batch4
Cell8667,Group5,Batch4
Cell8668,Group7,Batch4
Cell8669,Group1,Batch4
Cell8670,Group4,Batch4
Cell8671,Group8,Batch4
Cell8672,Group4,Batch4
Cell8673,Group9,Batch4
Cell8674,Group1,Batch4
Cell8675,Group8,Batch4
Cell8676,Group6,Batch4
Cell8677,Group10,Batch4
Cell8678,Group10,Batch4
Cell8679,Group2,Batch4
Cell8680,Group6,Batch4
Cell8681,Group1,Batch4
Cell8682,Group5,Batch4
Cell8683,Group4,Batch4
Cell8684,Group8,Batch4
Cell8685,Group10,Batch4
Cell8686,Group1,Batch4
Cell8687,Group2,Batch4
Cell8688,Group10,Batch4
Cell8689,Group7,Batch4
Cell8690,Group8,Batch4
Cell8691,Group7,Batch4
Cell8692,Group6,Batch4
Cell8693,Group3,Batch4
Cell8694,Group1,Batch4
Cell8695,Group4,Batch4
Cell8696,Group3,Batch4
Cell8697,Group6,Batch4
Cell8698,Group5,Batch4
Cell8699,Group7,Batch4
Cell8700,Group8,Batch4
Cell8701,Group10,Batch4
Cell8702,Group3,Batch4
Cell8703,Group7,Batch4
Cell8704,Group10,Batch4
Cell8705,Group4,Batch4
Cell8706,Group3,Batch4
Cell8707,Group8,Batch4
Cell8708,Group3,Batch4
Cell8709,Group7,Batch4
Cell8710,Group7,Batch4
Cell8711,Group10,Batch4
Cell8712,Group6,Batch4
Cell8713,Group3,Batch4
Cell8714,Group1,Batch4
Cell8715,Group7,Batch4
Cell8716,Group6,Batch4
Cell8717,Group9,Batch4
Cell8718,Group5,Batch4
Cell8719,Group9,Batch4
Cell8720,Group3,Batch4
Cell8721,Group6,Batch4
Cell8722,Group7,Batch4
Cell8723,Group9,Batch4
Cell8724,Group7,Batch4
Cell8725,Group5,Batch4
Cell8726,Group5,Batch4
Cell8727,Group5,Batch4
Cell8728,Group1,Batch4
Cell8729,Group9,Batch4
Cell8730,Group3,Batch4
Cell8731,Group4,Batch4
Cell8732,Group6,Batch4
Cell8733,Group8,Batch4
Cell8734,Group5,Batch4
Cell8735,Group1,Batch4
Cell8736,Group1,Batch4
Cell8737,Group2,Batch4
Cell8738,Group2,Batch4
Cell8739,Group10,Batch4
Cell8740,Group10,Batch4
Cell8741,Group1,Batch4
Cell8742,Group10,Batch4
Cell8743,Group1,Batch4
Cell8744,Group6,Batch4
Cell8745,Group1,Batch4
Cell8746,Group10,Batch4
Cell8747,Group1,Batch4
Cell8748,Group3,Batch4
Cell8749,Group6,Batch4
Cell8750,Group1,Batch4
Cell8751,Group8,Batch4
Cell8752,Group3,Batch4
Cell8753,Group2,Batch4
Cell8754,Group1,Batch4
Cell8755,Group7,Batch4
Cell8756,Group1,Batch4
Cell8757,Group9,Batch4
Cell8758,Group10,Batch4
Cell8759,Group7,Batch4
Cell8760,Group8,Batch4
Cell8761,Group7,Batch4
Cell8762,Group5,Batch4
Cell8763,Group5,Batch4
Cell8764,Group1,Batch4
Cell8765,Group7,Batch4
Cell8766,Group1,Batch4
Cell8767,Group5,Batch4
Cell8768,Group7,Batch4
Cell8769,Group6,Batch4
Cell8770,Group9,Batch4
Cell8771,Group7,Batch4
Cell8772,Group7,Batch4
Cell8773,Group2,Batch4
Cell8774,Group10,Batch4
Cell8775,Group7,Batch4
Cell8776,Group6,Batch4
Cell8777,Group1,Batch4
Cell8778,Group4,Batch4
Cell8779,Group3,Batch4
Cell8780,Group1,Batch4
Cell8781,Group9,Batch4
Cell8782,Group6,Batch4
Cell8783,Group7,Batch4
Cell8784,Group7,Batch4
Cell8785,Group1,Batch4
Cell8786,Group8,Batch4
Cell8787,Group10,Batch4
Cell8788,Group10,Batch4
Cell8789,Group8,Batch4
Cell8790,Group1,Batch4
Cell8791,Group2,Batch4
Cell8792,Group7,Batch4
Cell8793,Group6,Batch4
Cell8794,Group9,Batch4
Cell8795,Group1,Batch4
Cell8796,Group1,Batch4
Cell8797,Group2,Batch4
Cell8798,Group1,Batch4
Cell8799,Group7,Batch4
Cell8800,Group8,Batch4
Cell8801,Group6,Batch4
Cell8802,Group1,Batch4
Cell8803,Group5,Batch4
Cell8804,Group10,Batch4
Cell8805,Group7,Batch4
Cell8806,Group10,Batch4
Cell8807,Group9,Batch4
Cell8808,Group2,Batch4
Cell8809,Group5,Batch4
Cell8810,Group8,Batch4
Cell8811,Group3,Batch4
Cell8812,Group4,Batch4
Cell8813,Group10,Batch4
Cell8814,Group1,Batch4
Cell8815,Group6,Batch4
Cell8816,Group2,Batch4
Cell8817,Group8,Batch4
Cell8818,Group7,Batch4
Cell8819,Group10,Batch4
Cell8820,Group6,Batch4
Cell8821,Group6,Batch4
Cell8822,Group1,Batch4
Cell8823,Group5,Batch4
Cell8824,Group7,Batch4
Cell8825,Group8,Batch4
Cell8826,Group10,Batch4
Cell8827,Group8,Batch4
Cell8828,Group10,Batch4
Cell8829,Group5,Batch4
Cell8830,Group7,Batch4
Cell8831,Group8,Batch4
Cell8832,Group10,Batch4
Cell8833,Group8,Batch4
Cell8834,Group8,Batch4
Cell8835,Group4,Batch4
Cell8836,Group3,Batch4
Cell8837,Group7,Batch4
Cell8838,Group5,Batch4
Cell8839,Group9,Batch4
Cell8840,Group5,Batch4
Cell8841,Group3,Batch4
Cell8842,Group7,Batch4
Cell8843,Group6,Batch4
Cell8844,Group5,Batch4
Cell8845,Group5,Batch4
Cell8846,Group7,Batch4
Cell8847,Group7,Batch4
Cell8848,Group3,Batch4
Cell8849,Group9,Batch4
Cell8850,Group4,Batch4
Cell8851,Group1,Batch4
Cell8852,Group3,Batch4
Cell8853,Group8,Batch4
Cell8854,Group1,Batch4
Cell8855,Group2,Batch4
Cell8856,Group8,Batch4
Cell8857,Group10,Batch4
Cell8858,Group1,Batch4
Cell8859,Group5,Batch4
Cell8860,Group2,Batch4
Cell8861,Group5,Batch4
Cell8862,Group9,Batch4
Cell8863,Group5,Batch4
Cell8864,Group1,Batch4
Cell8865,Group7,Batch4
Cell8866,Group1,Batch4
Cell8867,Group1,Batch4
Cell8868,Group8,Batch4
Cell8869,Group2,Batch4
Cell8870,Group1,Batch4
Cell8871,Group7,Batch4
Cell8872,Group6,Batch4
Cell8873,Group2,Batch4
Cell8874,Group2,Batch4
Cell8875,Group7,Batch4
Cell8876,Group10,Batch4
Cell8877,Group5,Batch4
Cell8878,Group8,Batch4
Cell8879,Group8,Batch4
Cell8880,Group1,Batch4
Cell8881,Group6,Batch4
Cell8882,Group1,Batch4
Cell8883,Group3,Batch4
Cell8884,Group3,Batch4
Cell8885,Group9,Batch4
Cell8886,Group2,Batch4
Cell8887,Group10,Batch4
Cell8888,Group2,Batch4
Cell8889,Group9,Batch4
Cell8890,Group10,Batch4
Cell8891,Group3,Batch4
Cell8892,Group5,Batch4
Cell8893,Group7,Batch4
Cell8894,Group4,Batch4
Cell8895,Group8,Batch4
Cell8896,Group1,Batch4
Cell8897,Group10,Batch4
Cell8898,Group1,Batch4
Cell8899,Group3,Batch4
Cell8900,Group3,Batch4
Cell8901,Group10,Batch4
Cell8902,Group1,Batch4
Cell8903,Group6,Batch4
Cell8904,Group1,Batch4
Cell8905,Group3,Batch4
Cell8906,Group8,Batch4
Cell8907,Group1,Batch4
Cell8908,Group5,Batch4
Cell8909,Group6,Batch4
Cell8910,Group6,Batch4
Cell8911,Group8,Batch4
Cell8912,Group1,Batch4
Cell8913,Group8,Batch4
Cell8914,Group7,Batch4
Cell8915,Group7,Batch4
Cell8916,Group5,Batch4
Cell8917,Group8,Batch4
Cell8918,Group8,Batch4
Cell8919,Group7,Batch4
Cell8920,Group8,Batch4
Cell8921,Group10,Batch4
Cell8922,Group2,Batch4
Cell8923,Group7,Batch4
Cell8924,Group1,Batch4
Cell8925,Group7,Batch4
Cell8926,Group5,Batch4
Cell8927,Group7,Batch4
Cell8928,Group3,Batch4
Cell8929,Group2,Batch4
Cell8930,Group7,Batch4
Cell8931,Group2,Batch4
Cell8932,Group7,Batch4
Cell8933,Group4,Batch4
Cell8934,Group3,Batch4
Cell8935,Group8,Batch4
Cell8936,Group5,Batch4
Cell8937,Group2,Batch4
Cell8938,Group10,Batch4
Cell8939,Group6,Batch4
Cell8940,Group2,Batch4
Cell8941,Group7,Batch4
Cell8942,Group2,Batch4
Cell8943,Group4,Batch4
Cell8944,Group7,Batch4
Cell8945,Group1,Batch4
Cell8946,Group9,Batch4
Cell8947,Group8,Batch4
Cell8948,Group2,Batch4
Cell8949,Group9,Batch4
Cell8950,Group7,Batch4
Cell8951,Group10,Batch4
Cell8952,Group3,Batch4
Cell8953,Group10,Batch4
Cell8954,Group8,Batch4
Cell8955,Group7,Batch4
Cell8956,Group9,Batch4
Cell8957,Group2,Batch4
Cell8958,Group3,Batch4
Cell8959,Group10,Batch4
Cell8960,Group10,Batch4
Cell8961,Group8,Batch4
Cell8962,Group3,Batch4
Cell8963,Group8,Batch4
Cell8964,Group1,Batch4
Cell8965,Group1,Batch4
Cell8966,Group1,Batch4
Cell8967,Group5,Batch4
Cell8968,Group1,Batch4
Cell8969,Group8,Batch4
Cell8970,Group9,Batch4
Cell8971,Group8,Batch4
Cell8972,Group6,Batch4
Cell8973,Group1,Batch4
Cell8974,Group8,Batch4
Cell8975,Group10,Batch4
Cell8976,Group6,Batch4
Cell8977,Group4,Batch4
Cell8978,Group5,Batch4
Cell8979,Group7,Batch4
Cell8980,Group2,Batch4
Cell8981,Group1,Batch4
Cell8982,Group10,Batch4
Cell8983,Group10,Batch4
Cell8984,Group7,Batch4
Cell8985,Group2,Batch4
Cell8986,Group7,Batch4
Cell8987,Group4,Batch4
Cell8988,Group9,Batch4
Cell8989,Group4,Batch4
Cell8990,Group10,Batch4
Cell8991,Group7,Batch4
Cell8992,Group6,Batch4
Cell8993,Group5,Batch4
Cell8994,Group1,Batch4
Cell8995,Group1,Batch4
Cell8996,Group10,Batch4
Cell8997,Group4,Batch4
Cell8998,Group3,Batch4
Cell8999,Group5,Batch4
Cell9000,Group2,Batch4
Cell9001,Group1,Batch4
Cell9002,Group1,Batch4
Cell9003,Group6,Batch4
Cell9004,Group2,Batch4
Cell9005,Group1,Batch4
Cell9006,Group2,Batch4
Cell9007,Group1,Batch4
Cell9008,Group10,Batch4
Cell9009,Group2,Batch4
Cell9010,Group10,Batch4
Cell9011,Group8,Batch4
Cell9012,Group7,Batch4
Cell9013,Group3,Batch4
Cell9014,Group2,Batch4
Cell9015,Group9,Batch4
Cell9016,Group6,Batch4
Cell9017,Group4,Batch4
Cell9018,Group6,Batch4
Cell9019,Group6,Batch4
Cell9020,Group10,Batch4
Cell9021,Group6,Batch4
Cell9022,Group2,Batch4
Cell9023,Group2,Batch4
Cell9024,Group9,Batch4
Cell9025,Group10,Batch4
Cell9026,Group1,Batch4
Cell9027,Group7,Batch4
Cell9028,Group1,Batch4
Cell9029,Group1,Batch4
Cell9030,Group6,Batch4
Cell9031,Group3,Batch4
Cell9032,Group5,Batch4
Cell9033,Group10,Batch4
Cell9034,Group8,Batch4
Cell9035,Group8,Batch4
Cell9036,Group7,Batch4
Cell9037,Group2,Batch4
Cell9038,Group2,Batch4
Cell9039,Group2,Batch4
Cell9040,Group3,Batch4
Cell9041,Group4,Batch4
Cell9042,Group6,Batch4
Cell9043,Group8,Batch4
Cell9044,Group3,Batch4
Cell9045,Group1,Batch4
Cell9046,Group1,Batch4
Cell9047,Group10,Batch4
Cell9048,Group5,Batch4
Cell9049,Group5,Batch4
Cell9050,Group7,Batch4
Cell9051,Group5,Batch4
Cell9052,Group8,Batch4
Cell9053,Group6,Batch4
Cell9054,Group8,Batch4
Cell9055,Group2,Batch4
Cell9056,Group7,Batch4
Cell9057,Group6,Batch4
Cell9058,Group6,Batch4
Cell9059,Group8,Batch4
Cell9060,Group7,Batch4
Cell9061,Group1,Batch4
Cell9062,Group1,Batch4
Cell9063,Group2,Batch4
Cell9064,Group1,Batch4
Cell9065,Group8,Batch4
Cell9066,Group3,Batch4
Cell9067,Group7,Batch4
Cell9068,Group5,Batch4
Cell9069,Group9,Batch4
Cell9070,Group1,Batch4
Cell9071,Group10,Batch4
Cell9072,Group9,Batch4
Cell9073,Group7,Batch4
Cell9074,Group2,Batch4
Cell9075,Group3,Batch4
Cell9076,Group8,Batch4
Cell9077,Group5,Batch4
Cell9078,Group2,Batch4
Cell9079,Group1,Batch4
Cell9080,Group8,Batch4
Cell9081,Group8,Batch4
Cell9082,Group8,Batch4
Cell9083,Group4,Batch4
Cell9084,Group10,Batch4
Cell9085,Group8,Batch4
Cell9086,Group7,Batch4
Cell9087,Group1,Batch4
Cell9088,Group7,Batch4
Cell9089,Group7,Batch4
Cell9090,Group8,Batch4
Cell9091,Group5,Batch4
Cell9092,Group7,Batch4
Cell9093,Group7,Batch4
Cell9094,Group1,Batch4
Cell9095,Group2,Batch4
Cell9096,Group1,Batch4
Cell9097,Group9,Batch4
Cell9098,Group4,Batch4
Cell9099,Group5,Batch4
Cell9100,Group1,Batch4
Cell9101,Group5,Batch4
Cell9102,Group10,Batch4
Cell9103,Group9,Batch4
Cell9104,Group5,Batch4
Cell9105,Group8,Batch4
Cell9106,Group3,Batch4
Cell9107,Group3,Batch4
Cell9108,Group7,Batch4
Cell9109,Group5,Batch4
Cell9110,Group7,Batch4
Cell9111,Group3,Batch4
Cell9112,Group6,Batch4
Cell9113,Group8,Batch4
Cell9114,Group1,Batch4
Cell9115,Group6,Batch4
Cell9116,Group3,Batch4
Cell9117,Group3,Batch4
Cell9118,Group1,Batch4
Cell9119,Group1,Batch4
Cell9120,Group5,Batch4
Cell9121,Group9,Batch4
Cell9122,Group7,Batch4
Cell9123,Group7,Batch4
Cell9124,Group2,Batch4
Cell9125,Group4,Batch4
Cell9126,Group7,Batch4
Cell9127,Group6,Batch4
Cell9128,Group5,Batch4
Cell9129,Group8,Batch4
Cell9130,Group2,Batch4
Cell9131,Group5,Batch4
Cell9132,Group4,Batch4
Cell9133,Group8,Batch4
Cell9134,Group10,Batch4
Cell9135,Group1,Batch4
Cell9136,Group5,Batch4
Cell9137,Group7,Batch4
Cell9138,Group7,Batch4
Cell9139,Group6,Batch4
Cell9140,Group2,Batch4
Cell9141,Group3,Batch4
Cell9142,Group1,Batch4
Cell9143,Group5,Batch4
Cell9144,Group3,Batch4
Cell9145,Group3,Batch4
Cell9146,Group2,Batch4
Cell9147,Group1,Batch4
Cell9148,Group1,Batch4
Cell9149,Group7,Batch4
Cell9150,Group7,Batch4
Cell9151,Group1,Batch4
Cell9152,Group2,Batch4
Cell9153,Group9,Batch4
Cell9154,Group1,Batch4
Cell9155,Group6,Batch4
Cell9156,Group7,Batch4
Cell9157,Group10,Batch4
Cell9158,Group5,Batch4
Cell9159,Group5,Batch4
Cell9160,Group1,Batch4
Cell9161,Group3,Batch4
Cell9162,Group7,Batch4
Cell9163,Group10,Batch4
Cell9164,Group1,Batch4
Cell9165,Group5,Batch4
Cell9166,Group3,Batch4
Cell9167,Group1,Batch4
Cell9168,Group2,Batch4
Cell9169,Group9,Batch4
Cell9170,Group2,Batch4
Cell9171,Group9,Batch4
Cell9172,Group9,Batch4
Cell9173,Group4,Batch4
Cell9174,Group10,Batch4
Cell9175,Group2,Batch4
Cell9176,Group2,Batch4
Cell9177,Group3,Batch4
Cell9178,Group10,Batch4
Cell9179,Group1,Batch4
Cell9180,Group7,Batch4
Cell9181,Group10,Batch4
Cell9182,Group7,Batch4
Cell9183,Group7,Batch4
Cell9184,Group7,Batch4
Cell9185,Group9,Batch4
Cell9186,Group3,Batch4
Cell9187,Group4,Batch4
Cell9188,Group1,Batch4
Cell9189,Group4,Batch4
Cell9190,Group3,Batch4
Cell9191,Group3,Batch4
Cell9192,Group8,Batch4
Cell9193,Group10,Batch4
Cell9194,Group8,Batch4
Cell9195,Group1,Batch4
Cell9196,Group7,Batch4
Cell9197,Group6,Batch4
Cell9198,Group2,Batch4
Cell9199,Group10,Batch4
Cell9200,Group6,Batch4
Cell9201,Group6,Batch4
Cell9202,Group4,Batch4
Cell9203,Group10,Batch4
Cell9204,Group3,Batch4
Cell9205,Group3,Batch4
Cell9206,Group7,Batch4
Cell9207,Group7,Batch4
Cell9208,Group8,Batch4
Cell9209,Group2,Batch4
Cell9210,Group3,Batch4
Cell9211,Group7,Batch4
Cell9212,Group3,Batch4
Cell9213,Group8,Batch4
Cell9214,Group7,Batch4
Cell9215,Group6,Batch4
Cell9216,Group3,Batch4
Cell9217,Group3,Batch4
Cell9218,Group3,Batch4
Cell9219,Group5,Batch4
Cell9220,Group6,Batch4
Cell9221,Group7,Batch4
Cell9222,Group7,Batch4
Cell9223,Group9,Batch4
Cell9224,Group8,Batch4
Cell9225,Group3,Batch4
Cell9226,Group1,Batch4
Cell9227,Group3,Batch4
Cell9228,Group10,Batch4
Cell9229,Group9,Batch4
Cell9230,Group10,Batch4
Cell9231,Group9,Batch4
Cell9232,Group7,Batch4
Cell9233,Group3,Batch4
Cell9234,Group9,Batch4
Cell9235,Group8,Batch4
Cell9236,Group8,Batch4
Cell9237,Group9,Batch4
Cell9238,Group5,Batch4
Cell9239,Group3,Batch4
Cell9240,Group7,Batch4
Cell9241,Group7,Batch4
Cell9242,Group7,Batch4
Cell9243,Group5,Batch4
Cell9244,Group10,Batch4
Cell9245,Group5,Batch4
Cell9246,Group7,Batch4
Cell9247,Group2,Batch4
Cell9248,Group4,Batch4
Cell9249,Group8,Batch4
Cell9250,Group1,Batch4
Cell9251,Group7,Batch4
Cell9252,Group5,Batch4
Cell9253,Group10,Batch4
Cell9254,Group4,Batch4
Cell9255,Group5,Batch4
Cell9256,Group5,Batch4
Cell9257,Group7,Batch4
Cell9258,Group8,Batch4
Cell9259,Group6,Batch4
Cell9260,Group2,Batch4
Cell9261,Group4,Batch4
Cell9262,Group5,Batch4
Cell9263,Group10,Batch4
Cell9264,Group7,Batch4
Cell9265,Group8,Batch4
Cell9266,Group1,Batch4
Cell9267,Group4,Batch4
Cell9268,Group10,Batch4
Cell9269,Group10,Batch4
Cell9270,Group1,Batch4
Cell9271,Group8,Batch4
Cell9272,Group8,Batch4
Cell9273,Group7,Batch4
Cell9274,Group7,Batch4
Cell9275,Group2,Batch4
Cell9276,Group6,Batch4
Cell9277,Group5,Batch4
Cell9278,Group7,Batch4
Cell9279,Group4,Batch4
Cell9280,Group10,Batch4
Cell9281,Group1,Batch4
Cell9282,Group1,Batch4
Cell9283,Group2,Batch4
Cell9284,Group5,Batch4
Cell9285,Group8,Batch4
Cell9286,Group3,Batch4
Cell9287,Group5,Batch4
Cell9288,Group1,Batch4
Cell9289,Group5,Batch4
Cell9290,Group5,Batch4
Cell9291,Group2,Batch4
Cell9292,Group5,Batch4
Cell9293,Group3,Batch4
Cell9294,Group7,Batch4
Cell9295,Group1,Batch4
Cell9296,Group2,Batch4
Cell9297,Group2,Batch4
Cell9298,Group9,Batch4
Cell9299,Group7,Batch4
Cell9300,Group2,Batch4
Cell9301,Group6,Batch4
Cell9302,Group3,Batch4
Cell9303,Group6,Batch4
Cell9304,Group9,Batch4
Cell9305,Group1,Batch4
Cell9306,Group1,Batch4
Cell9307,Group3,Batch4
Cell9308,Group8,Batch4
Cell9309,Group8,Batch4
Cell9310,Group7,Batch4
Cell9311,Group7,Batch4
Cell9312,Group2,Batch4
Cell9313,Group3,Batch4
Cell9314,Group6,Batch4
Cell9315,Group1,Batch4
Cell9316,Group6,Batch4
Cell9317,Group5,Batch4
Cell9318,Group8,Batch4
Cell9319,Group1,Batch4
Cell9320,Group9,Batch4
Cell9321,Group10,Batch4
Cell9322,Group7,Batch4
Cell9323,Group2,Batch4
Cell9324,Group5,Batch4
Cell9325,Group8,Batch4
Cell9326,Group6,Batch4
Cell9327,Group7,Batch4
Cell9328,Group7,Batch4
Cell9329,Group4,Batch4
Cell9330,Group2,Batch4
Cell9331,Group7,Batch4
Cell9332,Group3,Batch4
Cell9333,Group4,Batch4
Cell9334,Group7,Batch4
Cell9335,Group7,Batch4
Cell9336,Group3,Batch4
Cell9337,Group4,Batch4
Cell9338,Group10,Batch4
Cell9339,Group4,Batch4
Cell9340,Group2,Batch4
Cell9341,Group10,Batch4
Cell9342,Group5,Batch4
Cell9343,Group4,Batch4
Cell9344,Group8,Batch4
Cell9345,Group1,Batch4
Cell9346,Group9,Batch4
Cell9347,Group3,Batch4
Cell9348,Group10,Batch4
Cell9349,Group2,Batch4
Cell9350,Group7,Batch4
Cell9351,Group3,Batch4
Cell9352,Group4,Batch4
Cell9353,Group2,Batch4
Cell9354,Group5,Batch4
Cell9355,Group8,Batch4
Cell9356,Group5,Batch4
Cell9357,Group7,Batch4
Cell9358,Group10,Batch4
Cell9359,Group5,Batch4
Cell9360,Group3,Batch4
Cell9361,Group7,Batch4
Cell9362,Group4,Batch4
Cell9363,Group10,Batch4
Cell9364,Group6,Batch4
Cell9365,Group1,Batch4
Cell9366,Group2,Batch4
Cell9367,Group1,Batch4
Cell9368,Group5,Batch4
Cell9369,Group7,Batch4
Cell9370,Group7,Batch4
Cell9371,Group6,Batch4
Cell9372,Group4,Batch4
Cell9373,Group6,Batch4
Cell9374,Group7,Batch4
Cell9375,Group8,Batch4
Cell9376,Group9,Batch4
Cell9377,Group1,Batch4
Cell9378,Group1,Batch4
Cell9379,Group10,Batch4
Cell9380,Group7,Batch4
Cell9381,Group10,Batch4
Cell9382,Group6,Batch4
Cell9383,Group10,Batch4
Cell9384,Group5,Batch4
Cell9385,Group7,Batch4
Cell9386,Group2,Batch4
Cell9387,Group10,Batch4
Cell9388,Group5,Batch4
Cell9389,Group9,Batch4
Cell9390,Group5,Batch4
Cell9391,Group1,Batch4
Cell9392,Group7,Batch4
Cell9393,Group3,Batch4
Cell9394,Group8,Batch4
Cell9395,Group5,Batch4
Cell9396,Group9,Batch4
Cell9397,Group1,Batch4
Cell9398,Group7,Batch4
Cell9399,Group3,Batch4
Cell9400,Group10,Batch4
Cell9401,Group3,Batch4
Cell9402,Group6,Batch4
Cell9403,Group10,Batch4
Cell9404,Group4,Batch4
Cell9405,Group9,Batch4
Cell9406,Group5,Batch4
Cell9407,Group2,Batch4
Cell9408,Group8,Batch4
Cell9409,Group5,Batch4
Cell9410,Group1,Batch4
Cell9411,Group10,Batch4
Cell9412,Group10,Batch4
Cell9413,Group3,Batch4
Cell9414,Group1,Batch4
Cell9415,Group3,Batch4
Cell9416,Group10,Batch4
Cell9417,Group8,Batch4
Cell9418,Group1,Batch4
Cell9419,Group1,Batch4
Cell9420,Group6,Batch4
Cell9421,Group5,Batch4
Cell9422,Group2,Batch4
Cell9423,Group5,Batch4
Cell9424,Group1,Batch4
Cell9425,Group1,Batch4
Cell9426,Group7,Batch4
Cell9427,Group1,Batch4
Cell9428,Group2,Batch4
Cell9429,Group3,Batch4
Cell9430,Group7,Batch4
Cell9431,Group9,Batch4
Cell9432,Group3,Batch4
Cell9433,Group7,Batch4
Cell9434,Group4,Batch4
Cell9435,Group5,Batch4
Cell9436,Group6,Batch4
Cell9437,Group1,Batch4
Cell9438,Group4,Batch4
Cell9439,Group4,Batch4
Cell9440,Group7,Batch4
Cell9441,Group8,Batch4
Cell9442,Group8,Batch4
Cell9443,Group2,Batch4
Cell9444,Group4,Batch4
Cell9445,Group7,Batch4
Cell9446,Group4,Batch4
Cell9447,Group7,Batch4
Cell9448,Group7,Batch4
Cell9449,Group9,Batch4
Cell9450,Group7,Batch4
Cell9451,Group6,Batch4
Cell9452,Group1,Batch4
Cell9453,Group6,Batch4
Cell9454,Group8,Batch4
Cell9455,Group6,Batch4
Cell9456,Group7,Batch4
Cell9457,Group10,Batch4
Cell9458,Group8,Batch4
Cell9459,Group1,Batch4
Cell9460,Group8,Batch4
Cell9461,Group7,Batch4
Cell9462,Group4,Batch4
Cell9463,Group10,Batch4
Cell9464,Group7,Batch4
Cell9465,Group2,Batch4
Cell9466,Group6,Batch4
Cell9467,Group5,Batch4
Cell9468,Group10,Batch4
Cell9469,Group8,Batch4
Cell9470,Group10,Batch4
Cell9471,Group2,Batch4
Cell9472,Group6,Batch4
Cell9473,Group9,Batch4
Cell9474,Group2,Batch4
Cell9475,Group7,Batch4
Cell9476,Group2,Batch4
Cell9477,Group10,Batch4
Cell9478,Group10,Batch4
Cell9479,Group5,Batch4
Cell9480,Group2,Batch4
Cell9481,Group8,Batch4
Cell9482,Group1,Batch4
Cell9483,Group7,Batch4
Cell9484,Group2,Batch4
Cell9485,Group8,Batch4
Cell9486,Group7,Batch4
Cell9487,Group6,Batch4
Cell9488,Group10,Batch4
Cell9489,Group1,Batch4
Cell9490,Group10,Batch4
Cell9491,Group9,Batch4
Cell9492,Group10,Batch4
Cell9493,Group7,Batch4
Cell9494,Group10,Batch4
Cell9495,Group8,Batch4
Cell9496,Group1,Batch4
Cell9497,Group6,Batch4
Cell9498,Group7,Batch4
Cell9499,Group5,Batch4
Cell9500,Group6,Batch4
Cell9501,Group4,Batch5
Cell9502,Group9,Batch5
Cell9503,Group3,Batch5
Cell9504,Group10,Batch5
Cell9505,Group8,Batch5
Cell9506,Group1,Batch5
Cell9507,Group5,Batch5
Cell9508,Group7,Batch5
Cell9509,Group1,Batch5
Cell9510,Group5,Batch5
Cell9511,Group1,Batch5
Cell9512,Group6,Batch5
Cell9513,Group3,Batch5
Cell9514,Group9,Batch5
Cell9515,Group8,Batch5
Cell9516,Group9,Batch5
Cell9517,Group2,Batch5
Cell9518,Group5,Batch5
Cell9519,Group2,Batch5
Cell9520,Group7,Batch5
Cell9521,Group3,Batch5
Cell9522,Group5,Batch5
Cell9523,Group10,Batch5
Cell9524,Group1,Batch5
Cell9525,Group1,Batch5
Cell9526,Group2,Batch5
Cell9527,Group10,Batch5
Cell9528,Group9,Batch5
Cell9529,Group10,Batch5
Cell9530,Group6,Batch5
Cell9531,Group6,Batch5
Cell9532,Group4,Batch5
Cell9533,Group10,Batch5
Cell9534,Group10,Batch5
Cell9535,Group9,Batch5
Cell9536,Group3,Batch5
Cell9537,Group10,Batch5
Cell9538,Group1,Batch5
Cell9539,Group10,Batch5
Cell9540,Group3,Batch5
Cell9541,Group3,Batch5
Cell9542,Group4,Batch5
Cell9543,Group9,Batch5
Cell9544,Group9,Batch5
Cell9545,Group8,Batch5
Cell9546,Group7,Batch5
Cell9547,Group3,Batch5
Cell9548,Group4,Batch5
Cell9549,Group5,Batch5
Cell9550,Group1,Batch5
Cell9551,Group6,Batch5
Cell9552,Group7,Batch5
Cell9553,Group8,Batch5
Cell9554,Group10,Batch5
Cell9555,Group10,Batch5
Cell9556,Group1,Batch5
Cell9557,Group8,Batch5
Cell9558,Group2,Batch5
Cell9559,Group5,Batch5
Cell9560,Group6,Batch5
Cell9561,Group3,Batch5
Cell9562,Group7,Batch5
Cell9563,Group10,Batch5
Cell9564,Group5,Batch5
Cell9565,Group1,Batch5
Cell9566,Group10,Batch5
Cell9567,Group5,Batch5
Cell9568,Group5,Batch5
Cell9569,Group1,Batch5
Cell9570,Group1,Batch5
Cell9571,Group8,Batch5
Cell9572,Group6,Batch5
Cell9573,Group6,Batch5
Cell9574,Group1,Batch5
Cell9575,Group2,Batch5
Cell9576,Group3,Batch5
Cell9577,Group3,Batch5
Cell9578,Group2,Batch5
Cell9579,Group4,Batch5
Cell9580,Group10,Batch5
Cell9581,Group3,Batch5
Cell9582,Group3,Batch5
Cell9583,Group2,Batch5
Cell9584,Group7,Batch5
Cell9585,Group3,Batch5
Cell9586,Group3,Batch5
Cell9587,Group6,Batch5
Cell9588,Group7,Batch5
Cell9589,Group1,Batch5
Cell9590,Group4,Batch5
Cell9591,Group8,Batch5
Cell9592,Group7,Batch5
Cell9593,Group1,Batch5
Cell9594,Group8,Batch5
Cell9595,Group6,Batch5
Cell9596,Group5,Batch5
Cell9597,Group6,Batch5
Cell9598,Group3,Batch5
Cell9599,Group10,Batch5
Cell9600,Group7,Batch5
Cell9601,Group6,Batch5
Cell9602,Group4,Batch5
Cell9603,Group8,Batch5
Cell9604,Group5,Batch5
Cell9605,Group9,Batch5
Cell9606,Group2,Batch5
Cell9607,Group5,Batch5
Cell9608,Group3,Batch5
Cell9609,Group7,Batch5
Cell9610,Group1,Batch5
Cell9611,Group4,Batch5
Cell9612,Group10,Batch5
Cell9613,Group1,Batch5
Cell9614,Group6,Batch5
Cell9615,Group8,Batch5
Cell9616,Group2,Batch5
Cell9617,Group3,Batch5
Cell9618,Group10,Batch5
Cell9619,Group2,Batch5
Cell9620,Group7,Batch5
Cell9621,Group8,Batch5
Cell9622,Group4,Batch5
Cell9623,Group7,Batch5
Cell9624,Group1,Batch5
Cell9625,Group6,Batch5
Cell9626,Group5,Batch5
Cell9627,Group6,Batch5
Cell9628,Group9,Batch5
Cell9629,Group9,Batch5
Cell9630,Group7,Batch5
Cell9631,Group8,Batch5
Cell9632,Group7,Batch5
Cell9633,Group3,Batch5
Cell9634,Group10,Batch5
Cell9635,Group2,Batch5
Cell9636,Group7,Batch5
Cell9637,Group2,Batch5
Cell9638,Group9,Batch5
Cell9639,Group8,Batch5
Cell9640,Group1,Batch5
Cell9641,Group10,Batch5
Cell9642,Group1,Batch5
Cell9643,Group6,Batch5
Cell9644,Group2,Batch5
Cell9645,Group3,Batch5
Cell9646,Group1,Batch5
Cell9647,Group2,Batch5
Cell9648,Group7,Batch5
Cell9649,Group1,Batch5
Cell9650,Group8,Batch5
Cell9651,Group6,Batch5
Cell9652,Group10,Batch5
Cell9653,Group5,Batch5
Cell9654,Group2,Batch5
Cell9655,Group1,Batch5
Cell9656,Group4,Batch5
Cell9657,Group3,Batch5
Cell9658,Group5,Batch5
Cell9659,Group2,Batch5
Cell9660,Group9,Batch5
Cell9661,Group7,Batch5
Cell9662,Group1,Batch5
Cell9663,Group5,Batch5
Cell9664,Group6,Batch5
Cell9665,Group7,Batch5
Cell9666,Group2,Batch5
Cell9667,Group2,Batch5
Cell9668,Group10,Batch5
Cell9669,Group7,Batch5
Cell9670,Group10,Batch5
Cell9671,Group7,Batch5
Cell9672,Group4,Batch5
Cell9673,Group6,Batch5
Cell9674,Group4,Batch5
Cell9675,Group10,Batch5
Cell9676,Group1,Batch5
Cell9677,Group7,Batch5
Cell9678,Group2,Batch5
Cell9679,Group7,Batch5
Cell9680,Group2,Batch5
Cell9681,Group1,Batch5
Cell9682,Group1,Batch5
Cell9683,Group2,Batch5
Cell9684,Group8,Batch5
Cell9685,Group9,Batch5
Cell9686,Group1,Batch5
Cell9687,Group7,Batch5
Cell9688,Group2,Batch5
Cell9689,Group8,Batch5
Cell9690,Group10,Batch5
Cell9691,Group10,Batch5
Cell9692,Group9,Batch5
Cell9693,Group10,Batch5
Cell9694,Group8,Batch5
Cell9695,Group1,Batch5
Cell9696,Group5,Batch5
Cell9697,Group1,Batch5
Cell9698,Group6,Batch5
Cell9699,Group4,Batch5
Cell9700,Group1,Batch5
Cell9701,Group7,Batch5
Cell9702,Group1,Batch5
Cell9703,Group3,Batch5
Cell9704,Group3,Batch5
Cell9705,Group2,Batch5
Cell9706,Group6,Batch5
Cell9707,Group1,Batch5
Cell9708,Group8,Batch5
Cell9709,Group6,Batch5
Cell9710,Group6,Batch5
Cell9711,Group3,Batch5
Cell9712,Group5,Batch5
Cell9713,Group7,Batch5
Cell9714,Group1,Batch5
Cell9715,Group3,Batch5
Cell9716,Group7,Batch5
Cell9717,Group2,Batch5
Cell9718,Group9,Batch5
Cell9719,Group8,Batch5
Cell9720,Group9,Batch5
Cell9721,Group2,Batch5
Cell9722,Group1,Batch5
Cell9723,Group3,Batch5
Cell9724,Group5,Batch5
Cell9725,Group5,Batch5
Cell9726,Group2,Batch5
Cell9727,Group10,Batch5
Cell9728,Group8,Batch5
Cell9729,Group1,Batch5
Cell9730,Group10,Batch5
Cell9731,Group9,Batch5
Cell9732,Group8,Batch5
Cell9733,Group5,Batch5
Cell9734,Group1,Batch5
Cell9735,Group1,Batch5
Cell9736,Group8,Batch5
Cell9737,Group5,Batch5
Cell9738,Group5,Batch5
Cell9739,Group7,Batch5
Cell9740,Group5,Batch5
Cell9741,Group3,Batch5
Cell9742,Group7,Batch5
Cell9743,Group1,Batch5
Cell9744,Group8,Batch5
Cell9745,Group2,Batch5
Cell9746,Group4,Batch5
Cell9747,Group6,Batch5
Cell9748,Group7,Batch5
Cell9749,Group1,Batch5
Cell9750,Group6,Batch5
Cell9751,Group1,Batch5
Cell9752,Group8,Batch5
Cell9753,Group3,Batch5
Cell9754,Group6,Batch5
Cell9755,Group1,Batch5
Cell9756,Group10,Batch5
Cell9757,Group2,Batch5
Cell9758,Group1,Batch5
Cell9759,Group2,Batch5
Cell9760,Group2,Batch5
Cell9761,Group5,Batch5
Cell9762,Group1,Batch5
Cell9763,Group1,Batch5
Cell9764,Group7,Batch5
Cell9765,Group4,Batch5
Cell9766,Group1,Batch5
Cell9767,Group7,Batch5
Cell9768,Group1,Batch5
Cell9769,Group1,Batch5
Cell9770,Group4,Batch5
Cell9771,Group4,Batch5
Cell9772,Group10,Batch5
Cell9773,Group1,Batch5
Cell9774,Group1,Batch5
Cell9775,Group8,Batch5
Cell9776,Group6,Batch5
Cell9777,Group4,Batch5
Cell9778,Group6,Batch5
Cell9779,Group7,Batch5
Cell9780,Group7,Batch5
Cell9781,Group9,Batch5
Cell9782,Group1,Batch5
Cell9783,Group8,Batch5
Cell9784,Group1,Batch5
Cell9785,Group1,Batch5
Cell9786,Group1,Batch5
Cell9787,Group7,Batch5
Cell9788,Group3,Batch5
Cell9789,Group5,Batch5
Cell9790,Group10,Batch5
Cell9791,Group6,Batch5
Cell9792,Group1,Batch5
Cell9793,Group7,Batch5
Cell9794,Group3,Batch5
Cell9795,Group7,Batch5
Cell9796,Group5,Batch5
Cell9797,Group7,Batch5
Cell9798,Group3,Batch5
Cell9799,Group6,Batch5
Cell9800,Group6,Batch5
Cell9801,Group7,Batch5
Cell9802,Group8,Batch5
Cell9803,Group2,Batch5
Cell9804,Group1,Batch5
Cell9805,Group3,Batch5
Cell9806,Group3,Batch5
Cell9807,Group2,Batch5
Cell9808,Group3,Batch5
Cell9809,Group3,Batch5
Cell9810,Group7,Batch5
Cell9811,Group6,Batch5
Cell9812,Group7,Batch5
Cell9813,Group1,Batch5
Cell9814,Group2,Batch5
Cell9815,Group6,Batch5
Cell9816,Group8,Batch5
Cell9817,Group3,Batch5
Cell9818,Group10,Batch5
Cell9819,Group10,Batch5
Cell9820,Group5,Batch5
Cell9821,Group7,Batch5
Cell9822,Group6,Batch5
Cell9823,Group8,Batch5
Cell9824,Group7,Batch5
Cell9825,Group7,Batch5
Cell9826,Group7,Batch5
Cell9827,Group1,Batch5
Cell9828,Group7,Batch5
Cell9829,Group1,Batch5
Cell9830,Group8,Batch5
Cell9831,Group9,Batch5
Cell9832,Group5,Batch5
Cell9833,Group4,Batch5
Cell9834,Group3,Batch5
Cell9835,Group7,Batch5
Cell9836,Group1,Batch5
Cell9837,Group5,Batch5
Cell9838,Group7,Batch5
Cell9839,Group3,Batch5
Cell9840,Group2,Batch5
Cell9841,Group4,Batch5
Cell9842,Group7,Batch5
Cell9843,Group6,Batch5
Cell9844,Group1,Batch5
Cell9845,Group7,Batch5
Cell9846,Group7,Batch5
Cell9847,Group2,Batch5
Cell9848,Group2,Batch5
Cell9849,Group1,Batch5
Cell9850,Group6,Batch5
Cell9851,Group7,Batch5
Cell9852,Group5,Batch5
Cell9853,Group2,Batch5
Cell9854,Group2,Batch5
Cell9855,Group8,Batch5
Cell9856,Group1,Batch5
Cell9857,Group8,Batch5
Cell9858,Group5,Batch5
Cell9859,Group6,Batch5
Cell9860,Group5,Batch5
Cell9861,Group5,Batch5
Cell9862,Group4,Batch5
Cell9863,Group8,Batch5
Cell9864,Group8,Batch5
Cell9865,Group8,Batch5
Cell9866,Group4,Batch5
Cell9867,Group2,Batch5
Cell9868,Group4,Batch5
Cell9869,Group1,Batch5
Cell9870,Group3,Batch5
Cell9871,Group7,Batch5
Cell9872,Group1,Batch5
Cell9873,Group6,Batch5
Cell9874,Group1,Batch5
Cell9875,Group3,Batch5
Cell9876,Group6,Batch5
Cell9877,Group7,Batch5
Cell9878,Group2,Batch5
Cell9879,Group7,Batch5
Cell9880,Group2,Batch5
Cell9881,Group1,Batch5
Cell9882,Group7,Batch5
Cell9883,Group5,Batch5
Cell9884,Group3,Batch5
Cell9885,Group7,Batch5
Cell9886,Group1,Batch5
Cell9887,Group5,Batch5
Cell9888,Group10,Batch5
Cell9889,Group10,Batch5
Cell9890,Group3,Batch5
Cell9891,Group1,Batch5
Cell9892,Group3,Batch5
Cell9893,Group10,Batch5
Cell9894,Group3,Batch5
Cell9895,Group4,Batch5
Cell9896,Group2,Batch5
Cell9897,Group7,Batch5
Cell9898,Group3,Batch5
Cell9899,Group8,Batch5
Cell9900,Group10,Batch5
Cell9901,Group2,Batch5
Cell9902,Group2,Batch5
Cell9903,Group2,Batch5
Cell9904,Group1,Batch5
Cell9905,Group3,Batch5
Cell9906,Group6,Batch5
Cell9907,Group4,Batch5
Cell9908,Group8,Batch5
Cell9909,Group4,Batch5
Cell9910,Group5,Batch5
Cell9911,Group6,Batch5
Cell9912,Group10,Batch5
Cell9913,Group9,Batch5
Cell9914,Group3,Batch5
Cell9915,Group5,Batch5
Cell9916,Group10,Batch5
Cell9917,Group4,Batch5
Cell9918,Group4,Batch5
Cell9919,Group7,Batch5
Cell9920,Group4,Batch5
Cell9921,Group9,Batch5
Cell9922,Group3,Batch5
Cell9923,Group8,Batch5
Cell9924,Group7,Batch5
Cell9925,Group9,Batch5
Cell9926,Group8,Batch5
Cell9927,Group3,Batch5
Cell9928,Group7,Batch5
Cell9929,Group6,Batch5
Cell9930,Group6,Batch5
Cell9931,Group2,Batch5
Cell9932,Group1,Batch5
Cell9933,Group4,Batch5
Cell9934,Group10,Batch5
Cell9935,Group8,Batch5
Cell9936,Group2,Batch5
Cell9937,Group3,Batch5
Cell9938,Group6,Batch5
Cell9939,Group4,Batch5
Cell9940,Group3,Batch5
Cell9941,Group5,Batch5
Cell9942,Group6,Batch5
Cell9943,Group1,Batch5
Cell9944,Group7,Batch5
Cell9945,Group1,Batch5
Cell9946,Group3,Batch5
Cell9947,Group2,Batch5
Cell9948,Group10,Batch5
Cell9949,Group1,Batch5
Cell9950,Group1,Batch5
Cell9951,Group2,Batch5
Cell9952,Group3,Batch5
Cell9953,Group8,Batch5
Cell9954,Group8,Batch5
Cell9955,Group5,Batch5
Cell9956,Group7,Batch5
Cell9957,Group1,Batch5
Cell9958,Group1,Batch5
Cell9959,Group3,Batch5
Cell9960,Group3,Batch5
Cell9961,Group2,Batch5
Cell9962,Group10,Batch5
Cell9963,Group8,Batch5
Cell9964,Group1,Batch5
Cell9965,Group9,Batch5
Cell9966,Group7,Batch5
Cell9967,Group3,Batch5
Cell9968,Group9,Batch5
Cell9969,Group9,Batch5
Cell9970,Group8,Batch5
Cell9971,Group6,Batch5
Cell9972,Group8,Batch5
Cell9973,Group3,Batch5
Cell9974,Group5,Batch5
Cell9975,Group1,Batch5
Cell9976,Group1,Batch5
Cell9977,Group4,Batch5
Cell9978,Group5,Batch5
Cell9979,Group10,Batch5
Cell9980,Group10,Batch5
Cell9981,Group1,Batch5
Cell9982,Group7,Batch5
Cell9983,Group7,Batch5
Cell9984,Group5,Batch5
Cell9985,Group8,Batch5
Cell9986,Group2,Batch5
Cell9987,Group2,Batch5
Cell9988,Group2,Batch5
Cell9989,Group10,Batch5
Cell9990,Group5,Batch5
Cell9991,Group9,Batch5
Cell9992,Group10,Batch5
Cell9993,Group4,Batch5
Cell9994,Group8,Batch5
Cell9995,Group4,Batch5
Cell9996,Group10,Batch5
Cell9997,Group3,Batch5
Cell9998,Group3,Batch5
Cell9999,Group1,Batch5
Cell10000,Group7,Batch5
Cell10001,Group9,Batch5
Cell10002,Group7,Batch5
Cell10003,Group10,Batch5
Cell10004,Group8,Batch5
Cell10005,Group6,Batch5
Cell10006,Group2,Batch5
Cell10007,Group1,Batch5
Cell10008,Group7,Batch5
Cell10009,Group10,Batch5
Cell10010,Group5,Batch5
Cell10011,Group8,Batch5
Cell10012,Group2,Batch5
Cell10013,Group7,Batch5
Cell10014,Group4,Batch5
Cell10015,Group8,Batch5
Cell10016,Group8,Batch5
Cell10017,Group6,Batch5
Cell10018,Group8,Batch5
Cell10019,Group8,Batch5
Cell10020,Group6,Batch5
Cell10021,Group1,Batch5
Cell10022,Group10,Batch5
Cell10023,Group10,Batch5
Cell10024,Group1,Batch5
Cell10025,Group6,Batch5
Cell10026,Group2,Batch5
Cell10027,Group7,Batch5
Cell10028,Group10,Batch5
Cell10029,Group7,Batch5
Cell10030,Group5,Batch5
Cell10031,Group8,Batch5
Cell10032,Group7,Batch5
Cell10033,Group7,Batch5
Cell10034,Group1,Batch5
Cell10035,Group9,Batch5
Cell10036,Group6,Batch5
Cell10037,Group10,Batch5
Cell10038,Group1,Batch5
Cell10039,Group7,Batch5
Cell10040,Group1,Batch5
Cell10041,Group5,Batch5
Cell10042,Group3,Batch5
Cell10043,Group2,Batch5
Cell10044,Group9,Batch5
Cell10045,Group7,Batch5
Cell10046,Group7,Batch5
Cell10047,Group10,Batch5
Cell10048,Group10,Batch5
Cell10049,Group6,Batch5
Cell10050,Group5,Batch5
Cell10051,Group1,Batch5
Cell10052,Group6,Batch5
Cell10053,Group6,Batch5
Cell10054,Group7,Batch5
Cell10055,Group5,Batch5
Cell10056,Group8,Batch5
Cell10057,Group7,Batch5
Cell10058,Group7,Batch5
Cell10059,Group1,Batch5
Cell10060,Group10,Batch5
Cell10061,Group2,Batch5
Cell10062,Group3,Batch5
Cell10063,Group8,Batch5
Cell10064,Group7,Batch5
Cell10065,Group2,Batch5
Cell10066,Group8,Batch5
Cell10067,Group10,Batch5
Cell10068,Group1,Batch5
Cell10069,Group8,Batch5
Cell10070,Group7,Batch5
Cell10071,Group10,Batch5
Cell10072,Group8,Batch5
Cell10073,Group1,Batch5
Cell10074,Group2,Batch5
Cell10075,Group10,Batch5
Cell10076,Group1,Batch5
Cell10077,Group1,Batch5
Cell10078,Group3,Batch5
Cell10079,Group9,Batch5
Cell10080,Group4,Batch5
Cell10081,Group1,Batch5
Cell10082,Group6,Batch5
Cell10083,Group1,Batch5
Cell10084,Group9,Batch5
Cell10085,Group7,Batch5
Cell10086,Group8,Batch5
Cell10087,Group10,Batch5
Cell10088,Group10,Batch5
Cell10089,Group3,Batch5
Cell10090,Group10,Batch5
Cell10091,Group6,Batch5
Cell10092,Group7,Batch5
Cell10093,Group1,Batch5
Cell10094,Group7,Batch5
Cell10095,Group9,Batch5
Cell10096,Group2,Batch5
Cell10097,Group1,Batch5
Cell10098,Group9,Batch5
Cell10099,Group6,Batch5
Cell10100,Group7,Batch5
Cell10101,Group6,Batch5
Cell10102,Group9,Batch5
Cell10103,Group3,Batch5
Cell10104,Group10,Batch5
Cell10105,Group1,Batch5
Cell10106,Group3,Batch5
Cell10107,Group5,Batch5
Cell10108,Group8,Batch5
Cell10109,Group6,Batch5
Cell10110,Group1,Batch5
Cell10111,Group6,Batch5
Cell10112,Group9,Batch5
Cell10113,Group1,Batch5
Cell10114,Group10,Batch5
Cell10115,Group10,Batch5
Cell10116,Group1,Batch5
Cell10117,Group6,Batch5
Cell10118,Group5,Batch5
Cell10119,Group4,Batch5
Cell10120,Group6,Batch5
Cell10121,Group9,Batch5
Cell10122,Group2,Batch5
Cell10123,Group10,Batch5
Cell10124,Group6,Batch5
Cell10125,Group6,Batch5
Cell10126,Group8,Batch5
Cell10127,Group3,Batch5
Cell10128,Group3,Batch5
Cell10129,Group6,Batch5
Cell10130,Group2,Batch5
Cell10131,Group4,Batch5
Cell10132,Group5,Batch5
Cell10133,Group1,Batch5
Cell10134,Group8,Batch5
Cell10135,Group8,Batch5
Cell10136,Group8,Batch5
Cell10137,Group6,Batch5
Cell10138,Group4,Batch5
Cell10139,Group1,Batch5
Cell10140,Group1,Batch5
Cell10141,Group1,Batch5
Cell10142,Group6,Batch5
Cell10143,Group3,Batch5
Cell10144,Group1,Batch5
Cell10145,Group9,Batch5
Cell10146,Group3,Batch5
Cell10147,Group7,Batch5
Cell10148,Group3,Batch5
Cell10149,Group9,Batch5
Cell10150,Group9,Batch5
Cell10151,Group1,Batch5
Cell10152,Group8,Batch5
Cell10153,Group5,Batch5
Cell10154,Group5,Batch5
Cell10155,Group8,Batch5
Cell10156,Group8,Batch5
Cell10157,Group1,Batch5
Cell10158,Group7,Batch5
Cell10159,Group6,Batch5
Cell10160,Group1,Batch5
Cell10161,Group10,Batch5
Cell10162,Group1,Batch5
Cell10163,Group10,Batch5
Cell10164,Group8,Batch5
Cell10165,Group7,Batch5
Cell10166,Group6,Batch5
Cell10167,Group7,Batch5
Cell10168,Group10,Batch5
Cell10169,Group6,Batch5
Cell10170,Group3,Batch5
Cell10171,Group8,Batch5
Cell10172,Group2,Batch5
Cell10173,Group1,Batch5
Cell10174,Group7,Batch5
Cell10175,Group6,Batch5
Cell10176,Group7,Batch5
Cell10177,Group1,Batch5
Cell10178,Group8,Batch5
Cell10179,Group7,Batch5
Cell10180,Group1,Batch5
Cell10181,Group2,Batch5
Cell10182,Group2,Batch5
Cell10183,Group4,Batch5
Cell10184,Group7,Batch5
Cell10185,Group3,Batch5
Cell10186,Group1,Batch5
Cell10187,Group1,Batch5
Cell10188,Group2,Batch5
Cell10189,Group10,Batch5
Cell10190,Group7,Batch5
Cell10191,Group6,Batch5
Cell10192,Group1,Batch5
Cell10193,Group8,Batch5
Cell10194,Group3,Batch5
Cell10195,Group7,Batch5
Cell10196,Group9,Batch5
Cell10197,Group1,Batch5
Cell10198,Group3,Batch5
Cell10199,Group2,Batch5
Cell10200,Group6,Batch5
Cell10201,Group2,Batch5
Cell10202,Group6,Batch5
Cell10203,Group4,Batch5
Cell10204,Group7,Batch5
Cell10205,Group2,Batch5
Cell10206,Group3,Batch5
Cell10207,Group5,Batch5
Cell10208,Group8,Batch5
Cell10209,Group2,Batch5
Cell10210,Group7,Batch5
Cell10211,Group1,Batch5
Cell10212,Group7,Batch5
Cell10213,Group6,Batch5
Cell10214,Group5,Batch5
Cell10215,Group1,Batch5
Cell10216,Group8,Batch5
Cell10217,Group5,Batch5
Cell10218,Group5,Batch5
Cell10219,Group10,Batch5
Cell10220,Group6,Batch5
Cell10221,Group2,Batch5
Cell10222,Group6,Batch5
Cell10223,Group8,Batch5
Cell10224,Group1,Batch5
Cell10225,Group7,Batch5
Cell10226,Group8,Batch5
Cell10227,Group3,Batch5
Cell10228,Group3,Batch5
Cell10229,Group10,Batch5
Cell10230,Group4,Batch5
Cell10231,Group8,Batch5
Cell10232,Group9,Batch5
Cell10233,Group7,Batch5
Cell10234,Group6,Batch5
Cell10235,Group2,Batch5
Cell10236,Group1,Batch5
Cell10237,Group10,Batch5
Cell10238,Group1,Batch5
Cell10239,Group2,Batch5
Cell10240,Group2,Batch5
Cell10241,Group6,Batch5
Cell10242,Group9,Batch5
Cell10243,Group10,Batch5
Cell10244,Group6,Batch5
Cell10245,Group9,Batch5
Cell10246,Group6,Batch5
Cell10247,Group8,Batch5
Cell10248,Group5,Batch5
Cell10249,Group5,Batch5
Cell10250,Group1,Batch5
Cell10251,Group1,Batch5
Cell10252,Group2,Batch5
Cell10253,Group10,Batch5
Cell10254,Group1,Batch5
Cell10255,Group6,Batch5
Cell10256,Group8,Batch5
Cell10257,Group5,Batch5
Cell10258,Group7,Batch5
Cell10259,Group8,Batch5
Cell10260,Group5,Batch5
Cell10261,Group8,Batch5
Cell10262,Group8,Batch5
Cell10263,Group1,Batch5
Cell10264,Group6,Batch5
Cell10265,Group6,Batch5
Cell10266,Group1,Batch5
Cell10267,Group7,Batch5
Cell10268,Group2,Batch5
Cell10269,Group8,Batch5
Cell10270,Group1,Batch5
Cell10271,Group9,Batch5
Cell10272,Group9,Batch5
Cell10273,Group8,Batch5
Cell10274,Group2,Batch5
Cell10275,Group1,Batch5
Cell10276,Group3,Batch5
Cell10277,Group9,Batch5
Cell10278,Group6,Batch5
Cell10279,Group7,Batch5
Cell10280,Group9,Batch5
Cell10281,Group8,Batch5
Cell10282,Group2,Batch5
Cell10283,Group5,Batch5
Cell10284,Group5,Batch5
Cell10285,Group6,Batch5
Cell10286,Group10,Batch5
Cell10287,Group6,Batch5
Cell10288,Group10,Batch5
Cell10289,Group6,Batch5
Cell10290,Group1,Batch5
Cell10291,Group2,Batch5
Cell10292,Group1,Batch5
Cell10293,Group7,Batch5
Cell10294,Group6,Batch5
Cell10295,Group9,Batch5
Cell10296,Group7,Batch5
Cell10297,Group8,Batch5
Cell10298,Group4,Batch5
Cell10299,Group1,Batch5
Cell10300,Group3,Batch5
Cell10301,Group1,Batch5
Cell10302,Group7,Batch5
Cell10303,Group5,Batch5
Cell10304,Group8,Batch5
Cell10305,Group2,Batch5
Cell10306,Group8,Batch5
Cell10307,Group7,Batch5
Cell10308,Group10,Batch5
Cell10309,Group9,Batch5
Cell10310,Group8,Batch5
Cell10311,Group5,Batch5
Cell10312,Group1,Batch5
Cell10313,Group8,Batch5
Cell10314,Group1,Batch5
Cell10315,Group3,Batch5
Cell10316,Group1,Batch5
Cell10317,Group7,Batch5
Cell10318,Group1,Batch5
Cell10319,Group5,Batch5
Cell10320,Group8,Batch5
Cell10321,Group1,Batch5
Cell10322,Group1,Batch5
Cell10323,Group7,Batch5
Cell10324,Group8,Batch5
Cell10325,Group5,Batch5
Cell10326,Group1,Batch5
Cell10327,Group9,Batch5
Cell10328,Group10,Batch5
Cell10329,Group6,Batch5
Cell10330,Group2,Batch5
Cell10331,Group4,Batch5
Cell10332,Group7,Batch5
Cell10333,Group8,Batch5
Cell10334,Group10,Batch5
Cell10335,Group7,Batch5
Cell10336,Group1,Batch5
Cell10337,Group2,Batch5
Cell10338,Group2,Batch5
Cell10339,Group6,Batch5
Cell10340,Group1,Batch5
Cell10341,Group7,Batch5
Cell10342,Group1,Batch5
Cell10343,Group7,Batch5
Cell10344,Group10,Batch5
Cell10345,Group5,Batch5
Cell10346,Group6,Batch5
Cell10347,Group3,Batch5
Cell10348,Group7,Batch5
Cell10349,Group6,Batch5
Cell10350,Group1,Batch5
Cell10351,Group6,Batch5
Cell10352,Group1,Batch5
Cell10353,Group7,Batch5
Cell10354,Group2,Batch5
Cell10355,Group1,Batch5
Cell10356,Group9,Batch5
Cell10357,Group5,Batch5
Cell10358,Group7,Batch5
Cell10359,Group4,Batch5
Cell10360,Group5,Batch5
Cell10361,Group2,Batch5
Cell10362,Group9,Batch5
Cell10363,Group6,Batch5
Cell10364,Group10,Batch5
Cell10365,Group2,Batch5
Cell10366,Group8,Batch5
Cell10367,Group1,Batch5
Cell10368,Group6,Batch5
Cell10369,Group1,Batch5
Cell10370,Group2,Batch5
Cell10371,Group1,Batch5
Cell10372,Group1,Batch5
Cell10373,Group10,Batch5
Cell10374,Group1,Batch5
Cell10375,Group3,Batch5
Cell10376,Group10,Batch5
Cell10377,Group7,Batch5
Cell10378,Group3,Batch5
Cell10379,Group5,Batch5
Cell10380,Group3,Batch5
Cell10381,Group8,Batch5
Cell10382,Group7,Batch5
Cell10383,Group1,Batch5
Cell10384,Group7,Batch5
Cell10385,Group10,Batch5
Cell10386,Group10,Batch5
Cell10387,Group3,Batch5
Cell10388,Group4,Batch5
Cell10389,Group1,Batch5
Cell10390,Group5,Batch5
Cell10391,Group9,Batch5
Cell10392,Group8,Batch5
Cell10393,Group7,Batch5
Cell10394,Group1,Batch5
Cell10395,Group2,Batch5
Cell10396,Group1,Batch5
Cell10397,Group6,Batch5
Cell10398,Group6,Batch5
Cell10399,Group5,Batch5
Cell10400,Group5,Batch5
Cell10401,Group3,Batch5
Cell10402,Group9,Batch5
Cell10403,Group10,Batch5
Cell10404,Group8,Batch5
Cell10405,Group7,Batch5
Cell10406,Group6,Batch5
Cell10407,Group8,Batch5
Cell10408,Group7,Batch5
Cell10409,Group5,Batch5
Cell10410,Group2,Batch5
Cell10411,Group8,Batch5
Cell10412,Group2,Batch5
Cell10413,Group4,Batch5
Cell10414,Group2,Batch5
Cell10415,Group5,Batch5
Cell10416,Group7,Batch5
Cell10417,Group2,Batch5
Cell10418,Group5,Batch5
Cell10419,Group6,Batch5
Cell10420,Group1,Batch5
Cell10421,Group1,Batch5
Cell10422,Group4,Batch5
Cell10423,Group3,Batch5
Cell10424,Group3,Batch5
Cell10425,Group1,Batch5
Cell10426,Group1,Batch5
Cell10427,Group7,Batch5
Cell10428,Group5,Batch5
Cell10429,Group10,Batch5
Cell10430,Group5,Batch5
Cell10431,Group9,Batch5
Cell10432,Group8,Batch5
Cell10433,Group4,Batch5
Cell10434,Group8,Batch5
Cell10435,Group1,Batch5
Cell10436,Group5,Batch5
Cell10437,Group1,Batch5
Cell10438,Group6,Batch5
Cell10439,Group9,Batch5
Cell10440,Group9,Batch5
Cell10441,Group9,Batch5
Cell10442,Group2,Batch5
Cell10443,Group3,Batch5
Cell10444,Group3,Batch5
Cell10445,Group7,Batch5
Cell10446,Group1,Batch5
Cell10447,Group5,Batch5
Cell10448,Group1,Batch5
Cell10449,Group10,Batch5
Cell10450,Group2,Batch5
Cell10451,Group5,Batch5
Cell10452,Group3,Batch5
Cell10453,Group6,Batch5
Cell10454,Group7,Batch5
Cell10455,Group9,Batch5
Cell10456,Group1,Batch5
Cell10457,Group8,Batch5
Cell10458,Group1,Batch5
Cell10459,Group2,Batch5
Cell10460,Group7,Batch5
Cell10461,Group2,Batch5
Cell10462,Group4,Batch5
Cell10463,Group1,Batch5
Cell10464,Group5,Batch5
Cell10465,Group10,Batch5
Cell10466,Group2,Batch5
Cell10467,Group10,Batch5
Cell10468,Group2,Batch5
Cell10469,Group5,Batch5
Cell10470,Group6,Batch5
Cell10471,Group2,Batch5
Cell10472,Group1,Batch5
Cell10473,Group1,Batch5
Cell10474,Group3,Batch5
Cell10475,Group5,Batch5
Cell10476,Group6,Batch5
Cell10477,Group8,Batch5
Cell10478,Group10,Batch5
Cell10479,Group9,Batch5
Cell10480,Group2,Batch5
Cell10481,Group1,Batch5
Cell10482,Group5,Batch5
Cell10483,Group10,Batch5
Cell10484,Group7,Batch5
Cell10485,Group6,Batch5
Cell10486,Group3,Batch5
Cell10487,Group1,Batch5
Cell10488,Group7,Batch5
Cell10489,Group1,Batch5
Cell10490,Group6,Batch5
Cell10491,Group8,Batch5
Cell10492,Group5,Batch5
Cell10493,Group8,Batch5
Cell10494,Group10,Batch5
Cell10495,Group2,Batch5
Cell10496,Group8,Batch5
Cell10497,Group7,Batch5
Cell10498,Group2,Batch5
Cell10499,Group6,Batch5
Cell10500,Group7,Batch5
Cell10501,Group2,Batch5
Cell10502,Group2,Batch5
Cell10503,Group5,Batch5
Cell10504,Group3,Batch5
Cell10505,Group2,Batch5
Cell10506,Group5,Batch5
Cell10507,Group8,Batch5
Cell10508,Group2,Batch5
Cell10509,Group10,Batch5
Cell10510,Group9,Batch5
Cell10511,Group9,Batch5
Cell10512,Group1,Batch5
Cell10513,Group7,Batch5
Cell10514,Group2,Batch5
Cell10515,Group1,Batch5
Cell10516,Group7,Batch5
Cell10517,Group4,Batch5
Cell10518,Group10,Batch5
Cell10519,Group6,Batch5
Cell10520,Group7,Batch5
Cell10521,Group8,Batch5
Cell10522,Group7,Batch5
Cell10523,Group8,Batch5
Cell10524,Group1,Batch5
Cell10525,Group7,Batch5
Cell10526,Group7,Batch5
Cell10527,Group2,Batch5
Cell10528,Group6,Batch5
Cell10529,Group1,Batch5
Cell10530,Group10,Batch5
Cell10531,Group2,Batch5
Cell10532,Group7,Batch5
Cell10533,Group1,Batch5
Cell10534,Group1,Batch5
Cell10535,Group2,Batch5
Cell10536,Group8,Batch5
Cell10537,Group3,Batch5
Cell10538,Group1,Batch5
Cell10539,Group7,Batch5
Cell10540,Group4,Batch5
Cell10541,Group6,Batch5
Cell10542,Group7,Batch5
Cell10543,Group1,Batch5
Cell10544,Group7,Batch5
Cell10545,Group7,Batch5
Cell10546,Group5,Batch5
Cell10547,Group10,Batch5
Cell10548,Group3,Batch5
Cell10549,Group6,Batch5
Cell10550,Group10,Batch5
Cell10551,Group7,Batch5
Cell10552,Group3,Batch5
Cell10553,Group10,Batch5
Cell10554,Group10,Batch5
Cell10555,Group8,Batch5
Cell10556,Group4,Batch5
Cell10557,Group9,Batch5
Cell10558,Group3,Batch5
Cell10559,Group10,Batch5
Cell10560,Group1,Batch5
Cell10561,Group7,Batch5
Cell10562,Group10,Batch5
Cell10563,Group7,Batch5
Cell10564,Group10,Batch5
Cell10565,Group10,Batch5
Cell10566,Group2,Batch5
Cell10567,Group7,Batch5
Cell10568,Group7,Batch5
Cell10569,Group10,Batch5
Cell10570,Group8,Batch5
Cell10571,Group7,Batch5
Cell10572,Group5,Batch5
Cell10573,Group2,Batch5
Cell10574,Group1,Batch5
Cell10575,Group3,Batch5
Cell10576,Group6,Batch5
Cell10577,Group1,Batch5
Cell10578,Group1,Batch5
Cell10579,Group5,Batch5
Cell10580,Group7,Batch5
Cell10581,Group3,Batch5
Cell10582,Group1,Batch5
Cell10583,Group8,Batch5
Cell10584,Group2,Batch5
Cell10585,Group1,Batch5
Cell10586,Group10,Batch5
Cell10587,Group2,Batch5
Cell10588,Group6,Batch5
Cell10589,Group2,Batch5
Cell10590,Group8,Batch5
Cell10591,Group7,Batch5
Cell10592,Group3,Batch5
Cell10593,Group3,Batch5
Cell10594,Group7,Batch5
Cell10595,Group7,Batch5
Cell10596,Group10,Batch5
Cell10597,Group8,Batch5
Cell10598,Group6,Batch5
Cell10599,Group8,Batch5
Cell10600,Group7,Batch5
Cell10601,Group8,Batch5
Cell10602,Group8,Batch5
Cell10603,Group2,Batch5
Cell10604,Group5,Batch5
Cell10605,Group2,Batch5
Cell10606,Group8,Batch5
Cell10607,Group3,Batch5
Cell10608,Group2,Batch5
Cell10609,Group5,Batch5
Cell10610,Group7,Batch5
Cell10611,Group7,Batch5
Cell10612,Group7,Batch5
Cell10613,Group3,Batch5
Cell10614,Group1,Batch5
Cell10615,Group10,Batch5
Cell10616,Group7,Batch5
Cell10617,Group8,Batch5
Cell10618,Group8,Batch5
Cell10619,Group8,Batch5
Cell10620,Group1,Batch5
Cell10621,Group2,Batch5
Cell10622,Group7,Batch5
Cell10623,Group3,Batch5
Cell10624,Group5,Batch5
Cell10625,Group8,Batch5
Cell10626,Group4,Batch5
Cell10627,Group3,Batch5
Cell10628,Group3,Batch5
Cell10629,Group10,Batch5
Cell10630,Group7,Batch5
Cell10631,Group3,Batch5
Cell10632,Group1,Batch5
Cell10633,Group7,Batch5
Cell10634,Group4,Batch5
Cell10635,Group9,Batch5
Cell10636,Group7,Batch5
Cell10637,Group10,Batch5
Cell10638,Group7,Batch5
Cell10639,Group3,Batch5
Cell10640,Group7,Batch5
Cell10641,Group2,Batch5
Cell10642,Group8,Batch5
Cell10643,Group1,Batch5
Cell10644,Group2,Batch5
Cell10645,Group6,Batch5
Cell10646,Group1,Batch5
Cell10647,Group5,Batch5
Cell10648,Group3,Batch5
Cell10649,Group3,Batch5
Cell10650,Group10,Batch5
Cell10651,Group4,Batch5
Cell10652,Group6,Batch5
Cell10653,Group3,Batch5
Cell10654,Group5,Batch5
Cell10655,Group5,Batch5
Cell10656,Group9,Batch5
Cell10657,Group4,Batch5
Cell10658,Group7,Batch5
Cell10659,Group8,Batch5
Cell10660,Group10,Batch5
Cell10661,Group7,Batch5
Cell10662,Group7,Batch5
Cell10663,Group7,Batch5
Cell10664,Group1,Batch5
Cell10665,Group3,Batch5
Cell10666,Group1,Batch5
Cell10667,Group7,Batch5
Cell10668,Group5,Batch5
Cell10669,Group3,Batch5
Cell10670,Group7,Batch5
Cell10671,Group7,Batch5
Cell10672,Group8,Batch5
Cell10673,Group7,Batch5
Cell10674,Group5,Batch5
Cell10675,Group7,Batch5
Cell10676,Group3,Batch5
Cell10677,Group9,Batch5
Cell10678,Group3,Batch5
Cell10679,Group1,Batch5
Cell10680,Group8,Batch5
Cell10681,Group10,Batch5
Cell10682,Group9,Batch5
Cell10683,Group10,Batch5
Cell10684,Group7,Batch5
Cell10685,Group8,Batch5
Cell10686,Group8,Batch5
Cell10687,Group9,Batch5
Cell10688,Group7,Batch5
Cell10689,Group7,Batch5
Cell10690,Group5,Batch5
Cell10691,Group2,Batch5
Cell10692,Group2,Batch5
Cell10693,Group7,Batch5
Cell10694,Group10,Batch5
Cell10695,Group3,Batch5
Cell10696,Group8,Batch5
Cell10697,Group6,Batch5
Cell10698,Group3,Batch5
Cell10699,Group7,Batch5
Cell10700,Group7,Batch5
Cell10701,Group8,Batch5
Cell10702,Group1,Batch5
Cell10703,Group8,Batch5
Cell10704,Group8,Batch5
Cell10705,Group6,Batch5
Cell10706,Group7,Batch5
Cell10707,Group6,Batch5
Cell10708,Group4,Batch5
Cell10709,Group7,Batch5
Cell10710,Group5,Batch5
Cell10711,Group7,Batch5
Cell10712,Group7,Batch5
Cell10713,Group2,Batch5
Cell10714,Group8,Batch5
Cell10715,Group7,Batch5
Cell10716,Group1,Batch5
Cell10717,Group6,Batch5
Cell10718,Group8,Batch5
Cell10719,Group10,Batch5
Cell10720,Group7,Batch5
Cell10721,Group10,Batch5
Cell10722,Group8,Batch5
Cell10723,Group1,Batch5
Cell10724,Group6,Batch5
Cell10725,Group6,Batch5
Cell10726,Group5,Batch5
Cell10727,Group4,Batch5
Cell10728,Group9,Batch5
Cell10729,Group7,Batch5
Cell10730,Group7,Batch5
Cell10731,Group1,Batch5
Cell10732,Group10,Batch5
Cell10733,Group2,Batch5
Cell10734,Group9,Batch5
Cell10735,Group3,Batch5
Cell10736,Group9,Batch5
Cell10737,Group5,Batch5
Cell10738,Group10,Batch5
Cell10739,Group7,Batch5
Cell10740,Group10,Batch5
Cell10741,Group5,Batch5
Cell10742,Group9,Batch5
Cell10743,Group2,Batch5
Cell10744,Group10,Batch5
Cell10745,Group1,Batch5
Cell10746,Group7,Batch5
Cell10747,Group2,Batch5
Cell10748,Group5,Batch5
Cell10749,Group6,Batch5
Cell10750,Group6,Batch5
Cell10751,Group1,Batch5
Cell10752,Group7,Batch5
Cell10753,Group10,Batch5
Cell10754,Group6,Batch5
Cell10755,Group10,Batch5
Cell10756,Group3,Batch5
Cell10757,Group3,Batch5
Cell10758,Group7,Batch5
Cell10759,Group5,Batch5
Cell10760,Group4,Batch5
Cell10761,Group10,Batch5
Cell10762,Group3,Batch5
Cell10763,Group1,Batch5
Cell10764,Group10,Batch5
Cell10765,Group6,Batch5
Cell10766,Group1,Batch5
Cell10767,Group9,Batch5
Cell10768,Group10,Batch5
Cell10769,Group5,Batch5
Cell10770,Group2,Batch5
Cell10771,Group3,Batch5
Cell10772,Group3,Batch5
Cell10773,Group9,Batch5
Cell10774,Group4,Batch5
Cell10775,Group7,Batch5
Cell10776,Group1,Batch5
Cell10777,Group9,Batch5
Cell10778,Group4,Batch5
Cell10779,Group4,Batch5
Cell10780,Group6,Batch5
Cell10781,Group7,Batch5
Cell10782,Group4,Batch5
Cell10783,Group8,Batch5
Cell10784,Group7,Batch5
Cell10785,Group2,Batch5
Cell10786,Group8,Batch5
Cell10787,Group7,Batch5
Cell10788,Group1,Batch5
Cell10789,Group6,Batch5
Cell10790,Group4,Batch5
Cell10791,Group8,Batch5
Cell10792,Group3,Batch5
Cell10793,Group7,Batch5
Cell10794,Group7,Batch5
Cell10795,Group7,Batch5
Cell10796,Group8,Batch5
Cell10797,Group7,Batch5
Cell10798,Group10,Batch5
Cell10799,Group7,Batch5
Cell10800,Group5,Batch5
Cell10801,Group4,Batch5
Cell10802,Group8,Batch5
Cell10803,Group3,Batch5
Cell10804,Group5,Batch5
Cell10805,Group3,Batch5
Cell10806,Group8,Batch5
Cell10807,Group1,Batch5
Cell10808,Group1,Batch5
Cell10809,Group8,Batch5
Cell10810,Group2,Batch5
Cell10811,Group1,Batch5
Cell10812,Group5,Batch5
Cell10813,Group8,Batch5
Cell10814,Group5,Batch5
Cell10815,Group5,Batch5
Cell10816,Group3,Batch5
Cell10817,Group2,Batch5
Cell10818,Group1,Batch5
Cell10819,Group5,Batch5
Cell10820,Group7,Batch5
Cell10821,Group1,Batch5
Cell10822,Group8,Batch5
Cell10823,Group7,Batch5
Cell10824,Group7,Batch5
Cell10825,Group9,Batch5
Cell10826,Group8,Batch5
Cell10827,Group2,Batch5
Cell10828,Group7,Batch5
Cell10829,Group7,Batch5
Cell10830,Group6,Batch5
Cell10831,Group6,Batch5
Cell10832,Group2,Batch5
Cell10833,Group1,Batch5
Cell10834,Group7,Batch5
Cell10835,Group10,Batch5
Cell10836,Group1,Batch5
Cell10837,Group7,Batch5
Cell10838,Group1,Batch5
Cell10839,Group8,Batch5
Cell10840,Group1,Batch5
Cell10841,Group10,Batch5
Cell10842,Group10,Batch5
Cell10843,Group7,Batch5
Cell10844,Group10,Batch5
Cell10845,Group7,Batch5
Cell10846,Group9,Batch5
Cell10847,Group3,Batch5
Cell10848,Group8,Batch5
Cell10849,Group5,Batch5
Cell10850,Group8,Batch5
Cell10851,Group10,Batch5
Cell10852,Group10,Batch5
Cell10853,Group7,Batch5
Cell10854,Group10,Batch5
Cell10855,Group4,Batch5
Cell10856,Group7,Batch5
Cell10857,Group9,Batch5
Cell10858,Group5,Batch5
Cell10859,Group7,Batch5
Cell10860,Group1,Batch5
Cell10861,Group6,Batch5
Cell10862,Group6,Batch5
Cell10863,Group3,Batch5
Cell10864,Group3,Batch5
Cell10865,Group2,Batch5
Cell10866,Group7,Batch5
Cell10867,Group8,Batch5
Cell10868,Group8,Batch5
Cell10869,Group8,Batch5
Cell10870,Group10,Batch5
Cell10871,Group2,Batch5
Cell10872,Group7,Batch5
Cell10873,Group2,Batch5
Cell10874,Group2,Batch5
Cell10875,Group2,Batch5
Cell10876,Group1,Batch5
Cell10877,Group6,Batch5
Cell10878,Group3,Batch5
Cell10879,Group4,Batch5
Cell10880,Group7,Batch5
Cell10881,Group5,Batch5
Cell10882,Group1,Batch5
Cell10883,Group5,Batch5
Cell10884,Group1,Batch5
Cell10885,Group8,Batch5
Cell10886,Group2,Batch5
Cell10887,Group2,Batch5
Cell10888,Group5,Batch5
Cell10889,Group1,Batch5
Cell10890,Group6,Batch5
Cell10891,Group9,Batch5
Cell10892,Group1,Batch5
Cell10893,Group5,Batch5
Cell10894,Group5,Batch5
Cell10895,Group5,Batch5
Cell10896,Group6,Batch5
Cell10897,Group3,Batch5
Cell10898,Group3,Batch5
Cell10899,Group10,Batch5
Cell10900,Group3,Batch5
Cell10901,Group1,Batch5
Cell10902,Group1,Batch5
Cell10903,Group10,Batch5
Cell10904,Group5,Batch5
Cell10905,Group8,Batch5
Cell10906,Group6,Batch5
Cell10907,Group1,Batch5
Cell10908,Group3,Batch5
Cell10909,Group6,Batch5
Cell10910,Group4,Batch5
Cell10911,Group4,Batch5
Cell10912,Group3,Batch5
Cell10913,Group3,Batch5
Cell10914,Group5,Batch5
Cell10915,Group10,Batch5
Cell10916,Group10,Batch5
Cell10917,Group2,Batch5
Cell10918,Group1,Batch5
Cell10919,Group1,Batch5
Cell10920,Group9,Batch5
Cell10921,Group5,Batch5
Cell10922,Group10,Batch5
Cell10923,Group9,Batch5
Cell10924,Group5,Batch5
Cell10925,Group5,Batch5
Cell10926,Group1,Batch5
Cell10927,Group5,Batch5
Cell10928,Group3,Batch5
Cell10929,Group8,Batch5
Cell10930,Group8,Batch5
Cell10931,Group3,Batch5
Cell10932,Group8,Batch5
Cell10933,Group7,Batch5
Cell10934,Group7,Batch5
Cell10935,Group6,Batch5
Cell10936,Group6,Batch5
Cell10937,Group6,Batch5
Cell10938,Group7,Batch5
Cell10939,Group3,Batch5
Cell10940,Group2,Batch5
Cell10941,Group7,Batch5
Cell10942,Group8,Batch5
Cell10943,Group3,Batch5
Cell10944,Group7,Batch5
Cell10945,Group9,Batch5
Cell10946,Group8,Batch5
Cell10947,Group3,Batch5
Cell10948,Group10,Batch5
Cell10949,Group9,Batch5
Cell10950,Group7,Batch5
Cell10951,Group10,Batch5
Cell10952,Group2,Batch5
Cell10953,Group1,Batch5
Cell10954,Group5,Batch5
Cell10955,Group2,Batch5
Cell10956,Group8,Batch5
Cell10957,Group7,Batch5
Cell10958,Group6,Batch5
Cell10959,Group10,Batch5
Cell10960,Group6,Batch5
Cell10961,Group1,Batch5
Cell10962,Group4,Batch5
Cell10963,Group10,Batch5
Cell10964,Group5,Batch5
Cell10965,Group7,Batch5
Cell10966,Group4,Batch5
Cell10967,Group9,Batch5
Cell10968,Group5,Batch5
Cell10969,Group4,Batch5
Cell10970,Group1,Batch5
Cell10971,Group10,Batch5
Cell10972,Group2,Batch5
Cell10973,Group10,Batch5
Cell10974,Group7,Batch5
Cell10975,Group4,Batch5
Cell10976,Group2,Batch5
Cell10977,Group6,Batch5
Cell10978,Group8,Batch5
Cell10979,Group10,Batch5
Cell10980,Group6,Batch5
Cell10981,Group7,Batch5
Cell10982,Group6,Batch5
Cell10983,Group8,Batch5
Cell10984,Group6,Batch5
Cell10985,Group3,Batch5
Cell10986,Group2,Batch5
Cell10987,Group7,Batch5
Cell10988,Group1,Batch5
Cell10989,Group6,Batch5
Cell10990,Group3,Batch5
Cell10991,Group5,Batch5
Cell10992,Group9,Batch5
Cell10993,Group10,Batch5
Cell10994,Group8,Batch5
Cell10995,Group9,Batch5
Cell10996,Group9,Batch5
Cell10997,Group9,Batch5
Cell10998,Group2,Batch5
Cell10999,Group3,Batch5
Cell11000,Group3,Batch5
Cell11001,Group7,Batch5
Cell11002,Group2,Batch5
Cell11003,Group7,Batch5
Cell11004,Group8,Batch5
Cell11005,Group6,Batch5
Cell11006,Group6,Batch5
Cell11007,Group8,Batch5
Cell11008,Group8,Batch5
Cell11009,Group4,Batch5
Cell11010,Group10,Batch5
Cell11011,Group6,Batch5
Cell11012,Group7,Batch5
Cell11013,Group1,Batch5
Cell11014,Group2,Batch5
Cell11015,Group9,Batch5
Cell11016,Group5,Batch5
Cell11017,Group7,Batch5
Cell11018,Group7,Batch5
Cell11019,Group3,Batch5
Cell11020,Group1,Batch5
Cell11021,Group7,Batch5
Cell11022,Group9,Batch5
Cell11023,Group7,Batch5
Cell11024,Group7,Batch5
Cell11025,Group9,Batch5
Cell11026,Group2,Batch5
Cell11027,Group1,Batch5
Cell11028,Group5,Batch5
Cell11029,Group2,Batch5
Cell11030,Group7,Batch5
Cell11031,Group8,Batch5
Cell11032,Group7,Batch5
Cell11033,Group7,Batch5
Cell11034,Group3,Batch5
Cell11035,Group1,Batch5
Cell11036,Group10,Batch5
Cell11037,Group2,Batch5
Cell11038,Group1,Batch5
Cell11039,Group10,Batch5
Cell11040,Group5,Batch5
Cell11041,Group8,Batch5
Cell11042,Group8,Batch5
Cell11043,Group9,Batch5
Cell11044,Group1,Batch5
Cell11045,Group1,Batch5
Cell11046,Group7,Batch5
Cell11047,Group6,Batch5
Cell11048,Group1,Batch5
Cell11049,Group3,Batch5
Cell11050,Group8,Batch5
Cell11051,Group7,Batch5
Cell11052,Group6,Batch5
Cell11053,Group1,Batch5
Cell11054,Group1,Batch5
Cell11055,Group10,Batch5
Cell11056,Group3,Batch5
Cell11057,Group3,Batch5
Cell11058,Group4,Batch5
Cell11059,Group8,Batch5
Cell11060,Group7,Batch5
Cell11061,Group9,Batch5
Cell11062,Group3,Batch5
Cell11063,Group3,Batch5
Cell11064,Group1,Batch5
Cell11065,Group9,Batch5
Cell11066,Group3,Batch5
Cell11067,Group7,Batch5
Cell11068,Group4,Batch5
Cell11069,Group9,Batch5
Cell11070,Group7,Batch5
Cell11071,Group7,Batch5
Cell11072,Group6,Batch5
Cell11073,Group10,Batch5
Cell11074,Group8,Batch5
Cell11075,Group2,Batch5
Cell11076,Group9,Batch5
Cell11077,Group3,Batch5
Cell11078,Group7,Batch5
Cell11079,Group1,Batch5
Cell11080,Group2,Batch5
Cell11081,Group5,Batch5
Cell11082,Group2,Batch5
Cell11083,Group3,Batch5
Cell11084,Group1,Batch5
Cell11085,Group5,Batch5
Cell11086,Group3,Batch5
Cell11087,Group2,Batch5
Cell11088,Group5,Batch5
Cell11089,Group7,Batch5
Cell11090,Group1,Batch5
Cell11091,Group1,Batch5
Cell11092,Group5,Batch5
Cell11093,Group1,Batch5
Cell11094,Group10,Batch5
Cell11095,Group7,Batch5
Cell11096,Group10,Batch5
Cell11097,Group8,Batch5
Cell11098,Group2,Batch5
Cell11099,Group10,Batch5
Cell11100,Group1,Batch5
Cell11101,Group3,Batch5
Cell11102,Group7,Batch5
Cell11103,Group3,Batch5
Cell11104,Group6,Batch5
Cell11105,Group10,Batch5
Cell11106,Group10,Batch5
Cell11107,Group3,Batch5
Cell11108,Group5,Batch5
Cell11109,Group9,Batch5
Cell11110,Group7,Batch5
Cell11111,Group5,Batch5
Cell11112,Group6,Batch5
Cell11113,Group10,Batch5
Cell11114,Group6,Batch5
Cell11115,Group7,Batch5
Cell11116,Group8,Batch5
Cell11117,Group5,Batch5
Cell11118,Group2,Batch5
Cell11119,Group7,Batch5
Cell11120,Group6,Batch5
Cell11121,Group1,Batch5
Cell11122,Group3,Batch5
Cell11123,Group10,Batch5
Cell11124,Group9,Batch5
Cell11125,Group1,Batch5
Cell11126,Group1,Batch5
Cell11127,Group1,Batch5
Cell11128,Group10,Batch5
Cell11129,Group1,Batch5
Cell11130,Group5,Batch5
Cell11131,Group8,Batch5
Cell11132,Group1,Batch5
Cell11133,Group3,Batch5
Cell11134,Group1,Batch5
Cell11135,Group7,Batch5
Cell11136,Group5,Batch5
Cell11137,Group9,Batch5
Cell11138,Group1,Batch5
Cell11139,Group10,Batch5
Cell11140,Group10,Batch5
Cell11141,Group10,Batch5
Cell11142,Group3,Batch5
Cell11143,Group8,Batch5
Cell11144,Group7,Batch5
Cell11145,Group1,Batch5
Cell11146,Group6,Batch5
Cell11147,Group9,Batch5
Cell11148,Group4,Batch5
Cell11149,Group4,Batch5
Cell11150,Group1,Batch5
Cell11151,Group7,Batch5
Cell11152,Group2,Batch5
Cell11153,Group9,Batch5
Cell11154,Group3,Batch5
Cell11155,Group10,Batch5
Cell11156,Group7,Batch5
Cell11157,Group4,Batch5
Cell11158,Group3,Batch5
Cell11159,Group9,Batch5
Cell11160,Group9,Batch5
Cell11161,Group7,Batch5
Cell11162,Group1,Batch5
Cell11163,Group8,Batch5
Cell11164,Group7,Batch5
Cell11165,Group5,Batch5
Cell11166,Group5,Batch5
Cell11167,Group7,Batch5
Cell11168,Group5,Batch5
Cell11169,Group4,Batch5
Cell11170,Group6,Batch5
Cell11171,Group7,Batch5
Cell11172,Group5,Batch5
Cell11173,Group3,Batch5
Cell11174,Group10,Batch5
Cell11175,Group3,Batch5
Cell11176,Group10,Batch5
Cell11177,Group1,Batch5
Cell11178,Group7,Batch5
Cell11179,Group1,Batch5
Cell11180,Group8,Batch5
Cell11181,Group2,Batch5
Cell11182,Group1,Batch5
Cell11183,Group2,Batch5
Cell11184,Group1,Batch5
Cell11185,Group8,Batch5
Cell11186,Group9,Batch5
Cell11187,Group3,Batch5
Cell11188,Group7,Batch5
Cell11189,Group1,Batch5
Cell11190,Group5,Batch5
Cell11191,Group7,Batch5
Cell11192,Group8,Batch5
Cell11193,Group1,Batch5
Cell11194,Group9,Batch5
Cell11195,Group10,Batch5
Cell11196,Group1,Batch5
Cell11197,Group7,Batch5
Cell11198,Group4,Batch5
Cell11199,Group3,Batch5
Cell11200,Group8,Batch5
Cell11201,Group2,Batch5
Cell11202,Group7,Batch5
Cell11203,Group7,Batch5
Cell11204,Group10,Batch5
Cell11205,Group7,Batch5
Cell11206,Group3,Batch5
Cell11207,Group1,Batch5
Cell11208,Group3,Batch5
Cell11209,Group5,Batch5
Cell11210,Group6,Batch5
Cell11211,Group2,Batch5
Cell11212,Group10,Batch5
Cell11213,Group7,Batch5
Cell11214,Group6,Batch5
Cell11215,Group5,Batch5
Cell11216,Group7,Batch5
Cell11217,Group5,Batch5
Cell11218,Group10,Batch5
Cell11219,Group1,Batch5
Cell11220,Group10,Batch5
Cell11221,Group5,Batch5
Cell11222,Group3,Batch5
Cell11223,Group10,Batch5
Cell11224,Group10,Batch5
Cell11225,Group3,Batch5
Cell11226,Group5,Batch5
Cell11227,Group8,Batch5
Cell11228,Group8,Batch5
Cell11229,Group7,Batch5
Cell11230,Group10,Batch5
Cell11231,Group6,Batch5
Cell11232,Group1,Batch5
Cell11233,Group7,Batch5
Cell11234,Group6,Batch5
Cell11235,Group6,Batch5
Cell11236,Group7,Batch5
Cell11237,Group5,Batch5
Cell11238,Group3,Batch5
Cell11239,Group2,Batch5
Cell11240,Group10,Batch5
Cell11241,Group1,Batch5
Cell11242,Group7,Batch5
Cell11243,Group7,Batch5
Cell11244,Group9,Batch5
Cell11245,Group8,Batch5
Cell11246,Group1,Batch5
Cell11247,Group1,Batch5
Cell11248,Group1,Batch5
Cell11249,Group2,Batch5
Cell11250,Group8,Batch5
Cell11251,Group6,Batch5
Cell11252,Group4,Batch5
Cell11253,Group1,Batch5
Cell11254,Group1,Batch5
Cell11255,Group6,Batch5
Cell11256,Group1,Batch5
Cell11257,Group2,Batch5
Cell11258,Group3,Batch5
Cell11259,Group10,Batch5
Cell11260,Group3,Batch5
Cell11261,Group7,Batch5
Cell11262,Group6,Batch5
Cell11263,Group2,Batch5
Cell11264,Group3,Batch5
Cell11265,Group2,Batch5
Cell11266,Group10,Batch5
Cell11267,Group10,Batch5
Cell11268,Group7,Batch5
Cell11269,Group6,Batch5
Cell11270,Group3,Batch5
Cell11271,Group2,Batch5
Cell11272,Group1,Batch5
Cell11273,Group3,Batch5
Cell11274,Group3,Batch5
Cell11275,Group3,Batch5
Cell11276,Group8,Batch5
Cell11277,Group1,Batch5
Cell11278,Group4,Batch5
Cell11279,Group5,Batch5
Cell11280,Group2,Batch5
Cell11281,Group10,Batch5
Cell11282,Group7,Batch5
Cell11283,Group1,Batch5
Cell11284,Group2,Batch5
Cell11285,Group3,Batch5
Cell11286,Group6,Batch5
Cell11287,Group1,Batch5
Cell11288,Group6,Batch5
Cell11289,Group8,Batch5
Cell11290,Group2,Batch5
Cell11291,Group5,Batch5
Cell11292,Group9,Batch5
Cell11293,Group7,Batch5
Cell11294,Group8,Batch5
Cell11295,Group2,Batch5
Cell11296,Group5,Batch5
Cell11297,Group2,Batch5
Cell11298,Group8,Batch5
Cell11299,Group7,Batch5
Cell11300,Group7,Batch5
Cell11301,Group6,Batch5
Cell11302,Group5,Batch5
Cell11303,Group2,Batch5
Cell11304,Group1,Batch5
Cell11305,Group8,Batch5
Cell11306,Group1,Batch5
Cell11307,Group6,Batch5
Cell11308,Group4,Batch5
Cell11309,Group4,Batch5
Cell11310,Group2,Batch5
Cell11311,Group7,Batch5
Cell11312,Group1,Batch5
Cell11313,Group7,Batch5
Cell11314,Group9,Batch5
Cell11315,Group7,Batch5
Cell11316,Group7,Batch5
Cell11317,Group5,Batch5
Cell11318,Group2,Batch5
Cell11319,Group5,Batch5
Cell11320,Group9,Batch5
Cell11321,Group10,Batch5
Cell11322,Group7,Batch5
Cell11323,Group1,Batch5
Cell11324,Group5,Batch5
Cell11325,Group1,Batch5
Cell11326,Group6,Batch5
Cell11327,Group3,Batch5
Cell11328,Group1,Batch5
Cell11329,Group6,Batch5
Cell11330,Group2,Batch5
Cell11331,Group6,Batch5
Cell11332,Group1,Batch5
Cell11333,Group1,Batch5
Cell11334,Group10,Batch5
Cell11335,Group6,Batch5
Cell11336,Group2,Batch5
Cell11337,Group2,Batch5
Cell11338,Group8,Batch5
Cell11339,Group6,Batch5
Cell11340,Group7,Batch5
Cell11341,Group2,Batch5
Cell11342,Group5,Batch5
Cell11343,Group7,Batch5
Cell11344,Group5,Batch5
Cell11345,Group1,Batch5
Cell11346,Group5,Batch5
Cell11347,Group6,Batch5
Cell11348,Group3,Batch5
Cell11349,Group8,Batch5
Cell11350,Group3,Batch5
Cell11351,Group10,Batch5
Cell11352,Group1,Batch5
Cell11353,Group10,Batch5
Cell11354,Group6,Batch5
Cell11355,Group5,Batch5
Cell11356,Group7,Batch5
Cell11357,Group6,Batch5
Cell11358,Group8,Batch5
Cell11359,Group7,Batch5
Cell11360,Group7,Batch5
Cell11361,Group3,Batch5
Cell11362,Group9,Batch5
Cell11363,Group10,Batch5
Cell11364,Group2,Batch5
Cell11365,Group1,Batch5
Cell11366,Group6,Batch5
Cell11367,Group8,Batch5
Cell11368,Group8,Batch5
Cell11369,Group10,Batch5
Cell11370,Group7,Batch5
Cell11371,Group2,Batch5
Cell11372,Group10,Batch5
Cell11373,Group6,Batch5
Cell11374,Group8,Batch5
Cell11375,Group7,Batch5
Cell11376,Group2,Batch5
Cell11377,Group5,Batch5
Cell11378,Group2,Batch5
Cell11379,Group5,Batch5
Cell11380,Group9,Batch5
Cell11381,Group8,Batch5
Cell11382,Group4,Batch5
Cell11383,Group5,Batch5
Cell11384,Group5,Batch5
Cell11385,Group2,Batch5
Cell11386,Group10,Batch5
Cell11387,Group3,Batch5
Cell11388,Group4,Batch5
Cell11389,Group6,Batch5
Cell11390,Group6,Batch5
Cell11391,Group8,Batch5
Cell11392,Group7,Batch5
Cell11393,Group4,Batch5
Cell11394,Group8,Batch5
Cell11395,Group7,Batch5
Cell11396,Group9,Batch5
Cell11397,Group2,Batch5
Cell11398,Group4,Batch5
Cell11399,Group8,Batch5
Cell11400,Group2,Batch5
Cell11401,Group5,Batch5
Cell11402,Group3,Batch5
Cell11403,Group7,Batch5
Cell11404,Group6,Batch5
Cell11405,Group7,Batch5
Cell11406,Group4,Batch5
Cell11407,Group10,Batch5
Cell11408,Group10,Batch5
Cell11409,Group10,Batch5
Cell11410,Group9,Batch5
Cell11411,Group8,Batch5
Cell11412,Group3,Batch5
Cell11413,Group1,Batch5
Cell11414,Group8,Batch5
Cell11415,Group1,Batch5
Cell11416,Group5,Batch5
Cell11417,Group1,Batch5
Cell11418,Group7,Batch5
Cell11419,Group7,Batch5
Cell11420,Group1,Batch5
Cell11421,Group2,Batch5
Cell11422,Group7,Batch5
Cell11423,Group6,Batch5
Cell11424,Group3,Batch5
Cell11425,Group1,Batch5
Cell11426,Group7,Batch5
Cell11427,Group1,Batch5
Cell11428,Group7,Batch5
Cell11429,Group8,Batch5
Cell11430,Group2,Batch5
Cell11431,Group8,Batch5
Cell11432,Group2,Batch5
Cell11433,Group1,Batch5
Cell11434,Group2,Batch5
Cell11435,Group1,Batch5
Cell11436,Group5,Batch5
Cell11437,Group6,Batch5
Cell11438,Group9,Batch5
Cell11439,Group5,Batch5
Cell11440,Group1,Batch5
Cell11441,Group5,Batch5
Cell11442,Group7,Batch5
Cell11443,Group2,Batch5
Cell11444,Group2,Batch5
Cell11445,Group7,Batch5
Cell11446,Group7,Batch5
Cell11447,Group1,Batch5
Cell11448,Group3,Batch5
Cell11449,Group10,Batch5
Cell11450,Group1,Batch5
Cell11451,Group1,Batch5
Cell11452,Group7,Batch5
Cell11453,Group5,Batch5
Cell11454,Group3,Batch5
Cell11455,Group6,Batch5
Cell11456,Group7,Batch5
Cell11457,Group6,Batch5
Cell11458,Group1,Batch5
Cell11459,Group10,Batch5
Cell11460,Group9,Batch5
Cell11461,Group4,Batch5
Cell11462,Group3,Batch5
Cell11463,Group9,Batch5
Cell11464,Group5,Batch5
Cell11465,Group10,Batch5
Cell11466,Group10,Batch5
Cell11467,Group5,Batch5
Cell11468,Group1,Batch5
Cell11469,Group8,Batch5
Cell11470,Group6,Batch5
Cell11471,Group4,Batch5
Cell11472,Group2,Batch5
Cell11473,Group5,Batch5
Cell11474,Group9,Batch5
Cell11475,Group1,Batch5
Cell11476,Group2,Batch5
Cell11477,Group2,Batch5
Cell11478,Group4,Batch5
Cell11479,Group7,Batch5
Cell11480,Group7,Batch5
Cell11481,Group2,Batch5
Cell11482,Group3,Batch5
Cell11483,Group2,Batch5
Cell11484,Group7,Batch5
Cell11485,Group8,Batch5
Cell11486,Group5,Batch5
Cell11487,Group6,Batch5
Cell11488,Group5,Batch5
Cell11489,Group10,Batch5
Cell11490,Group5,Batch5
Cell11491,Group8,Batch5
Cell11492,Group2,Batch5
Cell11493,Group1,Batch5
Cell11494,Group6,Batch5
Cell11495,Group10,Batch5
Cell11496,Group9,Batch5
Cell11497,Group2,Batch5
Cell11498,Group10,Batch5
Cell11499,Group7,Batch5
Cell11500,Group6,Batch5
Cell11501,Group5,Batch5
Cell11502,Group1,Batch5
Cell11503,Group2,Batch5
Cell11504,Group10,Batch5
Cell11505,Group9,Batch5
Cell11506,Group10,Batch5
Cell11507,Group9,Batch5
Cell11508,Group2,Batch5
Cell11509,Group8,Batch5
Cell11510,Group7,Batch5
Cell11511,Group5,Batch5
Cell11512,Group9,Batch5
Cell11513,Group7,Batch5
Cell11514,Group7,Batch5
Cell11515,Group7,Batch5
Cell11516,Group1,Batch5
Cell11517,Group2,Batch5
Cell11518,Group5,Batch5
Cell11519,Group2,Batch5
Cell11520,Group2,Batch5
Cell11521,Group8,Batch5
Cell11522,Group1,Batch5
Cell11523,Group2,Batch5
Cell11524,Group8,Batch5
Cell11525,Group5,Batch5
Cell11526,Group6,Batch5
Cell11527,Group7,Batch5
Cell11528,Group8,Batch5
Cell11529,Group1,Batch5
Cell11530,Group7,Batch5
Cell11531,Group2,Batch5
Cell11532,Group3,Batch5
Cell11533,Group5,Batch5
Cell11534,Group5,Batch5
Cell11535,Group1,Batch5
Cell11536,Group7,Batch5
Cell11537,Group9,Batch5
Cell11538,Group5,Batch5
Cell11539,Group8,Batch5
Cell11540,Group8,Batch5
Cell11541,Group3,Batch5
Cell11542,Group7,Batch5
Cell11543,Group3,Batch5
Cell11544,Group3,Batch5
Cell11545,Group9,Batch5
Cell11546,Group9,Batch5
Cell11547,Group5,Batch5
Cell11548,Group1,Batch5
Cell11549,Group5,Batch5
Cell11550,Group8,Batch5
Cell11551,Group7,Batch5
Cell11552,Group5,Batch5
Cell11553,Group5,Batch5
Cell11554,Group1,Batch5
Cell11555,Group1,Batch5
Cell11556,Group8,Batch5
Cell11557,Group5,Batch5
Cell11558,Group3,Batch5
Cell11559,Group10,Batch5
Cell11560,Group3,Batch5
Cell11561,Group5,Batch5
Cell11562,Group4,Batch5
Cell11563,Group7,Batch5
Cell11564,Group9,Batch5
Cell11565,Group7,Batch5
Cell11566,Group3,Batch5
Cell11567,Group3,Batch5
Cell11568,Group6,Batch5
Cell11569,Group7,Batch5
Cell11570,Group4,Batch5
Cell11571,Group1,Batch5
Cell11572,Group6,Batch5
Cell11573,Group1,Batch5
Cell11574,Group5,Batch5
Cell11575,Group1,Batch5
Cell11576,Group10,Batch5
Cell11577,Group10,Batch5
Cell11578,Group6,Batch5
Cell11579,Group5,Batch5
Cell11580,Group5,Batch5
Cell11581,Group5,Batch5
Cell11582,Group4,Batch5
Cell11583,Group5,Batch5
Cell11584,Group10,Batch5
Cell11585,Group8,Batch5
Cell11586,Group6,Batch5
Cell11587,Group8,Batch5
Cell11588,Group8,Batch5
Cell11589,Group7,Batch5
Cell11590,Group2,Batch5
Cell11591,Group7,Batch5
Cell11592,Group7,Batch5
Cell11593,Group3,Batch5
Cell11594,Group9,Batch5
Cell11595,Group10,Batch5
Cell11596,Group10,Batch5
Cell11597,Group10,Batch5
Cell11598,Group1,Batch5
Cell11599,Group1,Batch5
Cell11600,Group6,Batch5
Cell11601,Group5,Batch5
Cell11602,Group10,Batch5
Cell11603,Group5,Batch5
Cell11604,Group8,Batch5
Cell11605,Group10,Batch5
Cell11606,Group8,Batch5
Cell11607,Group7,Batch5
Cell11608,Group2,Batch5
Cell11609,Group4,Batch5
Cell11610,Group6,Batch5
Cell11611,Group3,Batch5
Cell11612,Group6,Batch5
Cell11613,Group5,Batch5
Cell11614,Group2,Batch5
Cell11615,Group5,Batch5
Cell11616,Group3,Batch5
Cell11617,Group1,Batch5
Cell11618,Group7,Batch5
Cell11619,Group5,Batch5
Cell11620,Group5,Batch5
Cell11621,Group5,Batch5
Cell11622,Group6,Batch5
Cell11623,Group7,Batch5
Cell11624,Group1,Batch5
Cell11625,Group6,Batch5
Cell11626,Group7,Batch5
Cell11627,Group10,Batch5
Cell11628,Group6,Batch5
Cell11629,Group7,Batch5
Cell11630,Group2,Batch5
Cell11631,Group3,Batch5
Cell11632,Group6,Batch5
Cell11633,Group5,Batch5
Cell11634,Group1,Batch5
Cell11635,Group3,Batch5
Cell11636,Group5,Batch5
Cell11637,Group5,Batch5
Cell11638,Group7,Batch5
Cell11639,Group8,Batch5
Cell11640,Group10,Batch5
Cell11641,Group3,Batch5
Cell11642,Group7,Batch5
Cell11643,Group2,Batch5
Cell11644,Group5,Batch5
Cell11645,Group2,Batch5
Cell11646,Group1,Batch5
Cell11647,Group2,Batch5
Cell11648,Group7,Batch5
Cell11649,Group10,Batch5
Cell11650,Group2,Batch5
Cell11651,Group1,Batch5
Cell11652,Group1,Batch5
Cell11653,Group2,Batch5
Cell11654,Group2,Batch5
Cell11655,Group2,Batch5
Cell11656,Group8,Batch5
Cell11657,Group2,Batch5
Cell11658,Group6,Batch5
Cell11659,Group7,Batch5
Cell11660,Group10,Batch5
Cell11661,Group3,Batch5
Cell11662,Group10,Batch5
Cell11663,Group10,Batch5
Cell11664,Group5,Batch5
Cell11665,Group7,Batch5
Cell11666,Group10,Batch5
Cell11667,Group9,Batch5
Cell11668,Group8,Batch5
Cell11669,Group7,Batch5
Cell11670,Group3,Batch5
Cell11671,Group7,Batch5
Cell11672,Group6,Batch5
Cell11673,Group4,Batch5
Cell11674,Group1,Batch5
Cell11675,Group3,Batch5
Cell11676,Group1,Batch5
Cell11677,Group3,Batch5
Cell11678,Group7,Batch5
Cell11679,Group6,Batch5
Cell11680,Group1,Batch5
Cell11681,Group2,Batch5
Cell11682,Group7,Batch5
Cell11683,Group9,Batch5
Cell11684,Group3,Batch5
Cell11685,Group1,Batch5
Cell11686,Group2,Batch5
Cell11687,Group9,Batch5
Cell11688,Group7,Batch5
Cell11689,Group9,Batch5
Cell11690,Group6,Batch5
Cell11691,Group8,Batch5
Cell11692,Group8,Batch5
Cell11693,Group5,Batch5
Cell11694,Group2,Batch5
Cell11695,Group1,Batch5
Cell11696,Group2,Batch5
Cell11697,Group3,Batch5
Cell11698,Group7,Batch5
Cell11699,Group7,Batch5
Cell11700,Group1,Batch5
Cell11701,Group3,Batch5
Cell11702,Group10,Batch5
Cell11703,Group7,Batch5
Cell11704,Group7,Batch5
Cell11705,Group8,Batch5
Cell11706,Group6,Batch5
Cell11707,Group8,Batch5
Cell11708,Group6,Batch5
Cell11709,Group1,Batch5
Cell11710,Group5,Batch5
Cell11711,Group6,Batch5
Cell11712,Group8,Batch5
Cell11713,Group2,Batch5
Cell11714,Group7,Batch5
Cell11715,Group1,Batch5
Cell11716,Group7,Batch5
Cell11717,Group5,Batch5
Cell11718,Group9,Batch5
Cell11719,Group6,Batch5
Cell11720,Group2,Batch5
Cell11721,Group2,Batch5
Cell11722,Group7,Batch5
Cell11723,Group10,Batch5
Cell11724,Group9,Batch5
Cell11725,Group1,Batch5
Cell11726,Group5,Batch5
Cell11727,Group8,Batch5
Cell11728,Group1,Batch5
Cell11729,Group10,Batch5
Cell11730,Group4,Batch5
Cell11731,Group1,Batch5
Cell11732,Group7,Batch5
Cell11733,Group3,Batch5
Cell11734,Group7,Batch5
Cell11735,Group9,Batch5
Cell11736,Group1,Batch5
Cell11737,Group2,Batch5
Cell11738,Group6,Batch5
Cell11739,Group5,Batch5
Cell11740,Group9,Batch5
Cell11741,Group10,Batch5
Cell11742,Group7,Batch5
Cell11743,Group1,Batch5
Cell11744,Group1,Batch5
Cell11745,Group5,Batch5
Cell11746,Group5,Batch5
Cell11747,Group1,Batch5
Cell11748,Group1,Batch5
Cell11749,Group7,Batch5
Cell11750,Group7,Batch5
Cell11751,Group7,Batch5
Cell11752,Group7,Batch5
Cell11753,Group6,Batch5
Cell11754,Group7,Batch5
Cell11755,Group7,Batch5
Cell11756,Group7,Batch5
Cell11757,Group2,Batch5
Cell11758,Group7,Batch5
Cell11759,Group10,Batch5
Cell11760,Group8,Batch5
Cell11761,Group2,Batch5
Cell11762,Group7,Batch5
Cell11763,Group4,Batch5
Cell11764,Group1,Batch5
Cell11765,Group5,Batch5
Cell11766,Group4,Batch5
Cell11767,Group1,Batch5
Cell11768,Group2,Batch5
Cell11769,Group6,Batch5
Cell11770,Group3,Batch5
Cell11771,Group5,Batch5
Cell11772,Group9,Batch5
Cell11773,Group9,Batch5
Cell11774,Group3,Batch5
Cell11775,Group8,Batch5
Cell11776,Group8,Batch5
Cell11777,Group10,Batch5
Cell11778,Group1,Batch5
Cell11779,Group5,Batch5
Cell11780,Group3,Batch5
Cell11781,Group1,Batch5
Cell11782,Group1,Batch5
Cell11783,Group5,Batch5
Cell11784,Group6,Batch5
Cell11785,Group7,Batch5
Cell11786,Group6,Batch5
Cell11787,Group8,Batch5
Cell11788,Group1,Batch5
Cell11789,Group7,Batch5
Cell11790,Group3,Batch5
Cell11791,Group2,Batch5
Cell11792,Group9,Batch5
Cell11793,Group10,Batch5
Cell11794,Group5,Batch5
Cell11795,Group7,Batch5
Cell11796,Group9,Batch5
Cell11797,Group7,Batch5
Cell11798,Group7,Batch5
Cell11799,Group8,Batch5
Cell11800,Group10,Batch5
Cell11801,Group3,Batch5
Cell11802,Group1,Batch5
Cell11803,Group5,Batch5
Cell11804,Group7,Batch5
Cell11805,Group5,Batch5
Cell11806,Group3,Batch5
Cell11807,Group6,Batch5
Cell11808,Group5,Batch5
Cell11809,Group8,Batch5
Cell11810,Group10,Batch5
Cell11811,Group7,Batch5
Cell11812,Group1,Batch5
Cell11813,Group2,Batch5
Cell11814,Group9,Batch5
Cell11815,Group3,Batch5
Cell11816,Group1,Batch5
Cell11817,Group5,Batch5
Cell11818,Group2,Batch5
Cell11819,Group5,Batch5
Cell11820,Group8,Batch5
Cell11821,Group4,Batch5
Cell11822,Group7,Batch5
Cell11823,Group10,Batch5
Cell11824,Group3,Batch5
Cell11825,Group3,Batch5
Cell11826,Group9,Batch5
Cell11827,Group3,Batch5
Cell11828,Group1,Batch5
Cell11829,Group8,Batch5
Cell11830,Group7,Batch5
Cell11831,Group8,Batch5
Cell11832,Group10,Batch5
Cell11833,Group3,Batch5
Cell11834,Group6,Batch5
Cell11835,Group5,Batch5
Cell11836,Group2,Batch5
Cell11837,Group5,Batch5
Cell11838,Group5,Batch5
Cell11839,Group10,Batch5
Cell11840,Group8,Batch5
Cell11841,Group3,Batch5
Cell11842,Group8,Batch5
Cell11843,Group2,Batch5
Cell11844,Group8,Batch5
Cell11845,Group9,Batch5
Cell11846,Group1,Batch5
Cell11847,Group1,Batch5
Cell11848,Group1,Batch5
Cell11849,Group3,Batch5
Cell11850,Group7,Batch5
Cell11851,Group2,Batch5
Cell11852,Group2,Batch5
Cell11853,Group5,Batch5
Cell11854,Group3,Batch5
Cell11855,Group7,Batch5
Cell11856,Group3,Batch5
Cell11857,Group2,Batch5
Cell11858,Group8,Batch5
Cell11859,Group2,Batch5
Cell11860,Group5,Batch5
Cell11861,Group4,Batch5
Cell11862,Group2,Batch5
Cell11863,Group8,Batch5
Cell11864,Group1,Batch5
Cell11865,Group8,Batch5
Cell11866,Group9,Batch5
Cell11867,Group3,Batch5
Cell11868,Group9,Batch5
Cell11869,Group8,Batch5
Cell11870,Group10,Batch5
Cell11871,Group4,Batch5
Cell11872,Group9,Batch5
Cell11873,Group10,Batch5
Cell11874,Group5,Batch5
Cell11875,Group1,Batch5
Cell11876,Group3,Batch5
Cell11877,Group7,Batch5
Cell11878,Group3,Batch5
Cell11879,Group5,Batch5
Cell11880,Group5,Batch5
Cell11881,Group10,Batch5
Cell11882,Group3,Batch5
Cell11883,Group5,Batch5
Cell11884,Group8,Batch5
Cell11885,Group8,Batch5
Cell11886,Group7,Batch5
Cell11887,Group1,Batch5
Cell11888,Group4,Batch5
Cell11889,Group4,Batch5
Cell11890,Group5,Batch5
Cell11891,Group5,Batch5
Cell11892,Group7,Batch5
Cell11893,Group2,Batch5
Cell11894,Group3,Batch5
Cell11895,Group2,Batch5
Cell11896,Group9,Batch5
Cell11897,Group4,Batch5
Cell11898,Group5,Batch5
Cell11899,Group1,Batch5
Cell11900,Group9,Batch5
Cell11901,Group6,Batch5
Cell11902,Group8,Batch5
Cell11903,Group4,Batch5
Cell11904,Group8,Batch5
Cell11905,Group7,Batch5
Cell11906,Group1,Batch5
Cell11907,Group3,Batch5
Cell11908,Group4,Batch5
Cell11909,Group2,Batch5
Cell11910,Group8,Batch5
Cell11911,Group9,Batch5
Cell11912,Group1,Batch5
Cell11913,Group1,Batch5
Cell11914,Group1,Batch5
Cell11915,Group5,Batch5
Cell11916,Group2,Batch5
Cell11917,Group9,Batch5
Cell11918,Group3,Batch5
Cell11919,Group5,Batch5
Cell11920,Group7,Batch5
Cell11921,Group7,Batch5
Cell11922,Group5,Batch5
Cell11923,Group4,Batch5
Cell11924,Group5,Batch5
Cell11925,Group8,Batch5
Cell11926,Group5,Batch5
Cell11927,Group10,Batch5
Cell11928,Group7,Batch5
Cell11929,Group8,Batch5
Cell11930,Group2,Batch5
Cell11931,Group1,Batch5
Cell11932,Group1,Batch5
Cell11933,Group7,Batch5
Cell11934,Group1,Batch5
Cell11935,Group3,Batch5
Cell11936,Group9,Batch5
Cell11937,Group8,Batch5
Cell11938,Group1,Batch5
Cell11939,Group5,Batch5
Cell11940,Group6,Batch5
Cell11941,Group4,Batch5
Cell11942,Group5,Batch5
Cell11943,Group8,Batch5
Cell11944,Group9,Batch5
Cell11945,Group10,Batch5
Cell11946,Group6,Batch5
Cell11947,Group3,Batch5
Cell11948,Group6,Batch5
Cell11949,Group2,Batch5
Cell11950,Group10,Batch5
Cell11951,Group3,Batch5
Cell11952,Group1,Batch5
Cell11953,Group9,Batch5
Cell11954,Group7,Batch5
Cell11955,Group8,Batch5
Cell11956,Group1,Batch5
Cell11957,Group8,Batch5
Cell11958,Group5,Batch5
Cell11959,Group8,Batch5
Cell11960,Group6,Batch5
Cell11961,Group6,Batch5
Cell11962,Group10,Batch5
Cell11963,Group8,Batch5
Cell11964,Group1,Batch5
Cell11965,Group1,Batch5
Cell11966,Group5,Batch5
Cell11967,Group5,Batch5
Cell11968,Group7,Batch5
Cell11969,Group3,Batch5
Cell11970,Group10,Batch5
Cell11971,Group7,Batch5
Cell11972,Group3,Batch5
Cell11973,Group7,Batch5
Cell11974,Group4,Batch5
Cell11975,Group4,Batch5
Cell11976,Group2,Batch5
Cell11977,Group1,Batch5
Cell11978,Group10,Batch5
Cell11979,Group10,Batch5
Cell11980,Group10,Batch5
Cell11981,Group6,Batch5
Cell11982,Group7,Batch5
Cell11983,Group3,Batch5
Cell11984,Group3,Batch5
Cell11985,Group5,Batch5
Cell11986,Group2,Batch5
Cell11987,Group7,Batch5
Cell11988,Group6,Batch5
Cell11989,Group8,Batch5
Cell11990,Group2,Batch5
Cell11991,Group8,Batch5
Cell11992,Group2,Batch5
Cell11993,Group3,Batch5
Cell11994,Group2,Batch5
Cell11995,Group1,Batch5
Cell11996,Group5,Batch5
Cell11997,Group3,Batch5
Cell11998,Group10,Batch5
Cell11999,Group7,Batch5
Cell12000,Group5,Batch5
Cell12001,Group10,Batch5
Cell12002,Group8,Batch5
Cell12003,Group5,Batch5
Cell12004,Group10,Batch5
Cell12005,Group9,Batch5
Cell12006,Group5,Batch5
Cell12007,Group4,Batch5
Cell12008,Group10,Batch5
Cell12009,Group1,Batch5
Cell12010,Group3,Batch5
Cell12011,Group10,Batch5
Cell12012,Group2,Batch5
Cell12013,Group3,Batch5
Cell12014,Group1,Batch5
Cell12015,Group3,Batch5
Cell12016,Group7,Batch5
Cell12017,Group7,Batch5
Cell12018,Group2,Batch5
Cell12019,Group3,Batch5
Cell12020,Group9,Batch5
Cell12021,Group1,Batch5
Cell12022,Group1,Batch5
Cell12023,Group5,Batch5
Cell12024,Group10,Batch5
Cell12025,Group5,Batch5
Cell12026,Group6,Batch5
Cell12027,Group4,Batch5
Cell12028,Group5,Batch5
Cell12029,Group4,Batch5
Cell12030,Group4,Batch5
Cell12031,Group10,Batch5
Cell12032,Group8,Batch5
Cell12033,Group8,Batch5
Cell12034,Group6,Batch5
Cell12035,Group4,Batch5
Cell12036,Group4,Batch5
Cell12037,Group7,Batch5
Cell12038,Group5,Batch5
Cell12039,Group6,Batch5
Cell12040,Group1,Batch5
Cell12041,Group3,Batch5
Cell12042,Group2,Batch5
Cell12043,Group7,Batch5
Cell12044,Group8,Batch5
Cell12045,Group2,Batch5
Cell12046,Group4,Batch5
Cell12047,Group10,Batch5
Cell12048,Group10,Batch5
Cell12049,Group2,Batch5
Cell12050,Group7,Batch5
Cell12051,Group3,Batch5
Cell12052,Group9,Batch5
Cell12053,Group2,Batch5
Cell12054,Group8,Batch5
Cell12055,Group4,Batch5
Cell12056,Group8,Batch5
Cell12057,Group10,Batch5
Cell12058,Group4,Batch5
Cell12059,Group1,Batch5
Cell12060,Group7,Batch5
Cell12061,Group3,Batch5
Cell12062,Group6,Batch5
Cell12063,Group4,Batch5
Cell12064,Group2,Batch5
Cell12065,Group7,Batch5
Cell12066,Group9,Batch5
Cell12067,Group10,Batch5
Cell12068,Group1,Batch5
Cell12069,Group5,Batch5
Cell12070,Group5,Batch5
Cell12071,Group5,Batch5
Cell12072,Group1,Batch5
Cell12073,Group4,Batch5
Cell12074,Group4,Batch5
Cell12075,Group5,Batch5
Cell12076,Group7,Batch5
Cell12077,Group3,Batch5
Cell12078,Group7,Batch5
Cell12079,Group1,Batch5
Cell12080,Group8,Batch5
Cell12081,Group8,Batch5
Cell12082,Group5,Batch5
Cell12083,Group1,Batch5
Cell12084,Group8,Batch5
Cell12085,Group2,Batch5
Cell12086,Group2,Batch5
Cell12087,Group1,Batch5
Cell12088,Group2,Batch5
Cell12089,Group8,Batch5
Cell12090,Group7,Batch5
Cell12091,Group7,Batch5
Cell12092,Group6,Batch5
Cell12093,Group6,Batch5
Cell12094,Group2,Batch5
Cell12095,Group10,Batch5
Cell12096,Group1,Batch5
Cell12097,Group1,Batch5
Cell12098,Group7,Batch5
Cell12099,Group8,Batch5
Cell12100,Group7,Batch5
Cell12101,Group4,Batch5
Cell12102,Group1,Batch5
Cell12103,Group3,Batch5
Cell12104,Group3,Batch5
Cell12105,Group1,Batch5
Cell12106,Group7,Batch5
Cell12107,Group7,Batch5
Cell12108,Group7,Batch5
Cell12109,Group3,Batch5
Cell12110,Group6,Batch5
Cell12111,Group7,Batch5
Cell12112,Group2,Batch5
Cell12113,Group1,Batch5
Cell12114,Group3,Batch5
Cell12115,Group5,Batch5
Cell12116,Group6,Batch5
Cell12117,Group2,Batch5
Cell12118,Group1,Batch5
Cell12119,Group1,Batch5
Cell12120,Group8,Batch5
Cell12121,Group1,Batch5
Cell12122,Group10,Batch5
Cell12123,Group8,Batch5
Cell12124,Group2,Batch5
Cell12125,Group2,Batch5
Cell12126,Group2,Batch5
Cell12127,Group1,Batch5
Cell12128,Group1,Batch5
Cell12129,Group7,Batch5
Cell12130,Group8,Batch5
Cell12131,Group6,Batch5
Cell12132,Group2,Batch5
Cell12133,Group3,Batch5
Cell12134,Group1,Batch5
Cell12135,Group1,Batch5
Cell12136,Group10,Batch5
Cell12137,Group6,Batch5
Cell12138,Group1,Batch5
Cell12139,Group6,Batch5
Cell12140,Group3,Batch5
Cell12141,Group3,Batch5
Cell12142,Group1,Batch5
Cell12143,Group9,Batch5
Cell12144,Group7,Batch5
Cell12145,Group10,Batch5
Cell12146,Group8,Batch5
Cell12147,Group3,Batch5
Cell12148,Group5,Batch5
Cell12149,Group9,Batch5
Cell12150,Group1,Batch5
Cell12151,Group3,Batch5
Cell12152,Group3,Batch5
Cell12153,Group2,Batch5
Cell12154,Group2,Batch5
Cell12155,Group1,Batch5
Cell12156,Group7,Batch5
Cell12157,Group10,Batch5
Cell12158,Group8,Batch5
Cell12159,Group8,Batch5
Cell12160,Group6,Batch5
Cell12161,Group8,Batch5
Cell12162,Group7,Batch5
Cell12163,Group5,Batch5
Cell12164,Group9,Batch5
Cell12165,Group8,Batch5
Cell12166,Group6,Batch5
Cell12167,Group10,Batch5
Cell12168,Group3,Batch5
Cell12169,Group1,Batch5
Cell12170,Group6,Batch5
Cell12171,Group7,Batch5
Cell12172,Group1,Batch5
Cell12173,Group7,Batch5
Cell12174,Group3,Batch5
Cell12175,Group8,Batch5
Cell12176,Group1,Batch5
Cell12177,Group7,Batch5
Cell12178,Group5,Batch5
Cell12179,Group8,Batch5
Cell12180,Group1,Batch5
Cell12181,Group6,Batch5
Cell12182,Group1,Batch5
Cell12183,Group9,Batch5
Cell12184,Group1,Batch5
Cell12185,Group3,Batch5
Cell12186,Group8,Batch5
Cell12187,Group4,Batch5
Cell12188,Group5,Batch5
Cell12189,Group6,Batch5
Cell12190,Group1,Batch5
Cell12191,Group7,Batch5
Cell12192,Group10,Batch5
Cell12193,Group7,Batch5
Cell12194,Group7,Batch5
Cell12195,Group3,Batch5
Cell12196,Group5,Batch5
Cell12197,Group5,Batch5
Cell12198,Group3,Batch5
Cell12199,Group4,Batch5
Cell12200,Group3,Batch5
Cell12201,Group6,Batch5
Cell12202,Group10,Batch5
Cell12203,Group7,Batch5
Cell12204,Group1,Batch5
Cell12205,Group2,Batch5
Cell12206,Group8,Batch5
Cell12207,Group6,Batch5
Cell12208,Group7,Batch5
Cell12209,Group1,Batch5
Cell12210,Group7,Batch5
Cell12211,Group10,Batch5
Cell12212,Group1,Batch5
Cell12213,Group1,Batch5
Cell12214,Group1,Batch5
Cell12215,Group3,Batch5
Cell12216,Group2,Batch5
Cell12217,Group1,Batch5
Cell12218,Group1,Batch5
Cell12219,Group7,Batch5
Cell12220,Group7,Batch5
Cell12221,Group7,Batch5
Cell12222,Group9,Batch5
Cell12223,Group1,Batch5
Cell12224,Group5,Batch5
Cell12225,Group1,Batch5
Cell12226,Group8,Batch5
Cell12227,Group2,Batch5
Cell12228,Group1,Batch5
Cell12229,Group4,Batch5
Cell12230,Group10,Batch5
Cell12231,Group4,Batch5
Cell12232,Group6,Batch5
Cell12233,Group1,Batch5
Cell12234,Group8,Batch5
Cell12235,Group10,Batch5
Cell12236,Group4,Batch5
Cell12237,Group5,Batch5
Cell12238,Group4,Batch5
Cell12239,Group1,Batch5
Cell12240,Group4,Batch5
Cell12241,Group7,Batch5
Cell12242,Group6,Batch5
Cell12243,Group4,Batch5
Cell12244,Group7,Batch5
Cell12245,Group6,Batch5
Cell12246,Group3,Batch5
Cell12247,Group6,Batch5
Cell12248,Group2,Batch5
Cell12249,Group10,Batch5
Cell12250,Group6,Batch5
Cell12251,Group3,Batch5
Cell12252,Group3,Batch5
Cell12253,Group4,Batch5
Cell12254,Group7,Batch5
Cell12255,Group2,Batch5
Cell12256,Group1,Batch5
Cell12257,Group1,Batch5
Cell12258,Group9,Batch5
Cell12259,Group1,Batch5
Cell12260,Group7,Batch5
Cell12261,Group10,Batch5
Cell12262,Group2,Batch5
Cell12263,Group1,Batch5
Cell12264,Group3,Batch5
Cell12265,Group4,Batch5
Cell12266,Group1,Batch5
Cell12267,Group2,Batch5
Cell12268,Group4,Batch5
Cell12269,Group7,Batch5
Cell12270,Group5,Batch5
Cell12271,Group7,Batch5
Cell12272,Group8,Batch5
Cell12273,Group10,Batch5
Cell12274,Group10,Batch5
Cell12275,Group8,Batch5
Cell12276,Group5,Batch5
Cell12277,Group10,Batch5
Cell12278,Group7,Batch5
Cell12279,Group3,Batch5
Cell12280,Group6,Batch5
Cell12281,Group7,Batch5
Cell12282,Group1,Batch5
Cell12283,Group1,Batch5
Cell12284,Group1,Batch5
Cell12285,Group9,Batch5
Cell12286,Group2,Batch5
Cell12287,Group9,Batch5
Cell12288,Group8,Batch5
Cell12289,Group10,Batch5
Cell12290,Group6,Batch5
Cell12291,Group1,Batch5
Cell12292,Group7,Batch5
Cell12293,Group6,Batch5
Cell12294,Group2,Batch5
Cell12295,Group6,Batch5
Cell12296,Group6,Batch5
Cell12297,Group1,Batch5
Cell12298,Group1,Batch5
Cell12299,Group8,Batch5
Cell12300,Group2,Batch5
Cell12301,Group5,Batch5
Cell12302,Group1,Batch5
Cell12303,Group3,Batch5
Cell12304,Group7,Batch5
Cell12305,Group10,Batch5
Cell12306,Group7,Batch5
Cell12307,Group1,Batch5
Cell12308,Group5,Batch5
Cell12309,Group3,Batch5
Cell12310,Group1,Batch5
Cell12311,Group1,Batch5
Cell12312,Group7,Batch5
Cell12313,Group1,Batch5
Cell12314,Group10,Batch5
Cell12315,Group6,Batch5
Cell12316,Group2,Batch5
Cell12317,Group3,Batch5
Cell12318,Group3,Batch5
Cell12319,Group8,Batch5
Cell12320,Group2,Batch5
Cell12321,Group1,Batch5
Cell12322,Group1,Batch5
Cell12323,Group9,Batch5
Cell12324,Group10,Batch5
Cell12325,Group5,Batch5
Cell12326,Group1,Batch5
Cell12327,Group5,Batch5
Cell12328,Group2,Batch5
Cell12329,Group9,Batch5
Cell12330,Group2,Batch5
Cell12331,Group8,Batch5
Cell12332,Group5,Batch5
Cell12333,Group5,Batch5
Cell12334,Group1,Batch5
Cell12335,Group2,Batch5
Cell12336,Group10,Batch5
Cell12337,Group3,Batch5
Cell12338,Group1,Batch5
Cell12339,Group8,Batch5
Cell12340,Group5,Batch5
Cell12341,Group2,Batch5
Cell12342,Group8,Batch5
Cell12343,Group7,Batch5
Cell12344,Group1,Batch5
Cell12345,Group10,Batch5
Cell12346,Group9,Batch5
Cell12347,Group1,Batch5
Cell12348,Group7,Batch5
Cell12349,Group2,Batch5
Cell12350,Group6,Batch5
Cell12351,Group3,Batch5
Cell12352,Group7,Batch5
Cell12353,Group1,Batch5
Cell12354,Group10,Batch5
Cell12355,Group8,Batch5
Cell12356,Group10,Batch5
Cell12357,Group8,Batch5
Cell12358,Group3,Batch5
Cell12359,Group7,Batch5
Cell12360,Group1,Batch5
Cell12361,Group7,Batch5
Cell12362,Group3,Batch5
Cell12363,Group3,Batch5
Cell12364,Group1,Batch5
Cell12365,Group9,Batch5
Cell12366,Group7,Batch5
Cell12367,Group5,Batch5
Cell12368,Group7,Batch5
Cell12369,Group3,Batch5
Cell12370,Group5,Batch5
Cell12371,Group3,Batch5
Cell12372,Group5,Batch5
Cell12373,Group1,Batch5
Cell12374,Group1,Batch5
Cell12375,Group8,Batch5
Cell12376,Group9,Batch5
Cell12377,Group10,Batch5
Cell12378,Group8,Batch5
Cell12379,Group4,Batch5
Cell12380,Group2,Batch5
Cell12381,Group8,Batch5
Cell12382,Group8,Batch5
Cell12383,Group3,Batch5
Cell12384,Group7,Batch5
Cell12385,Group5,Batch5
Cell12386,Group5,Batch5
Cell12387,Group6,Batch5
Cell12388,Group9,Batch5
Cell12389,Group1,Batch5
Cell12390,Group6,Batch5
Cell12391,Group2,Batch5
Cell12392,Group5,Batch5
Cell12393,Group6,Batch5
Cell12394,Group3,Batch5
Cell12395,Group10,Batch5
Cell12396,Group8,Batch5
Cell12397,Group2,Batch5
Cell12398,Group2,Batch5
Cell12399,Group7,Batch5
Cell12400,Group1,Batch5
Cell12401,Group3,Batch5
Cell12402,Group2,Batch5
Cell12403,Group4,Batch5
Cell12404,Group3,Batch5
Cell12405,Group5,Batch5
Cell12406,Group7,Batch5
Cell12407,Group2,Batch5
Cell12408,Group2,Batch5
Cell12409,Group9,Batch5
Cell12410,Group7,Batch5
Cell12411,Group7,Batch5
Cell12412,Group6,Batch5
Cell12413,Group7,Batch5
Cell12414,Group6,Batch5
Cell12415,Group3,Batch5
Cell12416,Group2,Batch5
Cell12417,Group1,Batch5
Cell12418,Group3,Batch5
Cell12419,Group5,Batch5
Cell12420,Group10,Batch5
Cell12421,Group7,Batch5
Cell12422,Group9,Batch5
Cell12423,Group9,Batch5
Cell12424,Group5,Batch5
Cell12425,Group8,Batch5
Cell12426,Group6,Batch5
Cell12427,Group10,Batch5
Cell12428,Group8,Batch5
Cell12429,Group7,Batch5
Cell12430,Group1,Batch5
Cell12431,Group5,Batch5
Cell12432,Group1,Batch5
Cell12433,Group10,Batch5
Cell12434,Group4,Batch5
Cell12435,Group4,Batch5
Cell12436,Group5,Batch5
Cell12437,Group3,Batch5
Cell12438,Group8,Batch5
Cell12439,Group2,Batch5
Cell12440,Group7,Batch5
Cell12441,Group7,Batch5
Cell12442,Group1,Batch5
Cell12443,Group10,Batch5
Cell12444,Group7,Batch5
Cell12445,Group3,Batch5
Cell12446,Group8,Batch5
Cell12447,Group10,Batch5
Cell12448,Group10,Batch5
Cell12449,Group7,Batch5
Cell12450,Group5,Batch5
Cell12451,Group1,Batch5
Cell12452,Group1,Batch5
Cell12453,Group6,Batch5
Cell12454,Group4,Batch5
Cell12455,Group8,Batch5
Cell12456,Group10,Batch5
Cell12457,Group6,Batch5
Cell12458,Group2,Batch5
Cell12459,Group2,Batch5
Cell12460,Group7,Batch5
Cell12461,Group10,Batch5
Cell12462,Group2,Batch5
Cell12463,Group4,Batch5
Cell12464,Group9,Batch5
Cell12465,Group1,Batch5
Cell12466,Group6,Batch5
Cell12467,Group10,Batch5
Cell12468,Group1,Batch5
Cell12469,Group8,Batch5
Cell12470,Group8,Batch5
Cell12471,Group4,Batch5
Cell12472,Group6,Batch5
Cell12473,Group10,Batch5
Cell12474,Group1,Batch5
Cell12475,Group2,Batch5
Cell12476,Group10,Batch5
Cell12477,Group6,Batch5
Cell12478,Group2,Batch5
Cell12479,Group7,Batch5
Cell12480,Group1,Batch5
Cell12481,Group1,Batch5
Cell12482,Group7,Batch5
Cell12483,Group8,Batch5
Cell12484,Group7,Batch5
Cell12485,Group2,Batch5
Cell12486,Group5,Batch5
Cell12487,Group5,Batch5
Cell12488,Group1,Batch5
Cell12489,Group7,Batch5
Cell12490,Group8,Batch5
Cell12491,Group2,Batch5
Cell12492,Group7,Batch5
Cell12493,Group8,Batch5
Cell12494,Group1,Batch5
Cell12495,Group5,Batch5
Cell12496,Group2,Batch5
Cell12497,Group6,Batch5
Cell12498,Group6,Batch5
Cell12499,Group4,Batch5
Cell12500,Group6,Batch5
Cell12501,Group10,Batch6
Cell12502,Group6,Batch6
Cell12503,Group4,Batch6
Cell12504,Group5,Batch6
Cell12505,Group5,Batch6
Cell12506,Group5,Batch6
Cell12507,Group1,Batch6
Cell12508,Group2,Batch6
Cell12509,Group3,Batch6
Cell12510,Group8,Batch6
Cell12511,Group3,Batch6
Cell12512,Group5,Batch6
Cell12513,Group7,Batch6
Cell12514,Group1,Batch6
Cell12515,Group6,Batch6
Cell12516,Group7,Batch6
Cell12517,Group5,Batch6
Cell12518,Group2,Batch6
Cell12519,Group9,Batch6
Cell12520,Group4,Batch6
Cell12521,Group2,Batch6
Cell12522,Group8,Batch6
Cell12523,Group9,Batch6
Cell12524,Group7,Batch6
Cell12525,Group8,Batch6
Cell12526,Group3,Batch6
Cell12527,Group8,Batch6
Cell12528,Group8,Batch6
Cell12529,Group6,Batch6
Cell12530,Group9,Batch6
Cell12531,Group2,Batch6
Cell12532,Group1,Batch6
Cell12533,Group3,Batch6
Cell12534,Group7,Batch6
Cell12535,Group4,Batch6
Cell12536,Group10,Batch6
Cell12537,Group10,Batch6
Cell12538,Group1,Batch6
Cell12539,Group1,Batch6
Cell12540,Group2,Batch6
Cell12541,Group7,Batch6
Cell12542,Group10,Batch6
Cell12543,Group2,Batch6
Cell12544,Group2,Batch6
Cell12545,Group1,Batch6
Cell12546,Group9,Batch6
Cell12547,Group3,Batch6
Cell12548,Group10,Batch6
Cell12549,Group6,Batch6
Cell12550,Group1,Batch6
Cell12551,Group1,Batch6
Cell12552,Group3,Batch6
Cell12553,Group1,Batch6
Cell12554,Group3,Batch6
Cell12555,Group10,Batch6
Cell12556,Group3,Batch6
Cell12557,Group5,Batch6
Cell12558,Group8,Batch6
Cell12559,Group2,Batch6
Cell12560,Group9,Batch6
Cell12561,Group9,Batch6
Cell12562,Group9,Batch6
Cell12563,Group4,Batch6
Cell12564,Group10,Batch6
Cell12565,Group4,Batch6
Cell12566,Group4,Batch6
Cell12567,Group9,Batch6
Cell12568,Group1,Batch6
Cell12569,Group10,Batch6
Cell12570,Group10,Batch6
Cell12571,Group10,Batch6
Cell12572,Group4,Batch6
Cell12573,Group10,Batch6
Cell12574,Group10,Batch6
Cell12575,Group3,Batch6
Cell12576,Group2,Batch6
Cell12577,Group1,Batch6
Cell12578,Group5,Batch6
Cell12579,Group10,Batch6
Cell12580,Group3,Batch6
Cell12581,Group7,Batch6
Cell12582,Group10,Batch6
Cell12583,Group7,Batch6
Cell12584,Group3,Batch6
Cell12585,Group1,Batch6
Cell12586,Group10,Batch6
Cell12587,Group6,Batch6
Cell12588,Group5,Batch6
Cell12589,Group9,Batch6
Cell12590,Group8,Batch6
Cell12591,Group3,Batch6
Cell12592,Group6,Batch6
Cell12593,Group10,Batch6
Cell12594,Group2,Batch6
Cell12595,Group1,Batch6
Cell12596,Group3,Batch6
Cell12597,Group5,Batch6
Cell12598,Group7,Batch6
Cell12599,Group8,Batch6
Cell12600,Group7,Batch6
Cell12601,Group3,Batch6
Cell12602,Group2,Batch6
Cell12603,Group3,Batch6
Cell12604,Group7,Batch6
Cell12605,Group1,Batch6
Cell12606,Group7,Batch6
Cell12607,Group8,Batch6
Cell12608,Group1,Batch6
Cell12609,Group6,Batch6
Cell12610,Group2,Batch6
Cell12611,Group10,Batch6
Cell12612,Group9,Batch6
Cell12613,Group3,Batch6
Cell12614,Group8,Batch6
Cell12615,Group8,Batch6
Cell12616,Group6,Batch6
Cell12617,Group6,Batch6
Cell12618,Group6,Batch6
Cell12619,Group7,Batch6
Cell12620,Group7,Batch6
Cell12621,Group8,Batch6
Cell12622,Group8,Batch6
Cell12623,Group8,Batch6
Cell12624,Group7,Batch6
Cell12625,Group6,Batch6
Cell12626,Group3,Batch6
Cell12627,Group6,Batch6
Cell12628,Group6,Batch6
Cell12629,Group10,Batch6
Cell12630,Group2,Batch6
Cell12631,Group10,Batch6
Cell12632,Group8,Batch6
Cell12633,Group7,Batch6
Cell12634,Group6,Batch6
Cell12635,Group1,Batch6
Cell12636,Group5,Batch6
Cell12637,Group3,Batch6
Cell12638,Group5,Batch6
Cell12639,Group2,Batch6
Cell12640,Group1,Batch6
Cell12641,Group7,Batch6
Cell12642,Group4,Batch6
Cell12643,Group7,Batch6
Cell12644,Group7,Batch6
Cell12645,Group9,Batch6
Cell12646,Group1,Batch6
Cell12647,Group7,Batch6
Cell12648,Group6,Batch6
Cell12649,Group2,Batch6
Cell12650,Group1,Batch6
Cell12651,Group5,Batch6
Cell12652,Group1,Batch6
Cell12653,Group4,Batch6
Cell12654,Group7,Batch6
Cell12655,Group7,Batch6
Cell12656,Group5,Batch6
Cell12657,Group3,Batch6
Cell12658,Group6,Batch6
Cell12659,Group10,Batch6
Cell12660,Group1,Batch6
Cell12661,Group8,Batch6
Cell12662,Group1,Batch6
Cell12663,Group6,Batch6
Cell12664,Group4,Batch6
Cell12665,Group3,Batch6
Cell12666,Group5,Batch6
Cell12667,Group4,Batch6
Cell12668,Group5,Batch6
Cell12669,Group3,Batch6
Cell12670,Group7,Batch6
Cell12671,Group2,Batch6
Cell12672,Group1,Batch6
Cell12673,Group8,Batch6
Cell12674,Group9,Batch6
Cell12675,Group8,Batch6
Cell12676,Group2,Batch6
Cell12677,Group6,Batch6
Cell12678,Group5,Batch6
Cell12679,Group1,Batch6
Cell12680,Group2,Batch6
Cell12681,Group7,Batch6
Cell12682,Group7,Batch6
Cell12683,Group5,Batch6
Cell12684,Group2,Batch6
Cell12685,Group3,Batch6
Cell12686,Group10,Batch6
Cell12687,Group8,Batch6
Cell12688,Group3,Batch6
Cell12689,Group10,Batch6
Cell12690,Group5,Batch6
Cell12691,Group4,Batch6
Cell12692,Group8,Batch6
Cell12693,Group3,Batch6
Cell12694,Group9,Batch6
Cell12695,Group1,Batch6
Cell12696,Group3,Batch6
Cell12697,Group6,Batch6
Cell12698,Group10,Batch6
Cell12699,Group5,Batch6
Cell12700,Group10,Batch6
Cell12701,Group10,Batch6
Cell12702,Group2,Batch6
Cell12703,Group2,Batch6
Cell12704,Group8,Batch6
Cell12705,Group6,Batch6
Cell12706,Group3,Batch6
Cell12707,Group10,Batch6
Cell12708,Group7,Batch6
Cell12709,Group1,Batch6
Cell12710,Group3,Batch6
Cell12711,Group5,Batch6
Cell12712,Group9,Batch6
Cell12713,Group1,Batch6
Cell12714,Group8,Batch6
Cell12715,Group7,Batch6
Cell12716,Group6,Batch6
Cell12717,Group5,Batch6
Cell12718,Group9,Batch6
Cell12719,Group5,Batch6
Cell12720,Group1,Batch6
Cell12721,Group7,Batch6
Cell12722,Group7,Batch6
Cell12723,Group3,Batch6
Cell12724,Group1,Batch6
Cell12725,Group1,Batch6
Cell12726,Group7,Batch6
Cell12727,Group6,Batch6
Cell12728,Group7,Batch6
Cell12729,Group1,Batch6
Cell12730,Group7,Batch6
Cell12731,Group6,Batch6
Cell12732,Group2,Batch6
Cell12733,Group6,Batch6
Cell12734,Group7,Batch6
Cell12735,Group6,Batch6
Cell12736,Group9,Batch6
Cell12737,Group1,Batch6
Cell12738,Group1,Batch6
Cell12739,Group6,Batch6
Cell12740,Group2,Batch6
Cell12741,Group5,Batch6
Cell12742,Group10,Batch6
Cell12743,Group1,Batch6
Cell12744,Group5,Batch6
Cell12745,Group6,Batch6
Cell12746,Group8,Batch6
Cell12747,Group1,Batch6
Cell12748,Group1,Batch6
Cell12749,Group3,Batch6
Cell12750,Group6,Batch6
Cell12751,Group5,Batch6
Cell12752,Group6,Batch6
Cell12753,Group5,Batch6
Cell12754,Group7,Batch6
Cell12755,Group9,Batch6
Cell12756,Group1,Batch6
Cell12757,Group7,Batch6
Cell12758,Group1,Batch6
Cell12759,Group6,Batch6
Cell12760,Group10,Batch6
Cell12761,Group3,Batch6
Cell12762,Group8,Batch6
Cell12763,Group6,Batch6
Cell12764,Group5,Batch6
Cell12765,Group8,Batch6
Cell12766,Group2,Batch6
Cell12767,Group10,Batch6
Cell12768,Group9,Batch6
Cell12769,Group5,Batch6
Cell12770,Group10,Batch6
Cell12771,Group8,Batch6
Cell12772,Group7,Batch6
Cell12773,Group5,Batch6
Cell12774,Group6,Batch6
Cell12775,Group9,Batch6
Cell12776,Group5,Batch6
Cell12777,Group7,Batch6
Cell12778,Group10,Batch6
Cell12779,Group5,Batch6
Cell12780,Group5,Batch6
Cell12781,Group8,Batch6
Cell12782,Group1,Batch6
Cell12783,Group9,Batch6
Cell12784,Group9,Batch6
Cell12785,Group7,Batch6
Cell12786,Group1,Batch6
Cell12787,Group7,Batch6
Cell12788,Group10,Batch6
Cell12789,Group5,Batch6
Cell12790,Group7,Batch6
Cell12791,Group7,Batch6
Cell12792,Group6,Batch6
Cell12793,Group8,Batch6
Cell12794,Group5,Batch6
Cell12795,Group2,Batch6
Cell12796,Group9,Batch6
Cell12797,Group3,Batch6
Cell12798,Group10,Batch6
Cell12799,Group3,Batch6
Cell12800,Group3,Batch6
Cell12801,Group1,Batch6
Cell12802,Group10,Batch6
Cell12803,Group3,Batch6
Cell12804,Group4,Batch6
Cell12805,Group10,Batch6
Cell12806,Group2,Batch6
Cell12807,Group9,Batch6
Cell12808,Group7,Batch6
Cell12809,Group10,Batch6
Cell12810,Group4,Batch6
Cell12811,Group4,Batch6
Cell12812,Group3,Batch6
Cell12813,Group8,Batch6
Cell12814,Group8,Batch6
Cell12815,Group8,Batch6
Cell12816,Group10,Batch6
Cell12817,Group10,Batch6
Cell12818,Group4,Batch6
Cell12819,Group8,Batch6
Cell12820,Group7,Batch6
Cell12821,Group8,Batch6
Cell12822,Group1,Batch6
Cell12823,Group6,Batch6
Cell12824,Group1,Batch6
Cell12825,Group5,Batch6
Cell12826,Group1,Batch6
Cell12827,Group5,Batch6
Cell12828,Group1,Batch6
Cell12829,Group7,Batch6
Cell12830,Group9,Batch6
Cell12831,Group7,Batch6
Cell12832,Group4,Batch6
Cell12833,Group6,Batch6
Cell12834,Group3,Batch6
Cell12835,Group4,Batch6
Cell12836,Group10,Batch6
Cell12837,Group7,Batch6
Cell12838,Group4,Batch6
Cell12839,Group2,Batch6
Cell12840,Group10,Batch6
Cell12841,Group10,Batch6
Cell12842,Group1,Batch6
Cell12843,Group8,Batch6
Cell12844,Group6,Batch6
Cell12845,Group6,Batch6
Cell12846,Group1,Batch6
Cell12847,Group1,Batch6
Cell12848,Group3,Batch6
Cell12849,Group2,Batch6
Cell12850,Group3,Batch6
Cell12851,Group4,Batch6
Cell12852,Group2,Batch6
Cell12853,Group1,Batch6
Cell12854,Group1,Batch6
Cell12855,Group7,Batch6
Cell12856,Group5,Batch6
Cell12857,Group1,Batch6
Cell12858,Group1,Batch6
Cell12859,Group7,Batch6
Cell12860,Group5,Batch6
Cell12861,Group2,Batch6
Cell12862,Group5,Batch6
Cell12863,Group1,Batch6
Cell12864,Group1,Batch6
Cell12865,Group7,Batch6
Cell12866,Group1,Batch6
Cell12867,Group9,Batch6
Cell12868,Group3,Batch6
Cell12869,Group6,Batch6
Cell12870,Group6,Batch6
Cell12871,Group3,Batch6
Cell12872,Group1,Batch6
Cell12873,Group3,Batch6
Cell12874,Group5,Batch6
Cell12875,Group1,Batch6
Cell12876,Group4,Batch6
Cell12877,Group1,Batch6
Cell12878,Group9,Batch6
Cell12879,Group9,Batch6
Cell12880,Group3,Batch6
Cell12881,Group2,Batch6
Cell12882,Group1,Batch6
Cell12883,Group5,Batch6
Cell12884,Group8,Batch6
Cell12885,Group3,Batch6
Cell12886,Group2,Batch6
Cell12887,Group2,Batch6
Cell12888,Group1,Batch6
Cell12889,Group10,Batch6
Cell12890,Group6,Batch6
Cell12891,Group7,Batch6
Cell12892,Group6,Batch6
Cell12893,Group8,Batch6
Cell12894,Group1,Batch6
Cell12895,Group7,Batch6
Cell12896,Group8,Batch6
Cell12897,Group3,Batch6
Cell12898,Group7,Batch6
Cell12899,Group2,Batch6
Cell12900,Group1,Batch6
Cell12901,Group7,Batch6
Cell12902,Group3,Batch6
Cell12903,Group10,Batch6
Cell12904,Group5,Batch6
Cell12905,Group3,Batch6
Cell12906,Group5,Batch6
Cell12907,Group9,Batch6
Cell12908,Group1,Batch6
Cell12909,Group8,Batch6
Cell12910,Group1,Batch6
Cell12911,Group8,Batch6
Cell12912,Group6,Batch6
Cell12913,Group1,Batch6
Cell12914,Group4,Batch6
Cell12915,Group6,Batch6
Cell12916,Group3,Batch6
Cell12917,Group5,Batch6
Cell12918,Group8,Batch6
Cell12919,Group7,Batch6
Cell12920,Group1,Batch6
Cell12921,Group7,Batch6
Cell12922,Group9,Batch6
Cell12923,Group2,Batch6
Cell12924,Group1,Batch6
Cell12925,Group5,Batch6
Cell12926,Group10,Batch6
Cell12927,Group7,Batch6
Cell12928,Group2,Batch6
Cell12929,Group7,Batch6
Cell12930,Group10,Batch6
Cell12931,Group6,Batch6
Cell12932,Group4,Batch6
Cell12933,Group7,Batch6
Cell12934,Group8,Batch6
Cell12935,Group6,Batch6
Cell12936,Group8,Batch6
Cell12937,Group7,Batch6
Cell12938,Group10,Batch6
Cell12939,Group1,Batch6
Cell12940,Group2,Batch6
Cell12941,Group10,Batch6
Cell12942,Group9,Batch6
Cell12943,Group4,Batch6
Cell12944,Group8,Batch6
Cell12945,Group3,Batch6
Cell12946,Group6,Batch6
Cell12947,Group9,Batch6
Cell12948,Group5,Batch6
Cell12949,Group6,Batch6
Cell12950,Group2,Batch6
Cell12951,Group1,Batch6
Cell12952,Group3,Batch6
Cell12953,Group6,Batch6
Cell12954,Group5,Batch6
Cell12955,Group5,Batch6
Cell12956,Group1,Batch6
Cell12957,Group10,Batch6
Cell12958,Group2,Batch6
Cell12959,Group8,Batch6
Cell12960,Group5,Batch6
Cell12961,Group3,Batch6
Cell12962,Group8,Batch6
Cell12963,Group5,Batch6
Cell12964,Group2,Batch6
Cell12965,Group3,Batch6
Cell12966,Group2,Batch6
Cell12967,Group3,Batch6
Cell12968,Group1,Batch6
Cell12969,Group10,Batch6
Cell12970,Group1,Batch6
Cell12971,Group7,Batch6
Cell12972,Group10,Batch6
Cell12973,Group8,Batch6
Cell12974,Group3,Batch6
Cell12975,Group2,Batch6
Cell12976,Group1,Batch6
Cell12977,Group9,Batch6
Cell12978,Group7,Batch6
Cell12979,Group7,Batch6
Cell12980,Group2,Batch6
Cell12981,Group2,Batch6
Cell12982,Group3,Batch6
Cell12983,Group5,Batch6
Cell12984,Group5,Batch6
Cell12985,Group7,Batch6
Cell12986,Group5,Batch6
Cell12987,Group5,Batch6
Cell12988,Group2,Batch6
Cell12989,Group3,Batch6
Cell12990,Group6,Batch6
Cell12991,Group3,Batch6
Cell12992,Group6,Batch6
Cell12993,Group6,Batch6
Cell12994,Group7,Batch6
Cell12995,Group1,Batch6
Cell12996,Group5,Batch6
Cell12997,Group4,Batch6
Cell12998,Group7,Batch6
Cell12999,Group1,Batch6
Cell13000,Group1,Batch6
Cell13001,Group3,Batch6
Cell13002,Group10,Batch6
Cell13003,Group7,Batch6
Cell13004,Group3,Batch6
Cell13005,Group3,Batch6
Cell13006,Group7,Batch6
Cell13007,Group4,Batch6
Cell13008,Group3,Batch6
Cell13009,Group3,Batch6
Cell13010,Group1,Batch6
Cell13011,Group6,Batch6
Cell13012,Group5,Batch6
Cell13013,Group6,Batch6
Cell13014,Group1,Batch6
Cell13015,Group2,Batch6
Cell13016,Group1,Batch6
Cell13017,Group7,Batch6
Cell13018,Group9,Batch6
Cell13019,Group8,Batch6
Cell13020,Group7,Batch6
Cell13021,Group2,Batch6
Cell13022,Group7,Batch6
Cell13023,Group5,Batch6
Cell13024,Group7,Batch6
Cell13025,Group7,Batch6
Cell13026,Group5,Batch6
Cell13027,Group7,Batch6
Cell13028,Group1,Batch6
Cell13029,Group9,Batch6
Cell13030,Group10,Batch6
Cell13031,Group2,Batch6
Cell13032,Group10,Batch6
Cell13033,Group7,Batch6
Cell13034,Group2,Batch6
Cell13035,Group7,Batch6
Cell13036,Group4,Batch6
Cell13037,Group7,Batch6
Cell13038,Group2,Batch6
Cell13039,Group8,Batch6
Cell13040,Group9,Batch6
Cell13041,Group5,Batch6
Cell13042,Group3,Batch6
Cell13043,Group1,Batch6
Cell13044,Group1,Batch6
Cell13045,Group3,Batch6
Cell13046,Group6,Batch6
Cell13047,Group10,Batch6
Cell13048,Group8,Batch6
Cell13049,Group1,Batch6
Cell13050,Group8,Batch6
Cell13051,Group10,Batch6
Cell13052,Group6,Batch6
Cell13053,Group7,Batch6
Cell13054,Group4,Batch6
Cell13055,Group5,Batch6
Cell13056,Group8,Batch6
Cell13057,Group5,Batch6
Cell13058,Group1,Batch6
Cell13059,Group10,Batch6
Cell13060,Group3,Batch6
Cell13061,Group7,Batch6
Cell13062,Group4,Batch6
Cell13063,Group2,Batch6
Cell13064,Group3,Batch6
Cell13065,Group5,Batch6
Cell13066,Group3,Batch6
Cell13067,Group10,Batch6
Cell13068,Group10,Batch6
Cell13069,Group7,Batch6
Cell13070,Group10,Batch6
Cell13071,Group9,Batch6
Cell13072,Group3,Batch6
Cell13073,Group4,Batch6
Cell13074,Group8,Batch6
Cell13075,Group7,Batch6
Cell13076,Group1,Batch6
Cell13077,Group1,Batch6
Cell13078,Group10,Batch6
Cell13079,Group10,Batch6
Cell13080,Group7,Batch6
Cell13081,Group10,Batch6
Cell13082,Group6,Batch6
Cell13083,Group1,Batch6
Cell13084,Group10,Batch6
Cell13085,Group6,Batch6
Cell13086,Group5,Batch6
Cell13087,Group1,Batch6
Cell13088,Group5,Batch6
Cell13089,Group1,Batch6
Cell13090,Group4,Batch6
Cell13091,Group1,Batch6
Cell13092,Group7,Batch6
Cell13093,Group5,Batch6
Cell13094,Group5,Batch6
Cell13095,Group6,Batch6
Cell13096,Group3,Batch6
Cell13097,Group10,Batch6
Cell13098,Group1,Batch6
Cell13099,Group8,Batch6
Cell13100,Group5,Batch6
Cell13101,Group6,Batch6
Cell13102,Group4,Batch6
Cell13103,Group3,Batch6
Cell13104,Group5,Batch6
Cell13105,Group1,Batch6
Cell13106,Group10,Batch6
Cell13107,Group3,Batch6
Cell13108,Group8,Batch6
Cell13109,Group3,Batch6
Cell13110,Group3,Batch6
Cell13111,Group5,Batch6
Cell13112,Group4,Batch6
Cell13113,Group4,Batch6
Cell13114,Group4,Batch6
Cell13115,Group1,Batch6
Cell13116,Group2,Batch6
Cell13117,Group3,Batch6
Cell13118,Group10,Batch6
Cell13119,Group8,Batch6
Cell13120,Group5,Batch6
Cell13121,Group8,Batch6
Cell13122,Group2,Batch6
Cell13123,Group7,Batch6
Cell13124,Group5,Batch6
Cell13125,Group5,Batch6
Cell13126,Group9,Batch6
Cell13127,Group3,Batch6
Cell13128,Group6,Batch6
Cell13129,Group7,Batch6
Cell13130,Group10,Batch6
Cell13131,Group2,Batch6
Cell13132,Group2,Batch6
Cell13133,Group7,Batch6
Cell13134,Group2,Batch6
Cell13135,Group2,Batch6
Cell13136,Group5,Batch6
Cell13137,Group2,Batch6
Cell13138,Group10,Batch6
Cell13139,Group1,Batch6
Cell13140,Group7,Batch6
Cell13141,Group10,Batch6
Cell13142,Group5,Batch6
Cell13143,Group2,Batch6
Cell13144,Group1,Batch6
Cell13145,Group8,Batch6
Cell13146,Group5,Batch6
Cell13147,Group5,Batch6
Cell13148,Group7,Batch6
Cell13149,Group4,Batch6
Cell13150,Group8,Batch6
Cell13151,Group7,Batch6
Cell13152,Group8,Batch6
Cell13153,Group4,Batch6
Cell13154,Group10,Batch6
Cell13155,Group10,Batch6
Cell13156,Group6,Batch6
Cell13157,Group9,Batch6
Cell13158,Group4,Batch6
Cell13159,Group5,Batch6
Cell13160,Group2,Batch6
Cell13161,Group9,Batch6
Cell13162,Group3,Batch6
Cell13163,Group10,Batch6
Cell13164,Group10,Batch6
Cell13165,Group7,Batch6
Cell13166,Group5,Batch6
Cell13167,Group5,Batch6
Cell13168,Group8,Batch6
Cell13169,Group3,Batch6
Cell13170,Group2,Batch6
Cell13171,Group7,Batch6
Cell13172,Group8,Batch6
Cell13173,Group3,Batch6
Cell13174,Group3,Batch6
Cell13175,Group3,Batch6
Cell13176,Group6,Batch6
Cell13177,Group3,Batch6
Cell13178,Group1,Batch6
Cell13179,Group10,Batch6
Cell13180,Group2,Batch6
Cell13181,Group6,Batch6
Cell13182,Group10,Batch6
Cell13183,Group10,Batch6
Cell13184,Group2,Batch6
Cell13185,Group8,Batch6
Cell13186,Group7,Batch6
Cell13187,Group5,Batch6
Cell13188,Group8,Batch6
Cell13189,Group2,Batch6
Cell13190,Group9,Batch6
Cell13191,Group7,Batch6
Cell13192,Group3,Batch6
Cell13193,Group5,Batch6
Cell13194,Group5,Batch6
Cell13195,Group7,Batch6
Cell13196,Group1,Batch6
Cell13197,Group1,Batch6
Cell13198,Group10,Batch6
Cell13199,Group1,Batch6
Cell13200,Group10,Batch6
Cell13201,Group7,Batch6
Cell13202,Group10,Batch6
Cell13203,Group7,Batch6
Cell13204,Group9,Batch6
Cell13205,Group3,Batch6
Cell13206,Group4,Batch6
Cell13207,Group6,Batch6
Cell13208,Group7,Batch6
Cell13209,Group1,Batch6
Cell13210,Group7,Batch6
Cell13211,Group8,Batch6
Cell13212,Group1,Batch6
Cell13213,Group3,Batch6
Cell13214,Group3,Batch6
Cell13215,Group8,Batch6
Cell13216,Group4,Batch6
Cell13217,Group4,Batch6
Cell13218,Group7,Batch6
Cell13219,Group9,Batch6
Cell13220,Group7,Batch6
Cell13221,Group7,Batch6
Cell13222,Group3,Batch6
Cell13223,Group1,Batch6
Cell13224,Group6,Batch6
Cell13225,Group2,Batch6
Cell13226,Group9,Batch6
Cell13227,Group4,Batch6
Cell13228,Group2,Batch6
Cell13229,Group1,Batch6
Cell13230,Group8,Batch6
Cell13231,Group10,Batch6
Cell13232,Group10,Batch6
Cell13233,Group5,Batch6
Cell13234,Group6,Batch6
Cell13235,Group2,Batch6
Cell13236,Group1,Batch6
Cell13237,Group6,Batch6
Cell13238,Group9,Batch6
Cell13239,Group4,Batch6
Cell13240,Group3,Batch6
Cell13241,Group8,Batch6
Cell13242,Group7,Batch6
Cell13243,Group10,Batch6
Cell13244,Group6,Batch6
Cell13245,Group9,Batch6
Cell13246,Group8,Batch6
Cell13247,Group1,Batch6
Cell13248,Group7,Batch6
Cell13249,Group5,Batch6
Cell13250,Group7,Batch6
Cell13251,Group3,Batch6
Cell13252,Group1,Batch6
Cell13253,Group7,Batch6
Cell13254,Group1,Batch6
Cell13255,Group8,Batch6
Cell13256,Group10,Batch6
Cell13257,Group3,Batch6
Cell13258,Group10,Batch6
Cell13259,Group1,Batch6
Cell13260,Group5,Batch6
Cell13261,Group7,Batch6
Cell13262,Group6,Batch6
Cell13263,Group1,Batch6
Cell13264,Group4,Batch6
Cell13265,Group6,Batch6
Cell13266,Group9,Batch6
Cell13267,Group1,Batch6
Cell13268,Group6,Batch6
Cell13269,Group7,Batch6
Cell13270,Group1,Batch6
Cell13271,Group10,Batch6
Cell13272,Group6,Batch6
Cell13273,Group6,Batch6
Cell13274,Group9,Batch6
Cell13275,Group2,Batch6
Cell13276,Group7,Batch6
Cell13277,Group10,Batch6
Cell13278,Group1,Batch6
Cell13279,Group8,Batch6
Cell13280,Group10,Batch6
Cell13281,Group1,Batch6
Cell13282,Group2,Batch6
Cell13283,Group10,Batch6
Cell13284,Group7,Batch6
Cell13285,Group5,Batch6
Cell13286,Group2,Batch6
Cell13287,Group8,Batch6
Cell13288,Group8,Batch6
Cell13289,Group8,Batch6
Cell13290,Group10,Batch6
Cell13291,Group10,Batch6
Cell13292,Group2,Batch6
Cell13293,Group10,Batch6
Cell13294,Group9,Batch6
Cell13295,Group10,Batch6
Cell13296,Group10,Batch6
Cell13297,Group6,Batch6
Cell13298,Group8,Batch6
Cell13299,Group4,Batch6
Cell13300,Group10,Batch6
Cell13301,Group10,Batch6
Cell13302,Group9,Batch6
Cell13303,Group2,Batch6
Cell13304,Group6,Batch6
Cell13305,Group10,Batch6
Cell13306,Group8,Batch6
Cell13307,Group9,Batch6
Cell13308,Group3,Batch6
Cell13309,Group8,Batch6
Cell13310,Group1,Batch6
Cell13311,Group2,Batch6
Cell13312,Group1,Batch6
Cell13313,Group7,Batch6
Cell13314,Group1,Batch6
Cell13315,Group1,Batch6
Cell13316,Group10,Batch6
Cell13317,Group1,Batch6
Cell13318,Group8,Batch6
Cell13319,Group6,Batch6
Cell13320,Group10,Batch6
Cell13321,Group6,Batch6
Cell13322,Group6,Batch6
Cell13323,Group7,Batch6
Cell13324,Group8,Batch6
Cell13325,Group10,Batch6
Cell13326,Group1,Batch6
Cell13327,Group2,Batch6
Cell13328,Group8,Batch6
Cell13329,Group7,Batch6
Cell13330,Group10,Batch6
Cell13331,Group2,Batch6
Cell13332,Group6,Batch6
Cell13333,Group6,Batch6
Cell13334,Group7,Batch6
Cell13335,Group3,Batch6
Cell13336,Group6,Batch6
Cell13337,Group8,Batch6
Cell13338,Group7,Batch6
Cell13339,Group9,Batch6
Cell13340,Group2,Batch6
Cell13341,Group1,Batch6
Cell13342,Group3,Batch6
Cell13343,Group8,Batch6
Cell13344,Group2,Batch6
Cell13345,Group2,Batch6
Cell13346,Group8,Batch6
Cell13347,Group8,Batch6
Cell13348,Group1,Batch6
Cell13349,Group6,Batch6
Cell13350,Group2,Batch6
Cell13351,Group1,Batch6
Cell13352,Group3,Batch6
Cell13353,Group8,Batch6
Cell13354,Group3,Batch6
Cell13355,Group8,Batch6
Cell13356,Group2,Batch6
Cell13357,Group1,Batch6
Cell13358,Group7,Batch6
Cell13359,Group10,Batch6
Cell13360,Group8,Batch6
Cell13361,Group2,Batch6
Cell13362,Group5,Batch6
Cell13363,Group7,Batch6
Cell13364,Group7,Batch6
Cell13365,Group8,Batch6
Cell13366,Group7,Batch6
Cell13367,Group7,Batch6
Cell13368,Group8,Batch6
Cell13369,Group10,Batch6
Cell13370,Group8,Batch6
Cell13371,Group3,Batch6
Cell13372,Group1,Batch6
Cell13373,Group6,Batch6
Cell13374,Group2,Batch6
Cell13375,Group8,Batch6
Cell13376,Group1,Batch6
Cell13377,Group4,Batch6
Cell13378,Group2,Batch6
Cell13379,Group6,Batch6
Cell13380,Group9,Batch6
Cell13381,Group1,Batch6
Cell13382,Group8,Batch6
Cell13383,Group8,Batch6
Cell13384,Group6,Batch6
Cell13385,Group4,Batch6
Cell13386,Group2,Batch6
Cell13387,Group10,Batch6
Cell13388,Group10,Batch6
Cell13389,Group3,Batch6
Cell13390,Group6,Batch6
Cell13391,Group7,Batch6
Cell13392,Group5,Batch6
Cell13393,Group5,Batch6
Cell13394,Group9,Batch6
Cell13395,Group3,Batch6
Cell13396,Group3,Batch6
Cell13397,Group6,Batch6
Cell13398,Group2,Batch6
Cell13399,Group2,Batch6
Cell13400,Group1,Batch6
Cell13401,Group5,Batch6
Cell13402,Group9,Batch6
Cell13403,Group5,Batch6
Cell13404,Group7,Batch6
Cell13405,Group2,Batch6
Cell13406,Group1,Batch6
Cell13407,Group7,Batch6
Cell13408,Group1,Batch6
Cell13409,Group7,Batch6
Cell13410,Group5,Batch6
Cell13411,Group5,Batch6
Cell13412,Group8,Batch6
Cell13413,Group10,Batch6
Cell13414,Group10,Batch6
Cell13415,Group6,Batch6
Cell13416,Group7,Batch6
Cell13417,Group8,Batch6
Cell13418,Group1,Batch6
Cell13419,Group2,Batch6
Cell13420,Group7,Batch6
Cell13421,Group1,Batch6
Cell13422,Group6,Batch6
Cell13423,Group7,Batch6
Cell13424,Group7,Batch6
Cell13425,Group9,Batch6
Cell13426,Group5,Batch6
Cell13427,Group6,Batch6
Cell13428,Group8,Batch6
Cell13429,Group6,Batch6
Cell13430,Group8,Batch6
Cell13431,Group1,Batch6
Cell13432,Group1,Batch6
Cell13433,Group4,Batch6
Cell13434,Group7,Batch6
Cell13435,Group8,Batch6
Cell13436,Group7,Batch6
Cell13437,Group7,Batch6
Cell13438,Group6,Batch6
Cell13439,Group8,Batch6
Cell13440,Group3,Batch6
Cell13441,Group6,Batch6
Cell13442,Group10,Batch6
Cell13443,Group1,Batch6
Cell13444,Group3,Batch6
Cell13445,Group10,Batch6
Cell13446,Group8,Batch6
Cell13447,Group2,Batch6
Cell13448,Group9,Batch6
Cell13449,Group2,Batch6
Cell13450,Group3,Batch6
Cell13451,Group10,Batch6
Cell13452,Group3,Batch6
Cell13453,Group8,Batch6
Cell13454,Group1,Batch6
Cell13455,Group9,Batch6
Cell13456,Group3,Batch6
Cell13457,Group1,Batch6
Cell13458,Group5,Batch6
Cell13459,Group7,Batch6
Cell13460,Group6,Batch6
Cell13461,Group2,Batch6
Cell13462,Group5,Batch6
Cell13463,Group9,Batch6
Cell13464,Group4,Batch6
Cell13465,Group3,Batch6
Cell13466,Group2,Batch6
Cell13467,Group7,Batch6
Cell13468,Group8,Batch6
Cell13469,Group1,Batch6
Cell13470,Group1,Batch6
Cell13471,Group9,Batch6
Cell13472,Group6,Batch6
Cell13473,Group4,Batch6
Cell13474,Group8,Batch6
Cell13475,Group7,Batch6
Cell13476,Group5,Batch6
Cell13477,Group7,Batch6
Cell13478,Group8,Batch6
Cell13479,Group6,Batch6
Cell13480,Group10,Batch6
Cell13481,Group1,Batch6
Cell13482,Group7,Batch6
Cell13483,Group8,Batch6
Cell13484,Group2,Batch6
Cell13485,Group7,Batch6
Cell13486,Group3,Batch6
Cell13487,Group3,Batch6
Cell13488,Group8,Batch6
Cell13489,Group1,Batch6
Cell13490,Group4,Batch6
Cell13491,Group7,Batch6
Cell13492,Group10,Batch6
Cell13493,Group5,Batch6
Cell13494,Group10,Batch6
Cell13495,Group1,Batch6
Cell13496,Group9,Batch6
Cell13497,Group5,Batch6
Cell13498,Group2,Batch6
Cell13499,Group7,Batch6
Cell13500,Group6,Batch6
Cell13501,Group3,Batch6
Cell13502,Group8,Batch6
Cell13503,Group3,Batch6
Cell13504,Group1,Batch6
Cell13505,Group2,Batch6
Cell13506,Group10,Batch6
Cell13507,Group4,Batch6
Cell13508,Group3,Batch6
Cell13509,Group5,Batch6
Cell13510,Group6,Batch6
Cell13511,Group5,Batch6
Cell13512,Group1,Batch6
Cell13513,Group8,Batch6
Cell13514,Group10,Batch6
Cell13515,Group8,Batch6
Cell13516,Group7,Batch6
Cell13517,Group10,Batch6
Cell13518,Group7,Batch6
Cell13519,Group5,Batch6
Cell13520,Group1,Batch6
Cell13521,Group3,Batch6
Cell13522,Group5,Batch6
Cell13523,Group2,Batch6
Cell13524,Group1,Batch6
Cell13525,Group7,Batch6
Cell13526,Group7,Batch6
Cell13527,Group9,Batch6
Cell13528,Group1,Batch6
Cell13529,Group9,Batch6
Cell13530,Group6,Batch6
Cell13531,Group2,Batch6
Cell13532,Group2,Batch6
Cell13533,Group9,Batch6
Cell13534,Group9,Batch6
Cell13535,Group7,Batch6
Cell13536,Group4,Batch6
Cell13537,Group8,Batch6
Cell13538,Group5,Batch6
Cell13539,Group4,Batch6
Cell13540,Group6,Batch6
Cell13541,Group2,Batch6
Cell13542,Group5,Batch6
Cell13543,Group7,Batch6
Cell13544,Group3,Batch6
Cell13545,Group1,Batch6
Cell13546,Group7,Batch6
Cell13547,Group3,Batch6
Cell13548,Group2,Batch6
Cell13549,Group4,Batch6
Cell13550,Group7,Batch6
Cell13551,Group8,Batch6
Cell13552,Group9,Batch6
Cell13553,Group9,Batch6
Cell13554,Group5,Batch6
Cell13555,Group7,Batch6
Cell13556,Group10,Batch6
Cell13557,Group10,Batch6
Cell13558,Group9,Batch6
Cell13559,Group1,Batch6
Cell13560,Group6,Batch6
Cell13561,Group10,Batch6
Cell13562,Group1,Batch6
Cell13563,Group6,Batch6
Cell13564,Group1,Batch6
Cell13565,Group8,Batch6
Cell13566,Group10,Batch6
Cell13567,Group9,Batch6
Cell13568,Group10,Batch6
Cell13569,Group6,Batch6
Cell13570,Group2,Batch6
Cell13571,Group7,Batch6
Cell13572,Group7,Batch6
Cell13573,Group8,Batch6
Cell13574,Group5,Batch6
Cell13575,Group8,Batch6
Cell13576,Group7,Batch6
Cell13577,Group1,Batch6
Cell13578,Group7,Batch6
Cell13579,Group7,Batch6
Cell13580,Group2,Batch6
Cell13581,Group3,Batch6
Cell13582,Group3,Batch6
Cell13583,Group7,Batch6
Cell13584,Group8,Batch6
Cell13585,Group2,Batch6
Cell13586,Group8,Batch6
Cell13587,Group1,Batch6
Cell13588,Group5,Batch6
Cell13589,Group7,Batch6
Cell13590,Group10,Batch6
Cell13591,Group7,Batch6
Cell13592,Group8,Batch6
Cell13593,Group5,Batch6
Cell13594,Group6,Batch6
Cell13595,Group10,Batch6
Cell13596,Group3,Batch6
Cell13597,Group7,Batch6
Cell13598,Group4,Batch6
Cell13599,Group2,Batch6
Cell13600,Group6,Batch6
Cell13601,Group1,Batch6
Cell13602,Group2,Batch6
Cell13603,Group4,Batch6
Cell13604,Group1,Batch6
Cell13605,Group10,Batch6
Cell13606,Group10,Batch6
Cell13607,Group8,Batch6
Cell13608,Group7,Batch6
Cell13609,Group2,Batch6
Cell13610,Group6,Batch6
Cell13611,Group7,Batch6
Cell13612,Group6,Batch6
Cell13613,Group2,Batch6
Cell13614,Group1,Batch6
Cell13615,Group1,Batch6
Cell13616,Group7,Batch6
Cell13617,Group4,Batch6
Cell13618,Group6,Batch6
Cell13619,Group3,Batch6
Cell13620,Group7,Batch6
Cell13621,Group10,Batch6
Cell13622,Group6,Batch6
Cell13623,Group7,Batch6
Cell13624,Group4,Batch6
Cell13625,Group7,Batch6
Cell13626,Group1,Batch6
Cell13627,Group1,Batch6
Cell13628,Group3,Batch6
Cell13629,Group6,Batch6
Cell13630,Group2,Batch6
Cell13631,Group4,Batch6
Cell13632,Group5,Batch6
Cell13633,Group5,Batch6
Cell13634,Group3,Batch6
Cell13635,Group4,Batch6
Cell13636,Group3,Batch6
Cell13637,Group4,Batch6
Cell13638,Group8,Batch6
Cell13639,Group3,Batch6
Cell13640,Group7,Batch6
Cell13641,Group3,Batch6
Cell13642,Group8,Batch6
Cell13643,Group5,Batch6
Cell13644,Group3,Batch6
Cell13645,Group5,Batch6
Cell13646,Group3,Batch6
Cell13647,Group1,Batch6
Cell13648,Group7,Batch6
Cell13649,Group4,Batch6
Cell13650,Group7,Batch6
Cell13651,Group8,Batch6
Cell13652,Group1,Batch6
Cell13653,Group1,Batch6
Cell13654,Group5,Batch6
Cell13655,Group3,Batch6
Cell13656,Group1,Batch6
Cell13657,Group1,Batch6
Cell13658,Group9,Batch6
Cell13659,Group7,Batch6
Cell13660,Group2,Batch6
Cell13661,Group8,Batch6
Cell13662,Group3,Batch6
Cell13663,Group2,Batch6
Cell13664,Group8,Batch6
Cell13665,Group3,Batch6
Cell13666,Group1,Batch6
Cell13667,Group9,Batch6
Cell13668,Group7,Batch6
Cell13669,Group6,Batch6
Cell13670,Group1,Batch6
Cell13671,Group7,Batch6
Cell13672,Group5,Batch6
Cell13673,Group8,Batch6
Cell13674,Group7,Batch6
Cell13675,Group9,Batch6
Cell13676,Group1,Batch6
Cell13677,Group4,Batch6
Cell13678,Group1,Batch6
Cell13679,Group3,Batch6
Cell13680,Group7,Batch6
Cell13681,Group10,Batch6
Cell13682,Group1,Batch6
Cell13683,Group9,Batch6
Cell13684,Group6,Batch6
Cell13685,Group1,Batch6
Cell13686,Group5,Batch6
Cell13687,Group5,Batch6
Cell13688,Group2,Batch6
Cell13689,Group8,Batch6
Cell13690,Group7,Batch6
Cell13691,Group3,Batch6
Cell13692,Group6,Batch6
Cell13693,Group7,Batch6
Cell13694,Group10,Batch6
Cell13695,Group5,Batch6
Cell13696,Group1,Batch6
Cell13697,Group1,Batch6
Cell13698,Group5,Batch6
Cell13699,Group5,Batch6
Cell13700,Group2,Batch6
Cell13701,Group1,Batch6
Cell13702,Group10,Batch6
Cell13703,Group6,Batch6
Cell13704,Group5,Batch6
Cell13705,Group9,Batch6
Cell13706,Group6,Batch6
Cell13707,Group3,Batch6
Cell13708,Group2,Batch6
Cell13709,Group5,Batch6
Cell13710,Group8,Batch6
Cell13711,Group6,Batch6
Cell13712,Group7,Batch6
Cell13713,Group7,Batch6
Cell13714,Group2,Batch6
Cell13715,Group5,Batch6
Cell13716,Group5,Batch6
Cell13717,Group9,Batch6
Cell13718,Group8,Batch6
Cell13719,Group6,Batch6
Cell13720,Group6,Batch6
Cell13721,Group10,Batch6
Cell13722,Group1,Batch6
Cell13723,Group1,Batch6
Cell13724,Group9,Batch6
Cell13725,Group7,Batch6
Cell13726,Group1,Batch6
Cell13727,Group7,Batch6
Cell13728,Group3,Batch6
Cell13729,Group7,Batch6
Cell13730,Group5,Batch6
Cell13731,Group2,Batch6
Cell13732,Group2,Batch6
Cell13733,Group8,Batch6
Cell13734,Group10,Batch6
Cell13735,Group2,Batch6
Cell13736,Group2,Batch6
Cell13737,Group7,Batch6
Cell13738,Group7,Batch6
Cell13739,Group2,Batch6
Cell13740,Group6,Batch6
Cell13741,Group8,Batch6
Cell13742,Group6,Batch6
Cell13743,Group7,Batch6
Cell13744,Group8,Batch6
Cell13745,Group7,Batch6
Cell13746,Group4,Batch6
Cell13747,Group1,Batch6
Cell13748,Group5,Batch6
Cell13749,Group1,Batch6
Cell13750,Group1,Batch6
Cell13751,Group10,Batch6
Cell13752,Group6,Batch6
Cell13753,Group7,Batch6
Cell13754,Group3,Batch6
Cell13755,Group8,Batch6
Cell13756,Group7,Batch6
Cell13757,Group1,Batch6
Cell13758,Group7,Batch6
Cell13759,Group10,Batch6
Cell13760,Group2,Batch6
Cell13761,Group5,Batch6
Cell13762,Group10,Batch6
Cell13763,Group7,Batch6
Cell13764,Group4,Batch6
Cell13765,Group1,Batch6
Cell13766,Group3,Batch6
Cell13767,Group7,Batch6
Cell13768,Group3,Batch6
Cell13769,Group7,Batch6
Cell13770,Group3,Batch6
Cell13771,Group8,Batch6
Cell13772,Group3,Batch6
Cell13773,Group7,Batch6
Cell13774,Group4,Batch6
Cell13775,Group8,Batch6
Cell13776,Group5,Batch6
Cell13777,Group5,Batch6
Cell13778,Group1,Batch6
Cell13779,Group2,Batch6
Cell13780,Group3,Batch6
Cell13781,Group6,Batch6
Cell13782,Group4,Batch6
Cell13783,Group6,Batch6
Cell13784,Group3,Batch6
Cell13785,Group10,Batch6
Cell13786,Group8,Batch6
Cell13787,Group9,Batch6
Cell13788,Group7,Batch6
Cell13789,Group7,Batch6
Cell13790,Group5,Batch6
Cell13791,Group5,Batch6
Cell13792,Group2,Batch6
Cell13793,Group5,Batch6
Cell13794,Group7,Batch6
Cell13795,Group9,Batch6
Cell13796,Group7,Batch6
Cell13797,Group6,Batch6
Cell13798,Group10,Batch6
Cell13799,Group7,Batch6
Cell13800,Group4,Batch6
Cell13801,Group2,Batch6
Cell13802,Group6,Batch6
Cell13803,Group1,Batch6
Cell13804,Group3,Batch6
Cell13805,Group10,Batch6
Cell13806,Group2,Batch6
Cell13807,Group2,Batch6
Cell13808,Group5,Batch6
Cell13809,Group2,Batch6
Cell13810,Group7,Batch6
Cell13811,Group3,Batch6
Cell13812,Group8,Batch6
Cell13813,Group3,Batch6
Cell13814,Group6,Batch6
Cell13815,Group3,Batch6
Cell13816,Group1,Batch6
Cell13817,Group7,Batch6
Cell13818,Group7,Batch6
Cell13819,Group3,Batch6
Cell13820,Group1,Batch6
Cell13821,Group4,Batch6
Cell13822,Group3,Batch6
Cell13823,Group8,Batch6
Cell13824,Group5,Batch6
Cell13825,Group10,Batch6
Cell13826,Group3,Batch6
Cell13827,Group1,Batch6
Cell13828,Group3,Batch6
Cell13829,Group3,Batch6
Cell13830,Group10,Batch6
Cell13831,Group9,Batch6
Cell13832,Group6,Batch6
Cell13833,Group7,Batch6
Cell13834,Group4,Batch6
Cell13835,Group1,Batch6
Cell13836,Group1,Batch6
Cell13837,Group1,Batch6
Cell13838,Group10,Batch6
Cell13839,Group6,Batch6
Cell13840,Group3,Batch6
Cell13841,Group9,Batch6
Cell13842,Group2,Batch6
Cell13843,Group10,Batch6
Cell13844,Group2,Batch6
Cell13845,Group9,Batch6
Cell13846,Group6,Batch6
Cell13847,Group5,Batch6
Cell13848,Group6,Batch6
Cell13849,Group2,Batch6
Cell13850,Group3,Batch6
Cell13851,Group7,Batch6
Cell13852,Group7,Batch6
Cell13853,Group10,Batch6
Cell13854,Group3,Batch6
Cell13855,Group6,Batch6
Cell13856,Group8,Batch6
Cell13857,Group1,Batch6
Cell13858,Group7,Batch6
Cell13859,Group1,Batch6
Cell13860,Group9,Batch6
Cell13861,Group3,Batch6
Cell13862,Group9,Batch6
Cell13863,Group5,Batch6
Cell13864,Group3,Batch6
Cell13865,Group7,Batch6
Cell13866,Group10,Batch6
Cell13867,Group8,Batch6
Cell13868,Group5,Batch6
Cell13869,Group3,Batch6
Cell13870,Group5,Batch6
Cell13871,Group3,Batch6
Cell13872,Group5,Batch6
Cell13873,Group7,Batch6
Cell13874,Group8,Batch6
Cell13875,Group5,Batch6
Cell13876,Group2,Batch6
Cell13877,Group10,Batch6
Cell13878,Group8,Batch6
Cell13879,Group5,Batch6
Cell13880,Group1,Batch6
Cell13881,Group2,Batch6
Cell13882,Group4,Batch6
Cell13883,Group1,Batch6
Cell13884,Group6,Batch6
Cell13885,Group3,Batch6
Cell13886,Group5,Batch6
Cell13887,Group10,Batch6
Cell13888,Group8,Batch6
Cell13889,Group6,Batch6
Cell13890,Group6,Batch6
Cell13891,Group2,Batch6
Cell13892,Group7,Batch6
Cell13893,Group10,Batch6
Cell13894,Group4,Batch6
Cell13895,Group6,Batch6
Cell13896,Group1,Batch6
Cell13897,Group6,Batch6
Cell13898,Group4,Batch6
Cell13899,Group5,Batch6
Cell13900,Group6,Batch6
Cell13901,Group10,Batch6
Cell13902,Group5,Batch6
Cell13903,Group5,Batch6
Cell13904,Group4,Batch6
Cell13905,Group6,Batch6
Cell13906,Group5,Batch6
Cell13907,Group1,Batch6
Cell13908,Group8,Batch6
Cell13909,Group3,Batch6
Cell13910,Group8,Batch6
Cell13911,Group7,Batch6
Cell13912,Group8,Batch6
Cell13913,Group5,Batch6
Cell13914,Group3,Batch6
Cell13915,Group10,Batch6
Cell13916,Group8,Batch6
Cell13917,Group10,Batch6
Cell13918,Group3,Batch6
Cell13919,Group5,Batch6
Cell13920,Group10,Batch6
Cell13921,Group9,Batch6
Cell13922,Group7,Batch6
Cell13923,Group10,Batch6
Cell13924,Group3,Batch6
Cell13925,Group10,Batch6
Cell13926,Group5,Batch6
Cell13927,Group10,Batch6
Cell13928,Group8,Batch6
Cell13929,Group10,Batch6
Cell13930,Group10,Batch6
Cell13931,Group1,Batch6
Cell13932,Group3,Batch6
Cell13933,Group1,Batch6
Cell13934,Group5,Batch6
Cell13935,Group8,Batch6
Cell13936,Group2,Batch6
Cell13937,Group10,Batch6
Cell13938,Group10,Batch6
Cell13939,Group5,Batch6
Cell13940,Group1,Batch6
Cell13941,Group7,Batch6
Cell13942,Group1,Batch6
Cell13943,Group7,Batch6
Cell13944,Group3,Batch6
Cell13945,Group2,Batch6
Cell13946,Group6,Batch6
Cell13947,Group8,Batch6
Cell13948,Group2,Batch6
Cell13949,Group1,Batch6
Cell13950,Group5,Batch6
Cell13951,Group3,Batch6
Cell13952,Group7,Batch6
Cell13953,Group10,Batch6
Cell13954,Group4,Batch6
Cell13955,Group10,Batch6
Cell13956,Group9,Batch6
Cell13957,Group10,Batch6
Cell13958,Group7,Batch6
Cell13959,Group2,Batch6
Cell13960,Group5,Batch6
Cell13961,Group8,Batch6
Cell13962,Group1,Batch6
Cell13963,Group7,Batch6
Cell13964,Group10,Batch6
Cell13965,Group1,Batch6
Cell13966,Group10,Batch6
Cell13967,Group7,Batch6
Cell13968,Group7,Batch6
Cell13969,Group2,Batch6
Cell13970,Group10,Batch6
Cell13971,Group5,Batch6
Cell13972,Group4,Batch6
Cell13973,Group7,Batch6
Cell13974,Group2,Batch6
Cell13975,Group8,Batch6
Cell13976,Group4,Batch6
Cell13977,Group5,Batch6
Cell13978,Group1,Batch6
Cell13979,Group7,Batch6
Cell13980,Group10,Batch6
Cell13981,Group5,Batch6
Cell13982,Group8,Batch6
Cell13983,Group7,Batch6
Cell13984,Group3,Batch6
Cell13985,Group7,Batch6
Cell13986,Group8,Batch6
Cell13987,Group3,Batch6
Cell13988,Group6,Batch6
Cell13989,Group4,Batch6
Cell13990,Group1,Batch6
Cell13991,Group5,Batch6
Cell13992,Group3,Batch6
Cell13993,Group5,Batch6
Cell13994,Group3,Batch6
Cell13995,Group5,Batch6
Cell13996,Group2,Batch6
Cell13997,Group7,Batch6
Cell13998,Group5,Batch6
Cell13999,Group2,Batch6
Cell14000,Group8,Batch6
Cell14001,Group4,Batch6
Cell14002,Group5,Batch6
Cell14003,Group5,Batch6
Cell14004,Group8,Batch6
Cell14005,Group4,Batch6
Cell14006,Group5,Batch6
Cell14007,Group10,Batch6
Cell14008,Group2,Batch6
Cell14009,Group2,Batch6
Cell14010,Group6,Batch6
Cell14011,Group8,Batch6
Cell14012,Group1,Batch6
Cell14013,Group7,Batch6
Cell14014,Group4,Batch6
Cell14015,Group6,Batch6
Cell14016,Group1,Batch6
Cell14017,Group6,Batch6
Cell14018,Group3,Batch6
Cell14019,Group5,Batch6
Cell14020,Group10,Batch6
Cell14021,Group6,Batch6
Cell14022,Group10,Batch6
Cell14023,Group7,Batch6
Cell14024,Group7,Batch6
Cell14025,Group1,Batch6
Cell14026,Group6,Batch6
Cell14027,Group3,Batch6
Cell14028,Group10,Batch6
Cell14029,Group5,Batch6
Cell14030,Group3,Batch6
Cell14031,Group9,Batch6
Cell14032,Group3,Batch6
Cell14033,Group5,Batch6
Cell14034,Group10,Batch6
Cell14035,Group3,Batch6
Cell14036,Group10,Batch6
Cell14037,Group9,Batch6
Cell14038,Group2,Batch6
Cell14039,Group10,Batch6
Cell14040,Group5,Batch6
Cell14041,Group8,Batch6
Cell14042,Group7,Batch6
Cell14043,Group2,Batch6
Cell14044,Group5,Batch6
Cell14045,Group1,Batch6
Cell14046,Group1,Batch6
Cell14047,Group2,Batch6
Cell14048,Group1,Batch6
Cell14049,Group5,Batch6
Cell14050,Group2,Batch6
Cell14051,Group7,Batch6
Cell14052,Group1,Batch6
Cell14053,Group6,Batch6
Cell14054,Group2,Batch6
Cell14055,Group10,Batch6
Cell14056,Group7,Batch6
Cell14057,Group2,Batch6
Cell14058,Group1,Batch6
Cell14059,Group9,Batch6
Cell14060,Group8,Batch6
Cell14061,Group10,Batch6
Cell14062,Group6,Batch6
Cell14063,Group3,Batch6
Cell14064,Group3,Batch6
Cell14065,Group10,Batch6
Cell14066,Group9,Batch6
Cell14067,Group4,Batch6
Cell14068,Group1,Batch6
Cell14069,Group10,Batch6
Cell14070,Group1,Batch6
Cell14071,Group7,Batch6
Cell14072,Group8,Batch6
Cell14073,Group10,Batch6
Cell14074,Group8,Batch6
Cell14075,Group3,Batch6
Cell14076,Group5,Batch6
Cell14077,Group7,Batch6
Cell14078,Group1,Batch6
Cell14079,Group1,Batch6
Cell14080,Group8,Batch6
Cell14081,Group3,Batch6
Cell14082,Group5,Batch6
Cell14083,Group8,Batch6
Cell14084,Group1,Batch6
Cell14085,Group7,Batch6
Cell14086,Group4,Batch6
Cell14087,Group2,Batch6
Cell14088,Group1,Batch6
Cell14089,Group7,Batch6
Cell14090,Group4,Batch6
Cell14091,Group8,Batch6
Cell14092,Group2,Batch6
Cell14093,Group7,Batch6
Cell14094,Group8,Batch6
Cell14095,Group10,Batch6
Cell14096,Group8,Batch6
Cell14097,Group2,Batch6
Cell14098,Group1,Batch6
Cell14099,Group5,Batch6
Cell14100,Group1,Batch6
Cell14101,Group3,Batch6
Cell14102,Group3,Batch6
Cell14103,Group10,Batch6
Cell14104,Group1,Batch6
Cell14105,Group2,Batch6
Cell14106,Group7,Batch6
Cell14107,Group1,Batch6
Cell14108,Group5,Batch6
Cell14109,Group2,Batch6
Cell14110,Group1,Batch6
Cell14111,Group1,Batch6
Cell14112,Group1,Batch6
Cell14113,Group7,Batch6
Cell14114,Group1,Batch6
Cell14115,Group7,Batch6
Cell14116,Group4,Batch6
Cell14117,Group1,Batch6
Cell14118,Group7,Batch6
Cell14119,Group8,Batch6
Cell14120,Group10,Batch6
Cell14121,Group10,Batch6
Cell14122,Group2,Batch6
Cell14123,Group7,Batch6
Cell14124,Group8,Batch6
Cell14125,Group3,Batch6
Cell14126,Group4,Batch6
Cell14127,Group10,Batch6
Cell14128,Group7,Batch6
Cell14129,Group1,Batch6
Cell14130,Group4,Batch6
Cell14131,Group10,Batch6
Cell14132,Group8,Batch6
Cell14133,Group8,Batch6
Cell14134,Group3,Batch6
Cell14135,Group8,Batch6
Cell14136,Group4,Batch6
Cell14137,Group6,Batch6
Cell14138,Group3,Batch6
Cell14139,Group2,Batch6
Cell14140,Group1,Batch6
Cell14141,Group8,Batch6
Cell14142,Group6,Batch6
Cell14143,Group3,Batch6
Cell14144,Group3,Batch6
Cell14145,Group9,Batch6
Cell14146,Group1,Batch6
Cell14147,Group7,Batch6
Cell14148,Group6,Batch6
Cell14149,Group1,Batch6
Cell14150,Group2,Batch6
Cell14151,Group8,Batch6
Cell14152,Group1,Batch6
Cell14153,Group7,Batch6
Cell14154,Group1,Batch6
Cell14155,Group1,Batch6
Cell14156,Group3,Batch6
Cell14157,Group8,Batch6
Cell14158,Group3,Batch6
Cell14159,Group2,Batch6
Cell14160,Group6,Batch6
Cell14161,Group6,Batch6
Cell14162,Group1,Batch6
Cell14163,Group10,Batch6
Cell14164,Group3,Batch6
Cell14165,Group5,Batch6
Cell14166,Group5,Batch6
Cell14167,Group5,Batch6
Cell14168,Group10,Batch6
Cell14169,Group7,Batch6
Cell14170,Group6,Batch6
Cell14171,Group6,Batch6
Cell14172,Group7,Batch6
Cell14173,Group8,Batch6
Cell14174,Group8,Batch6
Cell14175,Group9,Batch6
Cell14176,Group8,Batch6
Cell14177,Group2,Batch6
Cell14178,Group9,Batch6
Cell14179,Group6,Batch6
Cell14180,Group5,Batch6
Cell14181,Group5,Batch6
Cell14182,Group2,Batch6
Cell14183,Group1,Batch6
Cell14184,Group2,Batch6
Cell14185,Group9,Batch6
Cell14186,Group2,Batch6
Cell14187,Group9,Batch6
Cell14188,Group7,Batch6
Cell14189,Group6,Batch6
Cell14190,Group4,Batch6
Cell14191,Group7,Batch6
Cell14192,Group5,Batch6
Cell14193,Group10,Batch6
Cell14194,Group4,Batch6
Cell14195,Group9,Batch6
Cell14196,Group4,Batch6
Cell14197,Group7,Batch6
Cell14198,Group7,Batch6
Cell14199,Group10,Batch6
Cell14200,Group7,Batch6
Cell14201,Group10,Batch6
Cell14202,Group8,Batch6
Cell14203,Group1,Batch6
Cell14204,Group3,Batch6
Cell14205,Group1,Batch6
Cell14206,Group1,Batch6
Cell14207,Group1,Batch6
Cell14208,Group10,Batch6
Cell14209,Group3,Batch6
Cell14210,Group7,Batch6
Cell14211,Group1,Batch6
Cell14212,Group1,Batch6
Cell14213,Group7,Batch6
Cell14214,Group3,Batch6
Cell14215,Group8,Batch6
Cell14216,Group2,Batch6
Cell14217,Group10,Batch6
Cell14218,Group10,Batch6
Cell14219,Group2,Batch6
Cell14220,Group5,Batch6
Cell14221,Group1,Batch6
Cell14222,Group2,Batch6
Cell14223,Group7,Batch6
Cell14224,Group10,Batch6
Cell14225,Group8,Batch6
Cell14226,Group3,Batch6
Cell14227,Group5,Batch6
Cell14228,Group2,Batch6
Cell14229,Group2,Batch6
Cell14230,Group10,Batch6
Cell14231,Group3,Batch6
Cell14232,Group8,Batch6
Cell14233,Group10,Batch6
Cell14234,Group5,Batch6
Cell14235,Group1,Batch6
Cell14236,Group3,Batch6
Cell14237,Group6,Batch6
Cell14238,Group3,Batch6
Cell14239,Group8,Batch6
Cell14240,Group3,Batch6
Cell14241,Group2,Batch6
Cell14242,Group2,Batch6
Cell14243,Group7,Batch6
Cell14244,Group1,Batch6
Cell14245,Group2,Batch6
Cell14246,Group3,Batch6
Cell14247,Group6,Batch6
Cell14248,Group9,Batch6
Cell14249,Group7,Batch6
Cell14250,Group9,Batch6
Cell14251,Group2,Batch6
Cell14252,Group1,Batch6
Cell14253,Group10,Batch6
Cell14254,Group1,Batch6
Cell14255,Group7,Batch6
Cell14256,Group3,Batch6
Cell14257,Group7,Batch6
Cell14258,Group5,Batch6
Cell14259,Group6,Batch6
Cell14260,Group2,Batch6
Cell14261,Group10,Batch6
Cell14262,Group2,Batch6
Cell14263,Group5,Batch6
Cell14264,Group3,Batch6
Cell14265,Group8,Batch6
Cell14266,Group2,Batch6
Cell14267,Group8,Batch6
Cell14268,Group6,Batch6
Cell14269,Group3,Batch6
Cell14270,Group4,Batch6
Cell14271,Group7,Batch6
Cell14272,Group4,Batch6
Cell14273,Group6,Batch6
Cell14274,Group3,Batch6
Cell14275,Group4,Batch6
Cell14276,Group2,Batch6
Cell14277,Group10,Batch6
Cell14278,Group5,Batch6
Cell14279,Group6,Batch6
Cell14280,Group1,Batch6
Cell14281,Group9,Batch6
Cell14282,Group6,Batch6
Cell14283,Group7,Batch6
Cell14284,Group4,Batch6
Cell14285,Group7,Batch6
Cell14286,Group1,Batch6
Cell14287,Group1,Batch6
Cell14288,Group5,Batch6
Cell14289,Group6,Batch6
Cell14290,Group1,Batch6
Cell14291,Group7,Batch6
Cell14292,Group9,Batch6
Cell14293,Group5,Batch6
Cell14294,Group7,Batch6
Cell14295,Group9,Batch6
Cell14296,Group7,Batch6
Cell14297,Group5,Batch6
Cell14298,Group8,Batch6
Cell14299,Group3,Batch6
Cell14300,Group7,Batch6
Cell14301,Group8,Batch6
Cell14302,Group10,Batch6
Cell14303,Group3,Batch6
Cell14304,Group2,Batch6
Cell14305,Group7,Batch6
Cell14306,Group5,Batch6
Cell14307,Group2,Batch6
Cell14308,Group8,Batch6
Cell14309,Group7,Batch6
Cell14310,Group3,Batch6
Cell14311,Group6,Batch6
Cell14312,Group6,Batch6
Cell14313,Group6,Batch6
Cell14314,Group4,Batch6
Cell14315,Group10,Batch6
Cell14316,Group1,Batch6
Cell14317,Group7,Batch6
Cell14318,Group6,Batch6
Cell14319,Group1,Batch6
Cell14320,Group2,Batch6
Cell14321,Group6,Batch6
Cell14322,Group5,Batch6
Cell14323,Group6,Batch6
Cell14324,Group7,Batch6
Cell14325,Group3,Batch6
Cell14326,Group5,Batch6
Cell14327,Group3,Batch6
Cell14328,Group8,Batch6
Cell14329,Group10,Batch6
Cell14330,Group10,Batch6
Cell14331,Group10,Batch6
Cell14332,Group1,Batch6
Cell14333,Group3,Batch6
Cell14334,Group2,Batch6
Cell14335,Group7,Batch6
Cell14336,Group5,Batch6
Cell14337,Group2,Batch6
Cell14338,Group1,Batch6
Cell14339,Group8,Batch6
Cell14340,Group2,Batch6
Cell14341,Group5,Batch6
Cell14342,Group1,Batch6
Cell14343,Group7,Batch6
Cell14344,Group5,Batch6
Cell14345,Group1,Batch6
Cell14346,Group8,Batch6
Cell14347,Group5,Batch6
Cell14348,Group7,Batch6
Cell14349,Group1,Batch6
Cell14350,Group4,Batch6
Cell14351,Group6,Batch6
Cell14352,Group2,Batch6
Cell14353,Group1,Batch6
Cell14354,Group8,Batch6
Cell14355,Group9,Batch6
Cell14356,Group6,Batch6
Cell14357,Group9,Batch6
Cell14358,Group9,Batch6
Cell14359,Group1,Batch6
Cell14360,Group5,Batch6
Cell14361,Group10,Batch6
Cell14362,Group2,Batch6
Cell14363,Group8,Batch6
Cell14364,Group2,Batch6
Cell14365,Group7,Batch6
Cell14366,Group7,Batch6
Cell14367,Group1,Batch6
Cell14368,Group1,Batch6
Cell14369,Group4,Batch6
Cell14370,Group6,Batch6
Cell14371,Group7,Batch6
Cell14372,Group10,Batch6
Cell14373,Group1,Batch6
Cell14374,Group10,Batch6
Cell14375,Group1,Batch6
Cell14376,Group1,Batch6
Cell14377,Group10,Batch6
Cell14378,Group7,Batch6
Cell14379,Group2,Batch6
Cell14380,Group4,Batch6
Cell14381,Group2,Batch6
Cell14382,Group1,Batch6
Cell14383,Group8,Batch6
Cell14384,Group7,Batch6
Cell14385,Group6,Batch6
Cell14386,Group7,Batch6
Cell14387,Group1,Batch6
Cell14388,Group1,Batch6
Cell14389,Group6,Batch6
Cell14390,Group8,Batch6
Cell14391,Group4,Batch6
Cell14392,Group6,Batch6
Cell14393,Group7,Batch6
Cell14394,Group6,Batch6
Cell14395,Group9,Batch6
Cell14396,Group7,Batch6
Cell14397,Group3,Batch6
Cell14398,Group4,Batch6
Cell14399,Group4,Batch6
Cell14400,Group5,Batch6
Cell14401,Group5,Batch6
Cell14402,Group10,Batch6
Cell14403,Group2,Batch6
Cell14404,Group2,Batch6
Cell14405,Group6,Batch6
Cell14406,Group10,Batch6
Cell14407,Group1,Batch6
Cell14408,Group2,Batch6
Cell14409,Group9,Batch6
Cell14410,Group1,Batch6
Cell14411,Group2,Batch6
Cell14412,Group6,Batch6
Cell14413,Group2,Batch6
Cell14414,Group10,Batch6
Cell14415,Group7,Batch6
Cell14416,Group7,Batch6
Cell14417,Group6,Batch6
Cell14418,Group3,Batch6
Cell14419,Group5,Batch6
Cell14420,Group7,Batch6
Cell14421,Group8,Batch6
Cell14422,Group5,Batch6
Cell14423,Group1,Batch6
Cell14424,Group10,Batch6
Cell14425,Group2,Batch6
Cell14426,Group2,Batch6
Cell14427,Group6,Batch6
Cell14428,Group10,Batch6
Cell14429,Group7,Batch6
Cell14430,Group6,Batch6
Cell14431,Group6,Batch6
Cell14432,Group6,Batch6
Cell14433,Group4,Batch6
Cell14434,Group6,Batch6
Cell14435,Group10,Batch6
Cell14436,Group9,Batch6
Cell14437,Group6,Batch6
Cell14438,Group1,Batch6
Cell14439,Group1,Batch6
Cell14440,Group4,Batch6
Cell14441,Group8,Batch6
Cell14442,Group5,Batch6
Cell14443,Group7,Batch6
Cell14444,Group5,Batch6
Cell14445,Group5,Batch6
Cell14446,Group5,Batch6
Cell14447,Group3,Batch6
Cell14448,Group9,Batch6
Cell14449,Group1,Batch6
Cell14450,Group7,Batch6
Cell14451,Group7,Batch6
Cell14452,Group4,Batch6
Cell14453,Group10,Batch6
Cell14454,Group7,Batch6
Cell14455,Group7,Batch6
Cell14456,Group7,Batch6
Cell14457,Group8,Batch6
Cell14458,Group3,Batch6
Cell14459,Group1,Batch6
Cell14460,Group8,Batch6
Cell14461,Group3,Batch6
Cell14462,Group3,Batch6
Cell14463,Group6,Batch6
Cell14464,Group1,Batch6
Cell14465,Group7,Batch6
Cell14466,Group7,Batch6
Cell14467,Group10,Batch6
Cell14468,Group6,Batch6
Cell14469,Group10,Batch6
Cell14470,Group6,Batch6
Cell14471,Group8,Batch6
Cell14472,Group7,Batch6
Cell14473,Group6,Batch6
Cell14474,Group5,Batch6
Cell14475,Group5,Batch6
Cell14476,Group5,Batch6
Cell14477,Group8,Batch6
Cell14478,Group2,Batch6
Cell14479,Group2,Batch6
Cell14480,Group8,Batch6
Cell14481,Group6,Batch6
Cell14482,Group2,Batch6
Cell14483,Group1,Batch6
Cell14484,Group9,Batch6
Cell14485,Group4,Batch6
Cell14486,Group4,Batch6
Cell14487,Group7,Batch6
Cell14488,Group8,Batch6
Cell14489,Group6,Batch6
Cell14490,Group2,Batch6
Cell14491,Group1,Batch6
Cell14492,Group1,Batch6
Cell14493,Group1,Batch6
Cell14494,Group2,Batch6
Cell14495,Group6,Batch6
Cell14496,Group4,Batch6
Cell14497,Group3,Batch6
Cell14498,Group1,Batch6
Cell14499,Group6,Batch6
Cell14500,Group3,Batch6
Cell14501,Group1,Batch7
Cell14502,Group10,Batch7
Cell14503,Group10,Batch7
Cell14504,Group8,Batch7
Cell14505,Group7,Batch7
Cell14506,Group9,Batch7
Cell14507,Group7,Batch7
Cell14508,Group5,Batch7
Cell14509,Group7,Batch7
Cell14510,Group1,Batch7
Cell14511,Group7,Batch7
Cell14512,Group6,Batch7
Cell14513,Group9,Batch7
Cell14514,Group2,Batch7
Cell14515,Group2,Batch7
Cell14516,Group8,Batch7
Cell14517,Group3,Batch7
Cell14518,Group6,Batch7
Cell14519,Group1,Batch7
Cell14520,Group7,Batch7
Cell14521,Group1,Batch7
Cell14522,Group2,Batch7
Cell14523,Group8,Batch7
Cell14524,Group7,Batch7
Cell14525,Group7,Batch7
Cell14526,Group7,Batch7
Cell14527,Group2,Batch7
Cell14528,Group9,Batch7
Cell14529,Group7,Batch7
Cell14530,Group8,Batch7
Cell14531,Group5,Batch7
Cell14532,Group2,Batch7
Cell14533,Group6,Batch7
Cell14534,Group10,Batch7
Cell14535,Group7,Batch7
Cell14536,Group6,Batch7
Cell14537,Group2,Batch7
Cell14538,Group2,Batch7
Cell14539,Group1,Batch7
Cell14540,Group3,Batch7
Cell14541,Group10,Batch7
Cell14542,Group7,Batch7
Cell14543,Group1,Batch7
Cell14544,Group2,Batch7
Cell14545,Group10,Batch7
Cell14546,Group1,Batch7
Cell14547,Group7,Batch7
Cell14548,Group5,Batch7
Cell14549,Group10,Batch7
Cell14550,Group5,Batch7
Cell14551,Group10,Batch7
Cell14552,Group1,Batch7
Cell14553,Group9,Batch7
Cell14554,Group1,Batch7
Cell14555,Group6,Batch7
Cell14556,Group5,Batch7
Cell14557,Group7,Batch7
Cell14558,Group10,Batch7
Cell14559,Group5,Batch7
Cell14560,Group1,Batch7
Cell14561,Group6,Batch7
Cell14562,Group6,Batch7
Cell14563,Group8,Batch7
Cell14564,Group3,Batch7
Cell14565,Group6,Batch7
Cell14566,Group3,Batch7
Cell14567,Group1,Batch7
Cell14568,Group7,Batch7
Cell14569,Group10,Batch7
Cell14570,Group5,Batch7
Cell14571,Group1,Batch7
Cell14572,Group9,Batch7
Cell14573,Group7,Batch7
Cell14574,Group1,Batch7
Cell14575,Group3,Batch7
Cell14576,Group3,Batch7
Cell14577,Group2,Batch7
Cell14578,Group7,Batch7
Cell14579,Group6,Batch7
Cell14580,Group3,Batch7
Cell14581,Group8,Batch7
Cell14582,Group6,Batch7
Cell14583,Group6,Batch7
Cell14584,Group3,Batch7
Cell14585,Group7,Batch7
Cell14586,Group6,Batch7
Cell14587,Group10,Batch7
Cell14588,Group5,Batch7
Cell14589,Group9,Batch7
Cell14590,Group2,Batch7
Cell14591,Group1,Batch7
Cell14592,Group3,Batch7
Cell14593,Group1,Batch7
Cell14594,Group3,Batch7
Cell14595,Group3,Batch7
Cell14596,Group9,Batch7
Cell14597,Group2,Batch7
Cell14598,Group1,Batch7
Cell14599,Group2,Batch7
Cell14600,Group8,Batch7
Cell14601,Group2,Batch7
Cell14602,Group3,Batch7
Cell14603,Group2,Batch7
Cell14604,Group5,Batch7
Cell14605,Group3,Batch7
Cell14606,Group6,Batch7
Cell14607,Group10,Batch7
Cell14608,Group7,Batch7
Cell14609,Group8,Batch7
Cell14610,Group9,Batch7
Cell14611,Group9,Batch7
Cell14612,Group1,Batch7
Cell14613,Group3,Batch7
Cell14614,Group2,Batch7
Cell14615,Group10,Batch7
Cell14616,Group1,Batch7
Cell14617,Group9,Batch7
Cell14618,Group7,Batch7
Cell14619,Group8,Batch7
Cell14620,Group10,Batch7
Cell14621,Group10,Batch7
Cell14622,Group3,Batch7
Cell14623,Group2,Batch7
Cell14624,Group6,Batch7
Cell14625,Group2,Batch7
Cell14626,Group7,Batch7
Cell14627,Group5,Batch7
Cell14628,Group7,Batch7
Cell14629,Group10,Batch7
Cell14630,Group7,Batch7
Cell14631,Group1,Batch7
Cell14632,Group3,Batch7
Cell14633,Group5,Batch7
Cell14634,Group1,Batch7
Cell14635,Group9,Batch7
Cell14636,Group8,Batch7
Cell14637,Group3,Batch7
Cell14638,Group8,Batch7
Cell14639,Group7,Batch7
Cell14640,Group2,Batch7
Cell14641,Group6,Batch7
Cell14642,Group1,Batch7
Cell14643,Group7,Batch7
Cell14644,Group7,Batch7
Cell14645,Group1,Batch7
Cell14646,Group4,Batch7
Cell14647,Group6,Batch7
Cell14648,Group9,Batch7
Cell14649,Group2,Batch7
Cell14650,Group2,Batch7
Cell14651,Group8,Batch7
Cell14652,Group8,Batch7
Cell14653,Group3,Batch7
Cell14654,Group8,Batch7
Cell14655,Group5,Batch7
Cell14656,Group5,Batch7
Cell14657,Group1,Batch7
Cell14658,Group10,Batch7
Cell14659,Group4,Batch7
Cell14660,Group6,Batch7
Cell14661,Group10,Batch7
Cell14662,Group10,Batch7
Cell14663,Group8,Batch7
Cell14664,Group10,Batch7
Cell14665,Group3,Batch7
Cell14666,Group7,Batch7
Cell14667,Group10,Batch7
Cell14668,Group7,Batch7
Cell14669,Group4,Batch7
Cell14670,Group7,Batch7
Cell14671,Group7,Batch7
Cell14672,Group3,Batch7
Cell14673,Group10,Batch7
Cell14674,Group2,Batch7
Cell14675,Group3,Batch7
Cell14676,Group7,Batch7
Cell14677,Group1,Batch7
Cell14678,Group3,Batch7
Cell14679,Group1,Batch7
Cell14680,Group1,Batch7
Cell14681,Group10,Batch7
Cell14682,Group1,Batch7
Cell14683,Group1,Batch7
Cell14684,Group2,Batch7
Cell14685,Group6,Batch7
Cell14686,Group8,Batch7
Cell14687,Group1,Batch7
Cell14688,Group5,Batch7
Cell14689,Group5,Batch7
Cell14690,Group7,Batch7
Cell14691,Group9,Batch7
Cell14692,Group9,Batch7
Cell14693,Group5,Batch7
Cell14694,Group8,Batch7
Cell14695,Group10,Batch7
Cell14696,Group10,Batch7
Cell14697,Group10,Batch7
Cell14698,Group6,Batch7
Cell14699,Group5,Batch7
Cell14700,Group7,Batch7
Cell14701,Group1,Batch7
Cell14702,Group9,Batch7
Cell14703,Group7,Batch7
Cell14704,Group7,Batch7
Cell14705,Group9,Batch7
Cell14706,Group6,Batch7
Cell14707,Group7,Batch7
Cell14708,Group1,Batch7
Cell14709,Group10,Batch7
Cell14710,Group1,Batch7
Cell14711,Group7,Batch7
Cell14712,Group1,Batch7
Cell14713,Group5,Batch7
Cell14714,Group7,Batch7
Cell14715,Group4,Batch7
Cell14716,Group7,Batch7
Cell14717,Group6,Batch7
Cell14718,Group7,Batch7
Cell14719,Group6,Batch7
Cell14720,Group7,Batch7
Cell14721,Group1,Batch7
Cell14722,Group6,Batch7
Cell14723,Group1,Batch7
Cell14724,Group2,Batch7
Cell14725,Group7,Batch7
Cell14726,Group7,Batch7
Cell14727,Group4,Batch7
Cell14728,Group2,Batch7
Cell14729,Group10,Batch7
Cell14730,Group2,Batch7
Cell14731,Group1,Batch7
Cell14732,Group1,Batch7
Cell14733,Group5,Batch7
Cell14734,Group1,Batch7
Cell14735,Group1,Batch7
Cell14736,Group7,Batch7
Cell14737,Group3,Batch7
Cell14738,Group2,Batch7
Cell14739,Group10,Batch7
Cell14740,Group7,Batch7
Cell14741,Group7,Batch7
Cell14742,Group4,Batch7
Cell14743,Group10,Batch7
Cell14744,Group7,Batch7
Cell14745,Group5,Batch7
Cell14746,Group1,Batch7
Cell14747,Group8,Batch7
Cell14748,Group6,Batch7
Cell14749,Group6,Batch7
Cell14750,Group6,Batch7
Cell14751,Group2,Batch7
Cell14752,Group9,Batch7
Cell14753,Group1,Batch7
Cell14754,Group1,Batch7
Cell14755,Group3,Batch7
Cell14756,Group1,Batch7
Cell14757,Group3,Batch7
Cell14758,Group7,Batch7
Cell14759,Group5,Batch7
Cell14760,Group2,Batch7
Cell14761,Group10,Batch7
Cell14762,Group2,Batch7
Cell14763,Group8,Batch7
Cell14764,Group9,Batch7
Cell14765,Group1,Batch7
Cell14766,Group8,Batch7
Cell14767,Group7,Batch7
Cell14768,Group5,Batch7
Cell14769,Group4,Batch7
Cell14770,Group3,Batch7
Cell14771,Group10,Batch7
Cell14772,Group2,Batch7
Cell14773,Group7,Batch7
Cell14774,Group2,Batch7
Cell14775,Group5,Batch7
Cell14776,Group1,Batch7
Cell14777,Group4,Batch7
Cell14778,Group8,Batch7
Cell14779,Group2,Batch7
Cell14780,Group3,Batch7
Cell14781,Group3,Batch7
Cell14782,Group10,Batch7
Cell14783,Group1,Batch7
Cell14784,Group3,Batch7
Cell14785,Group5,Batch7
Cell14786,Group3,Batch7
Cell14787,Group6,Batch7
Cell14788,Group3,Batch7
Cell14789,Group6,Batch7
Cell14790,Group1,Batch7
Cell14791,Group1,Batch7
Cell14792,Group7,Batch7
Cell14793,Group7,Batch7
Cell14794,Group1,Batch7
Cell14795,Group2,Batch7
Cell14796,Group6,Batch7
Cell14797,Group4,Batch7
Cell14798,Group8,Batch7
Cell14799,Group10,Batch7
Cell14800,Group7,Batch7
Cell14801,Group2,Batch7
Cell14802,Group6,Batch7
Cell14803,Group1,Batch7
Cell14804,Group2,Batch7
Cell14805,Group2,Batch7
Cell14806,Group7,Batch7
Cell14807,Group8,Batch7
Cell14808,Group1,Batch7
Cell14809,Group5,Batch7
Cell14810,Group1,Batch7
Cell14811,Group9,Batch7
Cell14812,Group7,Batch7
Cell14813,Group9,Batch7
Cell14814,Group7,Batch7
Cell14815,Group7,Batch7
Cell14816,Group5,Batch7
Cell14817,Group1,Batch7
Cell14818,Group8,Batch7
Cell14819,Group10,Batch7
Cell14820,Group5,Batch7
Cell14821,Group7,Batch7
Cell14822,Group5,Batch7
Cell14823,Group1,Batch7
Cell14824,Group10,Batch7
Cell14825,Group10,Batch7
Cell14826,Group8,Batch7
Cell14827,Group2,Batch7
Cell14828,Group9,Batch7
Cell14829,Group5,Batch7
Cell14830,Group5,Batch7
Cell14831,Group10,Batch7
Cell14832,Group7,Batch7
Cell14833,Group1,Batch7
Cell14834,Group2,Batch7
Cell14835,Group7,Batch7
Cell14836,Group3,Batch7
Cell14837,Group3,Batch7
Cell14838,Group5,Batch7
Cell14839,Group10,Batch7
Cell14840,Group3,Batch7
Cell14841,Group5,Batch7
Cell14842,Group3,Batch7
Cell14843,Group8,Batch7
Cell14844,Group1,Batch7
Cell14845,Group6,Batch7
Cell14846,Group3,Batch7
Cell14847,Group2,Batch7
Cell14848,Group10,Batch7
Cell14849,Group1,Batch7
Cell14850,Group8,Batch7
Cell14851,Group6,Batch7
Cell14852,Group5,Batch7
Cell14853,Group10,Batch7
Cell14854,Group6,Batch7
Cell14855,Group7,Batch7
Cell14856,Group9,Batch7
Cell14857,Group7,Batch7
Cell14858,Group2,Batch7
Cell14859,Group3,Batch7
Cell14860,Group6,Batch7
Cell14861,Group1,Batch7
Cell14862,Group10,Batch7
Cell14863,Group2,Batch7
Cell14864,Group7,Batch7
Cell14865,Group10,Batch7
Cell14866,Group3,Batch7
Cell14867,Group5,Batch7
Cell14868,Group4,Batch7
Cell14869,Group6,Batch7
Cell14870,Group6,Batch7
Cell14871,Group7,Batch7
Cell14872,Group7,Batch7
Cell14873,Group8,Batch7
Cell14874,Group2,Batch7
Cell14875,Group1,Batch7
Cell14876,Group9,Batch7
Cell14877,Group5,Batch7
Cell14878,Group5,Batch7
Cell14879,Group8,Batch7
Cell14880,Group3,Batch7
Cell14881,Group7,Batch7
Cell14882,Group9,Batch7
Cell14883,Group7,Batch7
Cell14884,Group1,Batch7
Cell14885,Group8,Batch7
Cell14886,Group6,Batch7
Cell14887,Group7,Batch7
Cell14888,Group3,Batch7
Cell14889,Group7,Batch7
Cell14890,Group8,Batch7
Cell14891,Group5,Batch7
Cell14892,Group3,Batch7
Cell14893,Group7,Batch7
Cell14894,Group6,Batch7
Cell14895,Group8,Batch7
Cell14896,Group10,Batch7
Cell14897,Group2,Batch7
Cell14898,Group8,Batch7
Cell14899,Group7,Batch7
Cell14900,Group3,Batch7
Cell14901,Group6,Batch7
Cell14902,Group3,Batch7
Cell14903,Group7,Batch7
Cell14904,Group7,Batch7
Cell14905,Group1,Batch7
Cell14906,Group7,Batch7
Cell14907,Group1,Batch7
Cell14908,Group6,Batch7
Cell14909,Group8,Batch7
Cell14910,Group9,Batch7
Cell14911,Group5,Batch7
Cell14912,Group10,Batch7
Cell14913,Group1,Batch7
Cell14914,Group3,Batch7
Cell14915,Group7,Batch7
Cell14916,Group8,Batch7
Cell14917,Group7,Batch7
Cell14918,Group5,Batch7
Cell14919,Group5,Batch7
Cell14920,Group5,Batch7
Cell14921,Group2,Batch7
Cell14922,Group6,Batch7
Cell14923,Group7,Batch7
Cell14924,Group4,Batch7
Cell14925,Group4,Batch7
Cell14926,Group7,Batch7
Cell14927,Group1,Batch7
Cell14928,Group5,Batch7
Cell14929,Group1,Batch7
Cell14930,Group1,Batch7
Cell14931,Group1,Batch7
Cell14932,Group6,Batch7
Cell14933,Group1,Batch7
Cell14934,Group3,Batch7
Cell14935,Group10,Batch7
Cell14936,Group3,Batch7
Cell14937,Group4,Batch7
Cell14938,Group2,Batch7
Cell14939,Group1,Batch7
Cell14940,Group8,Batch7
Cell14941,Group9,Batch7
Cell14942,Group10,Batch7
Cell14943,Group7,Batch7
Cell14944,Group7,Batch7
Cell14945,Group6,Batch7
Cell14946,Group5,Batch7
Cell14947,Group7,Batch7
Cell14948,Group1,Batch7
Cell14949,Group5,Batch7
Cell14950,Group2,Batch7
Cell14951,Group8,Batch7
Cell14952,Group6,Batch7
Cell14953,Group10,Batch7
Cell14954,Group3,Batch7
Cell14955,Group3,Batch7
Cell14956,Group5,Batch7
Cell14957,Group5,Batch7
Cell14958,Group8,Batch7
Cell14959,Group8,Batch7
Cell14960,Group2,Batch7
Cell14961,Group10,Batch7
Cell14962,Group3,Batch7
Cell14963,Group1,Batch7
Cell14964,Group3,Batch7
Cell14965,Group4,Batch7
Cell14966,Group7,Batch7
Cell14967,Group1,Batch7
Cell14968,Group1,Batch7
Cell14969,Group1,Batch7
Cell14970,Group2,Batch7
Cell14971,Group10,Batch7
Cell14972,Group5,Batch7
Cell14973,Group10,Batch7
Cell14974,Group7,Batch7
Cell14975,Group3,Batch7
Cell14976,Group1,Batch7
Cell14977,Group1,Batch7
Cell14978,Group9,Batch7
Cell14979,Group2,Batch7
Cell14980,Group6,Batch7
Cell14981,Group6,Batch7
Cell14982,Group10,Batch7
Cell14983,Group1,Batch7
Cell14984,Group2,Batch7
Cell14985,Group1,Batch7
Cell14986,Group1,Batch7
Cell14987,Group6,Batch7
Cell14988,Group8,Batch7
Cell14989,Group7,Batch7
Cell14990,Group2,Batch7
Cell14991,Group1,Batch7
Cell14992,Group2,Batch7
Cell14993,Group5,Batch7
Cell14994,Group10,Batch7
Cell14995,Group7,Batch7
Cell14996,Group5,Batch7
Cell14997,Group9,Batch7
Cell14998,Group5,Batch7
Cell14999,Group10,Batch7
Cell15000,Group5,Batch7
Cell15001,Group1,Batch7
Cell15002,Group6,Batch7
Cell15003,Group1,Batch7
Cell15004,Group7,Batch7
Cell15005,Group1,Batch7
Cell15006,Group8,Batch7
Cell15007,Group10,Batch7
Cell15008,Group3,Batch7
Cell15009,Group7,Batch7
Cell15010,Group8,Batch7
Cell15011,Group9,Batch7
Cell15012,Group3,Batch7
Cell15013,Group10,Batch7
Cell15014,Group1,Batch7
Cell15015,Group8,Batch7
Cell15016,Group7,Batch7
Cell15017,Group1,Batch7
Cell15018,Group2,Batch7
Cell15019,Group8,Batch7
Cell15020,Group7,Batch7
Cell15021,Group6,Batch7
Cell15022,Group4,Batch7
Cell15023,Group4,Batch7
Cell15024,Group3,Batch7
Cell15025,Group6,Batch7
Cell15026,Group7,Batch7
Cell15027,Group1,Batch7
Cell15028,Group3,Batch7
Cell15029,Group10,Batch7
Cell15030,Group9,Batch7
Cell15031,Group10,Batch7
Cell15032,Group6,Batch7
Cell15033,Group7,Batch7
Cell15034,Group5,Batch7
Cell15035,Group5,Batch7
Cell15036,Group7,Batch7
Cell15037,Group5,Batch7
Cell15038,Group7,Batch7
Cell15039,Group1,Batch7
Cell15040,Group2,Batch7
Cell15041,Group3,Batch7
Cell15042,Group1,Batch7
Cell15043,Group6,Batch7
Cell15044,Group1,Batch7
Cell15045,Group7,Batch7
Cell15046,Group5,Batch7
Cell15047,Group6,Batch7
Cell15048,Group6,Batch7
Cell15049,Group2,Batch7
Cell15050,Group4,Batch7
Cell15051,Group1,Batch7
Cell15052,Group8,Batch7
Cell15053,Group6,Batch7
Cell15054,Group6,Batch7
Cell15055,Group9,Batch7
Cell15056,Group6,Batch7
Cell15057,Group3,Batch7
Cell15058,Group2,Batch7
Cell15059,Group3,Batch7
Cell15060,Group2,Batch7
Cell15061,Group7,Batch7
Cell15062,Group6,Batch7
Cell15063,Group7,Batch7
Cell15064,Group3,Batch7
Cell15065,Group1,Batch7
Cell15066,Group7,Batch7
Cell15067,Group8,Batch7
Cell15068,Group7,Batch7
Cell15069,Group7,Batch7
Cell15070,Group7,Batch7
Cell15071,Group9,Batch7
Cell15072,Group6,Batch7
Cell15073,Group3,Batch7
Cell15074,Group2,Batch7
Cell15075,Group2,Batch7
Cell15076,Group5,Batch7
Cell15077,Group10,Batch7
Cell15078,Group7,Batch7
Cell15079,Group8,Batch7
Cell15080,Group9,Batch7
Cell15081,Group6,Batch7
Cell15082,Group7,Batch7
Cell15083,Group5,Batch7
Cell15084,Group5,Batch7
Cell15085,Group9,Batch7
Cell15086,Group10,Batch7
Cell15087,Group8,Batch7
Cell15088,Group1,Batch7
Cell15089,Group8,Batch7
Cell15090,Group10,Batch7
Cell15091,Group8,Batch7
Cell15092,Group2,Batch7
Cell15093,Group3,Batch7
Cell15094,Group10,Batch7
Cell15095,Group1,Batch7
Cell15096,Group10,Batch7
Cell15097,Group1,Batch7
Cell15098,Group7,Batch7
Cell15099,Group6,Batch7
Cell15100,Group7,Batch7
Cell15101,Group9,Batch7
Cell15102,Group2,Batch7
Cell15103,Group8,Batch7
Cell15104,Group3,Batch7
Cell15105,Group10,Batch7
Cell15106,Group1,Batch7
Cell15107,Group2,Batch7
Cell15108,Group9,Batch7
Cell15109,Group4,Batch7
Cell15110,Group10,Batch7
Cell15111,Group5,Batch7
Cell15112,Group7,Batch7
Cell15113,Group7,Batch7
Cell15114,Group4,Batch7
Cell15115,Group9,Batch7
Cell15116,Group1,Batch7
Cell15117,Group1,Batch7
Cell15118,Group9,Batch7
Cell15119,Group2,Batch7
Cell15120,Group1,Batch7
Cell15121,Group4,Batch7
Cell15122,Group2,Batch7
Cell15123,Group5,Batch7
Cell15124,Group7,Batch7
Cell15125,Group7,Batch7
Cell15126,Group7,Batch7
Cell15127,Group6,Batch7
Cell15128,Group7,Batch7
Cell15129,Group2,Batch7
Cell15130,Group5,Batch7
Cell15131,Group10,Batch7
Cell15132,Group7,Batch7
Cell15133,Group6,Batch7
Cell15134,Group7,Batch7
Cell15135,Group10,Batch7
Cell15136,Group10,Batch7
Cell15137,Group1,Batch7
Cell15138,Group8,Batch7
Cell15139,Group3,Batch7
Cell15140,Group2,Batch7
Cell15141,Group1,Batch7
Cell15142,Group4,Batch7
Cell15143,Group10,Batch7
Cell15144,Group1,Batch7
Cell15145,Group8,Batch7
Cell15146,Group1,Batch7
Cell15147,Group6,Batch7
Cell15148,Group3,Batch7
Cell15149,Group2,Batch7
Cell15150,Group6,Batch7
Cell15151,Group10,Batch7
Cell15152,Group5,Batch7
Cell15153,Group5,Batch7
Cell15154,Group10,Batch7
Cell15155,Group6,Batch7
Cell15156,Group6,Batch7
Cell15157,Group6,Batch7
Cell15158,Group1,Batch7
Cell15159,Group5,Batch7
Cell15160,Group10,Batch7
Cell15161,Group1,Batch7
Cell15162,Group9,Batch7
Cell15163,Group3,Batch7
Cell15164,Group7,Batch7
Cell15165,Group1,Batch7
Cell15166,Group8,Batch7
Cell15167,Group2,Batch7
Cell15168,Group8,Batch7
Cell15169,Group3,Batch7
Cell15170,Group2,Batch7
Cell15171,Group8,Batch7
Cell15172,Group8,Batch7
Cell15173,Group3,Batch7
Cell15174,Group7,Batch7
Cell15175,Group4,Batch7
Cell15176,Group8,Batch7
Cell15177,Group8,Batch7
Cell15178,Group9,Batch7
Cell15179,Group10,Batch7
Cell15180,Group5,Batch7
Cell15181,Group10,Batch7
Cell15182,Group3,Batch7
Cell15183,Group3,Batch7
Cell15184,Group2,Batch7
Cell15185,Group3,Batch7
Cell15186,Group3,Batch7
Cell15187,Group3,Batch7
Cell15188,Group7,Batch7
Cell15189,Group9,Batch7
Cell15190,Group3,Batch7
Cell15191,Group2,Batch7
Cell15192,Group4,Batch7
Cell15193,Group8,Batch7
Cell15194,Group6,Batch7
Cell15195,Group2,Batch7
Cell15196,Group1,Batch7
Cell15197,Group5,Batch7
Cell15198,Group10,Batch7
Cell15199,Group6,Batch7
Cell15200,Group5,Batch7
Cell15201,Group6,Batch7
Cell15202,Group10,Batch7
Cell15203,Group7,Batch7
Cell15204,Group9,Batch7
Cell15205,Group7,Batch7
Cell15206,Group1,Batch7
Cell15207,Group7,Batch7
Cell15208,Group6,Batch7
Cell15209,Group10,Batch7
Cell15210,Group9,Batch7
Cell15211,Group4,Batch7
Cell15212,Group6,Batch7
Cell15213,Group5,Batch7
Cell15214,Group3,Batch7
Cell15215,Group2,Batch7
Cell15216,Group7,Batch7
Cell15217,Group6,Batch7
Cell15218,Group1,Batch7
Cell15219,Group7,Batch7
Cell15220,Group5,Batch7
Cell15221,Group2,Batch7
Cell15222,Group10,Batch7
Cell15223,Group2,Batch7
Cell15224,Group3,Batch7
Cell15225,Group5,Batch7
Cell15226,Group1,Batch7
Cell15227,Group7,Batch7
Cell15228,Group1,Batch7
Cell15229,Group2,Batch7
Cell15230,Group5,Batch7
Cell15231,Group3,Batch7
Cell15232,Group7,Batch7
Cell15233,Group6,Batch7
Cell15234,Group1,Batch7
Cell15235,Group3,Batch7
Cell15236,Group8,Batch7
Cell15237,Group8,Batch7
Cell15238,Group2,Batch7
Cell15239,Group7,Batch7
Cell15240,Group2,Batch7
Cell15241,Group6,Batch7
Cell15242,Group4,Batch7
Cell15243,Group1,Batch7
Cell15244,Group6,Batch7
Cell15245,Group1,Batch7
Cell15246,Group7,Batch7
Cell15247,Group6,Batch7
Cell15248,Group3,Batch7
Cell15249,Group10,Batch7
Cell15250,Group7,Batch7
Cell15251,Group5,Batch7
Cell15252,Group7,Batch7
Cell15253,Group9,Batch7
Cell15254,Group7,Batch7
Cell15255,Group7,Batch7
Cell15256,Group7,Batch7
Cell15257,Group5,Batch7
Cell15258,Group6,Batch7
Cell15259,Group5,Batch7
Cell15260,Group6,Batch7
Cell15261,Group8,Batch7
Cell15262,Group7,Batch7
Cell15263,Group10,Batch7
Cell15264,Group7,Batch7
Cell15265,Group4,Batch7
Cell15266,Group10,Batch7
Cell15267,Group10,Batch7
Cell15268,Group8,Batch7
Cell15269,Group2,Batch7
Cell15270,Group9,Batch7
Cell15271,Group10,Batch7
Cell15272,Group2,Batch7
Cell15273,Group5,Batch7
Cell15274,Group9,Batch7
Cell15275,Group4,Batch7
Cell15276,Group2,Batch7
Cell15277,Group2,Batch7
Cell15278,Group9,Batch7
Cell15279,Group7,Batch7
Cell15280,Group2,Batch7
Cell15281,Group2,Batch7
Cell15282,Group10,Batch7
Cell15283,Group2,Batch7
Cell15284,Group1,Batch7
Cell15285,Group3,Batch7
Cell15286,Group9,Batch7
Cell15287,Group1,Batch7
Cell15288,Group6,Batch7
Cell15289,Group5,Batch7
Cell15290,Group1,Batch7
Cell15291,Group8,Batch7
Cell15292,Group1,Batch7
Cell15293,Group1,Batch7
Cell15294,Group3,Batch7
Cell15295,Group6,Batch7
Cell15296,Group3,Batch7
Cell15297,Group5,Batch7
Cell15298,Group1,Batch7
Cell15299,Group8,Batch7
Cell15300,Group9,Batch7
Cell15301,Group5,Batch7
Cell15302,Group2,Batch7
Cell15303,Group6,Batch7
Cell15304,Group8,Batch7
Cell15305,Group7,Batch7
Cell15306,Group3,Batch7
Cell15307,Group8,Batch7
Cell15308,Group10,Batch7
Cell15309,Group4,Batch7
Cell15310,Group9,Batch7
Cell15311,Group1,Batch7
Cell15312,Group3,Batch7
Cell15313,Group7,Batch7
Cell15314,Group7,Batch7
Cell15315,Group7,Batch7
Cell15316,Group3,Batch7
Cell15317,Group10,Batch7
Cell15318,Group6,Batch7
Cell15319,Group2,Batch7
Cell15320,Group3,Batch7
Cell15321,Group8,Batch7
Cell15322,Group1,Batch7
Cell15323,Group2,Batch7
Cell15324,Group8,Batch7
Cell15325,Group5,Batch7
Cell15326,Group5,Batch7
Cell15327,Group4,Batch7
Cell15328,Group3,Batch7
Cell15329,Group7,Batch7
Cell15330,Group6,Batch7
Cell15331,Group5,Batch7
Cell15332,Group8,Batch7
Cell15333,Group3,Batch7
Cell15334,Group7,Batch7
Cell15335,Group6,Batch7
Cell15336,Group10,Batch7
Cell15337,Group8,Batch7
Cell15338,Group8,Batch7
Cell15339,Group1,Batch7
Cell15340,Group5,Batch7
Cell15341,Group10,Batch7
Cell15342,Group1,Batch7
Cell15343,Group5,Batch7
Cell15344,Group8,Batch7
Cell15345,Group9,Batch7
Cell15346,Group4,Batch7
Cell15347,Group8,Batch7
Cell15348,Group1,Batch7
Cell15349,Group5,Batch7
Cell15350,Group2,Batch7
Cell15351,Group2,Batch7
Cell15352,Group1,Batch7
Cell15353,Group9,Batch7
Cell15354,Group10,Batch7
Cell15355,Group10,Batch7
Cell15356,Group8,Batch7
Cell15357,Group10,Batch7
Cell15358,Group5,Batch7
Cell15359,Group7,Batch7
Cell15360,Group7,Batch7
Cell15361,Group10,Batch7
Cell15362,Group3,Batch7
Cell15363,Group6,Batch7
Cell15364,Group1,Batch7
Cell15365,Group7,Batch7
Cell15366,Group10,Batch7
Cell15367,Group10,Batch7
Cell15368,Group8,Batch7
Cell15369,Group1,Batch7
Cell15370,Group7,Batch7
Cell15371,Group7,Batch7
Cell15372,Group10,Batch7
Cell15373,Group9,Batch7
Cell15374,Group7,Batch7
Cell15375,Group8,Batch7
Cell15376,Group3,Batch7
Cell15377,Group1,Batch7
Cell15378,Group2,Batch7
Cell15379,Group5,Batch7
Cell15380,Group8,Batch7
Cell15381,Group3,Batch7
Cell15382,Group3,Batch7
Cell15383,Group3,Batch7
Cell15384,Group7,Batch7
Cell15385,Group1,Batch7
Cell15386,Group2,Batch7
Cell15387,Group1,Batch7
Cell15388,Group10,Batch7
Cell15389,Group2,Batch7
Cell15390,Group7,Batch7
Cell15391,Group7,Batch7
Cell15392,Group1,Batch7
Cell15393,Group4,Batch7
Cell15394,Group1,Batch7
Cell15395,Group10,Batch7
Cell15396,Group3,Batch7
Cell15397,Group7,Batch7
Cell15398,Group7,Batch7
Cell15399,Group7,Batch7
Cell15400,Group7,Batch7
Cell15401,Group5,Batch7
Cell15402,Group1,Batch7
Cell15403,Group3,Batch7
Cell15404,Group2,Batch7
Cell15405,Group1,Batch7
Cell15406,Group3,Batch7
Cell15407,Group3,Batch7
Cell15408,Group2,Batch7
Cell15409,Group2,Batch7
Cell15410,Group6,Batch7
Cell15411,Group8,Batch7
Cell15412,Group1,Batch7
Cell15413,Group7,Batch7
Cell15414,Group10,Batch7
Cell15415,Group8,Batch7
Cell15416,Group5,Batch7
Cell15417,Group6,Batch7
Cell15418,Group6,Batch7
Cell15419,Group2,Batch7
Cell15420,Group7,Batch7
Cell15421,Group6,Batch7
Cell15422,Group10,Batch7
Cell15423,Group1,Batch7
Cell15424,Group1,Batch7
Cell15425,Group5,Batch7
Cell15426,Group3,Batch7
Cell15427,Group1,Batch7
Cell15428,Group1,Batch7
Cell15429,Group5,Batch7
Cell15430,Group3,Batch7
Cell15431,Group1,Batch7
Cell15432,Group5,Batch7
Cell15433,Group3,Batch7
Cell15434,Group2,Batch7
Cell15435,Group10,Batch7
Cell15436,Group6,Batch7
Cell15437,Group7,Batch7
Cell15438,Group5,Batch7
Cell15439,Group8,Batch7
Cell15440,Group2,Batch7
Cell15441,Group8,Batch7
Cell15442,Group3,Batch7
Cell15443,Group9,Batch7
Cell15444,Group6,Batch7
Cell15445,Group6,Batch7
Cell15446,Group2,Batch7
Cell15447,Group2,Batch7
Cell15448,Group3,Batch7
Cell15449,Group5,Batch7
Cell15450,Group3,Batch7
Cell15451,Group2,Batch7
Cell15452,Group5,Batch7
Cell15453,Group7,Batch7
Cell15454,Group7,Batch7
Cell15455,Group5,Batch7
Cell15456,Group3,Batch7
Cell15457,Group3,Batch7
Cell15458,Group8,Batch7
Cell15459,Group10,Batch7
Cell15460,Group8,Batch7
Cell15461,Group7,Batch7
Cell15462,Group5,Batch7
Cell15463,Group7,Batch7
Cell15464,Group4,Batch7
Cell15465,Group8,Batch7
Cell15466,Group9,Batch7
Cell15467,Group4,Batch7
Cell15468,Group1,Batch7
Cell15469,Group5,Batch7
Cell15470,Group4,Batch7
Cell15471,Group7,Batch7
Cell15472,Group3,Batch7
Cell15473,Group5,Batch7
Cell15474,Group5,Batch7
Cell15475,Group7,Batch7
Cell15476,Group5,Batch7
Cell15477,Group5,Batch7
Cell15478,Group5,Batch7
Cell15479,Group3,Batch7
Cell15480,Group2,Batch7
Cell15481,Group8,Batch7
Cell15482,Group3,Batch7
Cell15483,Group6,Batch7
Cell15484,Group8,Batch7
Cell15485,Group10,Batch7
Cell15486,Group1,Batch7
Cell15487,Group5,Batch7
Cell15488,Group4,Batch7
Cell15489,Group9,Batch7
Cell15490,Group5,Batch7
Cell15491,Group1,Batch7
Cell15492,Group10,Batch7
Cell15493,Group6,Batch7
Cell15494,Group9,Batch7
Cell15495,Group9,Batch7
Cell15496,Group5,Batch7
Cell15497,Group6,Batch7
Cell15498,Group5,Batch7
Cell15499,Group7,Batch7
Cell15500,Group5,Batch7
Cell15501,Group6,Batch7
Cell15502,Group6,Batch7
Cell15503,Group10,Batch7
Cell15504,Group5,Batch7
Cell15505,Group6,Batch7
Cell15506,Group6,Batch7
Cell15507,Group1,Batch7
Cell15508,Group3,Batch7
Cell15509,Group5,Batch7
Cell15510,Group2,Batch7
Cell15511,Group6,Batch7
Cell15512,Group7,Batch7
Cell15513,Group1,Batch7
Cell15514,Group3,Batch7
Cell15515,Group5,Batch7
Cell15516,Group8,Batch7
Cell15517,Group2,Batch7
Cell15518,Group1,Batch7
Cell15519,Group10,Batch7
Cell15520,Group7,Batch7
Cell15521,Group5,Batch7
Cell15522,Group7,Batch7
Cell15523,Group8,Batch7
Cell15524,Group5,Batch7
Cell15525,Group8,Batch7
Cell15526,Group2,Batch7
Cell15527,Group6,Batch7
Cell15528,Group2,Batch7
Cell15529,Group2,Batch7
Cell15530,Group6,Batch7
Cell15531,Group7,Batch7
Cell15532,Group9,Batch7
Cell15533,Group1,Batch7
Cell15534,Group5,Batch7
Cell15535,Group10,Batch7
Cell15536,Group4,Batch7
Cell15537,Group8,Batch7
Cell15538,Group6,Batch7
Cell15539,Group7,Batch7
Cell15540,Group7,Batch7
Cell15541,Group2,Batch7
Cell15542,Group2,Batch7
Cell15543,Group9,Batch7
Cell15544,Group3,Batch7
Cell15545,Group3,Batch7
Cell15546,Group1,Batch7
Cell15547,Group5,Batch7
Cell15548,Group2,Batch7
Cell15549,Group1,Batch7
Cell15550,Group3,Batch7
Cell15551,Group7,Batch7
Cell15552,Group4,Batch7
Cell15553,Group5,Batch7
Cell15554,Group2,Batch7
Cell15555,Group7,Batch7
Cell15556,Group1,Batch7
Cell15557,Group5,Batch7
Cell15558,Group1,Batch7
Cell15559,Group2,Batch7
Cell15560,Group5,Batch7
Cell15561,Group6,Batch7
Cell15562,Group7,Batch7
Cell15563,Group9,Batch7
Cell15564,Group8,Batch7
Cell15565,Group2,Batch7
Cell15566,Group7,Batch7
Cell15567,Group6,Batch7
Cell15568,Group6,Batch7
Cell15569,Group10,Batch7
Cell15570,Group7,Batch7
Cell15571,Group1,Batch7
Cell15572,Group9,Batch7
Cell15573,Group7,Batch7
Cell15574,Group6,Batch7
Cell15575,Group5,Batch7
Cell15576,Group6,Batch7
Cell15577,Group1,Batch7
Cell15578,Group2,Batch7
Cell15579,Group4,Batch7
Cell15580,Group5,Batch7
Cell15581,Group2,Batch7
Cell15582,Group9,Batch7
Cell15583,Group4,Batch7
Cell15584,Group1,Batch7
Cell15585,Group8,Batch7
Cell15586,Group1,Batch7
Cell15587,Group8,Batch7
Cell15588,Group2,Batch7
Cell15589,Group5,Batch7
Cell15590,Group8,Batch7
Cell15591,Group10,Batch7
Cell15592,Group1,Batch7
Cell15593,Group3,Batch7
Cell15594,Group5,Batch7
Cell15595,Group1,Batch7
Cell15596,Group8,Batch7
Cell15597,Group6,Batch7
Cell15598,Group2,Batch7
Cell15599,Group4,Batch7
Cell15600,Group7,Batch7
Cell15601,Group5,Batch7
Cell15602,Group5,Batch7
Cell15603,Group2,Batch7
Cell15604,Group7,Batch7
Cell15605,Group5,Batch7
Cell15606,Group3,Batch7
Cell15607,Group10,Batch7
Cell15608,Group7,Batch7
Cell15609,Group1,Batch7
Cell15610,Group2,Batch7
Cell15611,Group1,Batch7
Cell15612,Group7,Batch7
Cell15613,Group9,Batch7
Cell15614,Group5,Batch7
Cell15615,Group8,Batch7
Cell15616,Group9,Batch7
Cell15617,Group10,Batch7
Cell15618,Group7,Batch7
Cell15619,Group1,Batch7
Cell15620,Group3,Batch7
Cell15621,Group5,Batch7
Cell15622,Group4,Batch7
Cell15623,Group2,Batch7
Cell15624,Group10,Batch7
Cell15625,Group5,Batch7
Cell15626,Group7,Batch7
Cell15627,Group10,Batch7
Cell15628,Group7,Batch7
Cell15629,Group1,Batch7
Cell15630,Group5,Batch7
Cell15631,Group4,Batch7
Cell15632,Group1,Batch7
Cell15633,Group9,Batch7
Cell15634,Group7,Batch7
Cell15635,Group7,Batch7
Cell15636,Group2,Batch7
Cell15637,Group7,Batch7
Cell15638,Group1,Batch7
Cell15639,Group6,Batch7
Cell15640,Group9,Batch7
Cell15641,Group6,Batch7
Cell15642,Group1,Batch7
Cell15643,Group10,Batch7
Cell15644,Group6,Batch7
Cell15645,Group8,Batch7
Cell15646,Group1,Batch7
Cell15647,Group2,Batch7
Cell15648,Group4,Batch7
Cell15649,Group6,Batch7
Cell15650,Group10,Batch7
Cell15651,Group1,Batch7
Cell15652,Group8,Batch7
Cell15653,Group6,Batch7
Cell15654,Group10,Batch7
Cell15655,Group6,Batch7
Cell15656,Group3,Batch7
Cell15657,Group8,Batch7
Cell15658,Group7,Batch7
Cell15659,Group2,Batch7
Cell15660,Group9,Batch7
Cell15661,Group1,Batch7
Cell15662,Group5,Batch7
Cell15663,Group7,Batch7
Cell15664,Group7,Batch7
Cell15665,Group7,Batch7
Cell15666,Group1,Batch7
Cell15667,Group1,Batch7
Cell15668,Group1,Batch7
Cell15669,Group7,Batch7
Cell15670,Group6,Batch7
Cell15671,Group3,Batch7
Cell15672,Group6,Batch7
Cell15673,Group3,Batch7
Cell15674,Group5,Batch7
Cell15675,Group2,Batch7
Cell15676,Group2,Batch7
Cell15677,Group2,Batch7
Cell15678,Group5,Batch7
Cell15679,Group3,Batch7
Cell15680,Group2,Batch7
Cell15681,Group3,Batch7
Cell15682,Group7,Batch7
Cell15683,Group10,Batch7
Cell15684,Group1,Batch7
Cell15685,Group10,Batch7
Cell15686,Group5,Batch7
Cell15687,Group8,Batch7
Cell15688,Group10,Batch7
Cell15689,Group8,Batch7
Cell15690,Group3,Batch7
Cell15691,Group2,Batch7
Cell15692,Group8,Batch7
Cell15693,Group4,Batch7
Cell15694,Group8,Batch7
Cell15695,Group6,Batch7
Cell15696,Group1,Batch7
Cell15697,Group9,Batch7
Cell15698,Group5,Batch7
Cell15699,Group5,Batch7
Cell15700,Group2,Batch7
Cell15701,Group8,Batch7
Cell15702,Group6,Batch7
Cell15703,Group6,Batch7
Cell15704,Group5,Batch7
Cell15705,Group5,Batch7
Cell15706,Group8,Batch7
Cell15707,Group1,Batch7
Cell15708,Group6,Batch7
Cell15709,Group7,Batch7
Cell15710,Group5,Batch7
Cell15711,Group2,Batch7
Cell15712,Group7,Batch7
Cell15713,Group3,Batch7
Cell15714,Group7,Batch7
Cell15715,Group7,Batch7
Cell15716,Group1,Batch7
Cell15717,Group7,Batch7
Cell15718,Group8,Batch7
Cell15719,Group1,Batch7
Cell15720,Group4,Batch7
Cell15721,Group10,Batch7
Cell15722,Group7,Batch7
Cell15723,Group2,Batch7
Cell15724,Group7,Batch7
Cell15725,Group3,Batch7
Cell15726,Group6,Batch7
Cell15727,Group5,Batch7
Cell15728,Group10,Batch7
Cell15729,Group5,Batch7
Cell15730,Group3,Batch7
Cell15731,Group1,Batch7
Cell15732,Group9,Batch7
Cell15733,Group7,Batch7
Cell15734,Group3,Batch7
Cell15735,Group1,Batch7
Cell15736,Group2,Batch7
Cell15737,Group1,Batch7
Cell15738,Group1,Batch7
Cell15739,Group2,Batch7
Cell15740,Group5,Batch7
Cell15741,Group1,Batch7
Cell15742,Group5,Batch7
Cell15743,Group5,Batch7
Cell15744,Group3,Batch7
Cell15745,Group7,Batch7
Cell15746,Group4,Batch7
Cell15747,Group2,Batch7
Cell15748,Group5,Batch7
Cell15749,Group9,Batch7
Cell15750,Group10,Batch7
Cell15751,Group7,Batch7
Cell15752,Group6,Batch7
Cell15753,Group10,Batch7
Cell15754,Group9,Batch7
Cell15755,Group1,Batch7
Cell15756,Group7,Batch7
Cell15757,Group3,Batch7
Cell15758,Group10,Batch7
Cell15759,Group1,Batch7
Cell15760,Group8,Batch7
Cell15761,Group3,Batch7
Cell15762,Group9,Batch7
Cell15763,Group8,Batch7
Cell15764,Group1,Batch7
Cell15765,Group10,Batch7
Cell15766,Group5,Batch7
Cell15767,Group8,Batch7
Cell15768,Group1,Batch7
Cell15769,Group3,Batch7
Cell15770,Group8,Batch7
Cell15771,Group6,Batch7
Cell15772,Group8,Batch7
Cell15773,Group5,Batch7
Cell15774,Group5,Batch7
Cell15775,Group7,Batch7
Cell15776,Group10,Batch7
Cell15777,Group10,Batch7
Cell15778,Group1,Batch7
Cell15779,Group4,Batch7
Cell15780,Group6,Batch7
Cell15781,Group6,Batch7
Cell15782,Group8,Batch7
Cell15783,Group2,Batch7
Cell15784,Group1,Batch7
Cell15785,Group10,Batch7
Cell15786,Group6,Batch7
Cell15787,Group10,Batch7
Cell15788,Group7,Batch7
Cell15789,Group10,Batch7
Cell15790,Group1,Batch7
Cell15791,Group2,Batch7
Cell15792,Group8,Batch7
Cell15793,Group8,Batch7
Cell15794,Group7,Batch7
Cell15795,Group7,Batch7
Cell15796,Group4,Batch7
Cell15797,Group5,Batch7
Cell15798,Group8,Batch7
Cell15799,Group3,Batch7
Cell15800,Group7,Batch7
Cell15801,Group7,Batch7
Cell15802,Group3,Batch7
Cell15803,Group1,Batch7
Cell15804,Group10,Batch7
Cell15805,Group3,Batch7
Cell15806,Group6,Batch7
Cell15807,Group10,Batch7
Cell15808,Group10,Batch7
Cell15809,Group7,Batch7
Cell15810,Group7,Batch7
Cell15811,Group7,Batch7
Cell15812,Group7,Batch7
Cell15813,Group8,Batch7
Cell15814,Group3,Batch7
Cell15815,Group10,Batch7
Cell15816,Group4,Batch7
Cell15817,Group1,Batch7
Cell15818,Group7,Batch7
Cell15819,Group5,Batch7
Cell15820,Group1,Batch7
Cell15821,Group2,Batch7
Cell15822,Group8,Batch7
Cell15823,Group3,Batch7
Cell15824,Group3,Batch7
Cell15825,Group7,Batch7
Cell15826,Group3,Batch7
Cell15827,Group1,Batch7
Cell15828,Group5,Batch7
Cell15829,Group1,Batch7
Cell15830,Group9,Batch7
Cell15831,Group1,Batch7
Cell15832,Group10,Batch7
Cell15833,Group3,Batch7
Cell15834,Group2,Batch7
Cell15835,Group7,Batch7
Cell15836,Group1,Batch7
Cell15837,Group3,Batch7
Cell15838,Group6,Batch7
Cell15839,Group5,Batch7
Cell15840,Group9,Batch7
Cell15841,Group8,Batch7
Cell15842,Group5,Batch7
Cell15843,Group7,Batch7
Cell15844,Group5,Batch7
Cell15845,Group10,Batch7
Cell15846,Group8,Batch7
Cell15847,Group4,Batch7
Cell15848,Group8,Batch7
Cell15849,Group7,Batch7
Cell15850,Group10,Batch7
Cell15851,Group10,Batch7
Cell15852,Group7,Batch7
Cell15853,Group6,Batch7
Cell15854,Group10,Batch7
Cell15855,Group8,Batch7
Cell15856,Group5,Batch7
Cell15857,Group6,Batch7
Cell15858,Group2,Batch7
Cell15859,Group7,Batch7
Cell15860,Group2,Batch7
Cell15861,Group4,Batch7
Cell15862,Group10,Batch7
Cell15863,Group5,Batch7
Cell15864,Group8,Batch7
Cell15865,Group8,Batch7
Cell15866,Group3,Batch7
Cell15867,Group7,Batch7
Cell15868,Group1,Batch7
Cell15869,Group7,Batch7
Cell15870,Group6,Batch7
Cell15871,Group6,Batch7
Cell15872,Group7,Batch7
Cell15873,Group4,Batch7
Cell15874,Group8,Batch7
Cell15875,Group6,Batch7
Cell15876,Group1,Batch7
Cell15877,Group7,Batch7
Cell15878,Group8,Batch7
Cell15879,Group8,Batch7
Cell15880,Group6,Batch7
Cell15881,Group10,Batch7
Cell15882,Group1,Batch7
Cell15883,Group6,Batch7
Cell15884,Group9,Batch7
Cell15885,Group4,Batch7
Cell15886,Group6,Batch7
Cell15887,Group5,Batch7
Cell15888,Group2,Batch7
Cell15889,Group7,Batch7
Cell15890,Group3,Batch7
Cell15891,Group3,Batch7
Cell15892,Group1,Batch7
Cell15893,Group4,Batch7
Cell15894,Group3,Batch7
Cell15895,Group4,Batch7
Cell15896,Group1,Batch7
Cell15897,Group7,Batch7
Cell15898,Group3,Batch7
Cell15899,Group5,Batch7
Cell15900,Group7,Batch7
Cell15901,Group6,Batch7
Cell15902,Group7,Batch7
Cell15903,Group7,Batch7
Cell15904,Group10,Batch7
Cell15905,Group7,Batch7
Cell15906,Group3,Batch7
Cell15907,Group9,Batch7
Cell15908,Group8,Batch7
Cell15909,Group3,Batch7
Cell15910,Group6,Batch7
Cell15911,Group7,Batch7
Cell15912,Group7,Batch7
Cell15913,Group2,Batch7
Cell15914,Group10,Batch7
Cell15915,Group6,Batch7
Cell15916,Group2,Batch7
Cell15917,Group3,Batch7
Cell15918,Group8,Batch7
Cell15919,Group7,Batch7
Cell15920,Group1,Batch7
Cell15921,Group7,Batch7
Cell15922,Group4,Batch7
Cell15923,Group9,Batch7
Cell15924,Group2,Batch7
Cell15925,Group7,Batch7
Cell15926,Group1,Batch7
Cell15927,Group1,Batch7
Cell15928,Group5,Batch7
Cell15929,Group6,Batch7
Cell15930,Group8,Batch7
Cell15931,Group9,Batch7
Cell15932,Group2,Batch7
Cell15933,Group7,Batch7
Cell15934,Group6,Batch7
Cell15935,Group7,Batch7
Cell15936,Group7,Batch7
Cell15937,Group4,Batch7
Cell15938,Group1,Batch7
Cell15939,Group1,Batch7
Cell15940,Group1,Batch7
Cell15941,Group1,Batch7
Cell15942,Group10,Batch7
Cell15943,Group1,Batch7
Cell15944,Group5,Batch7
Cell15945,Group7,Batch7
Cell15946,Group9,Batch7
Cell15947,Group2,Batch7
Cell15948,Group8,Batch7
Cell15949,Group6,Batch7
Cell15950,Group3,Batch7
Cell15951,Group7,Batch7
Cell15952,Group7,Batch7
Cell15953,Group7,Batch7
Cell15954,Group4,Batch7
Cell15955,Group7,Batch7
Cell15956,Group1,Batch7
Cell15957,Group7,Batch7
Cell15958,Group7,Batch7
Cell15959,Group5,Batch7
Cell15960,Group3,Batch7
Cell15961,Group2,Batch7
Cell15962,Group6,Batch7
Cell15963,Group7,Batch7
Cell15964,Group2,Batch7
Cell15965,Group9,Batch7
Cell15966,Group1,Batch7
Cell15967,Group5,Batch7
Cell15968,Group5,Batch7
Cell15969,Group3,Batch7
Cell15970,Group5,Batch7
Cell15971,Group4,Batch7
Cell15972,Group7,Batch7
Cell15973,Group4,Batch7
Cell15974,Group6,Batch7
Cell15975,Group7,Batch7
Cell15976,Group7,Batch7
Cell15977,Group2,Batch7
Cell15978,Group8,Batch7
Cell15979,Group9,Batch7
Cell15980,Group8,Batch7
Cell15981,Group7,Batch7
Cell15982,Group3,Batch7
Cell15983,Group10,Batch7
Cell15984,Group10,Batch7
Cell15985,Group1,Batch7
Cell15986,Group8,Batch7
Cell15987,Group5,Batch7
Cell15988,Group1,Batch7
Cell15989,Group7,Batch7
Cell15990,Group1,Batch7
Cell15991,Group5,Batch7
Cell15992,Group2,Batch7
Cell15993,Group6,Batch7
Cell15994,Group1,Batch7
Cell15995,Group1,Batch7
Cell15996,Group5,Batch7
Cell15997,Group7,Batch7
Cell15998,Group8,Batch7
Cell15999,Group10,Batch7
Cell16000,Group3,Batch7
Cell16001,Group1,Batch7
Cell16002,Group8,Batch7
Cell16003,Group10,Batch7
Cell16004,Group1,Batch7
Cell16005,Group2,Batch7
Cell16006,Group8,Batch7
Cell16007,Group1,Batch7
Cell16008,Group1,Batch7
Cell16009,Group8,Batch7
Cell16010,Group10,Batch7
Cell16011,Group8,Batch7
Cell16012,Group3,Batch7
Cell16013,Group2,Batch7
Cell16014,Group7,Batch7
Cell16015,Group5,Batch7
Cell16016,Group10,Batch7
Cell16017,Group8,Batch7
Cell16018,Group10,Batch7
Cell16019,Group7,Batch7
Cell16020,Group1,Batch7
Cell16021,Group9,Batch7
Cell16022,Group7,Batch7
Cell16023,Group5,Batch7
Cell16024,Group3,Batch7
Cell16025,Group8,Batch7
Cell16026,Group1,Batch7
Cell16027,Group3,Batch7
Cell16028,Group9,Batch7
Cell16029,Group10,Batch7
Cell16030,Group2,Batch7
Cell16031,Group7,Batch7
Cell16032,Group5,Batch7
Cell16033,Group8,Batch7
Cell16034,Group5,Batch7
Cell16035,Group10,Batch7
Cell16036,Group2,Batch7
Cell16037,Group7,Batch7
Cell16038,Group10,Batch7
Cell16039,Group3,Batch7
Cell16040,Group3,Batch7
Cell16041,Group3,Batch7
Cell16042,Group2,Batch7
Cell16043,Group2,Batch7
Cell16044,Group4,Batch7
Cell16045,Group8,Batch7
Cell16046,Group5,Batch7
Cell16047,Group5,Batch7
Cell16048,Group6,Batch7
Cell16049,Group5,Batch7
Cell16050,Group5,Batch7
Cell16051,Group8,Batch7
Cell16052,Group10,Batch7
Cell16053,Group1,Batch7
Cell16054,Group1,Batch7
Cell16055,Group6,Batch7
Cell16056,Group1,Batch7
Cell16057,Group9,Batch7
Cell16058,Group5,Batch7
Cell16059,Group8,Batch7
Cell16060,Group8,Batch7
Cell16061,Group3,Batch7
Cell16062,Group2,Batch7
Cell16063,Group10,Batch7
Cell16064,Group8,Batch7
Cell16065,Group6,Batch7
Cell16066,Group10,Batch7
Cell16067,Group6,Batch7
Cell16068,Group3,Batch7
Cell16069,Group10,Batch7
Cell16070,Group10,Batch7
Cell16071,Group3,Batch7
Cell16072,Group5,Batch7
Cell16073,Group5,Batch7
Cell16074,Group4,Batch7
Cell16075,Group3,Batch7
Cell16076,Group10,Batch7
Cell16077,Group2,Batch7
Cell16078,Group5,Batch7
Cell16079,Group8,Batch7
Cell16080,Group7,Batch7
Cell16081,Group2,Batch7
Cell16082,Group4,Batch7
Cell16083,Group7,Batch7
Cell16084,Group2,Batch7
Cell16085,Group1,Batch7
Cell16086,Group7,Batch7
Cell16087,Group6,Batch7
Cell16088,Group8,Batch7
Cell16089,Group4,Batch7
Cell16090,Group1,Batch7
Cell16091,Group5,Batch7
Cell16092,Group10,Batch7
Cell16093,Group6,Batch7
Cell16094,Group1,Batch7
Cell16095,Group1,Batch7
Cell16096,Group5,Batch7
Cell16097,Group3,Batch7
Cell16098,Group7,Batch7
Cell16099,Group1,Batch7
Cell16100,Group7,Batch7
Cell16101,Group1,Batch7
Cell16102,Group1,Batch7
Cell16103,Group2,Batch7
Cell16104,Group5,Batch7
Cell16105,Group2,Batch7
Cell16106,Group8,Batch7
Cell16107,Group7,Batch7
Cell16108,Group9,Batch7
Cell16109,Group5,Batch7
Cell16110,Group5,Batch7
Cell16111,Group3,Batch7
Cell16112,Group5,Batch7
Cell16113,Group5,Batch7
Cell16114,Group7,Batch7
Cell16115,Group8,Batch7
Cell16116,Group4,Batch7
Cell16117,Group8,Batch7
Cell16118,Group2,Batch7
Cell16119,Group7,Batch7
Cell16120,Group2,Batch7
Cell16121,Group1,Batch7
Cell16122,Group8,Batch7
Cell16123,Group1,Batch7
Cell16124,Group8,Batch7
Cell16125,Group5,Batch7
Cell16126,Group3,Batch7
Cell16127,Group3,Batch7
Cell16128,Group10,Batch7
Cell16129,Group10,Batch7
Cell16130,Group7,Batch7
Cell16131,Group1,Batch7
Cell16132,Group2,Batch7
Cell16133,Group3,Batch7
Cell16134,Group2,Batch7
Cell16135,Group7,Batch7
Cell16136,Group5,Batch7
Cell16137,Group5,Batch7
Cell16138,Group10,Batch7
Cell16139,Group3,Batch7
Cell16140,Group6,Batch7
Cell16141,Group8,Batch7
Cell16142,Group3,Batch7
Cell16143,Group10,Batch7
Cell16144,Group1,Batch7
Cell16145,Group7,Batch7
Cell16146,Group5,Batch7
Cell16147,Group7,Batch7
Cell16148,Group1,Batch7
Cell16149,Group5,Batch7
Cell16150,Group3,Batch7
Cell16151,Group3,Batch7
Cell16152,Group2,Batch7
Cell16153,Group7,Batch7
Cell16154,Group6,Batch7
Cell16155,Group3,Batch7
Cell16156,Group2,Batch7
Cell16157,Group1,Batch7
Cell16158,Group1,Batch7
Cell16159,Group4,Batch7
Cell16160,Group7,Batch7
Cell16161,Group6,Batch7
Cell16162,Group2,Batch7
Cell16163,Group3,Batch7
Cell16164,Group5,Batch7
Cell16165,Group9,Batch7
Cell16166,Group3,Batch7
Cell16167,Group6,Batch7
Cell16168,Group2,Batch7
Cell16169,Group7,Batch7
Cell16170,Group7,Batch7
Cell16171,Group3,Batch7
Cell16172,Group1,Batch7
Cell16173,Group1,Batch7
Cell16174,Group8,Batch7
Cell16175,Group5,Batch7
Cell16176,Group5,Batch7
Cell16177,Group9,Batch7
Cell16178,Group7,Batch7
Cell16179,Group4,Batch7
Cell16180,Group7,Batch7
Cell16181,Group7,Batch7
Cell16182,Group6,Batch7
Cell16183,Group3,Batch7
Cell16184,Group4,Batch7
Cell16185,Group8,Batch7
Cell16186,Group7,Batch7
Cell16187,Group3,Batch7
Cell16188,Group7,Batch7
Cell16189,Group2,Batch7
Cell16190,Group5,Batch7
Cell16191,Group9,Batch7
Cell16192,Group1,Batch7
Cell16193,Group10,Batch7
Cell16194,Group7,Batch7
Cell16195,Group8,Batch7
Cell16196,Group7,Batch7
Cell16197,Group3,Batch7
Cell16198,Group1,Batch7
Cell16199,Group3,Batch7
Cell16200,Group4,Batch7
Cell16201,Group1,Batch7
Cell16202,Group1,Batch7
Cell16203,Group8,Batch7
Cell16204,Group6,Batch7
Cell16205,Group10,Batch7
Cell16206,Group1,Batch7
Cell16207,Group6,Batch7
Cell16208,Group6,Batch7
Cell16209,Group2,Batch7
Cell16210,Group3,Batch7
Cell16211,Group1,Batch7
Cell16212,Group5,Batch7
Cell16213,Group5,Batch7
Cell16214,Group7,Batch7
Cell16215,Group3,Batch7
Cell16216,Group3,Batch7
Cell16217,Group7,Batch7
Cell16218,Group5,Batch7
Cell16219,Group1,Batch7
Cell16220,Group8,Batch7
Cell16221,Group5,Batch7
Cell16222,Group3,Batch7
Cell16223,Group5,Batch7
Cell16224,Group7,Batch7
Cell16225,Group2,Batch7
Cell16226,Group8,Batch7
Cell16227,Group8,Batch7
Cell16228,Group2,Batch7
Cell16229,Group7,Batch7
Cell16230,Group8,Batch7
Cell16231,Group1,Batch7
Cell16232,Group5,Batch7
Cell16233,Group7,Batch7
Cell16234,Group10,Batch7
Cell16235,Group3,Batch7
Cell16236,Group3,Batch7
Cell16237,Group3,Batch7
Cell16238,Group6,Batch7
Cell16239,Group1,Batch7
Cell16240,Group3,Batch7
Cell16241,Group6,Batch7
Cell16242,Group5,Batch7
Cell16243,Group8,Batch7
Cell16244,Group7,Batch7
Cell16245,Group10,Batch7
Cell16246,Group9,Batch7
Cell16247,Group1,Batch7
Cell16248,Group10,Batch7
Cell16249,Group1,Batch7
Cell16250,Group7,Batch7
Cell16251,Group4,Batch7
Cell16252,Group3,Batch7
Cell16253,Group6,Batch7
Cell16254,Group10,Batch7
Cell16255,Group7,Batch7
Cell16256,Group1,Batch7
Cell16257,Group8,Batch7
Cell16258,Group3,Batch7
Cell16259,Group1,Batch7
Cell16260,Group8,Batch7
Cell16261,Group2,Batch7
Cell16262,Group7,Batch7
Cell16263,Group1,Batch7
Cell16264,Group8,Batch7
Cell16265,Group1,Batch7
Cell16266,Group10,Batch7
Cell16267,Group7,Batch7
Cell16268,Group6,Batch7
Cell16269,Group1,Batch7
Cell16270,Group7,Batch7
Cell16271,Group3,Batch7
Cell16272,Group8,Batch7
Cell16273,Group9,Batch7
Cell16274,Group10,Batch7
Cell16275,Group1,Batch7
Cell16276,Group6,Batch7
Cell16277,Group10,Batch7
Cell16278,Group1,Batch7
Cell16279,Group10,Batch7
Cell16280,Group1,Batch7
Cell16281,Group7,Batch7
Cell16282,Group5,Batch7
Cell16283,Group2,Batch7
Cell16284,Group5,Batch7
Cell16285,Group8,Batch7
Cell16286,Group1,Batch7
Cell16287,Group4,Batch7
Cell16288,Group10,Batch7
Cell16289,Group2,Batch7
Cell16290,Group5,Batch7
Cell16291,Group8,Batch7
Cell16292,Group3,Batch7
Cell16293,Group7,Batch7
Cell16294,Group1,Batch7
Cell16295,Group5,Batch7
Cell16296,Group8,Batch7
Cell16297,Group1,Batch7
Cell16298,Group3,Batch7
Cell16299,Group7,Batch7
Cell16300,Group1,Batch7
Cell16301,Group7,Batch7
Cell16302,Group5,Batch7
Cell16303,Group2,Batch7
Cell16304,Group1,Batch7
Cell16305,Group3,Batch7
Cell16306,Group1,Batch7
Cell16307,Group1,Batch7
Cell16308,Group8,Batch7
Cell16309,Group1,Batch7
Cell16310,Group7,Batch7
Cell16311,Group5,Batch7
Cell16312,Group2,Batch7
Cell16313,Group1,Batch7
Cell16314,Group8,Batch7
Cell16315,Group2,Batch7
Cell16316,Group9,Batch7
Cell16317,Group5,Batch7
Cell16318,Group8,Batch7
Cell16319,Group10,Batch7
Cell16320,Group1,Batch7
Cell16321,Group7,Batch7
Cell16322,Group7,Batch7
Cell16323,Group1,Batch7
Cell16324,Group7,Batch7
Cell16325,Group10,Batch7
Cell16326,Group7,Batch7
Cell16327,Group5,Batch7
Cell16328,Group7,Batch7
Cell16329,Group1,Batch7
Cell16330,Group3,Batch7
Cell16331,Group3,Batch7
Cell16332,Group3,Batch7
Cell16333,Group7,Batch7
Cell16334,Group6,Batch7
Cell16335,Group7,Batch7
Cell16336,Group3,Batch7
Cell16337,Group5,Batch7
Cell16338,Group7,Batch7
Cell16339,Group10,Batch7
Cell16340,Group6,Batch7
Cell16341,Group10,Batch7
Cell16342,Group5,Batch7
Cell16343,Group1,Batch7
Cell16344,Group10,Batch7
Cell16345,Group7,Batch7
Cell16346,Group10,Batch7
Cell16347,Group5,Batch7
Cell16348,Group3,Batch7
Cell16349,Group5,Batch7
Cell16350,Group7,Batch7
Cell16351,Group9,Batch7
Cell16352,Group1,Batch7
Cell16353,Group5,Batch7
Cell16354,Group8,Batch7
Cell16355,Group4,Batch7
Cell16356,Group3,Batch7
Cell16357,Group7,Batch7
Cell16358,Group4,Batch7
Cell16359,Group4,Batch7
Cell16360,Group10,Batch7
Cell16361,Group2,Batch7
Cell16362,Group7,Batch7
Cell16363,Group6,Batch7
Cell16364,Group9,Batch7
Cell16365,Group1,Batch7
Cell16366,Group1,Batch7
Cell16367,Group8,Batch7
Cell16368,Group8,Batch7
Cell16369,Group7,Batch7
Cell16370,Group2,Batch7
Cell16371,Group10,Batch7
Cell16372,Group10,Batch7
Cell16373,Group2,Batch7
Cell16374,Group6,Batch7
Cell16375,Group1,Batch7
Cell16376,Group4,Batch7
Cell16377,Group10,Batch7
Cell16378,Group10,Batch7
Cell16379,Group10,Batch7
Cell16380,Group9,Batch7
Cell16381,Group4,Batch7
Cell16382,Group7,Batch7
Cell16383,Group9,Batch7
Cell16384,Group8,Batch7
Cell16385,Group1,Batch7
Cell16386,Group8,Batch7
Cell16387,Group7,Batch7
Cell16388,Group1,Batch7
Cell16389,Group7,Batch7
Cell16390,Group10,Batch7
Cell16391,Group7,Batch7
Cell16392,Group10,Batch7
Cell16393,Group1,Batch7
Cell16394,Group10,Batch7
Cell16395,Group5,Batch7
Cell16396,Group6,Batch7
Cell16397,Group5,Batch7
Cell16398,Group4,Batch7
Cell16399,Group7,Batch7
Cell16400,Group2,Batch7
Cell16401,Group10,Batch7
Cell16402,Group3,Batch7
Cell16403,Group1,Batch7
Cell16404,Group9,Batch7
Cell16405,Group6,Batch7
Cell16406,Group8,Batch7
Cell16407,Group1,Batch7
Cell16408,Group3,Batch7
Cell16409,Group1,Batch7
Cell16410,Group7,Batch7
Cell16411,Group8,Batch7
Cell16412,Group5,Batch7
Cell16413,Group1,Batch7
Cell16414,Group9,Batch7
Cell16415,Group6,Batch7
Cell16416,Group8,Batch7
Cell16417,Group7,Batch7
Cell16418,Group10,Batch7
Cell16419,Group2,Batch7
Cell16420,Group2,Batch7
Cell16421,Group1,Batch7
Cell16422,Group10,Batch7
Cell16423,Group10,Batch7
Cell16424,Group8,Batch7
Cell16425,Group9,Batch7
Cell16426,Group10,Batch7
Cell16427,Group3,Batch7
Cell16428,Group7,Batch7
Cell16429,Group8,Batch7
Cell16430,Group5,Batch7
Cell16431,Group5,Batch7
Cell16432,Group9,Batch7
Cell16433,Group6,Batch7
Cell16434,Group6,Batch7
Cell16435,Group10,Batch7
Cell16436,Group8,Batch7
Cell16437,Group3,Batch7
Cell16438,Group5,Batch7
Cell16439,Group10,Batch7
Cell16440,Group10,Batch7
Cell16441,Group5,Batch7
Cell16442,Group7,Batch7
Cell16443,Group10,Batch7
Cell16444,Group8,Batch7
Cell16445,Group5,Batch7
Cell16446,Group5,Batch7
Cell16447,Group8,Batch7
Cell16448,Group9,Batch7
Cell16449,Group4,Batch7
Cell16450,Group6,Batch7
Cell16451,Group2,Batch7
Cell16452,Group4,Batch7
Cell16453,Group8,Batch7
Cell16454,Group10,Batch7
Cell16455,Group7,Batch7
Cell16456,Group4,Batch7
Cell16457,Group3,Batch7
Cell16458,Group2,Batch7
Cell16459,Group2,Batch7
Cell16460,Group8,Batch7
Cell16461,Group5,Batch7
Cell16462,Group1,Batch7
Cell16463,Group7,Batch7
Cell16464,Group10,Batch7
Cell16465,Group7,Batch7
Cell16466,Group6,Batch7
Cell16467,Group1,Batch7
Cell16468,Group6,Batch7
Cell16469,Group1,Batch7
Cell16470,Group8,Batch7
Cell16471,Group9,Batch7
Cell16472,Group9,Batch7
Cell16473,Group10,Batch7
Cell16474,Group7,Batch7
Cell16475,Group6,Batch7
Cell16476,Group3,Batch7
Cell16477,Group6,Batch7
Cell16478,Group1,Batch7
Cell16479,Group1,Batch7
Cell16480,Group7,Batch7
Cell16481,Group5,Batch7
Cell16482,Group3,Batch7
Cell16483,Group1,Batch7
Cell16484,Group2,Batch7
Cell16485,Group4,Batch7
Cell16486,Group1,Batch7
Cell16487,Group5,Batch7
Cell16488,Group10,Batch7
Cell16489,Group6,Batch7
Cell16490,Group6,Batch7
Cell16491,Group7,Batch7
Cell16492,Group8,Batch7
Cell16493,Group7,Batch7
Cell16494,Group7,Batch7
Cell16495,Group1,Batch7
Cell16496,Group1,Batch7
Cell16497,Group8,Batch7
Cell16498,Group1,Batch7
Cell16499,Group1,Batch7
Cell16500,Group4,Batch7
Cell16501,Group6,Batch7
Cell16502,Group6,Batch7
Cell16503,Group7,Batch7
Cell16504,Group1,Batch7
Cell16505,Group3,Batch7
Cell16506,Group7,Batch7
Cell16507,Group3,Batch7
Cell16508,Group7,Batch7
Cell16509,Group8,Batch7
Cell16510,Group5,Batch7
Cell16511,Group7,Batch7
Cell16512,Group2,Batch7
Cell16513,Group6,Batch7
Cell16514,Group3,Batch7
Cell16515,Group1,Batch7
Cell16516,Group10,Batch7
Cell16517,Group1,Batch7
Cell16518,Group1,Batch7
Cell16519,Group7,Batch7
Cell16520,Group1,Batch7
Cell16521,Group1,Batch7
Cell16522,Group8,Batch7
Cell16523,Group5,Batch7
Cell16524,Group8,Batch7
Cell16525,Group1,Batch7
Cell16526,Group6,Batch7
Cell16527,Group8,Batch7
Cell16528,Group7,Batch7
Cell16529,Group8,Batch7
Cell16530,Group7,Batch7
Cell16531,Group8,Batch7
Cell16532,Group7,Batch7
Cell16533,Group1,Batch7
Cell16534,Group6,Batch7
Cell16535,Group2,Batch7
Cell16536,Group5,Batch7
Cell16537,Group3,Batch7
Cell16538,Group1,Batch7
Cell16539,Group1,Batch7
Cell16540,Group2,Batch7
Cell16541,Group8,Batch7
Cell16542,Group2,Batch7
Cell16543,Group1,Batch7
Cell16544,Group5,Batch7
Cell16545,Group5,Batch7
Cell16546,Group7,Batch7
Cell16547,Group3,Batch7
Cell16548,Group10,Batch7
Cell16549,Group8,Batch7
Cell16550,Group6,Batch7
Cell16551,Group5,Batch7
Cell16552,Group2,Batch7
Cell16553,Group1,Batch7
Cell16554,Group1,Batch7
Cell16555,Group1,Batch7
Cell16556,Group10,Batch7
Cell16557,Group10,Batch7
Cell16558,Group6,Batch7
Cell16559,Group1,Batch7
Cell16560,Group1,Batch7
Cell16561,Group3,Batch7
Cell16562,Group8,Batch7
Cell16563,Group4,Batch7
Cell16564,Group9,Batch7
Cell16565,Group10,Batch7
Cell16566,Group1,Batch7
Cell16567,Group8,Batch7
Cell16568,Group5,Batch7
Cell16569,Group3,Batch7
Cell16570,Group2,Batch7
Cell16571,Group3,Batch7
Cell16572,Group7,Batch7
Cell16573,Group10,Batch7
Cell16574,Group3,Batch7
Cell16575,Group5,Batch7
Cell16576,Group7,Batch7
Cell16577,Group2,Batch7
Cell16578,Group1,Batch7
Cell16579,Group5,Batch7
Cell16580,Group5,Batch7
Cell16581,Group10,Batch7
Cell16582,Group6,Batch7
Cell16583,Group6,Batch7
Cell16584,Group8,Batch7
Cell16585,Group8,Batch7
Cell16586,Group7,Batch7
Cell16587,Group3,Batch7
Cell16588,Group1,Batch7
Cell16589,Group7,Batch7
Cell16590,Group2,Batch7
Cell16591,Group8,Batch7
Cell16592,Group7,Batch7
Cell16593,Group6,Batch7
Cell16594,Group2,Batch7
Cell16595,Group6,Batch7
Cell16596,Group8,Batch7
Cell16597,Group10,Batch7
Cell16598,Group7,Batch7
Cell16599,Group5,Batch7
Cell16600,Group1,Batch7
Cell16601,Group7,Batch7
Cell16602,Group4,Batch7
Cell16603,Group3,Batch7
Cell16604,Group5,Batch7
Cell16605,Group5,Batch7
Cell16606,Group7,Batch7
Cell16607,Group1,Batch7
Cell16608,Group7,Batch7
Cell16609,Group9,Batch7
Cell16610,Group1,Batch7
Cell16611,Group5,Batch7
Cell16612,Group10,Batch7
Cell16613,Group3,Batch7
Cell16614,Group4,Batch7
Cell16615,Group5,Batch7
Cell16616,Group3,Batch7
Cell16617,Group7,Batch7
Cell16618,Group7,Batch7
Cell16619,Group8,Batch7
Cell16620,Group3,Batch7
Cell16621,Group6,Batch7
Cell16622,Group5,Batch7
Cell16623,Group4,Batch7
Cell16624,Group10,Batch7
Cell16625,Group3,Batch7
Cell16626,Group5,Batch7
Cell16627,Group2,Batch7
Cell16628,Group5,Batch7
Cell16629,Group5,Batch7
Cell16630,Group8,Batch7
Cell16631,Group10,Batch7
Cell16632,Group6,Batch7
Cell16633,Group5,Batch7
Cell16634,Group2,Batch7
Cell16635,Group5,Batch7
Cell16636,Group6,Batch7
Cell16637,Group10,Batch7
Cell16638,Group8,Batch7
Cell16639,Group7,Batch7
Cell16640,Group5,Batch7
Cell16641,Group8,Batch7
Cell16642,Group10,Batch7
Cell16643,Group2,Batch7
Cell16644,Group4,Batch7
Cell16645,Group10,Batch7
Cell16646,Group7,Batch7
Cell16647,Group8,Batch7
Cell16648,Group2,Batch7
Cell16649,Group7,Batch7
Cell16650,Group8,Batch7
Cell16651,Group10,Batch7
Cell16652,Group6,Batch7
Cell16653,Group10,Batch7
Cell16654,Group1,Batch7
Cell16655,Group2,Batch7
Cell16656,Group7,Batch7
Cell16657,Group3,Batch7
Cell16658,Group6,Batch7
Cell16659,Group2,Batch7
Cell16660,Group2,Batch7
Cell16661,Group6,Batch7
Cell16662,Group5,Batch7
Cell16663,Group6,Batch7
Cell16664,Group4,Batch7
Cell16665,Group7,Batch7
Cell16666,Group5,Batch7
Cell16667,Group7,Batch7
Cell16668,Group6,Batch7
Cell16669,Group7,Batch7
Cell16670,Group9,Batch7
Cell16671,Group8,Batch7
Cell16672,Group6,Batch7
Cell16673,Group1,Batch7
Cell16674,Group3,Batch7
Cell16675,Group7,Batch7
Cell16676,Group6,Batch7
Cell16677,Group1,Batch7
Cell16678,Group1,Batch7
Cell16679,Group5,Batch7
Cell16680,Group4,Batch7
Cell16681,Group2,Batch7
Cell16682,Group1,Batch7
Cell16683,Group2,Batch7
Cell16684,Group8,Batch7
Cell16685,Group3,Batch7
Cell16686,Group6,Batch7
Cell16687,Group3,Batch7
Cell16688,Group3,Batch7
Cell16689,Group8,Batch7
Cell16690,Group6,Batch7
Cell16691,Group3,Batch7
Cell16692,Group2,Batch7
Cell16693,Group7,Batch7
Cell16694,Group1,Batch7
Cell16695,Group1,Batch7
Cell16696,Group3,Batch7
Cell16697,Group7,Batch7
Cell16698,Group5,Batch7
Cell16699,Group8,Batch7
Cell16700,Group5,Batch7
Cell16701,Group1,Batch7
Cell16702,Group1,Batch7
Cell16703,Group7,Batch7
Cell16704,Group2,Batch7
Cell16705,Group5,Batch7
Cell16706,Group4,Batch7
Cell16707,Group2,Batch7
Cell16708,Group1,Batch7
Cell16709,Group6,Batch7
Cell16710,Group1,Batch7
Cell16711,Group6,Batch7
Cell16712,Group6,Batch7
Cell16713,Group9,Batch7
Cell16714,Group7,Batch7
Cell16715,Group5,Batch7
Cell16716,Group2,Batch7
Cell16717,Group3,Batch7
Cell16718,Group1,Batch7
Cell16719,Group1,Batch7
Cell16720,Group1,Batch7
Cell16721,Group10,Batch7
Cell16722,Group5,Batch7
Cell16723,Group6,Batch7
Cell16724,Group5,Batch7
Cell16725,Group8,Batch7
Cell16726,Group1,Batch7
Cell16727,Group1,Batch7
Cell16728,Group7,Batch7
Cell16729,Group7,Batch7
Cell16730,Group9,Batch7
Cell16731,Group9,Batch7
Cell16732,Group5,Batch7
Cell16733,Group1,Batch7
Cell16734,Group8,Batch7
Cell16735,Group9,Batch7
Cell16736,Group5,Batch7
Cell16737,Group8,Batch7
Cell16738,Group7,Batch7
Cell16739,Group1,Batch7
Cell16740,Group10,Batch7
Cell16741,Group5,Batch7
Cell16742,Group1,Batch7
Cell16743,Group10,Batch7
Cell16744,Group6,Batch7
Cell16745,Group5,Batch7
Cell16746,Group1,Batch7
Cell16747,Group7,Batch7
Cell16748,Group7,Batch7
Cell16749,Group6,Batch7
Cell16750,Group5,Batch7
Cell16751,Group7,Batch7
Cell16752,Group2,Batch7
Cell16753,Group6,Batch7
Cell16754,Group6,Batch7
Cell16755,Group6,Batch7
Cell16756,Group3,Batch7
Cell16757,Group3,Batch7
Cell16758,Group7,Batch7
Cell16759,Group7,Batch7
Cell16760,Group6,Batch7
Cell16761,Group10,Batch7
Cell16762,Group3,Batch7
Cell16763,Group4,Batch7
Cell16764,Group9,Batch7
Cell16765,Group7,Batch7
Cell16766,Group9,Batch7
Cell16767,Group10,Batch7
Cell16768,Group1,Batch7
Cell16769,Group7,Batch7
Cell16770,Group2,Batch7
Cell16771,Group1,Batch7
Cell16772,Group2,Batch7
Cell16773,Group7,Batch7
Cell16774,Group1,Batch7
Cell16775,Group3,Batch7
Cell16776,Group2,Batch7
Cell16777,Group8,Batch7
Cell16778,Group7,Batch7
Cell16779,Group8,Batch7
Cell16780,Group4,Batch7
Cell16781,Group10,Batch7
Cell16782,Group9,Batch7
Cell16783,Group3,Batch7
Cell16784,Group10,Batch7
Cell16785,Group1,Batch7
Cell16786,Group1,Batch7
Cell16787,Group10,Batch7
Cell16788,Group9,Batch7
Cell16789,Group9,Batch7
Cell16790,Group3,Batch7
Cell16791,Group7,Batch7
Cell16792,Group5,Batch7
Cell16793,Group8,Batch7
Cell16794,Group1,Batch7
Cell16795,Group10,Batch7
Cell16796,Group9,Batch7
Cell16797,Group9,Batch7
Cell16798,Group5,Batch7
Cell16799,Group7,Batch7
Cell16800,Group1,Batch7
Cell16801,Group5,Batch7
Cell16802,Group4,Batch7
Cell16803,Group2,Batch7
Cell16804,Group1,Batch7
Cell16805,Group10,Batch7
Cell16806,Group1,Batch7
Cell16807,Group3,Batch7
Cell16808,Group4,Batch7
Cell16809,Group1,Batch7
Cell16810,Group7,Batch7
Cell16811,Group3,Batch7
Cell16812,Group7,Batch7
Cell16813,Group8,Batch7
Cell16814,Group1,Batch7
Cell16815,Group1,Batch7
Cell16816,Group3,Batch7
Cell16817,Group10,Batch7
Cell16818,Group6,Batch7
Cell16819,Group1,Batch7
Cell16820,Group10,Batch7
Cell16821,Group2,Batch7
Cell16822,Group6,Batch7
Cell16823,Group5,Batch7
Cell16824,Group7,Batch7
Cell16825,Group8,Batch7
Cell16826,Group5,Batch7
Cell16827,Group3,Batch7
Cell16828,Group10,Batch7
Cell16829,Group9,Batch7
Cell16830,Group2,Batch7
Cell16831,Group3,Batch7
Cell16832,Group2,Batch7
Cell16833,Group2,Batch7
Cell16834,Group7,Batch7
Cell16835,Group8,Batch7
Cell16836,Group10,Batch7
Cell16837,Group10,Batch7
Cell16838,Group4,Batch7
Cell16839,Group9,Batch7
Cell16840,Group3,Batch7
Cell16841,Group8,Batch7
Cell16842,Group6,Batch7
Cell16843,Group1,Batch7
Cell16844,Group5,Batch7
Cell16845,Group8,Batch7
Cell16846,Group7,Batch7
Cell16847,Group6,Batch7
Cell16848,Group7,Batch7
Cell16849,Group8,Batch7
Cell16850,Group1,Batch7
Cell16851,Group7,Batch7
Cell16852,Group10,Batch7
Cell16853,Group10,Batch7
Cell16854,Group2,Batch7
Cell16855,Group3,Batch7
Cell16856,Group1,Batch7
Cell16857,Group7,Batch7
Cell16858,Group8,Batch7
Cell16859,Group2,Batch7
Cell16860,Group3,Batch7
Cell16861,Group9,Batch7
Cell16862,Group1,Batch7
Cell16863,Group9,Batch7
Cell16864,Group4,Batch7
Cell16865,Group8,Batch7
Cell16866,Group4,Batch7
Cell16867,Group6,Batch7
Cell16868,Group5,Batch7
Cell16869,Group8,Batch7
Cell16870,Group8,Batch7
Cell16871,Group1,Batch7
Cell16872,Group10,Batch7
Cell16873,Group3,Batch7
Cell16874,Group3,Batch7
Cell16875,Group7,Batch7
Cell16876,Group7,Batch7
Cell16877,Group9,Batch7
Cell16878,Group1,Batch7
Cell16879,Group7,Batch7
Cell16880,Group9,Batch7
Cell16881,Group2,Batch7
Cell16882,Group9,Batch7
Cell16883,Group5,Batch7
Cell16884,Group7,Batch7
Cell16885,Group6,Batch7
Cell16886,Group4,Batch7
Cell16887,Group6,Batch7
Cell16888,Group9,Batch7
Cell16889,Group3,Batch7
Cell16890,Group5,Batch7
Cell16891,Group3,Batch7
Cell16892,Group3,Batch7
Cell16893,Group3,Batch7
Cell16894,Group8,Batch7
Cell16895,Group5,Batch7
Cell16896,Group4,Batch7
Cell16897,Group7,Batch7
Cell16898,Group7,Batch7
Cell16899,Group8,Batch7
Cell16900,Group4,Batch7
Cell16901,Group1,Batch7
Cell16902,Group8,Batch7
Cell16903,Group7,Batch7
Cell16904,Group8,Batch7
Cell16905,Group6,Batch7
Cell16906,Group9,Batch7
Cell16907,Group10,Batch7
Cell16908,Group1,Batch7
Cell16909,Group6,Batch7
Cell16910,Group10,Batch7
Cell16911,Group3,Batch7
Cell16912,Group7,Batch7
Cell16913,Group8,Batch7
Cell16914,Group5,Batch7
Cell16915,Group1,Batch7
Cell16916,Group8,Batch7
Cell16917,Group1,Batch7
Cell16918,Group7,Batch7
Cell16919,Group7,Batch7
Cell16920,Group3,Batch7
Cell16921,Group8,Batch7
Cell16922,Group8,Batch7
Cell16923,Group2,Batch7
Cell16924,Group9,Batch7
Cell16925,Group2,Batch7
Cell16926,Group3,Batch7
Cell16927,Group7,Batch7
Cell16928,Group1,Batch7
Cell16929,Group7,Batch7
Cell16930,Group9,Batch7
Cell16931,Group1,Batch7
Cell16932,Group9,Batch7
Cell16933,Group1,Batch7
Cell16934,Group2,Batch7
Cell16935,Group7,Batch7
Cell16936,Group3,Batch7
Cell16937,Group3,Batch7
Cell16938,Group4,Batch7
Cell16939,Group2,Batch7
Cell16940,Group1,Batch7
Cell16941,Group9,Batch7
Cell16942,Group1,Batch7
Cell16943,Group6,Batch7
Cell16944,Group1,Batch7
Cell16945,Group6,Batch7
Cell16946,Group6,Batch7
Cell16947,Group1,Batch7
Cell16948,Group1,Batch7
Cell16949,Group5,Batch7
Cell16950,Group7,Batch7
Cell16951,Group2,Batch7
Cell16952,Group8,Batch7
Cell16953,Group7,Batch7
Cell16954,Group5,Batch7
Cell16955,Group6,Batch7
Cell16956,Group5,Batch7
Cell16957,Group10,Batch7
Cell16958,Group5,Batch7
Cell16959,Group6,Batch7
Cell16960,Group1,Batch7
Cell16961,Group2,Batch7
Cell16962,Group6,Batch7
Cell16963,Group10,Batch7
Cell16964,Group8,Batch7
Cell16965,Group2,Batch7
Cell16966,Group1,Batch7
Cell16967,Group5,Batch7
Cell16968,Group3,Batch7
Cell16969,Group3,Batch7
Cell16970,Group7,Batch7
Cell16971,Group2,Batch7
Cell16972,Group10,Batch7
Cell16973,Group3,Batch7
Cell16974,Group10,Batch7
Cell16975,Group7,Batch7
Cell16976,Group1,Batch7
Cell16977,Group7,Batch7
Cell16978,Group8,Batch7
Cell16979,Group8,Batch7
Cell16980,Group7,Batch7
Cell16981,Group4,Batch7
Cell16982,Group9,Batch7
Cell16983,Group5,Batch7
Cell16984,Group6,Batch7
Cell16985,Group8,Batch7
Cell16986,Group5,Batch7
Cell16987,Group6,Batch7
Cell16988,Group8,Batch7
Cell16989,Group6,Batch7
Cell16990,Group1,Batch7
Cell16991,Group7,Batch7
Cell16992,Group10,Batch7
Cell16993,Group8,Batch7
Cell16994,Group9,Batch7
Cell16995,Group3,Batch7
Cell16996,Group8,Batch7
Cell16997,Group1,Batch7
Cell16998,Group6,Batch7
Cell16999,Group1,Batch7
Cell17000,Group6,Batch7
Cell17001,Group3,Batch8
Cell17002,Group7,Batch8
Cell17003,Group9,Batch8
Cell17004,Group6,Batch8
Cell17005,Group1,Batch8
Cell17006,Group7,Batch8
Cell17007,Group3,Batch8
Cell17008,Group5,Batch8
Cell17009,Group9,Batch8
Cell17010,Group8,Batch8
Cell17011,Group7,Batch8
Cell17012,Group2,Batch8
Cell17013,Group4,Batch8
Cell17014,Group2,Batch8
Cell17015,Group8,Batch8
Cell17016,Group8,Batch8
Cell17017,Group5,Batch8
Cell17018,Group5,Batch8
Cell17019,Group1,Batch8
Cell17020,Group1,Batch8
Cell17021,Group9,Batch8
Cell17022,Group8,Batch8
Cell17023,Group1,Batch8
Cell17024,Group5,Batch8
Cell17025,Group6,Batch8
Cell17026,Group1,Batch8
Cell17027,Group1,Batch8
Cell17028,Group4,Batch8
Cell17029,Group1,Batch8
Cell17030,Group7,Batch8
Cell17031,Group9,Batch8
Cell17032,Group10,Batch8
Cell17033,Group7,Batch8
Cell17034,Group9,Batch8
Cell17035,Group1,Batch8
Cell17036,Group1,Batch8
Cell17037,Group10,Batch8
Cell17038,Group2,Batch8
Cell17039,Group2,Batch8
Cell17040,Group1,Batch8
Cell17041,Group9,Batch8
Cell17042,Group10,Batch8
Cell17043,Group7,Batch8
Cell17044,Group4,Batch8
Cell17045,Group2,Batch8
Cell17046,Group8,Batch8
Cell17047,Group8,Batch8
Cell17048,Group7,Batch8
Cell17049,Group8,Batch8
Cell17050,Group10,Batch8
Cell17051,Group4,Batch8
Cell17052,Group9,Batch8
Cell17053,Group7,Batch8
Cell17054,Group2,Batch8
Cell17055,Group5,Batch8
Cell17056,Group1,Batch8
Cell17057,Group2,Batch8
Cell17058,Group8,Batch8
Cell17059,Group6,Batch8
Cell17060,Group2,Batch8
Cell17061,Group7,Batch8
Cell17062,Group10,Batch8
Cell17063,Group1,Batch8
Cell17064,Group10,Batch8
Cell17065,Group9,Batch8
Cell17066,Group5,Batch8
Cell17067,Group5,Batch8
Cell17068,Group1,Batch8
Cell17069,Group7,Batch8
Cell17070,Group7,Batch8
Cell17071,Group1,Batch8
Cell17072,Group10,Batch8
Cell17073,Group7,Batch8
Cell17074,Group8,Batch8
Cell17075,Group3,Batch8
Cell17076,Group7,Batch8
Cell17077,Group4,Batch8
Cell17078,Group4,Batch8
Cell17079,Group3,Batch8
Cell17080,Group1,Batch8
Cell17081,Group1,Batch8
Cell17082,Group3,Batch8
Cell17083,Group2,Batch8
Cell17084,Group3,Batch8
Cell17085,Group5,Batch8
Cell17086,Group7,Batch8
Cell17087,Group7,Batch8
Cell17088,Group1,Batch8
Cell17089,Group1,Batch8
Cell17090,Group7,Batch8
Cell17091,Group2,Batch8
Cell17092,Group8,Batch8
Cell17093,Group6,Batch8
Cell17094,Group2,Batch8
Cell17095,Group7,Batch8
Cell17096,Group8,Batch8
Cell17097,Group3,Batch8
Cell17098,Group6,Batch8
Cell17099,Group7,Batch8
Cell17100,Group3,Batch8
Cell17101,Group6,Batch8
Cell17102,Group9,Batch8
Cell17103,Group10,Batch8
Cell17104,Group8,Batch8
Cell17105,Group5,Batch8
Cell17106,Group7,Batch8
Cell17107,Group6,Batch8
Cell17108,Group9,Batch8
Cell17109,Group8,Batch8
Cell17110,Group1,Batch8
Cell17111,Group1,Batch8
Cell17112,Group9,Batch8
Cell17113,Group5,Batch8
Cell17114,Group1,Batch8
Cell17115,Group1,Batch8
Cell17116,Group2,Batch8
Cell17117,Group3,Batch8
Cell17118,Group5,Batch8
Cell17119,Group3,Batch8
Cell17120,Group1,Batch8
Cell17121,Group10,Batch8
Cell17122,Group1,Batch8
Cell17123,Group6,Batch8
Cell17124,Group7,Batch8
Cell17125,Group3,Batch8
Cell17126,Group6,Batch8
Cell17127,Group6,Batch8
Cell17128,Group3,Batch8
Cell17129,Group10,Batch8
Cell17130,Group6,Batch8
Cell17131,Group6,Batch8
Cell17132,Group5,Batch8
Cell17133,Group1,Batch8
Cell17134,Group2,Batch8
Cell17135,Group10,Batch8
Cell17136,Group1,Batch8
Cell17137,Group1,Batch8
Cell17138,Group10,Batch8
Cell17139,Group1,Batch8
Cell17140,Group6,Batch8
Cell17141,Group5,Batch8
Cell17142,Group7,Batch8
Cell17143,Group1,Batch8
Cell17144,Group5,Batch8
Cell17145,Group8,Batch8
Cell17146,Group4,Batch8
Cell17147,Group8,Batch8
Cell17148,Group10,Batch8
Cell17149,Group4,Batch8
Cell17150,Group10,Batch8
Cell17151,Group5,Batch8
Cell17152,Group10,Batch8
Cell17153,Group5,Batch8
Cell17154,Group1,Batch8
Cell17155,Group2,Batch8
Cell17156,Group9,Batch8
Cell17157,Group1,Batch8
Cell17158,Group7,Batch8
Cell17159,Group7,Batch8
Cell17160,Group3,Batch8
Cell17161,Group7,Batch8
Cell17162,Group6,Batch8
Cell17163,Group5,Batch8
Cell17164,Group5,Batch8
Cell17165,Group10,Batch8
Cell17166,Group2,Batch8
Cell17167,Group2,Batch8
Cell17168,Group2,Batch8
Cell17169,Group2,Batch8
Cell17170,Group3,Batch8
Cell17171,Group2,Batch8
Cell17172,Group5,Batch8
Cell17173,Group6,Batch8
Cell17174,Group1,Batch8
Cell17175,Group10,Batch8
Cell17176,Group1,Batch8
Cell17177,Group7,Batch8
Cell17178,Group7,Batch8
Cell17179,Group10,Batch8
Cell17180,Group7,Batch8
Cell17181,Group6,Batch8
Cell17182,Group8,Batch8
Cell17183,Group10,Batch8
Cell17184,Group6,Batch8
Cell17185,Group5,Batch8
Cell17186,Group8,Batch8
Cell17187,Group8,Batch8
Cell17188,Group5,Batch8
Cell17189,Group10,Batch8
Cell17190,Group9,Batch8
Cell17191,Group7,Batch8
Cell17192,Group7,Batch8
Cell17193,Group1,Batch8
Cell17194,Group5,Batch8
Cell17195,Group1,Batch8
Cell17196,Group8,Batch8
Cell17197,Group4,Batch8
Cell17198,Group7,Batch8
Cell17199,Group7,Batch8
Cell17200,Group5,Batch8
Cell17201,Group9,Batch8
Cell17202,Group6,Batch8
Cell17203,Group5,Batch8
Cell17204,Group7,Batch8
Cell17205,Group7,Batch8
Cell17206,Group5,Batch8
Cell17207,Group3,Batch8
Cell17208,Group8,Batch8
Cell17209,Group9,Batch8
Cell17210,Group8,Batch8
Cell17211,Group9,Batch8
Cell17212,Group7,Batch8
Cell17213,Group5,Batch8
Cell17214,Group7,Batch8
Cell17215,Group6,Batch8
Cell17216,Group3,Batch8
Cell17217,Group10,Batch8
Cell17218,Group2,Batch8
Cell17219,Group3,Batch8
Cell17220,Group2,Batch8
Cell17221,Group1,Batch8
Cell17222,Group2,Batch8
Cell17223,Group5,Batch8
Cell17224,Group7,Batch8
Cell17225,Group6,Batch8
Cell17226,Group9,Batch8
Cell17227,Group1,Batch8
Cell17228,Group7,Batch8
Cell17229,Group6,Batch8
Cell17230,Group8,Batch8
Cell17231,Group8,Batch8
Cell17232,Group4,Batch8
Cell17233,Group2,Batch8
Cell17234,Group9,Batch8
Cell17235,Group5,Batch8
Cell17236,Group10,Batch8
Cell17237,Group6,Batch8
Cell17238,Group4,Batch8
Cell17239,Group5,Batch8
Cell17240,Group6,Batch8
Cell17241,Group8,Batch8
Cell17242,Group7,Batch8
Cell17243,Group7,Batch8
Cell17244,Group10,Batch8
Cell17245,Group7,Batch8
Cell17246,Group1,Batch8
Cell17247,Group8,Batch8
Cell17248,Group7,Batch8
Cell17249,Group10,Batch8
Cell17250,Group5,Batch8
Cell17251,Group4,Batch8
Cell17252,Group3,Batch8
Cell17253,Group10,Batch8
Cell17254,Group2,Batch8
Cell17255,Group2,Batch8
Cell17256,Group8,Batch8
Cell17257,Group2,Batch8
Cell17258,Group1,Batch8
Cell17259,Group8,Batch8
Cell17260,Group9,Batch8
Cell17261,Group7,Batch8
Cell17262,Group5,Batch8
Cell17263,Group10,Batch8
Cell17264,Group6,Batch8
Cell17265,Group5,Batch8
Cell17266,Group1,Batch8
Cell17267,Group7,Batch8
Cell17268,Group6,Batch8
Cell17269,Group5,Batch8
Cell17270,Group7,Batch8
Cell17271,Group2,Batch8
Cell17272,Group10,Batch8
Cell17273,Group1,Batch8
Cell17274,Group8,Batch8
Cell17275,Group3,Batch8
Cell17276,Group8,Batch8
Cell17277,Group7,Batch8
Cell17278,Group5,Batch8
Cell17279,Group1,Batch8
Cell17280,Group1,Batch8
Cell17281,Group1,Batch8
Cell17282,Group6,Batch8
Cell17283,Group2,Batch8
Cell17284,Group1,Batch8
Cell17285,Group1,Batch8
Cell17286,Group6,Batch8
Cell17287,Group10,Batch8
Cell17288,Group5,Batch8
Cell17289,Group8,Batch8
Cell17290,Group7,Batch8
Cell17291,Group5,Batch8
Cell17292,Group9,Batch8
Cell17293,Group9,Batch8
Cell17294,Group3,Batch8
Cell17295,Group1,Batch8
Cell17296,Group5,Batch8
Cell17297,Group1,Batch8
Cell17298,Group2,Batch8
Cell17299,Group2,Batch8
Cell17300,Group6,Batch8
Cell17301,Group2,Batch8
Cell17302,Group2,Batch8
Cell17303,Group6,Batch8
Cell17304,Group6,Batch8
Cell17305,Group4,Batch8
Cell17306,Group9,Batch8
Cell17307,Group2,Batch8
Cell17308,Group7,Batch8
Cell17309,Group5,Batch8
Cell17310,Group1,Batch8
Cell17311,Group5,Batch8
Cell17312,Group8,Batch8
Cell17313,Group1,Batch8
Cell17314,Group1,Batch8
Cell17315,Group8,Batch8
Cell17316,Group1,Batch8
Cell17317,Group6,Batch8
Cell17318,Group1,Batch8
Cell17319,Group7,Batch8
Cell17320,Group8,Batch8
Cell17321,Group1,Batch8
Cell17322,Group8,Batch8
Cell17323,Group4,Batch8
Cell17324,Group6,Batch8
Cell17325,Group2,Batch8
Cell17326,Group7,Batch8
Cell17327,Group10,Batch8
Cell17328,Group3,Batch8
Cell17329,Group3,Batch8
Cell17330,Group8,Batch8
Cell17331,Group8,Batch8
Cell17332,Group2,Batch8
Cell17333,Group7,Batch8
Cell17334,Group3,Batch8
Cell17335,Group10,Batch8
Cell17336,Group3,Batch8
Cell17337,Group2,Batch8
Cell17338,Group6,Batch8
Cell17339,Group5,Batch8
Cell17340,Group1,Batch8
Cell17341,Group1,Batch8
Cell17342,Group5,Batch8
Cell17343,Group4,Batch8
Cell17344,Group9,Batch8
Cell17345,Group10,Batch8
Cell17346,Group1,Batch8
Cell17347,Group1,Batch8
Cell17348,Group10,Batch8
Cell17349,Group7,Batch8
Cell17350,Group2,Batch8
Cell17351,Group8,Batch8
Cell17352,Group9,Batch8
Cell17353,Group4,Batch8
Cell17354,Group7,Batch8
Cell17355,Group6,Batch8
Cell17356,Group2,Batch8
Cell17357,Group7,Batch8
Cell17358,Group6,Batch8
Cell17359,Group5,Batch8
Cell17360,Group5,Batch8
Cell17361,Group1,Batch8
Cell17362,Group5,Batch8
Cell17363,Group3,Batch8
Cell17364,Group7,Batch8
Cell17365,Group5,Batch8
Cell17366,Group8,Batch8
Cell17367,Group7,Batch8
Cell17368,Group8,Batch8
Cell17369,Group7,Batch8
Cell17370,Group1,Batch8
Cell17371,Group5,Batch8
Cell17372,Group5,Batch8
Cell17373,Group5,Batch8
Cell17374,Group2,Batch8
Cell17375,Group7,Batch8
Cell17376,Group3,Batch8
Cell17377,Group1,Batch8
Cell17378,Group9,Batch8
Cell17379,Group1,Batch8
Cell17380,Group7,Batch8
Cell17381,Group4,Batch8
Cell17382,Group8,Batch8
Cell17383,Group8,Batch8
Cell17384,Group4,Batch8
Cell17385,Group5,Batch8
Cell17386,Group7,Batch8
Cell17387,Group9,Batch8
Cell17388,Group8,Batch8
Cell17389,Group7,Batch8
Cell17390,Group9,Batch8
Cell17391,Group5,Batch8
Cell17392,Group5,Batch8
Cell17393,Group8,Batch8
Cell17394,Group1,Batch8
Cell17395,Group3,Batch8
Cell17396,Group5,Batch8
Cell17397,Group8,Batch8
Cell17398,Group2,Batch8
Cell17399,Group2,Batch8
Cell17400,Group7,Batch8
Cell17401,Group4,Batch8
Cell17402,Group1,Batch8
Cell17403,Group2,Batch8
Cell17404,Group7,Batch8
Cell17405,Group7,Batch8
Cell17406,Group2,Batch8
Cell17407,Group5,Batch8
Cell17408,Group3,Batch8
Cell17409,Group4,Batch8
Cell17410,Group1,Batch8
Cell17411,Group2,Batch8
Cell17412,Group10,Batch8
Cell17413,Group2,Batch8
Cell17414,Group7,Batch8
Cell17415,Group2,Batch8
Cell17416,Group10,Batch8
Cell17417,Group7,Batch8
Cell17418,Group10,Batch8
Cell17419,Group1,Batch8
Cell17420,Group8,Batch8
Cell17421,Group3,Batch8
Cell17422,Group6,Batch8
Cell17423,Group1,Batch8
Cell17424,Group8,Batch8
Cell17425,Group2,Batch8
Cell17426,Group2,Batch8
Cell17427,Group1,Batch8
Cell17428,Group1,Batch8
Cell17429,Group7,Batch8
Cell17430,Group2,Batch8
Cell17431,Group3,Batch8
Cell17432,Group5,Batch8
Cell17433,Group5,Batch8
Cell17434,Group4,Batch8
Cell17435,Group9,Batch8
Cell17436,Group2,Batch8
Cell17437,Group7,Batch8
Cell17438,Group1,Batch8
Cell17439,Group2,Batch8
Cell17440,Group7,Batch8
Cell17441,Group3,Batch8
Cell17442,Group3,Batch8
Cell17443,Group1,Batch8
Cell17444,Group10,Batch8
Cell17445,Group9,Batch8
Cell17446,Group7,Batch8
Cell17447,Group3,Batch8
Cell17448,Group3,Batch8
Cell17449,Group7,Batch8
Cell17450,Group9,Batch8
Cell17451,Group1,Batch8
Cell17452,Group9,Batch8
Cell17453,Group8,Batch8
Cell17454,Group3,Batch8
Cell17455,Group9,Batch8
Cell17456,Group8,Batch8
Cell17457,Group3,Batch8
Cell17458,Group1,Batch8
Cell17459,Group8,Batch8
Cell17460,Group1,Batch8
Cell17461,Group1,Batch8
Cell17462,Group1,Batch8
Cell17463,Group8,Batch8
Cell17464,Group5,Batch8
Cell17465,Group7,Batch8
Cell17466,Group7,Batch8
Cell17467,Group4,Batch8
Cell17468,Group6,Batch8
Cell17469,Group7,Batch8
Cell17470,Group5,Batch8
Cell17471,Group5,Batch8
Cell17472,Group7,Batch8
Cell17473,Group3,Batch8
Cell17474,Group4,Batch8
Cell17475,Group7,Batch8
Cell17476,Group8,Batch8
Cell17477,Group8,Batch8
Cell17478,Group1,Batch8
Cell17479,Group7,Batch8
Cell17480,Group3,Batch8
Cell17481,Group4,Batch8
Cell17482,Group3,Batch8
Cell17483,Group3,Batch8
Cell17484,Group2,Batch8
Cell17485,Group8,Batch8
Cell17486,Group10,Batch8
Cell17487,Group2,Batch8
Cell17488,Group7,Batch8
Cell17489,Group10,Batch8
Cell17490,Group6,Batch8
Cell17491,Group7,Batch8
Cell17492,Group8,Batch8
Cell17493,Group10,Batch8
Cell17494,Group2,Batch8
Cell17495,Group3,Batch8
Cell17496,Group3,Batch8
Cell17497,Group10,Batch8
Cell17498,Group2,Batch8
Cell17499,Group9,Batch8
Cell17500,Group2,Batch8
Cell17501,Group10,Batch8
Cell17502,Group8,Batch8
Cell17503,Group2,Batch8
Cell17504,Group9,Batch8
Cell17505,Group3,Batch8
Cell17506,Group8,Batch8
Cell17507,Group8,Batch8
Cell17508,Group5,Batch8
Cell17509,Group6,Batch8
Cell17510,Group6,Batch8
Cell17511,Group7,Batch8
Cell17512,Group8,Batch8
Cell17513,Group5,Batch8
Cell17514,Group7,Batch8
Cell17515,Group5,Batch8
Cell17516,Group8,Batch8
Cell17517,Group7,Batch8
Cell17518,Group2,Batch8
Cell17519,Group3,Batch8
Cell17520,Group8,Batch8
Cell17521,Group5,Batch8
Cell17522,Group8,Batch8
Cell17523,Group7,Batch8
Cell17524,Group4,Batch8
Cell17525,Group8,Batch8
Cell17526,Group3,Batch8
Cell17527,Group3,Batch8
Cell17528,Group3,Batch8
Cell17529,Group7,Batch8
Cell17530,Group4,Batch8
Cell17531,Group2,Batch8
Cell17532,Group3,Batch8
Cell17533,Group3,Batch8
Cell17534,Group4,Batch8
Cell17535,Group9,Batch8
Cell17536,Group1,Batch8
Cell17537,Group1,Batch8
Cell17538,Group5,Batch8
Cell17539,Group6,Batch8
Cell17540,Group6,Batch8
Cell17541,Group5,Batch8
Cell17542,Group5,Batch8
Cell17543,Group3,Batch8
Cell17544,Group4,Batch8
Cell17545,Group7,Batch8
Cell17546,Group1,Batch8
Cell17547,Group8,Batch8
Cell17548,Group2,Batch8
Cell17549,Group2,Batch8
Cell17550,Group8,Batch8
Cell17551,Group1,Batch8
Cell17552,Group9,Batch8
Cell17553,Group9,Batch8
Cell17554,Group4,Batch8
Cell17555,Group1,Batch8
Cell17556,Group6,Batch8
Cell17557,Group2,Batch8
Cell17558,Group10,Batch8
Cell17559,Group8,Batch8
Cell17560,Group10,Batch8
Cell17561,Group5,Batch8
Cell17562,Group6,Batch8
Cell17563,Group7,Batch8
Cell17564,Group4,Batch8
Cell17565,Group2,Batch8
Cell17566,Group8,Batch8
Cell17567,Group2,Batch8
Cell17568,Group5,Batch8
Cell17569,Group2,Batch8
Cell17570,Group8,Batch8
Cell17571,Group4,Batch8
Cell17572,Group6,Batch8
Cell17573,Group1,Batch8
Cell17574,Group6,Batch8
Cell17575,Group3,Batch8
Cell17576,Group7,Batch8
Cell17577,Group3,Batch8
Cell17578,Group10,Batch8
Cell17579,Group6,Batch8
Cell17580,Group9,Batch8
Cell17581,Group8,Batch8
Cell17582,Group8,Batch8
Cell17583,Group8,Batch8
Cell17584,Group6,Batch8
Cell17585,Group3,Batch8
Cell17586,Group7,Batch8
Cell17587,Group8,Batch8
Cell17588,Group5,Batch8
Cell17589,Group7,Batch8
Cell17590,Group10,Batch8
Cell17591,Group9,Batch8
Cell17592,Group1,Batch8
Cell17593,Group10,Batch8
Cell17594,Group10,Batch8
Cell17595,Group1,Batch8
Cell17596,Group4,Batch8
Cell17597,Group2,Batch8
Cell17598,Group3,Batch8
Cell17599,Group10,Batch8
Cell17600,Group4,Batch8
Cell17601,Group1,Batch8
Cell17602,Group6,Batch8
Cell17603,Group3,Batch8
Cell17604,Group5,Batch8
Cell17605,Group7,Batch8
Cell17606,Group8,Batch8
Cell17607,Group3,Batch8
Cell17608,Group8,Batch8
Cell17609,Group7,Batch8
Cell17610,Group8,Batch8
Cell17611,Group3,Batch8
Cell17612,Group2,Batch8
Cell17613,Group4,Batch8
Cell17614,Group3,Batch8
Cell17615,Group7,Batch8
Cell17616,Group9,Batch8
Cell17617,Group1,Batch8
Cell17618,Group5,Batch8
Cell17619,Group2,Batch8
Cell17620,Group2,Batch8
Cell17621,Group5,Batch8
Cell17622,Group2,Batch8
Cell17623,Group6,Batch8
Cell17624,Group2,Batch8
Cell17625,Group10,Batch8
Cell17626,Group5,Batch8
Cell17627,Group2,Batch8
Cell17628,Group6,Batch8
Cell17629,Group8,Batch8
Cell17630,Group8,Batch8
Cell17631,Group2,Batch8
Cell17632,Group7,Batch8
Cell17633,Group8,Batch8
Cell17634,Group8,Batch8
Cell17635,Group5,Batch8
Cell17636,Group1,Batch8
Cell17637,Group7,Batch8
Cell17638,Group5,Batch8
Cell17639,Group1,Batch8
Cell17640,Group9,Batch8
Cell17641,Group8,Batch8
Cell17642,Group5,Batch8
Cell17643,Group3,Batch8
Cell17644,Group3,Batch8
Cell17645,Group5,Batch8
Cell17646,Group5,Batch8
Cell17647,Group2,Batch8
Cell17648,Group2,Batch8
Cell17649,Group3,Batch8
Cell17650,Group10,Batch8
Cell17651,Group5,Batch8
Cell17652,Group8,Batch8
Cell17653,Group2,Batch8
Cell17654,Group1,Batch8
Cell17655,Group7,Batch8
Cell17656,Group3,Batch8
Cell17657,Group5,Batch8
Cell17658,Group7,Batch8
Cell17659,Group6,Batch8
Cell17660,Group9,Batch8
Cell17661,Group5,Batch8
Cell17662,Group10,Batch8
Cell17663,Group1,Batch8
Cell17664,Group1,Batch8
Cell17665,Group4,Batch8
Cell17666,Group5,Batch8
Cell17667,Group7,Batch8
Cell17668,Group3,Batch8
Cell17669,Group4,Batch8
Cell17670,Group7,Batch8
Cell17671,Group7,Batch8
Cell17672,Group3,Batch8
Cell17673,Group8,Batch8
Cell17674,Group1,Batch8
Cell17675,Group10,Batch8
Cell17676,Group3,Batch8
Cell17677,Group6,Batch8
Cell17678,Group7,Batch8
Cell17679,Group1,Batch8
Cell17680,Group6,Batch8
Cell17681,Group4,Batch8
Cell17682,Group6,Batch8
Cell17683,Group2,Batch8
Cell17684,Group9,Batch8
Cell17685,Group4,Batch8
Cell17686,Group7,Batch8
Cell17687,Group2,Batch8
Cell17688,Group7,Batch8
Cell17689,Group7,Batch8
Cell17690,Group5,Batch8
Cell17691,Group2,Batch8
Cell17692,Group3,Batch8
Cell17693,Group5,Batch8
Cell17694,Group5,Batch8
Cell17695,Group1,Batch8
Cell17696,Group4,Batch8
Cell17697,Group3,Batch8
Cell17698,Group2,Batch8
Cell17699,Group5,Batch8
Cell17700,Group9,Batch8
Cell17701,Group10,Batch8
Cell17702,Group6,Batch8
Cell17703,Group7,Batch8
Cell17704,Group3,Batch8
Cell17705,Group6,Batch8
Cell17706,Group1,Batch8
Cell17707,Group2,Batch8
Cell17708,Group2,Batch8
Cell17709,Group10,Batch8
Cell17710,Group1,Batch8
Cell17711,Group5,Batch8
Cell17712,Group9,Batch8
Cell17713,Group3,Batch8
Cell17714,Group5,Batch8
Cell17715,Group1,Batch8
Cell17716,Group5,Batch8
Cell17717,Group3,Batch8
Cell17718,Group3,Batch8
Cell17719,Group1,Batch8
Cell17720,Group9,Batch8
Cell17721,Group2,Batch8
Cell17722,Group8,Batch8
Cell17723,Group8,Batch8
Cell17724,Group1,Batch8
Cell17725,Group2,Batch8
Cell17726,Group1,Batch8
Cell17727,Group2,Batch8
Cell17728,Group1,Batch8
Cell17729,Group8,Batch8
Cell17730,Group2,Batch8
Cell17731,Group5,Batch8
Cell17732,Group7,Batch8
Cell17733,Group1,Batch8
Cell17734,Group8,Batch8
Cell17735,Group3,Batch8
Cell17736,Group10,Batch8
Cell17737,Group8,Batch8
Cell17738,Group5,Batch8
Cell17739,Group5,Batch8
Cell17740,Group2,Batch8
Cell17741,Group5,Batch8
Cell17742,Group3,Batch8
Cell17743,Group10,Batch8
Cell17744,Group10,Batch8
Cell17745,Group7,Batch8
Cell17746,Group6,Batch8
Cell17747,Group5,Batch8
Cell17748,Group10,Batch8
Cell17749,Group5,Batch8
Cell17750,Group1,Batch8
Cell17751,Group2,Batch8
Cell17752,Group8,Batch8
Cell17753,Group9,Batch8
Cell17754,Group6,Batch8
Cell17755,Group7,Batch8
Cell17756,Group7,Batch8
Cell17757,Group5,Batch8
Cell17758,Group2,Batch8
Cell17759,Group5,Batch8
Cell17760,Group1,Batch8
Cell17761,Group8,Batch8
Cell17762,Group5,Batch8
Cell17763,Group8,Batch8
Cell17764,Group5,Batch8
Cell17765,Group6,Batch8
Cell17766,Group2,Batch8
Cell17767,Group1,Batch8
Cell17768,Group3,Batch8
Cell17769,Group8,Batch8
Cell17770,Group7,Batch8
Cell17771,Group2,Batch8
Cell17772,Group10,Batch8
Cell17773,Group1,Batch8
Cell17774,Group6,Batch8
Cell17775,Group9,Batch8
Cell17776,Group10,Batch8
Cell17777,Group5,Batch8
Cell17778,Group1,Batch8
Cell17779,Group7,Batch8
Cell17780,Group5,Batch8
Cell17781,Group1,Batch8
Cell17782,Group8,Batch8
Cell17783,Group10,Batch8
Cell17784,Group7,Batch8
Cell17785,Group1,Batch8
Cell17786,Group7,Batch8
Cell17787,Group6,Batch8
Cell17788,Group7,Batch8
Cell17789,Group10,Batch8
Cell17790,Group8,Batch8
Cell17791,Group9,Batch8
Cell17792,Group1,Batch8
Cell17793,Group1,Batch8
Cell17794,Group7,Batch8
Cell17795,Group7,Batch8
Cell17796,Group4,Batch8
Cell17797,Group9,Batch8
Cell17798,Group8,Batch8
Cell17799,Group1,Batch8
Cell17800,Group4,Batch8
Cell17801,Group6,Batch8
Cell17802,Group8,Batch8
Cell17803,Group7,Batch8
Cell17804,Group4,Batch8
Cell17805,Group10,Batch8
Cell17806,Group8,Batch8
Cell17807,Group2,Batch8
Cell17808,Group6,Batch8
Cell17809,Group1,Batch8
Cell17810,Group9,Batch8
Cell17811,Group7,Batch8
Cell17812,Group7,Batch8
Cell17813,Group1,Batch8
Cell17814,Group9,Batch8
Cell17815,Group9,Batch8
Cell17816,Group10,Batch8
Cell17817,Group5,Batch8
Cell17818,Group7,Batch8
Cell17819,Group6,Batch8
Cell17820,Group2,Batch8
Cell17821,Group5,Batch8
Cell17822,Group2,Batch8
Cell17823,Group5,Batch8
Cell17824,Group6,Batch8
Cell17825,Group6,Batch8
Cell17826,Group6,Batch8
Cell17827,Group5,Batch8
Cell17828,Group5,Batch8
Cell17829,Group1,Batch8
Cell17830,Group7,Batch8
Cell17831,Group8,Batch8
Cell17832,Group1,Batch8
Cell17833,Group5,Batch8
Cell17834,Group1,Batch8
Cell17835,Group7,Batch8
Cell17836,Group1,Batch8
Cell17837,Group6,Batch8
Cell17838,Group1,Batch8
Cell17839,Group2,Batch8
Cell17840,Group7,Batch8
Cell17841,Group6,Batch8
Cell17842,Group8,Batch8
Cell17843,Group5,Batch8
Cell17844,Group5,Batch8
Cell17845,Group10,Batch8
Cell17846,Group4,Batch8
Cell17847,Group4,Batch8
Cell17848,Group7,Batch8
Cell17849,Group7,Batch8
Cell17850,Group7,Batch8
Cell17851,Group5,Batch8
Cell17852,Group2,Batch8
Cell17853,Group6,Batch8
Cell17854,Group3,Batch8
Cell17855,Group7,Batch8
Cell17856,Group8,Batch8
Cell17857,Group2,Batch8
Cell17858,Group3,Batch8
Cell17859,Group6,Batch8
Cell17860,Group6,Batch8
Cell17861,Group7,Batch8
Cell17862,Group7,Batch8
Cell17863,Group8,Batch8
Cell17864,Group10,Batch8
Cell17865,Group7,Batch8
Cell17866,Group2,Batch8
Cell17867,Group3,Batch8
Cell17868,Group7,Batch8
Cell17869,Group5,Batch8
Cell17870,Group7,Batch8
Cell17871,Group8,Batch8
Cell17872,Group7,Batch8
Cell17873,Group4,Batch8
Cell17874,Group5,Batch8
Cell17875,Group2,Batch8
Cell17876,Group6,Batch8
Cell17877,Group6,Batch8
Cell17878,Group2,Batch8
Cell17879,Group8,Batch8
Cell17880,Group7,Batch8
Cell17881,Group7,Batch8
Cell17882,Group4,Batch8
Cell17883,Group8,Batch8
Cell17884,Group5,Batch8
Cell17885,Group6,Batch8
Cell17886,Group7,Batch8
Cell17887,Group8,Batch8
Cell17888,Group1,Batch8
Cell17889,Group1,Batch8
Cell17890,Group3,Batch8
Cell17891,Group2,Batch8
Cell17892,Group6,Batch8
Cell17893,Group5,Batch8
Cell17894,Group1,Batch8
Cell17895,Group3,Batch8
Cell17896,Group8,Batch8
Cell17897,Group5,Batch8
Cell17898,Group5,Batch8
Cell17899,Group7,Batch8
Cell17900,Group2,Batch8
Cell17901,Group3,Batch8
Cell17902,Group6,Batch8
Cell17903,Group6,Batch8
Cell17904,Group3,Batch8
Cell17905,Group9,Batch8
Cell17906,Group5,Batch8
Cell17907,Group3,Batch8
Cell17908,Group3,Batch8
Cell17909,Group7,Batch8
Cell17910,Group6,Batch8
Cell17911,Group1,Batch8
Cell17912,Group7,Batch8
Cell17913,Group6,Batch8
Cell17914,Group10,Batch8
Cell17915,Group2,Batch8
Cell17916,Group6,Batch8
Cell17917,Group7,Batch8
Cell17918,Group10,Batch8
Cell17919,Group10,Batch8
Cell17920,Group2,Batch8
Cell17921,Group1,Batch8
Cell17922,Group7,Batch8
Cell17923,Group6,Batch8
Cell17924,Group5,Batch8
Cell17925,Group10,Batch8
Cell17926,Group9,Batch8
Cell17927,Group10,Batch8
Cell17928,Group8,Batch8
Cell17929,Group4,Batch8
Cell17930,Group9,Batch8
Cell17931,Group1,Batch8
Cell17932,Group6,Batch8
Cell17933,Group3,Batch8
Cell17934,Group9,Batch8
Cell17935,Group7,Batch8
Cell17936,Group2,Batch8
Cell17937,Group2,Batch8
Cell17938,Group6,Batch8
Cell17939,Group10,Batch8
Cell17940,Group6,Batch8
Cell17941,Group8,Batch8
Cell17942,Group3,Batch8
Cell17943,Group5,Batch8
Cell17944,Group10,Batch8
Cell17945,Group10,Batch8
Cell17946,Group1,Batch8
Cell17947,Group5,Batch8
Cell17948,Group5,Batch8
Cell17949,Group8,Batch8
Cell17950,Group7,Batch8
Cell17951,Group10,Batch8
Cell17952,Group2,Batch8
Cell17953,Group4,Batch8
Cell17954,Group6,Batch8
Cell17955,Group5,Batch8
Cell17956,Group4,Batch8
Cell17957,Group5,Batch8
Cell17958,Group4,Batch8
Cell17959,Group3,Batch8
Cell17960,Group6,Batch8
Cell17961,Group8,Batch8
Cell17962,Group4,Batch8
Cell17963,Group7,Batch8
Cell17964,Group2,Batch8
Cell17965,Group10,Batch8
Cell17966,Group8,Batch8
Cell17967,Group2,Batch8
Cell17968,Group10,Batch8
Cell17969,Group6,Batch8
Cell17970,Group10,Batch8
Cell17971,Group3,Batch8
Cell17972,Group8,Batch8
Cell17973,Group1,Batch8
Cell17974,Group6,Batch8
Cell17975,Group10,Batch8
Cell17976,Group5,Batch8
Cell17977,Group2,Batch8
Cell17978,Group8,Batch8
Cell17979,Group3,Batch8
Cell17980,Group1,Batch8
Cell17981,Group7,Batch8
Cell17982,Group7,Batch8
Cell17983,Group6,Batch8
Cell17984,Group10,Batch8
Cell17985,Group8,Batch8
Cell17986,Group6,Batch8
Cell17987,Group7,Batch8
Cell17988,Group5,Batch8
Cell17989,Group10,Batch8
Cell17990,Group8,Batch8
Cell17991,Group8,Batch8
Cell17992,Group7,Batch8
Cell17993,Group6,Batch8
Cell17994,Group2,Batch8
Cell17995,Group9,Batch8
Cell17996,Group8,Batch8
Cell17997,Group7,Batch8
Cell17998,Group6,Batch8
Cell17999,Group7,Batch8
Cell18000,Group2,Batch8
Cell18001,Group8,Batch8
Cell18002,Group1,Batch8
Cell18003,Group5,Batch8
Cell18004,Group5,Batch8
Cell18005,Group1,Batch8
Cell18006,Group3,Batch8
Cell18007,Group1,Batch8
Cell18008,Group2,Batch8
Cell18009,Group4,Batch8
Cell18010,Group8,Batch8
Cell18011,Group1,Batch8
Cell18012,Group9,Batch8
Cell18013,Group3,Batch8
Cell18014,Group7,Batch8
Cell18015,Group6,Batch8
Cell18016,Group2,Batch8
Cell18017,Group6,Batch8
Cell18018,Group10,Batch8
Cell18019,Group8,Batch8
Cell18020,Group6,Batch8
Cell18021,Group8,Batch8
Cell18022,Group6,Batch8
Cell18023,Group1,Batch8
Cell18024,Group1,Batch8
Cell18025,Group6,Batch8
Cell18026,Group9,Batch8
Cell18027,Group7,Batch8
Cell18028,Group6,Batch8
Cell18029,Group5,Batch8
Cell18030,Group4,Batch8
Cell18031,Group2,Batch8
Cell18032,Group9,Batch8
Cell18033,Group4,Batch8
Cell18034,Group6,Batch8
Cell18035,Group8,Batch8
Cell18036,Group1,Batch8
Cell18037,Group1,Batch8
Cell18038,Group5,Batch8
Cell18039,Group2,Batch8
Cell18040,Group5,Batch8
Cell18041,Group1,Batch8
Cell18042,Group10,Batch8
Cell18043,Group6,Batch8
Cell18044,Group7,Batch8
Cell18045,Group7,Batch8
Cell18046,Group9,Batch8
Cell18047,Group6,Batch8
Cell18048,Group3,Batch8
Cell18049,Group10,Batch8
Cell18050,Group7,Batch8
Cell18051,Group7,Batch8
Cell18052,Group5,Batch8
Cell18053,Group3,Batch8
Cell18054,Group4,Batch8
Cell18055,Group7,Batch8
Cell18056,Group1,Batch8
Cell18057,Group7,Batch8
Cell18058,Group8,Batch8
Cell18059,Group3,Batch8
Cell18060,Group7,Batch8
Cell18061,Group1,Batch8
Cell18062,Group6,Batch8
Cell18063,Group1,Batch8
Cell18064,Group8,Batch8
Cell18065,Group5,Batch8
Cell18066,Group7,Batch8
Cell18067,Group10,Batch8
Cell18068,Group10,Batch8
Cell18069,Group3,Batch8
Cell18070,Group5,Batch8
Cell18071,Group7,Batch8
Cell18072,Group7,Batch8
Cell18073,Group4,Batch8
Cell18074,Group7,Batch8
Cell18075,Group5,Batch8
Cell18076,Group4,Batch8
Cell18077,Group1,Batch8
Cell18078,Group4,Batch8
Cell18079,Group1,Batch8
Cell18080,Group10,Batch8
Cell18081,Group10,Batch8
Cell18082,Group10,Batch8
Cell18083,Group2,Batch8
Cell18084,Group8,Batch8
Cell18085,Group7,Batch8
Cell18086,Group7,Batch8
Cell18087,Group6,Batch8
Cell18088,Group2,Batch8
Cell18089,Group2,Batch8
Cell18090,Group1,Batch8
Cell18091,Group6,Batch8
Cell18092,Group3,Batch8
Cell18093,Group7,Batch8
Cell18094,Group5,Batch8
Cell18095,Group3,Batch8
Cell18096,Group9,Batch8
Cell18097,Group9,Batch8
Cell18098,Group10,Batch8
Cell18099,Group5,Batch8
Cell18100,Group7,Batch8
Cell18101,Group2,Batch8
Cell18102,Group3,Batch8
Cell18103,Group6,Batch8
Cell18104,Group2,Batch8
Cell18105,Group1,Batch8
Cell18106,Group1,Batch8
Cell18107,Group5,Batch8
Cell18108,Group7,Batch8
Cell18109,Group2,Batch8
Cell18110,Group4,Batch8
Cell18111,Group2,Batch8
Cell18112,Group6,Batch8
Cell18113,Group10,Batch8
Cell18114,Group7,Batch8
Cell18115,Group5,Batch8
Cell18116,Group6,Batch8
Cell18117,Group10,Batch8
Cell18118,Group3,Batch8
Cell18119,Group3,Batch8
Cell18120,Group1,Batch8
Cell18121,Group7,Batch8
Cell18122,Group5,Batch8
Cell18123,Group8,Batch8
Cell18124,Group7,Batch8
Cell18125,Group7,Batch8
Cell18126,Group6,Batch8
Cell18127,Group4,Batch8
Cell18128,Group7,Batch8
Cell18129,Group10,Batch8
Cell18130,Group2,Batch8
Cell18131,Group10,Batch8
Cell18132,Group7,Batch8
Cell18133,Group2,Batch8
Cell18134,Group3,Batch8
Cell18135,Group1,Batch8
Cell18136,Group7,Batch8
Cell18137,Group7,Batch8
Cell18138,Group8,Batch8
Cell18139,Group9,Batch8
Cell18140,Group3,Batch8
Cell18141,Group6,Batch8
Cell18142,Group8,Batch8
Cell18143,Group3,Batch8
Cell18144,Group5,Batch8
Cell18145,Group8,Batch8
Cell18146,Group7,Batch8
Cell18147,Group8,Batch8
Cell18148,Group6,Batch8
Cell18149,Group4,Batch8
Cell18150,Group8,Batch8
Cell18151,Group10,Batch8
Cell18152,Group8,Batch8
Cell18153,Group6,Batch8
Cell18154,Group2,Batch8
Cell18155,Group3,Batch8
Cell18156,Group1,Batch8
Cell18157,Group3,Batch8
Cell18158,Group2,Batch8
Cell18159,Group2,Batch8
Cell18160,Group1,Batch8
Cell18161,Group5,Batch8
Cell18162,Group3,Batch8
Cell18163,Group6,Batch8
Cell18164,Group6,Batch8
Cell18165,Group6,Batch8
Cell18166,Group1,Batch8
Cell18167,Group6,Batch8
Cell18168,Group10,Batch8
Cell18169,Group4,Batch8
Cell18170,Group10,Batch8
Cell18171,Group7,Batch8
Cell18172,Group2,Batch8
Cell18173,Group9,Batch8
Cell18174,Group1,Batch8
Cell18175,Group4,Batch8
Cell18176,Group10,Batch8
Cell18177,Group7,Batch8
Cell18178,Group5,Batch8
Cell18179,Group1,Batch8
Cell18180,Group7,Batch8
Cell18181,Group2,Batch8
Cell18182,Group3,Batch8
Cell18183,Group7,Batch8
Cell18184,Group5,Batch8
Cell18185,Group3,Batch8
Cell18186,Group8,Batch8
Cell18187,Group9,Batch8
Cell18188,Group3,Batch8
Cell18189,Group5,Batch8
Cell18190,Group3,Batch8
Cell18191,Group1,Batch8
Cell18192,Group1,Batch8
Cell18193,Group1,Batch8
Cell18194,Group3,Batch8
Cell18195,Group6,Batch8
Cell18196,Group5,Batch8
Cell18197,Group3,Batch8
Cell18198,Group6,Batch8
Cell18199,Group5,Batch8
Cell18200,Group6,Batch8
Cell18201,Group7,Batch8
Cell18202,Group10,Batch8
Cell18203,Group5,Batch8
Cell18204,Group9,Batch8
Cell18205,Group1,Batch8
Cell18206,Group1,Batch8
Cell18207,Group3,Batch8
Cell18208,Group3,Batch8
Cell18209,Group1,Batch8
Cell18210,Group6,Batch8
Cell18211,Group2,Batch8
Cell18212,Group10,Batch8
Cell18213,Group7,Batch8
Cell18214,Group5,Batch8
Cell18215,Group7,Batch8
Cell18216,Group8,Batch8
Cell18217,Group2,Batch8
Cell18218,Group6,Batch8
Cell18219,Group7,Batch8
Cell18220,Group7,Batch8
Cell18221,Group9,Batch8
Cell18222,Group9,Batch8
Cell18223,Group1,Batch8
Cell18224,Group6,Batch8
Cell18225,Group8,Batch8
Cell18226,Group10,Batch8
Cell18227,Group2,Batch8
Cell18228,Group7,Batch8
Cell18229,Group1,Batch8
Cell18230,Group8,Batch8
Cell18231,Group5,Batch8
Cell18232,Group6,Batch8
Cell18233,Group6,Batch8
Cell18234,Group8,Batch8
Cell18235,Group10,Batch8
Cell18236,Group1,Batch8
Cell18237,Group5,Batch8
Cell18238,Group3,Batch8
Cell18239,Group8,Batch8
Cell18240,Group3,Batch8
Cell18241,Group5,Batch8
Cell18242,Group7,Batch8
Cell18243,Group8,Batch8
Cell18244,Group6,Batch8
Cell18245,Group3,Batch8
Cell18246,Group6,Batch8
Cell18247,Group4,Batch8
Cell18248,Group8,Batch8
Cell18249,Group3,Batch8
Cell18250,Group5,Batch8
Cell18251,Group10,Batch8
Cell18252,Group7,Batch8
Cell18253,Group5,Batch8
Cell18254,Group6,Batch8
Cell18255,Group1,Batch8
Cell18256,Group6,Batch8
Cell18257,Group8,Batch8
Cell18258,Group10,Batch8
Cell18259,Group6,Batch8
Cell18260,Group7,Batch8
Cell18261,Group2,Batch8
Cell18262,Group9,Batch8
Cell18263,Group8,Batch8
Cell18264,Group10,Batch8
Cell18265,Group1,Batch8
Cell18266,Group5,Batch8
Cell18267,Group5,Batch8
Cell18268,Group5,Batch8
Cell18269,Group5,Batch8
Cell18270,Group10,Batch8
Cell18271,Group6,Batch8
Cell18272,Group1,Batch8
Cell18273,Group6,Batch8
Cell18274,Group7,Batch8
Cell18275,Group10,Batch8
Cell18276,Group1,Batch8
Cell18277,Group3,Batch8
Cell18278,Group10,Batch8
Cell18279,Group5,Batch8
Cell18280,Group2,Batch8
Cell18281,Group3,Batch8
Cell18282,Group6,Batch8
Cell18283,Group4,Batch8
Cell18284,Group5,Batch8
Cell18285,Group10,Batch8
Cell18286,Group2,Batch8
Cell18287,Group4,Batch8
Cell18288,Group6,Batch8
Cell18289,Group1,Batch8
Cell18290,Group2,Batch8
Cell18291,Group1,Batch8
Cell18292,Group5,Batch8
Cell18293,Group6,Batch8
Cell18294,Group10,Batch8
Cell18295,Group8,Batch8
Cell18296,Group8,Batch8
Cell18297,Group7,Batch8
Cell18298,Group7,Batch8
Cell18299,Group3,Batch8
Cell18300,Group2,Batch8
Cell18301,Group3,Batch8
Cell18302,Group5,Batch8
Cell18303,Group4,Batch8
Cell18304,Group7,Batch8
Cell18305,Group8,Batch8
Cell18306,Group1,Batch8
Cell18307,Group4,Batch8
Cell18308,Group3,Batch8
Cell18309,Group8,Batch8
Cell18310,Group10,Batch8
Cell18311,Group10,Batch8
Cell18312,Group6,Batch8
Cell18313,Group2,Batch8
Cell18314,Group2,Batch8
Cell18315,Group8,Batch8
Cell18316,Group6,Batch8
Cell18317,Group6,Batch8
Cell18318,Group3,Batch8
Cell18319,Group2,Batch8
Cell18320,Group8,Batch8
Cell18321,Group3,Batch8
Cell18322,Group3,Batch8
Cell18323,Group10,Batch8
Cell18324,Group5,Batch8
Cell18325,Group5,Batch8
Cell18326,Group2,Batch8
Cell18327,Group7,Batch8
Cell18328,Group6,Batch8
Cell18329,Group7,Batch8
Cell18330,Group3,Batch8
Cell18331,Group1,Batch8
Cell18332,Group7,Batch8
Cell18333,Group6,Batch8
Cell18334,Group1,Batch8
Cell18335,Group7,Batch8
Cell18336,Group1,Batch8
Cell18337,Group7,Batch8
Cell18338,Group10,Batch8
Cell18339,Group6,Batch8
Cell18340,Group10,Batch8
Cell18341,Group1,Batch8
Cell18342,Group7,Batch8
Cell18343,Group7,Batch8
Cell18344,Group6,Batch8
Cell18345,Group10,Batch8
Cell18346,Group7,Batch8
Cell18347,Group10,Batch8
Cell18348,Group5,Batch8
Cell18349,Group9,Batch8
Cell18350,Group6,Batch8
Cell18351,Group5,Batch8
Cell18352,Group2,Batch8
Cell18353,Group6,Batch8
Cell18354,Group7,Batch8
Cell18355,Group1,Batch8
Cell18356,Group9,Batch8
Cell18357,Group9,Batch8
Cell18358,Group2,Batch8
Cell18359,Group2,Batch8
Cell18360,Group7,Batch8
Cell18361,Group6,Batch8
Cell18362,Group7,Batch8
Cell18363,Group9,Batch8
Cell18364,Group6,Batch8
Cell18365,Group6,Batch8
Cell18366,Group6,Batch8
Cell18367,Group3,Batch8
Cell18368,Group3,Batch8
Cell18369,Group10,Batch8
Cell18370,Group3,Batch8
Cell18371,Group5,Batch8
Cell18372,Group2,Batch8
Cell18373,Group1,Batch8
Cell18374,Group1,Batch8
Cell18375,Group2,Batch8
Cell18376,Group7,Batch8
Cell18377,Group1,Batch8
Cell18378,Group1,Batch8
Cell18379,Group5,Batch8
Cell18380,Group7,Batch8
Cell18381,Group1,Batch8
Cell18382,Group6,Batch8
Cell18383,Group10,Batch8
Cell18384,Group8,Batch8
Cell18385,Group7,Batch8
Cell18386,Group9,Batch8
Cell18387,Group6,Batch8
Cell18388,Group6,Batch8
Cell18389,Group10,Batch8
Cell18390,Group5,Batch8
Cell18391,Group4,Batch8
Cell18392,Group7,Batch8
Cell18393,Group2,Batch8
Cell18394,Group6,Batch8
Cell18395,Group2,Batch8
Cell18396,Group9,Batch8
Cell18397,Group7,Batch8
Cell18398,Group6,Batch8
Cell18399,Group3,Batch8
Cell18400,Group7,Batch8
Cell18401,Group2,Batch8
Cell18402,Group9,Batch8
Cell18403,Group2,Batch8
Cell18404,Group3,Batch8
Cell18405,Group3,Batch8
Cell18406,Group7,Batch8
Cell18407,Group7,Batch8
Cell18408,Group5,Batch8
Cell18409,Group9,Batch8
Cell18410,Group7,Batch8
Cell18411,Group7,Batch8
Cell18412,Group8,Batch8
Cell18413,Group3,Batch8
Cell18414,Group9,Batch8
Cell18415,Group3,Batch8
Cell18416,Group3,Batch8
Cell18417,Group8,Batch8
Cell18418,Group5,Batch8
Cell18419,Group10,Batch8
Cell18420,Group1,Batch8
Cell18421,Group7,Batch8
Cell18422,Group5,Batch8
Cell18423,Group9,Batch8
Cell18424,Group8,Batch8
Cell18425,Group6,Batch8
Cell18426,Group3,Batch8
Cell18427,Group1,Batch8
Cell18428,Group2,Batch8
Cell18429,Group7,Batch8
Cell18430,Group2,Batch8
Cell18431,Group3,Batch8
Cell18432,Group3,Batch8
Cell18433,Group7,Batch8
Cell18434,Group3,Batch8
Cell18435,Group10,Batch8
Cell18436,Group6,Batch8
Cell18437,Group2,Batch8
Cell18438,Group3,Batch8
Cell18439,Group1,Batch8
Cell18440,Group7,Batch8
Cell18441,Group7,Batch8
Cell18442,Group7,Batch8
Cell18443,Group9,Batch8
Cell18444,Group1,Batch8
Cell18445,Group4,Batch8
Cell18446,Group8,Batch8
Cell18447,Group1,Batch8
Cell18448,Group1,Batch8
Cell18449,Group1,Batch8
Cell18450,Group4,Batch8
Cell18451,Group10,Batch8
Cell18452,Group6,Batch8
Cell18453,Group2,Batch8
Cell18454,Group7,Batch8
Cell18455,Group5,Batch8
Cell18456,Group3,Batch8
Cell18457,Group8,Batch8
Cell18458,Group3,Batch8
Cell18459,Group6,Batch8
Cell18460,Group10,Batch8
Cell18461,Group7,Batch8
Cell18462,Group10,Batch8
Cell18463,Group7,Batch8
Cell18464,Group10,Batch8
Cell18465,Group7,Batch8
Cell18466,Group2,Batch8
Cell18467,Group10,Batch8
Cell18468,Group7,Batch8
Cell18469,Group7,Batch8
Cell18470,Group1,Batch8
Cell18471,Group8,Batch8
Cell18472,Group10,Batch8
Cell18473,Group3,Batch8
Cell18474,Group5,Batch8
Cell18475,Group6,Batch8
Cell18476,Group10,Batch8
Cell18477,Group9,Batch8
Cell18478,Group5,Batch8
Cell18479,Group10,Batch8
Cell18480,Group9,Batch8
Cell18481,Group6,Batch8
Cell18482,Group8,Batch8
Cell18483,Group2,Batch8
Cell18484,Group1,Batch8
Cell18485,Group2,Batch8
Cell18486,Group10,Batch8
Cell18487,Group2,Batch8
Cell18488,Group7,Batch8
Cell18489,Group2,Batch8
Cell18490,Group3,Batch8
Cell18491,Group1,Batch8
Cell18492,Group1,Batch8
Cell18493,Group3,Batch8
Cell18494,Group1,Batch8
Cell18495,Group1,Batch8
Cell18496,Group6,Batch8
Cell18497,Group2,Batch8
Cell18498,Group6,Batch8
Cell18499,Group3,Batch8
Cell18500,Group4,Batch8
Cell18501,Group8,Batch8
Cell18502,Group5,Batch8
Cell18503,Group1,Batch8
Cell18504,Group8,Batch8
Cell18505,Group3,Batch8
Cell18506,Group5,Batch8
Cell18507,Group8,Batch8
Cell18508,Group8,Batch8
Cell18509,Group7,Batch8
Cell18510,Group6,Batch8
Cell18511,Group5,Batch8
Cell18512,Group5,Batch8
Cell18513,Group7,Batch8
Cell18514,Group8,Batch8
Cell18515,Group3,Batch8
Cell18516,Group7,Batch8
Cell18517,Group9,Batch8
Cell18518,Group5,Batch8
Cell18519,Group6,Batch8
Cell18520,Group10,Batch8
Cell18521,Group7,Batch8
Cell18522,Group8,Batch8
Cell18523,Group1,Batch8
Cell18524,Group5,Batch8
Cell18525,Group10,Batch8
Cell18526,Group3,Batch8
Cell18527,Group5,Batch8
Cell18528,Group1,Batch8
Cell18529,Group8,Batch8
Cell18530,Group8,Batch8
Cell18531,Group7,Batch8
Cell18532,Group10,Batch8
Cell18533,Group10,Batch8
Cell18534,Group3,Batch8
Cell18535,Group1,Batch8
Cell18536,Group7,Batch8
Cell18537,Group1,Batch8
Cell18538,Group2,Batch8
Cell18539,Group7,Batch8
Cell18540,Group6,Batch8
Cell18541,Group3,Batch8
Cell18542,Group1,Batch8
Cell18543,Group3,Batch8
Cell18544,Group6,Batch8
Cell18545,Group7,Batch8
Cell18546,Group7,Batch8
Cell18547,Group2,Batch8
Cell18548,Group5,Batch8
Cell18549,Group1,Batch8
Cell18550,Group4,Batch8
Cell18551,Group3,Batch8
Cell18552,Group6,Batch8
Cell18553,Group5,Batch8
Cell18554,Group2,Batch8
Cell18555,Group3,Batch8
Cell18556,Group2,Batch8
Cell18557,Group10,Batch8
Cell18558,Group2,Batch8
Cell18559,Group7,Batch8
Cell18560,Group7,Batch8
Cell18561,Group7,Batch8
Cell18562,Group6,Batch8
Cell18563,Group2,Batch8
Cell18564,Group10,Batch8
Cell18565,Group6,Batch8
Cell18566,Group10,Batch8
Cell18567,Group8,Batch8
Cell18568,Group4,Batch8
Cell18569,Group10,Batch8
Cell18570,Group6,Batch8
Cell18571,Group7,Batch8
Cell18572,Group3,Batch8
Cell18573,Group7,Batch8
Cell18574,Group1,Batch8
Cell18575,Group10,Batch8
Cell18576,Group10,Batch8
Cell18577,Group7,Batch8
Cell18578,Group2,Batch8
Cell18579,Group2,Batch8
Cell18580,Group5,Batch8
Cell18581,Group6,Batch8
Cell18582,Group10,Batch8
Cell18583,Group1,Batch8
Cell18584,Group6,Batch8
Cell18585,Group1,Batch8
Cell18586,Group4,Batch8
Cell18587,Group7,Batch8
Cell18588,Group7,Batch8
Cell18589,Group1,Batch8
Cell18590,Group6,Batch8
Cell18591,Group3,Batch8
Cell18592,Group5,Batch8
Cell18593,Group7,Batch8
Cell18594,Group8,Batch8
Cell18595,Group5,Batch8
Cell18596,Group5,Batch8
Cell18597,Group5,Batch8
Cell18598,Group4,Batch8
Cell18599,Group7,Batch8
Cell18600,Group8,Batch8
Cell18601,Group3,Batch8
Cell18602,Group4,Batch8
Cell18603,Group7,Batch8
Cell18604,Group6,Batch8
Cell18605,Group6,Batch8
Cell18606,Group6,Batch8
Cell18607,Group6,Batch8
Cell18608,Group1,Batch8
Cell18609,Group3,Batch8
Cell18610,Group2,Batch8
Cell18611,Group7,Batch8
Cell18612,Group2,Batch8
Cell18613,Group10,Batch8
Cell18614,Group6,Batch8
Cell18615,Group8,Batch8
Cell18616,Group6,Batch8
Cell18617,Group1,Batch8
Cell18618,Group2,Batch8
Cell18619,Group6,Batch8
Cell18620,Group3,Batch8
Cell18621,Group7,Batch8
Cell18622,Group7,Batch8
Cell18623,Group1,Batch8
Cell18624,Group2,Batch8
Cell18625,Group9,Batch8
Cell18626,Group7,Batch8
Cell18627,Group10,Batch8
Cell18628,Group5,Batch8
Cell18629,Group4,Batch8
Cell18630,Group6,Batch8
Cell18631,Group6,Batch8
Cell18632,Group2,Batch8
Cell18633,Group7,Batch8
Cell18634,Group5,Batch8
Cell18635,Group9,Batch8
Cell18636,Group9,Batch8
Cell18637,Group7,Batch8
Cell18638,Group8,Batch8
Cell18639,Group6,Batch8
Cell18640,Group5,Batch8
Cell18641,Group9,Batch8
Cell18642,Group10,Batch8
Cell18643,Group10,Batch8
Cell18644,Group6,Batch8
Cell18645,Group8,Batch8
Cell18646,Group2,Batch8
Cell18647,Group6,Batch8
Cell18648,Group8,Batch8
Cell18649,Group7,Batch8
Cell18650,Group1,Batch8
Cell18651,Group4,Batch8
Cell18652,Group7,Batch8
Cell18653,Group7,Batch8
Cell18654,Group6,Batch8
Cell18655,Group7,Batch8
Cell18656,Group1,Batch8
Cell18657,Group8,Batch8
Cell18658,Group1,Batch8
Cell18659,Group1,Batch8
Cell18660,Group1,Batch8
Cell18661,Group7,Batch8
Cell18662,Group2,Batch8
Cell18663,Group5,Batch8
Cell18664,Group5,Batch8
Cell18665,Group1,Batch8
Cell18666,Group8,Batch8
Cell18667,Group8,Batch8
Cell18668,Group2,Batch8
Cell18669,Group7,Batch8
Cell18670,Group2,Batch8
Cell18671,Group5,Batch8
Cell18672,Group3,Batch8
Cell18673,Group7,Batch8
Cell18674,Group4,Batch8
Cell18675,Group4,Batch8
Cell18676,Group10,Batch8
Cell18677,Group6,Batch8
Cell18678,Group1,Batch8
Cell18679,Group5,Batch8
Cell18680,Group5,Batch8
Cell18681,Group7,Batch8
Cell18682,Group1,Batch8
Cell18683,Group4,Batch8
Cell18684,Group10,Batch8
Cell18685,Group2,Batch8
Cell18686,Group2,Batch8
Cell18687,Group6,Batch8
Cell18688,Group10,Batch8
Cell18689,Group4,Batch8
Cell18690,Group8,Batch8
Cell18691,Group8,Batch8
Cell18692,Group6,Batch8
Cell18693,Group1,Batch8
Cell18694,Group7,Batch8
Cell18695,Group1,Batch8
Cell18696,Group7,Batch8
Cell18697,Group8,Batch8
Cell18698,Group8,Batch8
Cell18699,Group10,Batch8
Cell18700,Group2,Batch8
Cell18701,Group6,Batch8
Cell18702,Group4,Batch8
Cell18703,Group10,Batch8
Cell18704,Group1,Batch8
Cell18705,Group1,Batch8
Cell18706,Group5,Batch8
Cell18707,Group8,Batch8
Cell18708,Group3,Batch8
Cell18709,Group9,Batch8
Cell18710,Group6,Batch8
Cell18711,Group1,Batch8
Cell18712,Group8,Batch8
Cell18713,Group1,Batch8
Cell18714,Group2,Batch8
Cell18715,Group7,Batch8
Cell18716,Group5,Batch8
Cell18717,Group8,Batch8
Cell18718,Group1,Batch8
Cell18719,Group5,Batch8
Cell18720,Group3,Batch8
Cell18721,Group10,Batch8
Cell18722,Group4,Batch8
Cell18723,Group9,Batch8
Cell18724,Group8,Batch8
Cell18725,Group6,Batch8
Cell18726,Group8,Batch8
Cell18727,Group3,Batch8
Cell18728,Group4,Batch8
Cell18729,Group10,Batch8
Cell18730,Group7,Batch8
Cell18731,Group7,Batch8
Cell18732,Group9,Batch8
Cell18733,Group1,Batch8
Cell18734,Group6,Batch8
Cell18735,Group2,Batch8
Cell18736,Group2,Batch8
Cell18737,Group6,Batch8
Cell18738,Group2,Batch8
Cell18739,Group8,Batch8
Cell18740,Group4,Batch8
Cell18741,Group2,Batch8
Cell18742,Group10,Batch8
Cell18743,Group7,Batch8
Cell18744,Group3,Batch8
Cell18745,Group1,Batch8
Cell18746,Group7,Batch8
Cell18747,Group7,Batch8
Cell18748,Group3,Batch8
Cell18749,Group1,Batch8
Cell18750,Group1,Batch8
Cell18751,Group5,Batch8
Cell18752,Group7,Batch8
Cell18753,Group3,Batch8
Cell18754,Group8,Batch8
Cell18755,Group1,Batch8
Cell18756,Group5,Batch8
Cell18757,Group5,Batch8
Cell18758,Group3,Batch8
Cell18759,Group1,Batch8
Cell18760,Group5,Batch8
Cell18761,Group7,Batch8
Cell18762,Group1,Batch8
Cell18763,Group8,Batch8
Cell18764,Group7,Batch8
Cell18765,Group5,Batch8
Cell18766,Group10,Batch8
Cell18767,Group5,Batch8
Cell18768,Group5,Batch8
Cell18769,Group4,Batch8
Cell18770,Group7,Batch8
Cell18771,Group6,Batch8
Cell18772,Group5,Batch8
Cell18773,Group8,Batch8
Cell18774,Group2,Batch8
Cell18775,Group7,Batch8
Cell18776,Group5,Batch8
Cell18777,Group2,Batch8
Cell18778,Group1,Batch8
Cell18779,Group8,Batch8
Cell18780,Group1,Batch8
Cell18781,Group1,Batch8
Cell18782,Group5,Batch8
Cell18783,Group1,Batch8
Cell18784,Group6,Batch8
Cell18785,Group7,Batch8
Cell18786,Group6,Batch8
Cell18787,Group7,Batch8
Cell18788,Group7,Batch8
Cell18789,Group1,Batch8
Cell18790,Group1,Batch8
Cell18791,Group1,Batch8
Cell18792,Group2,Batch8
Cell18793,Group10,Batch8
Cell18794,Group7,Batch8
Cell18795,Group4,Batch8
Cell18796,Group8,Batch8
Cell18797,Group6,Batch8
Cell18798,Group3,Batch8
Cell18799,Group9,Batch8
Cell18800,Group2,Batch8
Cell18801,Group4,Batch8
Cell18802,Group10,Batch8
Cell18803,Group9,Batch8
Cell18804,Group5,Batch8
Cell18805,Group1,Batch8
Cell18806,Group10,Batch8
Cell18807,Group6,Batch8
Cell18808,Group4,Batch8
Cell18809,Group10,Batch8
Cell18810,Group4,Batch8
Cell18811,Group7,Batch8
Cell18812,Group10,Batch8
Cell18813,Group8,Batch8
Cell18814,Group5,Batch8
Cell18815,Group9,Batch8
Cell18816,Group6,Batch8
Cell18817,Group9,Batch8
Cell18818,Group5,Batch8
Cell18819,Group3,Batch8
Cell18820,Group9,Batch8
Cell18821,Group2,Batch8
Cell18822,Group2,Batch8
Cell18823,Group1,Batch8
Cell18824,Group10,Batch8
Cell18825,Group1,Batch8
Cell18826,Group3,Batch8
Cell18827,Group2,Batch8
Cell18828,Group4,Batch8
Cell18829,Group5,Batch8
Cell18830,Group10,Batch8
Cell18831,Group3,Batch8
Cell18832,Group7,Batch8
Cell18833,Group1,Batch8
Cell18834,Group6,Batch8
Cell18835,Group8,Batch8
Cell18836,Group8,Batch8
Cell18837,Group7,Batch8
Cell18838,Group1,Batch8
Cell18839,Group5,Batch8
Cell18840,Group3,Batch8
Cell18841,Group7,Batch8
Cell18842,Group10,Batch8
Cell18843,Group1,Batch8
Cell18844,Group5,Batch8
Cell18845,Group10,Batch8
Cell18846,Group3,Batch8
Cell18847,Group3,Batch8
Cell18848,Group10,Batch8
Cell18849,Group1,Batch8
Cell18850,Group5,Batch8
Cell18851,Group5,Batch8
Cell18852,Group10,Batch8
Cell18853,Group1,Batch8
Cell18854,Group10,Batch8
Cell18855,Group8,Batch8
Cell18856,Group6,Batch8
Cell18857,Group2,Batch8
Cell18858,Group7,Batch8
Cell18859,Group8,Batch8
Cell18860,Group2,Batch8
Cell18861,Group3,Batch8
Cell18862,Group9,Batch8
Cell18863,Group7,Batch8
Cell18864,Group1,Batch8
Cell18865,Group5,Batch8
Cell18866,Group10,Batch8
Cell18867,Group6,Batch8
Cell18868,Group9,Batch8
Cell18869,Group1,Batch8
Cell18870,Group6,Batch8
Cell18871,Group7,Batch8
Cell18872,Group7,Batch8
Cell18873,Group6,Batch8
Cell18874,Group7,Batch8
Cell18875,Group5,Batch8
Cell18876,Group8,Batch8
Cell18877,Group2,Batch8
Cell18878,Group6,Batch8
Cell18879,Group2,Batch8
Cell18880,Group10,Batch8
Cell18881,Group6,Batch8
Cell18882,Group1,Batch8
Cell18883,Group10,Batch8
Cell18884,Group7,Batch8
Cell18885,Group8,Batch8
Cell18886,Group10,Batch8
Cell18887,Group3,Batch8
Cell18888,Group6,Batch8
Cell18889,Group2,Batch8
Cell18890,Group3,Batch8
Cell18891,Group3,Batch8
Cell18892,Group6,Batch8
Cell18893,Group6,Batch8
Cell18894,Group9,Batch8
Cell18895,Group10,Batch8
Cell18896,Group1,Batch8
Cell18897,Group6,Batch8
Cell18898,Group6,Batch8
Cell18899,Group1,Batch8
Cell18900,Group3,Batch8
Cell18901,Group3,Batch8
Cell18902,Group6,Batch8
Cell18903,Group8,Batch8
Cell18904,Group1,Batch8
Cell18905,Group7,Batch8
Cell18906,Group6,Batch8
Cell18907,Group5,Batch8
Cell18908,Group7,Batch8
Cell18909,Group10,Batch8
Cell18910,Group6,Batch8
Cell18911,Group4,Batch8
Cell18912,Group7,Batch8
Cell18913,Group9,Batch8
Cell18914,Group7,Batch8
Cell18915,Group6,Batch8
Cell18916,Group5,Batch8
Cell18917,Group2,Batch8
Cell18918,Group3,Batch8
Cell18919,Group5,Batch8
Cell18920,Group5,Batch8
Cell18921,Group6,Batch8
Cell18922,Group10,Batch8
Cell18923,Group2,Batch8
Cell18924,Group2,Batch8
Cell18925,Group3,Batch8
Cell18926,Group6,Batch8
Cell18927,Group8,Batch8
Cell18928,Group7,Batch8
Cell18929,Group3,Batch8
Cell18930,Group10,Batch8
Cell18931,Group9,Batch8
Cell18932,Group1,Batch8
Cell18933,Group7,Batch8
Cell18934,Group1,Batch8
Cell18935,Group7,Batch8
Cell18936,Group9,Batch8
Cell18937,Group6,Batch8
Cell18938,Group6,Batch8
Cell18939,Group1,Batch8
Cell18940,Group6,Batch8
Cell18941,Group9,Batch8
Cell18942,Group7,Batch8
Cell18943,Group5,Batch8
Cell18944,Group7,Batch8
Cell18945,Group1,Batch8
Cell18946,Group8,Batch8
Cell18947,Group5,Batch8
Cell18948,Group1,Batch8
Cell18949,Group7,Batch8
Cell18950,Group5,Batch8
Cell18951,Group6,Batch8
Cell18952,Group4,Batch8
Cell18953,Group9,Batch8
Cell18954,Group4,Batch8
Cell18955,Group3,Batch8
Cell18956,Group4,Batch8
Cell18957,Group10,Batch8
Cell18958,Group3,Batch8
Cell18959,Group1,Batch8
Cell18960,Group2,Batch8
Cell18961,Group1,Batch8
Cell18962,Group10,Batch8
Cell18963,Group10,Batch8
Cell18964,Group6,Batch8
Cell18965,Group1,Batch8
Cell18966,Group10,Batch8
Cell18967,Group8,Batch8
Cell18968,Group9,Batch8
Cell18969,Group2,Batch8
Cell18970,Group1,Batch8
Cell18971,Group3,Batch8
Cell18972,Group6,Batch8
Cell18973,Group1,Batch8
Cell18974,Group3,Batch8
Cell18975,Group8,Batch8
Cell18976,Group9,Batch8
Cell18977,Group6,Batch8
Cell18978,Group5,Batch8
Cell18979,Group5,Batch8
Cell18980,Group2,Batch8
Cell18981,Group7,Batch8
Cell18982,Group4,Batch8
Cell18983,Group10,Batch8
Cell18984,Group5,Batch8
Cell18985,Group2,Batch8
Cell18986,Group4,Batch8
Cell18987,Group3,Batch8
Cell18988,Group3,Batch8
Cell18989,Group10,Batch8
Cell18990,Group2,Batch8
Cell18991,Group5,Batch8
Cell18992,Group7,Batch8
Cell18993,Group10,Batch8
Cell18994,Group7,Batch8
Cell18995,Group7,Batch8
Cell18996,Group6,Batch8
Cell18997,Group3,Batch8
Cell18998,Group7,Batch8
Cell18999,Group8,Batch8
Cell19000,Group2,Batch8
Cell19001,Group8,Batch8
Cell19002,Group5,Batch8
Cell19003,Group2,Batch8
Cell19004,Group7,Batch8
Cell19005,Group1,Batch8
Cell19006,Group5,Batch8
Cell19007,Group8,Batch8
Cell19008,Group1,Batch8
Cell19009,Group3,Batch8
Cell19010,Group3,Batch8
Cell19011,Group5,Batch8
Cell19012,Group10,Batch8
Cell19013,Group5,Batch8
Cell19014,Group7,Batch8
Cell19015,Group8,Batch8
Cell19016,Group1,Batch8
Cell19017,Group1,Batch8
Cell19018,Group10,Batch8
Cell19019,Group6,Batch8
Cell19020,Group1,Batch8
Cell19021,Group7,Batch8
Cell19022,Group6,Batch8
Cell19023,Group2,Batch8
Cell19024,Group3,Batch8
Cell19025,Group5,Batch8
Cell19026,Group6,Batch8
Cell19027,Group6,Batch8
Cell19028,Group8,Batch8
Cell19029,Group3,Batch8
Cell19030,Group8,Batch8
Cell19031,Group10,Batch8
Cell19032,Group2,Batch8
Cell19033,Group3,Batch8
Cell19034,Group2,Batch8
Cell19035,Group2,Batch8
Cell19036,Group3,Batch8
Cell19037,Group2,Batch8
Cell19038,Group3,Batch8
Cell19039,Group6,Batch8
Cell19040,Group3,Batch8
Cell19041,Group3,Batch8
Cell19042,Group10,Batch8
Cell19043,Group1,Batch8
Cell19044,Group1,Batch8
Cell19045,Group1,Batch8
Cell19046,Group1,Batch8
Cell19047,Group7,Batch8
Cell19048,Group2,Batch8
Cell19049,Group4,Batch8
Cell19050,Group2,Batch8
Cell19051,Group1,Batch8
Cell19052,Group3,Batch8
Cell19053,Group1,Batch8
Cell19054,Group6,Batch8
Cell19055,Group8,Batch8
Cell19056,Group8,Batch8
Cell19057,Group7,Batch8
Cell19058,Group5,Batch8
Cell19059,Group1,Batch8
Cell19060,Group7,Batch8
Cell19061,Group6,Batch8
Cell19062,Group2,Batch8
Cell19063,Group6,Batch8
Cell19064,Group1,Batch8
Cell19065,Group9,Batch8
Cell19066,Group7,Batch8
Cell19067,Group2,Batch8
Cell19068,Group5,Batch8
Cell19069,Group8,Batch8
Cell19070,Group5,Batch8
Cell19071,Group9,Batch8
Cell19072,Group8,Batch8
Cell19073,Group6,Batch8
Cell19074,Group7,Batch8
Cell19075,Group3,Batch8
Cell19076,Group2,Batch8
Cell19077,Group7,Batch8
Cell19078,Group6,Batch8
Cell19079,Group3,Batch8
Cell19080,Group7,Batch8
Cell19081,Group2,Batch8
Cell19082,Group7,Batch8
Cell19083,Group10,Batch8
Cell19084,Group5,Batch8
Cell19085,Group6,Batch8
Cell19086,Group8,Batch8
Cell19087,Group8,Batch8
Cell19088,Group10,Batch8
Cell19089,Group10,Batch8
Cell19090,Group2,Batch8
Cell19091,Group10,Batch8
Cell19092,Group7,Batch8
Cell19093,Group5,Batch8
Cell19094,Group7,Batch8
Cell19095,Group2,Batch8
Cell19096,Group10,Batch8
Cell19097,Group2,Batch8
Cell19098,Group3,Batch8
Cell19099,Group5,Batch8
Cell19100,Group8,Batch8
Cell19101,Group2,Batch8
Cell19102,Group1,Batch8
Cell19103,Group1,Batch8
Cell19104,Group1,Batch8
Cell19105,Group10,Batch8
Cell19106,Group9,Batch8
Cell19107,Group2,Batch8
Cell19108,Group7,Batch8
Cell19109,Group5,Batch8
Cell19110,Group7,Batch8
Cell19111,Group5,Batch8
Cell19112,Group2,Batch8
Cell19113,Group8,Batch8
Cell19114,Group8,Batch8
Cell19115,Group3,Batch8
Cell19116,Group10,Batch8
Cell19117,Group1,Batch8
Cell19118,Group1,Batch8
Cell19119,Group7,Batch8
Cell19120,Group4,Batch8
Cell19121,Group3,Batch8
Cell19122,Group10,Batch8
Cell19123,Group8,Batch8
Cell19124,Group8,Batch8
Cell19125,Group3,Batch8
Cell19126,Group5,Batch8
Cell19127,Group4,Batch8
Cell19128,Group1,Batch8
Cell19129,Group1,Batch8
Cell19130,Group10,Batch8
Cell19131,Group5,Batch8
Cell19132,Group10,Batch8
Cell19133,Group7,Batch8
Cell19134,Group7,Batch8
Cell19135,Group6,Batch8
Cell19136,Group10,Batch8
Cell19137,Group5,Batch8
Cell19138,Group3,Batch8
Cell19139,Group7,Batch8
Cell19140,Group8,Batch8
Cell19141,Group6,Batch8
Cell19142,Group1,Batch8
Cell19143,Group1,Batch8
Cell19144,Group5,Batch8
Cell19145,Group2,Batch8
Cell19146,Group8,Batch8
Cell19147,Group3,Batch8
Cell19148,Group10,Batch8
Cell19149,Group6,Batch8
Cell19150,Group8,Batch8
Cell19151,Group10,Batch8
Cell19152,Group2,Batch8
Cell19153,Group9,Batch8
Cell19154,Group6,Batch8
Cell19155,Group8,Batch8
Cell19156,Group9,Batch8
Cell19157,Group4,Batch8
Cell19158,Group1,Batch8
Cell19159,Group10,Batch8
Cell19160,Group5,Batch8
Cell19161,Group2,Batch8
Cell19162,Group8,Batch8
Cell19163,Group1,Batch8
Cell19164,Group6,Batch8
Cell19165,Group5,Batch8
Cell19166,Group1,Batch8
Cell19167,Group5,Batch8
Cell19168,Group4,Batch8
Cell19169,Group5,Batch8
Cell19170,Group2,Batch8
Cell19171,Group3,Batch8
Cell19172,Group5,Batch8
Cell19173,Group8,Batch8
Cell19174,Group7,Batch8
Cell19175,Group1,Batch8
Cell19176,Group8,Batch8
Cell19177,Group8,Batch8
Cell19178,Group10,Batch8
Cell19179,Group10,Batch8
Cell19180,Group1,Batch8
Cell19181,Group6,Batch8
Cell19182,Group3,Batch8
Cell19183,Group10,Batch8
Cell19184,Group5,Batch8
Cell19185,Group6,Batch8
Cell19186,Group7,Batch8
Cell19187,Group3,Batch8
Cell19188,Group3,Batch8
Cell19189,Group6,Batch8
Cell19190,Group7,Batch8
Cell19191,Group2,Batch8
Cell19192,Group8,Batch8
Cell19193,Group4,Batch8
Cell19194,Group9,Batch8
Cell19195,Group2,Batch8
Cell19196,Group8,Batch8
Cell19197,Group5,Batch8
Cell19198,Group9,Batch8
Cell19199,Group5,Batch8
Cell19200,Group2,Batch8
Cell19201,Group4,Batch8
Cell19202,Group6,Batch8
Cell19203,Group1,Batch8
Cell19204,Group8,Batch8
Cell19205,Group10,Batch8
Cell19206,Group5,Batch8
Cell19207,Group1,Batch8
Cell19208,Group4,Batch8
Cell19209,Group1,Batch8
Cell19210,Group6,Batch8
Cell19211,Group1,Batch8
Cell19212,Group3,Batch8
Cell19213,Group6,Batch8
Cell19214,Group8,Batch8
Cell19215,Group5,Batch8
Cell19216,Group3,Batch8
Cell19217,Group6,Batch8
Cell19218,Group8,Batch8
Cell19219,Group2,Batch8
Cell19220,Group1,Batch8
Cell19221,Group2,Batch8
Cell19222,Group8,Batch8
Cell19223,Group7,Batch8
Cell19224,Group9,Batch8
Cell19225,Group1,Batch8
Cell19226,Group3,Batch8
Cell19227,Group2,Batch8
Cell19228,Group1,Batch8
Cell19229,Group5,Batch8
Cell19230,Group5,Batch8
Cell19231,Group7,Batch8
Cell19232,Group5,Batch8
Cell19233,Group10,Batch8
Cell19234,Group9,Batch8
Cell19235,Group10,Batch8
Cell19236,Group6,Batch8
Cell19237,Group7,Batch8
Cell19238,Group10,Batch8
Cell19239,Group9,Batch8
Cell19240,Group6,Batch8
Cell19241,Group6,Batch8
Cell19242,Group3,Batch8
Cell19243,Group5,Batch8
Cell19244,Group7,Batch8
Cell19245,Group10,Batch8
Cell19246,Group9,Batch8
Cell19247,Group2,Batch8
Cell19248,Group1,Batch8
Cell19249,Group3,Batch8
Cell19250,Group7,Batch8
Cell19251,Group1,Batch8
Cell19252,Group1,Batch8
Cell19253,Group7,Batch8
Cell19254,Group2,Batch8
Cell19255,Group1,Batch8
Cell19256,Group6,Batch8
Cell19257,Group3,Batch8
Cell19258,Group2,Batch8
Cell19259,Group1,Batch8
Cell19260,Group4,Batch8
Cell19261,Group6,Batch8
Cell19262,Group7,Batch8
Cell19263,Group6,Batch8
Cell19264,Group7,Batch8
Cell19265,Group3,Batch8
Cell19266,Group8,Batch8
Cell19267,Group5,Batch8
Cell19268,Group7,Batch8
Cell19269,Group8,Batch8
Cell19270,Group6,Batch8
Cell19271,Group3,Batch8
Cell19272,Group9,Batch8
Cell19273,Group8,Batch8
Cell19274,Group10,Batch8
Cell19275,Group1,Batch8
Cell19276,Group3,Batch8
Cell19277,Group5,Batch8
Cell19278,Group2,Batch8
Cell19279,Group7,Batch8
Cell19280,Group8,Batch8
Cell19281,Group1,Batch8
Cell19282,Group5,Batch8
Cell19283,Group3,Batch8
Cell19284,Group5,Batch8
Cell19285,Group7,Batch8
Cell19286,Group2,Batch8
Cell19287,Group7,Batch8
Cell19288,Group8,Batch8
Cell19289,Group2,Batch8
Cell19290,Group10,Batch8
Cell19291,Group8,Batch8
Cell19292,Group6,Batch8
Cell19293,Group2,Batch8
Cell19294,Group8,Batch8
Cell19295,Group7,Batch8
Cell19296,Group5,Batch8
Cell19297,Group7,Batch8
Cell19298,Group1,Batch8
Cell19299,Group10,Batch8
Cell19300,Group7,Batch8
Cell19301,Group8,Batch8
Cell19302,Group4,Batch8
Cell19303,Group6,Batch8
Cell19304,Group7,Batch8
Cell19305,Group5,Batch8
Cell19306,Group1,Batch8
Cell19307,Group10,Batch8
Cell19308,Group3,Batch8
Cell19309,Group5,Batch8
Cell19310,Group10,Batch8
Cell19311,Group6,Batch8
Cell19312,Group5,Batch8
Cell19313,Group7,Batch8
Cell19314,Group7,Batch8
Cell19315,Group9,Batch8
Cell19316,Group2,Batch8
Cell19317,Group3,Batch8
Cell19318,Group2,Batch8
Cell19319,Group8,Batch8
Cell19320,Group3,Batch8
Cell19321,Group1,Batch8
Cell19322,Group3,Batch8
Cell19323,Group7,Batch8
Cell19324,Group1,Batch8
Cell19325,Group2,Batch8
Cell19326,Group8,Batch8
Cell19327,Group8,Batch8
Cell19328,Group7,Batch8
Cell19329,Group7,Batch8
Cell19330,Group2,Batch8
Cell19331,Group10,Batch8
Cell19332,Group8,Batch8
Cell19333,Group1,Batch8
Cell19334,Group10,Batch8
Cell19335,Group5,Batch8
Cell19336,Group2,Batch8
Cell19337,Group6,Batch8
Cell19338,Group9,Batch8
Cell19339,Group4,Batch8
Cell19340,Group6,Batch8
Cell19341,Group6,Batch8
Cell19342,Group10,Batch8
Cell19343,Group10,Batch8
Cell19344,Group3,Batch8
Cell19345,Group1,Batch8
Cell19346,Group6,Batch8
Cell19347,Group10,Batch8
Cell19348,Group6,Batch8
Cell19349,Group3,Batch8
Cell19350,Group1,Batch8
Cell19351,Group2,Batch8
Cell19352,Group10,Batch8
Cell19353,Group3,Batch8
Cell19354,Group2,Batch8
Cell19355,Group7,Batch8
Cell19356,Group1,Batch8
Cell19357,Group10,Batch8
Cell19358,Group5,Batch8
Cell19359,Group1,Batch8
Cell19360,Group3,Batch8
Cell19361,Group1,Batch8
Cell19362,Group5,Batch8
Cell19363,Group4,Batch8
Cell19364,Group10,Batch8
Cell19365,Group1,Batch8
Cell19366,Group8,Batch8
Cell19367,Group7,Batch8
Cell19368,Group7,Batch8
Cell19369,Group10,Batch8
Cell19370,Group5,Batch8
Cell19371,Group2,Batch8
Cell19372,Group8,Batch8
Cell19373,Group2,Batch8
Cell19374,Group3,Batch8
Cell19375,Group5,Batch8
Cell19376,Group3,Batch8
Cell19377,Group6,Batch8
Cell19378,Group5,Batch8
Cell19379,Group7,Batch8
Cell19380,Group8,Batch8
Cell19381,Group7,Batch8
Cell19382,Group4,Batch8
Cell19383,Group2,Batch8
Cell19384,Group2,Batch8
Cell19385,Group8,Batch8
Cell19386,Group9,Batch8
Cell19387,Group3,Batch8
Cell19388,Group6,Batch8
Cell19389,Group6,Batch8
Cell19390,Group7,Batch8
Cell19391,Group2,Batch8
Cell19392,Group3,Batch8
Cell19393,Group8,Batch8
Cell19394,Group1,Batch8
Cell19395,Group6,Batch8
Cell19396,Group1,Batch8
Cell19397,Group1,Batch8
Cell19398,Group7,Batch8
Cell19399,Group5,Batch8
Cell19400,Group1,Batch8
Cell19401,Group6,Batch8
Cell19402,Group7,Batch8
Cell19403,Group8,Batch8
Cell19404,Group10,Batch8
Cell19405,Group1,Batch8
Cell19406,Group6,Batch8
Cell19407,Group8,Batch8
Cell19408,Group10,Batch8
Cell19409,Group2,Batch8
Cell19410,Group1,Batch8
Cell19411,Group8,Batch8
Cell19412,Group10,Batch8
Cell19413,Group8,Batch8
Cell19414,Group8,Batch8
Cell19415,Group7,Batch8
Cell19416,Group8,Batch8
Cell19417,Group1,Batch8
Cell19418,Group2,Batch8
Cell19419,Group8,Batch8
Cell19420,Group6,Batch8
Cell19421,Group3,Batch8
Cell19422,Group2,Batch8
Cell19423,Group1,Batch8
Cell19424,Group7,Batch8
Cell19425,Group2,Batch8
Cell19426,Group10,Batch8
Cell19427,Group6,Batch8
Cell19428,Group10,Batch8
Cell19429,Group7,Batch8
Cell19430,Group9,Batch8
Cell19431,Group6,Batch8
Cell19432,Group10,Batch8
Cell19433,Group3,Batch8
Cell19434,Group10,Batch8
Cell19435,Group1,Batch8
Cell19436,Group4,Batch8
Cell19437,Group10,Batch8
Cell19438,Group10,Batch8
Cell19439,Group10,Batch8
Cell19440,Group5,Batch8
Cell19441,Group6,Batch8
Cell19442,Group7,Batch8
Cell19443,Group10,Batch8
Cell19444,Group10,Batch8
Cell19445,Group6,Batch8
Cell19446,Group1,Batch8
Cell19447,Group5,Batch8
Cell19448,Group1,Batch8
Cell19449,Group7,Batch8
Cell19450,Group6,Batch8
Cell19451,Group2,Batch8
Cell19452,Group7,Batch8
Cell19453,Group6,Batch8
Cell19454,Group10,Batch8
Cell19455,Group1,Batch8
Cell19456,Group5,Batch8
Cell19457,Group7,Batch8
Cell19458,Group1,Batch8
Cell19459,Group3,Batch8
Cell19460,Group4,Batch8
Cell19461,Group7,Batch8
Cell19462,Group7,Batch8
Cell19463,Group8,Batch8
Cell19464,Group4,Batch8
Cell19465,Group6,Batch8
Cell19466,Group6,Batch8
Cell19467,Group1,Batch8
Cell19468,Group10,Batch8
Cell19469,Group5,Batch8
Cell19470,Group6,Batch8
Cell19471,Group4,Batch8
Cell19472,Group1,Batch8
Cell19473,Group7,Batch8
Cell19474,Group5,Batch8
Cell19475,Group6,Batch8
Cell19476,Group10,Batch8
Cell19477,Group9,Batch8
Cell19478,Group3,Batch8
Cell19479,Group10,Batch8
Cell19480,Group6,Batch8
Cell19481,Group1,Batch8
Cell19482,Group5,Batch8
Cell19483,Group7,Batch8
Cell19484,Group1,Batch8
Cell19485,Group2,Batch8
Cell19486,Group5,Batch8
Cell19487,Group1,Batch8
Cell19488,Group6,Batch8
Cell19489,Group2,Batch8
Cell19490,Group7,Batch8
Cell19491,Group8,Batch8
Cell19492,Group3,Batch8
Cell19493,Group1,Batch8
Cell19494,Group1,Batch8
Cell19495,Group3,Batch8
Cell19496,Group3,Batch8
Cell19497,Group1,Batch8
Cell19498,Group6,Batch8
Cell19499,Group4,Batch8
Cell19500,Group8,Batch8
Cell19501,Group5,Batch8
Cell19502,Group10,Batch8
Cell19503,Group2,Batch8
Cell19504,Group8,Batch8
Cell19505,Group2,Batch8
Cell19506,Group2,Batch8
Cell19507,Group4,Batch8
Cell19508,Group1,Batch8
Cell19509,Group6,Batch8
Cell19510,Group10,Batch8
Cell19511,Group10,Batch8
Cell19512,Group3,Batch8
Cell19513,Group10,Batch8
Cell19514,Group5,Batch8
Cell19515,Group10,Batch8
Cell19516,Group2,Batch8
Cell19517,Group9,Batch8
Cell19518,Group3,Batch8
Cell19519,Group1,Batch8
Cell19520,Group1,Batch8
Cell19521,Group7,Batch8
Cell19522,Group5,Batch8
Cell19523,Group1,Batch8
Cell19524,Group9,Batch8
Cell19525,Group3,Batch8
Cell19526,Group10,Batch8
Cell19527,Group6,Batch8
Cell19528,Group6,Batch8
Cell19529,Group8,Batch8
Cell19530,Group1,Batch8
Cell19531,Group1,Batch8
Cell19532,Group1,Batch8
Cell19533,Group7,Batch8
Cell19534,Group7,Batch8
Cell19535,Group9,Batch8
Cell19536,Group1,Batch8
Cell19537,Group10,Batch8
Cell19538,Group5,Batch8
Cell19539,Group1,Batch8
Cell19540,Group1,Batch8
Cell19541,Group2,Batch8
Cell19542,Group8,Batch8
Cell19543,Group3,Batch8
Cell19544,Group3,Batch8
Cell19545,Group7,Batch8
Cell19546,Group3,Batch8
Cell19547,Group9,Batch8
Cell19548,Group7,Batch8
Cell19549,Group10,Batch8
Cell19550,Group2,Batch8
Cell19551,Group7,Batch8
Cell19552,Group5,Batch8
Cell19553,Group6,Batch8
Cell19554,Group10,Batch8
Cell19555,Group5,Batch8
Cell19556,Group10,Batch8
Cell19557,Group5,Batch8
Cell19558,Group1,Batch8
Cell19559,Group8,Batch8
Cell19560,Group6,Batch8
Cell19561,Group8,Batch8
Cell19562,Group7,Batch8
Cell19563,Group1,Batch8
Cell19564,Group6,Batch8
Cell19565,Group7,Batch8
Cell19566,Group3,Batch8
Cell19567,Group10,Batch8
Cell19568,Group2,Batch8
Cell19569,Group8,Batch8
Cell19570,Group8,Batch8
Cell19571,Group2,Batch8
Cell19572,Group1,Batch8
Cell19573,Group4,Batch8
Cell19574,Group2,Batch8
Cell19575,Group7,Batch8
Cell19576,Group2,Batch8
Cell19577,Group3,Batch8
Cell19578,Group7,Batch8
Cell19579,Group9,Batch8
Cell19580,Group4,Batch8
Cell19581,Group3,Batch8
Cell19582,Group8,Batch8
Cell19583,Group1,Batch8
Cell19584,Group10,Batch8
Cell19585,Group10,Batch8
Cell19586,Group8,Batch8
Cell19587,Group8,Batch8
Cell19588,Group10,Batch8
Cell19589,Group7,Batch8
Cell19590,Group3,Batch8
Cell19591,Group1,Batch8
Cell19592,Group7,Batch8
Cell19593,Group6,Batch8
Cell19594,Group2,Batch8
Cell19595,Group6,Batch8
Cell19596,Group1,Batch8
Cell19597,Group10,Batch8
Cell19598,Group5,Batch8
Cell19599,Group3,Batch8
Cell19600,Group7,Batch8
Cell19601,Group7,Batch8
Cell19602,Group7,Batch8
Cell19603,Group3,Batch8
Cell19604,Group8,Batch8
Cell19605,Group10,Batch8
Cell19606,Group7,Batch8
Cell19607,Group8,Batch8
Cell19608,Group1,Batch8
Cell19609,Group8,Batch8
Cell19610,Group2,Batch8
Cell19611,Group9,Batch8
Cell19612,Group2,Batch8
Cell19613,Group10,Batch8
Cell19614,Group2,Batch8
Cell19615,Group7,Batch8
Cell19616,Group1,Batch8
Cell19617,Group7,Batch8
Cell19618,Group5,Batch8
Cell19619,Group5,Batch8
Cell19620,Group8,Batch8
Cell19621,Group3,Batch8
Cell19622,Group2,Batch8
Cell19623,Group10,Batch8
Cell19624,Group3,Batch8
Cell19625,Group3,Batch8
Cell19626,Group9,Batch8
Cell19627,Group9,Batch8
Cell19628,Group5,Batch8
Cell19629,Group7,Batch8
Cell19630,Group5,Batch8
Cell19631,Group10,Batch8
Cell19632,Group3,Batch8
Cell19633,Group10,Batch8
Cell19634,Group5,Batch8
Cell19635,Group1,Batch8
Cell19636,Group5,Batch8
Cell19637,Group7,Batch8
Cell19638,Group5,Batch8
Cell19639,Group2,Batch8
Cell19640,Group8,Batch8
Cell19641,Group3,Batch8
Cell19642,Group4,Batch8
Cell19643,Group7,Batch8
Cell19644,Group10,Batch8
Cell19645,Group9,Batch8
Cell19646,Group8,Batch8
Cell19647,Group2,Batch8
Cell19648,Group10,Batch8
Cell19649,Group2,Batch8
Cell19650,Group5,Batch8
Cell19651,Group6,Batch8
Cell19652,Group2,Batch8
Cell19653,Group1,Batch8
Cell19654,Group2,Batch8
Cell19655,Group1,Batch8
Cell19656,Group10,Batch8
Cell19657,Group9,Batch8
Cell19658,Group7,Batch8
Cell19659,Group2,Batch8
Cell19660,Group3,Batch8
Cell19661,Group8,Batch8
Cell19662,Group8,Batch8
Cell19663,Group7,Batch8
Cell19664,Group10,Batch8
Cell19665,Group3,Batch8
Cell19666,Group1,Batch8
Cell19667,Group8,Batch8
Cell19668,Group2,Batch8
Cell19669,Group2,Batch8
Cell19670,Group1,Batch8
Cell19671,Group7,Batch8
Cell19672,Group4,Batch8
Cell19673,Group5,Batch8
Cell19674,Group2,Batch8
Cell19675,Group2,Batch8
Cell19676,Group7,Batch8
Cell19677,Group7,Batch8
Cell19678,Group1,Batch8
Cell19679,Group4,Batch8
Cell19680,Group6,Batch8
Cell19681,Group2,Batch8
Cell19682,Group6,Batch8
Cell19683,Group1,Batch8
Cell19684,Group8,Batch8
Cell19685,Group2,Batch8
Cell19686,Group5,Batch8
Cell19687,Group6,Batch8
Cell19688,Group3,Batch8
Cell19689,Group3,Batch8
Cell19690,Group5,Batch8
Cell19691,Group1,Batch8
Cell19692,Group10,Batch8
Cell19693,Group6,Batch8
Cell19694,Group9,Batch8
Cell19695,Group8,Batch8
Cell19696,Group8,Batch8
Cell19697,Group8,Batch8
Cell19698,Group3,Batch8
Cell19699,Group1,Batch8
Cell19700,Group1,Batch8
Cell19701,Group6,Batch8
Cell19702,Group7,Batch8
Cell19703,Group7,Batch8
Cell19704,Group5,Batch8
Cell19705,Group1,Batch8
Cell19706,Group10,Batch8
Cell19707,Group2,Batch8
Cell19708,Group4,Batch8
Cell19709,Group5,Batch8
Cell19710,Group1,Batch8
Cell19711,Group8,Batch8
Cell19712,Group7,Batch8
Cell19713,Group1,Batch8
Cell19714,Group2,Batch8
Cell19715,Group8,Batch8
Cell19716,Group9,Batch8
Cell19717,Group4,Batch8
Cell19718,Group5,Batch8
Cell19719,Group3,Batch8
Cell19720,Group1,Batch8
Cell19721,Group8,Batch8
Cell19722,Group2,Batch8
Cell19723,Group3,Batch8
Cell19724,Group10,Batch8
Cell19725,Group9,Batch8
Cell19726,Group10,Batch8
Cell19727,Group4,Batch8
Cell19728,Group6,Batch8
Cell19729,Group6,Batch8
Cell19730,Group5,Batch8
Cell19731,Group3,Batch8
Cell19732,Group4,Batch8
Cell19733,Group10,Batch8
Cell19734,Group7,Batch8
Cell19735,Group8,Batch8
Cell19736,Group7,Batch8
Cell19737,Group10,Batch8
Cell19738,Group1,Batch8
Cell19739,Group1,Batch8
Cell19740,Group2,Batch8
Cell19741,Group4,Batch8
Cell19742,Group9,Batch8
Cell19743,Group8,Batch8
Cell19744,Group1,Batch8
Cell19745,Group6,Batch8
Cell19746,Group3,Batch8
Cell19747,Group7,Batch8
Cell19748,Group7,Batch8
Cell19749,Group3,Batch8
Cell19750,Group8,Batch8
Cell19751,Group9,Batch8
Cell19752,Group10,Batch8
Cell19753,Group9,Batch8
Cell19754,Group8,Batch8
Cell19755,Group7,Batch8
Cell19756,Group7,Batch8
Cell19757,Group7,Batch8
Cell19758,Group1,Batch8
Cell19759,Group8,Batch8
Cell19760,Group9,Batch8
Cell19761,Group8,Batch8
Cell19762,Group9,Batch8
Cell19763,Group5,Batch8
Cell19764,Group6,Batch8
Cell19765,Group7,Batch8
Cell19766,Group6,Batch8
Cell19767,Group2,Batch8
Cell19768,Group1,Batch8
Cell19769,Group10,Batch8
Cell19770,Group5,Batch8
Cell19771,Group3,Batch8
Cell19772,Group3,Batch8
Cell19773,Group7,Batch8
Cell19774,Group9,Batch8
Cell19775,Group7,Batch8
Cell19776,Group3,Batch8
Cell19777,Group3,Batch8
Cell19778,Group2,Batch8
Cell19779,Group2,Batch8
Cell19780,Group6,Batch8
Cell19781,Group1,Batch8
Cell19782,Group5,Batch8
Cell19783,Group3,Batch8
Cell19784,Group2,Batch8
Cell19785,Group8,Batch8
Cell19786,Group3,Batch8
Cell19787,Group3,Batch8
Cell19788,Group4,Batch8
Cell19789,Group5,Batch8
Cell19790,Group1,Batch8
Cell19791,Group7,Batch8
Cell19792,Group5,Batch8
Cell19793,Group5,Batch8
Cell19794,Group5,Batch8
Cell19795,Group2,Batch8
Cell19796,Group10,Batch8
Cell19797,Group6,Batch8
Cell19798,Group5,Batch8
Cell19799,Group4,Batch8
Cell19800,Group2,Batch8
Cell19801,Group3,Batch8
Cell19802,Group9,Batch8
Cell19803,Group10,Batch8
Cell19804,Group9,Batch8
Cell19805,Group10,Batch8
Cell19806,Group2,Batch8
Cell19807,Group5,Batch8
Cell19808,Group10,Batch8
Cell19809,Group2,Batch8
Cell19810,Group3,Batch8
Cell19811,Group10,Batch8
Cell19812,Group10,Batch8
Cell19813,Group2,Batch8
Cell19814,Group8,Batch8
Cell19815,Group3,Batch8
Cell19816,Group7,Batch8
Cell19817,Group1,Batch8
Cell19818,Group9,Batch8
Cell19819,Group1,Batch8
Cell19820,Group4,Batch8
Cell19821,Group1,Batch8
Cell19822,Group5,Batch8
Cell19823,Group3,Batch8
Cell19824,Group2,Batch8
Cell19825,Group3,Batch8
Cell19826,Group7,Batch8
Cell19827,Group2,Batch8
Cell19828,Group1,Batch8
Cell19829,Group5,Batch8
Cell19830,Group1,Batch8
Cell19831,Group2,Batch8
Cell19832,Group1,Batch8
Cell19833,Group6,Batch8
Cell19834,Group2,Batch8
Cell19835,Group1,Batch8
Cell19836,Group5,Batch8
Cell19837,Group6,Batch8
Cell19838,Group1,Batch8
Cell19839,Group2,Batch8
Cell19840,Group9,Batch8
Cell19841,Group7,Batch8
Cell19842,Group4,Batch8
Cell19843,Group2,Batch8
Cell19844,Group3,Batch8
Cell19845,Group1,Batch8
Cell19846,Group5,Batch8
Cell19847,Group4,Batch8
Cell19848,Group6,Batch8
Cell19849,Group7,Batch8
Cell19850,Group5,Batch8
Cell19851,Group6,Batch8
Cell19852,Group3,Batch8
Cell19853,Group1,Batch8
Cell19854,Group7,Batch8
Cell19855,Group2,Batch8
Cell19856,Group1,Batch8
Cell19857,Group4,Batch8
Cell19858,Group7,Batch8
Cell19859,Group5,Batch8
Cell19860,Group1,Batch8
Cell19861,Group7,Batch8
Cell19862,Group9,Batch8
Cell19863,Group10,Batch8
Cell19864,Group8,Batch8
Cell19865,Group8,Batch8
Cell19866,Group1,Batch8
Cell19867,Group6,Batch8
Cell19868,Group9,Batch8
Cell19869,Group5,Batch8
Cell19870,Group3,Batch8
Cell19871,Group5,Batch8
Cell19872,Group2,Batch8
Cell19873,Group9,Batch8
Cell19874,Group10,Batch8
Cell19875,Group5,Batch8
Cell19876,Group10,Batch8
Cell19877,Group6,Batch8
Cell19878,Group8,Batch8
Cell19879,Group3,Batch8
Cell19880,Group1,Batch8
Cell19881,Group5,Batch8
Cell19882,Group7,Batch8
Cell19883,Group6,Batch8
Cell19884,Group7,Batch8
Cell19885,Group7,Batch8
Cell19886,Group4,Batch8
Cell19887,Group3,Batch8
Cell19888,Group3,Batch8
Cell19889,Group3,Batch8
Cell19890,Group1,Batch8
Cell19891,Group2,Batch8
Cell19892,Group2,Batch8
Cell19893,Group4,Batch8
Cell19894,Group6,Batch8
Cell19895,Group1,Batch8
Cell19896,Group7,Batch8
Cell19897,Group2,Batch8
Cell19898,Group5,Batch8
Cell19899,Group7,Batch8
Cell19900,Group6,Batch8
Cell19901,Group7,Batch8
Cell19902,Group3,Batch8
Cell19903,Group2,Batch8
Cell19904,Group7,Batch8
Cell19905,Group3,Batch8
Cell19906,Group7,Batch8
Cell19907,Group4,Batch8
Cell19908,Group1,Batch8
Cell19909,Group6,Batch8
Cell19910,Group3,Batch8
Cell19911,Group3,Batch8
Cell19912,Group2,Batch8
Cell19913,Group5,Batch8
Cell19914,Group5,Batch8
Cell19915,Group1,Batch8
Cell19916,Group5,Batch8
Cell19917,Group9,Batch8
Cell19918,Group10,Batch8
Cell19919,Group4,Batch8
Cell19920,Group7,Batch8
Cell19921,Group4,Batch8
Cell19922,Group7,Batch8
Cell19923,Group1,Batch8
Cell19924,Group3,Batch8
Cell19925,Group10,Batch8
Cell19926,Group7,Batch8
Cell19927,Group1,Batch8
Cell19928,Group9,Batch8
Cell19929,Group1,Batch8
Cell19930,Group7,Batch8
Cell19931,Group5,Batch8
Cell19932,Group7,Batch8
Cell19933,Group10,Batch8
Cell19934,Group9,Batch8
Cell19935,Group1,Batch8
Cell19936,Group8,Batch8
Cell19937,Group9,Batch8
Cell19938,Group7,Batch8
Cell19939,Group1,Batch8
Cell19940,Group5,Batch8
Cell19941,Group3,Batch8
Cell19942,Group3,Batch8
Cell19943,Group1,Batch8
Cell19944,Group1,Batch8
Cell19945,Group3,Batch8
Cell19946,Group2,Batch8
Cell19947,Group10,Batch8
Cell19948,Group1,Batch8
Cell19949,Group4,Batch8
Cell19950,Group8,Batch8
Cell19951,Group1,Batch8
Cell19952,Group10,Batch8
Cell19953,Group9,Batch8
Cell19954,Group3,Batch8
Cell19955,Group4,Batch8
Cell19956,Group10,Batch8
Cell19957,Group1,Batch8
Cell19958,Group7,Batch8
Cell19959,Group1,Batch8
Cell19960,Group10,Batch8
Cell19961,Group7,Batch8
Cell19962,Group7,Batch8
Cell19963,Group1,Batch8
Cell19964,Group6,Batch8
Cell19965,Group3,Batch8
Cell19966,Group10,Batch8
Cell19967,Group6,Batch8
Cell19968,Group5,Batch8
Cell19969,Group5,Batch8
Cell19970,Group10,Batch8
Cell19971,Group5,Batch8
Cell19972,Group8,Batch8
Cell19973,Group5,Batch8
Cell19974,Group1,Batch8
Cell19975,Group7,Batch8
Cell19976,Group5,Batch8
Cell19977,Group3,Batch8
Cell19978,Group3,Batch8
Cell19979,Group3,Batch8
Cell19980,Group10,Batch8
Cell19981,Group9,Batch8
Cell19982,Group1,Batch8
Cell19983,Group9,Batch8
Cell19984,Group5,Batch8
Cell19985,Group7,Batch8
Cell19986,Group10,Batch8
Cell19987,Group5,Batch8
Cell19988,Group2,Batch8
Cell19989,Group8,Batch8
Cell19990,Group5,Batch8
Cell19991,Group7,Batch8
Cell19992,Group10,Batch8
Cell19993,Group10,Batch8
Cell19994,Group1,Batch8
Cell19995,Group8,Batch8
Cell19996,Group2,Batch8
Cell19997,Group8,Batch8
Cell19998,Group6,Batch8
Cell19999,Group3,Batch8
Cell20000,Group1,Batch8
Cell20001,Group6,Batch8
Cell20002,Group1,Batch8
Cell20003,Group6,Batch8
Cell20004,Group5,Batch8
Cell20005,Group1,Batch8
Cell20006,Group3,Batch8
Cell20007,Group10,Batch8
Cell20008,Group8,Batch8
Cell20009,Group5,Batch8
Cell20010,Group7,Batch8
Cell20011,Group1,Batch8
Cell20012,Group3,Batch8
Cell20013,Group7,Batch8
Cell20014,Group3,Batch8
Cell20015,Group1,Batch8
Cell20016,Group9,Batch8
Cell20017,Group8,Batch8
Cell20018,Group1,Batch8
Cell20019,Group2,Batch8
Cell20020,Group6,Batch8
Cell20021,Group10,Batch8
Cell20022,Group5,Batch8
Cell20023,Group6,Batch8
Cell20024,Group6,Batch8
Cell20025,Group6,Batch8
Cell20026,Group6,Batch8
Cell20027,Group1,Batch8
Cell20028,Group1,Batch8
Cell20029,Group7,Batch8
Cell20030,Group3,Batch8
Cell20031,Group10,Batch8
Cell20032,Group7,Batch8
Cell20033,Group1,Batch8
Cell20034,Group10,Batch8
Cell20035,Group1,Batch8
Cell20036,Group2,Batch8
Cell20037,Group8,Batch8
Cell20038,Group5,Batch8
Cell20039,Group4,Batch8
Cell20040,Group7,Batch8
Cell20041,Group5,Batch8
Cell20042,Group3,Batch8
Cell20043,Group7,Batch8
Cell20044,Group8,Batch8
Cell20045,Group6,Batch8
Cell20046,Group10,Batch8
Cell20047,Group5,Batch8
Cell20048,Group10,Batch8
Cell20049,Group7,Batch8
Cell20050,Group10,Batch8
Cell20051,Group10,Batch8
Cell20052,Group6,Batch8
Cell20053,Group5,Batch8
Cell20054,Group5,Batch8
Cell20055,Group2,Batch8
Cell20056,Group5,Batch8
Cell20057,Group5,Batch8
Cell20058,Group2,Batch8
Cell20059,Group8,Batch8
Cell20060,Group1,Batch8
Cell20061,Group7,Batch8
Cell20062,Group3,Batch8
Cell20063,Group1,Batch8
Cell20064,Group3,Batch8
Cell20065,Group7,Batch8
Cell20066,Group6,Batch8
Cell20067,Group9,Batch8
Cell20068,Group7,Batch8
Cell20069,Group3,Batch8
Cell20070,Group10,Batch8
Cell20071,Group1,Batch8
Cell20072,Group2,Batch8
Cell20073,Group5,Batch8
Cell20074,Group8,Batch8
Cell20075,Group2,Batch8
Cell20076,Group7,Batch8
Cell20077,Group2,Batch8
Cell20078,Group7,Batch8
Cell20079,Group2,Batch8
Cell20080,Group7,Batch8
Cell20081,Group8,Batch8
Cell20082,Group2,Batch8
Cell20083,Group10,Batch8
Cell20084,Group7,Batch8
Cell20085,Group4,Batch8
Cell20086,Group7,Batch8
Cell20087,Group5,Batch8
Cell20088,Group8,Batch8
Cell20089,Group7,Batch8
Cell20090,Group1,Batch8
Cell20091,Group9,Batch8
Cell20092,Group1,Batch8
Cell20093,Group6,Batch8
Cell20094,Group8,Batch8
Cell20095,Group3,Batch8
Cell20096,Group7,Batch8
Cell20097,Group1,Batch8
Cell20098,Group5,Batch8
Cell20099,Group1,Batch8
Cell20100,Group1,Batch8
Cell20101,Group10,Batch8
Cell20102,Group8,Batch8
Cell20103,Group1,Batch8
Cell20104,Group10,Batch8
Cell20105,Group4,Batch8
Cell20106,Group6,Batch8
Cell20107,Group4,Batch8
Cell20108,Group7,Batch8
Cell20109,Group5,Batch8
Cell20110,Group4,Batch8
Cell20111,Group10,Batch8
Cell20112,Group3,Batch8
Cell20113,Group3,Batch8
Cell20114,Group2,Batch8
Cell20115,Group1,Batch8
Cell20116,Group5,Batch8
Cell20117,Group7,Batch8
Cell20118,Group6,Batch8
Cell20119,Group7,Batch8
Cell20120,Group5,Batch8
Cell20121,Group8,Batch8
Cell20122,Group9,Batch8
Cell20123,Group6,Batch8
Cell20124,Group2,Batch8
Cell20125,Group4,Batch8
Cell20126,Group4,Batch8
Cell20127,Group6,Batch8
Cell20128,Group1,Batch8
Cell20129,Group10,Batch8
Cell20130,Group4,Batch8
Cell20131,Group3,Batch8
Cell20132,Group6,Batch8
Cell20133,Group5,Batch8
Cell20134,Group7,Batch8
Cell20135,Group2,Batch8
Cell20136,Group1,Batch8
Cell20137,Group8,Batch8
Cell20138,Group8,Batch8
Cell20139,Group7,Batch8
Cell20140,Group9,Batch8
Cell20141,Group10,Batch8
Cell20142,Group4,Batch8
Cell20143,Group8,Batch8
Cell20144,Group2,Batch8
Cell20145,Group7,Batch8
Cell20146,Group2,Batch8
Cell20147,Group7,Batch8
Cell20148,Group1,Batch8
Cell20149,Group7,Batch8
Cell20150,Group8,Batch8
Cell20151,Group7,Batch8
Cell20152,Group7,Batch8
Cell20153,Group8,Batch8
Cell20154,Group10,Batch8
Cell20155,Group1,Batch8
Cell20156,Group6,Batch8
Cell20157,Group7,Batch8
Cell20158,Group1,Batch8
Cell20159,Group10,Batch8
Cell20160,Group1,Batch8
Cell20161,Group3,Batch8
Cell20162,Group1,Batch8
Cell20163,Group7,Batch8
Cell20164,Group2,Batch8
Cell20165,Group10,Batch8
Cell20166,Group2,Batch8
Cell20167,Group6,Batch8
Cell20168,Group4,Batch8
Cell20169,Group7,Batch8
Cell20170,Group8,Batch8
Cell20171,Group8,Batch8
Cell20172,Group10,Batch8
Cell20173,Group5,Batch8
Cell20174,Group6,Batch8
Cell20175,Group2,Batch8
Cell20176,Group6,Batch8
Cell20177,Group5,Batch8
Cell20178,Group10,Batch8
Cell20179,Group1,Batch8
Cell20180,Group2,Batch8
Cell20181,Group10,Batch8
Cell20182,Group8,Batch8
Cell20183,Group5,Batch8
Cell20184,Group6,Batch8
Cell20185,Group3,Batch8
Cell20186,Group5,Batch8
Cell20187,Group6,Batch8
Cell20188,Group1,Batch8
Cell20189,Group2,Batch8
Cell20190,Group10,Batch8
Cell20191,Group5,Batch8
Cell20192,Group1,Batch8
Cell20193,Group1,Batch8
Cell20194,Group7,Batch8
Cell20195,Group9,Batch8
Cell20196,Group4,Batch8
Cell20197,Group3,Batch8
Cell20198,Group10,Batch8
Cell20199,Group6,Batch8
Cell20200,Group1,Batch8
Cell20201,Group1,Batch8
Cell20202,Group2,Batch8
Cell20203,Group6,Batch8
Cell20204,Group7,Batch8
Cell20205,Group2,Batch8
Cell20206,Group10,Batch8
Cell20207,Group1,Batch8
Cell20208,Group8,Batch8
Cell20209,Group8,Batch8
Cell20210,Group7,Batch8
Cell20211,Group6,Batch8
Cell20212,Group7,Batch8
Cell20213,Group7,Batch8
Cell20214,Group7,Batch8
Cell20215,Group7,Batch8
Cell20216,Group7,Batch8
Cell20217,Group8,Batch8
Cell20218,Group10,Batch8
Cell20219,Group6,Batch8
Cell20220,Group8,Batch8
Cell20221,Group3,Batch8
Cell20222,Group6,Batch8
Cell20223,Group5,Batch8
Cell20224,Group2,Batch8
Cell20225,Group8,Batch8
Cell20226,Group1,Batch8
Cell20227,Group1,Batch8
Cell20228,Group7,Batch8
Cell20229,Group8,Batch8
Cell20230,Group6,Batch8
Cell20231,Group9,Batch8
Cell20232,Group1,Batch8
Cell20233,Group1,Batch8
Cell20234,Group8,Batch8
Cell20235,Group2,Batch8
Cell20236,Group4,Batch8
Cell20237,Group6,Batch8
Cell20238,Group1,Batch8
Cell20239,Group8,Batch8
Cell20240,Group6,Batch8
Cell20241,Group7,Batch8
Cell20242,Group1,Batch8
Cell20243,Group1,Batch8
Cell20244,Group8,Batch8
Cell20245,Group10,Batch8
Cell20246,Group5,Batch8
Cell20247,Group8,Batch8
Cell20248,Group1,Batch8
Cell20249,Group10,Batch8
Cell20250,Group9,Batch8
Cell20251,Group5,Batch8
Cell20252,Group4,Batch8
Cell20253,Group10,Batch8
Cell20254,Group7,Batch8
Cell20255,Group9,Batch8
Cell20256,Group7,Batch8
Cell20257,Group10,Batch8
Cell20258,Group10,Batch8
Cell20259,Group5,Batch8
Cell20260,Group4,Batch8
Cell20261,Group8,Batch8
Cell20262,Group5,Batch8
Cell20263,Group4,Batch8
Cell20264,Group6,Batch8
Cell20265,Group6,Batch8
Cell20266,Group8,Batch8
Cell20267,Group6,Batch8
Cell20268,Group2,Batch8
Cell20269,Group4,Batch8
Cell20270,Group10,Batch8
Cell20271,Group2,Batch8
Cell20272,Group1,Batch8
Cell20273,Group2,Batch8
Cell20274,Group6,Batch8
Cell20275,Group3,Batch8
Cell20276,Group10,Batch8
Cell20277,Group3,Batch8
Cell20278,Group8,Batch8
Cell20279,Group6,Batch8
Cell20280,Group5,Batch8
Cell20281,Group1,Batch8
Cell20282,Group9,Batch8
Cell20283,Group1,Batch8
Cell20284,Group2,Batch8
Cell20285,Group6,Batch8
Cell20286,Group9,Batch8
Cell20287,Group6,Batch8
Cell20288,Group2,Batch8
Cell20289,Group10,Batch8
Cell20290,Group3,Batch8
Cell20291,Group2,Batch8
Cell20292,Group7,Batch8
Cell20293,Group5,Batch8
Cell20294,Group10,Batch8
Cell20295,Group5,Batch8
Cell20296,Group1,Batch8
Cell20297,Group1,Batch8
Cell20298,Group6,Batch8
Cell20299,Group2,Batch8
Cell20300,Group7,Batch8
Cell20301,Group6,Batch8
Cell20302,Group5,Batch8
Cell20303,Group7,Batch8
Cell20304,Group2,Batch8
Cell20305,Group7,Batch8
Cell20306,Group9,Batch8
Cell20307,Group10,Batch8
Cell20308,Group2,Batch8
Cell20309,Group4,Batch8
Cell20310,Group6,Batch8
Cell20311,Group4,Batch8
Cell20312,Group7,Batch8
Cell20313,Group7,Batch8
Cell20314,Group1,Batch8
Cell20315,Group2,Batch8
Cell20316,Group10,Batch8
Cell20317,Group6,Batch8
Cell20318,Group6,Batch8
Cell20319,Group8,Batch8
Cell20320,Group7,Batch8
Cell20321,Group8,Batch8
Cell20322,Group1,Batch8
Cell20323,Group8,Batch8
Cell20324,Group6,Batch8
Cell20325,Group4,Batch8
Cell20326,Group4,Batch8
Cell20327,Group2,Batch8
Cell20328,Group1,Batch8
Cell20329,Group1,Batch8
Cell20330,Group7,Batch8
Cell20331,Group7,Batch8
Cell20332,Group7,Batch8
Cell20333,Group7,Batch8
Cell20334,Group5,Batch8
Cell20335,Group6,Batch8
Cell20336,Group6,Batch8
Cell20337,Group7,Batch8
Cell20338,Group7,Batch8
Cell20339,Group9,Batch8
Cell20340,Group10,Batch8
Cell20341,Group1,Batch8
Cell20342,Group9,Batch8
Cell20343,Group6,Batch8
Cell20344,Group1,Batch8
Cell20345,Group3,Batch8
Cell20346,Group8,Batch8
Cell20347,Group2,Batch8
Cell20348,Group9,Batch8
Cell20349,Group5,Batch8
Cell20350,Group6,Batch8
Cell20351,Group8,Batch8
Cell20352,Group9,Batch8
Cell20353,Group3,Batch8
Cell20354,Group8,Batch8
Cell20355,Group8,Batch8
Cell20356,Group2,Batch8
Cell20357,Group8,Batch8
Cell20358,Group2,Batch8
Cell20359,Group6,Batch8
Cell20360,Group1,Batch8
Cell20361,Group7,Batch8
Cell20362,Group8,Batch8
Cell20363,Group5,Batch8
Cell20364,Group5,Batch8
Cell20365,Group5,Batch8
Cell20366,Group2,Batch8
Cell20367,Group1,Batch8
Cell20368,Group5,Batch8
Cell20369,Group3,Batch8
Cell20370,Group10,Batch8
Cell20371,Group10,Batch8
Cell20372,Group6,Batch8
Cell20373,Group10,Batch8
Cell20374,Group2,Batch8
Cell20375,Group2,Batch8
Cell20376,Group5,Batch8
Cell20377,Group5,Batch8
Cell20378,Group1,Batch8
Cell20379,Group3,Batch8
Cell20380,Group6,Batch8
Cell20381,Group10,Batch8
Cell20382,Group10,Batch8
Cell20383,Group7,Batch8
Cell20384,Group7,Batch8
Cell20385,Group7,Batch8
Cell20386,Group1,Batch8
Cell20387,Group10,Batch8
Cell20388,Group1,Batch8
Cell20389,Group8,Batch8
Cell20390,Group5,Batch8
Cell20391,Group1,Batch8
Cell20392,Group8,Batch8
Cell20393,Group2,Batch8
Cell20394,Group9,Batch8
Cell20395,Group2,Batch8
Cell20396,Group7,Batch8
Cell20397,Group10,Batch8
Cell20398,Group5,Batch8
Cell20399,Group5,Batch8
Cell20400,Group8,Batch8
Cell20401,Group1,Batch8
Cell20402,Group7,Batch8
Cell20403,Group4,Batch8
Cell20404,Group4,Batch8
Cell20405,Group4,Batch8
Cell20406,Group3,Batch8
Cell20407,Group2,Batch8
Cell20408,Group6,Batch8
Cell20409,Group9,Batch8
Cell20410,Group9,Batch8
Cell20411,Group3,Batch8
Cell20412,Group5,Batch8
Cell20413,Group9,Batch8
Cell20414,Group7,Batch8
Cell20415,Group3,Batch8
Cell20416,Group5,Batch8
Cell20417,Group1,Batch8
Cell20418,Group10,Batch8
Cell20419,Group1,Batch8
Cell20420,Group3,Batch8
Cell20421,Group8,Batch8
Cell20422,Group4,Batch8
Cell20423,Group1,Batch8
Cell20424,Group10,Batch8
Cell20425,Group6,Batch8
Cell20426,Group2,Batch8
Cell20427,Group7,Batch8
Cell20428,Group5,Batch8
Cell20429,Group9,Batch8
Cell20430,Group8,Batch8
Cell20431,Group8,Batch8
Cell20432,Group4,Batch8
Cell20433,Group4,Batch8
Cell20434,Group6,Batch8
Cell20435,Group3,Batch8
Cell20436,Group2,Batch8
Cell20437,Group6,Batch8
Cell20438,Group8,Batch8
Cell20439,Group9,Batch8
Cell20440,Group6,Batch8
Cell20441,Group9,Batch8
Cell20442,Group7,Batch8
Cell20443,Group1,Batch8
Cell20444,Group10,Batch8
Cell20445,Group8,Batch8
Cell20446,Group7,Batch8
Cell20447,Group8,Batch8
Cell20448,Group3,Batch8
Cell20449,Group5,Batch8
Cell20450,Group2,Batch8
Cell20451,Group10,Batch8
Cell20452,Group5,Batch8
Cell20453,Group8,Batch8
Cell20454,Group1,Batch8
Cell20455,Group3,Batch8
Cell20456,Group1,Batch8
Cell20457,Group10,Batch8
Cell20458,Group2,Batch8
Cell20459,Group8,Batch8
Cell20460,Group2,Batch8
Cell20461,Group3,Batch8
Cell20462,Group7,Batch8
Cell20463,Group2,Batch8
Cell20464,Group2,Batch8
Cell20465,Group8,Batch8
Cell20466,Group1,Batch8
Cell20467,Group8,Batch8
Cell20468,Group5,Batch8
Cell20469,Group7,Batch8
Cell20470,Group5,Batch8
Cell20471,Group1,Batch8
Cell20472,Group3,Batch8
Cell20473,Group6,Batch8
Cell20474,Group5,Batch8
Cell20475,Group3,Batch8
Cell20476,Group3,Batch8
Cell20477,Group8,Batch8
Cell20478,Group1,Batch8
Cell20479,Group10,Batch8
Cell20480,Group7,Batch8
Cell20481,Group9,Batch8
Cell20482,Group6,Batch8
Cell20483,Group7,Batch8
Cell20484,Group4,Batch8
Cell20485,Group1,Batch8
Cell20486,Group6,Batch8
Cell20487,Group8,Batch8
Cell20488,Group7,Batch8
Cell20489,Group1,Batch8
Cell20490,Group2,Batch8
Cell20491,Group7,Batch8
Cell20492,Group4,Batch8
Cell20493,Group1,Batch8
Cell20494,Group2,Batch8
Cell20495,Group1,Batch8
Cell20496,Group2,Batch8
Cell20497,Group2,Batch8
Cell20498,Group10,Batch8
Cell20499,Group3,Batch8
Cell20500,Group10,Batch8
Cell20501,Group7,Batch9
Cell20502,Group3,Batch9
Cell20503,Group1,Batch9
Cell20504,Group7,Batch9
Cell20505,Group2,Batch9
Cell20506,Group6,Batch9
Cell20507,Group5,Batch9
Cell20508,Group5,Batch9
Cell20509,Group1,Batch9
Cell20510,Group10,Batch9
Cell20511,Group7,Batch9
Cell20512,Group8,Batch9
Cell20513,Group7,Batch9
Cell20514,Group7,Batch9
Cell20515,Group10,Batch9
Cell20516,Group7,Batch9
Cell20517,Group9,Batch9
Cell20518,Group10,Batch9
Cell20519,Group6,Batch9
Cell20520,Group2,Batch9
Cell20521,Group9,Batch9
Cell20522,Group4,Batch9
Cell20523,Group1,Batch9
Cell20524,Group8,Batch9
Cell20525,Group1,Batch9
Cell20526,Group5,Batch9
Cell20527,Group1,Batch9
Cell20528,Group9,Batch9
Cell20529,Group9,Batch9
Cell20530,Group8,Batch9
Cell20531,Group3,Batch9
Cell20532,Group3,Batch9
Cell20533,Group1,Batch9
Cell20534,Group7,Batch9
Cell20535,Group2,Batch9
Cell20536,Group9,Batch9
Cell20537,Group3,Batch9
Cell20538,Group6,Batch9
Cell20539,Group1,Batch9
Cell20540,Group2,Batch9
Cell20541,Group5,Batch9
Cell20542,Group1,Batch9
Cell20543,Group3,Batch9
Cell20544,Group7,Batch9
Cell20545,Group10,Batch9
Cell20546,Group10,Batch9
Cell20547,Group8,Batch9
Cell20548,Group2,Batch9
Cell20549,Group1,Batch9
Cell20550,Group6,Batch9
Cell20551,Group2,Batch9
Cell20552,Group6,Batch9
Cell20553,Group2,Batch9
Cell20554,Group2,Batch9
Cell20555,Group10,Batch9
Cell20556,Group10,Batch9
Cell20557,Group8,Batch9
Cell20558,Group4,Batch9
Cell20559,Group3,Batch9
Cell20560,Group2,Batch9
Cell20561,Group7,Batch9
Cell20562,Group2,Batch9
Cell20563,Group5,Batch9
Cell20564,Group6,Batch9
Cell20565,Group5,Batch9
Cell20566,Group8,Batch9
Cell20567,Group5,Batch9
Cell20568,Group1,Batch9
Cell20569,Group10,Batch9
Cell20570,Group2,Batch9
Cell20571,Group7,Batch9
Cell20572,Group9,Batch9
Cell20573,Group2,Batch9
Cell20574,Group7,Batch9
Cell20575,Group7,Batch9
Cell20576,Group1,Batch9
Cell20577,Group6,Batch9
Cell20578,Group10,Batch9
Cell20579,Group2,Batch9
Cell20580,Group2,Batch9
Cell20581,Group2,Batch9
Cell20582,Group8,Batch9
Cell20583,Group4,Batch9
Cell20584,Group2,Batch9
Cell20585,Group8,Batch9
Cell20586,Group3,Batch9
Cell20587,Group7,Batch9
Cell20588,Group5,Batch9
Cell20589,Group8,Batch9
Cell20590,Group4,Batch9
Cell20591,Group2,Batch9
Cell20592,Group10,Batch9
Cell20593,Group9,Batch9
Cell20594,Group3,Batch9
Cell20595,Group5,Batch9
Cell20596,Group4,Batch9
Cell20597,Group2,Batch9
Cell20598,Group1,Batch9
Cell20599,Group9,Batch9
Cell20600,Group4,Batch9
Cell20601,Group2,Batch9
Cell20602,Group4,Batch9
Cell20603,Group3,Batch9
Cell20604,Group2,Batch9
Cell20605,Group6,Batch9
Cell20606,Group5,Batch9
Cell20607,Group5,Batch9
Cell20608,Group1,Batch9
Cell20609,Group5,Batch9
Cell20610,Group2,Batch9
Cell20611,Group7,Batch9
Cell20612,Group5,Batch9
Cell20613,Group7,Batch9
Cell20614,Group3,Batch9
Cell20615,Group1,Batch9
Cell20616,Group8,Batch9
Cell20617,Group5,Batch9
Cell20618,Group7,Batch9
Cell20619,Group1,Batch9
Cell20620,Group6,Batch9
Cell20621,Group8,Batch9
Cell20622,Group2,Batch9
Cell20623,Group7,Batch9
Cell20624,Group9,Batch9
Cell20625,Group10,Batch9
Cell20626,Group7,Batch9
Cell20627,Group3,Batch9
Cell20628,Group3,Batch9
Cell20629,Group4,Batch9
Cell20630,Group1,Batch9
Cell20631,Group6,Batch9
Cell20632,Group8,Batch9
Cell20633,Group3,Batch9
Cell20634,Group6,Batch9
Cell20635,Group7,Batch9
Cell20636,Group1,Batch9
Cell20637,Group1,Batch9
Cell20638,Group7,Batch9
Cell20639,Group9,Batch9
Cell20640,Group8,Batch9
Cell20641,Group5,Batch9
Cell20642,Group7,Batch9
Cell20643,Group3,Batch9
Cell20644,Group8,Batch9
Cell20645,Group2,Batch9
Cell20646,Group8,Batch9
Cell20647,Group5,Batch9
Cell20648,Group7,Batch9
Cell20649,Group7,Batch9
Cell20650,Group7,Batch9
Cell20651,Group4,Batch9
Cell20652,Group10,Batch9
Cell20653,Group7,Batch9
Cell20654,Group9,Batch9
Cell20655,Group7,Batch9
Cell20656,Group1,Batch9
Cell20657,Group3,Batch9
Cell20658,Group8,Batch9
Cell20659,Group6,Batch9
Cell20660,Group3,Batch9
Cell20661,Group1,Batch9
Cell20662,Group3,Batch9
Cell20663,Group1,Batch9
Cell20664,Group7,Batch9
Cell20665,Group7,Batch9
Cell20666,Group5,Batch9
Cell20667,Group6,Batch9
Cell20668,Group3,Batch9
Cell20669,Group9,Batch9
Cell20670,Group4,Batch9
Cell20671,Group5,Batch9
Cell20672,Group7,Batch9
Cell20673,Group1,Batch9
Cell20674,Group4,Batch9
Cell20675,Group6,Batch9
Cell20676,Group1,Batch9
Cell20677,Group7,Batch9
Cell20678,Group5,Batch9
Cell20679,Group8,Batch9
Cell20680,Group6,Batch9
Cell20681,Group7,Batch9
Cell20682,Group7,Batch9
Cell20683,Group2,Batch9
Cell20684,Group9,Batch9
Cell20685,Group7,Batch9
Cell20686,Group5,Batch9
Cell20687,Group7,Batch9
Cell20688,Group6,Batch9
Cell20689,Group8,Batch9
Cell20690,Group7,Batch9
Cell20691,Group3,Batch9
Cell20692,Group6,Batch9
Cell20693,Group1,Batch9
Cell20694,Group5,Batch9
Cell20695,Group2,Batch9
Cell20696,Group5,Batch9
Cell20697,Group8,Batch9
Cell20698,Group1,Batch9
Cell20699,Group1,Batch9
Cell20700,Group1,Batch9
Cell20701,Group5,Batch9
Cell20702,Group2,Batch9
Cell20703,Group6,Batch9
Cell20704,Group7,Batch9
Cell20705,Group7,Batch9
Cell20706,Group1,Batch9
Cell20707,Group2,Batch9
Cell20708,Group7,Batch9
Cell20709,Group10,Batch9
Cell20710,Group6,Batch9
Cell20711,Group1,Batch9
Cell20712,Group5,Batch9
Cell20713,Group3,Batch9
Cell20714,Group7,Batch9
Cell20715,Group3,Batch9
Cell20716,Group9,Batch9
Cell20717,Group8,Batch9
Cell20718,Group8,Batch9
Cell20719,Group6,Batch9
Cell20720,Group7,Batch9
Cell20721,Group1,Batch9
Cell20722,Group8,Batch9
Cell20723,Group4,Batch9
Cell20724,Group9,Batch9
Cell20725,Group9,Batch9
Cell20726,Group5,Batch9
Cell20727,Group7,Batch9
Cell20728,Group4,Batch9
Cell20729,Group6,Batch9
Cell20730,Group6,Batch9
Cell20731,Group8,Batch9
Cell20732,Group2,Batch9
Cell20733,Group1,Batch9
Cell20734,Group6,Batch9
Cell20735,Group2,Batch9
Cell20736,Group3,Batch9
Cell20737,Group8,Batch9
Cell20738,Group3,Batch9
Cell20739,Group1,Batch9
Cell20740,Group7,Batch9
Cell20741,Group5,Batch9
Cell20742,Group3,Batch9
Cell20743,Group1,Batch9
Cell20744,Group1,Batch9
Cell20745,Group5,Batch9
Cell20746,Group9,Batch9
Cell20747,Group2,Batch9
Cell20748,Group1,Batch9
Cell20749,Group2,Batch9
Cell20750,Group3,Batch9
Cell20751,Group9,Batch9
Cell20752,Group5,Batch9
Cell20753,Group9,Batch9
Cell20754,Group3,Batch9
Cell20755,Group6,Batch9
Cell20756,Group9,Batch9
Cell20757,Group10,Batch9
Cell20758,Group2,Batch9
Cell20759,Group8,Batch9
Cell20760,Group5,Batch9
Cell20761,Group4,Batch9
Cell20762,Group5,Batch9
Cell20763,Group3,Batch9
Cell20764,Group7,Batch9
Cell20765,Group8,Batch9
Cell20766,Group5,Batch9
Cell20767,Group10,Batch9
Cell20768,Group10,Batch9
Cell20769,Group10,Batch9
Cell20770,Group10,Batch9
Cell20771,Group3,Batch9
Cell20772,Group9,Batch9
Cell20773,Group2,Batch9
Cell20774,Group7,Batch9
Cell20775,Group2,Batch9
Cell20776,Group8,Batch9
Cell20777,Group2,Batch9
Cell20778,Group8,Batch9
Cell20779,Group10,Batch9
Cell20780,Group1,Batch9
Cell20781,Group6,Batch9
Cell20782,Group8,Batch9
Cell20783,Group4,Batch9
Cell20784,Group1,Batch9
Cell20785,Group9,Batch9
Cell20786,Group1,Batch9
Cell20787,Group10,Batch9
Cell20788,Group4,Batch9
Cell20789,Group3,Batch9
Cell20790,Group1,Batch9
Cell20791,Group7,Batch9
Cell20792,Group3,Batch9
Cell20793,Group8,Batch9
Cell20794,Group7,Batch9
Cell20795,Group2,Batch9
Cell20796,Group7,Batch9
Cell20797,Group8,Batch9
Cell20798,Group5,Batch9
Cell20799,Group1,Batch9
Cell20800,Group4,Batch9
Cell20801,Group5,Batch9
Cell20802,Group5,Batch9
Cell20803,Group2,Batch9
Cell20804,Group2,Batch9
Cell20805,Group2,Batch9
Cell20806,Group10,Batch9
Cell20807,Group7,Batch9
Cell20808,Group10,Batch9
Cell20809,Group7,Batch9
Cell20810,Group1,Batch9
Cell20811,Group5,Batch9
Cell20812,Group1,Batch9
Cell20813,Group8,Batch9
Cell20814,Group1,Batch9
Cell20815,Group6,Batch9
Cell20816,Group6,Batch9
Cell20817,Group1,Batch9
Cell20818,Group6,Batch9
Cell20819,Group9,Batch9
Cell20820,Group5,Batch9
Cell20821,Group7,Batch9
Cell20822,Group2,Batch9
Cell20823,Group8,Batch9
Cell20824,Group1,Batch9
Cell20825,Group7,Batch9
Cell20826,Group3,Batch9
Cell20827,Group2,Batch9
Cell20828,Group10,Batch9
Cell20829,Group9,Batch9
Cell20830,Group1,Batch9
Cell20831,Group10,Batch9
Cell20832,Group5,Batch9
Cell20833,Group3,Batch9
Cell20834,Group7,Batch9
Cell20835,Group5,Batch9
Cell20836,Group2,Batch9
Cell20837,Group3,Batch9
Cell20838,Group1,Batch9
Cell20839,Group1,Batch9
Cell20840,Group10,Batch9
Cell20841,Group7,Batch9
Cell20842,Group6,Batch9
Cell20843,Group5,Batch9
Cell20844,Group5,Batch9
Cell20845,Group2,Batch9
Cell20846,Group7,Batch9
Cell20847,Group2,Batch9
Cell20848,Group1,Batch9
Cell20849,Group7,Batch9
Cell20850,Group5,Batch9
Cell20851,Group1,Batch9
Cell20852,Group2,Batch9
Cell20853,Group10,Batch9
Cell20854,Group6,Batch9
Cell20855,Group2,Batch9
Cell20856,Group8,Batch9
Cell20857,Group2,Batch9
Cell20858,Group1,Batch9
Cell20859,Group2,Batch9
Cell20860,Group6,Batch9
Cell20861,Group7,Batch9
Cell20862,Group9,Batch9
Cell20863,Group10,Batch9
Cell20864,Group1,Batch9
Cell20865,Group1,Batch9
Cell20866,Group7,Batch9
Cell20867,Group1,Batch9
Cell20868,Group1,Batch9
Cell20869,Group1,Batch9
Cell20870,Group2,Batch9
Cell20871,Group7,Batch9
Cell20872,Group5,Batch9
Cell20873,Group10,Batch9
Cell20874,Group7,Batch9
Cell20875,Group5,Batch9
Cell20876,Group3,Batch9
Cell20877,Group1,Batch9
Cell20878,Group7,Batch9
Cell20879,Group8,Batch9
Cell20880,Group2,Batch9
Cell20881,Group3,Batch9
Cell20882,Group9,Batch9
Cell20883,Group3,Batch9
Cell20884,Group2,Batch9
Cell20885,Group3,Batch9
Cell20886,Group7,Batch9
Cell20887,Group2,Batch9
Cell20888,Group6,Batch9
Cell20889,Group6,Batch9
Cell20890,Group9,Batch9
Cell20891,Group6,Batch9
Cell20892,Group1,Batch9
Cell20893,Group1,Batch9
Cell20894,Group9,Batch9
Cell20895,Group2,Batch9
Cell20896,Group7,Batch9
Cell20897,Group7,Batch9
Cell20898,Group3,Batch9
Cell20899,Group8,Batch9
Cell20900,Group6,Batch9
Cell20901,Group10,Batch9
Cell20902,Group4,Batch9
Cell20903,Group9,Batch9
Cell20904,Group5,Batch9
Cell20905,Group5,Batch9
Cell20906,Group5,Batch9
Cell20907,Group6,Batch9
Cell20908,Group5,Batch9
Cell20909,Group8,Batch9
Cell20910,Group10,Batch9
Cell20911,Group10,Batch9
Cell20912,Group6,Batch9
Cell20913,Group8,Batch9
Cell20914,Group7,Batch9
Cell20915,Group7,Batch9
Cell20916,Group7,Batch9
Cell20917,Group4,Batch9
Cell20918,Group2,Batch9
Cell20919,Group8,Batch9
Cell20920,Group5,Batch9
Cell20921,Group7,Batch9
Cell20922,Group5,Batch9
Cell20923,Group8,Batch9
Cell20924,Group4,Batch9
Cell20925,Group5,Batch9
Cell20926,Group5,Batch9
Cell20927,Group8,Batch9
Cell20928,Group3,Batch9
Cell20929,Group1,Batch9
Cell20930,Group1,Batch9
Cell20931,Group3,Batch9
Cell20932,Group5,Batch9
Cell20933,Group1,Batch9
Cell20934,Group1,Batch9
Cell20935,Group1,Batch9
Cell20936,Group1,Batch9
Cell20937,Group10,Batch9
Cell20938,Group6,Batch9
Cell20939,Group3,Batch9
Cell20940,Group7,Batch9
Cell20941,Group6,Batch9
Cell20942,Group1,Batch9
Cell20943,Group1,Batch9
Cell20944,Group3,Batch9
Cell20945,Group1,Batch9
Cell20946,Group2,Batch9
Cell20947,Group7,Batch9
Cell20948,Group10,Batch9
Cell20949,Group5,Batch9
Cell20950,Group1,Batch9
Cell20951,Group1,Batch9
Cell20952,Group7,Batch9
Cell20953,Group10,Batch9
Cell20954,Group5,Batch9
Cell20955,Group3,Batch9
Cell20956,Group1,Batch9
Cell20957,Group7,Batch9
Cell20958,Group2,Batch9
Cell20959,Group7,Batch9
Cell20960,Group7,Batch9
Cell20961,Group3,Batch9
Cell20962,Group1,Batch9
Cell20963,Group7,Batch9
Cell20964,Group5,Batch9
Cell20965,Group2,Batch9
Cell20966,Group1,Batch9
Cell20967,Group8,Batch9
Cell20968,Group8,Batch9
Cell20969,Group6,Batch9
Cell20970,Group2,Batch9
Cell20971,Group2,Batch9
Cell20972,Group1,Batch9
Cell20973,Group1,Batch9
Cell20974,Group10,Batch9
Cell20975,Group4,Batch9
Cell20976,Group4,Batch9
Cell20977,Group7,Batch9
Cell20978,Group10,Batch9
Cell20979,Group8,Batch9
Cell20980,Group8,Batch9
Cell20981,Group7,Batch9
Cell20982,Group8,Batch9
Cell20983,Group1,Batch9
Cell20984,Group2,Batch9
Cell20985,Group1,Batch9
Cell20986,Group1,Batch9
Cell20987,Group1,Batch9
Cell20988,Group8,Batch9
Cell20989,Group1,Batch9
Cell20990,Group7,Batch9
Cell20991,Group5,Batch9
Cell20992,Group1,Batch9
Cell20993,Group6,Batch9
Cell20994,Group8,Batch9
Cell20995,Group10,Batch9
Cell20996,Group9,Batch9
Cell20997,Group8,Batch9
Cell20998,Group2,Batch9
Cell20999,Group7,Batch9
Cell21000,Group6,Batch9
Cell21001,Group5,Batch9
Cell21002,Group3,Batch9
Cell21003,Group10,Batch9
Cell21004,Group5,Batch9
Cell21005,Group8,Batch9
Cell21006,Group6,Batch9
Cell21007,Group5,Batch9
Cell21008,Group2,Batch9
Cell21009,Group8,Batch9
Cell21010,Group8,Batch9
Cell21011,Group9,Batch9
Cell21012,Group2,Batch9
Cell21013,Group1,Batch9
Cell21014,Group5,Batch9
Cell21015,Group2,Batch9
Cell21016,Group1,Batch9
Cell21017,Group5,Batch9
Cell21018,Group2,Batch9
Cell21019,Group5,Batch9
Cell21020,Group10,Batch9
Cell21021,Group10,Batch9
Cell21022,Group1,Batch9
Cell21023,Group7,Batch9
Cell21024,Group6,Batch9
Cell21025,Group5,Batch9
Cell21026,Group10,Batch9
Cell21027,Group7,Batch9
Cell21028,Group1,Batch9
Cell21029,Group8,Batch9
Cell21030,Group8,Batch9
Cell21031,Group7,Batch9
Cell21032,Group2,Batch9
Cell21033,Group7,Batch9
Cell21034,Group7,Batch9
Cell21035,Group8,Batch9
Cell21036,Group7,Batch9
Cell21037,Group8,Batch9
Cell21038,Group7,Batch9
Cell21039,Group8,Batch9
Cell21040,Group1,Batch9
Cell21041,Group10,Batch9
Cell21042,Group4,Batch9
Cell21043,Group10,Batch9
Cell21044,Group5,Batch9
Cell21045,Group3,Batch9
Cell21046,Group7,Batch9
Cell21047,Group8,Batch9
Cell21048,Group7,Batch9
Cell21049,Group6,Batch9
Cell21050,Group4,Batch9
Cell21051,Group1,Batch9
Cell21052,Group2,Batch9
Cell21053,Group4,Batch9
Cell21054,Group8,Batch9
Cell21055,Group4,Batch9
Cell21056,Group8,Batch9
Cell21057,Group6,Batch9
Cell21058,Group3,Batch9
Cell21059,Group10,Batch9
Cell21060,Group3,Batch9
Cell21061,Group7,Batch9
Cell21062,Group7,Batch9
Cell21063,Group7,Batch9
Cell21064,Group1,Batch9
Cell21065,Group6,Batch9
Cell21066,Group9,Batch9
Cell21067,Group7,Batch9
Cell21068,Group3,Batch9
Cell21069,Group6,Batch9
Cell21070,Group2,Batch9
Cell21071,Group4,Batch9
Cell21072,Group10,Batch9
Cell21073,Group6,Batch9
Cell21074,Group10,Batch9
Cell21075,Group1,Batch9
Cell21076,Group5,Batch9
Cell21077,Group5,Batch9
Cell21078,Group10,Batch9
Cell21079,Group6,Batch9
Cell21080,Group3,Batch9
Cell21081,Group7,Batch9
Cell21082,Group8,Batch9
Cell21083,Group2,Batch9
Cell21084,Group10,Batch9
Cell21085,Group9,Batch9
Cell21086,Group2,Batch9
Cell21087,Group8,Batch9
Cell21088,Group5,Batch9
Cell21089,Group1,Batch9
Cell21090,Group8,Batch9
Cell21091,Group3,Batch9
Cell21092,Group1,Batch9
Cell21093,Group8,Batch9
Cell21094,Group3,Batch9
Cell21095,Group6,Batch9
Cell21096,Group3,Batch9
Cell21097,Group5,Batch9
Cell21098,Group6,Batch9
Cell21099,Group6,Batch9
Cell21100,Group8,Batch9
Cell21101,Group7,Batch9
Cell21102,Group7,Batch9
Cell21103,Group1,Batch9
Cell21104,Group7,Batch9
Cell21105,Group7,Batch9
Cell21106,Group4,Batch9
Cell21107,Group7,Batch9
Cell21108,Group5,Batch9
Cell21109,Group1,Batch9
Cell21110,Group6,Batch9
Cell21111,Group2,Batch9
Cell21112,Group10,Batch9
Cell21113,Group5,Batch9
Cell21114,Group3,Batch9
Cell21115,Group2,Batch9
Cell21116,Group7,Batch9
Cell21117,Group1,Batch9
Cell21118,Group7,Batch9
Cell21119,Group6,Batch9
Cell21120,Group1,Batch9
Cell21121,Group1,Batch9
Cell21122,Group3,Batch9
Cell21123,Group6,Batch9
Cell21124,Group5,Batch9
Cell21125,Group2,Batch9
Cell21126,Group6,Batch9
Cell21127,Group3,Batch9
Cell21128,Group10,Batch9
Cell21129,Group10,Batch9
Cell21130,Group5,Batch9
Cell21131,Group2,Batch9
Cell21132,Group8,Batch9
Cell21133,Group2,Batch9
Cell21134,Group10,Batch9
Cell21135,Group10,Batch9
Cell21136,Group6,Batch9
Cell21137,Group7,Batch9
Cell21138,Group1,Batch9
Cell21139,Group3,Batch9
Cell21140,Group3,Batch9
Cell21141,Group7,Batch9
Cell21142,Group7,Batch9
Cell21143,Group4,Batch9
Cell21144,Group6,Batch9
Cell21145,Group5,Batch9
Cell21146,Group5,Batch9
Cell21147,Group2,Batch9
Cell21148,Group7,Batch9
Cell21149,Group5,Batch9
Cell21150,Group2,Batch9
Cell21151,Group7,Batch9
Cell21152,Group6,Batch9
Cell21153,Group2,Batch9
Cell21154,Group8,Batch9
Cell21155,Group10,Batch9
Cell21156,Group5,Batch9
Cell21157,Group1,Batch9
Cell21158,Group10,Batch9
Cell21159,Group7,Batch9
Cell21160,Group2,Batch9
Cell21161,Group7,Batch9
Cell21162,Group7,Batch9
Cell21163,Group1,Batch9
Cell21164,Group3,Batch9
Cell21165,Group10,Batch9
Cell21166,Group4,Batch9
Cell21167,Group4,Batch9
Cell21168,Group2,Batch9
Cell21169,Group10,Batch9
Cell21170,Group5,Batch9
Cell21171,Group3,Batch9
Cell21172,Group7,Batch9
Cell21173,Group6,Batch9
Cell21174,Group10,Batch9
Cell21175,Group8,Batch9
Cell21176,Group3,Batch9
Cell21177,Group10,Batch9
Cell21178,Group7,Batch9
Cell21179,Group5,Batch9
Cell21180,Group7,Batch9
Cell21181,Group10,Batch9
Cell21182,Group7,Batch9
Cell21183,Group2,Batch9
Cell21184,Group8,Batch9
Cell21185,Group2,Batch9
Cell21186,Group6,Batch9
Cell21187,Group1,Batch9
Cell21188,Group7,Batch9
Cell21189,Group1,Batch9
Cell21190,Group9,Batch9
Cell21191,Group5,Batch9
Cell21192,Group3,Batch9
Cell21193,Group5,Batch9
Cell21194,Group8,Batch9
Cell21195,Group6,Batch9
Cell21196,Group1,Batch9
Cell21197,Group2,Batch9
Cell21198,Group5,Batch9
Cell21199,Group10,Batch9
Cell21200,Group7,Batch9
Cell21201,Group2,Batch9
Cell21202,Group1,Batch9
Cell21203,Group7,Batch9
Cell21204,Group7,Batch9
Cell21205,Group6,Batch9
Cell21206,Group1,Batch9
Cell21207,Group2,Batch9
Cell21208,Group1,Batch9
Cell21209,Group3,Batch9
Cell21210,Group7,Batch9
Cell21211,Group5,Batch9
Cell21212,Group3,Batch9
Cell21213,Group7,Batch9
Cell21214,Group2,Batch9
Cell21215,Group2,Batch9
Cell21216,Group8,Batch9
Cell21217,Group8,Batch9
Cell21218,Group3,Batch9
Cell21219,Group7,Batch9
Cell21220,Group7,Batch9
Cell21221,Group7,Batch9
Cell21222,Group7,Batch9
Cell21223,Group7,Batch9
Cell21224,Group8,Batch9
Cell21225,Group5,Batch9
Cell21226,Group8,Batch9
Cell21227,Group1,Batch9
Cell21228,Group1,Batch9
Cell21229,Group7,Batch9
Cell21230,Group4,Batch9
Cell21231,Group2,Batch9
Cell21232,Group5,Batch9
Cell21233,Group4,Batch9
Cell21234,Group2,Batch9
Cell21235,Group1,Batch9
Cell21236,Group5,Batch9
Cell21237,Group10,Batch9
Cell21238,Group1,Batch9
Cell21239,Group2,Batch9
Cell21240,Group8,Batch9
Cell21241,Group10,Batch9
Cell21242,Group3,Batch9
Cell21243,Group5,Batch9
Cell21244,Group6,Batch9
Cell21245,Group1,Batch9
Cell21246,Group3,Batch9
Cell21247,Group8,Batch9
Cell21248,Group10,Batch9
Cell21249,Group3,Batch9
Cell21250,Group10,Batch9
Cell21251,Group9,Batch9
Cell21252,Group1,Batch9
Cell21253,Group10,Batch9
Cell21254,Group7,Batch9
Cell21255,Group7,Batch9
Cell21256,Group5,Batch9
Cell21257,Group3,Batch9
Cell21258,Group1,Batch9
Cell21259,Group6,Batch9
Cell21260,Group8,Batch9
Cell21261,Group2,Batch9
Cell21262,Group7,Batch9
Cell21263,Group2,Batch9
Cell21264,Group9,Batch9
Cell21265,Group7,Batch9
Cell21266,Group8,Batch9
Cell21267,Group3,Batch9
Cell21268,Group8,Batch9
Cell21269,Group10,Batch9
Cell21270,Group8,Batch9
Cell21271,Group1,Batch9
Cell21272,Group1,Batch9
Cell21273,Group6,Batch9
Cell21274,Group8,Batch9
Cell21275,Group10,Batch9
Cell21276,Group7,Batch9
Cell21277,Group9,Batch9
Cell21278,Group8,Batch9
Cell21279,Group1,Batch9
Cell21280,Group7,Batch9
Cell21281,Group1,Batch9
Cell21282,Group1,Batch9
Cell21283,Group2,Batch9
Cell21284,Group8,Batch9
Cell21285,Group7,Batch9
Cell21286,Group6,Batch9
Cell21287,Group7,Batch9
Cell21288,Group1,Batch9
Cell21289,Group4,Batch9
Cell21290,Group6,Batch9
Cell21291,Group2,Batch9
Cell21292,Group7,Batch9
Cell21293,Group10,Batch9
Cell21294,Group10,Batch9
Cell21295,Group7,Batch9
Cell21296,Group1,Batch9
Cell21297,Group3,Batch9
Cell21298,Group5,Batch9
Cell21299,Group8,Batch9
Cell21300,Group5,Batch9
Cell21301,Group1,Batch9
Cell21302,Group5,Batch9
Cell21303,Group7,Batch9
Cell21304,Group1,Batch9
Cell21305,Group1,Batch9
Cell21306,Group5,Batch9
Cell21307,Group3,Batch9
Cell21308,Group8,Batch9
Cell21309,Group6,Batch9
Cell21310,Group6,Batch9
Cell21311,Group3,Batch9
Cell21312,Group2,Batch9
Cell21313,Group6,Batch9
Cell21314,Group8,Batch9
Cell21315,Group3,Batch9
Cell21316,Group3,Batch9
Cell21317,Group10,Batch9
Cell21318,Group7,Batch9
Cell21319,Group4,Batch9
Cell21320,Group8,Batch9
Cell21321,Group9,Batch9
Cell21322,Group7,Batch9
Cell21323,Group10,Batch9
Cell21324,Group3,Batch9
Cell21325,Group6,Batch9
Cell21326,Group8,Batch9
Cell21327,Group10,Batch9
Cell21328,Group10,Batch9
Cell21329,Group1,Batch9
Cell21330,Group8,Batch9
Cell21331,Group3,Batch9
Cell21332,Group6,Batch9
Cell21333,Group7,Batch9
Cell21334,Group6,Batch9
Cell21335,Group2,Batch9
Cell21336,Group3,Batch9
Cell21337,Group1,Batch9
Cell21338,Group9,Batch9
Cell21339,Group1,Batch9
Cell21340,Group2,Batch9
Cell21341,Group4,Batch9
Cell21342,Group8,Batch9
Cell21343,Group1,Batch9
Cell21344,Group1,Batch9
Cell21345,Group8,Batch9
Cell21346,Group8,Batch9
Cell21347,Group8,Batch9
Cell21348,Group5,Batch9
Cell21349,Group2,Batch9
Cell21350,Group3,Batch9
Cell21351,Group7,Batch9
Cell21352,Group1,Batch9
Cell21353,Group6,Batch9
Cell21354,Group10,Batch9
Cell21355,Group1,Batch9
Cell21356,Group7,Batch9
Cell21357,Group10,Batch9
Cell21358,Group3,Batch9
Cell21359,Group5,Batch9
Cell21360,Group1,Batch9
Cell21361,Group10,Batch9
Cell21362,Group7,Batch9
Cell21363,Group8,Batch9
Cell21364,Group5,Batch9
Cell21365,Group7,Batch9
Cell21366,Group7,Batch9
Cell21367,Group1,Batch9
Cell21368,Group10,Batch9
Cell21369,Group6,Batch9
Cell21370,Group7,Batch9
Cell21371,Group2,Batch9
Cell21372,Group6,Batch9
Cell21373,Group10,Batch9
Cell21374,Group5,Batch9
Cell21375,Group8,Batch9
Cell21376,Group1,Batch9
Cell21377,Group4,Batch9
Cell21378,Group8,Batch9
Cell21379,Group9,Batch9
Cell21380,Group7,Batch9
Cell21381,Group5,Batch9
Cell21382,Group10,Batch9
Cell21383,Group1,Batch9
Cell21384,Group7,Batch9
Cell21385,Group6,Batch9
Cell21386,Group3,Batch9
Cell21387,Group10,Batch9
Cell21388,Group1,Batch9
Cell21389,Group1,Batch9
Cell21390,Group10,Batch9
Cell21391,Group6,Batch9
Cell21392,Group8,Batch9
Cell21393,Group3,Batch9
Cell21394,Group2,Batch9
Cell21395,Group3,Batch9
Cell21396,Group5,Batch9
Cell21397,Group1,Batch9
Cell21398,Group3,Batch9
Cell21399,Group8,Batch9
Cell21400,Group10,Batch9
Cell21401,Group7,Batch9
Cell21402,Group5,Batch9
Cell21403,Group5,Batch9
Cell21404,Group2,Batch9
Cell21405,Group8,Batch9
Cell21406,Group1,Batch9
Cell21407,Group7,Batch9
Cell21408,Group7,Batch9
Cell21409,Group4,Batch9
Cell21410,Group4,Batch9
Cell21411,Group9,Batch9
Cell21412,Group5,Batch9
Cell21413,Group8,Batch9
Cell21414,Group8,Batch9
Cell21415,Group7,Batch9
Cell21416,Group3,Batch9
Cell21417,Group2,Batch9
Cell21418,Group1,Batch9
Cell21419,Group2,Batch9
Cell21420,Group3,Batch9
Cell21421,Group3,Batch9
Cell21422,Group10,Batch9
Cell21423,Group8,Batch9
Cell21424,Group6,Batch9
Cell21425,Group10,Batch9
Cell21426,Group10,Batch9
Cell21427,Group4,Batch9
Cell21428,Group7,Batch9
Cell21429,Group5,Batch9
Cell21430,Group4,Batch9
Cell21431,Group1,Batch9
Cell21432,Group6,Batch9
Cell21433,Group2,Batch9
Cell21434,Group8,Batch9
Cell21435,Group1,Batch9
Cell21436,Group4,Batch9
Cell21437,Group3,Batch9
Cell21438,Group6,Batch9
Cell21439,Group7,Batch9
Cell21440,Group3,Batch9
Cell21441,Group3,Batch9
Cell21442,Group10,Batch9
Cell21443,Group4,Batch9
Cell21444,Group7,Batch9
Cell21445,Group6,Batch9
Cell21446,Group3,Batch9
Cell21447,Group4,Batch9
Cell21448,Group5,Batch9
Cell21449,Group8,Batch9
Cell21450,Group8,Batch9
Cell21451,Group7,Batch9
Cell21452,Group5,Batch9
Cell21453,Group6,Batch9
Cell21454,Group5,Batch9
Cell21455,Group8,Batch9
Cell21456,Group9,Batch9
Cell21457,Group10,Batch9
Cell21458,Group2,Batch9
Cell21459,Group2,Batch9
Cell21460,Group8,Batch9
Cell21461,Group3,Batch9
Cell21462,Group3,Batch9
Cell21463,Group9,Batch9
Cell21464,Group3,Batch9
Cell21465,Group1,Batch9
Cell21466,Group7,Batch9
Cell21467,Group1,Batch9
Cell21468,Group3,Batch9
Cell21469,Group2,Batch9
Cell21470,Group10,Batch9
Cell21471,Group7,Batch9
Cell21472,Group5,Batch9
Cell21473,Group3,Batch9
Cell21474,Group10,Batch9
Cell21475,Group6,Batch9
Cell21476,Group10,Batch9
Cell21477,Group3,Batch9
Cell21478,Group7,Batch9
Cell21479,Group9,Batch9
Cell21480,Group2,Batch9
Cell21481,Group1,Batch9
Cell21482,Group4,Batch9
Cell21483,Group8,Batch9
Cell21484,Group7,Batch9
Cell21485,Group3,Batch9
Cell21486,Group5,Batch9
Cell21487,Group6,Batch9
Cell21488,Group5,Batch9
Cell21489,Group9,Batch9
Cell21490,Group8,Batch9
Cell21491,Group9,Batch9
Cell21492,Group3,Batch9
Cell21493,Group8,Batch9
Cell21494,Group8,Batch9
Cell21495,Group3,Batch9
Cell21496,Group3,Batch9
Cell21497,Group2,Batch9
Cell21498,Group2,Batch9
Cell21499,Group5,Batch9
Cell21500,Group1,Batch9
Cell21501,Group7,Batch9
Cell21502,Group3,Batch9
Cell21503,Group7,Batch9
Cell21504,Group5,Batch9
Cell21505,Group7,Batch9
Cell21506,Group4,Batch9
Cell21507,Group1,Batch9
Cell21508,Group1,Batch9
Cell21509,Group1,Batch9
Cell21510,Group4,Batch9
Cell21511,Group6,Batch9
Cell21512,Group9,Batch9
Cell21513,Group6,Batch9
Cell21514,Group10,Batch9
Cell21515,Group7,Batch9
Cell21516,Group2,Batch9
Cell21517,Group8,Batch9
Cell21518,Group10,Batch9
Cell21519,Group7,Batch9
Cell21520,Group2,Batch9
Cell21521,Group10,Batch9
Cell21522,Group1,Batch9
Cell21523,Group5,Batch9
Cell21524,Group9,Batch9
Cell21525,Group8,Batch9
Cell21526,Group3,Batch9
Cell21527,Group2,Batch9
Cell21528,Group7,Batch9
Cell21529,Group7,Batch9
Cell21530,Group7,Batch9
Cell21531,Group3,Batch9
Cell21532,Group7,Batch9
Cell21533,Group10,Batch9
Cell21534,Group8,Batch9
Cell21535,Group8,Batch9
Cell21536,Group1,Batch9
Cell21537,Group1,Batch9
Cell21538,Group10,Batch9
Cell21539,Group10,Batch9
Cell21540,Group9,Batch9
Cell21541,Group10,Batch9
Cell21542,Group9,Batch9
Cell21543,Group5,Batch9
Cell21544,Group1,Batch9
Cell21545,Group10,Batch9
Cell21546,Group2,Batch9
Cell21547,Group3,Batch9
Cell21548,Group8,Batch9
Cell21549,Group7,Batch9
Cell21550,Group4,Batch9
Cell21551,Group6,Batch9
Cell21552,Group1,Batch9
Cell21553,Group6,Batch9
Cell21554,Group2,Batch9
Cell21555,Group5,Batch9
Cell21556,Group1,Batch9
Cell21557,Group2,Batch9
Cell21558,Group4,Batch9
Cell21559,Group10,Batch9
Cell21560,Group5,Batch9
Cell21561,Group7,Batch9
Cell21562,Group3,Batch9
Cell21563,Group7,Batch9
Cell21564,Group1,Batch9
Cell21565,Group9,Batch9
Cell21566,Group5,Batch9
Cell21567,Group8,Batch9
Cell21568,Group4,Batch9
Cell21569,Group7,Batch9
Cell21570,Group2,Batch9
Cell21571,Group8,Batch9
Cell21572,Group6,Batch9
Cell21573,Group7,Batch9
Cell21574,Group1,Batch9
Cell21575,Group1,Batch9
Cell21576,Group6,Batch9
Cell21577,Group1,Batch9
Cell21578,Group6,Batch9
Cell21579,Group7,Batch9
Cell21580,Group8,Batch9
Cell21581,Group10,Batch9
Cell21582,Group9,Batch9
Cell21583,Group5,Batch9
Cell21584,Group3,Batch9
Cell21585,Group1,Batch9
Cell21586,Group7,Batch9
Cell21587,Group5,Batch9
Cell21588,Group9,Batch9
Cell21589,Group6,Batch9
Cell21590,Group3,Batch9
Cell21591,Group2,Batch9
Cell21592,Group3,Batch9
Cell21593,Group7,Batch9
Cell21594,Group7,Batch9
Cell21595,Group9,Batch9
Cell21596,Group8,Batch9
Cell21597,Group4,Batch9
Cell21598,Group9,Batch9
Cell21599,Group3,Batch9
Cell21600,Group5,Batch9
Cell21601,Group3,Batch9
Cell21602,Group10,Batch9
Cell21603,Group5,Batch9
Cell21604,Group6,Batch9
Cell21605,Group2,Batch9
Cell21606,Group3,Batch9
Cell21607,Group1,Batch9
Cell21608,Group4,Batch9
Cell21609,Group2,Batch9
Cell21610,Group7,Batch9
Cell21611,Group6,Batch9
Cell21612,Group5,Batch9
Cell21613,Group10,Batch9
Cell21614,Group4,Batch9
Cell21615,Group4,Batch9
Cell21616,Group6,Batch9
Cell21617,Group8,Batch9
Cell21618,Group1,Batch9
Cell21619,Group8,Batch9
Cell21620,Group7,Batch9
Cell21621,Group10,Batch9
Cell21622,Group2,Batch9
Cell21623,Group8,Batch9
Cell21624,Group10,Batch9
Cell21625,Group7,Batch9
Cell21626,Group8,Batch9
Cell21627,Group9,Batch9
Cell21628,Group10,Batch9
Cell21629,Group6,Batch9
Cell21630,Group2,Batch9
Cell21631,Group4,Batch9
Cell21632,Group3,Batch9
Cell21633,Group7,Batch9
Cell21634,Group8,Batch9
Cell21635,Group6,Batch9
Cell21636,Group7,Batch9
Cell21637,Group10,Batch9
Cell21638,Group1,Batch9
Cell21639,Group2,Batch9
Cell21640,Group7,Batch9
Cell21641,Group8,Batch9
Cell21642,Group3,Batch9
Cell21643,Group1,Batch9
Cell21644,Group3,Batch9
Cell21645,Group7,Batch9
Cell21646,Group5,Batch9
Cell21647,Group2,Batch9
Cell21648,Group3,Batch9
Cell21649,Group7,Batch9
Cell21650,Group5,Batch9
Cell21651,Group9,Batch9
Cell21652,Group10,Batch9
Cell21653,Group2,Batch9
Cell21654,Group10,Batch9
Cell21655,Group10,Batch9
Cell21656,Group6,Batch9
Cell21657,Group7,Batch9
Cell21658,Group1,Batch9
Cell21659,Group7,Batch9
Cell21660,Group4,Batch9
Cell21661,Group6,Batch9
Cell21662,Group10,Batch9
Cell21663,Group9,Batch9
Cell21664,Group1,Batch9
Cell21665,Group2,Batch9
Cell21666,Group7,Batch9
Cell21667,Group8,Batch9
Cell21668,Group8,Batch9
Cell21669,Group7,Batch9
Cell21670,Group2,Batch9
Cell21671,Group9,Batch9
Cell21672,Group2,Batch9
Cell21673,Group9,Batch9
Cell21674,Group8,Batch9
Cell21675,Group10,Batch9
Cell21676,Group2,Batch9
Cell21677,Group7,Batch9
Cell21678,Group2,Batch9
Cell21679,Group9,Batch9
Cell21680,Group4,Batch9
Cell21681,Group1,Batch9
Cell21682,Group8,Batch9
Cell21683,Group3,Batch9
Cell21684,Group5,Batch9
Cell21685,Group1,Batch9
Cell21686,Group5,Batch9
Cell21687,Group1,Batch9
Cell21688,Group7,Batch9
Cell21689,Group3,Batch9
Cell21690,Group6,Batch9
Cell21691,Group8,Batch9
Cell21692,Group3,Batch9
Cell21693,Group9,Batch9
Cell21694,Group6,Batch9
Cell21695,Group1,Batch9
Cell21696,Group7,Batch9
Cell21697,Group2,Batch9
Cell21698,Group3,Batch9
Cell21699,Group7,Batch9
Cell21700,Group8,Batch9
Cell21701,Group2,Batch9
Cell21702,Group10,Batch9
Cell21703,Group6,Batch9
Cell21704,Group10,Batch9
Cell21705,Group2,Batch9
Cell21706,Group7,Batch9
Cell21707,Group5,Batch9
Cell21708,Group1,Batch9
Cell21709,Group8,Batch9
Cell21710,Group10,Batch9
Cell21711,Group1,Batch9
Cell21712,Group3,Batch9
Cell21713,Group1,Batch9
Cell21714,Group7,Batch9
Cell21715,Group3,Batch9
Cell21716,Group3,Batch9
Cell21717,Group2,Batch9
Cell21718,Group2,Batch9
Cell21719,Group7,Batch9
Cell21720,Group2,Batch9
Cell21721,Group6,Batch9
Cell21722,Group3,Batch9
Cell21723,Group2,Batch9
Cell21724,Group1,Batch9
Cell21725,Group4,Batch9
Cell21726,Group10,Batch9
Cell21727,Group10,Batch9
Cell21728,Group4,Batch9
Cell21729,Group5,Batch9
Cell21730,Group6,Batch9
Cell21731,Group1,Batch9
Cell21732,Group2,Batch9
Cell21733,Group7,Batch9
Cell21734,Group10,Batch9
Cell21735,Group3,Batch9
Cell21736,Group4,Batch9
Cell21737,Group9,Batch9
Cell21738,Group9,Batch9
Cell21739,Group1,Batch9
Cell21740,Group1,Batch9
Cell21741,Group7,Batch9
Cell21742,Group4,Batch9
Cell21743,Group2,Batch9
Cell21744,Group5,Batch9
Cell21745,Group1,Batch9
Cell21746,Group5,Batch9
Cell21747,Group8,Batch9
Cell21748,Group9,Batch9
Cell21749,Group4,Batch9
Cell21750,Group5,Batch9
Cell21751,Group7,Batch9
Cell21752,Group1,Batch9
Cell21753,Group7,Batch9
Cell21754,Group9,Batch9
Cell21755,Group1,Batch9
Cell21756,Group3,Batch9
Cell21757,Group6,Batch9
Cell21758,Group1,Batch9
Cell21759,Group10,Batch9
Cell21760,Group3,Batch9
Cell21761,Group4,Batch9
Cell21762,Group7,Batch9
Cell21763,Group10,Batch9
Cell21764,Group5,Batch9
Cell21765,Group8,Batch9
Cell21766,Group1,Batch9
Cell21767,Group1,Batch9
Cell21768,Group2,Batch9
Cell21769,Group1,Batch9
Cell21770,Group2,Batch9
Cell21771,Group4,Batch9
Cell21772,Group1,Batch9
Cell21773,Group9,Batch9
Cell21774,Group10,Batch9
Cell21775,Group2,Batch9
Cell21776,Group7,Batch9
Cell21777,Group5,Batch9
Cell21778,Group2,Batch9
Cell21779,Group2,Batch9
Cell21780,Group2,Batch9
Cell21781,Group5,Batch9
Cell21782,Group8,Batch9
Cell21783,Group7,Batch9
Cell21784,Group3,Batch9
Cell21785,Group7,Batch9
Cell21786,Group6,Batch9
Cell21787,Group1,Batch9
Cell21788,Group3,Batch9
Cell21789,Group8,Batch9
Cell21790,Group7,Batch9
Cell21791,Group6,Batch9
Cell21792,Group8,Batch9
Cell21793,Group7,Batch9
Cell21794,Group5,Batch9
Cell21795,Group1,Batch9
Cell21796,Group2,Batch9
Cell21797,Group7,Batch9
Cell21798,Group3,Batch9
Cell21799,Group3,Batch9
Cell21800,Group8,Batch9
Cell21801,Group8,Batch9
Cell21802,Group5,Batch9
Cell21803,Group1,Batch9
Cell21804,Group3,Batch9
Cell21805,Group2,Batch9
Cell21806,Group7,Batch9
Cell21807,Group8,Batch9
Cell21808,Group9,Batch9
Cell21809,Group6,Batch9
Cell21810,Group4,Batch9
Cell21811,Group10,Batch9
Cell21812,Group1,Batch9
Cell21813,Group6,Batch9
Cell21814,Group5,Batch9
Cell21815,Group5,Batch9
Cell21816,Group9,Batch9
Cell21817,Group4,Batch9
Cell21818,Group1,Batch9
Cell21819,Group1,Batch9
Cell21820,Group10,Batch9
Cell21821,Group9,Batch9
Cell21822,Group4,Batch9
Cell21823,Group10,Batch9
Cell21824,Group2,Batch9
Cell21825,Group3,Batch9
Cell21826,Group8,Batch9
Cell21827,Group7,Batch9
Cell21828,Group2,Batch9
Cell21829,Group10,Batch9
Cell21830,Group6,Batch9
Cell21831,Group8,Batch9
Cell21832,Group10,Batch9
Cell21833,Group7,Batch9
Cell21834,Group8,Batch9
Cell21835,Group1,Batch9
Cell21836,Group1,Batch9
Cell21837,Group1,Batch9
Cell21838,Group6,Batch9
Cell21839,Group6,Batch9
Cell21840,Group10,Batch9
Cell21841,Group5,Batch9
Cell21842,Group7,Batch9
Cell21843,Group1,Batch9
Cell21844,Group1,Batch9
Cell21845,Group4,Batch9
Cell21846,Group3,Batch9
Cell21847,Group7,Batch9
Cell21848,Group6,Batch9
Cell21849,Group10,Batch9
Cell21850,Group2,Batch9
Cell21851,Group6,Batch9
Cell21852,Group10,Batch9
Cell21853,Group4,Batch9
Cell21854,Group2,Batch9
Cell21855,Group3,Batch9
Cell21856,Group3,Batch9
Cell21857,Group7,Batch9
Cell21858,Group4,Batch9
Cell21859,Group4,Batch9
Cell21860,Group5,Batch9
Cell21861,Group10,Batch9
Cell21862,Group3,Batch9
Cell21863,Group10,Batch9
Cell21864,Group8,Batch9
Cell21865,Group6,Batch9
Cell21866,Group5,Batch9
Cell21867,Group2,Batch9
Cell21868,Group1,Batch9
Cell21869,Group7,Batch9
Cell21870,Group3,Batch9
Cell21871,Group4,Batch9
Cell21872,Group1,Batch9
Cell21873,Group5,Batch9
Cell21874,Group10,Batch9
Cell21875,Group1,Batch9
Cell21876,Group6,Batch9
Cell21877,Group3,Batch9
Cell21878,Group7,Batch9
Cell21879,Group10,Batch9
Cell21880,Group1,Batch9
Cell21881,Group3,Batch9
Cell21882,Group5,Batch9
Cell21883,Group10,Batch9
Cell21884,Group1,Batch9
Cell21885,Group6,Batch9
Cell21886,Group5,Batch9
Cell21887,Group1,Batch9
Cell21888,Group7,Batch9
Cell21889,Group8,Batch9
Cell21890,Group7,Batch9
Cell21891,Group5,Batch9
Cell21892,Group7,Batch9
Cell21893,Group10,Batch9
Cell21894,Group1,Batch9
Cell21895,Group6,Batch9
Cell21896,Group1,Batch9
Cell21897,Group2,Batch9
Cell21898,Group2,Batch9
Cell21899,Group6,Batch9
Cell21900,Group1,Batch9
Cell21901,Group5,Batch9
Cell21902,Group4,Batch9
Cell21903,Group1,Batch9
Cell21904,Group2,Batch9
Cell21905,Group6,Batch9
Cell21906,Group3,Batch9
Cell21907,Group7,Batch9
Cell21908,Group5,Batch9
Cell21909,Group1,Batch9
Cell21910,Group10,Batch9
Cell21911,Group6,Batch9
Cell21912,Group1,Batch9
Cell21913,Group5,Batch9
Cell21914,Group6,Batch9
Cell21915,Group2,Batch9
Cell21916,Group5,Batch9
Cell21917,Group7,Batch9
Cell21918,Group10,Batch9
Cell21919,Group4,Batch9
Cell21920,Group4,Batch9
Cell21921,Group3,Batch9
Cell21922,Group3,Batch9
Cell21923,Group9,Batch9
Cell21924,Group9,Batch9
Cell21925,Group10,Batch9
Cell21926,Group2,Batch9
Cell21927,Group5,Batch9
Cell21928,Group10,Batch9
Cell21929,Group5,Batch9
Cell21930,Group10,Batch9
Cell21931,Group6,Batch9
Cell21932,Group1,Batch9
Cell21933,Group3,Batch9
Cell21934,Group10,Batch9
Cell21935,Group9,Batch9
Cell21936,Group6,Batch9
Cell21937,Group8,Batch9
Cell21938,Group10,Batch9
Cell21939,Group10,Batch9
Cell21940,Group10,Batch9
Cell21941,Group2,Batch9
Cell21942,Group5,Batch9
Cell21943,Group8,Batch9
Cell21944,Group5,Batch9
Cell21945,Group10,Batch9
Cell21946,Group1,Batch9
Cell21947,Group2,Batch9
Cell21948,Group8,Batch9
Cell21949,Group2,Batch9
Cell21950,Group2,Batch9
Cell21951,Group1,Batch9
Cell21952,Group1,Batch9
Cell21953,Group7,Batch9
Cell21954,Group4,Batch9
Cell21955,Group2,Batch9
Cell21956,Group2,Batch9
Cell21957,Group5,Batch9
Cell21958,Group1,Batch9
Cell21959,Group7,Batch9
Cell21960,Group10,Batch9
Cell21961,Group7,Batch9
Cell21962,Group9,Batch9
Cell21963,Group10,Batch9
Cell21964,Group1,Batch9
Cell21965,Group6,Batch9
Cell21966,Group3,Batch9
Cell21967,Group8,Batch9
Cell21968,Group10,Batch9
Cell21969,Group9,Batch9
Cell21970,Group2,Batch9
Cell21971,Group7,Batch9
Cell21972,Group7,Batch9
Cell21973,Group8,Batch9
Cell21974,Group5,Batch9
Cell21975,Group6,Batch9
Cell21976,Group10,Batch9
Cell21977,Group6,Batch9
Cell21978,Group1,Batch9
Cell21979,Group1,Batch9
Cell21980,Group6,Batch9
Cell21981,Group3,Batch9
Cell21982,Group7,Batch9
Cell21983,Group5,Batch9
Cell21984,Group8,Batch9
Cell21985,Group5,Batch9
Cell21986,Group1,Batch9
Cell21987,Group3,Batch9
Cell21988,Group1,Batch9
Cell21989,Group8,Batch9
Cell21990,Group10,Batch9
Cell21991,Group7,Batch9
Cell21992,Group10,Batch9
Cell21993,Group1,Batch9
Cell21994,Group10,Batch9
Cell21995,Group1,Batch9
Cell21996,Group10,Batch9
Cell21997,Group2,Batch9
Cell21998,Group6,Batch9
Cell21999,Group6,Batch9
Cell22000,Group7,Batch9
Cell22001,Group10,Batch9
Cell22002,Group3,Batch9
Cell22003,Group1,Batch9
Cell22004,Group7,Batch9
Cell22005,Group8,Batch9
Cell22006,Group6,Batch9
Cell22007,Group5,Batch9
Cell22008,Group8,Batch9
Cell22009,Group3,Batch9
Cell22010,Group2,Batch9
Cell22011,Group5,Batch9
Cell22012,Group8,Batch9
Cell22013,Group4,Batch9
Cell22014,Group5,Batch9
Cell22015,Group1,Batch9
Cell22016,Group6,Batch9
Cell22017,Group6,Batch9
Cell22018,Group3,Batch9
Cell22019,Group7,Batch9
Cell22020,Group3,Batch9
Cell22021,Group4,Batch9
Cell22022,Group3,Batch9
Cell22023,Group8,Batch9
Cell22024,Group1,Batch9
Cell22025,Group9,Batch9
Cell22026,Group6,Batch9
Cell22027,Group1,Batch9
Cell22028,Group1,Batch9
Cell22029,Group7,Batch9
Cell22030,Group9,Batch9
Cell22031,Group1,Batch9
Cell22032,Group7,Batch9
Cell22033,Group7,Batch9
Cell22034,Group8,Batch9
Cell22035,Group1,Batch9
Cell22036,Group6,Batch9
Cell22037,Group5,Batch9
Cell22038,Group8,Batch9
Cell22039,Group1,Batch9
Cell22040,Group2,Batch9
Cell22041,Group10,Batch9
Cell22042,Group6,Batch9
Cell22043,Group5,Batch9
Cell22044,Group1,Batch9
Cell22045,Group6,Batch9
Cell22046,Group7,Batch9
Cell22047,Group9,Batch9
Cell22048,Group6,Batch9
Cell22049,Group2,Batch9
Cell22050,Group8,Batch9
Cell22051,Group2,Batch9
Cell22052,Group10,Batch9
Cell22053,Group6,Batch9
Cell22054,Group8,Batch9
Cell22055,Group7,Batch9
Cell22056,Group3,Batch9
Cell22057,Group3,Batch9
Cell22058,Group5,Batch9
Cell22059,Group2,Batch9
Cell22060,Group8,Batch9
Cell22061,Group1,Batch9
Cell22062,Group7,Batch9
Cell22063,Group5,Batch9
Cell22064,Group2,Batch9
Cell22065,Group7,Batch9
Cell22066,Group1,Batch9
Cell22067,Group8,Batch9
Cell22068,Group3,Batch9
Cell22069,Group8,Batch9
Cell22070,Group8,Batch9
Cell22071,Group1,Batch9
Cell22072,Group7,Batch9
Cell22073,Group7,Batch9
Cell22074,Group5,Batch9
Cell22075,Group10,Batch9
Cell22076,Group5,Batch9
Cell22077,Group1,Batch9
Cell22078,Group3,Batch9
Cell22079,Group1,Batch9
Cell22080,Group5,Batch9
Cell22081,Group7,Batch9
Cell22082,Group10,Batch9
Cell22083,Group1,Batch9
Cell22084,Group3,Batch9
Cell22085,Group6,Batch9
Cell22086,Group1,Batch9
Cell22087,Group5,Batch9
Cell22088,Group1,Batch9
Cell22089,Group10,Batch9
Cell22090,Group6,Batch9
Cell22091,Group1,Batch9
Cell22092,Group3,Batch9
Cell22093,Group2,Batch9
Cell22094,Group3,Batch9
Cell22095,Group4,Batch9
Cell22096,Group10,Batch9
Cell22097,Group2,Batch9
Cell22098,Group8,Batch9
Cell22099,Group7,Batch9
Cell22100,Group7,Batch9
Cell22101,Group7,Batch9
Cell22102,Group10,Batch9
Cell22103,Group6,Batch9
Cell22104,Group7,Batch9
Cell22105,Group10,Batch9
Cell22106,Group9,Batch9
Cell22107,Group1,Batch9
Cell22108,Group1,Batch9
Cell22109,Group1,Batch9
Cell22110,Group9,Batch9
Cell22111,Group9,Batch9
Cell22112,Group9,Batch9
Cell22113,Group3,Batch9
Cell22114,Group1,Batch9
Cell22115,Group5,Batch9
Cell22116,Group1,Batch9
Cell22117,Group1,Batch9
Cell22118,Group5,Batch9
Cell22119,Group7,Batch9
Cell22120,Group3,Batch9
Cell22121,Group4,Batch9
Cell22122,Group4,Batch9
Cell22123,Group2,Batch9
Cell22124,Group4,Batch9
Cell22125,Group2,Batch9
Cell22126,Group8,Batch9
Cell22127,Group6,Batch9
Cell22128,Group3,Batch9
Cell22129,Group2,Batch9
Cell22130,Group2,Batch9
Cell22131,Group7,Batch9
Cell22132,Group2,Batch9
Cell22133,Group3,Batch9
Cell22134,Group1,Batch9
Cell22135,Group6,Batch9
Cell22136,Group3,Batch9
Cell22137,Group6,Batch9
Cell22138,Group9,Batch9
Cell22139,Group5,Batch9
Cell22140,Group7,Batch9
Cell22141,Group4,Batch9
Cell22142,Group5,Batch9
Cell22143,Group10,Batch9
Cell22144,Group3,Batch9
Cell22145,Group2,Batch9
Cell22146,Group9,Batch9
Cell22147,Group10,Batch9
Cell22148,Group7,Batch9
Cell22149,Group7,Batch9
Cell22150,Group7,Batch9
Cell22151,Group1,Batch9
Cell22152,Group2,Batch9
Cell22153,Group9,Batch9
Cell22154,Group7,Batch9
Cell22155,Group7,Batch9
Cell22156,Group10,Batch9
Cell22157,Group1,Batch9
Cell22158,Group6,Batch9
Cell22159,Group6,Batch9
Cell22160,Group5,Batch9
Cell22161,Group2,Batch9
Cell22162,Group3,Batch9
Cell22163,Group1,Batch9
Cell22164,Group3,Batch9
Cell22165,Group2,Batch9
Cell22166,Group8,Batch9
Cell22167,Group2,Batch9
Cell22168,Group4,Batch9
Cell22169,Group10,Batch9
Cell22170,Group1,Batch9
Cell22171,Group6,Batch9
Cell22172,Group3,Batch9
Cell22173,Group7,Batch9
Cell22174,Group1,Batch9
Cell22175,Group1,Batch9
Cell22176,Group2,Batch9
Cell22177,Group1,Batch9
Cell22178,Group10,Batch9
Cell22179,Group2,Batch9
Cell22180,Group2,Batch9
Cell22181,Group1,Batch9
Cell22182,Group6,Batch9
Cell22183,Group7,Batch9
Cell22184,Group5,Batch9
Cell22185,Group5,Batch9
Cell22186,Group6,Batch9
Cell22187,Group4,Batch9
Cell22188,Group5,Batch9
Cell22189,Group6,Batch9
Cell22190,Group2,Batch9
Cell22191,Group3,Batch9
Cell22192,Group3,Batch9
Cell22193,Group7,Batch9
Cell22194,Group6,Batch9
Cell22195,Group8,Batch9
Cell22196,Group2,Batch9
Cell22197,Group1,Batch9
Cell22198,Group2,Batch9
Cell22199,Group3,Batch9
Cell22200,Group7,Batch9
Cell22201,Group7,Batch9
Cell22202,Group7,Batch9
Cell22203,Group8,Batch9
Cell22204,Group2,Batch9
Cell22205,Group5,Batch9
Cell22206,Group3,Batch9
Cell22207,Group10,Batch9
Cell22208,Group8,Batch9
Cell22209,Group2,Batch9
Cell22210,Group10,Batch9
Cell22211,Group10,Batch9
Cell22212,Group9,Batch9
Cell22213,Group6,Batch9
Cell22214,Group3,Batch9
Cell22215,Group6,Batch9
Cell22216,Group9,Batch9
Cell22217,Group6,Batch9
Cell22218,Group9,Batch9
Cell22219,Group1,Batch9
Cell22220,Group8,Batch9
Cell22221,Group7,Batch9
Cell22222,Group9,Batch9
Cell22223,Group9,Batch9
Cell22224,Group2,Batch9
Cell22225,Group5,Batch9
Cell22226,Group5,Batch9
Cell22227,Group5,Batch9
Cell22228,Group2,Batch9
Cell22229,Group4,Batch9
Cell22230,Group9,Batch9
Cell22231,Group9,Batch9
Cell22232,Group6,Batch9
Cell22233,Group6,Batch9
Cell22234,Group10,Batch9
Cell22235,Group6,Batch9
Cell22236,Group7,Batch9
Cell22237,Group2,Batch9
Cell22238,Group1,Batch9
Cell22239,Group5,Batch9
Cell22240,Group3,Batch9
Cell22241,Group2,Batch9
Cell22242,Group6,Batch9
Cell22243,Group5,Batch9
Cell22244,Group9,Batch9
Cell22245,Group2,Batch9
Cell22246,Group2,Batch9
Cell22247,Group1,Batch9
Cell22248,Group1,Batch9
Cell22249,Group3,Batch9
Cell22250,Group10,Batch9
Cell22251,Group7,Batch9
Cell22252,Group3,Batch9
Cell22253,Group5,Batch9
Cell22254,Group8,Batch9
Cell22255,Group7,Batch9
Cell22256,Group1,Batch9
Cell22257,Group7,Batch9
Cell22258,Group1,Batch9
Cell22259,Group6,Batch9
Cell22260,Group1,Batch9
Cell22261,Group3,Batch9
Cell22262,Group1,Batch9
Cell22263,Group2,Batch9
Cell22264,Group9,Batch9
Cell22265,Group1,Batch9
Cell22266,Group6,Batch9
Cell22267,Group8,Batch9
Cell22268,Group10,Batch9
Cell22269,Group2,Batch9
Cell22270,Group8,Batch9
Cell22271,Group8,Batch9
Cell22272,Group4,Batch9
Cell22273,Group1,Batch9
Cell22274,Group8,Batch9
Cell22275,Group2,Batch9
Cell22276,Group8,Batch9
Cell22277,Group2,Batch9
Cell22278,Group10,Batch9
Cell22279,Group8,Batch9
Cell22280,Group10,Batch9
Cell22281,Group2,Batch9
Cell22282,Group6,Batch9
Cell22283,Group10,Batch9
Cell22284,Group1,Batch9
Cell22285,Group4,Batch9
Cell22286,Group1,Batch9
Cell22287,Group1,Batch9
Cell22288,Group10,Batch9
Cell22289,Group7,Batch9
Cell22290,Group9,Batch9
Cell22291,Group10,Batch9
Cell22292,Group7,Batch9
Cell22293,Group2,Batch9
Cell22294,Group6,Batch9
Cell22295,Group3,Batch9
Cell22296,Group5,Batch9
Cell22297,Group10,Batch9
Cell22298,Group1,Batch9
Cell22299,Group5,Batch9
Cell22300,Group7,Batch9
Cell22301,Group7,Batch9
Cell22302,Group2,Batch9
Cell22303,Group8,Batch9
Cell22304,Group6,Batch9
Cell22305,Group7,Batch9
Cell22306,Group1,Batch9
Cell22307,Group1,Batch9
Cell22308,Group2,Batch9
Cell22309,Group8,Batch9
Cell22310,Group1,Batch9
Cell22311,Group7,Batch9
Cell22312,Group1,Batch9
Cell22313,Group2,Batch9
Cell22314,Group8,Batch9
Cell22315,Group5,Batch9
Cell22316,Group10,Batch9
Cell22317,Group9,Batch9
Cell22318,Group6,Batch9
Cell22319,Group1,Batch9
Cell22320,Group7,Batch9
Cell22321,Group1,Batch9
Cell22322,Group5,Batch9
Cell22323,Group5,Batch9
Cell22324,Group7,Batch9
Cell22325,Group7,Batch9
Cell22326,Group3,Batch9
Cell22327,Group10,Batch9
Cell22328,Group1,Batch9
Cell22329,Group3,Batch9
Cell22330,Group1,Batch9
Cell22331,Group10,Batch9
Cell22332,Group5,Batch9
Cell22333,Group2,Batch9
Cell22334,Group8,Batch9
Cell22335,Group1,Batch9
Cell22336,Group3,Batch9
Cell22337,Group6,Batch9
Cell22338,Group4,Batch9
Cell22339,Group10,Batch9
Cell22340,Group9,Batch9
Cell22341,Group4,Batch9
Cell22342,Group7,Batch9
Cell22343,Group4,Batch9
Cell22344,Group3,Batch9
Cell22345,Group6,Batch9
Cell22346,Group2,Batch9
Cell22347,Group5,Batch9
Cell22348,Group10,Batch9
Cell22349,Group7,Batch9
Cell22350,Group10,Batch9
Cell22351,Group2,Batch9
Cell22352,Group6,Batch9
Cell22353,Group9,Batch9
Cell22354,Group6,Batch9
Cell22355,Group3,Batch9
Cell22356,Group7,Batch9
Cell22357,Group6,Batch9
Cell22358,Group7,Batch9
Cell22359,Group7,Batch9
Cell22360,Group1,Batch9
Cell22361,Group1,Batch9
Cell22362,Group10,Batch9
Cell22363,Group3,Batch9
Cell22364,Group7,Batch9
Cell22365,Group5,Batch9
Cell22366,Group7,Batch9
Cell22367,Group9,Batch9
Cell22368,Group4,Batch9
Cell22369,Group1,Batch9
Cell22370,Group7,Batch9
Cell22371,Group1,Batch9
Cell22372,Group3,Batch9
Cell22373,Group5,Batch9
Cell22374,Group6,Batch9
Cell22375,Group1,Batch9
Cell22376,Group1,Batch9
Cell22377,Group7,Batch9
Cell22378,Group3,Batch9
Cell22379,Group6,Batch9
Cell22380,Group2,Batch9
Cell22381,Group6,Batch9
Cell22382,Group7,Batch9
Cell22383,Group1,Batch9
Cell22384,Group2,Batch9
Cell22385,Group10,Batch9
Cell22386,Group9,Batch9
Cell22387,Group3,Batch9
Cell22388,Group2,Batch9
Cell22389,Group1,Batch9
Cell22390,Group1,Batch9
Cell22391,Group10,Batch9
Cell22392,Group10,Batch9
Cell22393,Group10,Batch9
Cell22394,Group9,Batch9
Cell22395,Group2,Batch9
Cell22396,Group6,Batch9
Cell22397,Group1,Batch9
Cell22398,Group7,Batch9
Cell22399,Group2,Batch9
Cell22400,Group1,Batch9
Cell22401,Group6,Batch9
Cell22402,Group8,Batch9
Cell22403,Group4,Batch9
Cell22404,Group10,Batch9
Cell22405,Group4,Batch9
Cell22406,Group1,Batch9
Cell22407,Group3,Batch9
Cell22408,Group1,Batch9
Cell22409,Group8,Batch9
Cell22410,Group2,Batch9
Cell22411,Group8,Batch9
Cell22412,Group2,Batch9
Cell22413,Group8,Batch9
Cell22414,Group4,Batch9
Cell22415,Group10,Batch9
Cell22416,Group1,Batch9
Cell22417,Group1,Batch9
Cell22418,Group10,Batch9
Cell22419,Group3,Batch9
Cell22420,Group6,Batch9
Cell22421,Group5,Batch9
Cell22422,Group10,Batch9
Cell22423,Group1,Batch9
Cell22424,Group5,Batch9
Cell22425,Group10,Batch9
Cell22426,Group6,Batch9
Cell22427,Group5,Batch9
Cell22428,Group3,Batch9
Cell22429,Group1,Batch9
Cell22430,Group8,Batch9
Cell22431,Group10,Batch9
Cell22432,Group5,Batch9
Cell22433,Group3,Batch9
Cell22434,Group9,Batch9
Cell22435,Group10,Batch9
Cell22436,Group10,Batch9
Cell22437,Group1,Batch9
Cell22438,Group8,Batch9
Cell22439,Group8,Batch9
Cell22440,Group5,Batch9
Cell22441,Group7,Batch9
Cell22442,Group7,Batch9
Cell22443,Group9,Batch9
Cell22444,Group5,Batch9
Cell22445,Group4,Batch9
Cell22446,Group7,Batch9
Cell22447,Group5,Batch9
Cell22448,Group8,Batch9
Cell22449,Group1,Batch9
Cell22450,Group5,Batch9
Cell22451,Group10,Batch9
Cell22452,Group7,Batch9
Cell22453,Group6,Batch9
Cell22454,Group10,Batch9
Cell22455,Group10,Batch9
Cell22456,Group4,Batch9
Cell22457,Group6,Batch9
Cell22458,Group5,Batch9
Cell22459,Group5,Batch9
Cell22460,Group8,Batch9
Cell22461,Group8,Batch9
Cell22462,Group7,Batch9
Cell22463,Group5,Batch9
Cell22464,Group2,Batch9
Cell22465,Group2,Batch9
Cell22466,Group6,Batch9
Cell22467,Group1,Batch9
Cell22468,Group10,Batch9
Cell22469,Group10,Batch9
Cell22470,Group10,Batch9
Cell22471,Group1,Batch9
Cell22472,Group1,Batch9
Cell22473,Group5,Batch9
Cell22474,Group7,Batch9
Cell22475,Group2,Batch9
Cell22476,Group8,Batch9
Cell22477,Group5,Batch9
Cell22478,Group3,Batch9
Cell22479,Group7,Batch9
Cell22480,Group6,Batch9
Cell22481,Group10,Batch9
Cell22482,Group5,Batch9
Cell22483,Group6,Batch9
Cell22484,Group5,Batch9
Cell22485,Group9,Batch9
Cell22486,Group3,Batch9
Cell22487,Group10,Batch9
Cell22488,Group6,Batch9
Cell22489,Group6,Batch9
Cell22490,Group1,Batch9
Cell22491,Group5,Batch9
Cell22492,Group8,Batch9
Cell22493,Group10,Batch9
Cell22494,Group7,Batch9
Cell22495,Group4,Batch9
Cell22496,Group6,Batch9
Cell22497,Group3,Batch9
Cell22498,Group7,Batch9
Cell22499,Group6,Batch9
Cell22500,Group5,Batch9
Cell22501,Group10,Batch9
Cell22502,Group2,Batch9
Cell22503,Group1,Batch9
Cell22504,Group7,Batch9
Cell22505,Group6,Batch9
Cell22506,Group7,Batch9
Cell22507,Group8,Batch9
Cell22508,Group6,Batch9
Cell22509,Group9,Batch9
Cell22510,Group5,Batch9
Cell22511,Group10,Batch9
Cell22512,Group2,Batch9
Cell22513,Group2,Batch9
Cell22514,Group1,Batch9
Cell22515,Group5,Batch9
Cell22516,Group8,Batch9
Cell22517,Group7,Batch9
Cell22518,Group1,Batch9
Cell22519,Group9,Batch9
Cell22520,Group8,Batch9
Cell22521,Group5,Batch9
Cell22522,Group7,Batch9
Cell22523,Group1,Batch9
Cell22524,Group10,Batch9
Cell22525,Group7,Batch9
Cell22526,Group7,Batch9
Cell22527,Group8,Batch9
Cell22528,Group3,Batch9
Cell22529,Group10,Batch9
Cell22530,Group2,Batch9
Cell22531,Group6,Batch9
Cell22532,Group3,Batch9
Cell22533,Group8,Batch9
Cell22534,Group7,Batch9
Cell22535,Group1,Batch9
Cell22536,Group9,Batch9
Cell22537,Group7,Batch9
Cell22538,Group6,Batch9
Cell22539,Group5,Batch9
Cell22540,Group1,Batch9
Cell22541,Group7,Batch9
Cell22542,Group3,Batch9
Cell22543,Group1,Batch9
Cell22544,Group10,Batch9
Cell22545,Group1,Batch9
Cell22546,Group7,Batch9
Cell22547,Group3,Batch9
Cell22548,Group10,Batch9
Cell22549,Group3,Batch9
Cell22550,Group8,Batch9
Cell22551,Group5,Batch9
Cell22552,Group8,Batch9
Cell22553,Group7,Batch9
Cell22554,Group9,Batch9
Cell22555,Group8,Batch9
Cell22556,Group10,Batch9
Cell22557,Group8,Batch9
Cell22558,Group4,Batch9
Cell22559,Group7,Batch9
Cell22560,Group4,Batch9
Cell22561,Group4,Batch9
Cell22562,Group6,Batch9
Cell22563,Group9,Batch9
Cell22564,Group3,Batch9
Cell22565,Group8,Batch9
Cell22566,Group5,Batch9
Cell22567,Group4,Batch9
Cell22568,Group1,Batch9
Cell22569,Group3,Batch9
Cell22570,Group6,Batch9
Cell22571,Group9,Batch9
Cell22572,Group1,Batch9
Cell22573,Group7,Batch9
Cell22574,Group4,Batch9
Cell22575,Group6,Batch9
Cell22576,Group8,Batch9
Cell22577,Group7,Batch9
Cell22578,Group8,Batch9
Cell22579,Group8,Batch9
Cell22580,Group6,Batch9
Cell22581,Group1,Batch9
Cell22582,Group2,Batch9
Cell22583,Group1,Batch9
Cell22584,Group8,Batch9
Cell22585,Group5,Batch9
Cell22586,Group9,Batch9
Cell22587,Group9,Batch9
Cell22588,Group6,Batch9
Cell22589,Group1,Batch9
Cell22590,Group7,Batch9
Cell22591,Group1,Batch9
Cell22592,Group7,Batch9
Cell22593,Group9,Batch9
Cell22594,Group3,Batch9
Cell22595,Group1,Batch9
Cell22596,Group7,Batch9
Cell22597,Group9,Batch9
Cell22598,Group2,Batch9
Cell22599,Group6,Batch9
Cell22600,Group1,Batch9
Cell22601,Group5,Batch9
Cell22602,Group3,Batch9
Cell22603,Group6,Batch9
Cell22604,Group7,Batch9
Cell22605,Group7,Batch9
Cell22606,Group7,Batch9
Cell22607,Group1,Batch9
Cell22608,Group8,Batch9
Cell22609,Group4,Batch9
Cell22610,Group7,Batch9
Cell22611,Group2,Batch9
Cell22612,Group8,Batch9
Cell22613,Group7,Batch9
Cell22614,Group7,Batch9
Cell22615,Group10,Batch9
Cell22616,Group2,Batch9
Cell22617,Group10,Batch9
Cell22618,Group10,Batch9
Cell22619,Group6,Batch9
Cell22620,Group3,Batch9
Cell22621,Group1,Batch9
Cell22622,Group4,Batch9
Cell22623,Group10,Batch9
Cell22624,Group4,Batch9
Cell22625,Group1,Batch9
Cell22626,Group1,Batch9
Cell22627,Group4,Batch9
Cell22628,Group6,Batch9
Cell22629,Group10,Batch9
Cell22630,Group1,Batch9
Cell22631,Group1,Batch9
Cell22632,Group3,Batch9
Cell22633,Group1,Batch9
Cell22634,Group7,Batch9
Cell22635,Group7,Batch9
Cell22636,Group9,Batch9
Cell22637,Group1,Batch9
Cell22638,Group6,Batch9
Cell22639,Group1,Batch9
Cell22640,Group10,Batch9
Cell22641,Group3,Batch9
Cell22642,Group7,Batch9
Cell22643,Group1,Batch9
Cell22644,Group5,Batch9
Cell22645,Group1,Batch9
Cell22646,Group6,Batch9
Cell22647,Group1,Batch9
Cell22648,Group5,Batch9
Cell22649,Group10,Batch9
Cell22650,Group3,Batch9
Cell22651,Group6,Batch9
Cell22652,Group8,Batch9
Cell22653,Group8,Batch9
Cell22654,Group2,Batch9
Cell22655,Group6,Batch9
Cell22656,Group9,Batch9
Cell22657,Group1,Batch9
Cell22658,Group10,Batch9
Cell22659,Group4,Batch9
Cell22660,Group3,Batch9
Cell22661,Group10,Batch9
Cell22662,Group3,Batch9
Cell22663,Group6,Batch9
Cell22664,Group4,Batch9
Cell22665,Group1,Batch9
Cell22666,Group4,Batch9
Cell22667,Group5,Batch9
Cell22668,Group6,Batch9
Cell22669,Group1,Batch9
Cell22670,Group8,Batch9
Cell22671,Group2,Batch9
Cell22672,Group5,Batch9
Cell22673,Group2,Batch9
Cell22674,Group5,Batch9
Cell22675,Group6,Batch9
Cell22676,Group6,Batch9
Cell22677,Group7,Batch9
Cell22678,Group7,Batch9
Cell22679,Group8,Batch9
Cell22680,Group1,Batch9
Cell22681,Group1,Batch9
Cell22682,Group8,Batch9
Cell22683,Group7,Batch9
Cell22684,Group2,Batch9
Cell22685,Group7,Batch9
Cell22686,Group8,Batch9
Cell22687,Group5,Batch9
Cell22688,Group7,Batch9
Cell22689,Group8,Batch9
Cell22690,Group4,Batch9
Cell22691,Group10,Batch9
Cell22692,Group6,Batch9
Cell22693,Group4,Batch9
Cell22694,Group1,Batch9
Cell22695,Group5,Batch9
Cell22696,Group9,Batch9
Cell22697,Group6,Batch9
Cell22698,Group3,Batch9
Cell22699,Group10,Batch9
Cell22700,Group8,Batch9
Cell22701,Group2,Batch9
Cell22702,Group1,Batch9
Cell22703,Group6,Batch9
Cell22704,Group8,Batch9
Cell22705,Group5,Batch9
Cell22706,Group5,Batch9
Cell22707,Group2,Batch9
Cell22708,Group3,Batch9
Cell22709,Group3,Batch9
Cell22710,Group3,Batch9
Cell22711,Group9,Batch9
Cell22712,Group2,Batch9
Cell22713,Group5,Batch9
Cell22714,Group1,Batch9
Cell22715,Group2,Batch9
Cell22716,Group10,Batch9
Cell22717,Group8,Batch9
Cell22718,Group3,Batch9
Cell22719,Group4,Batch9
Cell22720,Group1,Batch9
Cell22721,Group7,Batch9
Cell22722,Group1,Batch9
Cell22723,Group7,Batch9
Cell22724,Group3,Batch9
Cell22725,Group6,Batch9
Cell22726,Group7,Batch9
Cell22727,Group1,Batch9
Cell22728,Group1,Batch9
Cell22729,Group10,Batch9
Cell22730,Group8,Batch9
Cell22731,Group7,Batch9
Cell22732,Group3,Batch9
Cell22733,Group1,Batch9
Cell22734,Group10,Batch9
Cell22735,Group1,Batch9
Cell22736,Group1,Batch9
Cell22737,Group2,Batch9
Cell22738,Group10,Batch9
Cell22739,Group8,Batch9
Cell22740,Group2,Batch9
Cell22741,Group1,Batch9
Cell22742,Group6,Batch9
Cell22743,Group2,Batch9
Cell22744,Group3,Batch9
Cell22745,Group7,Batch9
Cell22746,Group2,Batch9
Cell22747,Group7,Batch9
Cell22748,Group1,Batch9
Cell22749,Group6,Batch9
Cell22750,Group5,Batch9
Cell22751,Group3,Batch9
Cell22752,Group10,Batch9
Cell22753,Group2,Batch9
Cell22754,Group2,Batch9
Cell22755,Group10,Batch9
Cell22756,Group2,Batch9
Cell22757,Group10,Batch9
Cell22758,Group10,Batch9
Cell22759,Group8,Batch9
Cell22760,Group10,Batch9
Cell22761,Group1,Batch9
Cell22762,Group2,Batch9
Cell22763,Group7,Batch9
Cell22764,Group6,Batch9
Cell22765,Group4,Batch9
Cell22766,Group10,Batch9
Cell22767,Group4,Batch9
Cell22768,Group7,Batch9
Cell22769,Group7,Batch9
Cell22770,Group8,Batch9
Cell22771,Group7,Batch9
Cell22772,Group6,Batch9
Cell22773,Group7,Batch9
Cell22774,Group10,Batch9
Cell22775,Group8,Batch9
Cell22776,Group8,Batch9
Cell22777,Group2,Batch9
Cell22778,Group10,Batch9
Cell22779,Group1,Batch9
Cell22780,Group7,Batch9
Cell22781,Group10,Batch9
Cell22782,Group10,Batch9
Cell22783,Group3,Batch9
Cell22784,Group1,Batch9
Cell22785,Group6,Batch9
Cell22786,Group7,Batch9
Cell22787,Group6,Batch9
Cell22788,Group7,Batch9
Cell22789,Group7,Batch9
Cell22790,Group7,Batch9
Cell22791,Group10,Batch9
Cell22792,Group2,Batch9
Cell22793,Group2,Batch9
Cell22794,Group7,Batch9
Cell22795,Group7,Batch9
Cell22796,Group8,Batch9
Cell22797,Group7,Batch9
Cell22798,Group5,Batch9
Cell22799,Group7,Batch9
Cell22800,Group2,Batch9
Cell22801,Group1,Batch9
Cell22802,Group6,Batch9
Cell22803,Group1,Batch9
Cell22804,Group2,Batch9
Cell22805,Group5,Batch9
Cell22806,Group1,Batch9
Cell22807,Group7,Batch9
Cell22808,Group8,Batch9
Cell22809,Group6,Batch9
Cell22810,Group8,Batch9
Cell22811,Group8,Batch9
Cell22812,Group2,Batch9
Cell22813,Group10,Batch9
Cell22814,Group7,Batch9
Cell22815,Group2,Batch9
Cell22816,Group4,Batch9
Cell22817,Group8,Batch9
Cell22818,Group3,Batch9
Cell22819,Group8,Batch9
Cell22820,Group4,Batch9
Cell22821,Group8,Batch9
Cell22822,Group8,Batch9
Cell22823,Group5,Batch9
Cell22824,Group10,Batch9
Cell22825,Group7,Batch9
Cell22826,Group9,Batch9
Cell22827,Group6,Batch9
Cell22828,Group7,Batch9
Cell22829,Group2,Batch9
Cell22830,Group3,Batch9
Cell22831,Group10,Batch9
Cell22832,Group9,Batch9
Cell22833,Group3,Batch9
Cell22834,Group8,Batch9
Cell22835,Group3,Batch9
Cell22836,Group1,Batch9
Cell22837,Group7,Batch9
Cell22838,Group9,Batch9
Cell22839,Group8,Batch9
Cell22840,Group10,Batch9
Cell22841,Group10,Batch9
Cell22842,Group1,Batch9
Cell22843,Group8,Batch9
Cell22844,Group5,Batch9
Cell22845,Group5,Batch9
Cell22846,Group7,Batch9
Cell22847,Group6,Batch9
Cell22848,Group3,Batch9
Cell22849,Group1,Batch9
Cell22850,Group1,Batch9
Cell22851,Group3,Batch9
Cell22852,Group10,Batch9
Cell22853,Group8,Batch9
Cell22854,Group6,Batch9
Cell22855,Group10,Batch9
Cell22856,Group1,Batch9
Cell22857,Group10,Batch9
Cell22858,Group7,Batch9
Cell22859,Group7,Batch9
Cell22860,Group7,Batch9
Cell22861,Group10,Batch9
Cell22862,Group10,Batch9
Cell22863,Group8,Batch9
Cell22864,Group5,Batch9
Cell22865,Group8,Batch9
Cell22866,Group7,Batch9
Cell22867,Group6,Batch9
Cell22868,Group1,Batch9
Cell22869,Group9,Batch9
Cell22870,Group7,Batch9
Cell22871,Group1,Batch9
Cell22872,Group7,Batch9
Cell22873,Group8,Batch9
Cell22874,Group8,Batch9
Cell22875,Group3,Batch9
Cell22876,Group1,Batch9
Cell22877,Group2,Batch9
Cell22878,Group7,Batch9
Cell22879,Group7,Batch9
Cell22880,Group2,Batch9
Cell22881,Group7,Batch9
Cell22882,Group8,Batch9
Cell22883,Group6,Batch9
Cell22884,Group1,Batch9
Cell22885,Group7,Batch9
Cell22886,Group1,Batch9
Cell22887,Group5,Batch9
Cell22888,Group2,Batch9
Cell22889,Group10,Batch9
Cell22890,Group7,Batch9
Cell22891,Group2,Batch9
Cell22892,Group7,Batch9
Cell22893,Group5,Batch9
Cell22894,Group6,Batch9
Cell22895,Group4,Batch9
Cell22896,Group6,Batch9
Cell22897,Group1,Batch9
Cell22898,Group8,Batch9
Cell22899,Group6,Batch9
Cell22900,Group3,Batch9
Cell22901,Group10,Batch9
Cell22902,Group1,Batch9
Cell22903,Group1,Batch9
Cell22904,Group4,Batch9
Cell22905,Group10,Batch9
Cell22906,Group2,Batch9
Cell22907,Group5,Batch9
Cell22908,Group7,Batch9
Cell22909,Group1,Batch9
Cell22910,Group3,Batch9
Cell22911,Group7,Batch9
Cell22912,Group1,Batch9
Cell22913,Group7,Batch9
Cell22914,Group2,Batch9
Cell22915,Group3,Batch9
Cell22916,Group2,Batch9
Cell22917,Group6,Batch9
Cell22918,Group5,Batch9
Cell22919,Group4,Batch9
Cell22920,Group6,Batch9
Cell22921,Group7,Batch9
Cell22922,Group8,Batch9
Cell22923,Group4,Batch9
Cell22924,Group6,Batch9
Cell22925,Group6,Batch9
Cell22926,Group5,Batch9
Cell22927,Group3,Batch9
Cell22928,Group6,Batch9
Cell22929,Group6,Batch9
Cell22930,Group1,Batch9
Cell22931,Group7,Batch9
Cell22932,Group5,Batch9
Cell22933,Group7,Batch9
Cell22934,Group2,Batch9
Cell22935,Group6,Batch9
Cell22936,Group9,Batch9
Cell22937,Group7,Batch9
Cell22938,Group8,Batch9
Cell22939,Group2,Batch9
Cell22940,Group6,Batch9
Cell22941,Group10,Batch9
Cell22942,Group1,Batch9
Cell22943,Group3,Batch9
Cell22944,Group8,Batch9
Cell22945,Group6,Batch9
Cell22946,Group3,Batch9
Cell22947,Group10,Batch9
Cell22948,Group1,Batch9
Cell22949,Group7,Batch9
Cell22950,Group1,Batch9
Cell22951,Group8,Batch9
Cell22952,Group2,Batch9
Cell22953,Group6,Batch9
Cell22954,Group3,Batch9
Cell22955,Group6,Batch9
Cell22956,Group1,Batch9
Cell22957,Group6,Batch9
Cell22958,Group10,Batch9
Cell22959,Group7,Batch9
Cell22960,Group7,Batch9
Cell22961,Group2,Batch9
Cell22962,Group3,Batch9
Cell22963,Group6,Batch9
Cell22964,Group6,Batch9
Cell22965,Group8,Batch9
Cell22966,Group2,Batch9
Cell22967,Group2,Batch9
Cell22968,Group7,Batch9
Cell22969,Group2,Batch9
Cell22970,Group10,Batch9
Cell22971,Group9,Batch9
Cell22972,Group1,Batch9
Cell22973,Group8,Batch9
Cell22974,Group5,Batch9
Cell22975,Group5,Batch9
Cell22976,Group8,Batch9
Cell22977,Group10,Batch9
Cell22978,Group7,Batch9
Cell22979,Group8,Batch9
Cell22980,Group1,Batch9
Cell22981,Group6,Batch9
Cell22982,Group10,Batch9
Cell22983,Group10,Batch9
Cell22984,Group3,Batch9
Cell22985,Group7,Batch9
Cell22986,Group5,Batch9
Cell22987,Group6,Batch9
Cell22988,Group4,Batch9
Cell22989,Group5,Batch9
Cell22990,Group10,Batch9
Cell22991,Group5,Batch9
Cell22992,Group1,Batch9
Cell22993,Group3,Batch9
Cell22994,Group6,Batch9
Cell22995,Group1,Batch9
Cell22996,Group6,Batch9
Cell22997,Group1,Batch9
Cell22998,Group6,Batch9
Cell22999,Group4,Batch9
Cell23000,Group7,Batch9
Cell23001,Group8,Batch10
Cell23002,Group5,Batch10
Cell23003,Group7,Batch10
Cell23004,Group9,Batch10
Cell23005,Group3,Batch10
Cell23006,Group3,Batch10
Cell23007,Group7,Batch10
Cell23008,Group7,Batch10
Cell23009,Group7,Batch10
Cell23010,Group2,Batch10
Cell23011,Group7,Batch10
Cell23012,Group10,Batch10
Cell23013,Group7,Batch10
Cell23014,Group6,Batch10
Cell23015,Group10,Batch10
Cell23016,Group9,Batch10
Cell23017,Group7,Batch10
Cell23018,Group8,Batch10
Cell23019,Group6,Batch10
Cell23020,Group7,Batch10
Cell23021,Group3,Batch10
Cell23022,Group5,Batch10
Cell23023,Group5,Batch10
Cell23024,Group2,Batch10
Cell23025,Group7,Batch10
Cell23026,Group9,Batch10
Cell23027,Group2,Batch10
Cell23028,Group5,Batch10
Cell23029,Group5,Batch10
Cell23030,Group6,Batch10
Cell23031,Group6,Batch10
Cell23032,Group2,Batch10
Cell23033,Group2,Batch10
Cell23034,Group6,Batch10
Cell23035,Group4,Batch10
Cell23036,Group5,Batch10
Cell23037,Group5,Batch10
Cell23038,Group7,Batch10
Cell23039,Group3,Batch10
Cell23040,Group2,Batch10
Cell23041,Group5,Batch10
Cell23042,Group7,Batch10
Cell23043,Group5,Batch10
Cell23044,Group2,Batch10
Cell23045,Group2,Batch10
Cell23046,Group7,Batch10
Cell23047,Group9,Batch10
Cell23048,Group10,Batch10
Cell23049,Group6,Batch10
Cell23050,Group6,Batch10
Cell23051,Group1,Batch10
Cell23052,Group5,Batch10
Cell23053,Group5,Batch10
Cell23054,Group1,Batch10
Cell23055,Group7,Batch10
Cell23056,Group6,Batch10
Cell23057,Group3,Batch10
Cell23058,Group10,Batch10
Cell23059,Group5,Batch10
Cell23060,Group9,Batch10
Cell23061,Group7,Batch10
Cell23062,Group2,Batch10
Cell23063,Group5,Batch10
Cell23064,Group6,Batch10
Cell23065,Group6,Batch10
Cell23066,Group8,Batch10
Cell23067,Group5,Batch10
Cell23068,Group5,Batch10
Cell23069,Group6,Batch10
Cell23070,Group9,Batch10
Cell23071,Group1,Batch10
Cell23072,Group6,Batch10
Cell23073,Group2,Batch10
Cell23074,Group8,Batch10
Cell23075,Group7,Batch10
Cell23076,Group10,Batch10
Cell23077,Group6,Batch10
Cell23078,Group3,Batch10
Cell23079,Group6,Batch10
Cell23080,Group4,Batch10
Cell23081,Group3,Batch10
Cell23082,Group1,Batch10
Cell23083,Group5,Batch10
Cell23084,Group4,Batch10
Cell23085,Group5,Batch10
Cell23086,Group1,Batch10
Cell23087,Group8,Batch10
Cell23088,Group8,Batch10
Cell23089,Group1,Batch10
Cell23090,Group1,Batch10
Cell23091,Group10,Batch10
Cell23092,Group3,Batch10
Cell23093,Group7,Batch10
Cell23094,Group1,Batch10
Cell23095,Group10,Batch10
Cell23096,Group7,Batch10
Cell23097,Group2,Batch10
Cell23098,Group2,Batch10
Cell23099,Group2,Batch10
Cell23100,Group8,Batch10
Cell23101,Group1,Batch10
Cell23102,Group1,Batch10
Cell23103,Group9,Batch10
Cell23104,Group3,Batch10
Cell23105,Group7,Batch10
Cell23106,Group8,Batch10
Cell23107,Group9,Batch10
Cell23108,Group8,Batch10
Cell23109,Group8,Batch10
Cell23110,Group2,Batch10
Cell23111,Group1,Batch10
Cell23112,Group10,Batch10
Cell23113,Group6,Batch10
Cell23114,Group8,Batch10
Cell23115,Group7,Batch10
Cell23116,Group2,Batch10
Cell23117,Group8,Batch10
Cell23118,Group10,Batch10
Cell23119,Group2,Batch10
Cell23120,Group10,Batch10
Cell23121,Group6,Batch10
Cell23122,Group9,Batch10
Cell23123,Group3,Batch10
Cell23124,Group5,Batch10
Cell23125,Group2,Batch10
Cell23126,Group3,Batch10
Cell23127,Group2,Batch10
Cell23128,Group7,Batch10
Cell23129,Group9,Batch10
Cell23130,Group4,Batch10
Cell23131,Group6,Batch10
Cell23132,Group3,Batch10
Cell23133,Group8,Batch10
Cell23134,Group3,Batch10
Cell23135,Group1,Batch10
Cell23136,Group1,Batch10
Cell23137,Group3,Batch10
Cell23138,Group1,Batch10
Cell23139,Group5,Batch10
Cell23140,Group5,Batch10
Cell23141,Group5,Batch10
Cell23142,Group10,Batch10
Cell23143,Group10,Batch10
Cell23144,Group10,Batch10
Cell23145,Group9,Batch10
Cell23146,Group2,Batch10
Cell23147,Group6,Batch10
Cell23148,Group1,Batch10
Cell23149,Group8,Batch10
Cell23150,Group5,Batch10
Cell23151,Group8,Batch10
Cell23152,Group2,Batch10
Cell23153,Group3,Batch10
Cell23154,Group7,Batch10
Cell23155,Group2,Batch10
Cell23156,Group8,Batch10
Cell23157,Group10,Batch10
Cell23158,Group4,Batch10
Cell23159,Group5,Batch10
Cell23160,Group4,Batch10
Cell23161,Group5,Batch10
Cell23162,Group2,Batch10
Cell23163,Group6,Batch10
Cell23164,Group3,Batch10
Cell23165,Group5,Batch10
Cell23166,Group7,Batch10
Cell23167,Group8,Batch10
Cell23168,Group1,Batch10
Cell23169,Group6,Batch10
Cell23170,Group8,Batch10
Cell23171,Group10,Batch10
Cell23172,Group7,Batch10
Cell23173,Group10,Batch10
Cell23174,Group10,Batch10
Cell23175,Group9,Batch10
Cell23176,Group8,Batch10
Cell23177,Group5,Batch10
Cell23178,Group7,Batch10
Cell23179,Group3,Batch10
Cell23180,Group1,Batch10
Cell23181,Group2,Batch10
Cell23182,Group1,Batch10
Cell23183,Group6,Batch10
Cell23184,Group10,Batch10
Cell23185,Group6,Batch10
Cell23186,Group6,Batch10
Cell23187,Group10,Batch10
Cell23188,Group3,Batch10
Cell23189,Group7,Batch10
Cell23190,Group1,Batch10
Cell23191,Group9,Batch10
Cell23192,Group8,Batch10
Cell23193,Group3,Batch10
Cell23194,Group3,Batch10
Cell23195,Group10,Batch10
Cell23196,Group3,Batch10
Cell23197,Group10,Batch10
Cell23198,Group1,Batch10
Cell23199,Group6,Batch10
Cell23200,Group7,Batch10
Cell23201,Group10,Batch10
Cell23202,Group10,Batch10
Cell23203,Group8,Batch10
Cell23204,Group5,Batch10
Cell23205,Group8,Batch10
Cell23206,Group8,Batch10
Cell23207,Group6,Batch10
Cell23208,Group9,Batch10
Cell23209,Group6,Batch10
Cell23210,Group6,Batch10
Cell23211,Group3,Batch10
Cell23212,Group5,Batch10
Cell23213,Group3,Batch10
Cell23214,Group8,Batch10
Cell23215,Group5,Batch10
Cell23216,Group10,Batch10
Cell23217,Group5,Batch10
Cell23218,Group3,Batch10
Cell23219,Group10,Batch10
Cell23220,Group7,Batch10
Cell23221,Group8,Batch10
Cell23222,Group7,Batch10
Cell23223,Group7,Batch10
Cell23224,Group6,Batch10
Cell23225,Group4,Batch10
Cell23226,Group8,Batch10
Cell23227,Group10,Batch10
Cell23228,Group2,Batch10
Cell23229,Group5,Batch10
Cell23230,Group3,Batch10
Cell23231,Group6,Batch10
Cell23232,Group2,Batch10
Cell23233,Group9,Batch10
Cell23234,Group5,Batch10
Cell23235,Group10,Batch10
Cell23236,Group8,Batch10
Cell23237,Group2,Batch10
Cell23238,Group6,Batch10
Cell23239,Group7,Batch10
Cell23240,Group8,Batch10
Cell23241,Group7,Batch10
Cell23242,Group7,Batch10
Cell23243,Group1,Batch10
Cell23244,Group3,Batch10
Cell23245,Group6,Batch10
Cell23246,Group9,Batch10
Cell23247,Group6,Batch10
Cell23248,Group6,Batch10
Cell23249,Group9,Batch10
Cell23250,Group2,Batch10
Cell23251,Group3,Batch10
Cell23252,Group8,Batch10
Cell23253,Group3,Batch10
Cell23254,Group5,Batch10
Cell23255,Group6,Batch10
Cell23256,Group2,Batch10
Cell23257,Group1,Batch10
Cell23258,Group2,Batch10
Cell23259,Group2,Batch10
Cell23260,Group5,Batch10
Cell23261,Group8,Batch10
Cell23262,Group6,Batch10
Cell23263,Group9,Batch10
Cell23264,Group3,Batch10
Cell23265,Group5,Batch10
Cell23266,Group2,Batch10
Cell23267,Group6,Batch10
Cell23268,Group3,Batch10
Cell23269,Group1,Batch10
Cell23270,Group2,Batch10
Cell23271,Group3,Batch10
Cell23272,Group7,Batch10
Cell23273,Group7,Batch10
Cell23274,Group8,Batch10
Cell23275,Group5,Batch10
Cell23276,Group6,Batch10
Cell23277,Group7,Batch10
Cell23278,Group3,Batch10
Cell23279,Group7,Batch10
Cell23280,Group8,Batch10
Cell23281,Group7,Batch10
Cell23282,Group6,Batch10
Cell23283,Group6,Batch10
Cell23284,Group6,Batch10
Cell23285,Group8,Batch10
Cell23286,Group6,Batch10
Cell23287,Group1,Batch10
Cell23288,Group5,Batch10
Cell23289,Group1,Batch10
Cell23290,Group2,Batch10
Cell23291,Group5,Batch10
Cell23292,Group2,Batch10
Cell23293,Group2,Batch10
Cell23294,Group2,Batch10
Cell23295,Group8,Batch10
Cell23296,Group7,Batch10
Cell23297,Group1,Batch10
Cell23298,Group7,Batch10
Cell23299,Group7,Batch10
Cell23300,Group5,Batch10
Cell23301,Group5,Batch10
Cell23302,Group10,Batch10
Cell23303,Group2,Batch10
Cell23304,Group8,Batch10
Cell23305,Group9,Batch10
Cell23306,Group7,Batch10
Cell23307,Group7,Batch10
Cell23308,Group7,Batch10
Cell23309,Group9,Batch10
Cell23310,Group5,Batch10
Cell23311,Group9,Batch10
Cell23312,Group6,Batch10
Cell23313,Group7,Batch10
Cell23314,Group5,Batch10
Cell23315,Group10,Batch10
Cell23316,Group5,Batch10
Cell23317,Group3,Batch10
Cell23318,Group7,Batch10
Cell23319,Group8,Batch10
Cell23320,Group7,Batch10
Cell23321,Group3,Batch10
Cell23322,Group1,Batch10
Cell23323,Group8,Batch10
Cell23324,Group8,Batch10
Cell23325,Group1,Batch10
Cell23326,Group7,Batch10
Cell23327,Group10,Batch10
Cell23328,Group1,Batch10
Cell23329,Group6,Batch10
Cell23330,Group1,Batch10
Cell23331,Group1,Batch10
Cell23332,Group2,Batch10
Cell23333,Group6,Batch10
Cell23334,Group7,Batch10
Cell23335,Group6,Batch10
Cell23336,Group7,Batch10
Cell23337,Group8,Batch10
Cell23338,Group6,Batch10
Cell23339,Group3,Batch10
Cell23340,Group10,Batch10
Cell23341,Group6,Batch10
Cell23342,Group8,Batch10
Cell23343,Group1,Batch10
Cell23344,Group5,Batch10
Cell23345,Group6,Batch10
Cell23346,Group2,Batch10
Cell23347,Group10,Batch10
Cell23348,Group5,Batch10
Cell23349,Group5,Batch10
Cell23350,Group5,Batch10
Cell23351,Group1,Batch10
Cell23352,Group3,Batch10
Cell23353,Group5,Batch10
Cell23354,Group1,Batch10
Cell23355,Group1,Batch10
Cell23356,Group2,Batch10
Cell23357,Group9,Batch10
Cell23358,Group5,Batch10
Cell23359,Group4,Batch10
Cell23360,Group3,Batch10
Cell23361,Group1,Batch10
Cell23362,Group9,Batch10
Cell23363,Group9,Batch10
Cell23364,Group9,Batch10
Cell23365,Group9,Batch10
Cell23366,Group3,Batch10
Cell23367,Group3,Batch10
Cell23368,Group6,Batch10
Cell23369,Group3,Batch10
Cell23370,Group3,Batch10
Cell23371,Group2,Batch10
Cell23372,Group9,Batch10
Cell23373,Group1,Batch10
Cell23374,Group2,Batch10
Cell23375,Group8,Batch10
Cell23376,Group7,Batch10
Cell23377,Group2,Batch10
Cell23378,Group7,Batch10
Cell23379,Group2,Batch10
Cell23380,Group1,Batch10
Cell23381,Group8,Batch10
Cell23382,Group5,Batch10
Cell23383,Group10,Batch10
Cell23384,Group8,Batch10
Cell23385,Group1,Batch10
Cell23386,Group4,Batch10
Cell23387,Group8,Batch10
Cell23388,Group5,Batch10
Cell23389,Group7,Batch10
Cell23390,Group4,Batch10
Cell23391,Group1,Batch10
Cell23392,Group6,Batch10
Cell23393,Group1,Batch10
Cell23394,Group5,Batch10
Cell23395,Group1,Batch10
Cell23396,Group8,Batch10
Cell23397,Group5,Batch10
Cell23398,Group1,Batch10
Cell23399,Group9,Batch10
Cell23400,Group4,Batch10
Cell23401,Group1,Batch10
Cell23402,Group9,Batch10
Cell23403,Group4,Batch10
Cell23404,Group8,Batch10
Cell23405,Group2,Batch10
Cell23406,Group1,Batch10
Cell23407,Group1,Batch10
Cell23408,Group6,Batch10
Cell23409,Group1,Batch10
Cell23410,Group6,Batch10
Cell23411,Group4,Batch10
Cell23412,Group5,Batch10
Cell23413,Group7,Batch10
Cell23414,Group5,Batch10
Cell23415,Group9,Batch10
Cell23416,Group1,Batch10
Cell23417,Group3,Batch10
Cell23418,Group10,Batch10
Cell23419,Group3,Batch10
Cell23420,Group9,Batch10
Cell23421,Group6,Batch10
Cell23422,Group3,Batch10
Cell23423,Group10,Batch10
Cell23424,Group5,Batch10
Cell23425,Group5,Batch10
Cell23426,Group5,Batch10
Cell23427,Group5,Batch10
Cell23428,Group10,Batch10
Cell23429,Group1,Batch10
Cell23430,Group2,Batch10
Cell23431,Group7,Batch10
Cell23432,Group1,Batch10
Cell23433,Group10,Batch10
Cell23434,Group8,Batch10
Cell23435,Group5,Batch10
Cell23436,Group1,Batch10
Cell23437,Group2,Batch10
Cell23438,Group5,Batch10
Cell23439,Group3,Batch10
Cell23440,Group6,Batch10
Cell23441,Group8,Batch10
Cell23442,Group9,Batch10
Cell23443,Group7,Batch10
Cell23444,Group7,Batch10
Cell23445,Group4,Batch10
Cell23446,Group7,Batch10
Cell23447,Group10,Batch10
Cell23448,Group5,Batch10
Cell23449,Group3,Batch10
Cell23450,Group10,Batch10
Cell23451,Group7,Batch10
Cell23452,Group5,Batch10
Cell23453,Group7,Batch10
Cell23454,Group6,Batch10
Cell23455,Group7,Batch10
Cell23456,Group10,Batch10
Cell23457,Group9,Batch10
Cell23458,Group9,Batch10
Cell23459,Group7,Batch10
Cell23460,Group7,Batch10
Cell23461,Group1,Batch10
Cell23462,Group8,Batch10
Cell23463,Group4,Batch10
Cell23464,Group8,Batch10
Cell23465,Group5,Batch10
Cell23466,Group10,Batch10
Cell23467,Group1,Batch10
Cell23468,Group1,Batch10
Cell23469,Group3,Batch10
Cell23470,Group6,Batch10
Cell23471,Group1,Batch10
Cell23472,Group5,Batch10
Cell23473,Group10,Batch10
Cell23474,Group7,Batch10
Cell23475,Group7,Batch10
Cell23476,Group6,Batch10
Cell23477,Group8,Batch10
Cell23478,Group6,Batch10
Cell23479,Group8,Batch10
Cell23480,Group7,Batch10
Cell23481,Group6,Batch10
Cell23482,Group3,Batch10
Cell23483,Group2,Batch10
Cell23484,Group6,Batch10
Cell23485,Group9,Batch10
Cell23486,Group4,Batch10
Cell23487,Group5,Batch10
Cell23488,Group1,Batch10
Cell23489,Group8,Batch10
Cell23490,Group9,Batch10
Cell23491,Group10,Batch10
Cell23492,Group9,Batch10
Cell23493,Group3,Batch10
Cell23494,Group4,Batch10
Cell23495,Group7,Batch10
Cell23496,Group5,Batch10
Cell23497,Group8,Batch10
Cell23498,Group10,Batch10
Cell23499,Group1,Batch10
Cell23500,Group2,Batch10
Cell23501,Group8,Batch10
Cell23502,Group8,Batch10
Cell23503,Group8,Batch10
Cell23504,Group1,Batch10
Cell23505,Group2,Batch10
Cell23506,Group2,Batch10
Cell23507,Group6,Batch10
Cell23508,Group5,Batch10
Cell23509,Group3,Batch10
Cell23510,Group7,Batch10
Cell23511,Group9,Batch10
Cell23512,Group8,Batch10
Cell23513,Group10,Batch10
Cell23514,Group3,Batch10
Cell23515,Group3,Batch10
Cell23516,Group1,Batch10
Cell23517,Group4,Batch10
Cell23518,Group2,Batch10
Cell23519,Group10,Batch10
Cell23520,Group7,Batch10
Cell23521,Group5,Batch10
Cell23522,Group1,Batch10
Cell23523,Group5,Batch10
Cell23524,Group10,Batch10
Cell23525,Group9,Batch10
Cell23526,Group8,Batch10
Cell23527,Group3,Batch10
Cell23528,Group2,Batch10
Cell23529,Group1,Batch10
Cell23530,Group2,Batch10
Cell23531,Group8,Batch10
Cell23532,Group9,Batch10
Cell23533,Group7,Batch10
Cell23534,Group5,Batch10
Cell23535,Group1,Batch10
Cell23536,Group6,Batch10
Cell23537,Group9,Batch10
Cell23538,Group8,Batch10
Cell23539,Group3,Batch10
Cell23540,Group7,Batch10
Cell23541,Group6,Batch10
Cell23542,Group3,Batch10
Cell23543,Group6,Batch10
Cell23544,Group7,Batch10
Cell23545,Group1,Batch10
Cell23546,Group10,Batch10
Cell23547,Group3,Batch10
Cell23548,Group2,Batch10
Cell23549,Group9,Batch10
Cell23550,Group3,Batch10
Cell23551,Group4,Batch10
Cell23552,Group10,Batch10
Cell23553,Group7,Batch10
Cell23554,Group7,Batch10
Cell23555,Group7,Batch10
Cell23556,Group6,Batch10
Cell23557,Group2,Batch10
Cell23558,Group7,Batch10
Cell23559,Group2,Batch10
Cell23560,Group1,Batch10
Cell23561,Group10,Batch10
Cell23562,Group5,Batch10
Cell23563,Group10,Batch10
Cell23564,Group6,Batch10
Cell23565,Group1,Batch10
Cell23566,Group7,Batch10
Cell23567,Group6,Batch10
Cell23568,Group10,Batch10
Cell23569,Group5,Batch10
Cell23570,Group3,Batch10
Cell23571,Group10,Batch10
Cell23572,Group6,Batch10
Cell23573,Group8,Batch10
Cell23574,Group6,Batch10
Cell23575,Group8,Batch10
Cell23576,Group1,Batch10
Cell23577,Group2,Batch10
Cell23578,Group5,Batch10
Cell23579,Group5,Batch10
Cell23580,Group8,Batch10
Cell23581,Group7,Batch10
Cell23582,Group2,Batch10
Cell23583,Group2,Batch10
Cell23584,Group10,Batch10
Cell23585,Group8,Batch10
Cell23586,Group3,Batch10
Cell23587,Group3,Batch10
Cell23588,Group6,Batch10
Cell23589,Group3,Batch10
Cell23590,Group7,Batch10
Cell23591,Group6,Batch10
Cell23592,Group9,Batch10
Cell23593,Group10,Batch10
Cell23594,Group2,Batch10
Cell23595,Group3,Batch10
Cell23596,Group7,Batch10
Cell23597,Group9,Batch10
Cell23598,Group9,Batch10
Cell23599,Group8,Batch10
Cell23600,Group7,Batch10
Cell23601,Group4,Batch10
Cell23602,Group3,Batch10
Cell23603,Group10,Batch10
Cell23604,Group2,Batch10
Cell23605,Group6,Batch10
Cell23606,Group1,Batch10
Cell23607,Group7,Batch10
Cell23608,Group4,Batch10
Cell23609,Group9,Batch10
Cell23610,Group2,Batch10
Cell23611,Group2,Batch10
Cell23612,Group4,Batch10
Cell23613,Group4,Batch10
Cell23614,Group6,Batch10
Cell23615,Group3,Batch10
Cell23616,Group3,Batch10
Cell23617,Group10,Batch10
Cell23618,Group9,Batch10
Cell23619,Group10,Batch10
Cell23620,Group7,Batch10
Cell23621,Group2,Batch10
Cell23622,Group1,Batch10
Cell23623,Group2,Batch10
Cell23624,Group7,Batch10
Cell23625,Group5,Batch10
Cell23626,Group1,Batch10
Cell23627,Group7,Batch10
Cell23628,Group3,Batch10
Cell23629,Group3,Batch10
Cell23630,Group10,Batch10
Cell23631,Group3,Batch10
Cell23632,Group1,Batch10
Cell23633,Group6,Batch10
Cell23634,Group6,Batch10
Cell23635,Group4,Batch10
Cell23636,Group3,Batch10
Cell23637,Group7,Batch10
Cell23638,Group4,Batch10
Cell23639,Group8,Batch10
Cell23640,Group1,Batch10
Cell23641,Group6,Batch10
Cell23642,Group8,Batch10
Cell23643,Group3,Batch10
Cell23644,Group7,Batch10
Cell23645,Group3,Batch10
Cell23646,Group9,Batch10
Cell23647,Group7,Batch10
Cell23648,Group1,Batch10
Cell23649,Group2,Batch10
Cell23650,Group10,Batch10
Cell23651,Group7,Batch10
Cell23652,Group3,Batch10
Cell23653,Group8,Batch10
Cell23654,Group4,Batch10
Cell23655,Group2,Batch10
Cell23656,Group6,Batch10
Cell23657,Group7,Batch10
Cell23658,Group1,Batch10
Cell23659,Group7,Batch10
Cell23660,Group10,Batch10
Cell23661,Group6,Batch10
Cell23662,Group7,Batch10
Cell23663,Group9,Batch10
Cell23664,Group2,Batch10
Cell23665,Group8,Batch10
Cell23666,Group7,Batch10
Cell23667,Group3,Batch10
Cell23668,Group1,Batch10
Cell23669,Group10,Batch10
Cell23670,Group7,Batch10
Cell23671,Group1,Batch10
Cell23672,Group6,Batch10
Cell23673,Group8,Batch10
Cell23674,Group1,Batch10
Cell23675,Group9,Batch10
Cell23676,Group3,Batch10
Cell23677,Group7,Batch10
Cell23678,Group5,Batch10
Cell23679,Group2,Batch10
Cell23680,Group6,Batch10
Cell23681,Group6,Batch10
Cell23682,Group1,Batch10
Cell23683,Group6,Batch10
Cell23684,Group6,Batch10
Cell23685,Group7,Batch10
Cell23686,Group2,Batch10
Cell23687,Group7,Batch10
Cell23688,Group3,Batch10
Cell23689,Group5,Batch10
Cell23690,Group9,Batch10
Cell23691,Group1,Batch10
Cell23692,Group5,Batch10
Cell23693,Group1,Batch10
Cell23694,Group2,Batch10
Cell23695,Group4,Batch10
Cell23696,Group5,Batch10
Cell23697,Group5,Batch10
Cell23698,Group7,Batch10
Cell23699,Group5,Batch10
Cell23700,Group2,Batch10
Cell23701,Group2,Batch10
Cell23702,Group2,Batch10
Cell23703,Group1,Batch10
Cell23704,Group8,Batch10
Cell23705,Group6,Batch10
Cell23706,Group8,Batch10
Cell23707,Group5,Batch10
Cell23708,Group8,Batch10
Cell23709,Group7,Batch10
Cell23710,Group8,Batch10
Cell23711,Group1,Batch10
Cell23712,Group1,Batch10
Cell23713,Group6,Batch10
Cell23714,Group8,Batch10
Cell23715,Group6,Batch10
Cell23716,Group10,Batch10
Cell23717,Group8,Batch10
Cell23718,Group8,Batch10
Cell23719,Group9,Batch10
Cell23720,Group4,Batch10
Cell23721,Group1,Batch10
Cell23722,Group6,Batch10
Cell23723,Group6,Batch10
Cell23724,Group3,Batch10
Cell23725,Group7,Batch10
Cell23726,Group10,Batch10
Cell23727,Group4,Batch10
Cell23728,Group8,Batch10
Cell23729,Group1,Batch10
Cell23730,Group8,Batch10
Cell23731,Group7,Batch10
Cell23732,Group3,Batch10
Cell23733,Group8,Batch10
Cell23734,Group1,Batch10
Cell23735,Group9,Batch10
Cell23736,Group6,Batch10
Cell23737,Group5,Batch10
Cell23738,Group1,Batch10
Cell23739,Group2,Batch10
Cell23740,Group2,Batch10
Cell23741,Group1,Batch10
Cell23742,Group6,Batch10
Cell23743,Group9,Batch10
Cell23744,Group3,Batch10
Cell23745,Group10,Batch10
Cell23746,Group8,Batch10
Cell23747,Group1,Batch10
Cell23748,Group1,Batch10
Cell23749,Group1,Batch10
Cell23750,Group7,Batch10
Cell23751,Group1,Batch10
Cell23752,Group2,Batch10
Cell23753,Group3,Batch10
Cell23754,Group7,Batch10
Cell23755,Group3,Batch10
Cell23756,Group7,Batch10
Cell23757,Group1,Batch10
Cell23758,Group10,Batch10
Cell23759,Group9,Batch10
Cell23760,Group3,Batch10
Cell23761,Group1,Batch10
Cell23762,Group5,Batch10
Cell23763,Group7,Batch10
Cell23764,Group9,Batch10
Cell23765,Group7,Batch10
Cell23766,Group4,Batch10
Cell23767,Group3,Batch10
Cell23768,Group7,Batch10
Cell23769,Group10,Batch10
Cell23770,Group10,Batch10
Cell23771,Group3,Batch10
Cell23772,Group10,Batch10
Cell23773,Group8,Batch10
Cell23774,Group10,Batch10
Cell23775,Group8,Batch10
Cell23776,Group9,Batch10
Cell23777,Group10,Batch10
Cell23778,Group7,Batch10
Cell23779,Group7,Batch10
Cell23780,Group10,Batch10
Cell23781,Group7,Batch10
Cell23782,Group5,Batch10
Cell23783,Group4,Batch10
Cell23784,Group5,Batch10
Cell23785,Group5,Batch10
Cell23786,Group4,Batch10
Cell23787,Group6,Batch10
Cell23788,Group3,Batch10
Cell23789,Group8,Batch10
Cell23790,Group3,Batch10
Cell23791,Group7,Batch10
Cell23792,Group8,Batch10
Cell23793,Group6,Batch10
Cell23794,Group1,Batch10
Cell23795,Group3,Batch10
Cell23796,Group4,Batch10
Cell23797,Group9,Batch10
Cell23798,Group5,Batch10
Cell23799,Group1,Batch10
Cell23800,Group3,Batch10
Cell23801,Group3,Batch10
Cell23802,Group6,Batch10
Cell23803,Group7,Batch10
Cell23804,Group7,Batch10
Cell23805,Group6,Batch10
Cell23806,Group8,Batch10
Cell23807,Group1,Batch10
Cell23808,Group10,Batch10
Cell23809,Group6,Batch10
Cell23810,Group9,Batch10
Cell23811,Group6,Batch10
Cell23812,Group6,Batch10
Cell23813,Group10,Batch10
Cell23814,Group7,Batch10
Cell23815,Group10,Batch10
Cell23816,Group2,Batch10
Cell23817,Group7,Batch10
Cell23818,Group3,Batch10
Cell23819,Group1,Batch10
Cell23820,Group3,Batch10
Cell23821,Group5,Batch10
Cell23822,Group9,Batch10
Cell23823,Group5,Batch10
Cell23824,Group5,Batch10
Cell23825,Group4,Batch10
Cell23826,Group8,Batch10
Cell23827,Group6,Batch10
Cell23828,Group7,Batch10
Cell23829,Group8,Batch10
Cell23830,Group3,Batch10
Cell23831,Group5,Batch10
Cell23832,Group10,Batch10
Cell23833,Group8,Batch10
Cell23834,Group6,Batch10
Cell23835,Group1,Batch10
Cell23836,Group8,Batch10
Cell23837,Group7,Batch10
Cell23838,Group3,Batch10
Cell23839,Group10,Batch10
Cell23840,Group8,Batch10
Cell23841,Group7,Batch10
Cell23842,Group7,Batch10
Cell23843,Group7,Batch10
Cell23844,Group8,Batch10
Cell23845,Group3,Batch10
Cell23846,Group4,Batch10
Cell23847,Group7,Batch10
Cell23848,Group10,Batch10
Cell23849,Group8,Batch10
Cell23850,Group10,Batch10
Cell23851,Group5,Batch10
Cell23852,Group5,Batch10
Cell23853,Group7,Batch10
Cell23854,Group3,Batch10
Cell23855,Group3,Batch10
Cell23856,Group1,Batch10
Cell23857,Group8,Batch10
Cell23858,Group4,Batch10
Cell23859,Group2,Batch10
Cell23860,Group1,Batch10
Cell23861,Group8,Batch10
Cell23862,Group4,Batch10
Cell23863,Group7,Batch10
Cell23864,Group3,Batch10
Cell23865,Group8,Batch10
Cell23866,Group7,Batch10
Cell23867,Group1,Batch10
Cell23868,Group8,Batch10
Cell23869,Group10,Batch10
Cell23870,Group4,Batch10
Cell23871,Group8,Batch10
Cell23872,Group4,Batch10
Cell23873,Group1,Batch10
Cell23874,Group2,Batch10
Cell23875,Group9,Batch10
Cell23876,Group6,Batch10
Cell23877,Group1,Batch10
Cell23878,Group6,Batch10
Cell23879,Group3,Batch10
Cell23880,Group1,Batch10
Cell23881,Group9,Batch10
Cell23882,Group6,Batch10
Cell23883,Group8,Batch10
Cell23884,Group3,Batch10
Cell23885,Group6,Batch10
Cell23886,Group10,Batch10
Cell23887,Group10,Batch10
Cell23888,Group10,Batch10
Cell23889,Group8,Batch10
Cell23890,Group2,Batch10
Cell23891,Group7,Batch10
Cell23892,Group7,Batch10
Cell23893,Group3,Batch10
Cell23894,Group3,Batch10
Cell23895,Group8,Batch10
Cell23896,Group8,Batch10
Cell23897,Group3,Batch10
Cell23898,Group5,Batch10
Cell23899,Group7,Batch10
Cell23900,Group5,Batch10
Cell23901,Group7,Batch10
Cell23902,Group2,Batch10
Cell23903,Group5,Batch10
Cell23904,Group9,Batch10
Cell23905,Group8,Batch10
Cell23906,Group8,Batch10
Cell23907,Group7,Batch10
Cell23908,Group9,Batch10
Cell23909,Group6,Batch10
Cell23910,Group7,Batch10
Cell23911,Group1,Batch10
Cell23912,Group8,Batch10
Cell23913,Group6,Batch10
Cell23914,Group8,Batch10
Cell23915,Group10,Batch10
Cell23916,Group3,Batch10
Cell23917,Group6,Batch10
Cell23918,Group5,Batch10
Cell23919,Group3,Batch10
Cell23920,Group2,Batch10
Cell23921,Group7,Batch10
Cell23922,Group7,Batch10
Cell23923,Group9,Batch10
Cell23924,Group3,Batch10
Cell23925,Group3,Batch10
Cell23926,Group5,Batch10
Cell23927,Group6,Batch10
Cell23928,Group6,Batch10
Cell23929,Group6,Batch10
Cell23930,Group9,Batch10
Cell23931,Group7,Batch10
Cell23932,Group2,Batch10
Cell23933,Group8,Batch10
Cell23934,Group10,Batch10
Cell23935,Group7,Batch10
Cell23936,Group5,Batch10
Cell23937,Group1,Batch10
Cell23938,Group7,Batch10
Cell23939,Group1,Batch10
Cell23940,Group10,Batch10
Cell23941,Group6,Batch10
Cell23942,Group9,Batch10
Cell23943,Group7,Batch10
Cell23944,Group2,Batch10
Cell23945,Group5,Batch10
Cell23946,Group7,Batch10
Cell23947,Group8,Batch10
Cell23948,Group10,Batch10
Cell23949,Group10,Batch10
Cell23950,Group1,Batch10
Cell23951,Group1,Batch10
Cell23952,Group5,Batch10
Cell23953,Group8,Batch10
Cell23954,Group1,Batch10
Cell23955,Group7,Batch10
Cell23956,Group8,Batch10
Cell23957,Group8,Batch10
Cell23958,Group6,Batch10
Cell23959,Group3,Batch10
Cell23960,Group6,Batch10
Cell23961,Group7,Batch10
Cell23962,Group7,Batch10
Cell23963,Group10,Batch10
Cell23964,Group4,Batch10
Cell23965,Group7,Batch10
Cell23966,Group3,Batch10
Cell23967,Group1,Batch10
Cell23968,Group6,Batch10
Cell23969,Group7,Batch10
Cell23970,Group7,Batch10
Cell23971,Group2,Batch10
Cell23972,Group8,Batch10
Cell23973,Group8,Batch10
Cell23974,Group8,Batch10
Cell23975,Group5,Batch10
Cell23976,Group9,Batch10
Cell23977,Group10,Batch10
Cell23978,Group2,Batch10
Cell23979,Group8,Batch10
Cell23980,Group7,Batch10
Cell23981,Group2,Batch10
Cell23982,Group7,Batch10
Cell23983,Group4,Batch10
Cell23984,Group1,Batch10
Cell23985,Group7,Batch10
Cell23986,Group5,Batch10
Cell23987,Group4,Batch10
Cell23988,Group7,Batch10
Cell23989,Group7,Batch10
Cell23990,Group2,Batch10
Cell23991,Group7,Batch10
Cell23992,Group10,Batch10
Cell23993,Group10,Batch10
Cell23994,Group6,Batch10
Cell23995,Group7,Batch10
Cell23996,Group3,Batch10
Cell23997,Group3,Batch10
Cell23998,Group10,Batch10
Cell23999,Group10,Batch10
Cell24000,Group1,Batch10
Cell24001,Group8,Batch10
Cell24002,Group6,Batch10
Cell24003,Group4,Batch10
Cell24004,Group2,Batch10
Cell24005,Group7,Batch10
Cell24006,Group7,Batch10
Cell24007,Group4,Batch10
Cell24008,Group1,Batch10
Cell24009,Group10,Batch10
Cell24010,Group5,Batch10
Cell24011,Group5,Batch10
Cell24012,Group10,Batch10
Cell24013,Group8,Batch10
Cell24014,Group6,Batch10
Cell24015,Group3,Batch10
Cell24016,Group2,Batch10
Cell24017,Group6,Batch10
Cell24018,Group9,Batch10
Cell24019,Group6,Batch10
Cell24020,Group5,Batch10
Cell24021,Group10,Batch10
Cell24022,Group2,Batch10
Cell24023,Group6,Batch10
Cell24024,Group7,Batch10
Cell24025,Group5,Batch10
Cell24026,Group1,Batch10
Cell24027,Group1,Batch10
Cell24028,Group5,Batch10
Cell24029,Group2,Batch10
Cell24030,Group1,Batch10
Cell24031,Group1,Batch10
Cell24032,Group2,Batch10
Cell24033,Group7,Batch10
Cell24034,Group8,Batch10
Cell24035,Group3,Batch10
Cell24036,Group10,Batch10
Cell24037,Group2,Batch10
Cell24038,Group7,Batch10
Cell24039,Group3,Batch10
Cell24040,Group6,Batch10
Cell24041,Group8,Batch10
Cell24042,Group1,Batch10
Cell24043,Group2,Batch10
Cell24044,Group1,Batch10
Cell24045,Group9,Batch10
Cell24046,Group2,Batch10
Cell24047,Group3,Batch10
Cell24048,Group3,Batch10
Cell24049,Group6,Batch10
Cell24050,Group10,Batch10
Cell24051,Group2,Batch10
Cell24052,Group8,Batch10
Cell24053,Group4,Batch10
Cell24054,Group1,Batch10
Cell24055,Group6,Batch10
Cell24056,Group4,Batch10
Cell24057,Group7,Batch10
Cell24058,Group7,Batch10
Cell24059,Group1,Batch10
Cell24060,Group9,Batch10
Cell24061,Group1,Batch10
Cell24062,Group10,Batch10
Cell24063,Group3,Batch10
Cell24064,Group10,Batch10
Cell24065,Group7,Batch10
Cell24066,Group2,Batch10
Cell24067,Group7,Batch10
Cell24068,Group10,Batch10
Cell24069,Group5,Batch10
Cell24070,Group5,Batch10
Cell24071,Group10,Batch10
Cell24072,Group8,Batch10
Cell24073,Group3,Batch10
Cell24074,Group4,Batch10
Cell24075,Group2,Batch10
Cell24076,Group7,Batch10
Cell24077,Group1,Batch10
Cell24078,Group2,Batch10
Cell24079,Group3,Batch10
Cell24080,Group5,Batch10
Cell24081,Group7,Batch10
Cell24082,Group1,Batch10
Cell24083,Group4,Batch10
Cell24084,Group1,Batch10
Cell24085,Group7,Batch10
Cell24086,Group3,Batch10
Cell24087,Group5,Batch10
Cell24088,Group3,Batch10
Cell24089,Group1,Batch10
Cell24090,Group7,Batch10
Cell24091,Group7,Batch10
Cell24092,Group7,Batch10
Cell24093,Group3,Batch10
Cell24094,Group1,Batch10
Cell24095,Group10,Batch10
Cell24096,Group2,Batch10
Cell24097,Group4,Batch10
Cell24098,Group2,Batch10
Cell24099,Group5,Batch10
Cell24100,Group6,Batch10
Cell24101,Group3,Batch10
Cell24102,Group7,Batch10
Cell24103,Group3,Batch10
Cell24104,Group4,Batch10
Cell24105,Group1,Batch10
Cell24106,Group4,Batch10
Cell24107,Group7,Batch10
Cell24108,Group1,Batch10
Cell24109,Group6,Batch10
Cell24110,Group1,Batch10
Cell24111,Group4,Batch10
Cell24112,Group10,Batch10
Cell24113,Group1,Batch10
Cell24114,Group7,Batch10
Cell24115,Group2,Batch10
Cell24116,Group1,Batch10
Cell24117,Group5,Batch10
Cell24118,Group6,Batch10
Cell24119,Group3,Batch10
Cell24120,Group4,Batch10
Cell24121,Group7,Batch10
Cell24122,Group6,Batch10
Cell24123,Group7,Batch10
Cell24124,Group1,Batch10
Cell24125,Group10,Batch10
Cell24126,Group8,Batch10
Cell24127,Group7,Batch10
Cell24128,Group8,Batch10
Cell24129,Group9,Batch10
Cell24130,Group5,Batch10
Cell24131,Group6,Batch10
Cell24132,Group8,Batch10
Cell24133,Group6,Batch10
Cell24134,Group7,Batch10
Cell24135,Group7,Batch10
Cell24136,Group5,Batch10
Cell24137,Group2,Batch10
Cell24138,Group1,Batch10
Cell24139,Group5,Batch10
Cell24140,Group6,Batch10
Cell24141,Group9,Batch10
Cell24142,Group6,Batch10
Cell24143,Group1,Batch10
Cell24144,Group9,Batch10
Cell24145,Group6,Batch10
Cell24146,Group6,Batch10
Cell24147,Group10,Batch10
Cell24148,Group7,Batch10
Cell24149,Group1,Batch10
Cell24150,Group2,Batch10
Cell24151,Group6,Batch10
Cell24152,Group8,Batch10
Cell24153,Group8,Batch10
Cell24154,Group6,Batch10
Cell24155,Group10,Batch10
Cell24156,Group1,Batch10
Cell24157,Group3,Batch10
Cell24158,Group8,Batch10
Cell24159,Group9,Batch10
Cell24160,Group7,Batch10
Cell24161,Group7,Batch10
Cell24162,Group8,Batch10
Cell24163,Group9,Batch10
Cell24164,Group2,Batch10
Cell24165,Group4,Batch10
Cell24166,Group1,Batch10
Cell24167,Group10,Batch10
Cell24168,Group4,Batch10
Cell24169,Group3,Batch10
Cell24170,Group7,Batch10
Cell24171,Group2,Batch10
Cell24172,Group7,Batch10
Cell24173,Group3,Batch10
Cell24174,Group4,Batch10
Cell24175,Group1,Batch10
Cell24176,Group10,Batch10
Cell24177,Group10,Batch10
Cell24178,Group1,Batch10
Cell24179,Group3,Batch10
Cell24180,Group2,Batch10
Cell24181,Group6,Batch10
Cell24182,Group3,Batch10
Cell24183,Group6,Batch10
Cell24184,Group2,Batch10
Cell24185,Group1,Batch10
Cell24186,Group3,Batch10
Cell24187,Group7,Batch10
Cell24188,Group6,Batch10
Cell24189,Group8,Batch10
Cell24190,Group7,Batch10
Cell24191,Group5,Batch10
Cell24192,Group4,Batch10
Cell24193,Group5,Batch10
Cell24194,Group5,Batch10
Cell24195,Group1,Batch10
Cell24196,Group3,Batch10
Cell24197,Group7,Batch10
Cell24198,Group8,Batch10
Cell24199,Group1,Batch10
Cell24200,Group7,Batch10
Cell24201,Group10,Batch10
Cell24202,Group2,Batch10
Cell24203,Group8,Batch10
Cell24204,Group10,Batch10
Cell24205,Group5,Batch10
Cell24206,Group8,Batch10
Cell24207,Group7,Batch10
Cell24208,Group9,Batch10
Cell24209,Group6,Batch10
Cell24210,Group1,Batch10
Cell24211,Group2,Batch10
Cell24212,Group8,Batch10
Cell24213,Group10,Batch10
Cell24214,Group6,Batch10
Cell24215,Group4,Batch10
Cell24216,Group7,Batch10
Cell24217,Group5,Batch10
Cell24218,Group5,Batch10
Cell24219,Group5,Batch10
Cell24220,Group6,Batch10
Cell24221,Group1,Batch10
Cell24222,Group2,Batch10
Cell24223,Group6,Batch10
Cell24224,Group9,Batch10
Cell24225,Group7,Batch10
Cell24226,Group3,Batch10
Cell24227,Group10,Batch10
Cell24228,Group3,Batch10
Cell24229,Group3,Batch10
Cell24230,Group7,Batch10
Cell24231,Group10,Batch10
Cell24232,Group6,Batch10
Cell24233,Group3,Batch10
Cell24234,Group2,Batch10
Cell24235,Group10,Batch10
Cell24236,Group10,Batch10
Cell24237,Group3,Batch10
Cell24238,Group7,Batch10
Cell24239,Group3,Batch10
Cell24240,Group8,Batch10
Cell24241,Group5,Batch10
Cell24242,Group9,Batch10
Cell24243,Group7,Batch10
Cell24244,Group3,Batch10
Cell24245,Group4,Batch10
Cell24246,Group1,Batch10
Cell24247,Group10,Batch10
Cell24248,Group9,Batch10
Cell24249,Group5,Batch10
Cell24250,Group7,Batch10
Cell24251,Group2,Batch10
Cell24252,Group9,Batch10
Cell24253,Group6,Batch10
Cell24254,Group8,Batch10
Cell24255,Group6,Batch10
Cell24256,Group10,Batch10
Cell24257,Group3,Batch10
Cell24258,Group10,Batch10
Cell24259,Group2,Batch10
Cell24260,Group1,Batch10
Cell24261,Group10,Batch10
Cell24262,Group8,Batch10
Cell24263,Group8,Batch10
Cell24264,Group8,Batch10
Cell24265,Group1,Batch10
Cell24266,Group3,Batch10
Cell24267,Group1,Batch10
Cell24268,Group5,Batch10
Cell24269,Group1,Batch10
Cell24270,Group9,Batch10
Cell24271,Group5,Batch10
Cell24272,Group1,Batch10
Cell24273,Group10,Batch10
Cell24274,Group5,Batch10
Cell24275,Group3,Batch10
Cell24276,Group8,Batch10
Cell24277,Group10,Batch10
Cell24278,Group4,Batch10
Cell24279,Group6,Batch10
Cell24280,Group3,Batch10
Cell24281,Group3,Batch10
Cell24282,Group7,Batch10
Cell24283,Group1,Batch10
Cell24284,Group2,Batch10
Cell24285,Group3,Batch10
Cell24286,Group9,Batch10
Cell24287,Group6,Batch10
Cell24288,Group5,Batch10
Cell24289,Group8,Batch10
Cell24290,Group8,Batch10
Cell24291,Group5,Batch10
Cell24292,Group3,Batch10
Cell24293,Group4,Batch10
Cell24294,Group7,Batch10
Cell24295,Group4,Batch10
Cell24296,Group6,Batch10
Cell24297,Group7,Batch10
Cell24298,Group6,Batch10
Cell24299,Group1,Batch10
Cell24300,Group3,Batch10
Cell24301,Group10,Batch10
Cell24302,Group10,Batch10
Cell24303,Group3,Batch10
Cell24304,Group1,Batch10
Cell24305,Group9,Batch10
Cell24306,Group9,Batch10
Cell24307,Group3,Batch10
Cell24308,Group1,Batch10
Cell24309,Group1,Batch10
Cell24310,Group9,Batch10
Cell24311,Group6,Batch10
Cell24312,Group10,Batch10
Cell24313,Group2,Batch10
Cell24314,Group7,Batch10
Cell24315,Group7,Batch10
Cell24316,Group1,Batch10
Cell24317,Group8,Batch10
Cell24318,Group6,Batch10
Cell24319,Group3,Batch10
Cell24320,Group7,Batch10
Cell24321,Group5,Batch10
Cell24322,Group5,Batch10
Cell24323,Group6,Batch10
Cell24324,Group2,Batch10
Cell24325,Group3,Batch10
Cell24326,Group6,Batch10
Cell24327,Group2,Batch10
Cell24328,Group1,Batch10
Cell24329,Group8,Batch10
Cell24330,Group1,Batch10
Cell24331,Group7,Batch10
Cell24332,Group1,Batch10
Cell24333,Group7,Batch10
Cell24334,Group8,Batch10
Cell24335,Group10,Batch10
Cell24336,Group6,Batch10
Cell24337,Group6,Batch10
Cell24338,Group2,Batch10
Cell24339,Group1,Batch10
Cell24340,Group5,Batch10
Cell24341,Group6,Batch10
Cell24342,Group8,Batch10
Cell24343,Group5,Batch10
Cell24344,Group1,Batch10
Cell24345,Group8,Batch10
Cell24346,Group6,Batch10
Cell24347,Group2,Batch10
Cell24348,Group1,Batch10
Cell24349,Group6,Batch10
Cell24350,Group9,Batch10
Cell24351,Group7,Batch10
Cell24352,Group7,Batch10
Cell24353,Group1,Batch10
Cell24354,Group10,Batch10
Cell24355,Group5,Batch10
Cell24356,Group10,Batch10
Cell24357,Group5,Batch10
Cell24358,Group2,Batch10
Cell24359,Group6,Batch10
Cell24360,Group4,Batch10
Cell24361,Group7,Batch10
Cell24362,Group7,Batch10
Cell24363,Group2,Batch10
Cell24364,Group5,Batch10
Cell24365,Group7,Batch10
Cell24366,Group1,Batch10
Cell24367,Group5,Batch10
Cell24368,Group7,Batch10
Cell24369,Group10,Batch10
Cell24370,Group2,Batch10
Cell24371,Group4,Batch10
Cell24372,Group6,Batch10
Cell24373,Group3,Batch10
Cell24374,Group3,Batch10
Cell24375,Group9,Batch10
Cell24376,Group9,Batch10
Cell24377,Group2,Batch10
Cell24378,Group10,Batch10
Cell24379,Group8,Batch10
Cell24380,Group5,Batch10
Cell24381,Group5,Batch10
Cell24382,Group10,Batch10
Cell24383,Group3,Batch10
Cell24384,Group3,Batch10
Cell24385,Group8,Batch10
Cell24386,Group8,Batch10
Cell24387,Group1,Batch10
Cell24388,Group7,Batch10
Cell24389,Group1,Batch10
Cell24390,Group9,Batch10
Cell24391,Group1,Batch10
Cell24392,Group10,Batch10
Cell24393,Group9,Batch10
Cell24394,Group8,Batch10
Cell24395,Group7,Batch10
Cell24396,Group7,Batch10
Cell24397,Group2,Batch10
Cell24398,Group1,Batch10
Cell24399,Group2,Batch10
Cell24400,Group1,Batch10
Cell24401,Group9,Batch10
Cell24402,Group7,Batch10
Cell24403,Group5,Batch10
Cell24404,Group2,Batch10
Cell24405,Group7,Batch10
Cell24406,Group1,Batch10
Cell24407,Group6,Batch10
Cell24408,Group1,Batch10
Cell24409,Group2,Batch10
Cell24410,Group10,Batch10
Cell24411,Group2,Batch10
Cell24412,Group9,Batch10
Cell24413,Group2,Batch10
Cell24414,Group1,Batch10
Cell24415,Group1,Batch10
Cell24416,Group8,Batch10
Cell24417,Group6,Batch10
Cell24418,Group3,Batch10
Cell24419,Group5,Batch10
Cell24420,Group7,Batch10
Cell24421,Group1,Batch10
Cell24422,Group9,Batch10
Cell24423,Group8,Batch10
Cell24424,Group5,Batch10
Cell24425,Group1,Batch10
Cell24426,Group7,Batch10
Cell24427,Group7,Batch10
Cell24428,Group2,Batch10
Cell24429,Group10,Batch10
Cell24430,Group7,Batch10
Cell24431,Group3,Batch10
Cell24432,Group5,Batch10
Cell24433,Group3,Batch10
Cell24434,Group3,Batch10
Cell24435,Group9,Batch10
Cell24436,Group6,Batch10
Cell24437,Group8,Batch10
Cell24438,Group3,Batch10
Cell24439,Group9,Batch10
Cell24440,Group7,Batch10
Cell24441,Group3,Batch10
Cell24442,Group10,Batch10
Cell24443,Group3,Batch10
Cell24444,Group4,Batch10
Cell24445,Group1,Batch10
Cell24446,Group1,Batch10
Cell24447,Group5,Batch10
Cell24448,Group1,Batch10
Cell24449,Group10,Batch10
Cell24450,Group2,Batch10
Cell24451,Group6,Batch10
Cell24452,Group8,Batch10
Cell24453,Group7,Batch10
Cell24454,Group8,Batch10
Cell24455,Group6,Batch10
Cell24456,Group10,Batch10
Cell24457,Group5,Batch10
Cell24458,Group10,Batch10
Cell24459,Group1,Batch10
Cell24460,Group1,Batch10
Cell24461,Group1,Batch10
Cell24462,Group6,Batch10
Cell24463,Group1,Batch10
Cell24464,Group2,Batch10
Cell24465,Group6,Batch10
Cell24466,Group10,Batch10
Cell24467,Group6,Batch10
Cell24468,Group5,Batch10
Cell24469,Group10,Batch10
Cell24470,Group5,Batch10
Cell24471,Group6,Batch10
Cell24472,Group1,Batch10
Cell24473,Group6,Batch10
Cell24474,Group9,Batch10
Cell24475,Group1,Batch10
Cell24476,Group3,Batch10
Cell24477,Group1,Batch10
Cell24478,Group6,Batch10
Cell24479,Group8,Batch10
Cell24480,Group5,Batch10
Cell24481,Group1,Batch10
Cell24482,Group10,Batch10
Cell24483,Group2,Batch10
Cell24484,Group1,Batch10
Cell24485,Group2,Batch10
Cell24486,Group8,Batch10
Cell24487,Group7,Batch10
Cell24488,Group6,Batch10
Cell24489,Group5,Batch10
Cell24490,Group2,Batch10
Cell24491,Group3,Batch10
Cell24492,Group6,Batch10
Cell24493,Group9,Batch10
Cell24494,Group5,Batch10
Cell24495,Group3,Batch10
Cell24496,Group4,Batch10
Cell24497,Group6,Batch10
Cell24498,Group6,Batch10
Cell24499,Group1,Batch10
Cell24500,Group7,Batch10
Cell24501,Group9,Batch10
Cell24502,Group7,Batch10
Cell24503,Group6,Batch10
Cell24504,Group8,Batch10
Cell24505,Group8,Batch10
Cell24506,Group3,Batch10
Cell24507,Group3,Batch10
Cell24508,Group7,Batch10
Cell24509,Group5,Batch10
Cell24510,Group2,Batch10
Cell24511,Group4,Batch10
Cell24512,Group1,Batch10
Cell24513,Group5,Batch10
Cell24514,Group5,Batch10
Cell24515,Group3,Batch10
Cell24516,Group8,Batch10
Cell24517,Group7,Batch10
Cell24518,Group6,Batch10
Cell24519,Group7,Batch10
Cell24520,Group6,Batch10
Cell24521,Group7,Batch10
Cell24522,Group5,Batch10
Cell24523,Group5,Batch10
Cell24524,Group10,Batch10
Cell24525,Group10,Batch10
Cell24526,Group8,Batch10
Cell24527,Group8,Batch10
Cell24528,Group8,Batch10
Cell24529,Group7,Batch10
Cell24530,Group7,Batch10
Cell24531,Group1,Batch10
Cell24532,Group1,Batch10
Cell24533,Group5,Batch10
Cell24534,Group7,Batch10
Cell24535,Group7,Batch10
Cell24536,Group1,Batch10
Cell24537,Group1,Batch10
Cell24538,Group4,Batch10
Cell24539,Group5,Batch10
Cell24540,Group2,Batch10
Cell24541,Group7,Batch10
Cell24542,Group8,Batch10
Cell24543,Group10,Batch10
Cell24544,Group10,Batch10
Cell24545,Group5,Batch10
Cell24546,Group1,Batch10
Cell24547,Group9,Batch10
Cell24548,Group6,Batch10
Cell24549,Group3,Batch10
Cell24550,Group10,Batch10
Cell24551,Group3,Batch10
Cell24552,Group8,Batch10
Cell24553,Group7,Batch10
Cell24554,Group8,Batch10
Cell24555,Group2,Batch10
Cell24556,Group2,Batch10
Cell24557,Group5,Batch10
Cell24558,Group2,Batch10
Cell24559,Group6,Batch10
Cell24560,Group7,Batch10
Cell24561,Group6,Batch10
Cell24562,Group2,Batch10
Cell24563,Group10,Batch10
Cell24564,Group3,Batch10
Cell24565,Group2,Batch10
Cell24566,Group10,Batch10
Cell24567,Group3,Batch10
Cell24568,Group7,Batch10
Cell24569,Group9,Batch10
Cell24570,Group4,Batch10
Cell24571,Group9,Batch10
Cell24572,Group7,Batch10
Cell24573,Group2,Batch10
Cell24574,Group6,Batch10
Cell24575,Group3,Batch10
Cell24576,Group2,Batch10
Cell24577,Group1,Batch10
Cell24578,Group6,Batch10
Cell24579,Group8,Batch10
Cell24580,Group1,Batch10
Cell24581,Group7,Batch10
Cell24582,Group7,Batch10
Cell24583,Group3,Batch10
Cell24584,Group1,Batch10
Cell24585,Group9,Batch10
Cell24586,Group5,Batch10
Cell24587,Group10,Batch10
Cell24588,Group2,Batch10
Cell24589,Group2,Batch10
Cell24590,Group5,Batch10
Cell24591,Group2,Batch10
Cell24592,Group5,Batch10
Cell24593,Group6,Batch10
Cell24594,Group3,Batch10
Cell24595,Group7,Batch10
Cell24596,Group7,Batch10
Cell24597,Group1,Batch10
Cell24598,Group5,Batch10
Cell24599,Group6,Batch10
Cell24600,Group10,Batch10
Cell24601,Group5,Batch10
Cell24602,Group7,Batch10
Cell24603,Group9,Batch10
Cell24604,Group2,Batch10
Cell24605,Group2,Batch10
Cell24606,Group5,Batch10
Cell24607,Group1,Batch10
Cell24608,Group4,Batch10
Cell24609,Group3,Batch10
Cell24610,Group1,Batch10
Cell24611,Group8,Batch10
Cell24612,Group6,Batch10
Cell24613,Group10,Batch10
Cell24614,Group5,Batch10
Cell24615,Group5,Batch10
Cell24616,Group3,Batch10
Cell24617,Group1,Batch10
Cell24618,Group7,Batch10
Cell24619,Group2,Batch10
Cell24620,Group10,Batch10
Cell24621,Group3,Batch10
Cell24622,Group7,Batch10
Cell24623,Group6,Batch10
Cell24624,Group1,Batch10
Cell24625,Group2,Batch10
Cell24626,Group4,Batch10
Cell24627,Group6,Batch10
Cell24628,Group1,Batch10
Cell24629,Group8,Batch10
Cell24630,Group7,Batch10
Cell24631,Group9,Batch10
Cell24632,Group7,Batch10
Cell24633,Group7,Batch10
Cell24634,Group3,Batch10
Cell24635,Group2,Batch10
Cell24636,Group3,Batch10
Cell24637,Group3,Batch10
Cell24638,Group1,Batch10
Cell24639,Group1,Batch10
Cell24640,Group10,Batch10
Cell24641,Group6,Batch10
Cell24642,Group6,Batch10
Cell24643,Group3,Batch10
Cell24644,Group6,Batch10
Cell24645,Group3,Batch10
Cell24646,Group8,Batch10
Cell24647,Group4,Batch10
Cell24648,Group2,Batch10
Cell24649,Group2,Batch10
Cell24650,Group5,Batch10
Cell24651,Group2,Batch10
Cell24652,Group8,Batch10
Cell24653,Group7,Batch10
Cell24654,Group5,Batch10
Cell24655,Group7,Batch10
Cell24656,Group6,Batch10
Cell24657,Group5,Batch10
Cell24658,Group8,Batch10
Cell24659,Group9,Batch10
Cell24660,Group10,Batch10
Cell24661,Group9,Batch10
Cell24662,Group1,Batch10
Cell24663,Group3,Batch10
Cell24664,Group8,Batch10
Cell24665,Group2,Batch10
Cell24666,Group6,Batch10
Cell24667,Group10,Batch10
Cell24668,Group2,Batch10
Cell24669,Group8,Batch10
Cell24670,Group10,Batch10
Cell24671,Group7,Batch10
Cell24672,Group7,Batch10
Cell24673,Group10,Batch10
Cell24674,Group7,Batch10
Cell24675,Group5,Batch10
Cell24676,Group10,Batch10
Cell24677,Group3,Batch10
Cell24678,Group2,Batch10
Cell24679,Group3,Batch10
Cell24680,Group5,Batch10
Cell24681,Group7,Batch10
Cell24682,Group7,Batch10
Cell24683,Group1,Batch10
Cell24684,Group6,Batch10
Cell24685,Group3,Batch10
Cell24686,Group6,Batch10
Cell24687,Group6,Batch10
Cell24688,Group10,Batch10
Cell24689,Group9,Batch10
Cell24690,Group2,Batch10
Cell24691,Group5,Batch10
Cell24692,Group2,Batch10
Cell24693,Group5,Batch10
Cell24694,Group7,Batch10
Cell24695,Group8,Batch10
Cell24696,Group4,Batch10
Cell24697,Group4,Batch10
Cell24698,Group2,Batch10
Cell24699,Group6,Batch10
Cell24700,Group1,Batch10
Cell24701,Group6,Batch10
Cell24702,Group7,Batch10
Cell24703,Group3,Batch10
Cell24704,Group5,Batch10
Cell24705,Group7,Batch10
Cell24706,Group8,Batch10
Cell24707,Group5,Batch10
Cell24708,Group3,Batch10
Cell24709,Group6,Batch10
Cell24710,Group7,Batch10
Cell24711,Group8,Batch10
Cell24712,Group10,Batch10
Cell24713,Group7,Batch10
Cell24714,Group2,Batch10
Cell24715,Group8,Batch10
Cell24716,Group7,Batch10
Cell24717,Group10,Batch10
Cell24718,Group1,Batch10
Cell24719,Group3,Batch10
Cell24720,Group7,Batch10
Cell24721,Group2,Batch10
Cell24722,Group6,Batch10
Cell24723,Group10,Batch10
Cell24724,Group3,Batch10
Cell24725,Group5,Batch10
Cell24726,Group3,Batch10
Cell24727,Group7,Batch10
Cell24728,Group7,Batch10
Cell24729,Group10,Batch10
Cell24730,Group8,Batch10
Cell24731,Group3,Batch10
Cell24732,Group3,Batch10
Cell24733,Group8,Batch10
Cell24734,Group2,Batch10
Cell24735,Group3,Batch10
Cell24736,Group8,Batch10
Cell24737,Group1,Batch10
Cell24738,Group7,Batch10
Cell24739,Group10,Batch10
Cell24740,Group8,Batch10
Cell24741,Group2,Batch10
Cell24742,Group7,Batch10
Cell24743,Group10,Batch10
Cell24744,Group10,Batch10
Cell24745,Group6,Batch10
Cell24746,Group9,Batch10
Cell24747,Group5,Batch10
Cell24748,Group5,Batch10
Cell24749,Group3,Batch10
Cell24750,Group1,Batch10
Cell24751,Group10,Batch10
Cell24752,Group2,Batch10
Cell24753,Group1,Batch10
Cell24754,Group5,Batch10
Cell24755,Group6,Batch10
Cell24756,Group10,Batch10
Cell24757,Group6,Batch10
Cell24758,Group9,Batch10
Cell24759,Group8,Batch10
Cell24760,Group1,Batch10
Cell24761,Group5,Batch10
Cell24762,Group6,Batch10
Cell24763,Group5,Batch10
Cell24764,Group8,Batch10
Cell24765,Group6,Batch10
Cell24766,Group2,Batch10
Cell24767,Group10,Batch10
Cell24768,Group9,Batch10
Cell24769,Group1,Batch10
Cell24770,Group7,Batch10
Cell24771,Group1,Batch10
Cell24772,Group10,Batch10
Cell24773,Group4,Batch10
Cell24774,Group1,Batch10
Cell24775,Group4,Batch10
Cell24776,Group5,Batch10
Cell24777,Group2,Batch10
Cell24778,Group6,Batch10
Cell24779,Group6,Batch10
Cell24780,Group3,Batch10
Cell24781,Group3,Batch10
Cell24782,Group3,Batch10
Cell24783,Group7,Batch10
Cell24784,Group1,Batch10
Cell24785,Group4,Batch10
Cell24786,Group4,Batch10
Cell24787,Group8,Batch10
Cell24788,Group2,Batch10
Cell24789,Group2,Batch10
Cell24790,Group4,Batch10
Cell24791,Group5,Batch10
Cell24792,Group7,Batch10
Cell24793,Group8,Batch10
Cell24794,Group5,Batch10
Cell24795,Group3,Batch10
Cell24796,Group3,Batch10
Cell24797,Group1,Batch10
Cell24798,Group8,Batch10
Cell24799,Group5,Batch10
Cell24800,Group5,Batch10
Cell24801,Group10,Batch10
Cell24802,Group6,Batch10
Cell24803,Group9,Batch10
Cell24804,Group6,Batch10
Cell24805,Group8,Batch10
Cell24806,Group10,Batch10
Cell24807,Group4,Batch10
Cell24808,Group10,Batch10
Cell24809,Group5,Batch10
Cell24810,Group8,Batch10
Cell24811,Group7,Batch10
Cell24812,Group1,Batch10
Cell24813,Group3,Batch10
Cell24814,Group2,Batch10
Cell24815,Group4,Batch10
Cell24816,Group4,Batch10
Cell24817,Group6,Batch10
Cell24818,Group1,Batch10
Cell24819,Group4,Batch10
Cell24820,Group8,Batch10
Cell24821,Group8,Batch10
Cell24822,Group8,Batch10
Cell24823,Group6,Batch10
Cell24824,Group7,Batch10
Cell24825,Group8,Batch10
Cell24826,Group1,Batch10
Cell24827,Group8,Batch10
Cell24828,Group6,Batch10
Cell24829,Group6,Batch10
Cell24830,Group7,Batch10
Cell24831,Group1,Batch10
Cell24832,Group2,Batch10
Cell24833,Group4,Batch10
Cell24834,Group1,Batch10
Cell24835,Group8,Batch10
Cell24836,Group8,Batch10
Cell24837,Group4,Batch10
Cell24838,Group1,Batch10
Cell24839,Group9,Batch10
Cell24840,Group7,Batch10
Cell24841,Group1,Batch10
Cell24842,Group8,Batch10
Cell24843,Group3,Batch10
Cell24844,Group2,Batch10
Cell24845,Group7,Batch10
Cell24846,Group2,Batch10
Cell24847,Group8,Batch10
Cell24848,Group5,Batch10
Cell24849,Group3,Batch10
Cell24850,Group10,Batch10
Cell24851,Group2,Batch10
Cell24852,Group8,Batch10
Cell24853,Group5,Batch10
Cell24854,Group4,Batch10
Cell24855,Group10,Batch10
Cell24856,Group1,Batch10
Cell24857,Group1,Batch10
Cell24858,Group7,Batch10
Cell24859,Group4,Batch10
Cell24860,Group7,Batch10
Cell24861,Group10,Batch10
Cell24862,Group7,Batch10
Cell24863,Group3,Batch10
Cell24864,Group9,Batch10
Cell24865,Group3,Batch10
Cell24866,Group1,Batch10
Cell24867,Group1,Batch10
Cell24868,Group1,Batch10
Cell24869,Group1,Batch10
Cell24870,Group3,Batch10
Cell24871,Group7,Batch10
Cell24872,Group3,Batch10
Cell24873,Group10,Batch10
Cell24874,Group2,Batch10
Cell24875,Group10,Batch10
Cell24876,Group5,Batch10
Cell24877,Group10,Batch10
Cell24878,Group8,Batch10
Cell24879,Group9,Batch10
Cell24880,Group5,Batch10
Cell24881,Group1,Batch10
Cell24882,Group3,Batch10
Cell24883,Group10,Batch10
Cell24884,Group1,Batch10
Cell24885,Group4,Batch10
Cell24886,Group1,Batch10
Cell24887,Group1,Batch10
Cell24888,Group4,Batch10
Cell24889,Group8,Batch10
Cell24890,Group10,Batch10
Cell24891,Group10,Batch10
Cell24892,Group7,Batch10
Cell24893,Group1,Batch10
Cell24894,Group4,Batch10
Cell24895,Group1,Batch10
Cell24896,Group2,Batch10
Cell24897,Group1,Batch10
Cell24898,Group1,Batch10
Cell24899,Group9,Batch10
Cell24900,Group5,Batch10
Cell24901,Group4,Batch10
Cell24902,Group3,Batch10
Cell24903,Group8,Batch10
Cell24904,Group5,Batch10
Cell24905,Group2,Batch10
Cell24906,Group3,Batch10
Cell24907,Group2,Batch10
Cell24908,Group1,Batch10
Cell24909,Group7,Batch10
Cell24910,Group7,Batch10
Cell24911,Group7,Batch10
Cell24912,Group5,Batch10
Cell24913,Group1,Batch10
Cell24914,Group7,Batch10
Cell24915,Group5,Batch10
Cell24916,Group1,Batch10
Cell24917,Group1,Batch10
Cell24918,Group8,Batch10
Cell24919,Group3,Batch10
Cell24920,Group1,Batch10
Cell24921,Group1,Batch10
Cell24922,Group1,Batch10
Cell24923,Group5,Batch10
Cell24924,Group1,Batch10
Cell24925,Group3,Batch10
Cell24926,Group6,Batch10
Cell24927,Group10,Batch10
Cell24928,Group2,Batch10
Cell24929,Group1,Batch10
Cell24930,Group1,Batch10
Cell24931,Group1,Batch10
Cell24932,Group3,Batch10
Cell24933,Group2,Batch10
Cell24934,Group1,Batch10
Cell24935,Group5,Batch10
Cell24936,Group7,Batch10
Cell24937,Group7,Batch10
Cell24938,Group3,Batch10
Cell24939,Group5,Batch10
Cell24940,Group1,Batch10
Cell24941,Group5,Batch10
Cell24942,Group10,Batch10
Cell24943,Group5,Batch10
Cell24944,Group1,Batch10
Cell24945,Group9,Batch10
Cell24946,Group10,Batch10
Cell24947,Group9,Batch10
Cell24948,Group1,Batch10
Cell24949,Group1,Batch10
Cell24950,Group5,Batch10
Cell24951,Group6,Batch10
Cell24952,Group8,Batch10
Cell24953,Group1,Batch10
Cell24954,Group1,Batch10
Cell24955,Group8,Batch10
Cell24956,Group7,Batch10
Cell24957,Group10,Batch10
Cell24958,Group1,Batch10
Cell24959,Group3,Batch10
Cell24960,Group9,Batch10
Cell24961,Group1,Batch10
Cell24962,Group10,Batch10
Cell24963,Group2,Batch10
Cell24964,Group8,Batch10
Cell24965,Group1,Batch10
Cell24966,Group6,Batch10
Cell24967,Group7,Batch10
Cell24968,Group6,Batch10
Cell24969,Group4,Batch10
Cell24970,Group1,Batch10
Cell24971,Group7,Batch10
Cell24972,Group4,Batch10
Cell24973,Group1,Batch10
Cell24974,Group3,Batch10
Cell24975,Group9,Batch10
Cell24976,Group4,Batch10
Cell24977,Group7,Batch10
Cell24978,Group10,Batch10
Cell24979,Group10,Batch10
Cell24980,Group8,Batch10
Cell24981,Group2,Batch10
Cell24982,Group1,Batch10
Cell24983,Group2,Batch10
Cell24984,Group6,Batch10
Cell24985,Group10,Batch10
Cell24986,Group7,Batch10
Cell24987,Group2,Batch10
Cell24988,Group7,Batch10
Cell24989,Group9,Batch10
Cell24990,Group10,Batch10
Cell24991,Group3,Batch10
Cell24992,Group7,Batch10
Cell24993,Group6,Batch10
Cell24994,Group8,Batch10
Cell24995,Group1,Batch10
Cell24996,Group2,Batch10
Cell24997,Group3,Batch10
Cell24998,Group10,Batch10
Cell24999,Group9,Batch10
Cell25000,Group7,Batch10
