cell_name,batch,cell_type
AAACATACATTTCC.1,control,CD14 Mono
AAACATACCAGAAA.1,control,CD14 Mono
AAACATACCTCGCT.1,control,CD14 Mono
AAACATACGATGAA.1,control,CD4 T
AAACATACGGCATT.1,control,CD14 Mono
AAACATACTGCGTA.1,control,T
AAACATACTGCTGA.1,control,CD4 T
AAACATTGAGTGTC.1,control,CD8 T
AAACATTGCTTCGC.1,control,CD14 Mono
AAACCGTGAGCCAT.1,control,CD4 T
AAACCGTGGAGGCA.1,control,T
AAACCGTGTGCTAG.1,control,CD8 T
AAACGCACACTTTC.1,control,CD8 T
AAACGCACCAACCA.1,control,CD4 T
AAACGCACGCTGTA.1,control,T
AAACGCACGGGAGT.1,control,CD4 T
AAACGCACTCGCCT.1,control,CD14 Mono
AAACGCTGACCTTT.1,control,T
AAACGCTGCAGTTG.1,control,CD8 T
AAACGCTGCCTAAG.1,control,CD4 T
AAACGCTGCGTTGA.1,control,CD4 T
AAACGCTGCTGACA.1,control,B
AAACGCTGGATAAG.1,control,CD4 T
AAACGCTGGGACAG.1,control,CD14 Mono
AAACGCTGGGGATG.1,control,CD14 Mono
AAACGCTGGGTTTG.1,control,CD8 T
AAACGCTGTAGCGT.1,control,B
AAACGCTGTGCTAG.1,control,B
AAACGCTGTTCCAT.1,control,CD4 T
AAACGGCTAGAGTA.1,control,CD14 Mono
AAACGGCTAGTACC.1,control,CD4 T
AAACGGCTCTTCGC.1,control,DC
AAACGGCTGGTCAT.1,control,T
AAACGGCTTACTCT.1,control,CD16 Mono
AAACGGCTTCTCTA.1,control,CD14 Mono
AAACTTGACCTGAA.1,control,CD14 Mono
AAACTTGACTCTTA.1,control,NK
AAACTTGACTGAGT.1,control,B
AAACTTGACTGGAT.1,control,CD16 Mono
AAACTTGAGACGAG.1,control,NK
AAACTTGAGCCCTT.1,control,CD4 T
AAACTTGAGGAAAT.1,control,CD4 T
AAAGACGAAACAGA.1,control,CD14 Mono
AAAGACGAACACGT.1,control,CD4 T
AAAGACGAAGTCTG.1,control,CD4 T
AAAGACGACCCGTT.1,control,NK
AAAGACGACGCCTT.1,control,CD8 T
AAAGACGACGGAGA.1,control,CD4 T
AAAGACGAGTAAGA.1,control,CD14 Mono
AAAGAGACGAGGTG.1,control,CD14 Mono
AAAGAGACTCAGAC.1,control,CD4 T
AAAGAGACTCTGGA.1,control,CD4 T
AAAGATCTACCCTC.1,control,CD14 Mono
AAAGATCTGACACT.1,control,CD4 T
AAAGATCTTGCAGT.1,control,CD14 Mono
AAAGCAGAGTTTCT.1,control,CD14 Mono
AAAGCAGATGCAAC.1,control,CD16 Mono
AAAGCCTGAAGTAG.1,control,CD14 Mono
AAAGCCTGACGTGT.1,control,CD4 T
AAAGCCTGCTAGCA.1,control,B
AAAGCCTGGCTAAC.1,control,CD8 T
AAAGCCTGGGATTC.1,control,CD16 Mono
AAAGCCTGTACAGC.1,control,CD8 T
AAAGCCTGTGGTAC.1,control,CD4 T
AAAGGCCTAAACGA.1,control,CD16 Mono
AAAGGCCTAGTCTG.1,control,CD14 Mono
AAAGGCCTGAGGAC.1,control,CD16 Mono
AAAGTTTGAACCAC.1,control,B
AAAGTTTGACTCTT.1,control,T
AAAGTTTGCGAGAG.1,control,CD16 Mono
AAAGTTTGCTGAGT.1,control,CD4 T
AAAGTTTGCTTCTA.1,control,B
AAAGTTTGTAGCGT.1,control,CD4 T
AAAGTTTGTGTGGT.1,control,CD14 Mono
AAAGTTTGTTCGTT.1,control,CD14 Mono
AAATACTGGGTTCA.1,control,CD16 Mono
AAATACTGGTTCTT.1,control,CD14 Mono
AAATACTGGTTGAC.1,control,T
AAATCAACCTGTAG.1,control,CD16 Mono
AAATCAACGGTCAT.1,control,CD14 Mono
AAATCAACGTCGTA.1,control,DC
AAATCATGACACCA.1,control,CD4 T
AAATCATGACACGT.1,control,CD4 T
AAATCATGCTCTAT.1,control,CD14 Mono
AAATCATGGAGAGC.1,control,CD14 Mono
AAATCATGGGTTCA.1,control,CD14 Mono
AAATCCCTAAGAAC.1,control,CD14 Mono
AAATCCCTACACAC.1,control,CD4 T
AAATCCCTCTTGAG.1,control,CD14 Mono
AAATCCCTGCTATG.1,control,CD4 T
AAATCCCTGTTGAC.1,control,CD14 Mono
AAATCCCTTAGCGT.1,control,NK
AAATCCCTTTCCAT.1,control,B
AAATCTGACTTTAC.1,control,B
AAATCTGAGCTTCC.1,control,CD14 Mono
AAATGGGACCTTTA.1,control,CD16 Mono
AAATGGGACTCATT.1,control,CD8 T
AAATGGGAGACAGG.1,control,B
AAATGGGAGGGAGT.1,control,CD14 Mono
AAATGGGAGTCCTC.1,control,CD4 T
AAATGGGAGTCTGA.1,control,CD14 Mono
AAATGTTGAGAGTA.1,control,NK
AAATGTTGAGCTCA.1,control,CD14 Mono
AAATGTTGCCAAGT.1,control,CD4 T
AAATGTTGCCTCCA.1,control,CD16 Mono
AAATGTTGTCTTTG.1,control,CD14 Mono
AAATTCGAAGCTCA.1,control,CD14 Mono
AAATTCGATGTGCA.1,control,CD14 Mono
AAATTGACAAACAG.1,control,CD14 Mono
AAATTGACCACTTT.1,control,CD4 T
AAATTGACCTGAGT.1,control,CD14 Mono
AAATTGACCTGATG.1,control,CD14 Mono
AAATTGACTGCCCT.1,control,DC
AAATTGACTTTCTG.1,control,CD4 T
AACAAACTCATGCA.1,control,B
AACAATACCCCAAA.1,control,CD4 T
AACAATACCCCTCA.1,control,CD14 Mono
AACAATACGCAAGG.1,control,CD14 Mono
AACAATACGGATTC.1,control,CD8 T
AACACGTGAAACGA.1,control,CD4 T
AACACGTGCCCTCA.1,control,CD16 Mono
AACACGTGCGCATA.1,control,CD4 T
AACACGTGCTGTGA.1,control,CD8 T
AACACGTGTCTCGC.1,control,T
AACACTCTAAGGGC.1,control,CD4 T
AACACTCTAAGTAG.1,control,CD14 Mono
AACACTCTCAGAGG.1,control,CD4 T
AACACTCTCTTGTT.1,control,CD14 Mono
AACACTCTGAAAGT.1,control,CD14 Mono
AACACTCTGGAGGT.1,control,CD14 Mono
AACAGAGAACGGTT.1,control,CD14 Mono
AACAGAGAAGTACC.1,control,CD4 T
AACAGAGACAGATC.1,control,CD4 T
AACAGAGACGTTGA.1,control,CD4 T
AACAGAGACTTCCG.1,control,B
AACAGAGAGGCGAA.1,control,CD4 T
AACAGAGATGCTTT.1,control,CD14 Mono
AACAGCACAACGTC.1,control,CD14 Mono
AACAGCACAGTCAC.1,control,CD14 Mono
AACAGCACATCGAC.1,control,CD4 T
AACAGCACGAGACG.1,control,CD14 Mono
AACAGCACGTCGAT.1,control,CD14 Mono
AACAGCACTGGGAG.1,control,CD14 Mono
AACCACGAAGTAGA.1,control,CD4 T
AACCACGAAGTGTC.1,control,B
AACCACGACCACCT.1,control,B
AACCACGAGAATCC.1,control,CD14 Mono
AACCACGAGGTGGA.1,control,B
AACCAGTGGACGAG.1,control,CD4 T
AACCAGTGTGAAGA.1,control,CD14 Mono
AACCAGTGTTTCTG.1,control,B
AACCCAGAAGCCAT.1,control,B
AACCCAGACCGATA.1,control,CD14 Mono
AACCCAGAGCTGTA.1,control,CD8 T
AACCCAGAGTAGGG.1,control,CD4 T
AACCCAGATCCTCG.1,control,T
AACCCAGATGAGGG.1,control,DC
AACCGATGCTGATG.1,control,CD4 T
AACCGATGTCCAGA.1,control,T
AACCGCCTCAGGAG.1,control,T
AACCGCCTGCATAC.1,control,CD4 T
AACCGCCTGTGTAC.1,control,CD4 T
AACCGCCTTGCCTC.1,control,B
AACCTACTTCTCCG.1,control,CD4 T
AACCTTACAGGGTG.1,control,CD8 T
AACCTTACCAAGCT.1,control,CD14 Mono
AACCTTACGCTACA.1,control,CD4 T
AACCTTACGGTATC.1,control,CD4 T
AACCTTACGTAAAG.1,control,CD16 Mono
AACCTTACTCCCAC.1,control,CD4 T
AACCTTACTTTGTC.1,control,CD4 T
AACCTTTGAAGGTA.1,control,CD4 T
AACCTTTGCGCATA.1,control,B
AACCTTTGTGCCCT.1,control,CD14 Mono
AACGCAACTTGCAG.1,control,CD4 T
AACGCATGACCTAG.1,control,CD14 Mono
AACGCATGGAACTC.1,control,CD16 Mono
AACGCATGGCCATA.1,control,CD14 Mono
AACGCATGGGGAGT.1,control,CD8 T
AACGCATGTAGAAG.1,control,CD14 Mono
AACGCCCTAATCGC.1,control,CD4 T
AACGCCCTATTGGC.1,control,CD4 T
AACGCCCTTCTTAC.1,control,NK
AACGCCCTTCTTTG.1,control,T
AACGGTACAAGAGT.1,control,CD14 Mono
AACGGTACGGTCTA.1,control,CD14 Mono
AACGGTTGACGTTG.1,control,B
AACGGTTGACTACG.1,control,CD16 Mono
AACGGTTGTAAGCC.1,control,CD14 Mono
AACGGTTGTCCAGA.1,control,CD14 Mono
AACGTCGACATTGG.1,control,DC
AACGTCGACGTTGA.1,control,DC
AACGTGTGAAGGTA.1,control,CD4 T
AACGTGTGCACTCC.1,control,CD14 Mono
AACGTGTGTATTCC.1,control,CD14 Mono
AACGTTCTATGTCG.1,control,CD14 Mono
AACGTTCTCGTTGA.1,control,CD14 Mono
AACGTTCTCTAGTG.1,control,CD14 Mono
AACGTTCTTCCGTC.1,control,T
AACGTTCTTTCATC.1,control,B
AACTACCTACCATG.1,control,CD4 T
AACTACCTCCCTAC.1,control,DC
AACTACCTGTAAAG.1,control,CD16 Mono
AACTACCTGTACAC.1,control,CD8 T
AACTACCTTCGCCT.1,control,CD4 T
AACTACCTTTGGCA.1,control,CD4 T
AACTCACTCTTGTT.1,control,CD16 Mono
AACTCACTGACGTT.1,control,CD14 Mono
AACTCACTTTAGGC.1,control,B
AACTCGGAATTCTC.1,control,CD14 Mono
AACTCGGACTGCAA.1,control,CD16 Mono
AACTCGGAGCATAC.1,control,B
AACTCGGATGCAGT.1,control,CD16 Mono
AACTCTTGCACACA.1,control,CD4 T
AACTCTTGCATTCT.1,control,CD16 Mono
AACTCTTGGTAGGG.1,control,CD14 Mono
AACTCTTGTTCACT.1,control,CD14 Mono
AACTCTTGTTCCCG.1,control,CD4 T
AACTGTCTATCTCT.1,control,CD14 Mono
AACTGTCTCAATCG.1,control,CD14 Mono
AACTGTCTGACGTT.1,control,B
AACTTGCTCGAGAG.1,control,CD4 T
AACTTGCTTGAGCT.1,control,CD4 T
AACTTGCTTGGTTG.1,control,CD16 Mono
AAGAACGAAACGAA.1,control,CD16 Mono
AAGAACGAAGAGTA.1,control,B
AAGAACGACAGGAG.1,control,CD14 Mono
AAGAACGACCTCAC.1,control,T
AAGAACGATACGCA.1,control,CD14 Mono
AAGAACGATCGCAA.1,control,CD4 T
AAGAAGACCCAAGT.1,control,CD14 Mono
AAGAAGACCGTGAT.1,control,CD14 Mono
AAGAAGACCTGTCC.1,control,CD4 T
AAGAAGACGGTGGA.1,control,CD14 Mono
AAGAAGACTGCTGA.1,control,CD4 T
AAGAATCTCTGTGA.1,control,NK
AAGAATCTGTGAGG.1,control,CD14 Mono
AAGACAGAACCAGT.1,control,DC
AAGACAGAACCTGA.1,control,CD14 Mono
AAGACAGAGCCCTT.1,control,CD14 Mono
AAGACAGAGTTAGC.1,control,CD14 Mono
AAGAGATGACGCTA.1,control,CD8 T
AAGAGATGGGTCAT.1,control,CD8 T
AAGAGATGTTGAGC.1,control,CD14 Mono
AAGATGGACCGATA.1,control,CD4 T
AAGATGGATCCAAG.1,control,NK
AAGATTACCAAGCT.1,control,NK
AAGATTACGGAGTG.1,control,B
AAGATTACTCTCCG.1,control,CD14 Mono
AAGCAAGAAGGGTG.1,control,CD4 T
AAGCAAGATAACCG.1,control,CD14 Mono
AAGCAAGATATGCG.1,control,CD4 T
AAGCAAGATCACCC.1,control,CD14 Mono
AAGCAAGATGGTCA.1,control,CD16 Mono
AAGCACTGAGGTCT.1,control,CD14 Mono
AAGCACTGCAAAGA.1,control,CD16 Mono
AAGCACTGCCATGA.1,control,B
AAGCCAACAGAATG.1,control,CD4 T
AAGCCAACGTGTTG.1,control,B
AAGCCAACTTCGGA.1,control,CD14 Mono
AAGCCATGTCCCGT.1,control,B
AAGCCATGTGTGGT.1,control,CD16 Mono
AAGCCTGATCAGTG.1,control,CD4 T
AAGCGACTATGTCG.1,control,CD4 T
AAGCGACTCTGGAT.1,control,CD14 Mono
AAGCGACTGTCAAC.1,control,CD14 Mono
AAGCGACTGTCTGA.1,control,B
AAGCGACTTCTTAC.1,control,CD4 T
AAGCGACTTGCGTA.1,control,CD4 T
AAGCGACTTGCTAG.1,control,CD14 Mono
AAGCGTACGGTGTT.1,control,CD4 T
AAGCGTACTGAAGA.1,control,CD8 T
AAGCGTACTTTGCT.1,control,CD4 T
AAGGCTACCTTGTT.1,control,CD4 T
AAGGCTTGCGTACA.1,control,CD4 T
AAGGCTTGGAGACG.1,control,DC
AAGGCTTGTCAGAC.1,control,CD14 Mono
AAGGCTTGTCAGTG.1,control,CD14 Mono
AAGGCTTGTCCAGA.1,control,CD4 T
AAGGCTTGTTCCAT.1,control,NK
AAGGTCACACCTTT.1,control,B
AAGGTCACCGGGAA.1,control,CD4 T
AAGGTCACTCGATG.1,control,CD4 T
AAGGTCACTGGAAA.1,control,B
AAGGTCTGACGGTT.1,control,CD4 T
AAGGTCTGTGTGGT.1,control,T
AAGGTGCTTAAGCC.1,control,CD14 Mono
AAGGTGCTTCAGAC.1,control,CD4 T
AAGTAACTATCAGC.1,control,CD14 Mono
AAGTAACTGTCAAC.1,control,CD4 T
AAGTAACTTCAGTG.1,control,NK
AAGTAGGACACAAC.1,control,CD14 Mono
AAGTAGGAGACGTT.1,control,CD14 Mono
AAGTAGGAGGAAGC.1,control,CD14 Mono
AAGTAGGAGTCGTA.1,control,B
AAGTAGGATTATCC.1,control,CD14 Mono
AAGTATACCGCCTT.1,control,B
AAGTATACTGGAAA.1,control,CD4 T
AAGTCCGACGTAAC.1,control,CD4 T
AAGTCCGACTCAAG.1,control,CD14 Mono
AAGTCCGACTCTCG.1,control,CD4 T
AAGTCCGACTGGTA.1,control,CD4 T
AAGTCCGATTCGGA.1,control,CD4 T
AAGTCTCTGAAAGT.1,control,CD4 T
AAGTCTCTGGTAAA.1,control,CD16 Mono
AAGTGCACCCTTTA.1,control,CD14 Mono
AAGTGCACCTACGA.1,control,DC
AAGTGCACCTACTT.1,control,CD4 T
AAGTGCACGTGAGG.1,control,CD14 Mono
AAGTGCACTCTAGG.1,control,CD14 Mono
AAGTGCACTCTATC.1,control,CD14 Mono
AAGTGCACTGCTCC.1,control,T
AAGTGGCTACCCTC.1,control,CD4 T
AAGTGGCTACGGGA.1,control,CD4 T
AAGTGGCTACTGTG.1,control,CD14 Mono
AAGTGGCTCCAGTA.1,control,CD14 Mono
AAGTGGCTCCTACC.1,control,CD14 Mono
AAGTGGCTCGGGAA.1,control,CD14 Mono
AAGTGGCTGGTGTT.1,control,B
AAGTGGCTGTAAAG.1,control,CD16 Mono
AAGTGGCTGTCAAC.1,control,T
AAGTTATGAAGATG.1,control,DC
AAGTTATGAGTTCG.1,control,CD4 T
AAGTTATGCAAGCT.1,control,CD14 Mono
AAGTTATGCAGAAA.1,control,CD14 Mono
AAGTTATGCAGATC.1,control,CD14 Mono
AAGTTATGCGGGAA.1,control,CD4 T
AAGTTATGCTAAGC.1,control,CD14 Mono
AAGTTATGGGTGTT.1,control,B
AAGTTATGGTCGAT.1,control,CD14 Mono
AAGTTATGTGCTAG.1,control,CD4 T
AAGTTATGTTACTC.1,control,CD4 T
AAGTTCCTACCAAC.1,control,B
AAGTTCCTAGAAGT.1,control,CD4 T
AAGTTCCTTGCAAC.1,control,CD4 T
AATAACACTGGTTG.1,control,B
AATAAGCTAGTTCG.1,control,DC
AATAAGCTCTATTC.1,control,CD4 T
AATAAGCTGGACGA.1,control,NK
AATAAGCTTGCCCT.1,control,CD4 T
AATAAGCTTGGAAA.1,control,CD4 T
AATACCCTACCTTT.1,control,DC
AATACCCTGACACT.1,control,CD8 T
AATACCCTGTCGAT.1,control,CD4 T
AATACCCTTTAGGC.1,control,CD4 T
AATACTGAAGGAGC.1,control,CD14 Mono
AATACTGAAGTTCG.1,control,CD14 Mono
AATACTGAGGTACT.1,control,CD14 Mono
AATACTGATCGCTC.1,control,CD14 Mono
AATACTGATTGTGG.1,control,CD4 T
AATAGGGAAAGGGC.1,control,CD14 Mono
AATAGGGACAGATC.1,control,CD8 T
AATAGGGACATTTC.1,control,T
AATAGGGAGGGAGT.1,control,CD14 Mono
AATAGGGATTATCC.1,control,DC
AATATCGAGAGGCA.1,control,CD14 Mono
AATCAAACACCTTT.1,control,CD16 Mono
AATCAAACCCTGTC.1,control,CD14 Mono
AATCAAACTCCTTA.1,control,CD14 Mono
AATCCGGAGCTACA.1,control,CD4 T
AATCCGGATTGCTT.1,control,CD14 Mono
AATCCTACACGGGA.1,control,B
AATCCTACGGATTC.1,control,CD14 Mono
AATCCTACTCGTTT.1,control,CD16 Mono
AATCCTACTGCAGT.1,control,CD14 Mono
AATCCTACTGTCCC.1,control,CD4 T
AATCCTTGCGCTAA.1,control,CD14 Mono
AATCCTTGCTCTTA.1,control,CD14 Mono
AATCCTTGGTATGC.1,control,DC
AATCCTTGGTGTTG.1,control,CD14 Mono
AATCGGTGAGGAGC.1,control,CD4 T
AATCGGTGGAGATA.1,control,CD4 T
AATCGGTGGGTACT.1,control,CD14 Mono
AATCGGTGGTAAAG.1,control,CD4 T
AATCGGTGGTCAAC.1,control,CD4 T
AATCGGTGTTGGTG.1,control,NK
AATCTAGAAAAGCA.1,control,B
AATCTAGAGCCTTC.1,control,CD14 Mono
AATCTAGAGGCATT.1,control,CD14 Mono
AATCTAGATAGCCA.1,control,CD14 Mono
AATCTAGATTCTAC.1,control,CD8 T
AATCTCACGACGAG.1,control,NK
AATCTCACTTCGCC.1,control,CD4 T
AATCTCTGAGTCGT.1,control,CD14 Mono
AATCTCTGAGTCTG.1,control,T
AATCTCTGTGGTCA.1,control,B
AATCTCTGTTCGTT.1,control,T
AATGAGGAGGGCAA.1,control,CD8 T
AATGCGTGCACACA.1,control,CD4 T
AATGCGTGGGGACA.1,control,CD4 T
AATGCGTGTCCCAC.1,control,NK
AATGCGTGTGAACC.1,control,CD4 T
AATGGAGACAAAGA.1,control,CD14 Mono
AATGGAGAGTCTAG.1,control,CD14 Mono
AATGGAGATACGAC.1,control,CD4 T
AATGGAGATCTACT.1,control,CD14 Mono
AATGGAGATCTGGA.1,control,B
AATGGCTGAAGGTA.1,control,CD14 Mono
AATGGCTGCACCAA.1,control,CD4 T
AATGGCTGCATCAG.1,control,CD14 Mono
AATGGCTGGTTAGC.1,control,CD14 Mono
AATGGCTGTTCGTT.1,control,NK
AATGTAACACGGTT.1,control,CD16 Mono
AATGTAACCTCCCA.1,control,CD4 T
AATGTAACGGTCAT.1,control,CD14 Mono
AATGTAACTGAGAA.1,control,CD14 Mono
AATGTAACTGCATG.1,control,CD14 Mono
AATGTAACTTTGCT.1,control,CD14 Mono
AATGTCCTAGCATC.1,control,CD4 T
AATGTCCTCACAAC.1,control,CD4 T
AATGTCCTGGAACG.1,control,CD4 T
AATGTCCTTACGCA.1,control,B
AATGTTGAAAACAG.1,control,CD14 Mono
AATGTTGAAACAGA.1,control,T
AATGTTGAACTTTC.1,control,CD8 T
AATGTTGAATTTCC.1,control,CD14 Mono
AATGTTGAGAATAG.1,control,CD16 Mono
AATGTTGAGGTATC.1,control,B
AATGTTGATTGTGG.1,control,CD14 Mono
AATTACGAAAACGA.1,control,CD4 T
AATTACGACTATTC.1,control,CD4 T
AATTACGATTGCTT.1,control,CD14 Mono
AATTCCTGATCAGC.1,control,CD16 Mono
AATTCCTGCAGAAA.1,control,CD14 Mono
AATTCCTGCCACCT.1,control,CD14 Mono
AATTCCTGCTATTC.1,control,CD4 T
AATTCCTGGAACCT.1,control,CD16 Mono
AATTCCTGTTGACG.1,control,CD14 Mono
AATTCCTGTTTACC.1,control,CD14 Mono
AATTGATGCACTAG.1,control,CD14 Mono
AATTGATGCATTGG.1,control,T
AATTGATGCCACCT.1,control,DC
AATTGATGGAACCT.1,control,CD4 T
AATTGTGAAGATGA.1,control,T
AATTGTGACCTAAG.1,control,CD14 Mono
AATTGTGACGCTAA.1,control,CD4 T
AATTGTGACTGTTT.1,control,CD16 Mono
AATTGTGAGTACAC.1,control,CD14 Mono
ACAAAGGAACAGCT.1,control,CD14 Mono
ACAAAGGAAGATCC.1,control,CD14 Mono
ACAAAGGAAGGAGC.1,control,NK
ACAAAGGATCCAGA.1,control,CD8 T
ACAAAGGATTATCC.1,control,CD4 T
ACAAATTGACCTGA.1,control,CD14 Mono
ACAAATTGGTTCGA.1,control,CD14 Mono
ACAAATTGTAGAAG.1,control,CD8 T
ACAACCGAAGCATC.1,control,CD14 Mono
ACAACCGACGAGAG.1,control,CD14 Mono
ACAACCGACTGGTA.1,control,T
ACAACCGATCCAGA.1,control,CD16 Mono
ACAACCGATCTTCA.1,control,B
ACAACCGATGCATG.1,control,CD14 Mono
ACAACCGATTCCAT.1,control,CD8 T
ACAACCGATTTACC.1,control,CD8 T
ACAAGAGAAAAACG.1,control,CD4 T
ACAAGAGAAAACGA.1,control,CD14 Mono
ACAAGAGACAATCG.1,control,CD4 T
ACAAGAGACAGTTG.1,control,CD14 Mono
ACAAGAGACGAGTT.1,control,B
ACAAGAGACTTGAG.1,control,CD14 Mono
ACAAGAGAGGTGAG.1,control,DC
ACAAGAGATATCTC.1,control,DC
ACAAGCACAATCGC.1,control,CD14 Mono
ACAAGCACCTTACT.1,control,CD14 Mono
ACAAGCACTACGAC.1,control,CD4 T
ACAAGCACTTCACT.1,control,CD4 T
ACAATAACACACTG.1,control,CD16 Mono
ACAATAACCGTACA.1,control,CD4 T
ACAATAACTGCCAA.1,control,CD16 Mono
ACAATCCTAGTCGT.1,control,CD14 Mono
ACAATCCTATCTCT.1,control,CD4 T
ACAATCCTCGTACA.1,control,DC
ACAATCCTTCGACA.1,control,CD4 T
ACAATCCTTCTTCA.1,control,CD16 Mono
ACAATCCTTGGAGG.1,control,CD14 Mono
ACAATTGAAGCTCA.1,control,CD14 Mono
ACAATTGACTAGAC.1,control,CD4 T
ACAATTGATTCATC.1,control,CD14 Mono
ACACAGACTTTCAC.1,control,CD4 T
ACACATCTACCAGT.1,control,CD14 Mono
ACACATCTCGCCTT.1,control,CD14 Mono
ACACATCTCTAGAC.1,control,CD4 T
ACACATCTCTGTGA.1,control,CD4 T
ACACATCTGTATCG.1,control,CD4 T
ACACATCTTCACCC.1,control,NK
ACACCAGACATGAC.1,control,CD16 Mono
ACACCAGACTAGTG.1,control,T
ACACCAGAGTCATG.1,control,CD14 Mono
ACACCCTGATGGTC.1,control,DC
ACACCCTGTCCTAT.1,control,CD4 T
ACACGAACACTAGC.1,control,CD4 T
ACACGAACGCTGTA.1,control,B
ACACGAACTGTCCC.1,control,DC
ACACGATGAGCGTT.1,control,CD4 T
ACACGATGCATGGT.1,control,B
ACACGATGGGCATT.1,control,CD14 Mono
ACACGATGTCCCAC.1,control,CD14 Mono
ACACGATGTTCTAC.1,control,CD4 T
ACACGTGAAGACTC.1,control,CD16 Mono
ACACGTGAAGATGA.1,control,CD4 T
ACACGTGATTCATC.1,control,CD14 Mono
ACAGACACAAGTAG.1,control,CD4 T
ACAGACACACCTAG.1,control,T
ACAGACACCTAAGC.1,control,T
ACAGCAACTCTTTG.1,control,CD16 Mono
ACAGCAACTTCGGA.1,control,CD14 Mono
ACAGCAACTTGTGG.1,control,DC
ACAGGTACAGAATG.1,control,CD14 Mono
ACAGGTACCCTACC.1,control,CD14 Mono
ACAGGTACGAATCC.1,control,CD14 Mono
ACAGGTACGATGAA.1,control,T
ACAGGTACGTAGCT.1,control,CD4 T
ACAGGTACGTTGCA.1,control,CD4 T
ACAGGTACTTTGCT.1,control,CD4 T
ACAGTCGACATGAC.1,control,CD14 Mono
ACAGTCGACCCTAC.1,control,CD14 Mono
ACAGTCGACTACGA.1,control,DC
ACAGTGACCCCTAC.1,control,CD4 T
ACAGTGACCGTTAG.1,control,CD14 Mono
ACAGTGACCTGCAA.1,control,B
ACAGTGACGTGCTA.1,control,CD4 T
ACAGTGTGCCAAGT.1,control,CD16 Mono
ACAGTGTGCCGCTT.1,control,B
ACAGTGTGCTGTAG.1,control,CD14 Mono
ACAGTGTGGCGAAG.1,control,CD4 T
ACAGTGTGTCTTAC.1,control,CD14 Mono
ACAGTGTGTGAACC.1,control,CD14 Mono
ACAGTGTGTTTGTC.1,control,NK
ACAGTTCTGGTGAG.1,control,CD14 Mono
ACAGTTCTTACGAC.1,control,CD16 Mono
ACATACCTAAACGA.1,control,B
ACATACCTCTAGCA.1,control,CD16 Mono
ACATACCTCTCCCA.1,control,T
ACATACCTGTAAGA.1,control,CD4 T
ACATACCTGTGCTA.1,control,CD14 Mono
ACATACCTTCCAGA.1,control,DC
ACATCACTAAAACG.1,control,CD8 T
ACATCACTCAACCA.1,control,CD4 T
ACATCACTTCTTTG.1,control,CD4 T
ACATCACTTGGAGG.1,control,T
ACATGGTGCGATAC.1,control,CD14 Mono
ACATGGTGGAATAG.1,control,CD14 Mono
ACATGGTGGATGAA.1,control,NK
ACATGGTGGTTCTT.1,control,CD14 Mono
ACATGGTGTTCGGA.1,control,CD4 T
ACATTCTGATAAGG.1,control,CD14 Mono
ACATTCTGATGGTC.1,control,T
ACATTCTGCCCGTT.1,control,B
ACATTCTGTATGGC.1,control,CD14 Mono
ACATTCTGTCGCCT.1,control,CD4 T
ACCAACGAATAAGG.1,control,CD14 Mono
ACCAACGACATGGT.1,control,CD14 Mono
ACCAACGAGCTTAG.1,control,NK
ACCAACGATACGAC.1,control,CD16 Mono
ACCACAGACGAGTT.1,control,DC
ACCACAGACGCCTT.1,control,B
ACCACAGAGTGTTG.1,control,CD4 T
ACCACAGATGACAC.1,control,CD4 T
ACCACAGATGACTG.1,control,CD14 Mono
ACCACAGATTCTGT.1,control,CD14 Mono
ACCACCTGGTACGT.1,control,CD4 T
ACCACCTGGTGTTG.1,control,CD4 T
ACCACCTGGTTGAC.1,control,CD16 Mono
ACCACGCTACCTTT.1,control,T
ACCACGCTATCTTC.1,control,CD4 T
ACCACGCTCTATTC.1,control,CD14 Mono
ACCACGCTGACTAC.1,control,CD14 Mono
ACCACGCTTTTGTC.1,control,CD14 Mono
ACCAGCCTGCAGTT.1,control,CD16 Mono
ACCAGCCTGGGTGA.1,control,CD4 T
ACCAGCCTGGTTTG.1,control,CD14 Mono
ACCAGTGAAACGGG.1,control,CD14 Mono
ACCAGTGAACCTTT.1,control,B
ACCAGTGAACTGGT.1,control,CD4 T
ACCAGTGACCGATA.1,control,CD8 T
ACCAGTGACTCAGA.1,control,CD4 T
ACCATTACTCGCCT.1,control,CD8 T
ACCATTACTCTTTG.1,control,CD14 Mono
ACCATTACTTGCTT.1,control,CD4 T
ACCATTTGCCACCT.1,control,NK
ACCCAAGAACTGTG.1,control,CD14 Mono
ACCCAAGACCTTAT.1,control,CD4 T
ACCCAAGACGTCTC.1,control,CD14 Mono
ACCCAAGACTCATT.1,control,B
ACCCACTGAACGGG.1,control,CD14 Mono
ACCCACTGCGGTAT.1,control,CD14 Mono
ACCCACTGCTGTAG.1,control,CD4 T
ACCCAGCTCCCTTG.1,control,B
ACCCAGCTTATCGG.1,control,CD14 Mono
ACCCAGCTTGGATC.1,control,CD14 Mono
ACCCAGCTTTGCAG.1,control,CD14 Mono
ACCCGTACAACCTG.1,control,NK
ACCCGTACAGCGTT.1,control,CD14 Mono
ACCCGTACCGAGAG.1,control,CD16 Mono
ACCCGTACCGCAAT.1,control,DC
ACCCGTACGGAACG.1,control,CD4 T
ACCCGTACGGACAG.1,control,CD4 T
ACCCGTACTGTGCA.1,control,CD14 Mono
ACCCGTTGACCAAC.1,control,CD4 T
ACCCGTTGCTACTT.1,control,CD8 T
ACCCGTTGGAGGTG.1,control,CD14 Mono
ACCCGTTGGCATCA.1,control,CD16 Mono
ACCCGTTGGCTATG.1,control,CD4 T
ACCCGTTGGCTGAT.1,control,CD14 Mono
ACCCGTTGTGTGGT.1,control,CD8 T
ACCCTCGAACTCTT.1,control,CD4 T
ACCCTCGACGCAAT.1,control,CD16 Mono
ACCGAAACAGCGTT.1,control,CD14 Mono
ACCGAAACCTGTCC.1,control,CD14 Mono
ACCGAAACGTCCTC.1,control,CD14 Mono
ACCGAAACGTGTAC.1,control,CD14 Mono
ACCGCGGAACACGT.1,control,CD14 Mono
ACCGCGGACAATCG.1,control,CD8 T
ACCGCGGACACTTT.1,control,CD14 Mono
ACCGCGGAGAGCAG.1,control,B
ACCGTGCTTAACCG.1,control,CD14 Mono
ACCTATTGAGCACT.1,control,CD14 Mono
ACCTATTGTGAACC.1,control,CD4 T
ACCTATTGTGGAAA.1,control,B
ACCTCCGAATCTTC.1,control,CD14 Mono
ACCTCCGACACCAA.1,control,CD14 Mono
ACCTCCGAGAAAGT.1,control,CD4 T
ACCTCCGAGGTGAG.1,control,CD14 Mono
ACCTCGTGCTTGTT.1,control,CD16 Mono
ACCTGAGACCGCTT.1,control,CD16 Mono
ACCTGAGAGTTGGT.1,control,CD4 T
ACCTGAGATCGCAA.1,control,CD4 T
ACCTGAGATGCTAG.1,control,CD16 Mono
ACCTGGCTACGTGT.1,control,CD14 Mono
ACCTGGCTATCGTG.1,control,CD14 Mono
ACCTGGCTTCTTCA.1,control,CD14 Mono
ACCTTTGAAATGCC.1,control,CD14 Mono
ACCTTTGAAGATCC.1,control,NK
ACCTTTGAAGCACT.1,control,CD4 T
ACCTTTGAAGTCTG.1,control,B
ACCTTTGATCCCGT.1,control,CD14 Mono
ACGAACACGAGCAG.1,control,DC
ACGAACACGTCTAG.1,control,CD14 Mono
ACGAACTGACCTCC.1,control,CD14 Mono
ACGAACTGGCGGAA.1,control,NK
ACGAACTGGTACCA.1,control,CD8 T
ACGAACTGGTCGTA.1,control,B
ACGAACTGTTTGCT.1,control,CD14 Mono
ACGAAGCTAGAGGC.1,control,CD4 T
ACGAAGCTATACCG.1,control,T
ACGAAGCTGACGAG.1,control,CD4 T
ACGAAGCTTCGTGA.1,control,CD4 T
ACGAAGCTTGACCA.1,control,CD14 Mono
ACGAAGCTTTCGTT.1,control,CD14 Mono
ACGACAACGGAAGC.1,control,CD4 T
ACGACAACGTTACG.1,control,CD16 Mono
ACGACAACTTGTGG.1,control,CD14 Mono
ACGACCCTCAACTG.1,control,CD14 Mono
ACGACCCTGGTGGA.1,control,CD14 Mono
ACGACCCTGTATGC.1,control,DC
ACGACCCTTATGCG.1,control,DC
ACGAGGGAACCTTT.1,control,CD14 Mono
ACGAGGGACCTTAT.1,control,T
ACGAGGGAGTCACA.1,control,CD14 Mono
ACGAGTACCTCCCA.1,control,CD4 T
ACGAGTACGTCCTC.1,control,CD16 Mono
ACGATCGAACGCAT.1,control,CD14 Mono
ACGATCGAAGATGA.1,control,CD16 Mono
ACGATCGAATGGTC.1,control,B
ACGATCGACCGAAT.1,control,CD16 Mono
ACGATCGACGAGAG.1,control,CD14 Mono
ACGATCGATGAGGG.1,control,CD14 Mono
ACGATCGATTGCGA.1,control,T
ACGATGACAATGCC.1,control,CD14 Mono
ACGATGACCACACA.1,control,CD4 T
ACGATGACGAACTC.1,control,CD4 T
ACGATGACGGATCT.1,control,CD14 Mono
ACGATTCTCCCACT.1,control,CD16 Mono
ACGATTCTGACACT.1,control,B
ACGATTCTGCGATT.1,control,B
ACGATTCTGTCACA.1,control,CD14 Mono
ACGATTCTTGGAAA.1,control,CD14 Mono
ACGCAATGAAGGGC.1,control,B
ACGCAATGAGGGTG.1,control,CD14 Mono
ACGCAATGCACAAC.1,control,CD16 Mono
ACGCAATGCCGATA.1,control,B
ACGCAATGGTCTAG.1,control,CD14 Mono
ACGCAATGGTTCTT.1,control,CD16 Mono
ACGCAATGTATGGC.1,control,T
ACGCACCTCCATAG.1,control,CD14 Mono
ACGCACCTGCTATG.1,control,CD14 Mono
ACGCACCTTTCCGC.1,control,T
ACGCCACTACAGTC.1,control,CD4 T
ACGCCACTGACAGG.1,control,CD4 T
ACGCCACTTCTTTG.1,control,B
ACGCCACTTTCGGA.1,control,CD14 Mono
ACGCCGGAACTCAG.1,control,CD16 Mono
ACGCCGGACATGGT.1,control,CD14 Mono
ACGCCGGACGCAAT.1,control,CD16 Mono
ACGCCGGATTGCGA.1,control,CD14 Mono
ACGCCTTGACCTGA.1,control,CD4 T
ACGCCTTGCGCTAA.1,control,CD4 T
ACGCCTTGTGTCGA.1,control,CD4 T
ACGCCTTGTTCTGT.1,control,CD4 T
ACGCGGTGGACGTT.1,control,CD16 Mono
ACGCGGTGGGAAAT.1,control,CD14 Mono
ACGCGGTGTCTCCG.1,control,NK
ACGCGGTGTGGCAT.1,control,CD4 T
ACGCTCACAGGTCT.1,control,CD14 Mono
ACGCTCACCTAGCA.1,control,B
ACGCTCACCTCCAC.1,control,CD14 Mono
ACGCTCACGTATGC.1,control,CD4 T
ACGCTCACTAGAGA.1,control,DC
ACGCTCACTCTTTG.1,control,CD14 Mono
ACGCTGCTACTGGT.1,control,DC
ACGCTGCTAGTTCG.1,control,CD16 Mono
ACGCTGCTATCGTG.1,control,CD16 Mono
ACGCTGCTCGTACA.1,control,CD14 Mono
ACGCTGCTGCGTAT.1,control,DC
ACGCTGCTGCTGTA.1,control,CD14 Mono
ACGCTGCTGGAAAT.1,control,CD14 Mono
ACGGAACTCGCAAT.1,control,CD4 T
ACGGAACTGTGAGG.1,control,CD4 T
ACGGAACTTCCCAC.1,control,CD14 Mono
ACGGAGGACGTAAC.1,control,CD16 Mono
ACGGAGGATCTTTG.1,control,CD14 Mono
ACGGATTGCTCCAC.1,control,CD16 Mono
ACGGATTGGGGCAA.1,control,CD4 T
ACGGATTGGTTGTG.1,control,NK
ACGGCGTGCAGCTA.1,control,CD16 Mono
ACGGCGTGCTTTAC.1,control,T
ACGGCGTGGACGTT.1,control,CD16 Mono
ACGGCGTGGCGGAA.1,control,B
ACGGCGTGGTCCTC.1,control,CD4 T
ACGGCGTGGTTCAG.1,control,CD14 Mono
ACGGCGTGTACTTC.1,control,CD4 T
ACGGCGTGTGCTCC.1,control,NK
ACGGCTCTAGACTC.1,control,CD14 Mono
ACGGCTCTATCGGT.1,control,CD14 Mono
ACGGCTCTCATACG.1,control,CD14 Mono
ACGGCTCTCTGTTT.1,control,CD14 Mono
ACGGCTCTGTATGC.1,control,CD14 Mono
ACGGCTCTTTCTGT.1,control,NK
ACGGGAGAAAGGCG.1,control,CD4 T
ACGGGAGAAGCCAT.1,control,T
ACGGGAGAATCTCT.1,control,NK
ACGGGAGACCAACA.1,control,CD8 T
ACGGGAGACCAGTA.1,control,CD14 Mono
ACGGGAGACTCAAG.1,control,B
ACGGGAGAGGAAGC.1,control,B
ACGGGAGAGGACAG.1,control,CD14 Mono
ACGGGAGATACTCT.1,control,NK
ACGGGAGATGTAGC.1,control,CD4 T
ACGGTATGACCATG.1,control,CD14 Mono
ACGGTATGCCGCTT.1,control,CD14 Mono
ACGGTATGCTCAGA.1,control,CD4 T
ACGGTATGTTTCTG.1,control,B
ACGGTCCTACCCAA.1,control,CD14 Mono
ACGGTCCTGAGATA.1,control,CD14 Mono
ACGTAGACCGTTAG.1,control,NK
ACGTCAGAAGGGTG.1,control,CD16 Mono
ACGTCAGACATTTC.1,control,CD14 Mono
ACGTCAGACTACTT.1,control,CD4 T
ACGTCAGAGCTACA.1,control,CD4 T
ACGTCCTGCCTTCG.1,control,CD14 Mono
ACGTCCTGCTGAAC.1,control,CD14 Mono
ACGTCCTGGGGTGA.1,control,CD4 T
ACGTCCTGGGTGAG.1,control,NK
ACGTCCTGTCGCCT.1,control,CD4 T
ACGTCCTGTGCCTC.1,control,B
ACGTCCTGTTCTGT.1,control,CD16 Mono
ACGTCGCTAGATGA.1,control,CD4 T
ACGTCGCTATGCTG.1,control,CD4 T
ACGTCGCTCAGGAG.1,control,CD4 T
ACGTCGCTGCATCA.1,control,CD14 Mono
ACGTCGCTGTTGAC.1,control,CD14 Mono
ACGTGATGAACCGT.1,control,DC
ACGTGATGAGATGA.1,control,CD14 Mono
ACGTGATGCCTGAA.1,control,CD4 T
ACGTGATGCTGAGT.1,control,CD16 Mono
ACGTGATGGCATCA.1,control,B
ACGTGATGGCTACA.1,control,CD14 Mono
ACGTGATGGTCGTA.1,control,T
ACGTGCCTCCATAG.1,control,T
ACGTGCCTGACGGA.1,control,CD14 Mono
ACGTGCCTTGTCCC.1,control,CD8 T
ACGTTACTCACTGA.1,control,CD8 T
ACGTTACTCTGTTT.1,control,CD14 Mono
ACGTTACTGCATCA.1,control,NK
ACGTTACTGCGATT.1,control,CD8 T
ACGTTACTGCTTAG.1,control,CD14 Mono
ACGTTACTGGAGTG.1,control,CD4 T
ACGTTGGAACCTCC.1,control,CD14 Mono
ACGTTGGACGAACT.1,control,CD4 T
ACGTTGGACTCAGA.1,control,CD4 T
ACGTTTACACTAGC.1,control,CD4 T
ACGTTTACAGCTCA.1,control,T
ACTAAAACACCTAG.1,control,NK
ACTAAAACCGTAGT.1,control,CD4 T
ACTAAAACCTCTTA.1,control,B
ACTACGGAACCTGA.1,control,CD14 Mono
ACTACGGACCCTAC.1,control,CD4 T
ACTACGGACTCATT.1,control,CD14 Mono
ACTACGGACTTGGA.1,control,CD4 T
ACTACGGAGAATGA.1,control,CD14 Mono
ACTACGGAGTTGTG.1,control,CD14 Mono
ACTACTACACTTTC.1,control,CD14 Mono
ACTAGGTGAGTACC.1,control,CD4 T
ACTAGGTGCAGAAA.1,control,CD16 Mono
ACTAGGTGCCGTTC.1,control,CD14 Mono
ACTAGGTGCCTAAG.1,control,CD4 T
ACTATCACGGTATC.1,control,CD4 T
ACTATCACTTCACT.1,control,NK
ACTCAGGAAGTCTG.1,control,CD4 T
ACTCAGGACATGCA.1,control,CD4 T
ACTCAGGACCAACA.1,control,CD4 T
ACTCAGGACTGTAG.1,control,CD4 T
ACTCAGGACTGTGA.1,control,CD4 T
ACTCAGGAGGCGAA.1,control,CD14 Mono
ACTCAGGATATGCG.1,control,CD8 T
ACTCAGGATATGGC.1,control,CD16 Mono
ACTCCTCTTAGAAG.1,control,CD4 T
ACTCGAGAAGTAGA.1,control,NK
ACTCGAGAATCGAC.1,control,CD8 T
ACTCGAGACTCATT.1,control,B
ACTCGAGAGAGAGC.1,control,CD4 T
ACTCGAGATGCTGA.1,control,CD4 T
ACTCGCACATCAGC.1,control,CD4 T
ACTCGCACATGTCG.1,control,CD4 T
ACTCGCACGACGTT.1,control,T
ACTCGCACTCTTTG.1,control,T
ACTCTATGACCCAA.1,control,B
ACTCTATGACTCTT.1,control,T
ACTCTATGAGATCC.1,control,CD4 T
ACTCTATGAGTACC.1,control,CD14 Mono
ACTCTATGCTAGCA.1,control,B
ACTCTATGCTTATC.1,control,B
ACTCTATGGTACGT.1,control,CD14 Mono
ACTCTATGTGCACA.1,control,CD14 Mono
ACTCTCCTCGAGTT.1,control,B
ACTCTCCTCTTACT.1,control,CD8 T
ACTCTCCTGCGAGA.1,control,CD14 Mono
ACTGAGACCGGGAA.1,control,CD16 Mono
ACTGAGACGGACTT.1,control,CD4 T
ACTGAGACTTCTTG.1,control,CD4 T
ACTGCCACCCTGAA.1,control,B
ACTGCCACCGGGAA.1,control,CD16 Mono
ACTGCCACTGTGCA.1,control,CD14 Mono
ACTGCCTGAGCTCA.1,control,CD4 T
ACTGCCTGCTCAAG.1,control,CD14 Mono
ACTGCCTGGAATAG.1,control,CD4 T
ACTGCCTGGGTTCA.1,control,CD8 T
ACTGCCTGTGAGCT.1,control,CD8 T
ACTGCCTGTTCTCA.1,control,DC
ACTGCCTGTTCTTG.1,control,CD14 Mono
ACTGGCCTATGTCG.1,control,CD14 Mono
ACTGGCCTCTAAGC.1,control,CD14 Mono
ACTGGCCTGCAGAG.1,control,DC
ACTGGCCTGCCAAT.1,control,CD14 Mono
ACTGGCCTGCTGTA.1,control,CD14 Mono
ACTGGCCTTAAGGA.1,control,CD14 Mono
ACTGGCCTTGGTTG.1,control,CD16 Mono
ACTGTGGAAACCAC.1,control,CD14 Mono
ACTGTGGAGAATCC.1,control,CD4 T
ACTGTGGAGGACGA.1,control,CD4 T
ACTGTGGAGTTCAG.1,control,B
ACTGTTACCAACCA.1,control,CD4 T
ACTGTTACGACAGG.1,control,CD14 Mono
ACTTAAGAACCATG.1,control,CD14 Mono
ACTTAAGAAGCTAC.1,control,CD14 Mono
ACTTAAGACTCTCG.1,control,CD4 T
ACTTAAGAGGTGAG.1,control,CD14 Mono
ACTTAAGATATGGC.1,control,B
ACTTAGCTATCTTC.1,control,CD14 Mono
ACTTAGCTCGATAC.1,control,CD4 T
ACTTAGCTCGGGAA.1,control,CD4 T
ACTTAGCTCTCCCA.1,control,CD8 T
ACTTAGCTTTCGCC.1,control,DC
ACTTCAACACGCAT.1,control,CD14 Mono
ACTTCAACAGGAGC.1,control,CD16 Mono
ACTTCAACCGACTA.1,control,CD4 T
ACTTCAACGTGCTA.1,control,DC
ACTTCAACTTTCGT.1,control,CD4 T
ACTTCCCTAGTCTG.1,control,CD14 Mono
ACTTCCCTGCTATG.1,control,NK
ACTTCTGATCAGGT.1,control,CD14 Mono
ACTTCTGATGGTCA.1,control,CD4 T
ACTTCTGATGTCAG.1,control,CD14 Mono
ACTTCTGATTCCGC.1,control,CD14 Mono
ACTTGACTCCAACA.1,control,B
ACTTGACTGGACTT.1,control,CD8 T
ACTTGACTTCACCC.1,control,CD14 Mono
ACTTGGGACTACCC.1,control,CD16 Mono
ACTTGGGAGCCAAT.1,control,CD14 Mono
ACTTGGGAGCTGAT.1,control,CD4 T
ACTTGGGATCAGTG.1,control,CD14 Mono
ACTTGTACACGTAC.1,control,CD4 T
ACTTGTACAGTCGT.1,control,CD4 T
ACTTGTACCCATGA.1,control,CD4 T
ACTTTGTGGTCAAC.1,control,B
ACTTTGTGGTCCTC.1,control,CD4 T
ACTTTGTGGTCGTA.1,control,CD14 Mono
ACTTTGTGTCCCAC.1,control,CD4 T
ACTTTGTGTGTTTC.1,control,CD16 Mono
AGAAACGAACAGCT.1,control,CD14 Mono
AGAAACGAACTCTT.1,control,CD4 T
AGAAACGACTGATG.1,control,CD8 T
AGAAACGAGCGATT.1,control,CD14 Mono
AGAAAGTGCATCAG.1,control,CD16 Mono
AGAAAGTGCCGATA.1,control,CD14 Mono
AGAAAGTGCTGCAA.1,control,CD4 T
AGAAAGTGGACAAA.1,control,NK
AGAAAGTGTGCATG.1,control,CD4 T
AGAACAGAAACGTC.1,control,CD14 Mono
AGAACAGACCTCCA.1,control,CD4 T
AGAACAGAGAGACG.1,control,NK
AGAACAGAGCTGTA.1,control,CD14 Mono
AGAACAGATATGGC.1,control,B
AGAACGCTAGGAGC.1,control,CD4 T
AGAACGCTCACTTT.1,control,CD8 T
AGAACGCTCAGATC.1,control,CD14 Mono
AGAACGCTGAATAG.1,control,CD4 T
AGAACGCTGAGATA.1,control,T
AGAACGCTTCCCGT.1,control,CD16 Mono
AGAAGATGAAGAGT.1,control,CD14 Mono
AGAAGATGACACAC.1,control,CD14 Mono
AGAAGATGCATTGG.1,control,CD16 Mono
AGAAGATGCCCTAC.1,control,CD14 Mono
AGAAGATGCCTCAC.1,control,CD4 T
AGAAGATGCTGCAA.1,control,CD14 Mono
AGAAGATGGCAGTT.1,control,CD4 T
AGAAGATGTGATGC.1,control,CD16 Mono
AGAAGATGTGCCTC.1,control,DC
AGAATACTCAACTG.1,control,CD4 T
AGAATACTCATCAG.1,control,T
AGAATACTGGTACT.1,control,B
AGAATACTTCAGAC.1,control,CD8 T
AGAATACTTTCGTT.1,control,CD14 Mono
AGAATGGAAAACAG.1,control,CD14 Mono
AGAATGGAACTCAG.1,control,CD4 T
AGAATGGAAGTCAC.1,control,CD8 T
AGAATGGAATCTCT.1,control,CD14 Mono
AGAATTTGAACCGT.1,control,DC
AGAATTTGATACCG.1,control,CD14 Mono
AGAATTTGATTGGC.1,control,CD4 T
AGAATTTGCAACTG.1,control,CD14 Mono
AGAATTTGCGACAT.1,control,CD14 Mono
AGAATTTGCGCATA.1,control,CD14 Mono
AGAATTTGCTCAGA.1,control,CD4 T
AGAATTTGCTTGAG.1,control,CD16 Mono
AGAATTTGGAGAGC.1,control,CD4 T
AGACACACACGCAT.1,control,NK
AGACACACAGCCTA.1,control,CD4 T
AGACACACCGTGAT.1,control,CD14 Mono
AGACACACCGTTGA.1,control,CD16 Mono
AGACACACGAATAG.1,control,CD14 Mono
AGACACACGTCAAC.1,control,CD14 Mono
AGACACACTGTCGA.1,control,CD4 T
AGACACTGAGCACT.1,control,CD14 Mono
AGACACTGCACACA.1,control,CD4 T
AGACACTGCTGGTA.1,control,DC
AGACACTGTCCGAA.1,control,B
AGACCTGACATGAC.1,control,CD4 T
AGACCTGACTACTT.1,control,CD14 Mono
AGACCTGATACTTC.1,control,CD14 Mono
AGACGTACACCGAT.1,control,CD14 Mono
AGACGTACATCTTC.1,control,NK
AGACGTACCAATCG.1,control,CD4 T
AGACTCGAAGTTCG.1,control,NK
AGACTCGAGCAGTT.1,control,CD4 T
AGACTCGATTTACC.1,control,CD14 Mono
AGACTGACGATGAA.1,control,CD14 Mono
AGACTGACGGCATT.1,control,CD14 Mono
AGACTGACGTGCTA.1,control,CD4 T
AGACTTCTACGACT.1,control,CD8 T
AGACTTCTATCAGC.1,control,CD4 T
AGACTTCTCAGTTG.1,control,CD16 Mono
AGACTTCTCTGGAT.1,control,CD14 Mono
AGACTTCTGGAACG.1,control,B
AGACTTCTGGATCT.1,control,DC
AGACTTCTGTGAGG.1,control,CD4 T
AGACTTCTTTGGCA.1,control,CD14 Mono
AGACTTCTTTGGTG.1,control,NK
AGAGAAACACCAGT.1,control,B
AGAGAAACCCTTTA.1,control,CD14 Mono
AGAGAAACCTGGTA.1,control,NK
AGAGAAACTAGAGA.1,control,NK
AGAGAATGAACTGC.1,control,CD4 T
AGAGAATGGCATAC.1,control,CD8 T
AGAGAATGTGGAAA.1,control,T
AGAGAATGTTCTCA.1,control,CD4 T
AGAGAATGTTTGGG.1,control,CD16 Mono
AGAGATGACTACTT.1,control,CD14 Mono
AGAGATGACTTGAG.1,control,T
AGAGATGAGCGTAT.1,control,CD14 Mono
AGAGATGAGCTTAG.1,control,CD14 Mono
AGAGATGAGTATGC.1,control,NK
AGAGATGAGTTTGG.1,control,B
AGAGATGATCCCAC.1,control,CD8 T
AGAGATGATGGATC.1,control,CD14 Mono
AGAGCGGACGTACA.1,control,CD14 Mono
AGAGCGGAGTAGCT.1,control,CD4 T
AGAGCGGAGTGCAT.1,control,CD14 Mono
AGAGCGGATGTGCA.1,control,CD8 T
AGAGCTACATCACG.1,control,CD14 Mono
AGAGCTACCCCTAC.1,control,NK
AGAGCTACCCTTCG.1,control,CD14 Mono
AGAGCTACGCTCCT.1,control,CD8 T
AGAGCTACTAGAGA.1,control,B
AGAGGTCTAAACGA.1,control,CD14 Mono
AGAGGTCTAGATCC.1,control,CD4 T
AGAGGTCTTCCAGA.1,control,B
AGAGTCACAGAGGC.1,control,B
AGAGTCACCCGATA.1,control,CD14 Mono
AGAGTCACGTAGCT.1,control,CD14 Mono
AGAGTCACTGGTCA.1,control,DC
AGAGTCTGACACGT.1,control,CD14 Mono
AGAGTCTGCCTCCA.1,control,CD4 T
AGAGTCTGGTGTAC.1,control,CD4 T
AGAGTCTGTGCTGA.1,control,CD14 Mono
AGAGTGCTCTCCAC.1,control,CD14 Mono
AGAGTGCTGACAGG.1,control,CD4 T
AGAGTGCTGCTTCC.1,control,CD4 T
AGAGTGCTTAGCGT.1,control,CD16 Mono
AGATATACACGACT.1,control,CD4 T
AGATATACAGCGTT.1,control,CD4 T
AGATATACCCGATA.1,control,CD8 T
AGATATACGTTACG.1,control,CD8 T
AGATATACTCACCC.1,control,CD4 T
AGATATACTCTGGA.1,control,CD4 T
AGATATACTTAGGC.1,control,CD4 T
AGATATTGACGTGT.1,control,CD4 T
AGATATTGCACTTT.1,control,CD16 Mono
AGATATTGCTCCAC.1,control,NK
AGATATTGGGACTT.1,control,CD14 Mono
AGATATTGTAAAGG.1,control,CD4 T
AGATATTGTAGTCG.1,control,CD14 Mono
AGATATTGTGTTTC.1,control,CD14 Mono
AGATCGTGACCCTC.1,control,CD8 T
AGATCGTGACCTTT.1,control,CD14 Mono
AGATCGTGGGGTGA.1,control,B
AGATCGTGGTGAGG.1,control,NK
AGATCTCTAGTCGT.1,control,CD8 T
AGATCTCTATTCTC.1,control,CD4 T
AGATCTCTCCTACC.1,control,CD4 T
AGATCTCTCGTGTA.1,control,CD14 Mono
AGATCTCTGGAAAT.1,control,CD16 Mono
AGATCTCTTAGAGA.1,control,CD14 Mono
AGATCTCTTGTCGA.1,control,CD14 Mono
AGATCTCTTTCCGC.1,control,CD4 T
AGATTAACGCTTAG.1,control,CD4 T
AGATTAACGGTGTT.1,control,B
AGATTAACGTATCG.1,control,CD14 Mono
AGATTAACTGAAGA.1,control,B
AGATTCCTAGCGTT.1,control,CD14 Mono
AGATTCCTCTACTT.1,control,CD14 Mono
AGATTCCTCTGCAA.1,control,CD4 T
AGATTCCTGACTAC.1,control,CD4 T
AGATTCCTTAGTCG.1,control,CD16 Mono
AGATTCCTTCCAGA.1,control,CD14 Mono
AGCAAAGAAAAGCA.1,control,CD16 Mono
AGCAAAGAATGTGC.1,control,CD14 Mono
AGCAAAGATGGATC.1,control,CD4 T
AGCAACACAGCATC.1,control,CD14 Mono
AGCAACACAGCCTA.1,control,B
AGCAACACGACAAA.1,control,CD4 T
AGCAACACGCTCCT.1,control,CD14 Mono
AGCAAGCTAACGGG.1,control,NK
AGCAAGCTCAAGCT.1,control,CD4 T
AGCAAGCTCTGGAT.1,control,CD14 Mono
AGCAAGCTTGCTTT.1,control,CD14 Mono
AGCACAACACCTCC.1,control,CD4 T
AGCACAACCTTGTT.1,control,CD14 Mono
AGCACAACGACGAG.1,control,CD14 Mono
AGCACAACGATAGA.1,control,CD16 Mono
AGCACAACGGATTC.1,control,CD8 T
AGCACAACTCGCCT.1,control,CD4 T
AGCACAACTGTAGC.1,control,CD14 Mono
AGCACAACTTCGTT.1,control,CD14 Mono
AGCACTGAAACGAA.1,control,CD4 T
AGCACTGAAGCTCA.1,control,CD14 Mono
AGCACTGAGACGTT.1,control,CD4 T
AGCACTGATTCTTG.1,control,B
AGCATCGAGAGAGC.1,control,CD4 T
AGCATCGAGAGATA.1,control,CD8 T
AGCATCGATAGCCA.1,control,CD14 Mono
AGCATGACATCTTC.1,control,CD4 T
AGCATGACCTCGAA.1,control,CD14 Mono
AGCATGACGCAGTT.1,control,CD14 Mono
AGCATGACTAACGC.1,control,CD14 Mono
AGCATTCTGACTAC.1,control,CD14 Mono
AGCATTCTGTCTTT.1,control,CD4 T
AGCATTCTTGATGC.1,control,CD14 Mono
AGCCAATGAAACAG.1,control,CD14 Mono
AGCCAATGACGTAC.1,control,CD16 Mono
AGCCAATGCCCTAC.1,control,CD14 Mono
AGCCACCTCAAAGA.1,control,CD16 Mono
AGCCACCTCGGGAA.1,control,CD4 T
AGCCACCTTAGTCG.1,control,CD4 T
AGCCACCTTGGAAA.1,control,CD16 Mono
AGCCACCTTTGGCA.1,control,CD4 T
AGCCGGACAGCACT.1,control,CD4 T
AGCCGGACGAGCTT.1,control,CD8 T
AGCCGGACGTAAGA.1,control,CD4 T
AGCCGGACGTCCTC.1,control,CD4 T
AGCCGGACTCCGTC.1,control,B
AGCCGGACTTCCGC.1,control,CD14 Mono
AGCCGGTGCTGAGT.1,control,CD8 T
AGCCGGTGGAAAGT.1,control,T
AGCCGGTGGAAGGC.1,control,CD8 T
AGCCGGTGGGGATG.1,control,CD14 Mono
AGCCGGTGTTCCAT.1,control,CD14 Mono
AGCCTCACACGGGA.1,control,CD4 T
AGCCTCACACGTGT.1,control,CD8 T
AGCCTCACTAACCG.1,control,CD14 Mono
AGCCTCACTAACGC.1,control,CD4 T
AGCCTCACTCGCCT.1,control,CD8 T
AGCCTCTGAAAAGC.1,control,CD4 T
AGCCTCTGCGTAAC.1,control,CD16 Mono
AGCCTCTGGAGGGT.1,control,CD4 T
AGCCTCTGGTCTGA.1,control,DC
AGCGAACTGCGTAT.1,control,NK
AGCGAACTGGACAG.1,control,T
AGCGAACTGGTACT.1,control,B
AGCGAACTGTTGCA.1,control,CD4 T
AGCGATACAAGCCT.1,control,CD14 Mono
AGCGATACGAGATA.1,control,NK
AGCGATACGGTACT.1,control,CD16 Mono
AGCGATACTCAGAC.1,control,CD14 Mono
AGCGATTGTGTGCA.1,control,CD4 T
AGCGCCGAACTCTT.1,control,CD4 T
AGCGCCGACCTCAC.1,control,B
AGCGCCGACGTTGA.1,control,CD16 Mono
AGCGCCGAGATACC.1,control,T
AGCGCCGAGTTGCA.1,control,CD14 Mono
AGCGCTCTACCACA.1,control,DC
AGCGCTCTCCTTTA.1,control,CD14 Mono
AGCGCTCTCGCATA.1,control,CD4 T
AGCGCTCTGTATGC.1,control,CD4 T
AGCGGCACAACTGC.1,control,CD16 Mono
AGCGGCACACGCAT.1,control,B
AGCGGCACCTTAGG.1,control,B
AGCGGCACGGTGAG.1,control,DC
AGCGGCACTGCGTA.1,control,CD4 T
AGCGGCACTTGGCA.1,control,B
AGCGGCTGACACGT.1,control,CD14 Mono
AGCGGCTGCACACA.1,control,CD14 Mono
AGCGGCTGCTGACA.1,control,CD14 Mono
AGCGGCTGTATCTC.1,control,CD4 T
AGCGGCTGTCTAGG.1,control,B
AGCGGCTGTGCCCT.1,control,CD14 Mono
AGCGGGCTCAGATC.1,control,B
AGCGGGCTCGAGTT.1,control,B
AGCGGGCTCGCCTT.1,control,CD14 Mono
AGCGGGCTGGGAGT.1,control,CD14 Mono
AGCGTAACCGATAC.1,control,CD4 T
AGCGTAACTGCAGT.1,control,CD4 T
AGCGTAACTGTTTC.1,control,CD4 T
AGCTCGCTAAGGTA.1,control,CD14 Mono
AGCTCGCTATCGTG.1,control,CD4 T
AGCTCGCTCCTTCG.1,control,CD14 Mono
AGCTCGCTCTCTCG.1,control,CD4 T
AGCTGAACCCGCTT.1,control,CD14 Mono
AGCTGAACTAAAGG.1,control,CD14 Mono
AGCTGCCTGCTAAC.1,control,T
AGCTGCCTTCGCTC.1,control,B
AGCTGTGAACTAGC.1,control,CD14 Mono
AGCTGTGACCTTCG.1,control,CD16 Mono
AGCTGTGAGTATCG.1,control,CD4 T
AGCTGTGATAGTCG.1,control,CD14 Mono
AGCTGTGATTCGGA.1,control,CD14 Mono
AGCTTACTCGTCTC.1,control,B
AGCTTACTGAGGCA.1,control,NK
AGCTTACTGTCGAT.1,control,CD8 T
AGCTTACTTCTAGG.1,control,CD4 T
AGCTTACTTTCACT.1,control,CD14 Mono
AGCTTTACAGAAGT.1,control,CD8 T
AGCTTTACAGAATG.1,control,CD14 Mono
AGCTTTACGACGTT.1,control,CD16 Mono
AGCTTTACGTAGCT.1,control,CD14 Mono
AGGAAATGAGACTC.1,control,CD4 T
AGGAAATGAGTGCT.1,control,CD4 T
AGGAAATGGCTACA.1,control,DC
AGGAAATGGTCTTT.1,control,B
AGGAACCTCACCAA.1,control,DC
AGGAACCTCCTTAT.1,control,NK
AGGAACCTTACTGG.1,control,CD8 T
AGGAATGAACTGGT.1,control,CD16 Mono
AGGAATGACGTCTC.1,control,CD16 Mono
AGGAATGACTGTCC.1,control,CD4 T
AGGAATGATACTTC.1,control,CD14 Mono
AGGACACTGCCCTT.1,control,CD16 Mono
AGGACACTGGACAG.1,control,CD4 T
AGGACACTTAAAGG.1,control,CD4 T
AGGACTTGATCACG.1,control,DC
AGGACTTGCAGAGG.1,control,B
AGGACTTGCGTTAG.1,control,CD4 T
AGGACTTGCTCTTA.1,control,CD4 T
AGGAGTCTAAGAGT.1,control,CD14 Mono
AGGAGTCTCGATAC.1,control,CD14 Mono
AGGAGTCTTCCTCG.1,control,CD4 T
AGGATAGAATCGAC.1,control,T
AGGATAGACACAAC.1,control,T
AGGATAGACATGGT.1,control,CD14 Mono
AGGATAGACGAACT.1,control,CD16 Mono
AGGATAGACGGAGA.1,control,CD4 T
AGGATAGAGACTAC.1,control,CD4 T
AGGATAGAGGTAAA.1,control,CD4 T
AGGATAGATCCCGT.1,control,CD14 Mono
AGGATAGATGCTAG.1,control,DC
AGGATGCTAGAGGC.1,control,CD16 Mono
AGGATGCTCTGCAA.1,control,T
AGGATGCTGGACGA.1,control,CD8 T
AGGATGCTGTACAC.1,control,CD4 T
AGGATGCTTTGCAG.1,control,T
AGGATGCTTTGTGG.1,control,CD4 T
AGGCAGGAGTACGT.1,control,T
AGGCAGGATATCTC.1,control,CD4 T
AGGCAGGATGTCAG.1,control,NK
AGGCCTCTCGTTGA.1,control,CD4 T
AGGCCTCTCTGGTA.1,control,CD4 T
AGGCCTCTGGGTGA.1,control,CD4 T
AGGCCTCTGTTGGT.1,control,CD14 Mono
AGGCCTCTTCACGA.1,control,CD14 Mono
AGGCCTCTTCGACA.1,control,B
AGGCTAACAGATGA.1,control,NK
AGGCTAACAGGTCT.1,control,CD14 Mono
AGGCTAACAGTGTC.1,control,B
AGGCTAACTGTGGT.1,control,CD4 T
AGGGACGAAACGGG.1,control,CD4 T
AGGGACGAAGTACC.1,control,CD14 Mono
AGGGACGACCAAGT.1,control,CD4 T
AGGGACGACTCGCT.1,control,DC
AGGGACGACTTCGC.1,control,CD14 Mono
AGGGACGATTCTGT.1,control,CD4 T
AGGGAGTGATGGTC.1,control,NK
AGGGAGTGTGACCA.1,control,CD14 Mono
AGGGAGTGTGAGCT.1,control,CD8 T
AGGGCCACATCGAC.1,control,CD4 T
AGGGCCACGTGTAC.1,control,CD14 Mono
AGGGCCACTACAGC.1,control,CD14 Mono
AGGGCCACTATCTC.1,control,CD4 T
AGGGCCACTCGCAA.1,control,CD14 Mono
AGGGCCACTGACCA.1,control,DC
AGGGCCTGAACGAA.1,control,CD16 Mono
AGGGCCTGTTACCT.1,control,B
AGGGCGCTACGGGA.1,control,CD14 Mono
AGGGCGCTATCGGT.1,control,CD14 Mono
AGGGCGCTCGTGAT.1,control,CD14 Mono
AGGGCGCTCTATGG.1,control,CD14 Mono
AGGGCGCTTGGTGT.1,control,CD4 T
AGGGCGCTTTACTC.1,control,DC
AGGGTGGAAGACTC.1,control,DC
AGGGTGGAAGGGTG.1,control,CD16 Mono
AGGGTGGAAGTCAC.1,control,CD16 Mono
AGGGTGGACACCAA.1,control,CD4 T
AGGGTGGACAGCTA.1,control,CD4 T
AGGGTGGACCCACT.1,control,NK
AGGGTGGAGGTGGA.1,control,CD4 T
AGGGTTTGACAGTC.1,control,CD8 T
AGGGTTTGCGCTAA.1,control,B
AGGGTTTGTCCGAA.1,control,T
AGGTACACGAAAGT.1,control,CD4 T
AGGTACTGAGTAGA.1,control,CD14 Mono
AGGTCATGGTTTCT.1,control,CD14 Mono
AGGTCATGTGGTGT.1,control,NK
AGGTCATGTGTCTT.1,control,CD14 Mono
AGGTCTGACGCTAA.1,control,CD4 T
AGGTCTGAGGTGAG.1,control,CD4 T
AGGTCTGAGTTGTG.1,control,CD14 Mono
AGGTCTGATCACGA.1,control,CD14 Mono
AGGTCTGATCGCTC.1,control,CD4 T
AGGTCTGATGGAGG.1,control,CD4 T
AGGTCTGATTATCC.1,control,CD4 T
AGGTGGGAATGCTG.1,control,CD4 T
AGGTGGGACCAATG.1,control,T
AGGTGGGATAACGC.1,control,DC
AGGTGTTGCCATGA.1,control,CD4 T
AGGTGTTGCTCTCG.1,control,CD14 Mono
AGGTGTTGGAGAGC.1,control,CD4 T
AGGTGTTGGAGGTG.1,control,CD14 Mono
AGGTGTTGGTCACA.1,control,CD4 T
AGGTGTTGTGGTGT.1,control,CD14 Mono
AGGTGTTGTGTTCT.1,control,B
AGGTGTTGTTCTGT.1,control,CD14 Mono
AGGTTCGATAGAAG.1,control,NK
AGGTTCGATTCCAT.1,control,CD4 T
AGGTTGTGACCCAA.1,control,CD14 Mono
AGGTTGTGAGCATC.1,control,CD14 Mono
AGGTTGTGCCGTAA.1,control,CD14 Mono
AGGTTGTGCGCCTT.1,control,NK
AGGTTGTGGGCAAG.1,control,CD14 Mono
AGGTTGTGGTAAAG.1,control,B
AGGTTGTGGTCGAT.1,control,CD4 T
AGTAAGGAACCCAA.1,control,CD14 Mono
AGTAAGGATTGACG.1,control,CD4 T
AGTAATACACCACA.1,control,CD14 Mono
AGTAATACACTAGC.1,control,CD4 T
AGTAATACTGAAGA.1,control,CD14 Mono
AGTAATACTTGCGA.1,control,CD4 T
AGTAATTGCTTGGA.1,control,CD4 T
AGTAATTGGAGAGC.1,control,CD14 Mono
AGTAATTGGGTCAT.1,control,CD4 T
AGTAATTGTCGTTT.1,control,T
AGTAATTGTGCCCT.1,control,DC
AGTAATTGTTCTTG.1,control,CD4 T
AGTACGTGCCATAG.1,control,CD14 Mono
AGTACGTGTGAGCT.1,control,CD14 Mono
AGTACGTGTGTAGC.1,control,NK
AGTACGTGTTCCAT.1,control,CD14 Mono
AGTACTCTCACTAG.1,control,CD14 Mono
AGTACTCTCGGGAA.1,control,CD4 T
AGTACTCTGTAGGG.1,control,B
AGTAGAGAAAACGA.1,control,CD4 T
AGTAGAGAACAGCT.1,control,CD14 Mono
AGTAGAGAAGAAGT.1,control,CD4 T
AGTAGAGACAGGAG.1,control,CD4 T
AGTAGAGAGCAAGG.1,control,B
AGTAGAGATGAAGA.1,control,CD14 Mono
AGTAGAGATGCTGA.1,control,NK
AGTAGGCTAAACGA.1,control,CD4 T
AGTAGGCTACACTG.1,control,CD16 Mono
AGTAGGCTACCTGA.1,control,T
AGTAGGCTAGGCGA.1,control,CD14 Mono
AGTAGGCTATTGGC.1,control,CD14 Mono
AGTAGGCTTGGTGT.1,control,CD14 Mono
AGTATAACCTCTTA.1,control,CD4 T
AGTATAACTAGAAG.1,control,CD4 T
AGTATAACTGCAGT.1,control,CD8 T
AGTATCCTACACTG.1,control,DC
AGTATCCTACCATG.1,control,CD4 T
AGTATCCTGCGAAG.1,control,DC
AGTCACGAACCTTT.1,control,CD4 T
AGTCACGAACGGAG.1,control,CD4 T
AGTCACGAGCTTCC.1,control,NK
AGTCAGACATTGGC.1,control,CD4 T
AGTCAGACCATGCA.1,control,CD14 Mono
AGTCAGACGCAGTT.1,control,B
AGTCAGACTGCATG.1,control,CD8 T
AGTCAGACTTACCT.1,control,CD16 Mono
AGTCGAACGGTTAC.1,control,CD4 T
AGTCGCCTGAACTC.1,control,NK
AGTCGCCTTCGACA.1,control,CD8 T
AGTCGCCTTGGCAT.1,control,CD4 T
AGTCGCCTTTGCTT.1,control,CD16 Mono
AGTCTACTAAAACG.1,control,CD14 Mono
AGTCTACTCGTGAT.1,control,CD4 T
AGTCTTACCTCAGA.1,control,CD4 T
AGTCTTACGCTGTA.1,control,CD14 Mono
AGTCTTACTAGAAG.1,control,CD16 Mono
AGTCTTACTTCGCC.1,control,CD4 T
AGTGAAGAACTGTG.1,control,T
AGTGAAGACGTGAT.1,control,CD14 Mono
AGTGAAGAGTTCAG.1,control,CD8 T
AGTGACACAAGGTA.1,control,CD14 Mono
AGTGACACAGCAAA.1,control,NK
AGTGACACCCTTAT.1,control,CD4 T
AGTGACACCTGGAT.1,control,CD14 Mono
AGTGACACGGACAG.1,control,CD14 Mono
AGTGACACTTTGCT.1,control,B
AGTGACTGAAGGTA.1,control,DC
AGTGACTGATCGGT.1,control,CD14 Mono
AGTGACTGATCGTG.1,control,CD16 Mono
AGTGACTGCGTGTA.1,control,CD14 Mono
AGTGACTGCTCTTA.1,control,CD14 Mono
AGTGACTGGAGCAG.1,control,CD14 Mono
AGTGACTGTTTCGT.1,control,NK
AGTGCAACAATCGC.1,control,CD14 Mono
AGTGCAACATCGTG.1,control,CD16 Mono
AGTGCAACCGTCTC.1,control,CD4 T
AGTGCAACGGCGAA.1,control,CD4 T
AGTGCAACTAACGC.1,control,CD16 Mono
AGTGTGACAGTCGT.1,control,CD14 Mono
AGTGTGACTGCCTC.1,control,NK
AGTGTTCTAGCGTT.1,control,CD4 T
AGTGTTCTCTGATG.1,control,CD4 T
AGTGTTCTTTGCGA.1,control,CD14 Mono
AGTTAAACACTCTT.1,control,B
AGTTAAACCTGACA.1,control,CD4 T
AGTTAAACGGACAG.1,control,CD4 T
AGTTATGAACCTAG.1,control,CD4 T
AGTTATGAATCTCT.1,control,CD14 Mono
AGTTATGACACACA.1,control,CD14 Mono
AGTTATGAGGAAAT.1,control,CD4 T
AGTTATGAGGAGCA.1,control,CD14 Mono
AGTTATGAGTAAAG.1,control,CD14 Mono
AGTTATGATGGATC.1,control,CD14 Mono
AGTTCTACGACGAG.1,control,T
AGTTCTACTTTCAC.1,control,B
AGTTCTTGAACGGG.1,control,CD4 T
AGTTCTTGCAGTCA.1,control,DC
AGTTGTCTAAACAG.1,control,B
AGTTGTCTAAAGTG.1,control,CD14 Mono
AGTTGTCTACTTTC.1,control,CD8 T
AGTTGTCTATGCTG.1,control,CD4 T
AGTTGTCTCATTGG.1,control,CD4 T
AGTTGTCTGAGGTG.1,control,CD14 Mono
AGTTGTCTGCTACA.1,control,T
AGTTGTCTTCCGAA.1,control,CD14 Mono
AGTTTAGAATTCTC.1,control,CD4 T
AGTTTAGAGTTCGA.1,control,CD14 Mono
AGTTTAGATAAGCC.1,control,CD14 Mono
AGTTTCACACACTG.1,control,CD14 Mono
AGTTTCACAGCACT.1,control,CD16 Mono
AGTTTCACGCATCA.1,control,B
AGTTTCACTCACCC.1,control,CD14 Mono
AGTTTGCTCGAGTT.1,control,CD4 T
AGTTTGCTCTTTAC.1,control,CD4 T
AGTTTGCTGAATCC.1,control,CD14 Mono
AGTTTGCTTCCTGC.1,control,CD14 Mono
AGTTTGCTTCTTCA.1,control,CD14 Mono
ATAAACACACGTGT.1,control,CD14 Mono
ATAAACACCTTCGC.1,control,CD4 T
ATAACAACAAGAGT.1,control,CD4 T
ATAACAACCAGATC.1,control,B
ATAACATGCAGGAG.1,control,CD16 Mono
ATAACATGCTGTCC.1,control,B
ATAACATGCTTGCC.1,control,CD4 T
ATAACATGGATACC.1,control,CD4 T
ATAACATGGGTTCA.1,control,B
ATAACCCTACCTCC.1,control,CD14 Mono
ATAACCCTTGACTG.1,control,CD14 Mono
ATAAGTACACCCAA.1,control,CD14 Mono
ATAAGTTGATCTCT.1,control,CD8 T
ATAAGTTGCCTTAT.1,control,CD16 Mono
ATAAGTTGCTCCAC.1,control,CD14 Mono
ATAAGTTGCTTAGG.1,control,CD14 Mono
ATAAGTTGGGAGCA.1,control,B
ATAAGTTGTACTTC.1,control,CD4 T
ATAAGTTGTGAGAA.1,control,T
ATAATCGAAAACGA.1,control,CD4 T
ATAATCGATTCTGT.1,control,CD14 Mono
ATAATGACAACGGG.1,control,CD4 T
ATAATGACACCTTT.1,control,CD4 T
ATAATGACCACTGA.1,control,CD8 T
ATAATGACGACAAA.1,control,CD14 Mono
ATAATGACTTATCC.1,control,CD14 Mono
ATACAATGACGTAC.1,control,CD8 T
ATACAATGATTCCT.1,control,CD14 Mono
ATACAATGTCAGAC.1,control,CD14 Mono
ATACAATGTCTTTG.1,control,CD14 Mono
ATACACCTAAAGTG.1,control,CD14 Mono
ATACACCTACAGTC.1,control,CD14 Mono
ATACACCTGGACGA.1,control,CD14 Mono
ATACACCTTGCTAG.1,control,CD16 Mono
ATACCACTAGGTCT.1,control,CD4 T
ATACCACTATCAGC.1,control,NK
ATACCACTCCTGAA.1,control,B
ATACCACTGGTGAG.1,control,CD4 T
ATACCACTGTCACA.1,control,CD14 Mono
ATACCACTTGTGGT.1,control,CD4 T
ATACCGGAATCGAC.1,control,CD8 T
ATACCGGACCCACT.1,control,CD4 T
ATACCGGACTCTCG.1,control,CD16 Mono
ATACCTACATCGTG.1,control,CD14 Mono
ATACCTACGACTAC.1,control,CD4 T
ATACCTACGTCTGA.1,control,CD14 Mono
ATACCTACTGCAAC.1,control,B
ATACCTTGAAAAGC.1,control,CD14 Mono
ATACCTTGATGACC.1,control,CD14 Mono
ATACCTTGATGTGC.1,control,CD14 Mono
ATACCTTGGACAAA.1,control,CD4 T
ATACCTTGTTCTGT.1,control,CD14 Mono
ATACGGACAGTCAC.1,control,CD4 T
ATACGGACCAACTG.1,control,CD4 T
ATACGTCTAAGTAG.1,control,B
ATACGTCTATCGGT.1,control,NK
ATACGTCTCACCAA.1,control,CD4 T
ATACGTCTGAAACA.1,control,CD14 Mono
ATACGTCTGGTTAC.1,control,CD14 Mono
ATACTCTGATTTCC.1,control,B
ATACTCTGCACTAG.1,control,B
ATACTCTGCTTAGG.1,control,CD14 Mono
ATACTCTGGACGTT.1,control,CD8 T
ATAGAACTACTCAG.1,control,CD4 T
ATAGAACTGAGAGC.1,control,CD14 Mono
ATAGAACTGGATCT.1,control,T
ATAGAACTGTCCTC.1,control,CD14 Mono
ATAGAACTGTCGTA.1,control,CD14 Mono
ATAGAACTTCACGA.1,control,CD4 T
ATAGAACTTTTCAC.1,control,CD4 T
ATAGATACACCTGA.1,control,CD4 T
ATAGATACCATGGT.1,control,CD14 Mono
ATAGATACCGTTAG.1,control,CD8 T
ATAGATACGTTCAG.1,control,CD14 Mono
ATAGATTGAAACAG.1,control,CD4 T
ATAGATTGAATCGC.1,control,CD14 Mono
ATAGATTGTCGTTT.1,control,NK
ATAGCCGACGATAC.1,control,CD16 Mono
ATAGCCGAGTACGT.1,control,CD8 T
ATAGCCGAGTTAGC.1,control,CD4 T
ATAGCGTGGCGAGA.1,control,NK
ATAGCGTGTAACGC.1,control,CD8 T
ATAGCTCTAAGTGA.1,control,CD14 Mono
ATAGCTCTACGTGT.1,control,CD4 T
ATAGCTCTCATGGT.1,control,CD14 Mono
ATAGCTCTCGCATA.1,control,CD14 Mono
ATAGCTCTGATAAG.1,control,B
ATAGCTCTGGATCT.1,control,CD14 Mono
ATAGCTCTTCCGTC.1,control,CD14 Mono
ATAGGAGACTAGAC.1,control,CD14 Mono
ATAGGAGATGAAGA.1,control,CD14 Mono
ATAGGAGATGAGCT.1,control,NK
ATAGGAGATTTCTG.1,control,CD14 Mono
ATAGGCTGAAAGTG.1,control,CD14 Mono
ATAGGCTGAGAAGT.1,control,CD14 Mono
ATAGGCTGCTGCTC.1,control,CD4 T
ATAGTCCTCCGCTT.1,control,CD8 T
ATAGTCCTGGACTT.1,control,T
ATAGTCCTGGTGTT.1,control,CD14 Mono
ATAGTCCTTGCTTT.1,control,CD14 Mono
ATAGTTGAAAGGCG.1,control,CD14 Mono
ATAGTTGAAAGTAG.1,control,CD14 Mono
ATAGTTGAACTAGC.1,control,NK
ATAGTTGAAGTCTG.1,control,CD14 Mono
ATAGTTGACTCGCT.1,control,CD4 T
ATAGTTGATTCGCC.1,control,T
ATAGTTGATTGGTG.1,control,CD14 Mono
ATAGTTGATTTGTC.1,control,CD4 T
ATATACGACTGAAC.1,control,B
ATATACGACTGTTT.1,control,NK
ATATACGAGGGCAA.1,control,CD8 T
ATATACGAGGTTTG.1,control,CD4 T
ATATACGAGTCACA.1,control,CD4 T
ATATACGAGTCTAG.1,control,CD14 Mono
ATATACGATCCCAC.1,control,CD4 T
ATATACGATGCATG.1,control,CD4 T
ATATAGTGTGACTG.1,control,CD4 T
ATATGAACGTGTTG.1,control,CD14 Mono
ATATGAACTGAACC.1,control,B
ATATGCCTAAGATG.1,control,B
ATATGCCTATGTGC.1,control,CD4 T
ATATGCCTCCTTTA.1,control,CD8 T
ATATGCCTCTGTGA.1,control,CD4 T
ATCAAATGAGTACC.1,control,CD4 T
ATCAAATGATTCCT.1,control,CD14 Mono
ATCAAATGCTGTCC.1,control,CD14 Mono
ATCAACCTCAACCA.1,control,CD14 Mono
ATCAACCTGGACGA.1,control,CD14 Mono
ATCAACCTTAGAAG.1,control,DC
ATCAACCTTCTCGC.1,control,B
ATCAACCTTTCGTT.1,control,NK
ATCACACTGACGAG.1,control,CD14 Mono
ATCACACTGCTTAG.1,control,B
ATCACACTGTTGCA.1,control,B
ATCACGGAAAAGCA.1,control,CD16 Mono
ATCACGGAACCCTC.1,control,DC
ATCACGGAGCGATT.1,control,CD16 Mono
ATCACGGATAACGC.1,control,NK
ATCACGGATCAGGT.1,control,CD4 T
ATCACTACCTATTC.1,control,CD4 T
ATCACTACCTTCTA.1,control,CD14 Mono
ATCACTACTGCACA.1,control,CD4 T
ATCACTACTGGTAC.1,control,CD14 Mono
ATCACTTGCGCAAT.1,control,CD4 T
ATCACTTGCTAGCA.1,control,CD14 Mono
ATCACTTGGCGAGA.1,control,T
ATCACTTGTCCGTC.1,control,CD4 T
ATCACTTGTTCCGC.1,control,B
ATCACTTGTTGCAG.1,control,CD4 T
ATCAGGTGACTGTG.1,control,CD4 T
ATCAGGTGGAACCT.1,control,CD16 Mono
ATCAGGTGGAACTC.1,control,CD4 T
ATCAGGTGGGCGAA.1,control,CD14 Mono
ATCAGGTGGGGCAA.1,control,CD14 Mono
ATCAGGTGTCCAAG.1,control,CD14 Mono
ATCATCTGAGCAAA.1,control,CD4 T
ATCATCTGTTCTGT.1,control,CD14 Mono
ATCATGCTGCTGTA.1,control,T
ATCCAGGACTACTT.1,control,DC
ATCCAGGACTCCAC.1,control,CD14 Mono
ATCCAGGATATGGC.1,control,CD14 Mono
ATCCATACATTCCT.1,control,CD14 Mono
ATCCCGTGCCAAGT.1,control,NK
ATCCCGTGCGTTGA.1,control,DC
ATCCCGTGCTGCAA.1,control,CD16 Mono
ATCCCGTGGTCTAG.1,control,CD14 Mono
ATCCCGTGTACTGG.1,control,CD14 Mono
ATCCCGTGTCACGA.1,control,CD4 T
ATCCCGTGTCTCAT.1,control,CD16 Mono
ATCCGCACAACAGA.1,control,CD4 T
ATCCGCACTCCCGT.1,control,CD14 Mono
ATCCTAACATCAGC.1,control,DC
ATCCTAACATCGAC.1,control,CD4 T
ATCCTAACCAACTG.1,control,CD4 T
ATCCTAACTGCCTC.1,control,CD16 Mono
ATCGACGAGTAAGA.1,control,DC
ATCGACGATAAGGA.1,control,CD14 Mono
ATCGACGATTGTGG.1,control,DC
ATCGAGTGTCTCGC.1,control,CD14 Mono
ATCGCAGAAGCATC.1,control,NK
ATCGCAGACAGGAG.1,control,CD8 T
ATCGCAGACGACAT.1,control,NK
ATCGCAGACTTCCG.1,control,CD14 Mono
ATCGCAGATTCTAC.1,control,CD14 Mono
ATCGCCACACGGTT.1,control,CD14 Mono
ATCGCCACAGGCGA.1,control,CD14 Mono
ATCGCCACCTGTAG.1,control,CD4 T
ATCGCCTGAGGAGC.1,control,CD14 Mono
ATCGCGCTACGACT.1,control,B
ATCGCGCTACTTTC.1,control,DC
ATCGCGCTAGCTAC.1,control,CD4 T
ATCGCGCTATGGTC.1,control,B
ATCGCGCTGGGAGT.1,control,CD4 T
ATCGCGCTGTGCTA.1,control,CD14 Mono
ATCGCGCTTACTTC.1,control,CD4 T
ATCGCGCTTTGCAG.1,control,CD16 Mono
ATCGGAACAAACGA.1,control,DC
ATCGGAACACTGTG.1,control,CD14 Mono
ATCGGAACAGCAAA.1,control,CD14 Mono
ATCGGAACCATCAG.1,control,CD4 T
ATCGGAACCCTCCA.1,control,CD14 Mono
ATCGGAACTGGCAT.1,control,CD4 T
ATCGGAACTGGTCA.1,control,CD4 T
ATCGGAACTTCTAC.1,control,CD14 Mono
ATCGGAACTTTCGT.1,control,CD4 T
ATCGGTGAAGCGGA.1,control,B
ATCGGTGAAGCGTT.1,control,DC
ATCGGTGACCCTAC.1,control,CD4 T
ATCGGTGACTACGA.1,control,CD14 Mono
ATCGGTGAGGTTCA.1,control,CD16 Mono
ATCGGTGATATGGC.1,control,CD4 T
ATCGTTTGGAGATA.1,control,CD4 T
ATCGTTTGGCGGAA.1,control,CD16 Mono
ATCGTTTGTATGGC.1,control,CD14 Mono
ATCTACACACCCTC.1,control,CD4 T
ATCTACACAGATGA.1,control,CD4 T
ATCTACACCAACCA.1,control,CD4 T
ATCTACACCTGTTT.1,control,CD14 Mono
ATCTACACGGAGGT.1,control,B
ATCTACACGGGTGA.1,control,CD4 T
ATCTACACGTTGGT.1,control,CD14 Mono
ATCTACACTGTCTT.1,control,CD4 T
ATCTACTGAAGGTA.1,control,CD4 T
ATCTACTGATTTCC.1,control,CD14 Mono
ATCTACTGTGTGGT.1,control,CD4 T
ATCTACTGTTTCAC.1,control,CD14 Mono
ATCTCAACACAGTC.1,control,CD4 T
ATCTCAACGCTGAT.1,control,CD4 T
ATCTCAACGGGACA.1,control,NK
ATCTCAACGGTGTT.1,control,CD14 Mono
ATCTCAACTTGCAG.1,control,T
ATCTGACTACAGCT.1,control,CD14 Mono
ATCTGACTACGGGA.1,control,CD14 Mono
ATCTGACTCTCCCA.1,control,CD4 T
ATCTGACTGTACGT.1,control,CD14 Mono
ATCTGGGACATTCT.1,control,CD14 Mono
ATCTGGGACCTTAT.1,control,CD14 Mono
ATCTGGGATCCAGA.1,control,CD14 Mono
ATCTGGGATCCGAA.1,control,CD4 T
ATCTGTTGATGTCG.1,control,CD4 T
ATCTGTTGCTTAGG.1,control,CD14 Mono
ATCTGTTGGCTCCT.1,control,NK
ATCTGTTGTAGAGA.1,control,B
ATCTGTTGTGGCAT.1,control,CD14 Mono
ATCTTGACGCCATA.1,control,CD16 Mono
ATCTTGACGGGATG.1,control,CD8 T
ATCTTGACGTCGAT.1,control,B
ATCTTTCTCACTAG.1,control,CD4 T
ATCTTTCTCTTGTT.1,control,CD14 Mono
ATCTTTCTGAACTC.1,control,CD16 Mono
ATCTTTCTGGCATT.1,control,CD16 Mono
ATCTTTCTTGCATG.1,control,CD4 T
ATCTTTCTTTCATC.1,control,DC
ATGAAACTAACCAC.1,control,CD14 Mono
ATGAAACTAACGTC.1,control,NK
ATGAAACTACCAGT.1,control,CD4 T
ATGAAACTGCTGTA.1,control,CD14 Mono
ATGAAACTGTCACA.1,control,CD4 T
ATGAAACTGTGCTA.1,control,CD14 Mono
ATGAAACTTCCTGC.1,control,CD14 Mono
ATGAAACTTCGCAA.1,control,NK
ATGAAGGACACAAC.1,control,CD14 Mono
ATGAAGGACGATAC.1,control,CD14 Mono
ATGACGTGCATTTC.1,control,CD14 Mono
ATGACGTGCCAAGT.1,control,CD14 Mono
ATGACGTGGCATAC.1,control,B
ATGAGAGAAACCTG.1,control,CD4 T
ATGAGAGAAGCGGA.1,control,CD14 Mono
ATGAGAGACGACTA.1,control,CD16 Mono
ATGAGAGACTCCCA.1,control,CD14 Mono
ATGAGCACGCTAAC.1,control,CD16 Mono
ATGAGCACGTAGCT.1,control,CD8 T
ATGAGCACTCGCAA.1,control,CD4 T
ATGAGCACTTTGGG.1,control,CD4 T
ATGATATGAAGCCT.1,control,CD8 T
ATGATATGCGCTAA.1,control,CD14 Mono
ATGATATGTCTAGG.1,control,CD16 Mono
ATGATATGTTGGCA.1,control,CD4 T
ATGATATGTTTGCT.1,control,B
ATGCACGAGCTTCC.1,control,CD14 Mono
ATGCACGATCCGTC.1,control,CD14 Mono
ATGCAGACGCAAGG.1,control,CD4 T
ATGCAGACGTAAGA.1,control,CD16 Mono
ATGCAGACTGGATC.1,control,CD14 Mono
ATGCAGTGACACCA.1,control,CD14 Mono
ATGCAGTGACCCAA.1,control,CD14 Mono
ATGCAGTGCTTCCG.1,control,B
ATGCAGTGTCAGGT.1,control,CD14 Mono
ATGCCAGAAAGGTA.1,control,CD4 T
ATGCCAGAAGATCC.1,control,T
ATGCCAGACCTTCG.1,control,CD4 T
ATGCCAGAGTGTTG.1,control,CD14 Mono
ATGCCAGATGTAGC.1,control,CD4 T
ATGCCGCTGGACTT.1,control,CD14 Mono
ATGCCGCTGTATCG.1,control,CD14 Mono
ATGCCGCTGTCATG.1,control,CD4 T
ATGCCGCTTGAAGA.1,control,CD4 T
ATGCGATGAAAACG.1,control,DC
ATGCGATGTGCTGA.1,control,CD4 T
ATGCGCCTAGAAGT.1,control,T
ATGCGCCTATTTCC.1,control,T
ATGCGCCTCTGACA.1,control,CD16 Mono
ATGCGCCTCTTCTA.1,control,CD14 Mono
ATGCTTTGACTTTC.1,control,CD4 T
ATGCTTTGCTTCCG.1,control,CD14 Mono
ATGCTTTGGTGCAT.1,control,CD14 Mono
ATGCTTTGGTGCTA.1,control,DC
ATGCTTTGTCTATC.1,control,CD8 T
ATGCTTTGTTCTGT.1,control,DC
ATGGACACAAACAG.1,control,T
ATGGACACAACTGC.1,control,CD4 T
ATGGACACCCGCTT.1,control,CD14 Mono
ATGGACACGGTTTG.1,control,CD16 Mono
ATGGGTACAGACTC.1,control,CD14 Mono
ATGGGTACCTGATG.1,control,CD14 Mono
ATGGGTACTCGTAG.1,control,CD4 T
ATGGGTACTGAGAA.1,control,CD4 T
ATGGGTACTGGAGG.1,control,B
ATGGTGACTCGTGA.1,control,CD14 Mono
ATGTAAACACTACG.1,control,DC
ATGTAAACACTCTT.1,control,CD16 Mono
ATGTAAACATGGTC.1,control,CD4 T
ATGTAAACGATAGA.1,control,CD14 Mono
ATGTAAACGTTTGG.1,control,CD16 Mono
ATGTACCTACGGTT.1,control,B
ATGTACCTAGCTAC.1,control,B
ATGTACCTCGACAT.1,control,CD8 T
ATGTACCTCTAGCA.1,control,CD14 Mono
ATGTACCTCTCAAG.1,control,CD14 Mono
ATGTCACTAAAAGC.1,control,CD4 T
ATGTCACTGTCTAG.1,control,CD14 Mono
ATGTCACTGTTGAC.1,control,CD14 Mono
ATGTCGGAATGCTG.1,control,CD4 T
ATGTCGGACTGGAT.1,control,CD4 T
ATGTCGGATGAAGA.1,control,T
ATGTCGGATGGAGG.1,control,CD4 T
ATGTCGGATGTGAC.1,control,CD4 T
ATGTCGGATGTGGT.1,control,CD4 T
ATGTTAGACACTCC.1,control,CD14 Mono
ATGTTAGAGCCATA.1,control,T
ATGTTAGAGTGCTA.1,control,CD14 Mono
ATGTTCACAGTCTG.1,control,CD14 Mono
ATGTTCACCTACGA.1,control,CD14 Mono
ATGTTCACGCTGAT.1,control,B
ATGTTCACTTCGCC.1,control,CD4 T
ATGTTGCTACCTCC.1,control,B
ATGTTGCTCCATAG.1,control,CD4 T
ATTAACGAAAGAGT.1,control,DC
ATTAACGAACTGTG.1,control,CD4 T
ATTAACGACCATGA.1,control,CD8 T
ATTAACGAGACACT.1,control,CD14 Mono
ATTAACGATCAGTG.1,control,CD8 T
ATTAAGACTTCAGG.1,control,CD8 T
ATTACCACCTGGAT.1,control,CD4 T
ATTACCTGGGAGTG.1,control,CD14 Mono
ATTACCTGTCCAGA.1,control,CD14 Mono
ATTAGATGAAAGCA.1,control,CD14 Mono
ATTAGATGAAGCCT.1,control,NK
ATTAGATGCACTGA.1,control,CD14 Mono
ATTAGATGCCGTAA.1,control,CD14 Mono
ATTAGATGGAGGAC.1,control,B
ATTAGATGTCACGA.1,control,CD16 Mono
ATTAGATGTGCTTT.1,control,NK
ATTAGTGACATTCT.1,control,CD14 Mono
ATTAGTGACGGTAT.1,control,NK
ATTAGTGACTCTCG.1,control,T
ATTAGTGATACGAC.1,control,CD14 Mono
ATTAGTGATTCTAC.1,control,T
ATTATGGAAGATCC.1,control,CD4 T
ATTATGGACAGCTA.1,control,DC
ATTATGGAGAGACG.1,control,B
ATTATGGATCGTGA.1,control,CD4 T
ATTATGGATCTACT.1,control,T
ATTCAAGAAGTGCT.1,control,NK
ATTCAAGAGACTAC.1,control,CD4 T
ATTCAAGAGGAGCA.1,control,CD14 Mono
ATTCAAGATGCAAC.1,control,CD4 T
ATTCAGCTATCGTG.1,control,T
ATTCAGCTGGAGGT.1,control,CD4 T
ATTCCATGACCAAC.1,control,CD14 Mono
ATTCCATGCAGAAA.1,control,CD14 Mono
ATTCCATGCTATTC.1,control,CD4 T
ATTCCATGCTTGCC.1,control,CD14 Mono
ATTCCATGGATGAA.1,control,CD14 Mono
ATTCGACTACGTTG.1,control,CD14 Mono
ATTCGACTGTCATG.1,control,CD16 Mono
ATTCGGGAGAGGCA.1,control,CD14 Mono
ATTCGGGATGAACC.1,control,B
ATTCTGACGCTCCT.1,control,CD8 T
ATTCTTCTAGTGTC.1,control,CD8 T
ATTCTTCTCTGATG.1,control,CD14 Mono
ATTCTTCTGGCAAG.1,control,CD14 Mono
ATTGAAACAGTCTG.1,control,DC
ATTGAAACGATACC.1,control,T
ATTGAAACGGTACT.1,control,CD14 Mono
ATTGAAACTTCGGA.1,control,CD14 Mono
ATTGAATGACGGGA.1,control,CD14 Mono
ATTGAATGGGACTT.1,control,B
ATTGATGAAAAACG.1,control,CD4 T
ATTGATGAGGTGGA.1,control,CD14 Mono
ATTGATGATCCTCG.1,control,CD4 T
ATTGCACTTACTTC.1,control,T
ATTGCACTTCGATG.1,control,CD4 T
ATTGCGGAACCACA.1,control,CD14 Mono
ATTGCGGAATTGGC.1,control,NK
ATTGCGGATCGTTT.1,control,CD4 T
ATTGCGGATGTCTT.1,control,CD14 Mono
ATTGCGGATGTTTC.1,control,CD8 T
ATTGCTACACCTCC.1,control,CD16 Mono
ATTGCTACACTCAG.1,control,CD14 Mono
ATTGCTACACTGTG.1,control,CD14 Mono
ATTGCTACCTCTCG.1,control,CD16 Mono
ATTGCTACGAGCTT.1,control,CD14 Mono
ATTGCTACGGCAAG.1,control,CD4 T
ATTGCTACTCCGAA.1,control,CD8 T
ATTGCTTGCGTCTC.1,control,CD14 Mono
ATTGCTTGCTGGTA.1,control,B
ATTGCTTGGTCATG.1,control,B
ATTGCTTGTACTGG.1,control,CD14 Mono
ATTGCTTGTCACCC.1,control,NK
ATTGCTTGTGCAAC.1,control,CD4 T
ATTGGGTGGAGGCA.1,control,NK
ATTGGTCTCTCAGA.1,control,CD4 T
ATTGGTCTGACAAA.1,control,CD4 T
ATTGTAGAATGGTC.1,control,DC
ATTGTAGAGACGGA.1,control,CD8 T
ATTGTAGAGGCAAG.1,control,CD4 T
ATTGTCTGACGGAG.1,control,DC
ATTGTCTGAGAATG.1,control,CD4 T
ATTGTCTGCACAAC.1,control,CD4 T
ATTGTCTGCTTTAC.1,control,CD14 Mono
ATTGTCTGGAATAG.1,control,CD14 Mono
ATTGTCTGGTTTGG.1,control,NK
ATTGTCTGTACAGC.1,control,CD16 Mono
ATTTAGGAAACGAA.1,control,CD14 Mono
ATTTAGGAAGAGAT.1,control,CD14 Mono
ATTTAGGACGAGTT.1,control,CD8 T
ATTTAGGAGATACC.1,control,DC
ATTTAGGAGTGAGG.1,control,CD14 Mono
ATTTAGGATGCAGT.1,control,NK
ATTTAGGATTTACC.1,control,CD4 T
ATTTCCGAATGTCG.1,control,B
ATTTCCGACTCGCT.1,control,B
ATTTCGTGCACTAG.1,control,T
ATTTCGTGTCATTC.1,control,CD14 Mono
ATTTCGTGTTTCTG.1,control,CD4 T
ATTTCTCTAAGTGA.1,control,CD16 Mono
ATTTCTCTATAAGG.1,control,CD14 Mono
ATTTCTCTCATGCA.1,control,CD4 T
ATTTCTCTCTACTT.1,control,CD14 Mono
ATTTCTCTCTTGGA.1,control,CD4 T
ATTTCTCTGTCACA.1,control,CD16 Mono
ATTTCTCTGTTTGG.1,control,CD14 Mono
ATTTGCACCAAGCT.1,control,CD14 Mono
ATTTGCACCCTATT.1,control,CD4 T
ATTTGCACCTTCGC.1,control,CD14 Mono
ATTTGCACGTGAGG.1,control,CD4 T
ATTTGCACTATCGG.1,control,CD14 Mono
CAAACTCTAGCATC.1,control,CD4 T
CAAACTCTATCGGT.1,control,NK
CAAACTCTTCGTAG.1,control,CD14 Mono
CAAACTCTTGGTGT.1,control,T
CAAACTCTTTACCT.1,control,CD14 Mono
CAAAGCACACACAC.1,control,NK
CAAAGCACACACTG.1,control,CD14 Mono
CAAAGCACCGACAT.1,control,T
CAAAGCACCTACGA.1,control,CD4 T
CAAAGCACGAATGA.1,control,CD14 Mono
CAAAGCACTCTATC.1,control,CD14 Mono
CAAAGCTGCATTGG.1,control,CD14 Mono
CAAAGCTGCCTACC.1,control,CD4 T
CAAAGCTGCTATTC.1,control,DC
CAAAGCTGTGAGGG.1,control,CD4 T
CAAATATGACGTGT.1,control,CD14 Mono
CAAATATGCGTAAC.1,control,B
CAAATTGAACACGT.1,control,T
CAAATTGACATTCT.1,control,CD14 Mono
CAAATTGACCCTCA.1,control,CD14 Mono
CAAATTGAGCGTAT.1,control,CD14 Mono
CAAATTGATATGCG.1,control,CD14 Mono
CAACAGACAGGAGC.1,control,CD8 T
CAACAGACATACCG.1,control,CD8 T
CAACAGACCGCATA.1,control,CD14 Mono
CAACAGACGTACGT.1,control,CD14 Mono
CAACCAGAGGAAGC.1,control,CD14 Mono
CAACCAGAGTGCAT.1,control,CD4 T
CAACCGCTCAGAAA.1,control,CD4 T
CAACCGCTCTGACA.1,control,NK
CAACCGCTGACAGG.1,control,CD4 T
CAACCGCTGTTTCT.1,control,CD4 T
CAACCGCTTCTGGA.1,control,CD14 Mono
CAACGAACCTCCCA.1,control,CD14 Mono
CAACGAACGTCACA.1,control,NK
CAACGAACTGTCAG.1,control,CD4 T
CAACGTGACGAGTT.1,control,CD14 Mono
CAACGTGAGCCTTC.1,control,CD4 T
CAACTTTGTAACCG.1,control,B
CAACTTTGTGGTCA.1,control,CD14 Mono
CAAGAAGAAGTCGT.1,control,B
CAAGAAGAAGTTCG.1,control,CD14 Mono
CAAGAAGACCAACA.1,control,CD4 T
CAAGAAGAGACGTT.1,control,CD14 Mono
CAAGAAGAGAGGAC.1,control,B
CAAGAAGAGGAGTG.1,control,T
CAAGAAGAGTCACA.1,control,CD8 T
CAAGAAGATAGACC.1,control,CD8 T
CAAGAAGATCCTGC.1,control,CD14 Mono
CAAGACACCTGGTA.1,control,CD14 Mono
CAAGACACGCATCA.1,control,DC
CAAGACACGGGTGA.1,control,CD8 T
CAAGACACTCGTAG.1,control,DC
CAAGACACTGCATG.1,control,CD4 T
CAAGACTGAACGGG.1,control,NK
CAAGACTGTGGAGG.1,control,CD4 T
CAAGACTGTTCGCC.1,control,B
CAAGCATGAAGCCT.1,control,CD14 Mono
CAAGCATGACGGGA.1,control,CD14 Mono
CAAGCATGCAGATC.1,control,CD4 T
CAAGCATGCTAGTG.1,control,CD4 T
CAAGCATGGGTAAA.1,control,CD14 Mono
CAAGCATGGGTTAC.1,control,CD14 Mono
CAAGCATGGTTGCA.1,control,CD14 Mono
CAAGCATGTAGCGT.1,control,CD14 Mono
CAAGCATGTGTGAC.1,control,CD4 T
CAAGCCCTACAGCT.1,control,CD8 T
CAAGCCCTCAATCG.1,control,CD4 T
CAAGCCCTCTCGAA.1,control,CD14 Mono
CAAGCTGACTCCAC.1,control,DC
CAAGCTGAGAGAGC.1,control,CD4 T
CAAGCTGAGGTACT.1,control,T
CAAGCTGATTCTCA.1,control,CD14 Mono
CAAGGACTCCAACA.1,control,CD4 T
CAAGGACTCCACAA.1,control,CD14 Mono
CAAGGACTCCTTGC.1,control,CD14 Mono
CAAGGACTCGTAGT.1,control,CD4 T
CAAGGACTTCCGTC.1,control,B
CAAGGACTTTGCGA.1,control,CD14 Mono
CAAGGTTGAGTCAC.1,control,B
CAAGGTTGCCTTAT.1,control,T
CAAGGTTGGAGGAC.1,control,CD16 Mono
CAAGGTTGGTCTGA.1,control,CD16 Mono
CAAGGTTGTGAACC.1,control,CD4 T
CAAGGTTGTGACAC.1,control,B
CAAGTTCTACGACT.1,control,CD14 Mono
CAAGTTCTACTCTT.1,control,CD14 Mono
CAAGTTCTAGTCTG.1,control,CD14 Mono
CAAGTTCTGCTTCC.1,control,CD4 T
CAAGTTCTGGCATT.1,control,CD14 Mono
CAAGTTCTGTCGTA.1,control,CD4 T
CAAGTTCTTCCAGA.1,control,CD4 T
CAAGTTCTTCTTAC.1,control,B
CAATAAACGACAGG.1,control,CD4 T
CAATAAACGTACCA.1,control,CD4 T
CAATAATGCCCTCA.1,control,CD4 T
CAATAATGCCGCTT.1,control,CD4 T
CAATAATGCGAATC.1,control,CD14 Mono
CAATAATGGAATCC.1,control,CD14 Mono
CAATAATGGTTGAC.1,control,T
CAATATGAAGCCAT.1,control,CD4 T
CAATATGAGACAAA.1,control,DC
CAATATGATGAGGG.1,control,CD4 T
CAATATGATGGAAA.1,control,CD14 Mono
CAATCGGAACCAAC.1,control,T
CAATCGGAGATAAG.1,control,CD4 T
CAATCGGATCGTTT.1,control,NK
CAATCGGATGGTGT.1,control,CD4 T
CAATCTACAGGTCT.1,control,CD4 T
CAATCTACATCGGT.1,control,T
CAATCTACCCAGTA.1,control,CD4 T
CAATCTACGGTTAC.1,control,CD14 Mono
CAATGGACAAGAGT.1,control,CD4 T
CAATGGACCAGGAG.1,control,CD4 T
CAATGGACCAGTTG.1,control,CD8 T
CAATGGACTCCAGA.1,control,CD16 Mono
CAATGGACTCTTAC.1,control,CD14 Mono
CAATTCACTGAGAA.1,control,CD14 Mono
CAATTCTGAACCAC.1,control,CD4 T
CAATTCTGCCCTAC.1,control,CD14 Mono
CAATTCTGGTAGCT.1,control,CD16 Mono
CACAACGAACGACT.1,control,B
CACAACGACCGTTC.1,control,B
CACAACGACCTCAC.1,control,CD16 Mono
CACAATCTCATCAG.1,control,CD14 Mono
CACAATCTGCCATA.1,control,CD16 Mono
CACAATCTTGAGGG.1,control,B
CACACCTGAGTCTG.1,control,CD8 T
CACACCTGCAGATC.1,control,CD4 T
CACACCTGCATACG.1,control,CD14 Mono
CACACCTGTATCTC.1,control,CD14 Mono
CACACCTGTGTCTT.1,control,T
CACAGAACACCATG.1,control,CD4 T
CACAGAACGGTACT.1,control,CD4 T
CACAGAACGTCCTC.1,control,CD14 Mono
CACAGATGAAGAGT.1,control,CD8 T
CACAGATGAGTGTC.1,control,CD14 Mono
CACAGATGGAGGTG.1,control,CD4 T
CACAGATGGCTGTA.1,control,CD4 T
CACAGCCTCTACGA.1,control,NK
CACAGCCTGTCACA.1,control,CD4 T
CACAGTGACCGCTT.1,control,CD14 Mono
CACAGTGACTTAGG.1,control,CD4 T
CACAGTGAGGGTGA.1,control,CD4 T
CACAGTGATGTTCT.1,control,CD14 Mono
CACATACTAGCGTT.1,control,DC
CACATACTATCTTC.1,control,CD4 T
CACATACTCATGCA.1,control,CD14 Mono
CACATACTCTGCTC.1,control,B
CACATACTTGTGGT.1,control,CD4 T
CACATGGACGGAGA.1,control,CD14 Mono
CACATGGACTTTAC.1,control,CD4 T
CACATGGATCCTTA.1,control,CD4 T
CACCACTGACGTAC.1,control,NK
CACCACTGCTACCC.1,control,CD4 T
CACCACTGCTGGAT.1,control,CD4 T
CACCACTGGCTATG.1,control,CD4 T
CACCACTGGTAAAG.1,control,B
CACCACTGTAGAGA.1,control,CD14 Mono
CACCCATGACGTTG.1,control,CD14 Mono
CACCCATGGACACT.1,control,CD14 Mono
CACCCATGGTTTGG.1,control,CD14 Mono
CACCGGGACTGGAT.1,control,B
CACCGGGAGACGTT.1,control,CD14 Mono
CACCGGGAGCGAGA.1,control,B
CACCGGGATCTTCA.1,control,CD4 T
CACCGTACACTCAG.1,control,CD14 Mono
CACCGTACCCCGTT.1,control,CD16 Mono
CACCGTACCCTTAT.1,control,CD4 T
CACCGTACGGACGA.1,control,CD4 T
CACCGTACGGTTTG.1,control,CD4 T
CACCGTACTACTTC.1,control,B
CACCGTTGACTAGC.1,control,CD4 T
CACCGTTGCAGAAA.1,control,CD4 T
CACCGTTGCTGGTA.1,control,CD14 Mono
CACCGTTGGTTCGA.1,control,CD14 Mono
CACCGTTGTAGTCG.1,control,CD14 Mono
CACCGTTGTCGTAG.1,control,CD16 Mono
CACCTGACGACGAG.1,control,CD14 Mono
CACCTGACGGGCAA.1,control,CD14 Mono
CACCTGACGTGTTG.1,control,CD4 T
CACCTGACTGACTG.1,control,CD4 T
CACCTGACTTGCTT.1,control,CD16 Mono
CACGAAACCGCAAT.1,control,CD14 Mono
CACGAAACCGTAGT.1,control,CD4 T
CACGAAACGCAGTT.1,control,CD14 Mono
CACGACCTACACGT.1,control,CD4 T
CACGACCTCGATAC.1,control,NK
CACGATGAAACCAC.1,control,CD4 T
CACGATGACGTACA.1,control,CD14 Mono
CACGATGAGCAAGG.1,control,B
CACGATGAGCTACA.1,control,CD4 T
CACGATGATAACCG.1,control,CD14 Mono
CACGCTACCGTCTC.1,control,B
CACGCTACTAAGCC.1,control,DC
CACGGGACCTAAGC.1,control,CD8 T
CACGGGACGAGACG.1,control,B
CACGGGACGCTGAT.1,control,CD4 T
CACGGGACGGATCT.1,control,CD14 Mono
CACGGGACTCGATG.1,control,B
CACGGGACTTCTCA.1,control,B
CACGGGTGGAACCT.1,control,CD14 Mono
CACGGGTGTCGCAA.1,control,B
CACTAACTACACGT.1,control,CD8 T
CACTAACTGTCGAT.1,control,CD4 T
CACTAACTTGGGAG.1,control,CD14 Mono
CACTAACTTTGACG.1,control,CD4 T
CACTAGGAACACCA.1,control,CD16 Mono
CACTAGGACAACCA.1,control,CD14 Mono
CACTAGGACTAAGC.1,control,CD14 Mono
CACTAGGAGTAAAG.1,control,CD14 Mono
CACTAGGATACGAC.1,control,B
CACTATACCAGAAA.1,control,CD14 Mono
CACTATACGTATCG.1,control,CD4 T
CACTATACGTTACG.1,control,B
CACTATACTTCTCA.1,control,CD8 T
CACTCCGACATGAC.1,control,DC
CACTCCGACCGTTC.1,control,CD14 Mono
CACTCCGAGCCCTT.1,control,CD8 T
CACTCCGATTCAGG.1,control,CD16 Mono
CACTCTCTAGCACT.1,control,CD14 Mono
CACTCTCTAGCTAC.1,control,CD14 Mono
CACTCTCTCGGTAT.1,control,CD4 T
CACTCTCTTGCAGT.1,control,CD14 Mono
CACTGAGACAGATC.1,control,CD4 T
CACTGAGACCCTTG.1,control,B
CACTGAGACTGTTT.1,control,CD4 T
CACTGAGAGGAACG.1,control,CD14 Mono
CACTGCACACAGCT.1,control,CD14 Mono
CACTGCACATCAGC.1,control,CD14 Mono
CACTGCACCTACCC.1,control,CD14 Mono
CACTGCACGTAGGG.1,control,CD14 Mono
CACTGCTGACCCTC.1,control,CD4 T
CACTGCTGCAGGAG.1,control,CD8 T
CACTGCTGGAATCC.1,control,NK
CACTGCTGTCCAGA.1,control,CD4 T
CACTGCTGTGCAAC.1,control,CD8 T
CACTGCTGTGCGTA.1,control,DC
CACTGCTGTGGTCA.1,control,CD4 T
CACTTAACAGAATG.1,control,DC
CACTTAACATTCTC.1,control,CD8 T
CACTTAACCCGATA.1,control,CD4 T
CACTTATGCCCAAA.1,control,CD14 Mono
CACTTATGGGACGA.1,control,NK
CACTTATGTGCCTC.1,control,CD14 Mono
CACTTATGTGGTCA.1,control,T
CACTTTGAACTCAG.1,control,CD4 T
CACTTTGAAGCTCA.1,control,CD14 Mono
CACTTTGACACTCC.1,control,DC
CACTTTGAGAGCAG.1,control,CD8 T
CACTTTGATCTCTA.1,control,CD4 T
CAGAAGCTCACTTT.1,control,T
CAGAAGCTGCGAAG.1,control,CD4 T
CAGACAACAACTGC.1,control,CD4 T
CAGACAACCGCCTT.1,control,DC
CAGACAACCGTACA.1,control,CD14 Mono
CAGACAACCTCAGA.1,control,B
CAGACATGAACGTC.1,control,CD4 T
CAGACATGACTACG.1,control,CD16 Mono
CAGACATGCATTGG.1,control,CD14 Mono
CAGACATGCCCACT.1,control,CD4 T
CAGACATGCTCGCT.1,control,CD4 T
CAGACCCTGAAACA.1,control,CD14 Mono
CAGACTGAAAGGTA.1,control,DC
CAGACTGACAATCG.1,control,CD8 T
CAGACTGACAGAAA.1,control,CD16 Mono
CAGACTGAGGCATT.1,control,CD14 Mono
CAGACTGATAGCGT.1,control,CD4 T
CAGAGGGAAAAGTG.1,control,CD4 T
CAGAGGGAACTAGC.1,control,CD4 T
CAGAGGGAGACACT.1,control,CD14 Mono
CAGAGGGAGCTGAT.1,control,T
CAGATGACAGAACA.1,control,CD4 T
CAGATGACAGAATG.1,control,CD14 Mono
CAGATGACAGTGTC.1,control,CD14 Mono
CAGATGACCCTCGT.1,control,DC
CAGATGACCGAGTT.1,control,CD16 Mono
CAGATGACGAGGAC.1,control,CD14 Mono
CAGATGACGGGCAA.1,control,CD14 Mono
CAGCAATGACTAGC.1,control,B
CAGCAATGCGTAGT.1,control,NK
CAGCAATGGCCATA.1,control,CD4 T
CAGCAATGGGTACT.1,control,CD4 T
CAGCAATGGTCACA.1,control,T
CAGCACCTCCTACC.1,control,NK
CAGCACCTCTTGCC.1,control,CD8 T
CAGCATGAACCCAA.1,control,CD14 Mono
CAGCATGAGTTTGG.1,control,CD8 T
CAGCATGATGTCAG.1,control,CD14 Mono
CAGCATGATTAGGC.1,control,CD16 Mono
CAGCCTACGAGGAC.1,control,CD8 T
CAGCCTACTCTCGC.1,control,CD14 Mono
CAGCCTTGACACGT.1,control,CD4 T
CAGCCTTGCTGAGT.1,control,CD14 Mono
CAGCCTTGTGCAAC.1,control,CD14 Mono
CAGCCTTGTTGCGA.1,control,CD4 T
CAGCGGACAGCGTT.1,control,CD16 Mono
CAGCGGACCACAAC.1,control,CD4 T
CAGCGGACCCAGTA.1,control,CD4 T
CAGCGGACTTATCC.1,control,B
CAGCGGACTTTGCT.1,control,CD4 T
CAGCGTCTAACGGG.1,control,CD14 Mono
CAGCGTCTATGTCG.1,control,CD14 Mono
CAGCGTCTATGTGC.1,control,CD4 T
CAGCGTCTGTTCTT.1,control,CD14 Mono
CAGCGTCTTCGTGA.1,control,CD8 T
CAGCTAGACCGAAT.1,control,CD14 Mono
CAGCTCACGGTACT.1,control,T
CAGCTCACTGAGGG.1,control,CD14 Mono
CAGCTCACTTCCCG.1,control,CD4 T
CAGCTCTGAGGTCT.1,control,CD16 Mono
CAGGAACTCCACAA.1,control,CD14 Mono
CAGGAACTCTTTAC.1,control,CD14 Mono
CAGGAACTGACGTT.1,control,CD8 T
CAGGCCGAAAGATG.1,control,CD8 T
CAGGCCGAGAGGTG.1,control,CD14 Mono
CAGGCCGAGTCGAT.1,control,CD4 T
CAGGGCACACGCAT.1,control,CD4 T
CAGGGCACCTTGAG.1,control,CD4 T
CAGGGCACGCGAAG.1,control,T
CAGGTAACGTTCAG.1,control,CD14 Mono
CAGGTATGCCAATG.1,control,CD4 T
CAGGTATGCCCTTG.1,control,B
CAGGTATGCTTCGC.1,control,CD14 Mono
CAGGTATGGAATGA.1,control,CD14 Mono
CAGGTTGAAACAGA.1,control,CD8 T
CAGGTTGACTCGCT.1,control,CD4 T
CAGGTTGAGAGAGC.1,control,CD14 Mono
CAGGTTGAGGGATG.1,control,CD4 T
CAGGTTGAGTATGC.1,control,CD16 Mono
CAGGTTGATTTGGG.1,control,B
CAGTCAGAAGGCGA.1,control,CD14 Mono
CAGTCAGACATGGT.1,control,CD14 Mono
CAGTCAGAGTTAGC.1,control,CD4 T
CAGTGATGAGCAAA.1,control,CD4 T
CAGTGATGCCTCCA.1,control,DC
CAGTGATGGATGAA.1,control,DC
CAGTGATGGGTCAT.1,control,CD14 Mono
CAGTGATGGTATCG.1,control,CD4 T
CAGTGTGAATTCTC.1,control,CD16 Mono
CAGTGTGACCTCCA.1,control,CD8 T
CAGTGTGACTGCTC.1,control,CD4 T
CAGTGTGAGAGCAG.1,control,B
CAGTGTGATCAGGT.1,control,CD8 T
CAGTGTGATGTGCA.1,control,DC
CAGTGTGATTCGGA.1,control,CD14 Mono
CAGTGTGATTTGGG.1,control,CD8 T
CAGTTACTCCCACT.1,control,CD8 T
CAGTTACTTGAACC.1,control,CD14 Mono
CAGTTACTTGCCCT.1,control,NK
CAGTTACTTTCGTT.1,control,CD4 T
CAGTTGGAACGACT.1,control,T
CAGTTGGAAGTCGT.1,control,CD14 Mono
CAGTTGGACGGGAA.1,control,CD14 Mono
CAGTTGGAGGAGCA.1,control,CD14 Mono
CAGTTGGATTCCCG.1,control,CD16 Mono
CAGTTTACCCAGTA.1,control,CD14 Mono
CAGTTTACGTTCGA.1,control,B
CAGTTTACTATCTC.1,control,CD14 Mono
CATAAAACACCCTC.1,control,CD14 Mono
CATAAAACAGAGAT.1,control,CD14 Mono
CATAAAACGTCCTC.1,control,CD8 T
CATAAAACTGAGAA.1,control,CD14 Mono
CATAAATGCAAGCT.1,control,CD14 Mono
CATAAATGCCTTAT.1,control,CD4 T
CATAAATGGGTCTA.1,control,CD14 Mono
CATAACCTACCTAG.1,control,CD14 Mono
CATAACCTGGTAGG.1,control,CD4 T
CATAACCTGTATGC.1,control,DC
CATAACCTGTTCAG.1,control,CD8 T
CATAACCTTAACGC.1,control,CD14 Mono
CATACTACCCGAAT.1,control,CD4 T
CATACTACCTATGG.1,control,B
CATACTACTGTGCA.1,control,CD14 Mono
CATACTTGACTACG.1,control,CD4 T
CATACTTGGGGTGA.1,control,CD4 T
CATACTTGGGTAGG.1,control,NK
CATACTTGTGCCAA.1,control,CD4 T
CATAGTCTACACAC.1,control,DC
CATAGTCTACACTG.1,control,CD14 Mono
CATAGTCTCCCTTG.1,control,CD4 T
CATAGTCTCTGTTT.1,control,CD14 Mono
CATAGTCTGGAACG.1,control,CD4 T
CATAGTCTTAGCCA.1,control,CD14 Mono
CATATAGAATCGTG.1,control,CD14 Mono
CATATAGACCTGTC.1,control,CD4 T
CATATAGAGTACGT.1,control,NK
CATATAGATAAGCC.1,control,CD4 T
CATATAGATATCTC.1,control,T
CATATAGATCTTTG.1,control,CD14 Mono
CATATAGATGTCCC.1,control,CD4 T
CATCAACTTAACGC.1,control,CD4 T
CATCAACTTAGACC.1,control,DC
CATCAACTTTCAGG.1,control,CD4 T
CATCAACTTTCCAT.1,control,CD14 Mono
CATCAACTTTCCCG.1,control,CD4 T
CATCAGGAGCGGAA.1,control,CD16 Mono
CATCAGGAGGGACA.1,control,B
CATCAGGAGGTGTT.1,control,CD4 T
CATCAGGAGTCCTC.1,control,B
CATCAGGATGCTGA.1,control,CD14 Mono
CATCAGGATTGACG.1,control,DC
CATCATACCCTGTC.1,control,CD14 Mono
CATCATACCGTCTC.1,control,CD4 T
CATCATACTCAGAC.1,control,CD14 Mono
CATCATACTGTGCA.1,control,CD4 T
CATCCCGATCATTC.1,control,CD4 T
CATCGGCTATGTGC.1,control,CD14 Mono
CATCGGCTGCATCA.1,control,B
CATCGGCTTCGATG.1,control,CD4 T
CATCTCCTAGTCTG.1,control,CD16 Mono
CATCTCCTCTATGG.1,control,CD4 T
CATCTCCTTGAGAA.1,control,NK
CATCTCCTTTGGCA.1,control,CD14 Mono
CATCTCCTTTTACC.1,control,CD14 Mono
CATCTTGAAGCACT.1,control,CD14 Mono
CATCTTGAGTACCA.1,control,CD14 Mono
CATCTTGATTTGCT.1,control,CD14 Mono
CATGAGACAGGTCT.1,control,CD14 Mono
CATGAGACATGCTG.1,control,CD8 T
CATGAGACCTATTC.1,control,NK
CATGAGACCTCTCG.1,control,T
CATGCCACTCATTC.1,control,CD4 T
CATGCGCTCCTTCG.1,control,B
CATGCGCTCTGAAC.1,control,CD4 T
CATGCGCTGGTTTG.1,control,CD8 T
CATGCGCTTTGTCT.1,control,T
CATGGCCTCCCTTG.1,control,CD4 T
CATGGCCTTAGAAG.1,control,CD14 Mono
CATGGCCTTCCAAG.1,control,B
CATGGCCTTGTCTT.1,control,CD4 T
CATGGCCTTTCTAC.1,control,T
CATGTACTAAGTGA.1,control,DC
CATGTACTCAAGCT.1,control,CD14 Mono
CATGTACTCAATCG.1,control,CD14 Mono
CATGTACTGATAAG.1,control,CD16 Mono
CATGTACTGGAGTG.1,control,CD4 T
CATGTACTTCAGTG.1,control,CD4 T
CATGTTACATCGGT.1,control,CD14 Mono
CATGTTACCATGGT.1,control,CD4 T
CATGTTACCGTGAT.1,control,CD4 T
CATGTTACGCAGTT.1,control,CD16 Mono
CATGTTACGTTTCT.1,control,CD14 Mono
CATGTTACTGTCTT.1,control,DC
CATGTTTGAAAACG.1,control,CD14 Mono
CATGTTTGCCTGAA.1,control,CD14 Mono
CATGTTTGCGAGAG.1,control,CD4 T
CATGTTTGGATAGA.1,control,CD4 T
CATGTTTGTGTGGT.1,control,CD14 Mono
CATTACACCGAGAG.1,control,NK
CATTACACTCTTAC.1,control,B
CATTAGCTACGGGA.1,control,CD14 Mono
CATTAGCTATTCCT.1,control,CD14 Mono
CATTAGCTCTTTAC.1,control,CD16 Mono
CATTAGCTGGGATG.1,control,CD14 Mono
CATTCCCTAAGTAG.1,control,CD14 Mono
CATTCCCTAGTGCT.1,control,CD14 Mono
CATTCCCTATTGGC.1,control,CD14 Mono
CATTCCCTCCTTAT.1,control,CD4 T
CATTCCCTGTTCTT.1,control,CD14 Mono
CATTGACTGCGATT.1,control,CD14 Mono
CATTGACTTATGGC.1,control,NK
CATTGGGAGGGATG.1,control,CD4 T
CATTGGGATGTCAG.1,control,CD4 T
CATTGTACAACGTC.1,control,CD14 Mono
CATTGTACACTGTG.1,control,CD8 T
CATTGTTGAACAGA.1,control,CD4 T
CATTGTTGGGGAGT.1,control,NK
CATTGTTGGGTATC.1,control,CD4 T
CATTGTTGTACGAC.1,control,CD4 T
CATTGTTGTGTCCC.1,control,CD14 Mono
CATTGTTGTGTGCA.1,control,CD14 Mono
CATTTCGAACCACA.1,control,B
CATTTCGAACCTCC.1,control,CD8 T
CATTTCGACACTGA.1,control,CD14 Mono
CATTTCGATTAGGC.1,control,CD4 T
CATTTGACACTTTC.1,control,CD14 Mono
CATTTGACGTTCAG.1,control,CD14 Mono
CATTTGACGTTGAC.1,control,DC
CATTTGTGGAGCAG.1,control,CD4 T
CATTTGTGGATGAA.1,control,CD4 T
CATTTGTGGGTCTA.1,control,CD4 T
CATTTGTGTGTCAG.1,control,CD8 T
CATTTGTGTTATCC.1,control,B
CCAAAGTGATCAGC.1,control,CD16 Mono
CCAAAGTGATCGGT.1,control,CD14 Mono
CCAACCTGAGGCGA.1,control,CD4 T
CCAACCTGATGTCG.1,control,CD14 Mono
CCAACCTGGAAGGC.1,control,B
CCAACCTGTACGAC.1,control,CD14 Mono
CCAACCTGTGCCAA.1,control,CD4 T
CCAAGAACCACTTT.1,control,CD14 Mono
CCAAGAACCTAGCA.1,control,CD4 T
CCAAGAACGGTTAC.1,control,CD4 T
CCAAGAACGTACAC.1,control,CD4 T
CCAAGAACGTGCAT.1,control,CD14 Mono
CCAAGAACTGACCA.1,control,DC
CCAAGAACTGTCCC.1,control,T
CCAAGATGAGTCAC.1,control,T
CCAAGATGCGACAT.1,control,CD14 Mono
CCAAGATGTCAGGT.1,control,CD14 Mono
CCAAGATGTGTCGA.1,control,CD4 T
CCAAGATGTGTGAC.1,control,CD4 T
CCAAGTGAAGCTCA.1,control,CD4 T
CCAAGTGACACTGA.1,control,CD4 T
CCAAGTGAGCTTAG.1,control,CD14 Mono
CCAAGTGATACGAC.1,control,CD14 Mono
CCAAGTGATCCGTC.1,control,CD14 Mono
CCAATGGATGCATG.1,control,CD14 Mono
CCAATTTGAGATCC.1,control,T
CCAATTTGCAGGAG.1,control,CD4 T
CCAATTTGCCTACC.1,control,CD14 Mono
CCAATTTGGTTAGC.1,control,CD14 Mono
CCAATTTGTCTCAT.1,control,CD4 T
CCAATTTGTGGAAA.1,control,CD14 Mono
CCACCATGCAGTCA.1,control,CD8 T
CCACCATGGCCATA.1,control,CD14 Mono
CCACCTGACCGTAA.1,control,CD4 T
CCACCTGACGAGAG.1,control,T
CCACCTGATAGTCG.1,control,CD4 T
CCACGGGAACGGGA.1,control,CD14 Mono
CCACGGGAGGGAGT.1,control,CD4 T
CCACTGACGACAGG.1,control,NK
CCACTGACTCGCAA.1,control,T
CCACTGACTGTCCC.1,control,T
CCACTGTGACTGTG.1,control,CD8 T
CCACTGTGATGCTG.1,control,CD14 Mono
CCACTGTGCGTCTC.1,control,CD4 T
CCACTGTGCGTGTA.1,control,CD14 Mono
CCACTGTGCTTCTA.1,control,CD4 T
CCACTGTGGACGAG.1,control,CD14 Mono
CCACTGTGGCTAAC.1,control,CD14 Mono
CCACTTCTAACGTC.1,control,CD14 Mono
CCACTTCTCACTGA.1,control,CD14 Mono
CCACTTCTCTCGCT.1,control,CD14 Mono
CCACTTCTCTTGCC.1,control,CD4 T
CCAGAAACCTTCGC.1,control,T
CCAGAAACTAGAAG.1,control,CD4 T
CCAGACCTCTATGG.1,control,CD4 T
CCAGATGATGACCA.1,control,NK
CCAGCACTAGAGTA.1,control,CD4 T
CCAGCACTGCATAC.1,control,DC
CCAGCGGACTTCGC.1,control,B
CCAGCGGAGAGGCA.1,control,CD4 T
CCAGCGGATCTTAC.1,control,CD14 Mono
CCAGCGGATTATCC.1,control,CD14 Mono
CCAGCGGATTCTCA.1,control,B
CCAGCGGATTTACC.1,control,CD14 Mono
CCAGCTACAACGGG.1,control,CD4 T
CCAGCTACCAATCG.1,control,CD4 T
CCAGCTACCAGTCA.1,control,CD4 T
CCAGCTACCCGTTC.1,control,B
CCAGGTCTCGTAGT.1,control,CD8 T
CCAGGTCTGACGAG.1,control,NK
CCAGTCTGACAGTC.1,control,B
CCAGTCTGTCTTCA.1,control,CD4 T
CCAGTGCTGGCATT.1,control,CD16 Mono
CCAGTGCTGGGCAA.1,control,CD4 T
CCAGTGCTGTCTAG.1,control,CD14 Mono
CCAGTGCTTAACCG.1,control,CD4 T
CCATAGGACCTATT.1,control,CD14 Mono
CCATAGGAGGTAAA.1,control,B
CCATATACAAGATG.1,control,CD14 Mono
CCATATACACACTG.1,control,T
CCATATACGATGAA.1,control,CD4 T
CCATATACTGGTGT.1,control,CD16 Mono
CCATATACTTTACC.1,control,CD14 Mono
CCATCCGAACTTTC.1,control,T
CCATCCGAGGTTTG.1,control,CD4 T
CCATCCGAGTGCTA.1,control,CD4 T
CCATCCGATCTACT.1,control,DC
CCATCCGATTCTAC.1,control,CD4 T
CCATCGTGAAGCCT.1,control,CD14 Mono
CCATCGTGAAGGGC.1,control,CD14 Mono
CCATCGTGACCCTC.1,control,CD8 T
CCATCGTGCTGGAT.1,control,CD4 T
CCATCGTGGACGAG.1,control,NK
CCATCGTGTCGCAA.1,control,CD4 T
CCATGCTGAAACGA.1,control,CD4 T
CCATGCTGCCAAGT.1,control,CD4 T
CCATGCTGCTAAGC.1,control,CD14 Mono
CCATGCTGGAGATA.1,control,T
CCATGCTGGGATCT.1,control,CD8 T
CCATGCTGTCACGA.1,control,CD4 T
CCATTAACGTGAGG.1,control,CD4 T
CCCAAAGAATCACG.1,control,CD8 T
CCCAAAGAGTCCTC.1,control,CD14 Mono
CCCAAAGATCTTCA.1,control,DC
CCCAACACAGTAGA.1,control,CD14 Mono
CCCAACACCAAGCT.1,control,CD14 Mono
CCCAACACTGAGGG.1,control,CD8 T
CCCAACACTGATGC.1,control,CD16 Mono
CCCAACTGACGTTG.1,control,CD14 Mono
CCCAACTGCCTACC.1,control,CD8 T
CCCAACTGGATACC.1,control,CD14 Mono
CCCAACTGGCCATA.1,control,T
CCCAACTGGTGCAT.1,control,CD14 Mono
CCCAACTGGTGTAC.1,control,CD4 T
CCCAACTGGTTGAC.1,control,B
CCCACATGCTTTAC.1,control,B
CCCACATGGGTGGA.1,control,CD14 Mono
CCCAGACTAAACGA.1,control,T
CCCAGACTCCAAGT.1,control,CD14 Mono
CCCAGACTTCCCAC.1,control,CD16 Mono
CCCAGACTTCCTAT.1,control,CD16 Mono
CCCAGTTGACAGTC.1,control,CD16 Mono
CCCAGTTGTCGTTT.1,control,T
CCCAGTTGTTTCTG.1,control,B
CCCATCGACCCGTT.1,control,CD14 Mono
CCCATCGAGAGGGT.1,control,CD14 Mono
CCCATCGAGTAAAG.1,control,CD14 Mono
CCCATGTGACGTTG.1,control,CD14 Mono
CCCATGTGCCGAAT.1,control,CD4 T
CCCATGTGCCTCAC.1,control,CD4 T
CCCATGTGCGTAAC.1,control,CD4 T
CCCATGTGCTTGGA.1,control,DC
CCCATGTGTGACCA.1,control,T
CCCATGTGTGCACA.1,control,B
CCCGAACTACCAAC.1,control,NK
CCCGAACTTAGCGT.1,control,CD14 Mono
CCCGAACTTCCCAC.1,control,CD4 T
CCCGATTGAAGAGT.1,control,CD14 Mono
CCCGATTGAGCGGA.1,control,NK
CCCGATTGCCCGTT.1,control,CD4 T
CCCGATTGCTGATG.1,control,B
CCCGATTGCTTACT.1,control,B
CCCGATTGCTTATC.1,control,DC
CCCGGAGACAACCA.1,control,CD14 Mono
CCCGGAGACTTGCC.1,control,CD4 T
CCCGGAGAGGGAGT.1,control,CD14 Mono
CCCGGAGAGGTTCA.1,control,CD4 T
CCCGGAGATACTTC.1,control,CD14 Mono
CCCGGAGATCTTAC.1,control,CD14 Mono
CCCTACGACATTCT.1,control,CD4 T
CCCTACGACTGAAC.1,control,CD14 Mono
CCCTACGATTCGGA.1,control,NK
CCCTAGTGCAACCA.1,control,DC
CCCTAGTGCAGGAG.1,control,CD4 T
CCCTAGTGTTCTCA.1,control,CD14 Mono
CCCTCAGAACCACA.1,control,CD14 Mono
CCCTCAGAGAGGCA.1,control,CD8 T
CCCTGAACAATCGC.1,control,CD4 T
CCCTGAACACTGTG.1,control,CD14 Mono
CCCTGAACATTTCC.1,control,CD16 Mono
CCCTGATGCTGAGT.1,control,CD16 Mono
CCCTGATGGAACCT.1,control,T
CCCTGATGGAGACG.1,control,CD14 Mono
CCCTGATGGGTCAT.1,control,CD8 T
CCCTGATGTGCAGT.1,control,NK
CCCTTACTACCAAC.1,control,CD4 T
CCCTTACTCATTGG.1,control,CD14 Mono
CCCTTACTCGTGTA.1,control,B
CCCTTACTCTCGAA.1,control,B
CCCTTACTGACGAG.1,control,CD4 T
CCGAAAACATACCG.1,control,CD4 T
CCGAAAACCAGAAA.1,control,CD4 T
CCGAAAACCGATAC.1,control,CD4 T
CCGAAAACTTTGCT.1,control,CD16 Mono
CCGACACTGAGAGC.1,control,CD4 T
CCGACACTGGACAG.1,control,CD16 Mono
CCGACACTTGACCA.1,control,T
CCGACTACTTTACC.1,control,CD16 Mono
CCGATAGACTTGTT.1,control,CD4 T
CCGATAGAGCGGAA.1,control,CD4 T
CCGATAGAGGTCAT.1,control,CD16 Mono
CCGCGAGAACGCAT.1,control,CD4 T
CCGCGAGAGCAGAG.1,control,CD14 Mono
CCGCGAGATCTCGC.1,control,NK
CCGCGAGATGCATG.1,control,CD4 T
CCGCTATGCAGCTA.1,control,CD14 Mono
CCGCTATGCCCACT.1,control,CD14 Mono
CCGCTATGGTCACA.1,control,CD8 T
CCGGAGACTAGTCG.1,control,CD14 Mono
CCGGAGACTCTACT.1,control,CD4 T
CCGGAGTGCCGTAA.1,control,CD14 Mono
CCGGAGTGCCTCCA.1,control,CD4 T
CCGGAGTGCTGCAA.1,control,DC
CCGGAGTGCTTGGA.1,control,T
CCGGAGTGTATGGC.1,control,CD4 T
CCGGAGTGTGCCTC.1,control,CD4 T
CCGGTACTAGGAGC.1,control,CD4 T
CCGGTACTCTGATG.1,control,CD4 T
CCGGTACTTCTCTA.1,control,CD4 T
CCGTAAGACAGGAG.1,control,CD14 Mono
CCGTAAGACATGAC.1,control,DC
CCGTACACCTCCAC.1,control,CD4 T
CCGTACACCTTGGA.1,control,DC
CCGTACACTATGCG.1,control,CD8 T
CCTAAACTCCTTCG.1,control,CD14 Mono
CCTAAACTGTGTAC.1,control,CD4 T
CCTAAACTTCAGGT.1,control,CD14 Mono
CCTAAACTTCCGTC.1,control,CD14 Mono
CCTAAGGAAACTGC.1,control,CD14 Mono
CCTAAGGAGGATCT.1,control,DC
CCTAAGGATGTCAG.1,control,CD14 Mono
CCTAAGGATTACCT.1,control,NK
CCTACCGAAAGAGT.1,control,CD14 Mono
CCTACCGAAGTCTG.1,control,CD4 T
CCTACCGACATGAC.1,control,CD14 Mono
CCTACCGACGTACA.1,control,CD8 T
CCTACCGAGACACT.1,control,CD4 T
CCTACCGAGCGTTA.1,control,CD8 T
CCTACCGAGGTTTG.1,control,DC
CCTACCGATTACCT.1,control,CD4 T
CCTACCGATTGGCA.1,control,CD4 T
CCTACCGATTTCTG.1,control,B
CCTAGAGAAGTTCG.1,control,CD4 T
CCTAGAGACGACAT.1,control,DC
CCTAGAGAGCGTTA.1,control,B
CCTAGAGATACGCA.1,control,CD14 Mono
CCTAGAGATGTCTT.1,control,NK
CCTATAACCTCAGA.1,control,CD14 Mono
CCTATAACGGCAAG.1,control,CD14 Mono
CCTATTGAACCAAC.1,control,CD14 Mono
CCTATTGACCCTAC.1,control,DC
CCTATTGACCTACC.1,control,CD8 T
CCTATTGATCCTCG.1,control,CD14 Mono
CCTCATCTAGCGGA.1,control,DC
CCTCATCTCACTGA.1,control,CD4 T
CCTCATCTCCGCTT.1,control,CD14 Mono
CCTCATCTCTCGAA.1,control,DC
CCTCGAACCCCACT.1,control,CD16 Mono
CCTCGAACGTAAAG.1,control,CD8 T
CCTCTACTAGATCC.1,control,CD16 Mono
CCTCTACTCCTACC.1,control,CD14 Mono
CCTCTACTCGTTGA.1,control,CD16 Mono
CCTCTACTGGAAGC.1,control,CD14 Mono
CCTGACTGACGGGA.1,control,CD14 Mono
CCTGACTGCTCTTA.1,control,CD4 T
CCTGACTGGTCACA.1,control,CD14 Mono
CCTGACTGTAAGGA.1,control,NK
CCTGAGCTACACTG.1,control,CD14 Mono
CCTGAGCTACAGTC.1,control,CD4 T
CCTGAGCTGTCAAC.1,control,CD14 Mono
CCTGCAACAGCGGA.1,control,DC
CCTGCAACCACTAG.1,control,DC
CCTGCAACCTCAGA.1,control,CD4 T
CCTGCAACTAAGGA.1,control,NK
CCTGCAACTCATTC.1,control,CD4 T
CCTGCAACTCGCCT.1,control,CD4 T
CCTGCAACTTTGGG.1,control,CD14 Mono
CCTGGACTCGTAAC.1,control,CD14 Mono
CCTGGACTCTAAGC.1,control,CD4 T
CCTTAATGAAGGTA.1,control,CD4 T
CCTTAATGCTCGAA.1,control,CD4 T
CCTTAATGGACGTT.1,control,CD8 T
CCTTAATGGATGAA.1,control,NK
CCTTAATGGGGTGA.1,control,B
CCTTAATGTCCGAA.1,control,NK
CCTTAATGTCGATG.1,control,CD14 Mono
CCTTAATGTTGCTT.1,control,T
CCTTCACTTGTCTT.1,control,CD14 Mono
CCTTTAGACACTGA.1,control,CD4 T
CCTTTAGACCATGA.1,control,CD4 T
CCTTTAGACTACGA.1,control,DC
CCTTTAGAGAAACA.1,control,CD14 Mono
CCTTTAGAGGTATC.1,control,DC
CCTTTAGAGTGTTG.1,control,T
CCTTTAGATAGAAG.1,control,CD4 T
CCTTTAGATCAGTG.1,control,CD4 T
CCTTTAGATGCCTC.1,control,CD14 Mono
CCTTTAGATGGAAA.1,control,CD14 Mono
CGAACATGAATCGC.1,control,CD14 Mono
CGAAGACTACGGAG.1,control,B
CGAAGACTATCGTG.1,control,CD14 Mono
CGAAGACTCCTCGT.1,control,CD14 Mono
CGAAGACTGTAAAG.1,control,NK
CGAAGACTTACGAC.1,control,CD14 Mono
CGAAGGGAAAGATG.1,control,CD16 Mono
CGAAGGGAACTCTT.1,control,CD4 T
CGAAGGGAAGAGGC.1,control,CD8 T
CGAAGGGACTGAGT.1,control,CD14 Mono
CGAAGTACAAACGA.1,control,CD14 Mono
CGAAGTACAACCGT.1,control,NK
CGAAGTACAAGCAA.1,control,CD4 T
CGAAGTACACCTCC.1,control,CD14 Mono
CGAAGTACAGCCAT.1,control,CD14 Mono
CGAAGTACCGTAGT.1,control,CD4 T
CGAAGTACGGAAAT.1,control,CD16 Mono
CGAAGTACGGTGTT.1,control,CD4 T
CGAAGTACTAGAAG.1,control,CD16 Mono
CGAAGTACTTTACC.1,control,NK
CGAATCGAGCAGAG.1,control,CD4 T
CGAATCGATGTCAG.1,control,CD14 Mono
CGACAAACAGCAAA.1,control,T
CGACAAACAGTCTG.1,control,CD16 Mono
CGACAAACATACCG.1,control,CD4 T
CGACAAACATCAGC.1,control,CD4 T
CGACAAACATGTGC.1,control,CD14 Mono
CGACAAACCCCAAA.1,control,CD4 T
CGACAAACGATGAA.1,control,NK
CGACAAACGTACGT.1,control,DC
CGACAAACTGTAGC.1,control,CD14 Mono
CGACCACTAATCGC.1,control,B
CGACCACTGTTCAG.1,control,CD4 T
CGACCACTTTCCCG.1,control,CD4 T
CGACCGGACGTCTC.1,control,CD14 Mono
CGACCGGAGAATCC.1,control,CD16 Mono
CGACCGGAGCAGTT.1,control,CD16 Mono
CGACCGGATATTCC.1,control,CD14 Mono
CGACCGGATCGCTC.1,control,CD14 Mono
CGACCGGATCTACT.1,control,CD14 Mono
CGACCTACCCCTAC.1,control,CD4 T
CGACCTACCTATGG.1,control,NK
CGACCTACGCAGAG.1,control,CD14 Mono
CGACCTACGCGATT.1,control,CD16 Mono
CGACCTACGGTCAT.1,control,CD4 T
CGACCTACTCACGA.1,control,CD14 Mono
CGACCTTGACCGAT.1,control,CD14 Mono
CGACCTTGCAGTTG.1,control,NK
CGACCTTGCCAGTA.1,control,CD14 Mono
CGACCTTGGTAAAG.1,control,CD4 T
CGACCTTGTACTGG.1,control,CD14 Mono
CGACCTTGTCCAAG.1,control,CD14 Mono
CGACCTTGTCCCAC.1,control,DC
CGACGTCTCAGCTA.1,control,B
CGACGTCTGTGCAT.1,control,CD14 Mono
CGACTCACAACGGG.1,control,CD14 Mono
CGACTCACACCAGT.1,control,CD16 Mono
CGACTCACACGTTG.1,control,CD14 Mono
CGACTCACCTGGAT.1,control,CD4 T
CGACTCACGAAACA.1,control,CD14 Mono
CGACTCACGTAAAG.1,control,CD4 T
CGACTCACTGGTGT.1,control,CD8 T
CGACTCTGACGTTG.1,control,CD14 Mono
CGACTCTGATGTGC.1,control,CD16 Mono
CGACTCTGCAGGAG.1,control,B
CGACTCTGCCAAGT.1,control,CD14 Mono
CGACTCTGCGGAGA.1,control,B
CGACTCTGCTAGAC.1,control,DC
CGACTCTGGCGTAT.1,control,CD14 Mono
CGACTCTGGTTTCT.1,control,CD14 Mono
CGACTCTGTATCTC.1,control,CD8 T
CGACTCTGTCACCC.1,control,CD14 Mono
CGACTCTGTCGTGA.1,control,CD14 Mono
CGACTCTGTCTTCA.1,control,CD14 Mono
CGACTGCTAGTACC.1,control,CD14 Mono
CGACTGCTCGTCTC.1,control,CD8 T
CGACTGCTGTATGC.1,control,CD14 Mono
CGACTGCTGTTGAC.1,control,B
CGACTGCTTGTCGA.1,control,CD14 Mono
CGAGATTGGAATCC.1,control,CD4 T
CGAGATTGTATCTC.1,control,B
CGAGCCGACCTCCA.1,control,CD14 Mono
CGAGCCGAGAAAGT.1,control,B
CGAGCGTGGCATAC.1,control,CD14 Mono
CGAGCGTGGGTGGA.1,control,CD14 Mono
CGAGCGTGTGCTGA.1,control,NK
CGAGGAGAATCACG.1,control,B
CGAGGAGACCAATG.1,control,B
CGAGGAGACTCAGA.1,control,CD4 T
CGAGGAGAGGAAGC.1,control,CD4 T
CGAGGAGAGGAGGT.1,control,CD14 Mono
CGAGGAGATTACCT.1,control,T
CGAGGAGATTCTGT.1,control,CD14 Mono
CGAGGCACAAGAAC.1,control,CD4 T
CGAGGCACAGTCGT.1,control,CD16 Mono
CGAGGCACGAAACA.1,control,B
CGAGGCACGTCCTC.1,control,CD14 Mono
CGAGGCACTTTGTC.1,control,CD4 T
CGAGGCTGACACAC.1,control,CD14 Mono
CGAGGCTGCTTCCG.1,control,CD4 T
CGAGGCTGGATAGA.1,control,CD4 T
CGAGGCTGGGACAG.1,control,CD8 T
CGAGTATGACCTCC.1,control,NK
CGAGTATGATCGAC.1,control,CD8 T
CGAGTATGATTTCC.1,control,T
CGAGTATGCTATTC.1,control,CD14 Mono
CGAGTATGGCTCCT.1,control,CD4 T
CGAGTATGTCCGTC.1,control,CD4 T
CGATACGAAGAGAT.1,control,CD4 T
CGATACGACATTCT.1,control,CD8 T
CGATACGATCCGAA.1,control,B
CGATAGACACCTGA.1,control,CD16 Mono
CGATAGACCAAAGA.1,control,NK
CGATAGACGAGGAC.1,control,CD14 Mono
CGATAGACGGTGGA.1,control,CD14 Mono
CGATCAGATGGAAA.1,control,CD4 T
CGATCAGATTCGGA.1,control,CD14 Mono
CGATCCACACAGCT.1,control,CD14 Mono
CGATCCACCACTGA.1,control,CD4 T
CGATCCACTCTCGC.1,control,CD14 Mono
CGATCCACTGCTGA.1,control,CD16 Mono
CGATCCACTTGTGG.1,control,CD4 T
CGCAAATGAACCTG.1,control,NK
CGCAAATGACGGTT.1,control,CD4 T
CGCAAATGCCCTAC.1,control,CD14 Mono
CGCAAATGTGATGC.1,control,CD14 Mono
CGCAACCTCCACCT.1,control,CD16 Mono
CGCAACCTCCTATT.1,control,CD4 T
CGCAACCTCTGGAT.1,control,CD4 T
CGCAACCTTGCCTC.1,control,CD4 T
CGCAACCTTGTCGA.1,control,CD16 Mono
CGCACGGACACAAC.1,control,DC
CGCACGGACTATGG.1,control,CD14 Mono
CGCACGGAGCTGTA.1,control,CD14 Mono
CGCACTACCTAGCA.1,control,CD14 Mono
CGCACTACTACGCA.1,control,CD4 T
CGCACTACTCGCAA.1,control,B
CGCACTACTCTAGG.1,control,CD14 Mono
CGCACTTGAAGCAA.1,control,CD4 T
CGCACTTGTCCTGC.1,control,CD4 T
CGCAGGACAGTTCG.1,control,CD14 Mono
CGCAGGACCATGGT.1,control,CD14 Mono
CGCAGGACGCATAC.1,control,CD14 Mono
CGCAGGTGACGCAT.1,control,CD14 Mono
CGCAGGTGCACACA.1,control,CD16 Mono
CGCATAGAAGTCGT.1,control,CD4 T
CGCATAGAGATGAA.1,control,CD14 Mono
CGCATAGAGCGTTA.1,control,CD16 Mono
CGCATAGAGTGTAC.1,control,DC
CGCATAGATCCGTC.1,control,CD14 Mono
CGCATAGATGCACA.1,control,CD14 Mono
CGCCATACATTCTC.1,control,B
CGCCATACCCATAG.1,control,CD8 T
CGCCATACCGAGTT.1,control,NK
CGCCATACGAGATA.1,control,CD14 Mono
CGCCATACGCGTTA.1,control,B
CGCCATACGCTTAG.1,control,CD16 Mono
CGCCATTGATAAGG.1,control,CD4 T
CGCCATTGCACCAA.1,control,CD4 T
CGCCATTGGAAAGT.1,control,CD4 T
CGCCATTGTCCCGT.1,control,T
CGCCATTGTTAGGC.1,control,CD4 T
CGCCGAGAGGGAGT.1,control,NK
CGCCTAACAACGAA.1,control,B
CGCCTAACACCAGT.1,control,T
CGCCTAACAGAACA.1,control,B
CGCCTAACCGCAAT.1,control,CD14 Mono
CGCCTAACGTCTAG.1,control,CD4 T
CGCCTAACTTCATC.1,control,CD16 Mono
CGCGAGACCCTTTA.1,control,CD14 Mono
CGCGAGACCGATAC.1,control,CD14 Mono
CGCGAGACCTCAGA.1,control,CD16 Mono
CGCGAGACTATCTC.1,control,B
CGCGAGACTCCGTC.1,control,CD4 T
CGCGAGACTCGTTT.1,control,CD4 T
CGCGATCTATCACG.1,control,CD4 T
CGCGATCTATCAGC.1,control,T
CGCGGATGCTCATT.1,control,NK
CGCGGATGCTGAAC.1,control,CD4 T
CGCGGATGTGCTAG.1,control,NK
CGCTAAGAAGAAGT.1,control,CD4 T
CGCTAAGAAGCCAT.1,control,CD4 T
CGCTAAGAAGGCGA.1,control,CD14 Mono
CGCTAAGACATTTC.1,control,CD14 Mono
CGCTAAGACCTCGT.1,control,CD4 T
CGCTAAGAGCAGAG.1,control,CD14 Mono
CGCTAAGATGAGGG.1,control,CD4 T
CGCTACACAGATCC.1,control,B
CGCTACACCTGAGT.1,control,CD14 Mono
CGCTACACGAGAGC.1,control,CD14 Mono
CGCTACTGCTGTGA.1,control,NK
CGCTACTGTTATCC.1,control,CD4 T
CGCTCATGCGACAT.1,control,CD4 T
CGCTCATGCTACTT.1,control,CD4 T
CGCTCATGCTTGAG.1,control,CD4 T
CGCTCATGCTTGTT.1,control,NK
CGCTCATGGATGAA.1,control,CD4 T
CGCTCATGGGACTT.1,control,CD14 Mono
CGCTCATGTCAGTG.1,control,CD14 Mono
CGCTCATGTCTCGC.1,control,T
CGCTCATGTGTCGA.1,control,CD14 Mono
CGGAATTGCGACAT.1,control,B
CGGACCGAAGTGCT.1,control,CD4 T
CGGACCGACCTTCG.1,control,CD16 Mono
CGGACTCTAAGAAC.1,control,CD14 Mono
CGGACTCTCTTAGG.1,control,CD4 T
CGGACTCTGGAAGC.1,control,CD14 Mono
CGGACTCTGTCTAG.1,control,CD14 Mono
CGGACTCTGTCTTT.1,control,B
CGGACTCTTCGCAA.1,control,DC
CGGACTCTTGCATG.1,control,CD14 Mono
CGGAGGCTTGATGC.1,control,B
CGGAGGCTTGTCAG.1,control,CD14 Mono
CGGATAACATCTCT.1,control,CD14 Mono
CGGATAACCCACAA.1,control,CD14 Mono
CGGATAACTTATCC.1,control,CD14 Mono
CGGATATGAAGGTA.1,control,CD16 Mono
CGGATATGATTCGG.1,control,NK
CGGATATGCACTGA.1,control,CD14 Mono
CGGATATGCATGAC.1,control,CD4 T
CGGATATGCCCAAA.1,control,CD4 T
CGGATATGTTCGGA.1,control,CD8 T
CGGCACGAAAGGTA.1,control,CD4 T
CGGCACGAAGACTC.1,control,CD14 Mono
CGGCACGACAGTTG.1,control,CD8 T
CGGCACGACCTTGC.1,control,CD4 T
CGGCACGACTATGG.1,control,NK
CGGCACGACTTCGC.1,control,CD14 Mono
CGGCACGATACTCT.1,control,CD4 T
CGGCACGATAGAGA.1,control,CD8 T
CGGCACGATCGCCT.1,control,CD14 Mono
CGGCACGATGTCTT.1,control,CD14 Mono
CGGCACGATTCGGA.1,control,CD16 Mono
CGGCATCTACCGAT.1,control,CD14 Mono
CGGCATCTATCGTG.1,control,CD14 Mono
CGGCATCTCGTAGT.1,control,NK
CGGCATCTCTGTAG.1,control,CD4 T
CGGCATCTGGTACT.1,control,T
CGGCATCTGTTGGT.1,control,B
CGGCATCTTAAAGG.1,control,CD14 Mono
CGGCCAGACAGCTA.1,control,CD14 Mono
CGGCCAGACCCACT.1,control,B
CGGCCAGACTACCC.1,control,CD14 Mono
CGGCCAGAGTCTGA.1,control,CD16 Mono
CGGCCAGATTATCC.1,control,CD4 T
CGGCGAACAGTACC.1,control,NK
CGGCGAACATGTCG.1,control,CD14 Mono
CGGCGAACCATTCT.1,control,CD14 Mono
CGGCGAACCCTCCA.1,control,T
CGGCGAACCGGGAA.1,control,CD14 Mono
CGGCGAACTCCCAC.1,control,CD8 T
CGGCGAACTGCAAC.1,control,CD4 T
CGGCGAACTTCGGA.1,control,CD14 Mono
CGGCGATGAGCGGA.1,control,B
CGGCGATGCCTGTC.1,control,CD14 Mono
CGGCGATGCTCAAG.1,control,CD4 T
CGGCGATGTGGTTG.1,control,T
CGGGACTGCTTGAG.1,control,T
CGGGACTGGCAAGG.1,control,B
CGGGACTGTTCGCC.1,control,CD4 T
CGGGCATGCAGAAA.1,control,B
CGGGCATGTCTTTG.1,control,CD14 Mono
CGGGCATGTGAGAA.1,control,CD8 T
CGGTAAACCGTTAG.1,control,CD14 Mono
CGGTAAACCTGAGT.1,control,CD14 Mono
CGGTAAACCTTGAG.1,control,CD4 T
CGGTAAACGTTCTT.1,control,CD14 Mono
CGGTAAACTGGTTG.1,control,DC
CGGTAAACTTACCT.1,control,CD14 Mono
CGGTACCTTGCAAC.1,control,CD14 Mono
CGGTCACTACTGTG.1,control,DC
CGGTCACTCAGATC.1,control,CD14 Mono
CGGTCACTCTGCTC.1,control,CD4 T
CGTAACGAACGGGA.1,control,CD4 T
CGTAACGACTAGTG.1,control,CD14 Mono
CGTAACGAGGTCAT.1,control,CD4 T
CGTAACGATCAGAC.1,control,CD8 T
CGTAACGATTCTGT.1,control,CD16 Mono
CGTACAGAAGTAGA.1,control,CD4 T
CGTACAGAAGTTCG.1,control,CD14 Mono
CGTACAGAGTAAAG.1,control,CD4 T
CGTACAGAGTATGC.1,control,CD14 Mono
CGTACAGATCGCAA.1,control,CD14 Mono
CGTACCACCTTATC.1,control,CD4 T
CGTACCACTCGACA.1,control,CD4 T
CGTACCTGAACCGT.1,control,CD14 Mono
CGTACCTGAACGTC.1,control,CD14 Mono
CGTACCTGACGCAT.1,control,B
CGTACCTGGCGTTA.1,control,B
CGTACCTGTAGAGA.1,control,CD4 T
CGTACCTGTCCGTC.1,control,NK
CGTACCTGTGAGGG.1,control,CD4 T
CGTAGCCTCGAGTT.1,control,DC
CGTAGCCTGCTCCT.1,control,CD14 Mono
CGTAGCCTGGTATC.1,control,CD4 T
CGTAGCCTTAAGCC.1,control,CD14 Mono
CGTAGCCTTATGCG.1,control,CD16 Mono
CGTCAAGAAAGAGT.1,control,CD4 T
CGTCAAGAACGCAT.1,control,CD14 Mono
CGTCAAGACAGCTA.1,control,CD4 T
CGTCAAGACGTACA.1,control,CD14 Mono
CGTCAAGATGCACA.1,control,CD14 Mono
CGTCCAACAAGGTA.1,control,CD4 T
CGTCCAACGTGCTA.1,control,CD4 T
CGTCCATGTCCCGT.1,control,CD4 T
CGTCCATGTTTGTC.1,control,B
CGTCGACTACTCTT.1,control,NK
CGTCGACTCCTATT.1,control,CD14 Mono
CGTCGACTCGACAT.1,control,CD4 T
CGTCGACTGCTGAT.1,control,CD4 T
CGTCGACTTCAGGT.1,control,CD14 Mono
CGTCGACTTCGCAA.1,control,T
CGTCGACTTTCATC.1,control,CD4 T
CGTGAAACATTGGC.1,control,CD4 T
CGTGAAACTGGTTG.1,control,CD14 Mono
CGTGAATGCACACA.1,control,CD16 Mono
CGTGAATGCGAACT.1,control,CD16 Mono
CGTGAATGCTACTT.1,control,DC
CGTGAATGCTTGAG.1,control,CD16 Mono
CGTGAATGGGATTC.1,control,CD4 T
CGTGAATGGGCGAA.1,control,CD16 Mono
CGTGAATGGGTAAA.1,control,CD14 Mono
CGTGAATGTCAGGT.1,control,T
CGTGATGAACGGTT.1,control,CD4 T
CGTGATGACACTTT.1,control,CD4 T
CGTGATGAGCGTAT.1,control,NK
CGTGATGATCTAGG.1,control,CD4 T
CGTGCACTTCTCTA.1,control,CD14 Mono
CGTGTAGACGCATA.1,control,B
CGTGTAGACTCAGA.1,control,CD14 Mono
CGTGTAGACTGTTT.1,control,CD4 T
CGTGTAGAGCAAGG.1,control,CD14 Mono
CGTGTAGAGTCACA.1,control,CD4 T
CGTGTAGAGTTGCA.1,control,CD8 T
CGTGTAGATCCTTA.1,control,CD14 Mono
CGTGTAGATTCGCC.1,control,CD16 Mono
CGTGTAGATTTACC.1,control,CD14 Mono
CGTTAACTACACTG.1,control,CD14 Mono
CGTTAACTACGCTA.1,control,CD4 T
CGTTAACTGGTCTA.1,control,CD4 T
CGTTAACTTCCGTC.1,control,CD4 T
CGTTAACTTTAGGC.1,control,CD4 T
CGTTAGGAATTCTC.1,control,NK
CGTTAGGACAAAGA.1,control,CD4 T
CGTTAGGACATGAC.1,control,CD14 Mono
CGTTAGGACTCGCT.1,control,CD4 T
CGTTAGGACTTAGG.1,control,CD4 T
CGTTAGGAGTTCTT.1,control,CD14 Mono
CGTTATACACGACT.1,control,CD14 Mono
CGTTATACACGTAC.1,control,B
CGTTATACAGGAGC.1,control,CD8 T
CGTTATACAGTGTC.1,control,CD14 Mono
CGTTATACTGGTGT.1,control,CD4 T
CGTTTAACACAGCT.1,control,CD14 Mono
CGTTTAACAGGGTG.1,control,CD16 Mono
CGTTTAACCGTACA.1,control,CD4 T
CGTTTAACGACGAG.1,control,CD14 Mono
CGTTTAACGACGTT.1,control,CD14 Mono
CGTTTAACGCTTCC.1,control,CD14 Mono
CGTTTAACTCCAGA.1,control,CD14 Mono
CGTTTAACTGACTG.1,control,CD14 Mono
CGTTTAACTTTACC.1,control,T
CTAAACCTGGAACG.1,control,CD14 Mono
CTAAACCTGTCAAC.1,control,CD8 T
CTAACACTGATAGA.1,control,CD14 Mono
CTAACACTGGTTAC.1,control,CD14 Mono
CTAACACTGTGTTG.1,control,B
CTAACACTTCGACA.1,control,CD16 Mono
CTAACGGAACCAAC.1,control,CD14 Mono
CTAACGGACTGCTC.1,control,CD14 Mono
CTAACGGAGGGATG.1,control,CD4 T
CTAACGGAGTATGC.1,control,CD14 Mono
CTAACGGATGCTGA.1,control,B
CTAACGGATGCTTT.1,control,CD14 Mono
CTAACTACACCAGT.1,control,CD16 Mono
CTAACTACCGATAC.1,control,NK
CTAAGGACACCATG.1,control,CD16 Mono
CTAAGGACATGGTC.1,control,CD14 Mono
CTAAGGACTAAGGA.1,control,CD4 T
CTAAGGACTCTTAC.1,control,CD4 T
CTAAGGTGTAGAAG.1,control,CD8 T
CTAAGGTGTCGCTC.1,control,T
CTAAGGTGTTATCC.1,control,CD16 Mono
CTAATAGAGAATAG.1,control,CD14 Mono
CTAATAGAGCCATA.1,control,CD16 Mono
CTAATAGAGTGTCA.1,control,CD4 T
CTAATAGAGTTACG.1,control,CD4 T
CTAATAGATAGACC.1,control,CD14 Mono
CTAATAGATCCTTA.1,control,CD14 Mono
CTAATGCTAAGAAC.1,control,CD16 Mono
CTAATGCTACGCTA.1,control,CD4 T
CTAATGCTATGTCG.1,control,T
CTAATGCTGCGTTA.1,control,CD14 Mono
CTAATGCTTCTAGG.1,control,CD14 Mono
CTACAACTCTCTCG.1,control,CD14 Mono
CTACAACTGGTTCA.1,control,CD14 Mono
CTACAACTGTTCTT.1,control,CD4 T
CTACAACTTCCAGA.1,control,CD4 T
CTACAACTTGAGCT.1,control,B
CTACCTCTGCGAAG.1,control,CD16 Mono
CTACGCACAGCTAC.1,control,T
CTACGCACCGAATC.1,control,CD4 T
CTACGCACCTGGAT.1,control,CD4 T
CTACGCACGGAAAT.1,control,NK
CTACGGCTACACTG.1,control,DC
CTACGGCTCGTACA.1,control,CD14 Mono
CTACGGCTGACGTT.1,control,B
CTACGGCTTCCTCG.1,control,CD14 Mono
CTACGGCTTGCACA.1,control,CD4 T
CTACGGCTTTGGTG.1,control,T
CTACTATGAGGTCT.1,control,CD16 Mono
CTACTATGATCGTG.1,control,CD4 T
CTACTATGCTCATT.1,control,CD14 Mono
CTACTATGGTATCG.1,control,CD8 T
CTACTCCTCGGAGA.1,control,CD4 T
CTACTCCTGTTAGC.1,control,CD4 T
CTACTCCTTTTACC.1,control,NK
CTAGAGACCGCATA.1,control,CD14 Mono
CTAGAGACTTAGGC.1,control,NK
CTAGAGACTTTGGG.1,control,CD4 T
CTAGATCTAAAAGC.1,control,CD14 Mono
CTAGATCTAGTCAC.1,control,CD14 Mono
CTAGATCTGGGAGT.1,control,DC
CTAGATCTTCCAAG.1,control,CD4 T
CTAGGATGAAACGA.1,control,CD4 T
CTAGGATGCACCAA.1,control,CD4 T
CTAGGATGCATGGT.1,control,CD14 Mono
CTAGGATGCTGAGT.1,control,CD14 Mono
CTAGGATGCTGTAG.1,control,CD14 Mono
CTAGGATGGAGGCA.1,control,CD4 T
CTAGGATGTAGAGA.1,control,B
CTAGGATGTCAGAC.1,control,CD4 T
CTAGGATGTGCCAA.1,control,CD8 T
CTAGGATGTGTCCC.1,control,CD14 Mono
CTAGGATGTGTCTT.1,control,CD14 Mono
CTAGGCCTACGCTA.1,control,CD16 Mono
CTAGGCCTGGAGCA.1,control,CD14 Mono
CTAGGCCTTGTCCC.1,control,CD14 Mono
CTAGGTGACAATCG.1,control,CD14 Mono
CTAGGTGACACAAC.1,control,CD16 Mono
CTAGGTGACCACAA.1,control,CD14 Mono
CTAGGTGACGTTAG.1,control,T
CTAGGTGAGGACTT.1,control,CD4 T
CTAGGTGAGGTAGG.1,control,CD14 Mono
CTAGGTGATTATCC.1,control,DC
CTAGTTACCGTGTA.1,control,CD14 Mono
CTAGTTTGCCATAG.1,control,B
CTAGTTTGGATAAG.1,control,CD8 T
CTAGTTTGGCGTTA.1,control,CD4 T
CTATAAGACCCGTT.1,control,CD4 T
CTATAAGATGGATC.1,control,CD14 Mono
CTATACTGAGCTAC.1,control,T
CTATACTGAGTGTC.1,control,B
CTATACTGCGGAGA.1,control,CD16 Mono
CTATACTGCTCTAT.1,control,T
CTATACTGGGCATT.1,control,CD16 Mono
CTATACTGGTCCTC.1,control,DC
CTATACTGGTGAGG.1,control,NK
CTATACTGTCCCGT.1,control,B
CTATACTGTGTCGA.1,control,CD4 T
CTATACTGTTATCC.1,control,CD14 Mono
CTATACTGTTTGTC.1,control,CD14 Mono
CTATAGCTACCATG.1,control,CD14 Mono
CTATCAACATCTCT.1,control,CD14 Mono
CTATCAACGACTAC.1,control,CD4 T
CTATCAACGAGACG.1,control,CD14 Mono
CTATCAACGGTTCA.1,control,CD16 Mono
CTATCAACTCTCAT.1,control,CD14 Mono
CTATCAACTGCATG.1,control,CD4 T
CTATCATGTCTCGC.1,control,B
CTATCCCTCGATAC.1,control,CD14 Mono
CTATCCCTTGCCAA.1,control,CD14 Mono
CTATGACTCGAATC.1,control,B
CTATGACTGCTACA.1,control,T
CTATGACTTGTCGA.1,control,B
CTATGACTTTAGGC.1,control,B
CTATGACTTTTGTC.1,control,NK
CTATGTACGCATCA.1,control,CD14 Mono
CTATGTACGCTGAT.1,control,CD4 T
CTATGTACTCGCCT.1,control,B
CTATGTTGACCTCC.1,control,CD14 Mono
CTATGTTGTGGTCA.1,control,B
CTATGTTGTGTTCT.1,control,CD14 Mono
CTATTGACAACAGA.1,control,CD16 Mono
CTATTGACGTCAAC.1,control,CD16 Mono
CTATTGACTCTAGG.1,control,CD4 T
CTATTGTGAACGAA.1,control,CD14 Mono
CTATTGTGTACTGG.1,control,CD4 T
CTATTGTGTAGAGA.1,control,CD14 Mono
CTATTGTGTCCTAT.1,control,CD4 T
CTATTGTGTGTCTT.1,control,CD14 Mono
CTCAATTGCCAATG.1,control,B
CTCAATTGCGTTAG.1,control,CD14 Mono
CTCAATTGGACACT.1,control,CD8 T
CTCAATTGGCGATT.1,control,T
CTCAATTGGCTTCC.1,control,CD4 T
CTCAATTGGTCCTC.1,control,T
CTCAATTGTTGGCA.1,control,CD14 Mono
CTCAGAGAAAGGCG.1,control,B
CTCAGAGAGCAAGG.1,control,CD4 T
CTCAGAGAGGTAGG.1,control,CD16 Mono
CTCAGAGATCTGGA.1,control,CD14 Mono
CTCAGCACAAAGCA.1,control,CD4 T
CTCAGCACCCAATG.1,control,CD4 T
CTCAGCACCGATAC.1,control,CD4 T
CTCAGCACCTGCTC.1,control,CD14 Mono
CTCAGCACGGTAAA.1,control,CD16 Mono
CTCAGCACTGGTGT.1,control,DC
CTCAGCTGCATCAG.1,control,CD14 Mono
CTCAGCTGCTACTT.1,control,CD16 Mono
CTCAGCTGCTGATG.1,control,CD14 Mono
CTCAGCTGGAGGCA.1,control,DC
CTCAGCTGGTTTGG.1,control,T
CTCAGCTGTGGATC.1,control,CD16 Mono
CTCAGGCTAAAGTG.1,control,CD4 T
CTCAGGCTAAGCCT.1,control,CD14 Mono
CTCAGGCTATCTTC.1,control,CD8 T
CTCAGGCTCCAGTA.1,control,CD4 T
CTCAGGCTCGTGTA.1,control,CD14 Mono
CTCAGGCTCTCGAA.1,control,CD14 Mono
CTCAGGCTGGACAG.1,control,CD4 T
CTCATTGAATGACC.1,control,CD14 Mono
CTCATTGAGGTCAT.1,control,CD14 Mono
CTCATTGATGGTAC.1,control,NK
CTCCACGAAACGTC.1,control,CD14 Mono
CTCCACGAAAGGGC.1,control,CD8 T
CTCCACGAACGGGA.1,control,CD4 T
CTCCACGACTCGCT.1,control,CD14 Mono
CTCCACGACTCTTA.1,control,CD14 Mono
CTCCACGAGGAGTG.1,control,CD14 Mono
CTCCACGATAGACC.1,control,CD16 Mono
CTCCACGATTGAGC.1,control,NK
CTCCATCTAAAGTG.1,control,CD14 Mono
CTCCATCTAAGAAC.1,control,CD4 T
CTCCATCTATGCTG.1,control,CD4 T
CTCCATCTGAATGA.1,control,CD4 T
CTCCATCTGTATGC.1,control,CD14 Mono
CTCCATCTTAGCCA.1,control,CD8 T
CTCCGAACCCTATT.1,control,B
CTCCGAACGGATCT.1,control,NK
CTCCTACTAGTAGA.1,control,CD14 Mono
CTCCTACTGCGATT.1,control,CD14 Mono
CTCCTACTGTCATG.1,control,CD14 Mono
CTCCTACTGTGCTA.1,control,CD4 T
CTCCTACTTGTCCC.1,control,CD16 Mono
CTCGAAGAGAGGAC.1,control,CD14 Mono
CTCGAAGAGCGAAG.1,control,B
CTCGAAGAGTGTCA.1,control,CD14 Mono
CTCGACACAATGCC.1,control,CD16 Mono
CTCGACACGGTTAC.1,control,CD4 T
CTCGACACGTTCAG.1,control,B
CTCGACTGAGATGA.1,control,CD14 Mono
CTCGACTGCATTTC.1,control,CD14 Mono
CTCGACTGCGACAT.1,control,CD4 T
CTCGACTGGCTAAC.1,control,B
CTCGACTGGTACCA.1,control,CD14 Mono
CTCGAGCTATGACC.1,control,CD4 T
CTCGAGCTATGGTC.1,control,CD16 Mono
CTCGAGCTCAGATC.1,control,CD14 Mono
CTCGAGCTCATTCT.1,control,B
CTCGCATGAGAGAT.1,control,CD14 Mono
CTCGCATGCTTATC.1,control,CD14 Mono
CTCGCATGTCGCAA.1,control,CD16 Mono
CTCTAAACCCCTTG.1,control,CD14 Mono
CTCTAAACCTACGA.1,control,CD14 Mono
CTCTAAACCTCTAT.1,control,CD8 T
CTCTAAACGGACAG.1,control,CD14 Mono
CTCTAAACTTTGGG.1,control,CD4 T
CTCTAATGCTTGTT.1,control,CD8 T
CTCTAATGGAACCT.1,control,NK
CTCTAATGGTAAGA.1,control,T
CTCTAATGGTTCTT.1,control,CD14 Mono
CTCTAATGTCCTAT.1,control,CD16 Mono
CTCTAATGTCGTTT.1,control,CD4 T
CTCTAATGTGCACA.1,control,CD4 T
CTCTAATGTGTCAG.1,control,B
CTGAACGAGATAGA.1,control,DC
CTGAACGAGTAAAG.1,control,NK
CTGAAGACAGTACC.1,control,B
CTGAAGACAGTCAC.1,control,CD14 Mono
CTGAAGACCACTCC.1,control,CD14 Mono
CTGAAGTGACCGAT.1,control,CD4 T
CTGAAGTGATCTCT.1,control,CD14 Mono
CTGAAGTGCTCTTA.1,control,NK
CTGAAGTGGATGAA.1,control,CD14 Mono
CTGAAGTGTTTACC.1,control,CD16 Mono
CTGAATCTTAGCCA.1,control,CD14 Mono
CTGAATCTTTTACC.1,control,CD14 Mono
CTGACAGAAAACAG.1,control,B
CTGACAGACCTTGC.1,control,CD14 Mono
CTGACAGACGCCTT.1,control,CD8 T
CTGACAGACGTACA.1,control,CD14 Mono
CTGACAGAGAATGA.1,control,CD4 T
CTGACAGAGAGGGT.1,control,B
CTGACAGAGTCTAG.1,control,CD16 Mono
CTGACAGATGCCCT.1,control,CD4 T
CTGACCACGGAGGT.1,control,CD14 Mono
CTGACCACTGTCTT.1,control,CD4 T
CTGAGAACGTCAAC.1,control,NK
CTGAGAACTAAAGG.1,control,B
CTGAGAACTGAGCT.1,control,B
CTGAGAACTGCCAA.1,control,CD16 Mono
CTGAGAACTTGCAG.1,control,CD14 Mono
CTGAGCCTAACCGT.1,control,CD4 T
CTGAGCCTCCCTCA.1,control,CD14 Mono
CTGAGCCTCTTATC.1,control,CD14 Mono
CTGAGCCTTGAACC.1,control,B
CTGAGCCTTTGTGG.1,control,CD14 Mono
CTGATACTAATCGC.1,control,CD14 Mono
CTGATACTACGTAC.1,control,CD14 Mono
CTGATACTCTAGTG.1,control,CD4 T
CTGATACTGGACGA.1,control,CD14 Mono
CTGATACTTCTACT.1,control,B
CTGATGGACTATTC.1,control,CD4 T
CTGATGGAGGTATC.1,control,CD16 Mono
CTGATGGATCCTCG.1,control,NK
CTGATGGATGGTGT.1,control,T
CTGATGGATTTGGG.1,control,T
CTGATTTGAACCAC.1,control,CD16 Mono
CTGATTTGACTAGC.1,control,CD4 T
CTGCAGCTCCTTCG.1,control,CD8 T
CTGCAGCTCGTTAG.1,control,CD14 Mono
CTGCAGCTCTTACT.1,control,CD16 Mono
CTGCAGCTGAAACA.1,control,CD4 T
CTGCAGCTTACAGC.1,control,CD14 Mono
CTGCAGCTTCGACA.1,control,CD4 T
CTGCAGCTTTCTAC.1,control,CD16 Mono
CTGCCAACGACACT.1,control,CD14 Mono
CTGCCAACGTACCA.1,control,CD14 Mono
CTGCGACTAGTCAC.1,control,CD16 Mono
CTGCGACTATCGTG.1,control,T
CTGGAAACATACCG.1,control,CD14 Mono
CTGGAAACGCTAAC.1,control,CD14 Mono
CTGGAAACGGTACT.1,control,CD16 Mono
CTGGAAACGTTCGA.1,control,CD4 T
CTGGATGAAACGAA.1,control,B
CTGGATGAACAGCT.1,control,CD14 Mono
CTGGATGAAGGAGC.1,control,DC
CTGGATGAAGTCTG.1,control,DC
CTGGATGACGAGAG.1,control,CD4 T
CTGGATGAGCAGAG.1,control,CD16 Mono
CTGGATGATAGTCG.1,control,CD14 Mono
CTGGATGATTTCTG.1,control,CD8 T
CTGGCACTTATCGG.1,control,CD14 Mono
CTGTAACTAAAGTG.1,control,CD8 T
CTGTAACTACACGT.1,control,CD4 T
CTGTAACTAGACTC.1,control,CD4 T
CTGTAACTCTTGAG.1,control,CD4 T
CTGTAACTGGATTC.1,control,CD14 Mono
CTGTAACTGTTAGC.1,control,CD4 T
CTGTATACAAGTAG.1,control,B
CTGTATACATGCTG.1,control,CD4 T
CTGTATACTGTCAG.1,control,CD4 T
CTGTGAGATGGGAG.1,control,CD14 Mono
CTTAAAGAATACCG.1,control,CD8 T
CTTAACACCTGACA.1,control,CD14 Mono
CTTAACACGGAGTG.1,control,CD16 Mono
CTTAACACTCTCTA.1,control,CD4 T
CTTAACACTTACTC.1,control,NK
CTTAAGCTAGCCTA.1,control,CD14 Mono
CTTAAGCTATGCCA.1,control,CD14 Mono
CTTAAGCTGCTGTA.1,control,CD14 Mono
CTTAAGCTTAACGC.1,control,T
CTTAAGCTTACTCT.1,control,CD4 T
CTTAAGCTTTCCCG.1,control,CD14 Mono
CTTACAACAGCAAA.1,control,CD14 Mono
CTTACAACCCAGTA.1,control,CD14 Mono
CTTACAACCCTTTA.1,control,CD14 Mono
CTTACAACGCGTTA.1,control,CD16 Mono
CTTACATGAGTGTC.1,control,CD8 T
CTTACATGCAGGAG.1,control,CD4 T
CTTACATGGTACAC.1,control,CD4 T
CTTACATGGTCATG.1,control,CD14 Mono
CTTACATGGTGTCA.1,control,CD4 T
CTTACATGTCGATG.1,control,T
CTTACTGACCGTTC.1,control,CD4 T
CTTACTGACGAGTT.1,control,DC
CTTACTGATGCAAC.1,control,T
CTTACTGATGCTTT.1,control,CD4 T
CTTAGACTAGAGAT.1,control,NK
CTTAGACTCGTAGT.1,control,CD4 T
CTTAGACTCTTGAG.1,control,CD4 T
CTTAGACTGGGCAA.1,control,CD4 T
CTTAGACTGGTTCA.1,control,CD16 Mono
CTTAGACTGTCATG.1,control,CD4 T
CTTAGACTGTGCAT.1,control,B
CTTAGGGAAATGCC.1,control,CD14 Mono
CTTAGGGAACTGTG.1,control,NK
CTTAGGGACAGCTA.1,control,CD16 Mono
CTTAGGGACGTGAT.1,control,CD4 T
CTTAGGGACTAGTG.1,control,T
CTTAGGGATTCACT.1,control,CD16 Mono
CTTATCGAACACGT.1,control,CD4 T
CTTATCGAGACGGA.1,control,CD4 T
CTTATCGATCGCCT.1,control,B
CTTATCGATCTCGC.1,control,CD14 Mono
CTTCACCTACGGGA.1,control,CD4 T
CTTCACCTCGTTAG.1,control,NK
CTTCACCTGGTGTT.1,control,CD8 T
CTTCACCTTTTCGT.1,control,B
CTTCTAGAACGTTG.1,control,CD14 Mono
CTTCTAGAAGTGCT.1,control,CD4 T
CTTCTAGAATTTCC.1,control,CD14 Mono
CTTCTAGACCTTCG.1,control,CD14 Mono
CTTCTAGACGCAAT.1,control,CD14 Mono
CTTCTAGACTCCAC.1,control,CD14 Mono
CTTCTAGAGCCTTC.1,control,CD14 Mono
CTTCTAGATACGCA.1,control,B
CTTCTAGATGTGAC.1,control,CD14 Mono
CTTGAACTAAGGCG.1,control,CD14 Mono
CTTGAACTCTTATC.1,control,B
CTTGAACTGAATAG.1,control,CD8 T
CTTGAACTGCTGAT.1,control,CD14 Mono
CTTGAACTGTGCAT.1,control,CD14 Mono
CTTGAACTTGACTG.1,control,CD16 Mono
CTTGAGGATAGCCA.1,control,CD14 Mono
CTTGATTGACGGGA.1,control,NK
CTTGATTGTATTCC.1,control,CD4 T
CTTGATTGTCCTTA.1,control,T
CTTGATTGTGGTTG.1,control,B
CTTGTATGAGTACC.1,control,NK
CTTGTATGATCTTC.1,control,CD4 T
CTTGTATGGGTGAG.1,control,CD16 Mono
CTTGTATGGTTACG.1,control,CD4 T
CTTGTATGTTGCAG.1,control,CD4 T
CTTTACGAAAAGCA.1,control,DC
CTTTACGACAGAAA.1,control,CD14 Mono
CTTTACGAGGAAGC.1,control,CD4 T
CTTTACGAGGATTC.1,control,CD14 Mono
CTTTAGACGCCATA.1,control,CD14 Mono
CTTTAGACTGGGAG.1,control,DC
CTTTAGTGACCATG.1,control,B
CTTTAGTGAGGCGA.1,control,CD16 Mono
CTTTAGTGTCCCAC.1,control,CD4 T
CTTTCAGATCCGAA.1,control,CD4 T
CTTTCAGATTGCAG.1,control,CD14 Mono
CTTTGATGGCATCA.1,control,CD14 Mono
CTTTGATGGGACGA.1,control,CD16 Mono
CTTTGATGGTTGCA.1,control,CD16 Mono
CTTTGATGTGGAAA.1,control,CD4 T
GAAACAGACTGGTA.1,control,CD4 T
GAAACAGAGAGGCA.1,control,CD4 T
GAAACAGATGCTCC.1,control,CD14 Mono
GAAACAGATGTCCC.1,control,CD4 T
GAAACCTGCCACAA.1,control,NK
GAAACCTGCGTCTC.1,control,CD14 Mono
GAAACCTGGCCCTT.1,control,CD4 T
GAAACCTGGGTAGG.1,control,CD14 Mono
GAAACCTGTCCTAT.1,control,CD14 Mono
GAAACCTGTCTATC.1,control,CD16 Mono
GAAACCTGTTCTCA.1,control,CD16 Mono
GAAAGATGATTCTC.1,control,T
GAAAGATGCTTGTT.1,control,CD14 Mono
GAAAGCCTACCTAG.1,control,CD16 Mono
GAAAGCCTTCTTAC.1,control,CD4 T
GAAAGTGACGATAC.1,control,CD4 T
GAAAGTGAGCAGTT.1,control,CD4 T
GAAATACTCCAGTA.1,control,B
GAAATACTGGACAG.1,control,CD4 T
GAACACACAACAGA.1,control,CD4 T
GAACACACACCCAA.1,control,B
GAACACACACTACG.1,control,CD14 Mono
GAACACACATCGTG.1,control,DC
GAACACACCCGCTT.1,control,CD14 Mono
GAACACACGGCAAG.1,control,CD4 T
GAACAGCTAAGGCG.1,control,CD4 T
GAACAGCTAAGTAG.1,control,T
GAACAGCTACGGAG.1,control,CD4 T
GAACAGCTCTAGCA.1,control,DC
GAACAGCTTGTTTC.1,control,CD14 Mono
GAACCAACGGAGGT.1,control,CD8 T
GAACCAACGTGCTA.1,control,DC
GAACCAACTACGCA.1,control,B
GAACCAACTGCTCC.1,control,CD8 T
GAACCTGAACGGGA.1,control,CD16 Mono
GAACCTGAATGCTG.1,control,DC
GAACCTGAATGGTC.1,control,CD4 T
GAACCTGACCCGTT.1,control,CD4 T
GAACCTGAGCTCCT.1,control,CD14 Mono
GAACCTGATATCTC.1,control,CD4 T
GAACCTGATCGCAA.1,control,B
GAACGGGACACTCC.1,control,CD4 T
GAACGGGATACGCA.1,control,B
GAACGGGATGAGGG.1,control,CD4 T
GAACGTTGCCCACT.1,control,T
GAACGTTGGCCTTC.1,control,B
GAACGTTGGTTTGG.1,control,CD4 T
GAACGTTGTCGTAG.1,control,CD4 T
GAACGTTGTGCAAC.1,control,CD14 Mono
GAACGTTGTGGTTG.1,control,CD4 T
GAACTGTGACGGTT.1,control,CD4 T
GAACTGTGCAGATC.1,control,CD4 T
GAACTGTGCGAATC.1,control,CD4 T
GAACTGTGCTGAGT.1,control,CD14 Mono
GAACTGTGTATCTC.1,control,CD4 T
GAACTGTGTGAGCT.1,control,NK
GAAGAATGCCTACC.1,control,B
GAAGAATGCTACCC.1,control,CD14 Mono
GAAGATGAACCTGA.1,control,CD8 T
GAAGATGAGCAGTT.1,control,CD16 Mono
GAAGATGAGTCTAG.1,control,CD4 T
GAAGATGATATGGC.1,control,CD14 Mono
GAAGCGGAACGCTA.1,control,B
GAAGCGGAAGAAGT.1,control,CD4 T
GAAGCGGACATCAG.1,control,CD14 Mono
GAAGCGGATGAAGA.1,control,CD14 Mono
GAAGCGGATGGAGG.1,control,CD14 Mono
GAAGCTACCAGAAA.1,control,CD8 T
GAAGCTACCAGTTG.1,control,CD14 Mono
GAAGCTACCCATAG.1,control,CD14 Mono
GAAGCTACTAAGGA.1,control,CD16 Mono
GAAGCTACTGGATC.1,control,B
GAAGCTTGACCTTT.1,control,CD14 Mono
GAAGCTTGACGGTT.1,control,CD4 T
GAAGCTTGATGTGC.1,control,B
GAAGCTTGCCACAA.1,control,CD4 T
GAAGCTTGCCCTTG.1,control,CD14 Mono
GAAGCTTGCTCATT.1,control,CD14 Mono
GAAGCTTGGGAGTG.1,control,T
GAAGCTTGGGGAGT.1,control,T
GAAGGGTGAGCTCA.1,control,CD4 T
GAAGGGTGCTGGAT.1,control,T
GAAGGGTGGTACGT.1,control,CD14 Mono
GAAGGGTGTGTGGT.1,control,CD14 Mono
GAAGGGTGTTATCC.1,control,CD16 Mono
GAAGGTCTACGACT.1,control,DC
GAAGGTCTCAGGAG.1,control,T
GAAGGTCTTAGCCA.1,control,CD14 Mono
GAAGTAGACCCTTG.1,control,DC
GAAGTCACACCACA.1,control,CD16 Mono
GAAGTCACACCTAG.1,control,DC
GAAGTCTGAACGAA.1,control,CD14 Mono
GAAGTCTGAACGGG.1,control,CD16 Mono
GAAGTCTGCATGAC.1,control,CD14 Mono
GAAGTCTGGTTACG.1,control,CD16 Mono
GAAGTCTGTAAGGA.1,control,CD14 Mono
GAAGTCTGTCCGAA.1,control,CD14 Mono
GAAGTCTGTTCGTT.1,control,B
GAAGTCTGTTTCAC.1,control,CD16 Mono
GAAGTGCTTAGCCA.1,control,B
GAAGTGCTTTTCGT.1,control,CD14 Mono
GAATGCACCTTCCG.1,control,CD14 Mono
GAATGCACCTTTAC.1,control,CD4 T
GAATGCACTATCTC.1,control,T
GAATGCACTCTTTG.1,control,CD8 T
GAATGCTGGATAGA.1,control,CD16 Mono
GAATGCTGTTGCAG.1,control,CD4 T
GAATGGCTCTCAAG.1,control,T
GAATGGCTCTGGAT.1,control,CD14 Mono
GAATGGCTGAAGGC.1,control,B
GAATGGCTGCTTAG.1,control,DC
GAATGGCTGTGTAC.1,control,B
GAATGGCTTTCAGG.1,control,CD14 Mono
GAATTAACAGATGA.1,control,DC
GAATTAACTCTTAC.1,control,NK
GACAACACACGTTG.1,control,CD8 T
GACAACTGCGTACA.1,control,CD8 T
GACAACTGTACAGC.1,control,CD4 T
GACAACTGTCGTAG.1,control,CD14 Mono
GACAACTGTCTTTG.1,control,T
GACAACTGTGACAC.1,control,CD14 Mono
GACACTGAAGGAGC.1,control,CD4 T
GACACTGACACTCC.1,control,CD14 Mono
GACACTGACTGCAA.1,control,CD4 T
GACACTGAGTTGGT.1,control,CD14 Mono
GACACTGATTTGCT.1,control,DC
GACAGGGAACTGTG.1,control,DC
GACAGGGAAGATGA.1,control,CD16 Mono
GACAGGGAATCTTC.1,control,CD14 Mono
GACAGGGATCGTTT.1,control,CD14 Mono
GACAGGGATTGGCA.1,control,CD14 Mono
GACAGTACCCTGAA.1,control,CD14 Mono
GACAGTACGAATCC.1,control,CD16 Mono
GACAGTACGTCTTT.1,control,CD4 T
GACAGTACTGTCAG.1,control,B
GACAGTTGATCGGT.1,control,CD4 T
GACAGTTGGTTGCA.1,control,CD14 Mono
GACAGTTGTAAGGA.1,control,CD14 Mono
GACATTCTGAGGGT.1,control,CD4 T
GACATTCTGATACC.1,control,CD8 T
GACATTCTGGGACA.1,control,CD14 Mono
GACATTCTGTCTTT.1,control,NK
GACATTCTGTGCAT.1,control,CD8 T
GACATTCTTCTTAC.1,control,CD4 T
GACCAAACCTGACA.1,control,T
GACCATGACTTGCC.1,control,CD14 Mono
GACCATGAGGGACA.1,control,CD14 Mono
GACCCTACACGTAC.1,control,CD4 T
GACCCTACCGAACT.1,control,NK
GACCCTACGGAGCA.1,control,CD4 T
GACCCTACTGGAGG.1,control,NK
GACCTAGAAGTCAC.1,control,CD4 T
GACCTAGAATACCG.1,control,CD4 T
GACCTAGACGACTA.1,control,CD14 Mono
GACCTAGACTGAGT.1,control,CD4 T
GACCTAGAGAGGTG.1,control,CD4 T
GACCTAGATACGAC.1,control,DC
GACCTAGATGGAGG.1,control,CD8 T
GACCTCACAGATCC.1,control,NK
GACCTCACCCAACA.1,control,DC
GACCTCACGTCGAT.1,control,CD4 T
GACCTCACTTCCGC.1,control,CD14 Mono
GACCTCTGCGCAAT.1,control,CD4 T
GACCTCTGTCCTAT.1,control,B
GACCTCTGTGGAAA.1,control,B
GACCTCTGTTGAGC.1,control,CD14 Mono
GACGAACTAACCTG.1,control,CD16 Mono
GACGAACTAGTCGT.1,control,CD16 Mono
GACGAACTCCGCTT.1,control,CD14 Mono
GACGAGGAAGTTCG.1,control,CD14 Mono
GACGAGGATTCCGC.1,control,CD14 Mono
GACGATTGACCACA.1,control,CD14 Mono
GACGATTGCTAGAC.1,control,T
GACGATTGGCATCA.1,control,CD14 Mono
GACGATTGTGTGCA.1,control,B
GACGCCGAACCTGA.1,control,CD14 Mono
GACGCCGAACGTAC.1,control,CD4 T
GACGCCGACGTAGT.1,control,CD14 Mono
GACGCCGAGTCATG.1,control,T
GACGCCGAGTCCTC.1,control,CD14 Mono
GACGCCGATCCTCG.1,control,CD14 Mono
GACGCTCTCATTTC.1,control,B
GACGCTCTCTGCAA.1,control,DC
GACGCTCTTCTAGG.1,control,CD4 T
GACGGCACAATCGC.1,control,B
GACGGCACCTCCCA.1,control,CD14 Mono
GACGGCACGGCGAA.1,control,CD14 Mono
GACGGCACGGTTTG.1,control,CD16 Mono
GACGTAACACCTAG.1,control,B
GACGTAACCGGTAT.1,control,NK
GACGTAACCTGACA.1,control,CD14 Mono
GACGTAACGAACCT.1,control,T
GACGTATGACAGCT.1,control,CD14 Mono
GACGTATGAGTAGA.1,control,CD4 T
GACGTATGATTCTC.1,control,CD4 T
GACGTATGCCCACT.1,control,CD14 Mono
GACGTATGCCTGAA.1,control,B
GACGTATGGTACAC.1,control,CD4 T
GACGTATGTGCAAC.1,control,CD4 T
GACGTATGTTGTGG.1,control,CD14 Mono
GACGTCCTATTCCT.1,control,B
GACGTCCTCAGTTG.1,control,CD4 T
GACGTCCTCCGTTC.1,control,CD14 Mono
GACGTCCTGATGAA.1,control,CD14 Mono
GACGTCCTTGTCAG.1,control,CD4 T
GACTACGAGTGAGG.1,control,CD16 Mono
GACTACGATCCTGC.1,control,CD4 T
GACTACGATGGAAA.1,control,CD14 Mono
GACTACGATTCTCA.1,control,CD14 Mono
GACTCCTGACAGTC.1,control,CD4 T
GACTCCTGAGATCC.1,control,DC
GACTCCTGCGGGAA.1,control,CD4 T
GACTCCTGGAGAGC.1,control,B
GACTCCTGGTCCTC.1,control,CD4 T
GACTCCTGTCTACT.1,control,CD4 T
GACTGAACCGCATA.1,control,CD16 Mono
GACTGAACCTCGCT.1,control,CD4 T
GACTGAACTGGAGG.1,control,CD4 T
GACTGATGCCGTAA.1,control,CD8 T
GACTGATGGTAGGG.1,control,CD4 T
GACTGATGGTCACA.1,control,CD4 T
GACTGATGTGAAGA.1,control,CD14 Mono
GACTGTGACGGGAA.1,control,CD14 Mono
GACTGTGAGTTACG.1,control,T
GACTGTGATAGAAG.1,control,CD4 T
GACTTTACATAAGG.1,control,CD4 T
GACTTTACATGCTG.1,control,CD4 T
GACTTTACCATGCA.1,control,CD14 Mono
GACTTTACCTCATT.1,control,CD14 Mono
GACTTTACGCGAAG.1,control,CD4 T
GACTTTACGCTTAG.1,control,CD14 Mono
GACTTTACGTACGT.1,control,CD4 T
GACTTTACTCAGGT.1,control,CD16 Mono
GAGAAATGCCCGTT.1,control,CD4 T
GAGAAATGCCTTGC.1,control,CD16 Mono
GAGAAATGCTACGA.1,control,CD16 Mono
GAGAAATGTCTGGA.1,control,CD14 Mono
GAGAGGTGAAGGCG.1,control,CD14 Mono
GAGAGGTGAGCATC.1,control,CD16 Mono
GAGAGGTGCAGTCA.1,control,CD4 T
GAGAGGTGCTCCAC.1,control,CD4 T
GAGAGGTGGAATCC.1,control,CD4 T
GAGAGGTGGGAGCA.1,control,CD4 T
GAGAGGTGGGAGTG.1,control,CD14 Mono
GAGAGGTGTCCTAT.1,control,B
GAGATAGAACCTCC.1,control,CD14 Mono
GAGATAGAATCGTG.1,control,CD14 Mono
GAGATAGACTGACA.1,control,CD4 T
GAGATAGAGTTAGC.1,control,CD14 Mono
GAGATAGATCTCAT.1,control,CD4 T
GAGATAGATTTCTG.1,control,CD4 T
GAGATGCTACGGGA.1,control,CD14 Mono
GAGATGCTGGGTGA.1,control,CD8 T
GAGATGCTGTTACG.1,control,CD14 Mono
GAGCAACTATCAGC.1,control,CD4 T
GAGCAACTGAGGGT.1,control,NK
GAGCAACTGGTCTA.1,control,CD4 T
GAGCAGGACTTAGG.1,control,CD16 Mono
GAGCAGGATGCTAG.1,control,CD4 T
GAGCATACAGCCTA.1,control,B
GAGCATACGAGCTT.1,control,CD4 T
GAGCATACGGGAGT.1,control,B
GAGCATACTCGCCT.1,control,CD14 Mono
GAGCATACTGATGC.1,control,CD14 Mono
GAGCGAGAAACCGT.1,control,CD14 Mono
GAGCGAGAGGAGTG.1,control,CD4 T
GAGCGAGATCATTC.1,control,CD4 T
GAGCGCTGATTCGG.1,control,CD4 T
GAGCGCTGCATACG.1,control,CD16 Mono
GAGCGCTGTGTTCT.1,control,DC
GAGCGGCTGTTACG.1,control,CD14 Mono
GAGCGGCTTACAGC.1,control,CD4 T
GAGCTCCTAGCATC.1,control,CD14 Mono
GAGCTCCTATACCG.1,control,NK
GAGCTCCTCACTTT.1,control,CD14 Mono
GAGCTCCTGCATCA.1,control,DC
GAGGACGACGAATC.1,control,CD14 Mono
GAGGACGACGATAC.1,control,B
GAGGACGACGTGAT.1,control,CD14 Mono
GAGGACGAGGAGCA.1,control,CD4 T
GAGGACGATAGACC.1,control,CD4 T
GAGGACGATTTGTC.1,control,CD4 T
GAGGATCTGACAAA.1,control,CD14 Mono
GAGGATCTTGGTAC.1,control,CD14 Mono
GAGGCAGAACTGTG.1,control,CD16 Mono
GAGGCAGAGAATAG.1,control,CD14 Mono
GAGGCAGAGAGACG.1,control,CD4 T
GAGGCCACATGTGC.1,control,B
GAGGCCACCGAATC.1,control,CD4 T
GAGGCCACCTAAGC.1,control,CD16 Mono
GAGGCCACTCTCCG.1,control,DC
GAGGCCACTTCGTT.1,control,CD14 Mono
GAGGGAACAATGCC.1,control,CD14 Mono
GAGGGAACATGTCG.1,control,B
GAGGGAACCAGAAA.1,control,CD4 T
GAGGGAACCCTATT.1,control,CD4 T
GAGGGAACTATCTC.1,control,CD14 Mono
GAGGGATGAAGGGC.1,control,CD14 Mono
GAGGGATGTATTCC.1,control,B
GAGGGCCTAGCTAC.1,control,CD4 T
GAGGGCCTTGAGAA.1,control,CD4 T
GAGGGTGAATGCCA.1,control,CD4 T
GAGGGTGACAATCG.1,control,B
GAGGGTGACCCTTG.1,control,B
GAGGGTGAGGCAAG.1,control,CD4 T
GAGGGTGATGCAAC.1,control,B
GAGGTACTAGGTCT.1,control,CD4 T
GAGGTACTGCGAAG.1,control,T
GAGGTACTGTTGAC.1,control,CD8 T
GAGGTGGAACGTAC.1,control,T
GAGGTGGAAGAGAT.1,control,CD4 T
GAGGTGGAAGTCAC.1,control,CD4 T
GAGGTGGAGCTAAC.1,control,CD14 Mono
GAGGTGGATGCCCT.1,control,CD14 Mono
GAGGTGGATGTGGT.1,control,CD4 T
GAGGTTACACCTGA.1,control,CD14 Mono
GAGGTTACAGGCGA.1,control,CD14 Mono
GAGGTTACCATACG.1,control,CD8 T
GAGGTTACTGCCTC.1,control,CD14 Mono
GAGGTTACTTGAGC.1,control,T
GAGGTTTGAGTCAC.1,control,CD4 T
GAGGTTTGGACGTT.1,control,CD14 Mono
GAGGTTTGGTCGTA.1,control,CD4 T
GAGTACACATACCG.1,control,CD4 T
GAGTACACCATTTC.1,control,B
GAGTACACCCACCT.1,control,CD14 Mono
GAGTACACCTGACA.1,control,CD16 Mono
GAGTACACTACAGC.1,control,CD14 Mono
GAGTACACTGAGGG.1,control,CD16 Mono
GAGTACTGACCGAT.1,control,T
GAGTACTGTTCCAT.1,control,CD4 T
GAGTCAACGGGAGT.1,control,CD14 Mono
GAGTCAACTCGCAA.1,control,CD14 Mono
GAGTCAACTCTACT.1,control,CD4 T
GAGTCAACTGACAC.1,control,CD8 T
GAGTCTGAAAGCCT.1,control,CD4 T
GAGTCTGAGAGGCA.1,control,CD16 Mono
GAGTCTGAGGTAGG.1,control,B
GAGTCTGAGTAAAG.1,control,CD4 T
GAGTCTGATACTGG.1,control,B
GAGTGACTAGTCTG.1,control,CD14 Mono
GAGTGACTGACACT.1,control,B
GAGTGACTTGAACC.1,control,CD14 Mono
GAGTGACTTGTTTC.1,control,CD8 T
GAGTGGGACTAGTG.1,control,CD4 T
GAGTGGGACTATTC.1,control,NK
GAGTGGGATGTCAG.1,control,B
GAGTGTTGCACTTT.1,control,CD14 Mono
GAGTGTTGCCTGTC.1,control,CD14 Mono
GAGTGTTGCGGGAA.1,control,B
GAGTGTTGGCTTAG.1,control,CD16 Mono
GAGTGTTGTGTGCA.1,control,CD4 T
GAGTTGTGAACGAA.1,control,T
GAGTTGTGATAAGG.1,control,CD14 Mono
GAGTTGTGTGCTCC.1,control,CD14 Mono
GATAAGGAATTTCC.1,control,CD4 T
GATAAGGACACAAC.1,control,CD14 Mono
GATAAGGACCGCTT.1,control,CD4 T
GATAAGGAGAGATA.1,control,B
GATAAGGAGTTGAC.1,control,CD8 T
GATAAGGATGGTTG.1,control,CD14 Mono
GATAAGGATTACCT.1,control,CD16 Mono
GATAATACAGTGCT.1,control,CD14 Mono
GATAATACCAACCA.1,control,B
GATAATACCGCCTT.1,control,CD4 T
GATAATACCTTCGC.1,control,CD14 Mono
GATAATACGGAGGT.1,control,CD16 Mono
GATAATACTTCTAC.1,control,CD14 Mono
GATACTCTGAGGAC.1,control,CD16 Mono
GATACTCTGCATAC.1,control,CD14 Mono
GATACTCTTGCATG.1,control,CD4 T
GATAGAGAAGAAGT.1,control,CD14 Mono
GATAGAGACGAGAG.1,control,CD16 Mono
GATAGAGACGGAGA.1,control,B
GATAGCACTGAGGG.1,control,CD16 Mono
GATAGCACTTTCGT.1,control,NK
GATATAACAGGTCT.1,control,CD14 Mono
GATATAACCCACAA.1,control,CD4 T
GATATAACTTTGCT.1,control,B
GATATATGCCTGAA.1,control,CD14 Mono
GATATATGGGGAGT.1,control,CD8 T
GATATATGGTAAAG.1,control,CD4 T
GATATATGTGCTTT.1,control,CD14 Mono
GATATATGTGTTTC.1,control,CD8 T
GATATTGAAACTGC.1,control,CD14 Mono
GATATTGAAATGCC.1,control,CD14 Mono
GATATTGAACACGT.1,control,CD4 T
GATATTGAAGTCGT.1,control,B
GATATTGACGCTAA.1,control,CD4 T
GATATTGAGGTGGA.1,control,CD14 Mono
GATATTGATCGACA.1,control,B
GATCATCTAGGGTG.1,control,CD16 Mono
GATCATCTCTGGAT.1,control,CD4 T
GATCCCTGAGCCTA.1,control,B
GATCCCTGATTGGC.1,control,NK
GATCCCTGCTCCAC.1,control,CD14 Mono
GATCCCTGGCATCA.1,control,CD4 T
GATCCCTGGCTTAG.1,control,CD16 Mono
GATCCCTGTCTTCA.1,control,CD4 T
GATCCGCTAAGGGC.1,control,B
GATCCGCTACCCAA.1,control,CD14 Mono
GATCCGCTGGTTTG.1,control,CD14 Mono
GATCGAACAATGCC.1,control,CD4 T
GATCGAACATCAGC.1,control,CD14 Mono
GATCGAACATCGGT.1,control,B
GATCGAACGGGTGA.1,control,CD14 Mono
GATCGATGACCACA.1,control,CD4 T
GATCGATGACCTTT.1,control,CD4 T
GATCGATGCCATAG.1,control,CD14 Mono
GATCGATGTAAGGA.1,control,CD8 T
GATCGTGAACCTAG.1,control,B
GATCTACTATCTTC.1,control,CD4 T
GATCTACTCGGTAT.1,control,CD4 T
GATCTTACCTGAAC.1,control,CD14 Mono
GATCTTACCTGATG.1,control,CD14 Mono
GATCTTACGGACAG.1,control,CD4 T
GATCTTACTATCTC.1,control,NK
GATCTTTGCACCAA.1,control,CD16 Mono
GATCTTTGCCTCAC.1,control,CD4 T
GATCTTTGCTTCTA.1,control,CD14 Mono
GATCTTTGGACGAG.1,control,CD4 T
GATCTTTGGAGGCA.1,control,CD4 T
GATGACACAGCTCA.1,control,T
GATGACACTGCTAG.1,control,CD4 T
GATGCAACACCACA.1,control,CD4 T
GATGCAACACCAGT.1,control,DC
GATGCAACCATGGT.1,control,CD14 Mono
GATGCAACGCCTTC.1,control,CD4 T
GATGCATGAGGTTC.1,control,NK
GATGCATGATTCGG.1,control,B
GATGCATGGTACGT.1,control,CD4 T
GATGCCCTAGAATG.1,control,CD14 Mono
GATGCCCTCTCGCT.1,control,DC
GATGCCCTGACACT.1,control,CD16 Mono
GATGCCCTGCGATT.1,control,CD4 T
GATGCCCTGGTCTA.1,control,CD8 T
GATGCCCTTGGGAG.1,control,CD14 Mono
GATTACCTAATGCC.1,control,CD14 Mono
GATTACCTCGACAT.1,control,DC
GATTACCTCTCCCA.1,control,T
GATTACCTGCGTAT.1,control,CD14 Mono
GATTACCTGCTACA.1,control,CD4 T
GATTACCTGGCAAG.1,control,T
GATTACCTGGTGTT.1,control,CD16 Mono
GATTACCTTATTCC.1,control,CD14 Mono
GATTCGGAATAAGG.1,control,CD14 Mono
GATTCGGAATCTCT.1,control,CD14 Mono
GATTCGGAATGGTC.1,control,CD14 Mono
GATTCGGACGCCTT.1,control,CD4 T
GATTCGGAGAACTC.1,control,CD14 Mono
GATTCGGAGAATAG.1,control,B
GATTCGGAGGCATT.1,control,CD14 Mono
GATTCGGAGTATCG.1,control,CD4 T
GATTCTACAAGAGT.1,control,T
GATTCTACCCCACT.1,control,CD4 T
GATTCTACCGGGAA.1,control,CD14 Mono
GATTCTACGCAGAG.1,control,CD4 T
GATTCTACGGTCTA.1,control,CD4 T
GATTCTTGAACCAC.1,control,CD14 Mono
GATTCTTGTCAGAC.1,control,CD4 T
GATTCTTGTGCAAC.1,control,CD16 Mono
GATTCTTGTGGTTG.1,control,CD14 Mono
GATTGGACAGACTC.1,control,CD14 Mono
GATTGGACATCACG.1,control,NK
GATTGGACCATGCA.1,control,DC
GATTGGACCGTACA.1,control,CD14 Mono
GATTGGACCTCCAC.1,control,CD4 T
GATTGGACGGAGGT.1,control,T
GATTGGACTGGTTG.1,control,CD14 Mono
GATTGGTGCTGATG.1,control,CD14 Mono
GATTGGTGTAACCG.1,control,T
GATTGGTGTTCCGC.1,control,CD4 T
GATTTAGAGCTATG.1,control,CD14 Mono
GATTTAGAGTACAC.1,control,B
GATTTAGAGTACGT.1,control,CD4 T
GATTTAGAGTGAGG.1,control,CD4 T
GATTTAGATGCGTA.1,control,CD14 Mono
GATTTGCTAGTCTG.1,control,CD4 T
GATTTGCTCTAGCA.1,control,CD14 Mono
GATTTGCTGAGACG.1,control,B
GATTTGCTGCGTTA.1,control,CD14 Mono
GCAAACTGAGATCC.1,control,T
GCAAACTGCGGGAA.1,control,NK
GCAAACTGCGTAAC.1,control,CD14 Mono
GCAACCCTCAGAGG.1,control,CD14 Mono
GCAACCCTCCAATG.1,control,B
GCAACCCTGAGGGT.1,control,CD14 Mono
GCAACCCTGGCAAG.1,control,NK
GCAACCCTTACTGG.1,control,CD14 Mono
GCAACCCTTGGAAA.1,control,B
GCAACCCTTGTCGA.1,control,CD8 T
GCAACTGAAGAGGC.1,control,CD14 Mono
GCAACTGACCGAAT.1,control,CD4 T
GCAACTGACTCGCT.1,control,CD16 Mono
GCAACTGATCAGGT.1,control,CD4 T
GCAACTGATTCAGG.1,control,CD14 Mono
GCAAGACTGGTAGG.1,control,CD8 T
GCAAGACTGTTCTT.1,control,CD4 T
GCAATCGAGGAAGC.1,control,CD4 T
GCAATCGAGGAGCA.1,control,CD14 Mono
GCAATCGAGGTAGG.1,control,CD4 T
GCAATCGATCTCCG.1,control,CD16 Mono
GCAATTCTAAAGTG.1,control,CD4 T
GCAATTCTCTCGCT.1,control,B
GCAATTCTTGAGAA.1,control,CD4 T
GCAATTCTTGGAAA.1,control,B
GCACAAACACAGTC.1,control,CD14 Mono
GCACAATGACTACG.1,control,CD16 Mono
GCACAATGCTACGA.1,control,B
GCACAATGCTTGCC.1,control,CD14 Mono
GCACAATGGCTAAC.1,control,CD4 T
GCACAATGTCCCGT.1,control,CD14 Mono
GCACACCTACGTAC.1,control,B
GCACACCTCTGAGT.1,control,CD4 T
GCACACCTCTGTCC.1,control,B
GCACACCTGGGATG.1,control,CD14 Mono
GCACCACTAGGTTC.1,control,B
GCACCACTCGTCTC.1,control,CD4 T
GCACCACTGCGGAA.1,control,CD16 Mono
GCACCACTTAAGCC.1,control,CD16 Mono
GCACCTACAACGGG.1,control,CD14 Mono
GCACCTACACTCTT.1,control,CD4 T
GCACCTACGCTCCT.1,control,CD16 Mono
GCACCTACGTAGGG.1,control,CD4 T
GCACGGACCCAATG.1,control,CD14 Mono
GCACGGACCCGCTT.1,control,CD4 T
GCACGGACCCTTAT.1,control,B
GCACGGACCGATAC.1,control,CD4 T
GCACGGACTGTTCT.1,control,CD14 Mono
GCACGGTGCTTGCC.1,control,T
GCACGGTGCTTGTT.1,control,DC
GCACGGTGTCTACT.1,control,CD16 Mono
GCACGGTGTGCCCT.1,control,NK
GCACGGTGTGTTTC.1,control,CD14 Mono
GCACGTCTAACCGT.1,control,DC
GCACGTCTCCTCAC.1,control,CD14 Mono
GCACGTCTGAGGGT.1,control,CD8 T
GCACGTCTGGTGGA.1,control,CD4 T
GCACGTCTGGTGTT.1,control,CD14 Mono
GCACGTCTTTACTC.1,control,CD14 Mono
GCACGTCTTTCACT.1,control,CD14 Mono
GCACTAGAAGGTTC.1,control,CD4 T
GCACTAGACAGAGG.1,control,B
GCACTAGAGGAGTG.1,control,CD4 T
GCACTAGATACTTC.1,control,CD4 T
GCACTGCTGCAGAG.1,control,CD4 T
GCACTGCTTTCCCG.1,control,CD14 Mono
GCAGATACCGATAC.1,control,B
GCAGATACCTTGCC.1,control,DC
GCAGATACGACTAC.1,control,CD8 T
GCAGATACGGCGAA.1,control,B
GCAGATACTTGACG.1,control,B
GCAGATACTTTGTC.1,control,CD14 Mono
GCAGCCGAAGAGAT.1,control,CD4 T
GCAGCGTGAAGTGA.1,control,CD14 Mono
GCAGCGTGTAAGCC.1,control,CD4 T
GCAGCGTGTAGCGT.1,control,CD4 T
GCAGCGTGTGACAC.1,control,CD14 Mono
GCAGCTCTATTCGG.1,control,CD4 T
GCAGCTCTGTTGTG.1,control,CD14 Mono
GCAGCTCTTACTTC.1,control,B
GCAGGCACGGCATT.1,control,B
GCAGGCACTTACCT.1,control,CD16 Mono
GCAGGGCTAGATGA.1,control,CD16 Mono
GCAGGGCTGAACCT.1,control,CD4 T
GCAGGGCTGGCGAA.1,control,B
GCAGGGCTGTACAC.1,control,CD14 Mono
GCAGGGCTTCGCCT.1,control,CD4 T
GCAGTCCTAGTTCG.1,control,CD14 Mono
GCAGTCCTATAAGG.1,control,CD14 Mono
GCAGTCCTCGGAGA.1,control,CD8 T
GCAGTCCTGAGCTT.1,control,CD14 Mono
GCAGTCCTTCGTAG.1,control,B
GCAGTTGAAACCTG.1,control,CD4 T
GCAGTTGACCGTAA.1,control,CD16 Mono
GCAGTTGACGAATC.1,control,CD14 Mono
GCAGTTGACGCAAT.1,control,CD14 Mono
GCAGTTGACTACGA.1,control,CD14 Mono
GCAGTTGACTGAGT.1,control,DC
GCAGTTGAGGTGGA.1,control,CD14 Mono
GCAGTTGAGTTGTG.1,control,CD4 T
GCAGTTGATCCGAA.1,control,CD4 T
GCATCAGAAACCGT.1,control,CD14 Mono
GCATCAGAGGTTTG.1,control,T
GCATCAGATGCTCC.1,control,CD14 Mono
GCATGATGAACTGC.1,control,NK
GCATGATGGCCCTT.1,control,CD4 T
GCATGTGACATGAC.1,control,B
GCATGTGACCGAAT.1,control,DC
GCATGTGAGCCAAT.1,control,CD4 T
GCATTGGACTCAAG.1,control,CD4 T
GCATTGGATAACCG.1,control,CD4 T
GCATTGGATCCGAA.1,control,CD14 Mono
GCATTGGATTCATC.1,control,NK
GCCAAAACGGGCAA.1,control,CD14 Mono
GCCAAATGATCGTG.1,control,CD4 T
GCCAAATGCGTACA.1,control,CD16 Mono
GCCAAATGGTTGAC.1,control,CD14 Mono
GCCAACCTAACGAA.1,control,CD14 Mono
GCCAACCTCTTCGC.1,control,CD4 T
GCCAACCTGTTCTT.1,control,CD14 Mono
GCCAACCTTCCTTA.1,control,CD14 Mono
GCCAACCTTGCTTT.1,control,CD14 Mono
GCCACGGAACGTTG.1,control,CD16 Mono
GCCACGGAAGCGTT.1,control,T
GCCACGGACATGGT.1,control,CD14 Mono
GCCACGGACGAATC.1,control,CD14 Mono
GCCACGGACGATAC.1,control,CD4 T
GCCACGGACTGTCC.1,control,T
GCCACGGAGGATCT.1,control,CD14 Mono
GCCACTACAGCCAT.1,control,CD16 Mono
GCCACTACCCATAG.1,control,CD16 Mono
GCCACTACGCGAGA.1,control,NK
GCCACTACTTACCT.1,control,CD4 T
GCCACTACTTTACC.1,control,CD16 Mono
GCCATCACTATGGC.1,control,CD16 Mono
GCCATGCTCTCCCA.1,control,CD14 Mono
GCCCAACTACTGGT.1,control,CD14 Mono
GCCCAACTTGCTTT.1,control,CD8 T
GCCCAGGAAGTCTG.1,control,B
GCCCAGGACTAGTG.1,control,DC
GCCCAGGAGAAGGC.1,control,CD4 T
GCCCAGGAGGATCT.1,control,CD4 T
GCCCAGGATGAGCT.1,control,NK
GCCCATACACTTTC.1,control,B
GCCCATACTGATGC.1,control,CD14 Mono
GCCGACGACCACCT.1,control,CD16 Mono
GCCGACGATAACCG.1,control,DC
GCCGACGATACTCT.1,control,B
GCCGACGATGGTCA.1,control,CD14 Mono
GCCGACGATTCCAT.1,control,CD8 T
GCCGAGTGACAGTC.1,control,CD4 T
GCCGAGTGCTGAGT.1,control,CD14 Mono
GCCGAGTGGCTCCT.1,control,CD16 Mono
GCCGAGTGGTTCTT.1,control,CD8 T
GCCGAGTGGTTTGG.1,control,CD14 Mono
GCCGAGTGTGCCCT.1,control,CD8 T
GCCGGAACAATGCC.1,control,B
GCCGGAACACCAGT.1,control,CD14 Mono
GCCGGAACCTACTT.1,control,CD14 Mono
GCCGGAACGTCTTT.1,control,CD8 T
GCCGGAACTTCGTT.1,control,CD14 Mono
GCCGTACTAACCTG.1,control,CD16 Mono
GCCGTACTCAGTTG.1,control,NK
GCCGTACTCCACCT.1,control,B
GCCGTACTCCGATA.1,control,CD4 T
GCCGTACTTGTGGT.1,control,B
GCCTACACATAAGG.1,control,CD4 T
GCCTACACCCCGTT.1,control,CD14 Mono
GCCTACACGAATGA.1,control,CD14 Mono
GCCTACACTGTCTT.1,control,CD14 Mono
GCCTAGCTACCAGT.1,control,CD14 Mono
GCCTAGCTCCACCT.1,control,CD16 Mono
GCCTAGCTCCATAG.1,control,CD14 Mono
GCCTAGCTGCATCA.1,control,B
GCCTAGCTGTCGTA.1,control,CD4 T
GCCTAGCTTGCCTC.1,control,CD14 Mono
GCCTCAACCCCTCA.1,control,CD16 Mono
GCCTCAACCCTCCA.1,control,CD14 Mono
GCCTCAACGGGATG.1,control,CD4 T
GCCTCAACTCTAGG.1,control,CD14 Mono
GCCTCATGAAGAGT.1,control,CD14 Mono
GCCTCATGCCTGTC.1,control,T
GCCTCATGCGGGAA.1,control,CD14 Mono
GCCTCATGGTCCTC.1,control,B
GCCTCATGTAAGGA.1,control,CD4 T
GCCTCATGTGCGTA.1,control,CD4 T
GCCTGACTCCTTCG.1,control,CD14 Mono
GCCTGACTCGTGTA.1,control,B
GCCTGACTTAAGCC.1,control,CD4 T
GCCTGACTTAGTCG.1,control,CD16 Mono
GCGAAGGACTAGTG.1,control,CD14 Mono
GCGAAGGACTGAAC.1,control,CD14 Mono
GCGAAGGAGAGGGT.1,control,CD16 Mono
GCGAAGGAGGTAAA.1,control,CD14 Mono
GCGAAGGAGGTTAC.1,control,CD4 T
GCGAAGGATCTCCG.1,control,CD4 T
GCGACTCTAGAGGC.1,control,DC
GCGACTCTAGTGTC.1,control,CD14 Mono
GCGACTCTTCGACA.1,control,CD14 Mono
GCGAGAGAAGTCAC.1,control,B
GCGAGAGAAGTGCT.1,control,NK
GCGAGAGAGAACTC.1,control,CD8 T
GCGAGAGATGCTGA.1,control,CD16 Mono
GCGAGCACAGTCAC.1,control,NK
GCGAGCACGGTAGG.1,control,T
GCGCACGAGGTGAG.1,control,CD8 T
GCGCACGATTCACT.1,control,CD4 T
GCGCATCTACACGT.1,control,CD14 Mono
GCGCATCTACGGTT.1,control,CD4 T
GCGCATCTCCCTTG.1,control,CD14 Mono
GCGCATCTCGTACA.1,control,CD14 Mono
GCGCATCTGCTGTA.1,control,CD4 T
GCGCGAACAACAGA.1,control,B
GCGCGAACTGTCAG.1,control,CD16 Mono
GCGCGATGCAGAAA.1,control,CD4 T
GCGCGATGTAAGGA.1,control,CD14 Mono
GCGCGATGTAGAAG.1,control,CD14 Mono
GCGGACTGATACCG.1,control,NK
GCGGACTGCCAACA.1,control,CD14 Mono
GCGGACTGGAAGGC.1,control,CD4 T
GCGGACTGGTCACA.1,control,CD14 Mono
GCGGAGCTCTCCCA.1,control,B
GCGGAGCTGGCATT.1,control,CD4 T
GCGGAGCTTATGGC.1,control,CD4 T
GCGGAGCTTTACTC.1,control,CD4 T
GCGGAGCTTTTCTG.1,control,CD14 Mono
GCGGCAACCGACTA.1,control,CD4 T
GCGGGACTGGACAG.1,control,NK
GCGGGACTGTCCTC.1,control,CD4 T
GCGGGACTGTGTCA.1,control,CD16 Mono
GCGGGACTTCCTGC.1,control,CD14 Mono
GCGTAAACATTTCC.1,control,CD4 T
GCGTAAACCAAAGA.1,control,CD8 T
GCGTAAACCACAAC.1,control,CD4 T
GCGTAAACTCTTTG.1,control,CD14 Mono
GCGTAATGCACTAG.1,control,CD16 Mono
GCGTAATGCGTTGA.1,control,CD4 T
GCGTAATGTATCTC.1,control,DC
GCGTAATGTGGCAT.1,control,CD14 Mono
GCGTACCTCGGGAA.1,control,CD16 Mono
GCGTACCTTATCGG.1,control,CD14 Mono
GCGTACCTTGCAAC.1,control,DC
GCGTACCTTGCATG.1,control,CD14 Mono
GCGTATGACGAACT.1,control,CD4 T
GCGTATGATCCGAA.1,control,CD4 T
GCGTATGATGAGAA.1,control,CD14 Mono
GCGTATGATTGGCA.1,control,NK
GCTACAGAGTCGAT.1,control,CD16 Mono
GCTACAGATTCAGG.1,control,CD14 Mono
GCTACAGATTCGTT.1,control,CD4 T
GCTACCTGTCCTCG.1,control,CD14 Mono
GCTACGCTTGGTAC.1,control,CD16 Mono
GCTAGAACACGACT.1,control,CD4 T
GCTAGAACCAATCG.1,control,CD4 T
GCTAGAACGAACTC.1,control,CD14 Mono
GCTAGAACTCGACA.1,control,CD16 Mono
GCTAGAACTCGCAA.1,control,CD14 Mono
GCTAGATGCGCAAT.1,control,B
GCTAGATGCTTCGC.1,control,CD8 T
GCTAGATGGCCATA.1,control,CD14 Mono
GCTAGATGTGAGCT.1,control,CD4 T
GCTAGATGTGGTGT.1,control,CD4 T
GCTAGATGTGGTTG.1,control,CD4 T
GCTATACTAAAGTG.1,control,CD14 Mono
GCTATACTATCGTG.1,control,CD8 T
GCTATACTCATTCT.1,control,T
GCTATACTGCCATA.1,control,CD14 Mono
GCTATACTGGAGCA.1,control,NK
GCTATACTGGCATT.1,control,DC
GCTATACTTTGACG.1,control,B
GCTATACTTTGCGA.1,control,DC
GCTCAAGAGGACAG.1,control,CD16 Mono
GCTCAAGAGTGAGG.1,control,B
GCTCAAGAGTGTCA.1,control,CD16 Mono
GCTCAAGATATCGG.1,control,CD4 T
GCTCACTGCAAAGA.1,control,CD4 T
GCTCACTGCCTTAT.1,control,CD16 Mono
GCTCACTGGGGAGT.1,control,CD14 Mono
GCTCAGCTAAACAG.1,control,B
GCTCAGCTATTCGG.1,control,CD14 Mono
GCTCAGCTGAGGCA.1,control,CD14 Mono
GCTCAGCTGGCATT.1,control,B
GCTCAGCTGTTACG.1,control,CD14 Mono
GCTCAGCTTGTCAG.1,control,CD14 Mono
GCTCAGCTTTCGTT.1,control,CD4 T
GCTCAGCTTTCTTG.1,control,T
GCTCCATGACGTAC.1,control,CD14 Mono
GCTCCATGCCTCGT.1,control,CD14 Mono
GCTCCATGTCTACT.1,control,NK
GCTCCATGTTGCGA.1,control,CD14 Mono
GCTCGACTACACCA.1,control,CD14 Mono
GCTGATGAAGTACC.1,control,DC
GCTGATGAATCTCT.1,control,CD14 Mono
GCTGATGACTCAAG.1,control,CD4 T
GCTGATGATAGACC.1,control,CD14 Mono
GCTTAACTACCTAG.1,control,CD14 Mono
GCTTAACTCCTTGC.1,control,CD14 Mono
GCTTAACTGGAAAT.1,control,CD4 T
GCTTAACTTCAGTG.1,control,B
GCTTGAGAGTACCA.1,control,CD4 T
GCTTGAGAGTTAGC.1,control,CD14 Mono
GCTTGAGATAGTCG.1,control,CD14 Mono
GCTTGAGATCTCGC.1,control,DC
GGAACACTACCAGT.1,control,CD14 Mono
GGAACACTAGGCGA.1,control,B
GGAACACTCCGTAA.1,control,CD14 Mono
GGAACACTCTTACT.1,control,CD14 Mono
GGAACACTGAACCT.1,control,CD14 Mono
GGAACACTTCTCAT.1,control,CD4 T
GGAACTACACCATG.1,control,CD14 Mono
GGAACTTGCGTGTA.1,control,CD14 Mono
GGAACTTGCTCCCA.1,control,DC
GGAACTTGGGTCAT.1,control,T
GGAACTTGTTCATC.1,control,CD4 T
GGAAGGTGGACGGA.1,control,NK
GGAAGGTGTGCACA.1,control,CD4 T
GGAATCTGAGTGTC.1,control,CD16 Mono
GGAATGCTACCTGA.1,control,CD14 Mono
GGAATGCTCGATAC.1,control,CD14 Mono
GGAATGCTCGGTAT.1,control,CD4 T
GGAATGCTGACAGG.1,control,CD14 Mono
GGAATGCTGCAGTT.1,control,CD14 Mono
GGAATGCTGGCATT.1,control,CD14 Mono
GGACAACTAGAGTA.1,control,CD14 Mono
GGACAACTAGTGCT.1,control,DC
GGACAACTCCGCTT.1,control,CD14 Mono
GGACAACTTTCTCA.1,control,CD4 T
GGACAGGACCCAAA.1,control,CD14 Mono
GGACAGGACTAGTG.1,control,CD14 Mono
GGACAGGACTGCAA.1,control,B
GGACAGGATCTTTG.1,control,CD4 T
GGACATTGATGCTG.1,control,NK
GGACATTGTATTCC.1,control,CD16 Mono
GGACCCGACCGTTC.1,control,CD14 Mono
GGACCCGAGCTTCC.1,control,CD4 T
GGACCCGAGTCAAC.1,control,CD4 T
GGACCCGATCCTAT.1,control,CD14 Mono
GGACCCGATGGAAA.1,control,CD4 T
GGACCGTGAAAGTG.1,control,CD4 T
GGACCGTGACTTTC.1,control,T
GGACCGTGCAAAGA.1,control,CD14 Mono
GGACCGTGCATTTC.1,control,T
GGACCGTGCCAATG.1,control,CD4 T
GGACCGTGGACGGA.1,control,CD16 Mono
GGACCGTGGCCTTC.1,control,CD14 Mono
GGACCTCTCACCAA.1,control,CD14 Mono
GGACCTCTGTTGTG.1,control,CD14 Mono
GGACCTCTTCAGAC.1,control,CD14 Mono
GGACCTCTTCGTTT.1,control,CD14 Mono
GGACCTCTTTGACG.1,control,CD16 Mono
GGACGAGAAAGGGC.1,control,CD14 Mono
GGACGAGACTTGCC.1,control,CD4 T
GGACGAGAGAGCAG.1,control,DC
GGACGAGAGCATAC.1,control,DC
GGACGCACAAGATG.1,control,CD4 T
GGACGCACACGTGT.1,control,CD4 T
GGACGCACACTACG.1,control,CD8 T
GGACGCACCATGAC.1,control,B
GGACGCACTAACCG.1,control,B
GGACGCTGAGTACC.1,control,DC
GGACGCTGGGTATC.1,control,CD14 Mono
GGACTATGAAGGTA.1,control,NK
GGACTATGCTCTAT.1,control,CD4 T
GGACTATGGGAGGT.1,control,CD16 Mono
GGACTATGTACAGC.1,control,CD14 Mono
GGAGACGAGTCAAC.1,control,B
GGAGAGACCGCAAT.1,control,B
GGAGAGACGTGTTG.1,control,CD14 Mono
GGAGAGACGTTGGT.1,control,NK
GGAGAGACTCGTGA.1,control,DC
GGAGAGACTGATGC.1,control,CD16 Mono
GGAGCAGACCATGA.1,control,B
GGAGCAGAGGGTGA.1,control,B
GGAGCAGAGTAAAG.1,control,T
GGAGCAGATAGCCA.1,control,B
GGAGCAGATGTAGC.1,control,NK
GGAGCCACAAGGTA.1,control,CD4 T
GGAGCCACAGAGAT.1,control,T
GGAGCCACCTATGG.1,control,CD14 Mono
GGAGCCACGAACCT.1,control,CD4 T
GGAGCCACGTCGTA.1,control,CD14 Mono
GGAGCCACTTTGCT.1,control,CD8 T
GGAGCGCTAAGAAC.1,control,DC
GGAGCGCTACACTG.1,control,CD14 Mono
GGAGCGCTCCACCT.1,control,CD14 Mono
GGAGCGCTGTCGAT.1,control,T
GGAGCGCTTCTCGC.1,control,CD8 T
GGAGGATGGATAGA.1,control,CD14 Mono
GGAGGCCTCACTCC.1,control,CD14 Mono
GGAGGCCTCATGCA.1,control,CD4 T
GGAGGCCTCCGATA.1,control,CD16 Mono
GGAGGCCTGGAGGT.1,control,CD14 Mono
GGAGGCCTTGAGCT.1,control,CD4 T
GGAGGTGACACACA.1,control,B
GGAGGTGAGGCGAA.1,control,CD4 T
GGAGGTGATTGACG.1,control,CD14 Mono
GGAGTTACACCAAC.1,control,DC
GGAGTTACTCCCGT.1,control,B
GGAGTTACTTTGTC.1,control,CD14 Mono
GGAGTTTGAACCTG.1,control,CD8 T
GGAGTTTGAAGATG.1,control,CD14 Mono
GGAGTTTGTGTCCC.1,control,CD4 T
GGATACTGCTTAGG.1,control,CD8 T
GGATACTGGAGCTT.1,control,CD14 Mono
GGATACTGGGACAG.1,control,CD14 Mono
GGATACTGTGTGAC.1,control,CD16 Mono
GGATAGCTCAGTCA.1,control,CD14 Mono
GGATAGCTCTTGGA.1,control,CD14 Mono
GGATAGCTGTATCG.1,control,CD16 Mono
GGATAGCTTCCTGC.1,control,CD14 Mono
GGATAGCTTGAGGG.1,control,CD4 T
GGATGTACCCCTCA.1,control,CD4 T
GGATGTACCTGTAG.1,control,B
GGATGTACGATAAG.1,control,CD4 T
GGATGTACGTTTGG.1,control,CD8 T
GGATGTACTGATGC.1,control,CD16 Mono
GGATGTTGACTGGT.1,control,CD4 T
GGATGTTGAGTCTG.1,control,CD4 T
GGATGTTGCGGAGA.1,control,CD4 T
GGATGTTGGGAAGC.1,control,CD14 Mono
GGATGTTGGGGATG.1,control,CD4 T
GGATTGTGACGGGA.1,control,CD4 T
GGATTGTGGCTTCC.1,control,CD14 Mono
GGATTGTGGTGCAT.1,control,CD14 Mono
GGATTGTGTGCTCC.1,control,CD14 Mono
GGATTTCTCCCGTT.1,control,CD4 T
GGATTTCTCTCTTA.1,control,CD4 T
GGATTTCTGGGTGA.1,control,DC
GGATTTCTGGTTCA.1,control,CD14 Mono
GGATTTCTTGGAGG.1,control,CD4 T
GGATTTCTTTTCTG.1,control,CD14 Mono
GGCAAGGAACACTG.1,control,CD4 T
GGCAATACACCTAG.1,control,CD4 T
GGCAATACGGGAGT.1,control,T
GGCAATACTTCGTT.1,control,CD4 T
GGCACGTGCACTAG.1,control,B
GGCACGTGCCGATA.1,control,CD4 T
GGCACTCTAGCTAC.1,control,NK
GGCACTCTCACTGA.1,control,CD4 T
GGCACTCTCTGGAT.1,control,CD14 Mono
GGCACTCTGCAGTT.1,control,CD14 Mono
GGCACTCTTTCACT.1,control,B
GGCATATGGGGACA.1,control,CD4 T
GGCCACGAACGGGA.1,control,CD14 Mono
GGCCACGAATGTGC.1,control,CD4 T
GGCCACGACACTCC.1,control,NK
GGCCACGAGAGGGT.1,control,CD14 Mono
GGCCACGATAACGC.1,control,DC
GGCCAGACAAGTGA.1,control,CD14 Mono
GGCCAGACATCTTC.1,control,DC
GGCCAGACCGAGAG.1,control,CD14 Mono
GGCCAGACCGAGTT.1,control,CD14 Mono
GGCCAGACGCTGAT.1,control,CD14 Mono
GGCCAGACGTTAGC.1,control,B
GGCCAGACGTTTGG.1,control,CD14 Mono
GGCCAGACTCTAGG.1,control,CD4 T
GGCCCAGATCGCTC.1,control,CD14 Mono
GGCCCAGATGCTTT.1,control,CD14 Mono
GGCCGAACCAGAGG.1,control,CD14 Mono
GGCCGAACCTGACA.1,control,CD14 Mono
GGCCGAACGCTGAT.1,control,NK
GGCCGAACGTACGT.1,control,CD14 Mono
GGCCGATGCCACAA.1,control,CD14 Mono
GGCCGATGCCGTTC.1,control,CD14 Mono
GGCCGATGTCGACA.1,control,CD8 T
GGCGACACCACTTT.1,control,CD16 Mono
GGCGACACCTTAGG.1,control,CD8 T
GGCGACACGGTAGG.1,control,NK
GGCGACACTGATGC.1,control,CD4 T
GGCGACACTTTGGG.1,control,CD14 Mono
GGCGACTGAACCTG.1,control,CD14 Mono
GGCGACTGAACTGC.1,control,CD14 Mono
GGCGACTGCTATGG.1,control,CD14 Mono
GGCGACTGTGCATG.1,control,CD8 T
GGCGCATGACTCAG.1,control,CD14 Mono
GGCGCATGACTTTC.1,control,CD16 Mono
GGCGCATGCCTTGC.1,control,CD14 Mono
GGCGCATGCGTTAG.1,control,B
GGCGCATGCTTATC.1,control,DC
GGCGCATGGAGGGT.1,control,T
GGCGCATGGCAAGG.1,control,NK
GGCGGACTCATGGT.1,control,CD4 T
GGCGGACTGAACCT.1,control,CD16 Mono
GGCGGACTTGAGCT.1,control,CD14 Mono
GGCGGACTTTCATC.1,control,CD14 Mono
GGCTAAACACACGT.1,control,CD4 T
GGCTAAACCACTAG.1,control,CD14 Mono
GGCTAAACGGTTTG.1,control,CD4 T
GGCTAAACGTATGC.1,control,T
GGCTAAACTTCTGT.1,control,CD4 T
GGCTAATGATTTCC.1,control,NK
GGCTAATGCTGATG.1,control,B
GGCTAATGGAACTC.1,control,CD4 T
GGCTAATGGCTACA.1,control,CD4 T
GGCTAATGTAGACC.1,control,DC
GGCTAATGTCTCAT.1,control,CD14 Mono
GGCTAATGTTTGGG.1,control,NK
GGCTACCTAGCTCA.1,control,DC
GGCTACCTAGGCGA.1,control,CD4 T
GGCTACCTATCGAC.1,control,CD4 T
GGCTACCTATGTCG.1,control,NK
GGCTACCTCTCGAA.1,control,CD14 Mono
GGCTACCTGGACGA.1,control,CD4 T
GGCTACCTTCGCCT.1,control,CD16 Mono
GGCTACCTTGCTCC.1,control,CD4 T
GGCTACCTTTCCGC.1,control,CD14 Mono
GGCTCACTCAGATC.1,control,CD4 T
GGCTCACTGTGTTG.1,control,CD4 T
GGCTCACTTCCCGT.1,control,NK
GGGAACGAACAGCT.1,control,CD14 Mono
GGGAACGAAGGGTG.1,control,CD4 T
GGGAACGAGAGGTG.1,control,B
GGGAACGAGGTGGA.1,control,CD8 T
GGGAACGATGCTGA.1,control,CD14 Mono
GGGAACGATTATCC.1,control,CD8 T
GGGAAGACGCTACA.1,control,CD14 Mono
GGGAAGACTCCCGT.1,control,CD4 T
GGGAAGACTCTTTG.1,control,CD4 T
GGGAAGTGCAGAAA.1,control,CD8 T
GGGAAGTGCTTCTA.1,control,B
GGGACCACACCCTC.1,control,CD14 Mono
GGGACCACAGGAGC.1,control,CD4 T
GGGACCACCAAGCT.1,control,CD4 T
GGGACCACGAGACG.1,control,CD14 Mono
GGGACCTGGAGACG.1,control,CD8 T
GGGACCTGTTGTGG.1,control,CD4 T
GGGATGGAACTGTG.1,control,CD4 T
GGGATGGAAGGAGC.1,control,CD14 Mono
GGGATGGAATGGTC.1,control,CD14 Mono
GGGATGGACAAGCT.1,control,T
GGGATGGATAAAGG.1,control,CD4 T
GGGATGGATCTATC.1,control,B
GGGATGGATGCCCT.1,control,CD4 T
GGGATGGATGTAGC.1,control,CD14 Mono
GGGATTACCACTTT.1,control,T
GGGATTACCTCCCA.1,control,CD8 T
GGGATTACGGTTAC.1,control,CD14 Mono
GGGCAAGAGCTGAT.1,control,CD14 Mono
GGGCAAGAGCTGTA.1,control,CD14 Mono
GGGCACACATGTCG.1,control,CD14 Mono
GGGCACACCAGAGG.1,control,DC
GGGCACACCGTAGT.1,control,CD4 T
GGGCACACGTTCGA.1,control,CD4 T
GGGCACACTGGAAA.1,control,B
GGGCAGCTCACTAG.1,control,CD4 T
GGGCAGCTCATGAC.1,control,B
GGGCAGCTGGGATG.1,control,CD14 Mono
GGGCAGCTGTCGTA.1,control,B
GGGCAGCTTGTCGA.1,control,B
GGGCCAACCTTGCC.1,control,CD14 Mono
GGGCCAACGCAAGG.1,control,CD4 T
GGGCCAACGGTCTA.1,control,T
GGGCCAACTCTTTG.1,control,CD14 Mono
GGGCCAACTTCCGC.1,control,B
GGGCCAACTTCTGT.1,control,CD14 Mono
GGGCCATGAAGGGC.1,control,CD14 Mono
GGGCCATGCCGAAT.1,control,CD14 Mono
GGGCCATGCGCAAT.1,control,CD16 Mono
GGGCCATGCTACTT.1,control,CD4 T
GGGCCATGGGTATC.1,control,B
GGGCCATGTTCTCA.1,control,CD4 T
GGGTAACTACACCA.1,control,CD14 Mono
GGGTAACTATCACG.1,control,CD14 Mono
GGGTAACTATGTCG.1,control,CD4 T
GGGTAACTCCTACC.1,control,CD14 Mono
GGGTAACTCGTCTC.1,control,CD14 Mono
GGGTAACTGTTTCT.1,control,CD14 Mono
GGGTTAACACCTCC.1,control,CD14 Mono
GGGTTAACAGAAGT.1,control,CD8 T
GGGTTAACGGGAGT.1,control,T
GGGTTAACTTCTGT.1,control,CD14 Mono
GGGTTATGGCCTTC.1,control,CD14 Mono
GGGTTATGGGAAGC.1,control,CD14 Mono
GGGTTATGTCTCTA.1,control,CD14 Mono
GGTAAAGACACTTT.1,control,CD14 Mono
GGTAAAGAGTCATG.1,control,CD14 Mono
GGTACAACAGACTC.1,control,CD8 T
GGTACAACGGAACG.1,control,B
GGTACAACTCACCC.1,control,CD4 T
GGTACAACTCTAGG.1,control,CD14 Mono
GGTACATGCCTCGT.1,control,T
GGTACATGCTATGG.1,control,NK
GGTACTGAACGCAT.1,control,CD16 Mono
GGTACTGAACGGGA.1,control,CD4 T
GGTACTGAATGACC.1,control,B
GGTACTGACGCAAT.1,control,CD14 Mono
GGTACTGAGGTGTT.1,control,CD4 T
GGTACTGATCCCAC.1,control,CD14 Mono
GGTAGTACAACCTG.1,control,CD14 Mono
GGTAGTACCGTAAC.1,control,CD14 Mono
GGTATCGAAGCAAA.1,control,CD4 T
GGTATCGACACTTT.1,control,CD14 Mono
GGTATCGAGAGGTG.1,control,CD14 Mono
GGTATCGAGGTCTA.1,control,CD4 T
GGTATGACAGATGA.1,control,CD14 Mono
GGTATGACTGACTG.1,control,CD4 T
GGTCAAACGGGATG.1,control,CD14 Mono
GGTCAAACTCCAGA.1,control,CD14 Mono
GGTCTAGACAAGCT.1,control,CD14 Mono
GGTCTAGACCCAAA.1,control,CD14 Mono
GGTCTAGAGCTAAC.1,control,B
GGTCTAGAGTCCTC.1,control,CD14 Mono
GGTCTAGATGTAGC.1,control,CD14 Mono
GGTGATACAGAGTA.1,control,CD4 T
GGTGATACCAATCG.1,control,NK
GGTGATACCTTGCC.1,control,CD14 Mono
GGTGATACGAGCTT.1,control,CD4 T
GGTGATACGAGGCA.1,control,CD14 Mono
GGTGGAGAGAGGCA.1,control,CD14 Mono
GGTGGAGAGGAACG.1,control,CD4 T
GGTGGAGAGTTGGT.1,control,CD4 T
GGTTGAACAAGGGC.1,control,CD14 Mono
GGTTGAACCATGCA.1,control,CD14 Mono
GGTTGAACTAGCCA.1,control,CD4 T
GGTTGAACTCTTAC.1,control,DC
GGTTGAACTGACTG.1,control,CD14 Mono
GGTTGAACTGCTGA.1,control,NK
GGTTGAACTGGTCA.1,control,CD14 Mono
GGTTGAACTGTGCA.1,control,CD4 T
GGTTTACTAAGCCT.1,control,CD4 T
GGTTTACTCTCCAC.1,control,CD4 T
GGTTTACTCTCGCT.1,control,T
GGTTTACTGAACCT.1,control,CD4 T
GGTTTACTGACTAC.1,control,CD4 T
GGTTTACTGATGAA.1,control,CD14 Mono
GTAACGTGAACCAC.1,control,CD4 T
GTAACGTGCTTCTA.1,control,CD4 T
GTAACGTGGGTAAA.1,control,CD16 Mono
GTAACGTGGTCGTA.1,control,CD14 Mono
GTAACGTGTCTAGG.1,control,NK
GTAAGCACAGAACA.1,control,B
GTAAGCACCTAGTG.1,control,CD14 Mono
GTAAGCACTGTTTC.1,control,T
GTAAGCTGAGTTCG.1,control,CD8 T
GTAAGCTGTCAGAC.1,control,CD4 T
GTAATAACCCTCCA.1,control,CD14 Mono
GTAATAACGAGACG.1,control,B
GTAATAACTATGGC.1,control,CD14 Mono
GTAATAACTGGTTG.1,control,CD14 Mono
GTAATATGAAAACG.1,control,CD14 Mono
GTAATATGAAGAAC.1,control,CD4 T
GTAATATGTCCTTA.1,control,CD14 Mono
GTAATATGTTTGGG.1,control,CD16 Mono
GTACAGTGACCCAA.1,control,CD16 Mono
GTACAGTGGAACTC.1,control,CD4 T
GTACAGTGGCCAAT.1,control,CD14 Mono
GTACAGTGGCTTAG.1,control,CD14 Mono
GTACCCTGGAGCAG.1,control,CD14 Mono
GTACCCTGGGTTCA.1,control,B
GTACCCTGGTAAGA.1,control,CD8 T
GTACCCTGTCGCTC.1,control,B
GTACCCTGTGACCA.1,control,CD14 Mono
GTACCCTGTTCGTT.1,control,CD16 Mono
GTACGAACACCTAG.1,control,CD14 Mono
GTACGAACCAAGCT.1,control,CD14 Mono
GTACGAACTCAGAC.1,control,CD14 Mono
GTACGTGACAATCG.1,control,B
GTACGTGACTAGCA.1,control,CD14 Mono
GTACGTGAGCATAC.1,control,CD14 Mono
GTACGTGAGTTGTG.1,control,CD8 T
GTACTACTAAACAG.1,control,B
GTACTACTCATACG.1,control,CD16 Mono
GTACTACTCCTCCA.1,control,CD14 Mono
GTACTACTTAAAGG.1,control,DC
GTACTTTGAAGGTA.1,control,CD4 T
GTACTTTGCCACCT.1,control,T
GTACTTTGCCGTAA.1,control,CD8 T
GTACTTTGTCTAGG.1,control,CD4 T
GTACTTTGTGCTGA.1,control,CD4 T
GTAGACTGCCAACA.1,control,CD4 T
GTAGACTGCTACCC.1,control,CD4 T
GTAGACTGTTATCC.1,control,CD14 Mono
GTAGCAACACACCA.1,control,CD14 Mono
GTAGCAACACCTTT.1,control,B
GTAGCAACAGTGCT.1,control,CD14 Mono
GTAGCAACGAATAG.1,control,T
GTAGCAACGTTTCT.1,control,CD16 Mono
GTAGCAACTCCTAT.1,control,CD14 Mono
GTAGCAACTCTCAT.1,control,CD4 T
GTAGCATGATCTTC.1,control,CD4 T
GTAGCATGGGACAG.1,control,CD4 T
GTAGCATGTCGACA.1,control,CD4 T
GTAGCCCTATCTCT.1,control,CD8 T
GTAGCCCTTACGCA.1,control,CD4 T
GTAGCTGAGCGTTA.1,control,CD14 Mono
GTAGCTGAGGCGAA.1,control,CD4 T
GTAGCTGATATTCC.1,control,CD16 Mono
GTAGGTACAACGTC.1,control,CD16 Mono
GTAGGTACAATCGC.1,control,CD14 Mono
GTAGGTACAGTGCT.1,control,CD4 T
GTAGGTACCCAATG.1,control,CD4 T
GTAGGTACCCCGTT.1,control,CD14 Mono
GTAGGTACCCCTCA.1,control,CD14 Mono
GTAGGTACCTCATT.1,control,CD4 T
GTAGGTACGTCACA.1,control,CD14 Mono
GTAGGTACGTCGAT.1,control,B
GTAGGTACTCAGAC.1,control,CD4 T
GTAGGTACTTCCCG.1,control,NK
GTAGTCGAAGTGCT.1,control,T
GTAGTCGAGCTGAT.1,control,CD14 Mono
GTAGTCGATCAGAC.1,control,CD4 T
GTAGTGACGCCATA.1,control,CD16 Mono
GTAGTGACGTATCG.1,control,CD16 Mono
GTAGTGACTGACCA.1,control,CD14 Mono
GTAGTGTGATCAGC.1,control,CD4 T
GTAGTGTGGGTCAT.1,control,CD4 T
GTAGTGTGGTTTCT.1,control,B
GTAGTGTGGTTTGG.1,control,B
GTAGTGTGTCCAGA.1,control,CD16 Mono
GTAGTGTGTGCCTC.1,control,B
GTAGTGTGTTATCC.1,control,CD14 Mono
GTAGTGTGTTCGTT.1,control,CD8 T
GTATCACTACCTTT.1,control,CD14 Mono
GTATCACTAGTAGA.1,control,CD4 T
GTATCACTATCTTC.1,control,CD14 Mono
GTATCACTCCAACA.1,control,CD4 T
GTATCTACCCTGTC.1,control,CD4 T
GTATCTACCGAGTT.1,control,CD14 Mono
GTATGGTGACACAC.1,control,CD14 Mono
GTATGGTGAGAGTA.1,control,CD14 Mono
GTATGGTGCACTTT.1,control,CD8 T
GTATGGTGGTGAGG.1,control,NK
GTATGGTGTTTCAC.1,control,B
GTATGGTGTTTCGT.1,control,CD4 T
GTATGGTGTTTGGG.1,control,CD14 Mono
GTATTAGACAACCA.1,control,CD4 T
GTATTAGACGCATA.1,control,CD4 T
GTATTAGAGCATAC.1,control,T
GTATTAGAGCGGAA.1,control,CD14 Mono
GTATTCACAATGCC.1,control,CD14 Mono
GTATTCACGACGTT.1,control,CD8 T
GTATTCACGCTCCT.1,control,CD4 T
GTATTCACGGAGGT.1,control,CD8 T
GTATTCACTCACCC.1,control,CD14 Mono
GTCAACGAGAGGGT.1,control,DC
GTCAACGAGATAAG.1,control,CD4 T
GTCAACGAGCAGAG.1,control,CD4 T
GTCAATCTCACTCC.1,control,CD4 T
GTCAATCTCCTCGT.1,control,T
GTCACAGACGGAGA.1,control,CD14 Mono
GTCACAGAGTATGC.1,control,CD4 T
GTCACCTGAAAAGC.1,control,CD4 T
GTCACCTGAACGAA.1,control,CD14 Mono
GTCACCTGTGCTAG.1,control,CD14 Mono
GTCATACTGTATGC.1,control,CD4 T
GTCATACTTAGAAG.1,control,CD14 Mono
GTCATACTTAGACC.1,control,B
GTCATACTTCCTAT.1,control,CD4 T
GTCCAAGATGAACC.1,control,CD14 Mono
GTCCAAGATGGCAT.1,control,CD4 T
GTCCACACAAGGCG.1,control,CD16 Mono
GTCCACACCGACTA.1,control,CD14 Mono
GTCCACACTACGAC.1,control,CD16 Mono
GTCCACACTCAGAC.1,control,CD14 Mono
GTCCACACTCCTGC.1,control,CD4 T
GTCCACTGCAGCTA.1,control,T
GTCCACTGCAGTCA.1,control,B
GTCCACTGCTTGAG.1,control,CD4 T
GTCCACTGTGCTAG.1,control,CD16 Mono
GTCCACTGTTCACT.1,control,CD4 T
GTCCACTGTTCGGA.1,control,CD14 Mono
GTCCAGCTAAGCCT.1,control,CD8 T
GTCCAGCTCTGTGA.1,control,CD4 T
GTCCAGCTGAATAG.1,control,CD4 T
GTCCAGCTGTGTTG.1,control,CD14 Mono
GTCCAGCTTGCCCT.1,control,T
GTCCAGCTTGTTTC.1,control,CD16 Mono
GTCCAGCTTTACTC.1,control,T
GTCCCATGAGTACC.1,control,CD14 Mono
GTCCCATGCAATCG.1,control,B
GTCCCATGCCGATA.1,control,CD8 T
GTCCCATGCTTGTT.1,control,CD14 Mono
GTCGAATGACGCAT.1,control,CD4 T
GTCGAATGATGCCA.1,control,CD16 Mono
GTCGAATGCTCTAT.1,control,CD14 Mono
GTCGAATGCTTCCG.1,control,CD4 T
GTCGAATGGGTCAT.1,control,B
GTCGACCTATTTCC.1,control,B
GTCGACCTCGCTAA.1,control,CD4 T
GTCGACCTGAAAGT.1,control,CD14 Mono
GTCGACCTGCATCA.1,control,CD14 Mono
GTCGACCTTCTCGC.1,control,CD14 Mono
GTCGCACTAGCGGA.1,control,CD14 Mono
GTCGCACTGCCTTC.1,control,CD14 Mono
GTCGCACTTCGTTT.1,control,CD4 T
GTCTAACTAGAATG.1,control,CD4 T
GTCTAACTAGGTTC.1,control,CD4 T
GTCTAACTCTACGA.1,control,CD14 Mono
GTCTAACTGACGAG.1,control,T
GTCTAACTTCAGGT.1,control,CD16 Mono
GTCTAACTTGCAGT.1,control,CD16 Mono
GTCTAGGACAACTG.1,control,CD4 T
GTCTAGGAGCAGAG.1,control,CD4 T
GTCTAGGATTGAGC.1,control,CD14 Mono
GTCTGAGACACCAA.1,control,CD4 T
GTCTGAGACCTTCG.1,control,CD14 Mono
GTCTGAGAGACACT.1,control,CD4 T
GTCTGAGATGGGAG.1,control,CD14 Mono
GTCTGAGATGGTGT.1,control,CD16 Mono
GTGAACACACCACA.1,control,DC
GTGAACACACGTTG.1,control,CD16 Mono
GTGAACACGCCTTC.1,control,CD14 Mono
GTGAACACTACTTC.1,control,CD4 T
GTGACAACCACCAA.1,control,CD14 Mono
GTGACAACGGCAAG.1,control,CD4 T
GTGACAACTAGTCG.1,control,CD4 T
GTGACAACTTCATC.1,control,CD4 T
GTGACCCTACCTAG.1,control,CD14 Mono
GTGACCCTACTGTG.1,control,CD4 T
GTGACCCTAGAATG.1,control,CD14 Mono
GTGACCCTATCACG.1,control,CD14 Mono
GTGACCCTCGTTGA.1,control,CD14 Mono
GTGACCCTGTTCGA.1,control,CD14 Mono
GTGACCCTTAAGCC.1,control,B
GTGACCCTTCCAGA.1,control,CD8 T
GTGAGGGAAGGGTG.1,control,CD14 Mono
GTGAGGGACTAGTG.1,control,DC
GTGAGGGAGGAAGC.1,control,CD16 Mono
GTGAGGGAGGGATG.1,control,DC
GTGAGGGATTGGTG.1,control,CD14 Mono
GTGATCGATGCTCC.1,control,CD14 Mono
GTGATGACCCATGA.1,control,CD4 T
GTGATGACTTCAGG.1,control,CD4 T
GTGATTCTAAAGTG.1,control,CD4 T
GTGATTCTCGCCTT.1,control,CD4 T
GTGATTCTGTACGT.1,control,CD4 T
GTGATTCTTAGAAG.1,control,T
GTGCAAACAAGTAG.1,control,DC
GTGCAAACCAGATC.1,control,CD14 Mono
GTGCAAACTGAGGG.1,control,CD14 Mono
GTGCCACTTGCCCT.1,control,CD8 T
GTGCTAGAAACGAA.1,control,B
GTGCTAGAGTATCG.1,control,NK
GTGCTAGATTTGGG.1,control,CD4 T
GTGGAGGAGTCTTT.1,control,T
GTGGATTGAGAACA.1,control,CD14 Mono
GTGGATTGCCATGA.1,control,CD14 Mono
GTGGATTGGATAGA.1,control,CD4 T
GTGGATTGGGAGTG.1,control,B
GTGGTAACACAGTC.1,control,CD4 T
GTGGTAACCAGATC.1,control,CD14 Mono
GTGGTAACCCCAAA.1,control,CD14 Mono
GTGGTAACGGATCT.1,control,CD4 T
GTGGTAACGTGAGG.1,control,CD16 Mono
GTGTACGAAAACGA.1,control,B
GTGTACGAAAGCCT.1,control,CD4 T
GTGTACGAACTCAG.1,control,CD14 Mono
GTGTACGACATGAC.1,control,CD14 Mono
GTGTACGACTAGTG.1,control,B
GTGTACGAGAACTC.1,control,CD14 Mono
GTGTACGATTGTGG.1,control,CD14 Mono
GTGTAGTGAACGTC.1,control,CD4 T
GTGTAGTGACTACG.1,control,CD4 T
GTGTAGTGGCAGTT.1,control,NK
GTGTAGTGGTTGTG.1,control,CD4 T
GTGTAGTGTAGAGA.1,control,CD14 Mono
GTGTAGTGTCAGGT.1,control,DC
GTGTAGTGTTCTTG.1,control,CD4 T
GTGTATCTGCGTAT.1,control,CD8 T
GTGTATCTTGGAGG.1,control,T
GTGTATCTTGGTAC.1,control,CD4 T
GTGTATCTTTCGGA.1,control,CD14 Mono
GTGTCAGAATAAGG.1,control,CD14 Mono
GTGTCAGAATGCCA.1,control,CD4 T
GTGTCAGAGGAGCA.1,control,CD14 Mono
GTGTGATGCTAAGC.1,control,CD14 Mono
GTGTGATGCTGAAC.1,control,B
GTGTGATGGTACCA.1,control,DC
GTTAAAACCTCAAG.1,control,CD16 Mono
GTTAAAACGTAAAG.1,control,NK
GTTAAATGACTGTG.1,control,B
GTTAAATGATGTGC.1,control,B
GTTAAATGCGCCTT.1,control,CD8 T
GTTAAATGCTTGAG.1,control,CD14 Mono
GTTAAATGGGTTCA.1,control,NK
GTTAAATGGTATCG.1,control,CD4 T
GTTAAATGTATGGC.1,control,CD4 T
GTTAAATGTGGTGT.1,control,CD8 T
GTTAACCTCATTCT.1,control,CD14 Mono
GTTAACCTCGCAAT.1,control,NK
GTTAACCTGTTTCT.1,control,CD14 Mono
GTTACGGAACTGGT.1,control,CD16 Mono
GTTACGGATTGCGA.1,control,B
GTTACTACACACAC.1,control,CD4 T
GTTACTACGGACAG.1,control,B
GTTAGGTGACAGCT.1,control,NK
GTTAGGTGAGAGGC.1,control,CD14 Mono
GTTAGGTGCCTGAA.1,control,CD14 Mono
GTTAGGTGGAGGAC.1,control,CD4 T
GTTAGGTGGCCATA.1,control,CD14 Mono
GTTAGGTGGGTGAG.1,control,CD8 T
GTTAGTCTAGGTCT.1,control,B
GTTAGTCTGGTGAG.1,control,CD4 T
GTTATAGATATCTC.1,control,B
GTTATAGATCAGTG.1,control,T
GTTATAGATGCTCC.1,control,CD4 T
GTTATAGATTATCC.1,control,CD14 Mono
GTTATAGATTGCAG.1,control,CD14 Mono
GTTATCTGCACTAG.1,control,NK
GTTATCTGCTCTTA.1,control,CD4 T
GTTATCTGTCATTC.1,control,B
GTTATGCTTCAAGC.1,control,CD4 T
GTTATGCTTCGCAA.1,control,B
GTTCAACTACGCTA.1,control,CD4 T
GTTCAACTACTGTG.1,control,CD4 T
GTTCAACTAGATCC.1,control,CD4 T
GTTCAACTCACCAA.1,control,CD14 Mono
GTTCAACTTGCAGT.1,control,CD8 T
GTTCAACTTGCCAA.1,control,T
GTTCAGGAGCTTCC.1,control,CD8 T
GTTCAGGAGTGCTA.1,control,CD8 T
GTTCATACACACCA.1,control,CD14 Mono
GTTCATACACACGT.1,control,CD4 T
GTTCATACAGCTAC.1,control,NK
GTTCATACATTGGC.1,control,T
GTTCATACCAGCTA.1,control,CD14 Mono
GTTCATACCCCGTT.1,control,B
GTTCATACGTGTTG.1,control,CD4 T
GTTGACGAATCGAC.1,control,T
GTTGACGAGACTAC.1,control,CD14 Mono
GTTGACGAGTCGTA.1,control,CD4 T
GTTGACGATGTGCA.1,control,CD14 Mono
GTTGACGATTATCC.1,control,T
GTTGACGATTTCGT.1,control,CD4 T
GTTGAGTGAACAGA.1,control,CD8 T
GTTGAGTGATTCCT.1,control,CD14 Mono
GTTGAGTGCAGAAA.1,control,CD14 Mono
GTTGAGTGTCAGTG.1,control,CD4 T
GTTGAGTGTGAGAA.1,control,B
GTTGAGTGTGAGGG.1,control,CD14 Mono
GTTGAGTGTGGAGG.1,control,T
GTTGAGTGTTCATC.1,control,CD14 Mono
GTTGATCTACTTTC.1,control,CD14 Mono
GTTGATCTAGCTCA.1,control,CD16 Mono
GTTGATCTCACCAA.1,control,T
GTTGATCTTCGACA.1,control,CD14 Mono
GTTGGATGACAGCT.1,control,NK
GTTGGATGCGCAAT.1,control,CD16 Mono
GTTGGATGTCACGA.1,control,CD4 T
GTTGGATGTCAGAC.1,control,CD4 T
GTTGGATGTGCTTT.1,control,CD14 Mono
GTTGTACTAAGTGA.1,control,CD4 T
GTTGTACTCACTGA.1,control,CD4 T
GTTTAAGAGAATGA.1,control,CD16 Mono
GTTTAAGAGCGAGA.1,control,CD8 T
GTTTAAGAGGAAGC.1,control,CD4 T
GTTTAAGAGTCAAC.1,control,CD14 Mono
GTTTAAGATGCTTT.1,control,CD4 T
TAAACAACAAAAGC.1,control,T
TAAACAACACCAGT.1,control,CD8 T
TAAACAACCCATGA.1,control,CD14 Mono
TAAACAACCGAGTT.1,control,CD14 Mono
TAAACAACTCTCGC.1,control,B
TAAAGACTACGTAC.1,control,DC
TAAAGACTCGCATA.1,control,CD4 T
TAAAGACTCTGTTT.1,control,CD4 T
TAAAGACTGGACAG.1,control,CD14 Mono
TAAAGACTGGGCAA.1,control,B
TAAAGACTTTTGGG.1,control,CD4 T
TAAAGTTGAGTCGT.1,control,CD4 T
TAAAGTTGAGTTCG.1,control,CD14 Mono
TAAAGTTGATTGGC.1,control,CD14 Mono
TAAAGTTGTCAGGT.1,control,CD4 T
TAAAGTTGTCCGTC.1,control,CD4 T
TAAAGTTGTCGACA.1,control,CD14 Mono
TAAATCGAAACTGC.1,control,CD4 T
TAAATCGAACCATG.1,control,CD4 T
TAAATCGAACCTGA.1,control,CD4 T
TAAATCGAACGGTT.1,control,T
TAAATCGACCATAG.1,control,CD14 Mono
TAAATCGACTAAGC.1,control,CD14 Mono
TAAATCGATACTGG.1,control,B
TAAATCGATCCCAC.1,control,CD14 Mono
TAAATCGATGCCTC.1,control,CD4 T
TAAATGTGAGGAGC.1,control,CD4 T
TAAATGTGCTCAGA.1,control,T
TAAATGTGCTTAGG.1,control,CD14 Mono
TAAATGTGTCCTGC.1,control,CD16 Mono
TAACAATGAGGTTC.1,control,CD4 T
TAACAATGCCTCCA.1,control,CD4 T
TAACAATGTAGTCG.1,control,CD14 Mono
TAACAATGTGGGAG.1,control,CD4 T
TAACACCTAAGATG.1,control,CD14 Mono
TAACACCTAGCAAA.1,control,CD14 Mono
TAACACCTGTCATG.1,control,CD8 T
TAACACCTGTTACG.1,control,DC
TAACACCTTTGTGG.1,control,B
TAACATGACTCGAA.1,control,CD4 T
TAACATGAGTCTAG.1,control,CD4 T
TAACATGATGCTTT.1,control,CD16 Mono
TAACCGGAATTCCT.1,control,CD14 Mono
TAACCGGACCGTAA.1,control,CD14 Mono
TAACCGGAGAGATA.1,control,T
TAACCGGAGAGGTG.1,control,CD14 Mono
TAACCGGAGGTTCA.1,control,CD4 T
TAACCGGATATCTC.1,control,CD4 T
TAACCGGATGAACC.1,control,CD4 T
TAACCGGATGTCCC.1,control,CD14 Mono
TAACGTCTACCGAT.1,control,CD14 Mono
TAACGTCTCCTCAC.1,control,CD4 T
TAACGTCTCGCAAT.1,control,B
TAACTAGAAAAAGC.1,control,NK
TAACTAGAGAGCTT.1,control,CD14 Mono
TAACTAGAGCCTTC.1,control,CD4 T
TAACTAGATCCTGC.1,control,CD16 Mono
TAACTAGATCGCCT.1,control,B
TAACTAGATTAGGC.1,control,CD4 T
TAACTAGATTGCGA.1,control,CD4 T
TAACTCACACGCAT.1,control,B
TAACTCACAGTAGA.1,control,CD8 T
TAACTCACCATTTC.1,control,CD14 Mono
TAACTCACTACAGC.1,control,CD16 Mono
TAACTCACTTCCCG.1,control,CD14 Mono
TAAGAACTCTTAGG.1,control,CD4 T
TAAGAACTTACTCT.1,control,T
TAAGAACTTCTCAT.1,control,CD8 T
TAAGAGGAATTGGC.1,control,CD4 T
TAAGAGGACCCTAC.1,control,T
TAAGAGGACCTCGT.1,control,CD4 T
TAAGAGGAGTCGTA.1,control,CD14 Mono
TAAGAGGATGATGC.1,control,CD14 Mono
TAAGAGGATGCTAG.1,control,T
TAAGAGGATTGTGG.1,control,B
TAAGAGGATTTGTC.1,control,CD14 Mono
TAAGATACCCCTTG.1,control,CD14 Mono
TAAGATACCCTAAG.1,control,DC
TAAGATACGAGCAG.1,control,CD16 Mono
TAAGATACTCACCC.1,control,B
TAAGATACTTGTCT.1,control,B
TAAGATTGGCGATT.1,control,CD14 Mono
TAAGATTGGTGAGG.1,control,CD14 Mono
TAAGATTGTCTGGA.1,control,CD8 T
TAAGATTGTGGTTG.1,control,CD14 Mono
TAAGATTGTGTCGA.1,control,CD16 Mono
TAAGCGTGATTGGC.1,control,CD16 Mono
TAAGCGTGCCTACC.1,control,CD4 T
TAAGCTCTACTACG.1,control,CD4 T
TAAGCTCTCCTAAG.1,control,B
TAAGCTCTGCTAAC.1,control,CD8 T
TAAGGCTGAACTGC.1,control,CD14 Mono
TAAGGCTGACCTGA.1,control,CD14 Mono
TAAGGCTGAGCATC.1,control,CD4 T
TAAGGCTGATGACC.1,control,CD4 T
TAAGGCTGTAGCCA.1,control,CD4 T
TAAGGGCTACCTGA.1,control,CD14 Mono
TAAGGGCTCATTGG.1,control,CD14 Mono
TAAGGGCTCTTCCG.1,control,CD14 Mono
TAAGGGCTGGTTAC.1,control,CD4 T
TAAGGGCTTAAGGA.1,control,CD14 Mono
TAAGTAACGGAGCA.1,control,B
TAAGTAACTCCAAG.1,control,B
TAAGTAACTGCTGA.1,control,CD4 T
TAAGTCCTCGAGTT.1,control,CD14 Mono
TAAGTCCTGTATGC.1,control,CD4 T
TAATCCACACAGCT.1,control,CD4 T
TAATCCACATGTGC.1,control,CD14 Mono
TAATCCACCGTGAT.1,control,CD4 T
TAATCCACCTCTAT.1,control,CD14 Mono
TAATCCACGGTCTA.1,control,NK
TAATCGCTACCATG.1,control,CD8 T
TAATCGCTCGGGAA.1,control,CD14 Mono
TAATCGCTCTACCC.1,control,CD14 Mono
TAATCGCTGAGCTT.1,control,B
TAATCGCTGCGTTA.1,control,CD14 Mono
TAATCGCTTGGCAT.1,control,CD8 T
TAATGAACCAGTTG.1,control,CD14 Mono
TAATGAACCCTTAT.1,control,T
TAATGAACGGTCTA.1,control,CD14 Mono
TAATGAACTCTAGG.1,control,CD14 Mono
TAATGATGATCGTG.1,control,CD14 Mono
TAATGATGGCTGAT.1,control,CD14 Mono
TAATGATGGGTGAG.1,control,CD8 T
TAATGCCTAGCTAC.1,control,NK
TAATGCCTAGTCGT.1,control,CD16 Mono
TAATGCCTCAGAAA.1,control,CD4 T
TAATGCCTCATGGT.1,control,B
TAATGCCTCTGGAT.1,control,CD16 Mono
TAATGCCTGACGAG.1,control,CD14 Mono
TAATGCCTGCAGAG.1,control,CD14 Mono
TAATGCCTTGATGC.1,control,CD16 Mono
TAATGTGAACGTAC.1,control,CD16 Mono
TAATGTGACCCTCA.1,control,CD4 T
TAATGTGACCGTAA.1,control,CD14 Mono
TAATGTGAGCTTAG.1,control,CD4 T
TAATGTGAGGATCT.1,control,CD8 T
TAATGTGATATTCC.1,control,CD14 Mono
TAATGTGATGACAC.1,control,CD4 T
TAATGTGATGAGCT.1,control,CD14 Mono
TACAAATGCGAACT.1,control,CD8 T
TACAAATGGTGCAT.1,control,CD4 T
TACAAATGTCAGTG.1,control,T
TACAAATGTGCTGA.1,control,DC
TACAATGACTCAAG.1,control,CD14 Mono
TACACACTAACAGA.1,control,CD14 Mono
TACACACTACCGAT.1,control,CD4 T
TACACACTATGTCG.1,control,CD4 T
TACACACTGGTTAC.1,control,CD14 Mono
TACACACTTAACGC.1,control,CD14 Mono
TACACACTTGCTTT.1,control,CD14 Mono
TACACACTTTGCTT.1,control,CD4 T
TACATAGATGGTGT.1,control,CD4 T
TACATCACACACTG.1,control,CD4 T
TACATCACACGGGA.1,control,CD14 Mono
TACATCACCTGTAG.1,control,CD16 Mono
TACATCACCTTCGC.1,control,CD16 Mono
TACATCACGTTCAG.1,control,CD14 Mono
TACATCACTCTGGA.1,control,CD4 T
TACCATTGCGTTAG.1,control,NK
TACCATTGCTTATC.1,control,CD4 T
TACCATTGGCTACA.1,control,CD14 Mono
TACCATTGGTCTAG.1,control,CD14 Mono
TACCATTGTCGACA.1,control,CD14 Mono
TACCATTGTGCGTA.1,control,CD14 Mono
TACCATTGTGCTCC.1,control,CD4 T
TACCATTGTTATCC.1,control,CD14 Mono
TACCATTGTTGGCA.1,control,CD4 T
TACCGAGAACCCAA.1,control,T
TACCGAGACCTCAC.1,control,CD4 T
TACCGAGATGTGAC.1,control,CD16 Mono
TACCGAGATTCTCA.1,control,CD4 T
TACCGCTGACAGCT.1,control,B
TACCGCTGGATAAG.1,control,CD4 T
TACCGCTGGGTCAT.1,control,T
TACCGCTGGTCGAT.1,control,CD16 Mono
TACCGCTGGTTGGT.1,control,CD4 T
TACCGCTGTCCCGT.1,control,B
TACCGCTGTGAGCT.1,control,CD4 T
TACCGGCTAACGTC.1,control,CD14 Mono
TACCGGCTCCATGA.1,control,CD14 Mono
TACCGGCTCTCGCT.1,control,CD4 T
TACCGGCTTAACGC.1,control,NK
TACGACGAAACCGT.1,control,CD4 T
TACGACGAAACGGG.1,control,CD16 Mono
TACGACGAGGTCTA.1,control,DC
TACGAGACCACCAA.1,control,CD14 Mono
TACGAGACCATACG.1,control,CD4 T
TACGAGACCTCTAT.1,control,CD14 Mono
TACGAGACTCCAAG.1,control,CD14 Mono
TACGAGACTGGCAT.1,control,CD14 Mono
TACGAGACTGGTGT.1,control,CD4 T
TACGAGTGACTAGC.1,control,CD4 T
TACGAGTGCGCCTT.1,control,CD14 Mono
TACGAGTGCTACGA.1,control,CD14 Mono
TACGAGTGCTCTCG.1,control,CD4 T
TACGAGTGTTATCC.1,control,CD16 Mono
TACGATCTAAGTGA.1,control,CD4 T
TACGATCTATAAGG.1,control,CD14 Mono
TACGATCTCCAGTA.1,control,CD14 Mono
TACGATCTCGAGAG.1,control,CD14 Mono
TACGATCTCTATGG.1,control,CD4 T
TACGATCTGATAAG.1,control,CD16 Mono
TACGCAGAAGGTCT.1,control,CD14 Mono
TACGCAGACTCATT.1,control,CD4 T
TACGCAGACTTGTT.1,control,CD4 T
TACGCAGATGTCAG.1,control,CD14 Mono
TACGCCACAAGGGC.1,control,B
TACGCCACACGACT.1,control,CD14 Mono
TACGCCACGCGGAA.1,control,CD14 Mono
TACGCCACTGGCAT.1,control,CD14 Mono
TACGCCACTTCGTT.1,control,CD4 T
TACGCGCTACTCTT.1,control,CD4 T
TACGCGCTCTCCAC.1,control,B
TACGCGCTGTTAGC.1,control,CD14 Mono
TACGCGCTTCATTC.1,control,B
TACGCGCTTGCAAC.1,control,CD4 T
TACGGAACCGTGAT.1,control,CD4 T
TACGGAACGTGTCA.1,control,CD4 T
TACGGCCTCAACCA.1,control,DC
TACGGCCTTCCAGA.1,control,CD14 Mono
TACGTACTAGCGTT.1,control,CD14 Mono
TACGTACTATTTCC.1,control,CD8 T
TACGTACTCACTAG.1,control,CD14 Mono
TACGTTACCGAATC.1,control,CD14 Mono
TACGTTACTGTAGC.1,control,CD16 Mono
TACTAAGAAACGAA.1,control,B
TACTAAGAATCGTG.1,control,CD4 T
TACTAAGAGAGACG.1,control,CD14 Mono
TACTAAGATACGAC.1,control,CD14 Mono
TACTACACAAGGCG.1,control,CD14 Mono
TACTACACACCCTC.1,control,T
TACTACACCGATAC.1,control,CD14 Mono
TACTACACTACTCT.1,control,CD8 T
TACTACACTCACGA.1,control,CD4 T
TACTACACTGAACC.1,control,CD4 T
TACTACACTTCTTG.1,control,CD14 Mono
TACTACTGACTGTG.1,control,CD14 Mono
TACTACTGCGAATC.1,control,CD14 Mono
TACTACTGCGTGAT.1,control,T
TACTACTGTCAGGT.1,control,CD4 T
TACTACTGTGACAC.1,control,CD16 Mono
TACTCAACCTAGAC.1,control,CD4 T
TACTCAACCTAGTG.1,control,CD4 T
TACTCCCTCACTAG.1,control,T
TACTCCCTGAAAGT.1,control,CD4 T
TACTCCCTTGGGAG.1,control,CD14 Mono
TACTCTGACCCGTT.1,control,CD8 T
TACTCTGAGAACTC.1,control,B
TACTCTGAGAATCC.1,control,CD4 T
TACTCTGATCTTTG.1,control,CD4 T
TACTGGGAACTGGT.1,control,CD4 T
TACTGGGAGACGTT.1,control,CD4 T
TACTGGGAGCTACA.1,control,NK
TACTGGGATTGAGC.1,control,DC
TACTGGGATTTCGT.1,control,CD4 T
TACTGTTGCCCTTG.1,control,CD14 Mono
TACTGTTGCCTCCA.1,control,CD14 Mono
TACTGTTGCGCTAA.1,control,CD16 Mono
TACTGTTGCTATGG.1,control,NK
TACTGTTGCTGAGT.1,control,CD16 Mono
TACTGTTGCTGCTC.1,control,CD4 T
TACTGTTGGTAAAG.1,control,B
TACTGTTGTCCGAA.1,control,CD14 Mono
TACTGTTGTTTGTC.1,control,B
TACTTGACAACCGT.1,control,CD14 Mono
TACTTGACATGCTG.1,control,CD14 Mono
TACTTGACCTGACA.1,control,CD14 Mono
TACTTGACTGAGGG.1,control,B
TACTTGACTTCCAT.1,control,CD14 Mono
TACTTTCTAACGGG.1,control,CD8 T
TACTTTCTAACTGC.1,control,CD4 T
TACTTTCTCATTTC.1,control,CD14 Mono
TACTTTCTGCTATG.1,control,CD8 T
TAGAAACTACCATG.1,control,CD14 Mono
TAGAAACTACTTTC.1,control,T
TAGAAACTATCGAC.1,control,CD14 Mono
TAGAAACTGTAAAG.1,control,CD4 T
TAGAAACTGTCTGA.1,control,B
TAGAATACAAGGCG.1,control,CD16 Mono
TAGAATACATCGAC.1,control,CD4 T
TAGAATACCATTTC.1,control,CD4 T
TAGAATACCCGATA.1,control,DC
TAGAATACCGTTGA.1,control,CD4 T
TAGAATACGTACGT.1,control,CD14 Mono
TAGAATACTACAGC.1,control,CD14 Mono
TAGAATTGAGATGA.1,control,CD16 Mono
TAGAATTGATCGAC.1,control,CD14 Mono
TAGAATTGCGAGTT.1,control,B
TAGAATTGCTCATT.1,control,NK
TAGAATTGGTAAAG.1,control,CD16 Mono
TAGAATTGGTCATG.1,control,B
TAGAATTGTACGAC.1,control,CD4 T
TAGAATTGTCTCGC.1,control,B
TAGAATTGTGGTGT.1,control,CD14 Mono
TAGAATTGTGTTCT.1,control,CD14 Mono
TAGACGTGATAAGG.1,control,CD4 T
TAGACGTGATCGTG.1,control,B
TAGACGTGTATGGC.1,control,B
TAGAGAGAACGCAT.1,control,CD4 T
TAGAGAGAAGTACC.1,control,B
TAGAGAGAATCACG.1,control,CD14 Mono
TAGAGAGACTGGTA.1,control,CD14 Mono
TAGAGAGAGTACCA.1,control,CD14 Mono
TAGAGCACATTGGC.1,control,CD14 Mono
TAGAGCACCGAATC.1,control,NK
TAGAGCACGAGCAG.1,control,B
TAGAGCACGCGAGA.1,control,CD14 Mono
TAGAGCACGGAGGT.1,control,CD4 T
TAGAGCACGGTGTT.1,control,CD14 Mono
TAGAGCACTCCAGA.1,control,CD14 Mono
TAGATCCTCATACG.1,control,CD4 T
TAGATCCTCCGCTT.1,control,CD14 Mono
TAGATCCTCGTTGA.1,control,CD4 T
TAGATCCTTCTCTA.1,control,CD14 Mono
TAGATTGAACCTCC.1,control,CD14 Mono
TAGATTGACGCTAA.1,control,CD8 T
TAGATTGACTATTC.1,control,CD4 T
TAGATTGACTCCCA.1,control,B
TAGATTGAGCGTAT.1,control,CD4 T
TAGCATCTTCGCCT.1,control,B
TAGCCCACAAGCCT.1,control,CD14 Mono
TAGCCCACGTTGTG.1,control,CD14 Mono
TAGCCCTGGTAAAG.1,control,CD4 T
TAGCCGCTAGGTTC.1,control,CD4 T
TAGCCGCTGAAGGC.1,control,CD14 Mono
TAGCCGCTGCGAAG.1,control,B
TAGCGATGGGACTT.1,control,CD4 T
TAGCGATGTTGTGG.1,control,B
TAGCTACTAGCGTT.1,control,CD4 T
TAGCTACTATCGTG.1,control,CD14 Mono
TAGCTACTCCAATG.1,control,CD14 Mono
TAGCTACTCTACCC.1,control,CD4 T
TAGCTACTGGGAGT.1,control,DC
TAGCTACTGGTGTT.1,control,CD16 Mono
TAGGACTGAAGAAC.1,control,CD16 Mono
TAGGACTGCATCAG.1,control,CD14 Mono
TAGGACTGGCTCCT.1,control,CD4 T
TAGGACTGTGAGCT.1,control,CD14 Mono
TAGGACTGTTCAGG.1,control,CD14 Mono
TAGGAGCTACCTCC.1,control,CD14 Mono
TAGGAGCTAGAGTA.1,control,CD14 Mono
TAGGAGCTGCGGAA.1,control,CD8 T
TAGGAGCTTCATTC.1,control,CD14 Mono
TAGGCAACATTTCC.1,control,B
TAGGCAACCGGGAA.1,control,CD8 T
TAGGCAACGCTTAG.1,control,CD14 Mono
TAGGCAACGGACAG.1,control,CD16 Mono
TAGGCAACGTCTGA.1,control,CD4 T
TAGGCATGAAGCCT.1,control,CD4 T
TAGGCATGACGGTT.1,control,T
TAGGCATGGGGAGT.1,control,CD4 T
TAGGCATGGGGATG.1,control,CD14 Mono
TAGGCATGTCCTGC.1,control,CD14 Mono
TAGGCTGACACTCC.1,control,CD8 T
TAGGCTGAGCCATA.1,control,CD14 Mono
TAGGGACTACCCAA.1,control,CD4 T
TAGGGACTAGTGTC.1,control,CD14 Mono
TAGGGACTATTCTC.1,control,CD14 Mono
TAGGGACTCACAAC.1,control,CD14 Mono
TAGGGACTCTAAGC.1,control,CD4 T
TAGGGACTTGCATG.1,control,CD16 Mono
TAGGGACTTTCACT.1,control,CD4 T
TAGGGACTTTGCGA.1,control,CD14 Mono
TAGGTCGAACGTGT.1,control,CD14 Mono
TAGGTCGACCAAGT.1,control,T
TAGGTCGACCTATT.1,control,CD14 Mono
TAGGTCGACTGTGA.1,control,CD4 T
TAGGTCGAGGCAAG.1,control,CD8 T
TAGGTCGATCTGGA.1,control,CD14 Mono
TAGGTGACAGGAGC.1,control,CD14 Mono
TAGGTGACCGACTA.1,control,B
TAGGTGACCTCGAA.1,control,CD4 T
TAGGTGACTGCTGA.1,control,CD4 T
TAGGTGTGACCCTC.1,control,CD14 Mono
TAGGTGTGCAGATC.1,control,CD14 Mono
TAGGTGTGGAGGAC.1,control,CD14 Mono
TAGGTGTGGCGGAA.1,control,CD14 Mono
TAGGTGTGTCCCAC.1,control,CD8 T
TAGGTTCTGAGGAC.1,control,CD8 T
TAGGTTCTGAGGTG.1,control,CD4 T
TAGGTTCTGGAGCA.1,control,CD14 Mono
TAGGTTCTTCGTTT.1,control,CD4 T
TAGGTTCTTCTACT.1,control,CD4 T
TAGGTTCTTCTGGA.1,control,CD14 Mono
TAGGTTCTTGAGGG.1,control,T
TAGGTTCTTGTCAG.1,control,NK
TAGTAAACAGAACA.1,control,CD14 Mono
TAGTAAACAGAGTA.1,control,CD4 T
TAGTAAACCCCTAC.1,control,CD4 T
TAGTAAACTAACCG.1,control,CD16 Mono
TAGTAATGAAAAGC.1,control,CD14 Mono
TAGTAATGAACAGA.1,control,CD8 T
TAGTAATGCGTCTC.1,control,CD16 Mono
TAGTAATGTTTCAC.1,control,CD4 T
TAGTACCTAAGCCT.1,control,CD14 Mono
TAGTACCTCCTCCA.1,control,CD4 T
TAGTACCTCTAGCA.1,control,CD16 Mono
TAGTATGAAGCTAC.1,control,CD14 Mono
TAGTATGACCGCTT.1,control,CD4 T
TAGTATGACTACGA.1,control,CD4 T
TAGTCACTCATTCT.1,control,CD14 Mono
TAGTCACTCTAAGC.1,control,CD4 T
TAGTCACTGGGACA.1,control,CD4 T
TAGTCACTGTCGAT.1,control,DC
TAGTCACTTGACTG.1,control,CD4 T
TAGTCGGAAGTCGT.1,control,CD4 T
TAGTCGGACAGAGG.1,control,CD14 Mono
TAGTCGGATACTGG.1,control,CD16 Mono
TAGTCGGATCCTAT.1,control,CD4 T
TAGTCGGATGATGC.1,control,CD4 T
TAGTCTTGGAAAGT.1,control,CD16 Mono
TAGTCTTGGGGATG.1,control,DC
TAGTCTTGGTTGAC.1,control,T
TAGTCTTGTAGCCA.1,control,CD14 Mono
TAGTCTTGTCCCGT.1,control,T
TAGTGGTGAGTGTC.1,control,CD4 T
TAGTGGTGCACTCC.1,control,CD14 Mono
TAGTGGTGCTACCC.1,control,CD14 Mono
TAGTGGTGCTGGAT.1,control,CD4 T
TAGTGGTGGAATCC.1,control,CD4 T
TAGTGGTGGGACAG.1,control,CD4 T
TAGTGGTGGGGTGA.1,control,CD4 T
TAGTTAGAAAACAG.1,control,CD4 T
TAGTTAGAGGACGA.1,control,DC
TAGTTAGAGTCAAC.1,control,T
TAGTTCACAACGTC.1,control,CD4 T
TAGTTCACAAGGTA.1,control,CD14 Mono
TAGTTCACCTGACA.1,control,CD14 Mono
TAGTTCACGTTGAC.1,control,CD14 Mono
TAGTTCACTCAGTG.1,control,T
TAGTTCACTGTCGA.1,control,DC
TAGTTGCTCTACTT.1,control,NK
TAGTTGCTTATCGG.1,control,CD4 T
TAGTTGCTTCGCCT.1,control,CD4 T
TAGTTGCTTGCCCT.1,control,CD14 Mono
TAGTTGCTTGGTGT.1,control,DC
TATAAGACGCTGAT.1,control,CD14 Mono
TATAAGTGAGCATC.1,control,CD4 T
TATAAGTGTTACTC.1,control,CD14 Mono
TATACAGACTGTAG.1,control,CD16 Mono
TATACAGAGACGTT.1,control,CD14 Mono
TATACAGAGTGTCA.1,control,CD4 T
TATACAGATAGAGA.1,control,CD4 T
TATACAGATTCCAT.1,control,CD14 Mono
TATACCACAAAACG.1,control,CD14 Mono
TATACCACCTGTGA.1,control,CD4 T
TATACCACGCAAGG.1,control,CD4 T
TATACCACTTATCC.1,control,CD4 T
TATACGCTAGGGTG.1,control,NK
TATACGCTATGTGC.1,control,CD4 T
TATACGCTGTCATG.1,control,T
TATACGCTTCGCCT.1,control,CD8 T
TATACGCTTGCCAA.1,control,CD8 T
TATAGATGCTTCGC.1,control,CD4 T
TATAGATGGCTGAT.1,control,CD14 Mono
TATAGATGTGCAAC.1,control,CD14 Mono
TATAGCCTATCAGC.1,control,CD4 T
TATAGCCTCTCGCT.1,control,CD14 Mono
TATAGCCTGTAAAG.1,control,CD14 Mono
TATAGCCTTCTTTG.1,control,NK
TATAGCCTTGCTTT.1,control,CD16 Mono
TATAGCCTTTCTTG.1,control,CD4 T
TATAGCCTTTGACG.1,control,CD14 Mono
TATCAAGACGTAGT.1,control,T
TATCAAGATCTCTA.1,control,CD4 T
TATCAAGATTCTAC.1,control,CD14 Mono
TATCACTGACCTTT.1,control,CD4 T
TATCACTGCACTCC.1,control,CD16 Mono
TATCACTGCCTCCA.1,control,CD4 T
TATCACTGGTCGTA.1,control,CD4 T
TATCACTGTAACCG.1,control,CD4 T
TATCAGCTAGTAGA.1,control,B
TATCAGCTCCTGAA.1,control,CD4 T
TATCAGCTTGAACC.1,control,CD4 T
TATCAGCTTTATCC.1,control,CD16 Mono
TATCAGCTTTTACC.1,control,CD4 T
TATCCAACCTCTAT.1,control,CD4 T
TATCCAACCTTTAC.1,control,CD14 Mono
TATCCAACTTTGTC.1,control,B
TATCCTGAAGTGCT.1,control,CD4 T
TATCCTGAGGATTC.1,control,CD4 T
TATCCTGATGACAC.1,control,B
TATCCTGATGCCTC.1,control,T
TATCGACTAAGATG.1,control,CD4 T
TATCGACTACGACT.1,control,CD4 T
TATCGACTACTACG.1,control,CD14 Mono
TATCGACTAGCAAA.1,control,NK
TATCGACTCACTCC.1,control,B
TATCGACTCGAGAG.1,control,CD4 T
TATCGACTTACGAC.1,control,CD14 Mono
TATCGACTTGCACA.1,control,CD8 T
TATCGACTTGGTGT.1,control,CD14 Mono
TATCGTACTATCGG.1,control,CD14 Mono
TATCGTACTTGCGA.1,control,CD16 Mono
TATCTCGAACAGCT.1,control,CD4 T
TATCTCGACAGTCA.1,control,CD14 Mono
TATCTCGAGTAAAG.1,control,CD16 Mono
TATCTCGATCTATC.1,control,CD14 Mono
TATCTGACAAAAGC.1,control,CD14 Mono
TATCTGACTGTGAC.1,control,CD4 T
TATCTTCTAAGTAG.1,control,CD14 Mono
TATCTTCTAGAACA.1,control,CD4 T
TATCTTCTATCGAC.1,control,B
TATCTTCTCTCCCA.1,control,CD4 T
TATCTTCTGGGAGT.1,control,CD4 T
TATCTTCTTCTACT.1,control,CD14 Mono
TATCTTCTTTCGGA.1,control,CD4 T
TATGAATGATTCTC.1,control,NK
TATGAATGCTTCGC.1,control,CD4 T
TATGAATGGCAAGG.1,control,CD4 T
TATGAATGGTATCG.1,control,CD14 Mono
TATGAATGTCTTAC.1,control,CD8 T
TATGAATGTTTCGT.1,control,CD4 T
TATGCGGAAGTCAC.1,control,CD4 T
TATGCGGAATTCGG.1,control,CD14 Mono
TATGCGGACGTCTC.1,control,CD8 T
TATGCGGACTATTC.1,control,CD14 Mono
TATGGGACACCCAA.1,control,DC
TATGGGACATCGTG.1,control,B
TATGGGACGGAAGC.1,control,NK
TATGGGACGTTGCA.1,control,NK
TATGGGACTACTCT.1,control,CD4 T
TATGGGTGCAGGAG.1,control,CD8 T
TATGGGTGCGTGAT.1,control,CD14 Mono
TATGGGTGGCCATA.1,control,B
TATGGGTGGTAGCT.1,control,CD4 T
TATGGGTGTGTCAG.1,control,CD14 Mono
TATGGTCTACACCA.1,control,B
TATGGTCTCCGAAT.1,control,CD14 Mono
TATGGTCTTGCATG.1,control,CD4 T
TATGTCACCTCATT.1,control,B
TATGTCACCTGACA.1,control,CD14 Mono
TATGTCACTATCTC.1,control,CD4 T
TATGTCACTCGTAG.1,control,CD14 Mono
TATGTCTGCTGCAA.1,control,CD14 Mono
TATGTCTGGAACCT.1,control,CD14 Mono
TATGTCTGTAGAGA.1,control,CD14 Mono
TATGTCTGTGATGC.1,control,CD4 T
TATGTGCTATGGTC.1,control,CD14 Mono
TATGTGCTCTCCAC.1,control,CD14 Mono
TATGTGCTCTTGAG.1,control,CD14 Mono
TATGTGCTTCAGTG.1,control,CD4 T
TATTGCTGAATCGC.1,control,CD4 T
TATTGCTGAGAGAT.1,control,CD4 T
TATTGCTGCAACTG.1,control,CD4 T
TATTGCTGCGCTAA.1,control,B
TATTGCTGTATCTC.1,control,CD4 T
TATTGCTGTATGGC.1,control,CD14 Mono
TATTGCTGTGGTGT.1,control,CD4 T
TATTTCCTAACCGT.1,control,CD14 Mono
TATTTCCTAAGTGA.1,control,CD16 Mono
TATTTCCTACGCTA.1,control,CD14 Mono
TATTTCCTAGGGTG.1,control,CD4 T
TATTTCCTCCTAAG.1,control,CD4 T
TATTTCCTCGGAGA.1,control,CD14 Mono
TATTTCCTGTATGC.1,control,CD4 T
TCAACACTAGCGTT.1,control,CD4 T
TCAACACTATCGAC.1,control,CD16 Mono
TCAACACTGGCAAG.1,control,CD4 T
TCAACACTTGGTAC.1,control,CD14 Mono
TCAAGGACCCGTTC.1,control,CD14 Mono
TCAAGGACCTTCCG.1,control,CD4 T
TCAAGGACGGAGCA.1,control,CD16 Mono
TCAAGGTGAGATGA.1,control,CD4 T
TCAAGGTGCAATCG.1,control,CD4 T
TCAAGGTGCTCAAG.1,control,B
TCAAGGTGTAGAAG.1,control,B
TCAAGGTGTCTCGC.1,control,CD4 T
TCAAGGTGTCTTCA.1,control,CD4 T
TCAAGTCTACCATG.1,control,B
TCAAGTCTCTTATC.1,control,CD8 T
TCAAGTCTGAAAGT.1,control,CD4 T
TCAAGTCTGTCATG.1,control,NK
TCAAGTCTGTTAGC.1,control,CD14 Mono
TCAAGTCTTACTTC.1,control,CD4 T
TCAAGTCTTAGCCA.1,control,CD4 T
TCAAGTCTTCTAGG.1,control,CD4 T
TCAAGTCTTGTCGA.1,control,CD4 T
TCAATAGAAGCTAC.1,control,CD14 Mono
TCAATAGAGCGATT.1,control,CD14 Mono
TCAATAGAGTAGGG.1,control,CD14 Mono
TCAATAGATAGCCA.1,control,B
TCAATAGATTTGCT.1,control,CD4 T
TCAATCACACGGGA.1,control,CD14 Mono
TCAATCACCTTGCC.1,control,NK
TCAATCACGGAGGT.1,control,CD4 T
TCAATCACGGGATG.1,control,B
TCAATCACTTGAGC.1,control,CD8 T
TCACAACTACCTGA.1,control,NK
TCACAACTGGTGGA.1,control,CD14 Mono
TCACAACTGGTTTG.1,control,CD14 Mono
TCACAACTTGCATG.1,control,CD4 T
TCACAACTTTTCTG.1,control,CD8 T
TCACATACAACTGC.1,control,CD14 Mono
TCACATACCTTGCC.1,control,CD14 Mono
TCACATACGGTCAT.1,control,CD4 T
TCACATACTTTCAC.1,control,CD14 Mono
TCACCCGAACTGGT.1,control,CD14 Mono
TCACCCGAACTTTC.1,control,CD14 Mono
TCACCCGAATTCGG.1,control,B
TCACCCGATCCTCG.1,control,DC
TCACCGTGAACCAC.1,control,CD14 Mono
TCACCGTGAAGGTA.1,control,CD14 Mono
TCACCGTGCTGAGT.1,control,NK
TCACCGTGGCTTCC.1,control,CD14 Mono
TCACCGTGGGGCAA.1,control,T
TCACCGTGTAAGCC.1,control,CD4 T
TCACCGTGTGATGC.1,control,CD16 Mono
TCACCGTGTTCAGG.1,control,CD8 T
TCACCTCTAGGTTC.1,control,CD14 Mono
TCACCTCTCACTTT.1,control,CD4 T
TCACCTCTGAATGA.1,control,CD8 T
TCACCTCTGGACGA.1,control,CD8 T
TCACGAGAATTCGG.1,control,CD14 Mono
TCACGAGACCCGTT.1,control,CD4 T
TCACGAGAGCGATT.1,control,CD4 T
TCACGAGATCTACT.1,control,CD14 Mono
TCACGAGATGTCCC.1,control,CD4 T
TCACTATGATCACG.1,control,CD4 T
TCACTATGCACTAG.1,control,NK
TCACTATGCGACAT.1,control,CD14 Mono
TCACTATGCTTCTA.1,control,CD14 Mono
TCACTATGTGACTG.1,control,B
TCACTATGTTCATC.1,control,CD8 T
TCACTATGTTGAGC.1,control,DC
TCAGACGAAACCAC.1,control,CD4 T
TCAGACGAGGTCAT.1,control,CD14 Mono
TCAGAGACAAGCCT.1,control,CD14 Mono
TCAGAGACCTTGGA.1,control,CD14 Mono
TCAGAGACTCTGGA.1,control,CD4 T
TCAGAGACTTTCGT.1,control,CD14 Mono
TCAGCAGAAACCGT.1,control,CD8 T
TCAGCAGAACGTGT.1,control,B
TCAGCAGAAGAACA.1,control,CD14 Mono
TCAGCAGATAAAGG.1,control,CD8 T
TCAGCAGATTTGGG.1,control,CD8 T
TCAGCGCTAAGGTA.1,control,CD4 T
TCAGCGCTACACTG.1,control,CD14 Mono
TCAGCGCTCCTTAT.1,control,CD8 T
TCAGCGCTGGTCAT.1,control,CD14 Mono
TCAGCGCTTGGAGG.1,control,CD4 T
TCAGGATGAGCACT.1,control,CD4 T
TCAGGATGCTCAAG.1,control,CD14 Mono
TCAGGATGGCATCA.1,control,CD4 T
TCAGGATGGCGAAG.1,control,CD4 T
TCAGGATGTAAGCC.1,control,CD14 Mono
TCAGGATGTCCTAT.1,control,CD16 Mono
TCAGGATGTGCATG.1,control,CD14 Mono
TCAGGATGTGGTCA.1,control,CD4 T
TCAGGATGTTGCTT.1,control,CD14 Mono
TCAGTACTAAGAAC.1,control,CD14 Mono
TCAGTACTACTGTG.1,control,CD16 Mono
TCAGTACTCCACCT.1,control,CD4 T
TCAGTACTCCCTTG.1,control,CD4 T
TCAGTACTGCTGTA.1,control,B
TCAGTACTTGTTTC.1,control,B
TCAGTGGAATCGGT.1,control,CD14 Mono
TCAGTGGAGGAGGT.1,control,T
TCAGTTACCTCCCA.1,control,CD4 T
TCAGTTACGAGGGT.1,control,CD14 Mono
TCATCAACAGGTTC.1,control,CD14 Mono
TCATCAACCGTTGA.1,control,CD4 T
TCATCAACGCATAC.1,control,DC
TCATCAACGTTCTT.1,control,CD16 Mono
TCATCAACTATGCG.1,control,CD14 Mono
TCATCAACTCACCC.1,control,CD14 Mono
TCATCATGCACTCC.1,control,CD4 T
TCATCATGCAGCTA.1,control,CD14 Mono
TCATCCCTAACGGG.1,control,CD14 Mono
TCATCCCTACACGT.1,control,B
TCATCCCTAGCGGA.1,control,CD14 Mono
TCATCCCTCCCACT.1,control,CD14 Mono
TCATGTACAAAAGC.1,control,CD14 Mono
TCATGTACATCGTG.1,control,CD4 T
TCATGTACTGACAC.1,control,CD4 T
TCATTCGAATCACG.1,control,CD14 Mono
TCATTCGAGATACC.1,control,CD14 Mono
TCATTCGATGCAAC.1,control,CD8 T
TCATTGACACCATG.1,control,CD4 T
TCATTGACACCCTC.1,control,B
TCATTGACACGCTA.1,control,CD14 Mono
TCATTGACCTGATG.1,control,B
TCATTGACTGCCTC.1,control,CD16 Mono
TCCACGTGCGTGTA.1,control,CD14 Mono
TCCACGTGCTTACT.1,control,B
TCCACGTGTCGTTT.1,control,CD14 Mono
TCCACGTGTGCAGT.1,control,CD4 T
TCCACGTGTGTGGT.1,control,CD14 Mono
TCCACTCTAAAGCA.1,control,CD14 Mono
TCCACTCTGGGTGA.1,control,CD4 T
TCCAGAGAACTACG.1,control,CD4 T
TCCAGAGAATAAGG.1,control,CD14 Mono
TCCAGAGATAGAGA.1,control,T
TCCAGAGATCTCGC.1,control,B
TCCATAACCCTTCG.1,control,CD4 T
TCCATAACGGAAAT.1,control,CD16 Mono
TCCATAACGTATGC.1,control,CD14 Mono
TCCATCCTAGCCTA.1,control,CD14 Mono
TCCATCCTGGAACG.1,control,CD14 Mono
TCCATCCTTCGCAA.1,control,CD16 Mono
TCCCACGACTGGTA.1,control,CD4 T
TCCCACGATCCTAT.1,control,CD4 T
TCCCAGACAGCCAT.1,control,CD14 Mono
TCCCAGACCAAAGA.1,control,DC
TCCCAGACTTCTTG.1,control,DC
TCCCAGACTTGTCT.1,control,CD4 T
TCCCATCTCGTACA.1,control,CD14 Mono
TCCCATCTGCTACA.1,control,CD14 Mono
TCCCATCTGGAAAT.1,control,CD16 Mono
TCCCATCTTGAGGG.1,control,NK
TCCCGAACACGCAT.1,control,CD14 Mono
TCCCGAACAGTTCG.1,control,CD14 Mono
TCCCGAACCAGATC.1,control,CD4 T
TCCCGAACGCCAAT.1,control,CD4 T
TCCCGAACTCCTCG.1,control,CD14 Mono
TCCCGATGACGTTG.1,control,NK
TCCCGATGAGCATC.1,control,NK
TCCCGATGCTACCC.1,control,CD14 Mono
TCCCGATGGTTAGC.1,control,CD16 Mono
TCCCTACTAACCTG.1,control,DC
TCCCTACTACTGTG.1,control,NK
TCCCTACTAGATGA.1,control,NK
TCCCTACTCAACCA.1,control,CD8 T
TCCCTACTCCTTAT.1,control,CD14 Mono
TCCCTACTCTGGTA.1,control,CD4 T
TCCCTACTGATGAA.1,control,CD4 T
TCCCTACTTGAGAA.1,control,CD8 T
TCCCTACTTGCTCC.1,control,NK
TCCGAAGAACCTGA.1,control,CD16 Mono
TCCGAAGATACTTC.1,control,CD14 Mono
TCCGAAGATATGCG.1,control,CD8 T
TCCGAGCTAGATGA.1,control,CD4 T
TCCTAAACAAGTGA.1,control,NK
TCCTAAACCGCATA.1,control,CD14 Mono
TCCTAAACGCATAC.1,control,CD16 Mono
TCCTAATGAGCACT.1,control,CD4 T
TCCTAATGCTGCAA.1,control,CD14 Mono
TCCTAATGCTTGTT.1,control,CD8 T
TCCTAATGGGTAAA.1,control,CD4 T
TCCTAATGTCTGGA.1,control,CD4 T
TCCTAATGTGTGGT.1,control,CD4 T
TCCTAATGTTCATC.1,control,CD16 Mono
TCCTACCTACAGCT.1,control,CD4 T
TCCTACCTCTCAGA.1,control,CD14 Mono
TCCTACCTTGAGGG.1,control,CD4 T
TCCTATGAAGCCTA.1,control,DC
TCCTATGAAGCTAC.1,control,CD14 Mono
TCCTATGATAAAGG.1,control,B
TCCTATGATATCTC.1,control,CD14 Mono
TCGAATCTCCTCAC.1,control,CD8 T
TCGAATCTCCTTCG.1,control,CD14 Mono
TCGAATCTCTTCGC.1,control,CD14 Mono
TCGAATCTGTACGT.1,control,CD4 T
TCGAATCTTTCATC.1,control,CD14 Mono
TCGACCTGACCTGA.1,control,B
TCGACCTGTCATTC.1,control,CD14 Mono
TCGACCTGTTATCC.1,control,NK
TCGACGCTCAGCTA.1,control,CD4 T
TCGACGCTGAGCTT.1,control,B
TCGACGCTGGTTCA.1,control,CD14 Mono
TCGACGCTTAGAGA.1,control,CD4 T
TCGAGAACGGTAAA.1,control,CD4 T
TCGAGAACTCTCCG.1,control,CD14 Mono
TCGAGAACTGCAAC.1,control,CD14 Mono
TCGAGAACTGCTTT.1,control,CD4 T
TCGAGCCTCACAAC.1,control,T
TCGAGCCTCCTCGT.1,control,CD4 T
TCGAGCCTCCTTAT.1,control,CD14 Mono
TCGAGCCTGACGGA.1,control,CD14 Mono
TCGAGCCTTCGTGA.1,control,CD16 Mono
TCGATACTAGAACA.1,control,T
TCGATACTCACAAC.1,control,CD14 Mono
TCGATACTGAGGCA.1,control,CD14 Mono
TCGATTTGACGGAG.1,control,T
TCGATTTGGATACC.1,control,CD4 T
TCGATTTGGGTGGA.1,control,CD4 T
TCGATTTGGTCAAC.1,control,CD4 T
TCGATTTGTGACAC.1,control,CD14 Mono
TCGATTTGTGCCTC.1,control,CD8 T
TCGATTTGTGCTTT.1,control,CD4 T
TCGCAAGACAGAAA.1,control,CD4 T
TCGCAAGATGAGCT.1,control,CD14 Mono
TCGCAAGATGCCAA.1,control,CD14 Mono
TCGCAAGATGCCTC.1,control,CD4 T
TCGCACACCCTTGC.1,control,CD14 Mono
TCGCACACGGTTTG.1,control,NK
TCGCACACTACTTC.1,control,CD14 Mono
TCGCACACTAGCCA.1,control,CD4 T
TCGCACACTGGAAA.1,control,NK
TCGCACACTGGTGT.1,control,CD4 T
TCGCACTGACTCAG.1,control,DC
TCGCACTGATGGTC.1,control,CD14 Mono
TCGCACTGATTCCT.1,control,CD4 T
TCGCACTGCTCGCT.1,control,CD14 Mono
TCGCACTGCTGATG.1,control,CD14 Mono
TCGCACTGGGTCTA.1,control,CD4 T
TCGCACTGTACAGC.1,control,CD14 Mono
TCGCACTGTTAGGC.1,control,CD8 T
TCGCACTGTTGCAG.1,control,T
TCGCAGCTAGTACC.1,control,B
TCGCAGCTGCCATA.1,control,CD8 T
TCGCCATGAGCTAC.1,control,T
TCGCCATGATGTCG.1,control,CD4 T
TCGCCATGCATTGG.1,control,CD14 Mono
TCGCCATGCCGATA.1,control,T
TCGCCATGCCTTAT.1,control,B
TCGCCATGCGGGAA.1,control,CD4 T
TCGCCATGCGTAGT.1,control,CD4 T
TCGCCATGCTGCAA.1,control,CD16 Mono
TCGCCATGTATTCC.1,control,NK
TCGGACCTCCTATT.1,control,CD4 T
TCGGACCTCTCAAG.1,control,CD4 T
TCGGACCTCTCATT.1,control,CD14 Mono
TCGGCACTCCCACT.1,control,CD14 Mono
TCGGCACTGGTATC.1,control,CD4 T
TCGTAGGACGAGTT.1,control,CD4 T
TCGTAGGACTGTTT.1,control,B
TCGTAGGATGCTCC.1,control,DC
TCGTGAGAACCCTC.1,control,B
TCGTGAGAACGCTA.1,control,CD14 Mono
TCGTGAGACCTATT.1,control,CD4 T
TCGTGAGAGGTGAG.1,control,CD14 Mono
TCGTTATGAAGATG.1,control,B
TCGTTATGAGAGAT.1,control,CD4 T
TCGTTATGAGATCC.1,control,CD14 Mono
TCGTTATGCTGTCC.1,control,CD14 Mono
TCGTTATGGACACT.1,control,CD8 T
TCGTTATGGTCATG.1,control,B
TCGTTATGTTCAGG.1,control,B
TCTAACACAAAAGC.1,control,CD14 Mono
TCTAACACATTTCC.1,control,CD14 Mono
TCTAACACGAATGA.1,control,CD14 Mono
TCTAACACGCTAAC.1,control,CD14 Mono
TCTAACACTCTGGA.1,control,NK
TCTAACACTGCAAC.1,control,B
TCTAACACTGGTTG.1,control,CD14 Mono
TCTAACTGAAGGGC.1,control,CD14 Mono
TCTAACTGGCGAGA.1,control,CD4 T
TCTAAGCTCTCTAT.1,control,CD14 Mono
TCTAAGCTTGGAGG.1,control,CD16 Mono
TCTACAACAACAGA.1,control,CD4 T
TCTACAACAACCAC.1,control,CD14 Mono
TCTACAACAGGCGA.1,control,CD4 T
TCTACAACCCGCTT.1,control,DC
TCTACAACCGATAC.1,control,CD14 Mono
TCTAGACTCAAGCT.1,control,CD16 Mono
TCTAGACTCGTCTC.1,control,CD4 T
TCTAGACTTGGGAG.1,control,CD16 Mono
TCTAGACTTTGGTG.1,control,B
TCTAGTTGACCCAA.1,control,B
TCTAGTTGAGAACA.1,control,B
TCTAGTTGATTGGC.1,control,CD16 Mono
TCTAGTTGCCATGA.1,control,CD4 T
TCTAGTTGGAAAGT.1,control,CD4 T
TCTAGTTGTCTTAC.1,control,B
TCTATGTGAGAACA.1,control,CD4 T
TCTATGTGCCGTAA.1,control,NK
TCTATGTGGATAAG.1,control,B
TCTATGTGGTGAGG.1,control,T
TCTATGTGTCTTCA.1,control,CD14 Mono
TCTATGTGTTCTCA.1,control,CD14 Mono
TCTCAAACAAGGGC.1,control,CD4 T
TCTCAAACACCTCC.1,control,CD14 Mono
TCTCAAACCTTGAG.1,control,CD4 T
TCTCAAACTCCAAG.1,control,T
TCTCAAACTGGTCA.1,control,CD4 T
TCTCCACTCAAAGA.1,control,CD14 Mono
TCTCCACTCCCTAC.1,control,CD4 T
TCTCCACTGGTCTA.1,control,B
TCTCCACTTTCTGT.1,control,T
TCTCTAGAACTTTC.1,control,CD14 Mono
TCTCTAGAGGAACG.1,control,DC
TCTCTAGAGGAGCA.1,control,CD14 Mono
TCTCTAGATGGGAG.1,control,CD4 T
TCTCTAGATTCCGC.1,control,CD14 Mono
TCTCTAGATTCGTT.1,control,CD14 Mono
TCTGATACCGTGAT.1,control,CD4 T
TCTGATACGGAACG.1,control,CD14 Mono
TCTGATACTTACCT.1,control,CD4 T
TCTGATACTTGTCT.1,control,DC
TCTTACGAAGAATG.1,control,CD14 Mono
TCTTACGAGAAGGC.1,control,CD14 Mono
TCTTACGAGGTAGG.1,control,B
TCTTACGATCGCCT.1,control,B
TCTTCAGAACCTAG.1,control,CD4 T
TCTTCAGAAGTAGA.1,control,NK
TCTTCAGACGACTA.1,control,CD14 Mono
TCTTCAGAGTCCTC.1,control,CD4 T
TCTTGATGGACGAG.1,control,CD16 Mono
TCTTGATGGCGATT.1,control,CD4 T
TCTTGATGTTCGCC.1,control,CD14 Mono
TGAAATTGCTCTAT.1,control,B
TGAAATTGGTGCAT.1,control,T
TGAAATTGTCCAGA.1,control,CD14 Mono
TGAAATTGTCTAGG.1,control,CD16 Mono
TGAACCGATAGCCA.1,control,CD8 T
TGAAGCACCTGTGA.1,control,CD16 Mono
TGAAGCACGTACCA.1,control,B
TGAAGCACTTACTC.1,control,DC
TGAAGCTGCGAACT.1,control,T
TGAAGCTGGGCAAG.1,control,CD14 Mono
TGAAGCTGTATGCG.1,control,CD4 T
TGAATAACCTGGAT.1,control,CD4 T
TGAATAACTCTAGG.1,control,CD4 T
TGAATAACTTGCGA.1,control,CD16 Mono
TGACACGAAAGTGA.1,control,CD14 Mono
TGACACGACATACG.1,control,B
TGACACGACCACCT.1,control,CD4 T
TGACACGAGGATCT.1,control,CD4 T
TGACACGAGGTAAA.1,control,B
TGACACGAGTACCA.1,control,CD14 Mono
TGACCAGAAAGGTA.1,control,CD8 T
TGACCAGAATCGAC.1,control,CD8 T
TGACCAGACCAATG.1,control,B
TGACCAGATCAGTG.1,control,CD14 Mono
TGACCAGATGCACA.1,control,CD14 Mono
TGACCAGATTCTCA.1,control,CD4 T
TGACCGCTCTAGCA.1,control,CD4 T
TGACCGCTCTGGTA.1,control,CD4 T
TGACCGCTTAAGGA.1,control,NK
TGACGAACCCAGTA.1,control,B
TGACGAACTGTCTT.1,control,B
TGACGATGACACAC.1,control,B
TGACGATGACACGT.1,control,B
TGACGATGTCAAGC.1,control,T
TGACGATGTCTGGA.1,control,CD14 Mono
TGACGCCTAGTTCG.1,control,CD14 Mono
TGACGCCTCACCAA.1,control,CD16 Mono
TGACGCCTCAGTCA.1,control,CD14 Mono
TGACGCCTCGTGTA.1,control,B
TGACGCCTGCCCTT.1,control,NK
TGACGCCTGCCTTC.1,control,CD16 Mono
TGACGCCTTCTGGA.1,control,T
TGACGCCTTGTAGC.1,control,CD14 Mono
TGACTGGAAGGAGC.1,control,CD4 T
TGACTGGACACTTT.1,control,CD14 Mono
TGACTGGACTCTTA.1,control,CD14 Mono
TGACTGGAGCCCTT.1,control,CD4 T
TGACTGGAGTCTAG.1,control,CD14 Mono
TGACTGGATAACCG.1,control,CD8 T
TGACTGGATCGATG.1,control,CD8 T
TGACTGGATGTGGT.1,control,DC
TGACTTACAGAAGT.1,control,CD14 Mono
TGACTTACGGTGTT.1,control,CD14 Mono
TGACTTACTAAAGG.1,control,CD4 T
TGACTTACTGAACC.1,control,CD14 Mono
TGACTTTGAGATGA.1,control,CD14 Mono
TGACTTTGCTGACA.1,control,CD14 Mono
TGACTTTGTGGCAT.1,control,CD16 Mono
TGACTTTGTTCATC.1,control,CD4 T
TGAGACACAAAAGC.1,control,B
TGAGACACGCGTAT.1,control,CD14 Mono
TGAGACACGCTTAG.1,control,T
TGAGACACGGGACA.1,control,B
TGAGACACTCTTAC.1,control,B
TGAGACACTTTGTC.1,control,CD14 Mono
TGAGCAACAGAGAT.1,control,CD4 T
TGAGCAACCTCAGA.1,control,CD4 T
TGAGCAACGATAAG.1,control,NK
TGAGCTGAAAGATG.1,control,CD16 Mono
TGAGCTGAAGTACC.1,control,CD4 T
TGAGCTGACAGCTA.1,control,CD14 Mono
TGAGCTGACCGATA.1,control,B
TGAGCTGATAGCCA.1,control,CD4 T
TGAGCTGATCGTGA.1,control,T
TGAGCTGATGTGCA.1,control,CD4 T
TGAGGACTGACTAC.1,control,CD14 Mono
TGAGGACTTTTCGT.1,control,NK
TGAGGTACAGGCGA.1,control,CD4 T
TGAGGTACAGTCTG.1,control,CD14 Mono
TGAGGTACATGCTG.1,control,CD4 T
TGAGGTACGGTCAT.1,control,CD14 Mono
TGAGGTACGTTAGC.1,control,CD4 T
TGAGGTACTATCGG.1,control,CD4 T
TGAGGTACTCACGA.1,control,CD14 Mono
TGAGGTACTCTCCG.1,control,CD16 Mono
TGAGTCGACCCAAA.1,control,T
TGAGTCGACCTATT.1,control,B
TGAGTCGAGCGTAT.1,control,CD14 Mono
TGAGTCGATAACCG.1,control,DC
TGAGTCGATATCTC.1,control,CD8 T
TGAGTCGATCTATC.1,control,CD14 Mono
TGAGTCGATTGCTT.1,control,CD14 Mono
TGAGTGACAAGGCG.1,control,T
TGAGTGACAGAGTA.1,control,CD14 Mono
TGAGTGACTCCTCG.1,control,CD14 Mono
TGAGTGACTTTCGT.1,control,CD8 T
TGATAAACAGGTTC.1,control,NK
TGATAAACCCGTAA.1,control,CD14 Mono
TGATACCTATGTGC.1,control,NK
TGATACCTCCAATG.1,control,CD16 Mono
TGATACCTCGGTAT.1,control,CD14 Mono
TGATACCTTCCTTA.1,control,NK
TGATATGATGTTCT.1,control,CD4 T
TGATCACTCCTCGT.1,control,CD4 T
TGATCACTTGGCAT.1,control,CD4 T
TGATCGGACTCTCG.1,control,CD4 T
TGATCGGAGGTAAA.1,control,CD16 Mono
TGATCGGATCGCAA.1,control,CD14 Mono
TGATCGGATGTAGC.1,control,CD16 Mono
TGATTAGACCCGTT.1,control,CD14 Mono
TGATTCACCAGCTA.1,control,NK
TGATTCACCCTTCG.1,control,NK
TGATTCACCGAATC.1,control,CD14 Mono
TGATTCACTAGCGT.1,control,CD14 Mono
TGATTCTGACGTTG.1,control,CD4 T
TGATTCTGATTCCT.1,control,NK
TGATTCTGGCTATG.1,control,CD16 Mono
TGATTCTGGTAGGG.1,control,CD14 Mono
TGATTCTGTCAGGT.1,control,CD14 Mono
TGCAACGACACACA.1,control,CD16 Mono
TGCAACGACCCAAA.1,control,CD4 T
TGCAACGAGGAGCA.1,control,DC
TGCAACGATCAAGC.1,control,CD8 T
TGCAAGACCTTGCC.1,control,CD14 Mono
TGCAAGTGCTCCAC.1,control,CD4 T
TGCAAGTGGAATAG.1,control,T
TGCAAGTGGTAGGG.1,control,CD4 T
TGCAAGTGGTCTTT.1,control,CD14 Mono
TGCAAGTGTCTAGG.1,control,CD14 Mono
TGCAAGTGTGGTTG.1,control,CD14 Mono
TGCAAGTGTTCCGC.1,control,CD8 T
TGCAATCTAAGTGA.1,control,CD16 Mono
TGCAATCTACGCAT.1,control,CD14 Mono
TGCACAGAAAGCAA.1,control,CD4 T
TGCACAGATCGCAA.1,control,CD4 T
TGCACAGATTTGTC.1,control,CD14 Mono
TGCACGCTCAGAAA.1,control,CD8 T
TGCACGCTGGACTT.1,control,CD14 Mono
TGCACGCTGGTTAC.1,control,CD14 Mono
TGCAGATGACGTTG.1,control,CD14 Mono
TGCAGATGAGCGGA.1,control,CD4 T
TGCAGATGGCGAGA.1,control,CD16 Mono
TGCAGATGGCTCCT.1,control,CD4 T
TGCAGATGTCGTTT.1,control,CD14 Mono
TGCAGATGTTGGCA.1,control,CD4 T
TGCATGGACTGCAA.1,control,CD4 T
TGCATGGATGTGGT.1,control,B
TGCCAAGAACCAGT.1,control,CD14 Mono
TGCCAAGACTCGCT.1,control,CD14 Mono
TGCCAAGATAGACC.1,control,CD4 T
TGCCAAGATCAGTG.1,control,T
TGCCACTGCACTAG.1,control,CD4 T
TGCCACTGCTAGCA.1,control,T
TGCCACTGCTGTGA.1,control,CD14 Mono
TGCCACTGGGTGTT.1,control,T
TGCCACTGTATGGC.1,control,CD14 Mono
TGCCACTGTCGCCT.1,control,CD14 Mono
TGCCAGCTAGCACT.1,control,CD14 Mono
TGCCAGCTCCGCTT.1,control,CD4 T
TGCCAGCTGCTATG.1,control,B
TGCCCAACAGGTTC.1,control,CD14 Mono
TGCCCAACCACTGA.1,control,B
TGCCCAACCTGACA.1,control,CD4 T
TGCCCAACGCCATA.1,control,CD16 Mono
TGCCCAACTTCTGT.1,control,CD14 Mono
TGCCGACTATCGTG.1,control,B
TGCCGACTATGCTG.1,control,CD4 T
TGCCGACTGCATCA.1,control,CD14 Mono
TGCCGACTGTGTAC.1,control,CD4 T
TGCCGACTTATGCG.1,control,CD4 T
TGCCGACTTGCAGT.1,control,CD14 Mono
TGCGAAACGCATCA.1,control,CD4 T
TGCGAAACGCCATA.1,control,CD14 Mono
TGCGAAACGGGATG.1,control,CD8 T
TGCGAAACTGAAGA.1,control,DC
TGCGATGAAAAAGC.1,control,CD14 Mono
TGCGATGACTGTGA.1,control,CD16 Mono
TGCGATGATCGTGA.1,control,CD4 T
TGCGATGATGGAGG.1,control,CD14 Mono
TGCGATGATGTGCA.1,control,CD8 T
TGCGATGATTCGGA.1,control,CD16 Mono
TGCGCACTAGGGTG.1,control,CD4 T
TGCGCACTAGTTCG.1,control,CD14 Mono
TGCGTAGACTCTTA.1,control,CD16 Mono
TGCGTAGAGTCGTA.1,control,CD4 T
TGCGTAGATAAGGA.1,control,CD16 Mono
TGCGTAGATTTCGT.1,control,B
TGCTAGGACCGAAT.1,control,CD4 T
TGCTAGGACCGTAA.1,control,CD16 Mono
TGCTAGGACTTACT.1,control,CD16 Mono
TGCTAGGAGTACGT.1,control,DC
TGCTATACCGCAAT.1,control,CD16 Mono
TGCTATACTCAAGC.1,control,CD4 T
TGCTATACTGAGAA.1,control,CD4 T
TGCTATACTTAGGC.1,control,CD14 Mono
TGCTGAGAGCGTTA.1,control,CD16 Mono
TGCTGAGAGTGTCA.1,control,CD16 Mono
TGCTGAGATCCTAT.1,control,CD14 Mono
TGCTGAGATGCTAG.1,control,CD14 Mono
TGCTTAACACTGTG.1,control,CD4 T
TGCTTAACATTCCT.1,control,B
TGCTTAACTTTCTG.1,control,CD14 Mono
TGGAAAGAACACCA.1,control,CD14 Mono
TGGAAAGAAGTTCG.1,control,CD14 Mono
TGGAAAGAGGATTC.1,control,CD4 T
TGGAAAGATTCCCG.1,control,CD4 T
TGGAACACTCTCCG.1,control,CD14 Mono
TGGAACACTTATCC.1,control,CD14 Mono
TGGAACTGTAAGGA.1,control,CD8 T
TGGAACTGTCTCTA.1,control,CD14 Mono
TGGAAGCTGATAGA.1,control,CD4 T
TGGAAGCTGGCATT.1,control,CD14 Mono
TGGAAGCTTCCGTC.1,control,CD4 T
TGGACCCTGGGATG.1,control,CD14 Mono
TGGACCCTGTACGT.1,control,B
TGGACCCTTCGCTC.1,control,T
TGGACCCTTTGCAG.1,control,NK
TGGACTGAAACTGC.1,control,T
TGGACTGAAGATGA.1,control,CD4 T
TGGACTGACCAAGT.1,control,CD14 Mono
TGGACTGATCGCTC.1,control,B
TGGACTGATGCCCT.1,control,CD4 T
TGGAGACTACTTTC.1,control,CD14 Mono
TGGAGACTAGCAAA.1,control,CD4 T
TGGAGACTCTTTAC.1,control,CD14 Mono
TGGAGACTGCCTTC.1,control,CD4 T
TGGAGACTTAAGGA.1,control,CD4 T
TGGAGGGAACTGTG.1,control,CD8 T
TGGAGGGAGGTTAC.1,control,CD4 T
TGGAGGGATATCTC.1,control,CD14 Mono
TGGAGGGATGTAGC.1,control,CD4 T
TGGATCGAGCGTTA.1,control,CD4 T
TGGATCGAGTGTCA.1,control,CD16 Mono
TGGATCGATCCTGC.1,control,CD14 Mono
TGGATCGATCGCCT.1,control,CD8 T
TGGATCGATGCAAC.1,control,CD4 T
TGGATGACAGCAAA.1,control,CD14 Mono
TGGATGACCTATGG.1,control,CD16 Mono
TGGATGACTGTGGT.1,control,DC
TGGATGTGAAGAGT.1,control,CD4 T
TGGATGTGAGCTAC.1,control,CD16 Mono
TGGATGTGCACTTT.1,control,CD4 T
TGGATGTGCATTTC.1,control,CD14 Mono
TGGATGTGGTATCG.1,control,B
TGGATGTGGTTGTG.1,control,CD4 T
TGGATGTGTAGCGT.1,control,CD4 T
TGGATGTGTCTTAC.1,control,CD14 Mono
TGGATGTGTGAGCT.1,control,CD14 Mono
TGGATGTGTGCTCC.1,control,NK
TGGATGTGTGTGCA.1,control,CD4 T
TGGATTCTATAAGG.1,control,CD14 Mono
TGGATTCTCAGTCA.1,control,CD14 Mono
TGGATTCTGAGGAC.1,control,CD14 Mono
TGGATTCTGTCACA.1,control,CD8 T
TGGCAATGAGAAGT.1,control,B
TGGCAATGAGGGTG.1,control,B
TGGCAATGATACCG.1,control,CD14 Mono
TGGCAATGATCACG.1,control,CD4 T
TGGCAATGCCATAG.1,control,CD16 Mono
TGGCAATGCTACGA.1,control,CD14 Mono
TGGCAATGGGTCTA.1,control,T
TGGCAATGTGCCTC.1,control,CD14 Mono
TGGCAATGTGTTCT.1,control,CD4 T
TGGCACCTACAGTC.1,control,CD8 T
TGGCACCTGATAAG.1,control,CD14 Mono
TGGGTATGACCATG.1,control,CD14 Mono
TGGGTATGAGATCC.1,control,CD14 Mono
TGGGTATGCGATAC.1,control,CD14 Mono
TGGGTATGCGGAGA.1,control,CD14 Mono
TGGGTATGGACACT.1,control,CD4 T
TGGGTATGTACTGG.1,control,CD4 T
TGGGTATGTGGTAC.1,control,CD14 Mono
TGGGTATGTTGACG.1,control,CD4 T
TGGTACGAACCTAG.1,control,CD14 Mono
TGGTACGAAGCTAC.1,control,CD14 Mono
TGGTACGACTTAGG.1,control,CD14 Mono
TGGTACGATACGAC.1,control,CD4 T
TGGTAGACACCACA.1,control,CD14 Mono
TGGTAGACACCCTC.1,control,B
TGGTAGACGGAGTG.1,control,DC
TGGTAGACGTTCAG.1,control,T
TGGTAGACTAACCG.1,control,T
TGGTAGACTACTGG.1,control,CD14 Mono
TGGTAGACTCTTTG.1,control,CD4 T
TGGTAGTGAAGAAC.1,control,T
TGGTAGTGACTACG.1,control,CD14 Mono
TGGTAGTGGGACTT.1,control,CD14 Mono
TGGTAGTGGTCATG.1,control,NK
TGGTAGTGTGTGAC.1,control,CD4 T
TGGTATCTAAGTAG.1,control,CD14 Mono
TGGTATCTAGCTAC.1,control,CD16 Mono
TGGTATCTCGGAGA.1,control,T
TGGTATCTTTCGCC.1,control,CD8 T
TGGTCAGAAGGTTC.1,control,CD4 T
TGGTCAGATTCACT.1,control,CD4 T
TGGTTACTCCATAG.1,control,CD14 Mono
TGGTTACTGCGTTA.1,control,CD14 Mono
TGGTTACTTTCTTG.1,control,CD14 Mono
TGGTTACTTTGCTT.1,control,CD14 Mono
TGGTTACTTTGGTG.1,control,DC
TGTAAAACAGGGTG.1,control,CD14 Mono
TGTAAAACATACCG.1,control,CD4 T
TGTAAAACCAACTG.1,control,B
TGTAAAACCAGATC.1,control,T
TGTAAAACCTCGAA.1,control,CD14 Mono
TGTAAAACGAAAGT.1,control,NK
TGTAACCTAAGTAG.1,control,B
TGTAACCTACGTAC.1,control,CD14 Mono
TGTAACCTCCACAA.1,control,T
TGTAACCTCCCTCA.1,control,CD14 Mono
TGTAACCTCTCCAC.1,control,CD4 T
TGTAACCTTTCATC.1,control,CD4 T
TGTAATGAACTTTC.1,control,CD14 Mono
TGTAATGAATCGGT.1,control,CD16 Mono
TGTAATGACAGTCA.1,control,T
TGTAATGACCCGTT.1,control,CD4 T
TGTAATGACCGATA.1,control,NK
TGTAATGACTCGCT.1,control,CD8 T
TGTACTTGCACAAC.1,control,NK
TGTACTTGCAGAGG.1,control,NK
TGTACTTGCGACAT.1,control,CD16 Mono
TGTACTTGCGCATA.1,control,CD14 Mono
TGTACTTGGCAAGG.1,control,CD4 T
TGTACTTGGTTAGC.1,control,CD4 T
TGTACTTGTCCAGA.1,control,CD14 Mono
TGTACTTGTCCTAT.1,control,CD4 T
TGTACTTGTCGCAA.1,control,T
TGTACTTGTGTCTT.1,control,CD14 Mono
TGTAGGTGTCCCAC.1,control,CD4 T
TGTAGTCTACCCAA.1,control,CD4 T
TGTAGTCTGCGGAA.1,control,B
TGTAGTCTTAACCG.1,control,CD4 T
TGTAGTCTTCGCAA.1,control,CD4 T
TGTAGTCTTTGAGC.1,control,CD4 T
TGTATCTGAACGAA.1,control,CD14 Mono
TGTATCTGGTAAGA.1,control,CD4 T
TGTATCTGGTGTTG.1,control,CD4 T
TGTATGCTAACGTC.1,control,B
TGTATGCTCGTCTC.1,control,DC
TGTATGCTTCTCGC.1,control,CD4 T
TGTCAGGACATGAC.1,control,CD14 Mono
TGTCAGGACGAATC.1,control,B
TGTCAGGACTTGAG.1,control,DC
TGTCTAACGGAGCA.1,control,NK
TGTGACGAAACGTC.1,control,CD14 Mono
TGTGACGAAGCCTA.1,control,CD14 Mono
TGTGACGACAACCA.1,control,CD8 T
TGTGACGACCCTCA.1,control,CD14 Mono
TGTGACGAGAGATA.1,control,CD4 T
TGTGACGATCATTC.1,control,CD4 T
TGTGACGATCTAGG.1,control,NK
TGTGAGACATTCCT.1,control,CD8 T
TGTGAGACCATACG.1,control,CD4 T
TGTGAGACCATGCA.1,control,CD4 T
TGTGAGACCGCAAT.1,control,CD4 T
TGTGAGTGAACCAC.1,control,CD14 Mono
TGTGAGTGAAGTAG.1,control,CD4 T
TGTGAGTGCTGATG.1,control,CD8 T
TGTGAGTGCTTCTA.1,control,B
TGTGAGTGTATTCC.1,control,CD4 T
TGTGAGTGTTTCAC.1,control,B
TGTGATCTTAACGC.1,control,CD4 T
TGTGGATGAGCCTA.1,control,CD16 Mono
TGTGGATGGGCAAG.1,control,DC
TGTGGATGGGTTCA.1,control,T
TGTGGATGTTACTC.1,control,CD4 T
TGTTAAGACAAAGA.1,control,NK
TGTTAAGACTATTC.1,control,CD14 Mono
TGTTAAGAGTGTCA.1,control,CD4 T
TGTTAAGATTGTCT.1,control,CD4 T
TGTTACACAGTGCT.1,control,CD16 Mono
TGTTACACATCGAC.1,control,CD4 T
TGTTACACGTTCTT.1,control,B
TGTTACACTCCTAT.1,control,CD14 Mono
TGTTACACTGTAGC.1,control,CD14 Mono
TGTTACTGAAACAG.1,control,CD4 T
TGTTACTGAAAGCA.1,control,CD16 Mono
TGTTACTGCGACAT.1,control,CD14 Mono
TGTTACTGCTTCCG.1,control,T
TGTTACTGGAGCTT.1,control,CD14 Mono
TGTTACTGTCAGTG.1,control,CD4 T
TGTTACTGTGCTCC.1,control,CD4 T
TTAACCACGGTGAG.1,control,CD4 T
TTAACCACTGTCAG.1,control,CD4 T
TTACAGCTCATGCA.1,control,CD4 T
TTACAGCTCGTGTA.1,control,B
TTACAGCTTACTGG.1,control,CD14 Mono
TTACCATGCCTATT.1,control,B
TTACCATGCCTTTA.1,control,NK
TTACCATGGACAGG.1,control,CD4 T
TTACCATGTTCGTT.1,control,B
TTACGACTAACCTG.1,control,CD14 Mono
TTACGACTCCGCTT.1,control,DC
TTACGACTCCTCCA.1,control,CD4 T
TTACGACTCGATAC.1,control,DC
TTACGACTCTCAGA.1,control,CD14 Mono
TTACGACTGGACAG.1,control,CD16 Mono
TTACGACTTGCCCT.1,control,DC
TTACGTACGTAAGA.1,control,CD4 T
TTACGTACTGTCAG.1,control,DC
TTACGTACTGTGAC.1,control,CD14 Mono
TTACTCGAAACGAA.1,control,CD4 T
TTACTCGAACCAAC.1,control,CD4 T
TTAGAATGAAAGTG.1,control,B
TTAGAATGTGTGAC.1,control,T
TTAGACCTAGAATG.1,control,CD4 T
TTAGACCTAGTGTC.1,control,CD14 Mono
TTAGACCTCCATAG.1,control,CD14 Mono
TTAGACCTGTTAGC.1,control,NK
TTAGCTACTGTCAG.1,control,CD14 Mono
TTAGGGACAAGAGT.1,control,NK
TTAGGGACAGCAAA.1,control,CD14 Mono
TTAGGGACCCACAA.1,control,CD14 Mono
TTAGGGACGTACGT.1,control,CD16 Mono
TTAGGGACTCTATC.1,control,CD4 T
TTAGGGACTGAAGA.1,control,CD4 T
TTAGGGTGACGCAT.1,control,CD4 T
TTAGGGTGAGCCTA.1,control,CD16 Mono
TTAGGGTGGCTGAT.1,control,CD8 T
TTAGGGTGTTTCGT.1,control,CD14 Mono
TTAGGTCTTCTGGA.1,control,CD4 T
TTAGGTCTTTGGTG.1,control,B
TTAGTCACCGAGTT.1,control,CD14 Mono
TTAGTCACGGTCAT.1,control,B
TTAGTCACGTACCA.1,control,T
TTAGTCACTATGCG.1,control,CD8 T
TTAGTCACTGAGGG.1,control,CD16 Mono
TTAGTCTGAGTCGT.1,control,CD14 Mono
TTAGTCTGCTGTAG.1,control,CD4 T
TTAGTCTGGAAGGC.1,control,CD4 T
TTAGTCTGGCGAGA.1,control,CD4 T
TTAGTCTGTAGCCA.1,control,CD14 Mono
TTAGTCTGTGGATC.1,control,CD14 Mono
TTAGTCTGTTCACT.1,control,NK
TTATCCGAAGGTTC.1,control,CD4 T
TTATCCGAGATACC.1,control,B
TTATCCGAGTGTTG.1,control,CD4 T
TTATCCGATCCTTA.1,control,CD8 T
TTATCCGATTGGCA.1,control,CD14 Mono
TTATGAGAGGCAAG.1,control,CD4 T
TTATGAGATACGCA.1,control,CD14 Mono
TTATGCACCACTAG.1,control,CD4 T
TTATGCACCCGCTT.1,control,NK
TTATGCACCCTCAC.1,control,CD4 T
TTATGGCTCCTTCG.1,control,B
TTATGGCTGGTCAT.1,control,CD4 T
TTATGGCTTCATTC.1,control,CD14 Mono
TTATGGCTTGGAGG.1,control,CD4 T
TTATTCCTCCAACA.1,control,CD16 Mono
TTATTCCTCGTGTA.1,control,CD14 Mono
TTATTCCTGAGCTT.1,control,CD14 Mono
TTATTCCTGCGATT.1,control,CD14 Mono
TTATTCCTTCTCTA.1,control,CD14 Mono
TTATTCCTTCTTTG.1,control,CD16 Mono
TTCAAAGAACCCTC.1,control,CD14 Mono
TTCAAAGAAGGTCT.1,control,CD14 Mono
TTCAAAGACATGAC.1,control,CD14 Mono
TTCAAAGACCCGTT.1,control,CD14 Mono
TTCAAAGACGTCTC.1,control,CD4 T
TTCAAAGATAACCG.1,control,CD8 T
TTCAAAGATGACCA.1,control,CD4 T
TTCAAAGATTGACG.1,control,T
TTCAACACATGCCA.1,control,CD8 T
TTCAACACCAACTG.1,control,CD14 Mono
TTCAACACCTGTGA.1,control,CD8 T
TTCAAGCTACAGTC.1,control,T
TTCAAGCTGACAAA.1,control,CD14 Mono
TTCAAGCTGTACAC.1,control,CD14 Mono
TTCAAGCTGTTACG.1,control,CD4 T
TTCACAACATCTTC.1,control,CD4 T
TTCACAACCCGTTC.1,control,CD14 Mono
TTCACAACCTGAGT.1,control,CD14 Mono
TTCACAACTGACTG.1,control,B
TTCACAACTGCAAC.1,control,CD14 Mono
TTCACCCTACGACT.1,control,CD4 T
TTCACCCTGGTAGG.1,control,CD14 Mono
TTCACCCTTGCACA.1,control,CD14 Mono
TTCAGACTAAGGGC.1,control,CD14 Mono
TTCAGACTAGCCTA.1,control,CD14 Mono
TTCAGACTCCGAAT.1,control,CD4 T
TTCAGTACAGCCAT.1,control,CD4 T
TTCAGTACCTGTTT.1,control,CD4 T
TTCAGTACGCTAAC.1,control,CD14 Mono
TTCAGTACTTCGCC.1,control,CD16 Mono
TTCAGTTGCCCTTG.1,control,CD14 Mono
TTCAGTTGCGAATC.1,control,B
TTCAGTTGCGTCTC.1,control,CD14 Mono
TTCAGTTGCTACGA.1,control,CD4 T
TTCAGTTGTCTTTG.1,control,CD14 Mono
TTCATCGAGTCTGA.1,control,CD4 T
TTCATCGATCAGGT.1,control,CD14 Mono
TTCATCGATGAGAA.1,control,CD14 Mono
TTCATCGATTGCAG.1,control,CD14 Mono
TTCATGACAGCCAT.1,control,CD8 T
TTCATGACAGCGGA.1,control,CD8 T
TTCATGACCTGACA.1,control,DC
TTCATGTGCGACTA.1,control,T
TTCATGTGCGTGAT.1,control,CD16 Mono
TTCATGTGCTCTAT.1,control,CD14 Mono
TTCATGTGGCGTTA.1,control,CD4 T
TTCATGTGGTATCG.1,control,CD16 Mono
TTCATGTGTTCTCA.1,control,CD4 T
TTCATTCTAAAAGC.1,control,CD8 T
TTCATTCTACAGCT.1,control,CD14 Mono
TTCATTCTACAGTC.1,control,B
TTCATTCTCACAAC.1,control,CD8 T
TTCATTCTTCCTGC.1,control,CD4 T
TTCATTCTTCTCGC.1,control,CD14 Mono
TTCCAAACAGGTTC.1,control,DC
TTCCAAACGGCGAA.1,control,CD16 Mono
TTCCAAACGTGTCA.1,control,CD4 T
TTCCAAACGTTCTT.1,control,CD14 Mono
TTCCATGAAAGGTA.1,control,B
TTCCATGAATGACC.1,control,CD8 T
TTCCATGACTTACT.1,control,CD4 T
TTCCATGAGCATCA.1,control,CD4 T
TTCCATGATCGCCT.1,control,CD14 Mono
TTCCCACTGCAGTT.1,control,CD14 Mono
TTCCCACTTTACCT.1,control,CD4 T
TTCCTAGACTGTCC.1,control,CD14 Mono
TTCCTAGAGGATCT.1,control,CD14 Mono
TTCGAGGACATGCA.1,control,CD14 Mono
TTCGAGGATGCAGT.1,control,DC
TTCGATTGAAGTGA.1,control,CD14 Mono
TTCGATTGTGCCTC.1,control,B
TTCGGAGAATTCGG.1,control,CD4 T
TTCGGAGACATTGG.1,control,CD4 T
TTCGGAGACGAACT.1,control,CD16 Mono
TTCGGAGACGTGTA.1,control,CD14 Mono
TTCGTATGATCGAC.1,control,CD14 Mono
TTCGTATGTCCGTC.1,control,DC
TTCGTATGTGACAC.1,control,CD4 T
TTCTACGAAACGTC.1,control,CD4 T
TTCTACGAGAGATA.1,control,DC
TTCTACGAGTCGAT.1,control,CD14 Mono
TTCTACGATACAGC.1,control,CD4 T
TTCTAGTGAGGAGC.1,control,CD4 T
TTCTAGTGAGTGTC.1,control,CD16 Mono
TTCTAGTGCGCCTT.1,control,CD16 Mono
TTCTAGTGGAAAGT.1,control,B
TTCTCAGAAAAACG.1,control,CD14 Mono
TTCTCAGAAATCGC.1,control,DC
TTCTCAGACCTTAT.1,control,CD4 T
TTCTCAGATACGCA.1,control,CD8 T
TTCTCAGATACTGG.1,control,CD4 T
TTCTCAGATCTCGC.1,control,B
TTCTGATGAGCATC.1,control,NK
TTCTGATGAGCTAC.1,control,CD14 Mono
TTCTGATGAGTTCG.1,control,CD16 Mono
TTCTGATGGAGGAC.1,control,DC
TTCTGATGGCCTTC.1,control,CD14 Mono
TTCTGATGGTCATG.1,control,CD4 T
TTCTGATGTACTTC.1,control,CD14 Mono
TTCTGATGTCATTC.1,control,CD4 T
TTCTGATGTCTCGC.1,control,T
TTCTTACTCGGAGA.1,control,CD4 T
TTCTTACTGGTAGG.1,control,CD16 Mono
TTGAACCTAACTGC.1,control,B
TTGAACCTAATGCC.1,control,CD14 Mono
TTGAACCTCCGTAA.1,control,CD14 Mono
TTGAACCTCGGTAT.1,control,CD8 T
TTGAACCTCTACCC.1,control,CD16 Mono
TTGAATGAAAACGA.1,control,CD4 T
TTGAATGAAGTTCG.1,control,CD16 Mono
TTGAATGACTGACA.1,control,CD14 Mono
TTGACACTCTGCTC.1,control,B
TTGACACTGACACT.1,control,CD16 Mono
TTGACACTGAGGTG.1,control,CD4 T
TTGAGGACATGCTG.1,control,CD4 T
TTGAGGACCTTGCC.1,control,CD14 Mono
TTGAGGACTAGCCA.1,control,CD4 T
TTGAGGTGACGTAC.1,control,CD4 T
TTGAGGTGATCAGC.1,control,T
TTGAGGTGCATCAG.1,control,CD4 T
TTGAGGTGGGTTTG.1,control,CD4 T
TTGAGGTGTAGACC.1,control,CD4 T
TTGATCTGACGGGA.1,control,CD16 Mono
TTGATCTGGACGTT.1,control,CD14 Mono
TTGATCTGGCTGAT.1,control,CD14 Mono
TTGATCTGGGAACG.1,control,CD14 Mono
TTGATCTGGGTTTG.1,control,CD4 T
TTGATCTGTACTGG.1,control,CD4 T
TTGCATTGACCACA.1,control,CD4 T
TTGCATTGAGCACT.1,control,CD4 T
TTGCATTGCAGAGG.1,control,CD4 T
TTGCATTGCAGTTG.1,control,CD16 Mono
TTGCATTGCTCATT.1,control,CD14 Mono
TTGCATTGCTGAGT.1,control,CD4 T
TTGCATTGGGTAGG.1,control,CD14 Mono
TTGCATTGGGTCAT.1,control,T
TTGCATTGGTAGCT.1,control,T
TTGCTAACACCACA.1,control,CD14 Mono
TTGCTAACCGCATA.1,control,CD14 Mono
TTGCTAACCTAGCA.1,control,CD8 T
TTGCTATGGCTCCT.1,control,CD16 Mono
TTGCTATGGTGTAC.1,control,CD4 T
TTGCTATGTCAGGT.1,control,CD4 T
TTGCTATGTGCGTA.1,control,CD14 Mono
TTGGAGACACGTAC.1,control,CD4 T
TTGGAGTGAGGGTG.1,control,B
TTGGAGTGCACTGA.1,control,CD14 Mono
TTGGAGTGCTCGAA.1,control,CD4 T
TTGGAGTGCTGTAG.1,control,CD14 Mono
TTGGAGTGGTATGC.1,control,CD4 T
TTGGAGTGGTTGTG.1,control,CD4 T
TTGGAGTGTATTCC.1,control,CD14 Mono
TTGGAGTGTTCCCG.1,control,CD4 T
TTGGGAACTAGCCA.1,control,CD4 T
TTGGTACTACACCA.1,control,CD14 Mono
TTGGTACTCTCTTA.1,control,CD14 Mono
TTGGTACTGCTTAG.1,control,CD4 T
TTGGTACTGGTTCA.1,control,CD14 Mono
TTGGTACTGTCATG.1,control,CD4 T
TTGGTACTGTTCGA.1,control,B
TTGGTACTTACTGG.1,control,NK
TTGGTACTTAGAAG.1,control,CD14 Mono
TTGTACACATAAGG.1,control,CD14 Mono
TTGTACACCAGAAA.1,control,CD4 T
TTGTACACCGGTAT.1,control,CD4 T
TTGTAGCTAAGATG.1,control,DC
TTGTAGCTAATGCC.1,control,CD4 T
TTGTAGCTAGTCAC.1,control,CD4 T
TTGTAGCTCGCCTT.1,control,B
TTGTAGCTCTCATT.1,control,CD14 Mono
TTGTAGCTCTCGCT.1,control,CD14 Mono
TTGTAGCTGCGTTA.1,control,CD4 T
TTGTAGCTGGTGAG.1,control,DC
TTGTCATGAGATGA.1,control,NK
TTGTCATGCTAGTG.1,control,CD4 T
TTGTCATGGTCACA.1,control,CD4 T
TTTAGAGAATCAGC.1,control,CD4 T
TTTAGAGACTGGAT.1,control,CD4 T
TTTAGAGAGACGAG.1,control,CD14 Mono
TTTAGAGAGGACTT.1,control,CD4 T
TTTAGAGATCCAAG.1,control,CD4 T
TTTAGAGATCCTAT.1,control,CD4 T
TTTAGAGATTCATC.1,control,CD14 Mono
TTTAGCTGATTCCT.1,control,CD14 Mono
TTTAGCTGCAATCG.1,control,CD14 Mono
TTTAGCTGCATCAG.1,control,B
TTTAGCTGTGTCAG.1,control,CD16 Mono
TTTAGCTGTTTGTC.1,control,CD14 Mono
TTTAGGCTACACGT.1,control,B
TTTAGGCTCCCTAC.1,control,CD14 Mono
TTTAGGCTCTCGAA.1,control,B
TTTAGGCTTAGCCA.1,control,CD14 Mono
TTTAGGCTTTCGGA.1,control,CD14 Mono
TTTATCCTAAGTGA.1,control,CD4 T
TTTATCCTCCCTTG.1,control,B
TTTATCCTGCGAGA.1,control,CD16 Mono
TTTATCCTGGAAAT.1,control,CD14 Mono
TTTATCCTGGGATG.1,control,CD4 T
TTTCACGAGAAACA.1,control,CD14 Mono
TTTCACGATACTTC.1,control,B
TTTCACGATGCTGA.1,control,CD8 T
TTTCAGTGCCTGTC.1,control,CD4 T
TTTCAGTGGACGAG.1,control,CD4 T
TTTCAGTGTCCTGC.1,control,CD4 T
TTTCCAGACGCATA.1,control,CD4 T
TTTCGAACCAGATC.1,control,CD4 T
TTTCGAACTTGCGA.1,control,CD4 T
TTTCGAACTTGCTT.1,control,CD14 Mono
TTTCTACTATGACC.1,control,CD4 T
TTTCTACTGAGGGT.1,control,B
TTTCTACTGGTCTA.1,control,CD4 T
TTTCTACTTGACCA.1,control,CD14 Mono
TTTGACTGAAGCAA.1,control,CD4 T
TTTGACTGAGTCGT.1,control,B
TTTGACTGCCGCTT.1,control,CD4 T
TTTGACTGTTACCT.1,control,CD14 Mono
TTTGCATGCTTCGC.1,control,B
TTTGCATGGTCCTC.1,control,B
AAACATACCAAGCT.1,stimulated,CD8 T
AAACATACCCGTAA.1,stimulated,CD4 T
AAACATACCCTCGT.1,stimulated,B
AAACATACGAGGTG.1,stimulated,CD4 T
AAACATACGCGAAG.1,stimulated,CD14 Mono
AAACATACGTCGTA.1,stimulated,CD4 T
AAACATACTCAGGT.1,stimulated,CD14 Mono
AAACATTGACCTGA.1,stimulated,CD14 Mono
AAACATTGACTTTC.1,stimulated,CD4 T
AAACATTGGTACCA.1,stimulated,B
AAACATTGGTGTCA.1,stimulated,B
AAACATTGTAGCCA.1,stimulated,CD14 Mono
AAACATTGTCCAGA.1,stimulated,CD14 Mono
AAACATTGTGCTAG.1,stimulated,T
AAACATTGTGTGGT.1,stimulated,CD4 T
AAACATTGTTTGTC.1,stimulated,CD14 Mono
AAACCGTGCTCTCG.1,stimulated,CD14 Mono
AAACCGTGCTGGAT.1,stimulated,T
AAACGCACAAGGGC.1,stimulated,CD14 Mono
AAACGCACGCAGAG.1,stimulated,CD14 Mono
AAACGCACGTACAC.1,stimulated,CD14 Mono
AAACGCTGAAGAAC.1,stimulated,CD14 Mono
AAACGCTGAGCACT.1,stimulated,CD4 T
AAACGCTGGCCCTT.1,stimulated,CD4 T
AAACGCTGGGTGGA.1,stimulated,CD14 Mono
AAACGGCTCTTGGA.1,stimulated,CD14 Mono
AAACGGCTTACTCT.11,stimulated,CD14 Mono
AAACGGCTTGCTCC.1,stimulated,B
AAACTTGACGTGTA.11,stimulated,CD14 Mono
AAACTTGAGACACT.1,stimulated,CD14 Mono
AAACTTGAGCTATG.1,stimulated,CD14 Mono
AAACTTGATCTAGG.1,stimulated,CD14 Mono
AAACTTGATCTCAT.1,stimulated,CD4 T
AAAGAGACAGCCAT.1,stimulated,NK
AAAGAGACCTCTAT.1,stimulated,B
AAAGAGACGCAGAG.1,stimulated,T
AAAGAGACTGTGAC.1,stimulated,CD14 Mono
AAAGATCTCCTTTA.1,stimulated,DC
AAAGATCTGAGAGC.1,stimulated,CD16 Mono
AAAGATCTTGCGTA.1,stimulated,CD4 T
AAAGATCTTTCTCA.1,stimulated,B
AAAGCAGAAACAGA.1,stimulated,CD14 Mono
AAAGCAGAACGGGA.1,stimulated,CD14 Mono
AAAGCAGAACGTGT.1,stimulated,B
AAAGCAGAATTGGC.1,stimulated,B
AAAGCAGATTGCGA.1,stimulated,NK
AAAGCCTGGGTTCA.1,stimulated,B
AAAGCCTGGTATCG.1,stimulated,CD14 Mono
AAAGCCTGTTCTAC.1,stimulated,CD4 T
AAAGGCCTACCATG.1,stimulated,CD4 T
AAAGGCCTAGCTCA.1,stimulated,CD14 Mono
AAAGGCCTCAAAGA.1,stimulated,CD14 Mono
AAAGGCCTCCGATA.1,stimulated,DC
AAAGGCCTGACACT.1,stimulated,CD14 Mono
AAAGGCCTGTCTTT.1,stimulated,CD4 T
AAAGGCCTTCCCAC.1,stimulated,CD4 T
AAAGGCCTTGAGGG.1,stimulated,CD14 Mono
AAAGGCCTTTGCAG.1,stimulated,CD14 Mono
AAAGTTTGACCCTC.1,stimulated,CD16 Mono
AAAGTTTGCTTTAC.1,stimulated,CD4 T
AAAGTTTGTCCTTA.1,stimulated,CD16 Mono
AAAGTTTGTTATCC.1,stimulated,CD4 T
AAAGTTTGTTCGCC.1,stimulated,NK
AAATACTGCAGCTA.1,stimulated,CD16 Mono
AAATACTGCATGAC.1,stimulated,T
AAATCAACAAGAAC.1,stimulated,CD8 T
AAATCAACGGCGAA.1,stimulated,CD14 Mono
AAATCAACTTACTC.1,stimulated,B
AAATCATGAAGGTA.1,stimulated,NK
AAATCATGCTCATT.1,stimulated,CD4 T
AAATCATGGATAGA.1,stimulated,DC
AAATCATGTCTAGG.1,stimulated,CD16 Mono
AAATCATGTTGAGC.1,stimulated,CD4 T
AAATCCCTAGACTC.1,stimulated,CD4 T
AAATCCCTAGGTCT.1,stimulated,CD4 T
AAATCTGAACCACA.1,stimulated,NK
AAATCTGATCGCCT.1,stimulated,CD8 T
AAATGGGAAACGTC.1,stimulated,CD4 T
AAATGGGAAGATCC.11,stimulated,CD14 Mono
AAATGGGACATGGT.1,stimulated,CD8 T
AAATGGGACCTCCA.1,stimulated,DC
AAATGGGACGTTAG.1,stimulated,CD4 T
AAATGGGAGTATGC.1,stimulated,NK
AAATGGGATAGCGT.1,stimulated,B
AAATGGGATGAGAA.1,stimulated,B
AAATGTTGACCTAG.1,stimulated,CD14 Mono
AAATGTTGAGTAGA.1,stimulated,CD16 Mono
AAATGTTGCCTTCG.1,stimulated,CD4 T
AAATGTTGCGTAGT.1,stimulated,CD4 T
AAATGTTGCTACTT.1,stimulated,CD4 T
AAATGTTGGATAGA.1,stimulated,CD14 Mono
AAATGTTGGATGAA.1,stimulated,CD16 Mono
AAATGTTGTAAGGA.1,stimulated,CD4 T
AAATTCGAATACCG.1,stimulated,CD4 T
AAATTCGACTCTAT.1,stimulated,CD4 T
AAATTCGACTGTCC.1,stimulated,T
AAATTCGAGTACAC.1,stimulated,B
AAATTCGATACTTC.1,stimulated,B
AAATTCGATCTCGC.1,stimulated,CD4 T
AAATTCGATGCTAG.1,stimulated,CD14 Mono
AAATTCGATGTGCA.11,stimulated,CD4 T
AAATTGACGACAGG.1,stimulated,B
AACAAACTATACCG.1,stimulated,CD4 T
AACAAACTCAGGAG.1,stimulated,CD4 T
AACAAACTGCGTAT.1,stimulated,CD4 T
AACAAACTTGAAGA.1,stimulated,CD14 Mono
AACAATACAAGTGA.1,stimulated,CD14 Mono
AACAATACCGTTAG.1,stimulated,CD4 T
AACAATACCTGAAC.1,stimulated,CD4 T
AACAATACGATAAG.1,stimulated,NK
AACAATACGCAGAG.1,stimulated,CD4 T
AACACGTGCAATCG.1,stimulated,B
AACACGTGTGCTTT.1,stimulated,CD4 T
AACACTCTTCAAGC.1,stimulated,CD14 Mono
AACACTCTTGATGC.1,stimulated,T
AACAGAGAACGGAG.1,stimulated,CD4 T
AACAGAGAAGTTCG.1,stimulated,CD4 T
AACAGAGACATGCA.1,stimulated,CD16 Mono
AACAGAGACTACCC.1,stimulated,B
AACAGAGATCTGGA.1,stimulated,CD4 T
AACAGAGATGCTAG.1,stimulated,CD14 Mono
AACAGCACAATCGC.1,stimulated,CD16 Mono
AACAGCACAGAGTA.1,stimulated,CD14 Mono
AACAGCACCCCAAA.1,stimulated,CD14 Mono
AACAGCACCCGTAA.1,stimulated,B
AACAGCACTATGGC.1,stimulated,CD16 Mono
AACAGCACTCTTTG.1,stimulated,CD16 Mono
AACATATGAGTACC.1,stimulated,CD4 T
AACATATGCACTGA.1,stimulated,CD8 T
AACATATGGCAAGG.1,stimulated,CD4 T
AACATATGGCTCCT.1,stimulated,CD14 Mono
AACATTGAAGAACA.1,stimulated,CD4 T
AACATTGAAGTTCG.1,stimulated,CD4 T
AACATTGACTCAAG.1,stimulated,CD14 Mono
AACATTGAGTTTGG.1,stimulated,CD16 Mono
AACATTGATGGTGT.1,stimulated,CD14 Mono
AACCACGAAGCCAT.1,stimulated,CD14 Mono
AACCACGAAGGTTC.1,stimulated,CD4 T
AACCACGAGAATCC.11,stimulated,CD14 Mono
AACCACGAGCCATA.1,stimulated,CD14 Mono
AACCACGAGCCCTT.1,stimulated,CD14 Mono
AACCACGAGGTGTT.1,stimulated,CD4 T
AACCACGAGTTCGA.1,stimulated,CD14 Mono
AACCACGATCGATG.1,stimulated,CD14 Mono
AACCACGATCTTAC.1,stimulated,CD4 T
AACCACGATGCCTC.1,stimulated,CD14 Mono
AACCACGATTCTTG.1,stimulated,CD14 Mono
AACCAGTGACGCAT.1,stimulated,CD14 Mono
AACCAGTGATGTCG.1,stimulated,CD14 Mono
AACCAGTGCTGCAA.1,stimulated,CD16 Mono
AACCAGTGGGAACG.1,stimulated,CD4 T
AACCAGTGTGCACA.1,stimulated,CD8 T
AACCCAGAACCCAA.1,stimulated,CD4 T
AACCCAGAACGGTT.1,stimulated,CD14 Mono
AACCCAGAAGCTAC.1,stimulated,CD8 T
AACCCAGAGCCTTC.1,stimulated,CD16 Mono
AACCCAGAGTGAGG.1,stimulated,CD14 Mono
AACCCAGATTGCTT.1,stimulated,CD4 T
AACCGATGACACGT.1,stimulated,CD8 T
AACCGATGAGAACA.1,stimulated,CD14 Mono
AACCGATGCTGAAC.1,stimulated,CD4 T
AACCGATGGAGGGT.1,stimulated,CD14 Mono
AACCGATGGCGGAA.1,stimulated,CD4 T
AACCGCCTAATCGC.1,stimulated,CD4 T
AACCGCCTATCGAC.1,stimulated,CD4 T
AACCGCCTCAACTG.1,stimulated,CD14 Mono
AACCGCCTCACTCC.1,stimulated,CD4 T
AACCGCCTCCCACT.1,stimulated,CD4 T
AACCGCCTCTTCTA.1,stimulated,CD14 Mono
AACCGCCTGTGTCA.1,stimulated,CD16 Mono
AACCGCCTTAACCG.1,stimulated,CD4 T
AACCGCCTTTCGGA.1,stimulated,B
AACCTACTATTGGC.1,stimulated,NK
AACCTACTCCCGTT.1,stimulated,CD4 T
AACCTACTCTCATT.1,stimulated,CD14 Mono
AACCTACTCTCGAA.1,stimulated,T
AACCTTACATACCG.1,stimulated,CD16 Mono
AACCTTACGCTGTA.1,stimulated,CD14 Mono
AACCTTACGTACCA.1,stimulated,CD4 T
AACCTTTGAAACGA.1,stimulated,CD4 T
AACCTTTGACGTGT.1,stimulated,CD14 Mono
AACCTTTGAGTAGA.1,stimulated,CD4 T
AACCTTTGCATTGG.1,stimulated,CD16 Mono
AACCTTTGTTTCAC.1,stimulated,B
AACCTTTGTTTGGG.1,stimulated,NK
AACGCAACAGGGTG.1,stimulated,CD8 T
AACGCAACGCGAAG.1,stimulated,DC
AACGCAACGTTACG.1,stimulated,T
AACGCAACTCCTAT.1,stimulated,DC
AACGCATGACTACG.1,stimulated,CD16 Mono
AACGCATGTAGACC.1,stimulated,CD4 T
AACGCATGTGCTCC.1,stimulated,CD14 Mono
AACGCATGTGTCCC.1,stimulated,NK
AACGCCCTCCCTCA.11,stimulated,B
AACGCCCTCCCTTG.1,stimulated,CD16 Mono
AACGCCCTCCTCGT.1,stimulated,CD4 T
AACGCCCTCGATAC.1,stimulated,CD14 Mono
AACGCCCTGTAAAG.1,stimulated,CD4 T
AACGGTACATGCCA.1,stimulated,CD16 Mono
AACGGTACCGTGAT.1,stimulated,CD4 T
AACGGTACGAGGCA.1,stimulated,CD14 Mono
AACGGTACGCTATG.1,stimulated,CD4 T
AACGGTACGTATGC.1,stimulated,CD4 T
AACGGTACGTTACG.1,stimulated,CD4 T
AACGGTACTACAGC.1,stimulated,B
AACGGTACTCGATG.1,stimulated,T
AACGGTACTGTCAG.1,stimulated,CD14 Mono
AACGGTTGCTGACA.1,stimulated,CD16 Mono
AACGGTTGGGTCTA.1,stimulated,CD14 Mono
AACGGTTGGTATGC.1,stimulated,CD4 T
AACGGTTGTCCCAC.1,stimulated,CD14 Mono
AACGTCGACAAAGA.1,stimulated,CD14 Mono
AACGTCGACCTGAA.1,stimulated,CD4 T
AACGTGTGAAAAGC.1,stimulated,CD14 Mono
AACGTGTGAAGGGC.1,stimulated,CD4 T
AACGTGTGGACGGA.1,stimulated,CD14 Mono
AACGTGTGTGAGGG.1,stimulated,DC
AACGTTCTAGCAAA.1,stimulated,CD14 Mono
AACGTTCTAGCGTT.1,stimulated,CD16 Mono
AACGTTCTCCTATT.1,stimulated,CD4 T
AACGTTCTGGGTGA.1,stimulated,B
AACGTTCTGTTGGT.1,stimulated,CD4 T
AACGTTCTTACTTC.1,stimulated,CD4 T
AACGTTCTTCGCTC.11,stimulated,CD4 T
AACGTTCTTTTGCT.1,stimulated,NK
AACTACCTAAACAG.1,stimulated,CD4 T
AACTACCTAAGCCT.1,stimulated,CD14 Mono
AACTACCTAGATCC.1,stimulated,CD16 Mono
AACTACCTCAATCG.1,stimulated,CD4 T
AACTACCTCTAGCA.1,stimulated,B
AACTCACTCCCTAC.1,stimulated,DC
AACTCACTGAGGGT.1,stimulated,T
AACTCACTTATCGG.1,stimulated,CD4 T
AACTCACTTGAGGG.1,stimulated,CD4 T
AACTCGGACCCAAA.1,stimulated,B
AACTCGGACTAGCA.1,stimulated,CD14 Mono
AACTCGGAGTTCAG.1,stimulated,T
AACTCGGATAAGGA.1,stimulated,CD16 Mono
AACTCTTGGGCATT.1,stimulated,CD4 T
AACTCTTGGTCTTT.1,stimulated,CD14 Mono
AACTCTTGTGTGCA.1,stimulated,CD14 Mono
AACTCTTGTTGACG.1,stimulated,CD14 Mono
AACTGTCTCGGAGA.1,stimulated,CD14 Mono
AACTGTCTCTATGG.1,stimulated,CD14 Mono
AACTGTCTGCTTAG.1,stimulated,CD16 Mono
AACTGTCTGGACTT.1,stimulated,B
AACTGTCTGGATCT.1,stimulated,CD14 Mono
AACTGTCTTAAGCC.1,stimulated,B
AACTGTCTTGGTAC.1,stimulated,CD4 T
AACTTGCTATGCTG.1,stimulated,CD16 Mono
AACTTGCTCAACTG.1,stimulated,CD14 Mono
AACTTGCTCACTGA.1,stimulated,B
AACTTGCTCCCACT.1,stimulated,CD4 T
AACTTGCTGGGACA.1,stimulated,CD14 Mono
AACTTGCTGGGATG.1,stimulated,CD16 Mono
AACTTGCTTCTGGA.1,stimulated,CD14 Mono
AAGAACGAATTCGG.1,stimulated,CD8 T
AAGAACGACCCAAA.11,stimulated,CD14 Mono
AAGAACGACTTGTT.1,stimulated,CD4 T
AAGAAGACGGGATG.1,stimulated,B
AAGAAGACTCTACT.1,stimulated,T
AAGAAGACTCTTCA.1,stimulated,CD4 T
AAGAAGACTGTAGC.1,stimulated,T
AAGAAGACTTCCAT.1,stimulated,CD14 Mono
AAGAATCTACTGTG.1,stimulated,CD14 Mono
AAGAATCTATCGGT.1,stimulated,B
AAGAATCTCGTACA.1,stimulated,CD14 Mono
AAGAATCTCTGCTC.1,stimulated,CD14 Mono
AAGAATCTGACGAG.1,stimulated,CD14 Mono
AAGAATCTGAGCAG.1,stimulated,CD4 T
AAGAATCTGGTTAC.1,stimulated,CD8 T
AAGAATCTGTGCAT.1,stimulated,CD8 T
AAGACAGAAAAACG.1,stimulated,NK
AAGACAGACGTACA.1,stimulated,CD4 T
AAGACAGATTCGGA.1,stimulated,CD4 T
AAGACAGATTGGCA.1,stimulated,CD14 Mono
AAGAGATGAACAGA.1,stimulated,CD14 Mono
AAGAGATGCAAAGA.1,stimulated,CD14 Mono
AAGAGATGCCGATA.1,stimulated,B
AAGAGATGTACGAC.1,stimulated,CD14 Mono
AAGAGATGTGCAAC.1,stimulated,CD14 Mono
AAGAGATGTTGCTT.1,stimulated,B
AAGATGGAAGACTC.1,stimulated,CD4 T
AAGATGGACGGTAT.1,stimulated,CD14 Mono
AAGATGGAGTCAAC.1,stimulated,CD4 T
AAGATTACACACCA.1,stimulated,CD16 Mono
AAGATTACGAATCC.1,stimulated,CD14 Mono
AAGATTACGCTATG.1,stimulated,CD4 T
AAGATTACGGTTTG.1,stimulated,CD8 T
AAGCAAGACCCTCA.1,stimulated,CD14 Mono
AAGCAAGAGGTATC.1,stimulated,CD4 T
AAGCAAGATTCACT.1,stimulated,CD16 Mono
AAGCACTGAGGGTG.1,stimulated,CD16 Mono
AAGCACTGCCGCTT.1,stimulated,NK
AAGCACTGGAATGA.1,stimulated,CD14 Mono
AAGCACTGTTCGCC.1,stimulated,CD14 Mono
AAGCCAACCCGCTT.1,stimulated,CD4 T
AAGCCAACGCCATA.1,stimulated,CD16 Mono
AAGCCAACGTGTCA.1,stimulated,CD4 T
AAGCCAACTCTCCG.1,stimulated,CD14 Mono
AAGCCAACTGACCA.1,stimulated,DC
AAGCCATGGTCACA.1,stimulated,T
AAGCCATGGTCTTT.1,stimulated,DC
AAGCCATGTCCTCG.1,stimulated,NK
AAGCCATGTCGTTT.1,stimulated,CD4 T
AAGCCATGTGACTG.1,stimulated,NK
AAGCCATGTTCGCC.1,stimulated,CD4 T
AAGCCTGAAACGTC.1,stimulated,CD4 T
AAGCCTGAAGCTCA.1,stimulated,CD14 Mono
AAGCGACTCCACAA.1,stimulated,CD4 T
AAGCGACTCCTATT.1,stimulated,DC
AAGCGACTGCAGTT.1,stimulated,CD4 T
AAGCGACTGTACAC.1,stimulated,CD14 Mono
AAGCGACTTAAAGG.1,stimulated,CD14 Mono
AAGCGTACTACAGC.1,stimulated,CD14 Mono
AAGCGTACTCTGGA.1,stimulated,CD4 T
AAGCGTACTGTCAG.1,stimulated,CD4 T
AAGGCTACAAGGGC.1,stimulated,B
AAGGCTACATCAGC.1,stimulated,T
AAGGCTACCTACCC.1,stimulated,CD14 Mono
AAGGCTACGAAAGT.1,stimulated,CD4 T
AAGGCTACTGCTGA.1,stimulated,B
AAGGCTACTGTCAG.1,stimulated,B
AAGGCTTGCAAGCT.1,stimulated,NK
AAGGCTTGCCCAAA.1,stimulated,CD4 T
AAGGCTTGGAGAGC.1,stimulated,CD4 T
AAGGCTTGGCGTAT.1,stimulated,CD4 T
AAGGCTTGGCTCCT.1,stimulated,CD4 T
AAGGTCACAGCCTA.1,stimulated,CD8 T
AAGGTCACCAAGCT.1,stimulated,CD4 T
AAGGTCACCTTGTT.1,stimulated,CD4 T
AAGGTCACGTCGAT.1,stimulated,CD4 T
AAGGTCACTACTGG.1,stimulated,CD4 T
AAGGTCTGCAGAGG.1,stimulated,CD8 T
AAGGTCTGCTCAGA.1,stimulated,CD14 Mono
AAGGTCTGCTCTAT.1,stimulated,CD14 Mono
AAGGTCTGGACAGG.1,stimulated,CD16 Mono
AAGGTCTGTTCAGG.1,stimulated,CD14 Mono
AAGGTGCTAAGGGC.1,stimulated,B
AAGGTGCTAATCGC.1,stimulated,CD4 T
AAGGTGCTCTGATG.1,stimulated,CD14 Mono
AAGGTGCTGGTTCA.1,stimulated,B
AAGGTGCTGTCTTT.1,stimulated,CD14 Mono
AAGGTGCTTCCGAA.1,stimulated,CD14 Mono
AAGGTGCTTGGATC.1,stimulated,CD4 T
AAGGTGCTTTCACT.1,stimulated,CD4 T
AAGTAACTCTCTCG.1,stimulated,CD4 T
AAGTAACTTACGAC.1,stimulated,CD4 T
AAGTAGGACAGGAG.1,stimulated,CD14 Mono
AAGTAGGACTAGCA.1,stimulated,CD4 T
AAGTAGGATCGCAA.1,stimulated,CD16 Mono
AAGTAGGATTGAGC.1,stimulated,CD4 T
AAGTATACCTAGAC.1,stimulated,CD14 Mono
AAGTATACTACAGC.1,stimulated,CD8 T
AAGTATACTCTAGG.1,stimulated,CD14 Mono
AAGTATACTTCTCA.1,stimulated,CD14 Mono
AAGTCCGAAATGCC.1,stimulated,CD4 T
AAGTCCGAATCGGT.1,stimulated,CD16 Mono
AAGTCCGACCTTCG.1,stimulated,CD16 Mono
AAGTCCGACTCTTA.1,stimulated,CD14 Mono
AAGTCCGAGGTAAA.1,stimulated,CD8 T
AAGTCTCTCGAACT.1,stimulated,CD4 T
AAGTCTCTTCATTC.1,stimulated,NK
AAGTCTCTTTGCTT.1,stimulated,B
AAGTGCACAACGAA.1,stimulated,CD4 T
AAGTGCACAAGCAA.1,stimulated,CD4 T
AAGTGCACGTTAGC.1,stimulated,CD4 T
AAGTGCACTGCCAA.1,stimulated,CD14 Mono
AAGTGGCTGTCTAG.1,stimulated,CD14 Mono
AAGTTATGACACTG.1,stimulated,CD14 Mono
AAGTTATGGAACTC.1,stimulated,CD14 Mono
AAGTTATGTACGCA.1,stimulated,CD8 T
AAGTTATGTTCACT.1,stimulated,CD14 Mono
AAGTTATGTTTCGT.1,stimulated,CD14 Mono
AAGTTCCTAAACAG.1,stimulated,CD4 T
AAGTTCCTAACGAA.1,stimulated,DC
AAGTTCCTAGCCTA.1,stimulated,CD8 T
AAGTTCCTCCCGTT.1,stimulated,B
AAGTTCCTGAAACA.1,stimulated,CD14 Mono
AAGTTCCTGACGAG.1,stimulated,T
AAGTTCCTGGTGGA.11,stimulated,T
AAGTTCCTGTATCG.1,stimulated,B
AAGTTCCTGTTCGA.1,stimulated,CD4 T
AAGTTCCTTGCTCC.1,stimulated,CD4 T
AAGTTCCTTTCCCG.1,stimulated,CD4 T
AATAACACATACCG.1,stimulated,T
AATAACACTCCGTC.1,stimulated,CD8 T
AATAACACTGCTGA.1,stimulated,CD4 T
AATAACACTGGTCA.1,stimulated,B
AATAAGCTAGAGGC.1,stimulated,CD4 T
AATAAGCTCTATTC.11,stimulated,B
AATAAGCTTGTAGC.1,stimulated,CD14 Mono
AATAAGCTTGTGCA.1,stimulated,CD14 Mono
AATAAGCTTTCCGC.1,stimulated,B
AATACCCTACCTCC.1,stimulated,CD4 T
AATACCCTCGTGAT.11,stimulated,CD14 Mono
AATACTGACCTGTC.11,stimulated,CD4 T
AATACTGACTGGTA.1,stimulated,CD8 T
AATACTGAGGACTT.1,stimulated,CD4 T
AATACTGATCACGA.11,stimulated,CD16 Mono
AATAGGGAACCCAA.1,stimulated,CD16 Mono
AATAGGGAACTACG.1,stimulated,CD4 T
AATAGGGATCAGGT.1,stimulated,CD4 T
AATAGGGATTAGGC.1,stimulated,CD16 Mono
AATAGGGATTCTCA.1,stimulated,CD14 Mono
AATAGGGATTCTGT.1,stimulated,CD8 T
AATATCGAATGTCG.1,stimulated,CD14 Mono
AATATCGACACCAA.1,stimulated,CD14 Mono
AATATCGACTCTCG.1,stimulated,B
AATATCGACTTTAC.1,stimulated,DC
AATATCGAGAGGCA.11,stimulated,CD4 T
AATATCGAGCGTAT.1,stimulated,CD14 Mono
AATATCGAGTCGAT.1,stimulated,CD16 Mono
AATCAAACCAGGAG.1,stimulated,CD14 Mono
AATCAAACTGATGC.1,stimulated,CD4 T
AATCAAACTGGTCA.1,stimulated,CD4 T
AATCAAACTGTCTT.1,stimulated,B
AATCAAACTTAGGC.1,stimulated,DC
AATCCGGAAGCAAA.1,stimulated,CD14 Mono
AATCCGGAAGTGCT.1,stimulated,CD14 Mono
AATCCGGACTCGCT.1,stimulated,CD16 Mono
AATCCGGATCGTTT.1,stimulated,CD4 T
AATCCGGATCTCTA.1,stimulated,CD14 Mono
AATCCGGATGACCA.1,stimulated,CD4 T
AATCCTACACGTGT.1,stimulated,CD4 T
AATCCTACCGCCTT.1,stimulated,CD14 Mono
AATCCTACCTCCAC.1,stimulated,T
AATCCTACGAATCC.1,stimulated,DC
AATCCTACGGTTTG.1,stimulated,CD14 Mono
AATCCTACTCACGA.1,stimulated,CD4 T
AATCCTACTCGCCT.1,stimulated,NK
AATCCTTGATGTCG.1,stimulated,CD14 Mono
AATCCTTGCATGGT.11,stimulated,CD14 Mono
AATCCTTGCTGGAT.1,stimulated,CD14 Mono
AATCCTTGGTCGTA.1,stimulated,CD4 T
AATCCTTGTGGATC.1,stimulated,CD4 T
AATCCTTGTGGTTG.1,stimulated,CD14 Mono
AATCGGTGACCCAA.1,stimulated,CD4 T
AATCGGTGCGAACT.1,stimulated,CD14 Mono
AATCGGTGCGTAGT.1,stimulated,CD14 Mono
AATCGGTGCTAAGC.1,stimulated,B
AATCGGTGTTGAGC.1,stimulated,CD14 Mono
AATCTAGAATAAGG.1,stimulated,NK
AATCTAGACGACTA.1,stimulated,CD14 Mono
AATCTAGAGCGTAT.1,stimulated,CD14 Mono
AATCTAGATATCGG.1,stimulated,CD14 Mono
AATCTAGATCTTTG.1,stimulated,B
AATCTCACAAGAGT.1,stimulated,B
AATCTCACGCTCCT.1,stimulated,CD8 T
AATCTCTGAGAGGC.1,stimulated,CD4 T
AATCTCTGAGCCTA.1,stimulated,DC
AATCTCTGATCGTG.1,stimulated,CD14 Mono
AATCTCTGCAAAGA.1,stimulated,CD16 Mono
AATCTCTGCCCAAA.1,stimulated,CD16 Mono
AATCTCTGCGACAT.1,stimulated,CD8 T
AATCTCTGCGTCTC.1,stimulated,CD14 Mono
AATCTCTGCTATTC.1,stimulated,CD14 Mono
AATCTCTGGAACCT.1,stimulated,CD14 Mono
AATCTCTGGTCTGA.1,stimulated,CD4 T
AATGAGGAAGGTCT.1,stimulated,CD4 T
AATGAGGACTATTC.1,stimulated,CD4 T
AATGAGGACTCAGA.1,stimulated,CD8 T
AATGAGGAGTATCG.1,stimulated,CD14 Mono
AATGAGGATGCCAA.1,stimulated,CD14 Mono
AATGAGGATGTAGC.11,stimulated,CD16 Mono
AATGATACGTTTCT.1,stimulated,B
AATGATACTTGAGC.1,stimulated,CD4 T
AATGCGTGCACTAG.1,stimulated,CD14 Mono
AATGCGTGCTGTGA.1,stimulated,CD8 T
AATGCGTGTACAGC.1,stimulated,CD16 Mono
AATGCGTGTCCAAG.1,stimulated,CD4 T
AATGCGTGTGTTCT.1,stimulated,CD4 T
AATGGAGAGCAGTT.1,stimulated,CD4 T
AATGGAGAGGCAAG.1,stimulated,CD4 T
AATGGCTGAACTGC.1,stimulated,CD14 Mono
AATGGCTGCTGGTA.1,stimulated,CD4 T
AATGGCTGTCAGAC.1,stimulated,DC
AATGGCTGTGGTCA.1,stimulated,CD14 Mono
AATGTAACAAACAG.1,stimulated,CD4 T
AATGTAACCGTGTA.1,stimulated,CD4 T
AATGTAACCTGTTT.1,stimulated,CD4 T
AATGTAACGTCATG.1,stimulated,B
AATGTAACTTCGTT.1,stimulated,DC
AATGTAACTTGGCA.1,stimulated,CD14 Mono
AATGTCCTACCTAG.11,stimulated,DC
AATGTCCTACGTTG.11,stimulated,CD14 Mono
AATGTCCTAGTACC.1,stimulated,CD14 Mono
AATGTCCTATTCTC.1,stimulated,CD14 Mono
AATGTCCTCCGAAT.1,stimulated,CD4 T
AATGTCCTCGAACT.1,stimulated,CD4 T
AATGTCCTGTACGT.11,stimulated,CD14 Mono
AATGTCCTTGGGAG.1,stimulated,CD14 Mono
AATGTTGAAACCGT.1,stimulated,T
AATGTTGAAGGGTG.1,stimulated,CD14 Mono
AATGTTGACGCAAT.1,stimulated,CD14 Mono
AATTACGAAAGAAC.1,stimulated,CD4 T
AATTACGACCTTTA.1,stimulated,CD4 T
AATTACGACTGGAT.1,stimulated,CD14 Mono
AATTACGAGAATGA.1,stimulated,CD4 T
AATTCCTGAAGGTA.1,stimulated,CD14 Mono
AATTCCTGACACAC.1,stimulated,CD4 T
AATTCCTGGTACAC.1,stimulated,CD4 T
AATTGATGCGTTAG.1,stimulated,CD14 Mono
AATTGATGCTCATT.1,stimulated,CD16 Mono
AATTGATGGGTCTA.1,stimulated,CD4 T
AATTGATGTCAGAC.1,stimulated,B
AATTGTGACATCAG.1,stimulated,CD14 Mono
AATTGTGACTTCTA.1,stimulated,CD4 T
AATTGTGATGTGAC.1,stimulated,CD16 Mono
AATTGTGATTTCGT.1,stimulated,CD4 T
ACAAAGGAAGCACT.1,stimulated,B
ACAAAGGAGACTAC.1,stimulated,T
ACAAAGGAGTACGT.1,stimulated,T
ACAAAGGATCAGTG.1,stimulated,CD16 Mono
ACAAAGGATGGGAG.1,stimulated,CD14 Mono
ACAAATTGAGACTC.1,stimulated,CD8 T
ACAAATTGCTGAAC.1,stimulated,T
ACAAATTGGTTGTG.1,stimulated,CD14 Mono
ACAAATTGTAGAAG.11,stimulated,CD4 T
ACAACCGACAAAGA.1,stimulated,CD4 T
ACAACCGAGGTGGA.1,stimulated,CD16 Mono
ACAACCGATGTCAG.1,stimulated,B
ACAAGAGAAGAGGC.1,stimulated,CD4 T
ACAAGAGACGCATA.1,stimulated,CD14 Mono
ACAAGAGACTAGCA.1,stimulated,B
ACAAGAGAGTTGAC.1,stimulated,CD14 Mono
ACAAGAGATAGAAG.1,stimulated,DC
ACAAGAGATCTTCA.1,stimulated,B
ACAAGAGATTGTGG.1,stimulated,DC
ACAAGCACATTGGC.1,stimulated,CD4 T
ACAAGCACCGCAAT.1,stimulated,CD4 T
ACAAGCACCTTCTA.1,stimulated,CD16 Mono
ACAAGCACTACGCA.1,stimulated,T
ACAATAACAATGCC.1,stimulated,CD8 T
ACAATAACATTCCT.1,stimulated,CD16 Mono
ACAATAACCAGCTA.1,stimulated,CD14 Mono
ACAATAACCCTGAA.1,stimulated,CD4 T
ACAATAACTCGATG.1,stimulated,CD4 T
ACAATCCTATCAGC.1,stimulated,CD14 Mono
ACAATCCTATTCGG.1,stimulated,CD4 T
ACAATCCTCCTCCA.1,stimulated,CD4 T
ACAATCCTCTCGCT.1,stimulated,CD14 Mono
ACAATCCTGACAGG.1,stimulated,CD16 Mono
ACAATCCTTAAGCC.1,stimulated,CD14 Mono
ACAATCCTTGGCAT.1,stimulated,CD4 T
ACAATTGAAAAGCA.1,stimulated,CD4 T
ACAATTGAAAGGCG.1,stimulated,CD4 T
ACAATTGAACGGAG.1,stimulated,CD14 Mono
ACAATTGAAGATGA.1,stimulated,CD4 T
ACAATTGACATTCT.1,stimulated,CD14 Mono
ACAATTGAGAATAG.1,stimulated,CD8 T
ACAATTGAGAGGTG.1,stimulated,CD4 T
ACAATTGATTGTCT.1,stimulated,CD8 T
ACACAGACACGGTT.1,stimulated,CD14 Mono
ACACAGACATGTGC.1,stimulated,CD4 T
ACACAGACCGTTGA.1,stimulated,T
ACACAGACTTCTAC.1,stimulated,CD4 T
ACACAGACTTGACG.1,stimulated,CD4 T
ACACAGACTTGCGA.1,stimulated,CD14 Mono
ACACATCTACACCA.1,stimulated,CD14 Mono
ACACCAGAAAGGCG.1,stimulated,B
ACACCAGAAATCGC.1,stimulated,CD14 Mono
ACACCAGAATGCTG.1,stimulated,CD16 Mono
ACACCAGAGACGGA.1,stimulated,CD4 T
ACACCAGAGATGAA.1,stimulated,CD4 T
ACACCAGAGCGTTA.1,stimulated,CD8 T
ACACCAGAGTAAAG.1,stimulated,CD4 T
ACACCAGATGACCA.1,stimulated,CD4 T
ACACCAGATTCGTT.1,stimulated,CD14 Mono
ACACCCTGACGTGT.1,stimulated,CD14 Mono
ACACCCTGGTAAAG.1,stimulated,CD4 T
ACACCCTGGTTGAC.1,stimulated,CD16 Mono
ACACCCTGTCAGAC.1,stimulated,B
ACACCCTGTTGGCA.1,stimulated,B
ACACGAACCCTGAA.1,stimulated,CD4 T
ACACGAACCTCTAT.1,stimulated,CD8 T
ACACGAACGTCTAG.1,stimulated,CD4 T
ACACGAACGTTGAC.1,stimulated,CD14 Mono
ACACGAACTTGTCT.1,stimulated,NK
ACACGATGAAAAGC.1,stimulated,T
ACACGATGAAGCCT.1,stimulated,CD14 Mono
ACACGATGACCACA.1,stimulated,CD4 T
ACACGATGACCTTT.1,stimulated,CD16 Mono
ACACGATGACTTTC.1,stimulated,DC
ACACGATGCTGGAT.1,stimulated,CD14 Mono
ACACGATGGGTCAT.1,stimulated,CD4 T
ACACGATGTTCAGG.1,stimulated,CD4 T
ACACGTGAGAATCC.1,stimulated,CD8 T
ACACGTGAGCTTAG.1,stimulated,CD14 Mono
ACACGTGAGTATGC.1,stimulated,CD14 Mono
ACACGTGATCCCAC.1,stimulated,CD14 Mono
ACACGTGATCCCGT.1,stimulated,NK
ACACGTGATGAACC.1,stimulated,DC
ACACGTGATGGTCA.1,stimulated,CD14 Mono
ACAGACACACGGAG.1,stimulated,CD14 Mono
ACAGACACCGAGAG.1,stimulated,CD14 Mono
ACAGACACCTAAGC.11,stimulated,CD14 Mono
ACAGACACGGTAAA.1,stimulated,CD8 T
ACAGACACTCAGGT.1,stimulated,CD14 Mono
ACAGACACTCTTAC.1,stimulated,B
ACAGCAACCATGGT.1,stimulated,CD14 Mono
ACAGCAACGAACTC.1,stimulated,CD4 T
ACAGCAACGAGACG.1,stimulated,CD4 T
ACAGCAACTATGCG.1,stimulated,CD14 Mono
ACAGCAACTGAGGG.1,stimulated,CD4 T
ACAGGTACATGACC.1,stimulated,CD14 Mono
ACAGGTACCGAGTT.1,stimulated,CD4 T
ACAGGTACCGTGTA.1,stimulated,CD14 Mono
ACAGGTACGATGAA.11,stimulated,NK
ACAGGTACGCCCTT.1,stimulated,CD14 Mono
ACAGGTACGGACTT.1,stimulated,CD16 Mono
ACAGGTACTGCTCC.1,stimulated,CD14 Mono
ACAGTCGAATCACG.11,stimulated,DC
ACAGTCGACATGGT.1,stimulated,CD14 Mono
ACAGTCGAGAGGAC.1,stimulated,CD16 Mono
ACAGTCGATTCGGA.1,stimulated,CD14 Mono
ACAGTGACATGTGC.1,stimulated,NK
ACAGTGACCACCAA.1,stimulated,NK
ACAGTGACCCACCT.1,stimulated,B
ACAGTGACGAGGAC.1,stimulated,B
ACAGTGACGGTACT.1,stimulated,B
ACAGTGACTGCGTA.1,stimulated,CD4 T
ACAGTGACTGTCCC.1,stimulated,CD4 T
ACAGTGTGAAGATG.1,stimulated,CD14 Mono
ACAGTGTGAAGTGA.1,stimulated,CD8 T
ACAGTGTGACGGGA.1,stimulated,CD4 T
ACAGTGTGAGATGA.1,stimulated,CD14 Mono
ACAGTGTGCCCAAA.1,stimulated,CD14 Mono
ACAGTGTGTGCTGA.1,stimulated,B
ACAGTGTGTGGATC.1,stimulated,CD14 Mono
ACAGTTCTCCACAA.1,stimulated,CD14 Mono
ACAGTTCTCTGATG.1,stimulated,CD4 T
ACAGTTCTCTTAGG.1,stimulated,CD4 T
ACATACCTGTTGAC.1,stimulated,B
ACATCACTCAGTCA.1,stimulated,CD4 T
ACATCACTCTGTTT.1,stimulated,CD14 Mono
ACATCACTGGAGGT.1,stimulated,CD4 T
ACATCACTGGTGGA.1,stimulated,CD4 T
ACATCACTGTTTCT.1,stimulated,CD14 Mono
ACATGGTGACCCTC.1,stimulated,CD14 Mono
ACATGGTGACGCAT.1,stimulated,CD8 T
ACATGGTGCCTATT.1,stimulated,CD14 Mono
ACATGGTGCGTTAG.1,stimulated,CD4 T
ACATGGTGCTCCCA.1,stimulated,CD4 T
ACATGGTGCTGGTA.1,stimulated,CD14 Mono
ACATGGTGGGTATC.1,stimulated,CD4 T
ACATGGTGTGCGTA.1,stimulated,CD4 T
ACATTCTGCCCTAC.1,stimulated,CD4 T
ACATTCTGCGAATC.1,stimulated,NK
ACATTCTGCTACTT.1,stimulated,CD4 T
ACATTCTGCTTAGG.1,stimulated,DC
ACATTCTGGTAGCT.1,stimulated,CD4 T
ACCAACGAACTGTG.1,stimulated,CD14 Mono
ACCAACGACCACAA.1,stimulated,CD14 Mono
ACCAACGATTGAGC.1,stimulated,CD8 T
ACCACAGAACGTGT.1,stimulated,B
ACCACCTGCGATAC.1,stimulated,CD8 T
ACCACCTGCTTCTA.1,stimulated,CD16 Mono
ACCACCTGTCTATC.1,stimulated,CD4 T
ACCACGCTGACGGA.1,stimulated,CD14 Mono
ACCACGCTTCCTCG.1,stimulated,CD16 Mono
ACCACGCTTGGATC.1,stimulated,CD4 T
ACCAGCCTCTTATC.1,stimulated,NK
ACCAGCCTTCCCAC.1,stimulated,CD14 Mono
ACCAGCCTTTATCC.1,stimulated,T
ACCAGCCTTTGGCA.1,stimulated,B
ACCAGTGAAATGCC.1,stimulated,CD14 Mono
ACCAGTGAAGCCTA.1,stimulated,CD14 Mono
ACCAGTGAGACGTT.1,stimulated,B
ACCATTACATGGTC.1,stimulated,CD14 Mono
ACCATTACGCGGAA.1,stimulated,CD4 T
ACCATTTGCCGCTT.1,stimulated,CD8 T
ACCATTTGCTCCCA.1,stimulated,CD4 T
ACCATTTGTTCCAT.1,stimulated,CD16 Mono
ACCATTTGTTGACG.1,stimulated,B
ACCCAAGAAGCACT.1,stimulated,CD16 Mono
ACCCAAGAGAAACA.1,stimulated,CD14 Mono
ACCCAAGAGAAGGC.1,stimulated,CD14 Mono
ACCCAAGAGCTAAC.1,stimulated,CD4 T
ACCCACTGACAGTC.1,stimulated,T
ACCCACTGACGTTG.1,stimulated,CD4 T
ACCCACTGGGAAAT.1,stimulated,CD4 T
ACCCACTGGGTTAC.1,stimulated,T
ACCCACTGTAAGCC.1,stimulated,CD14 Mono
ACCCACTGTAAGGA.1,stimulated,B
ACCCACTGTGGAGG.1,stimulated,CD4 T
ACCCAGCTAGTCTG.1,stimulated,B
ACCCAGCTGAGGGT.1,stimulated,DC
ACCCGTACAAAGTG.1,stimulated,CD4 T
ACCCGTACAGCGGA.1,stimulated,CD4 T
ACCCGTACAGCGTT.11,stimulated,CD4 T
ACCCGTACCCTGAA.1,stimulated,CD4 T
ACCCGTACCGTGTA.1,stimulated,CD14 Mono
ACCCGTACGAGCTT.1,stimulated,CD14 Mono
ACCCGTACGTCTAG.1,stimulated,CD14 Mono
ACCCGTACTAAAGG.1,stimulated,CD4 T
ACCCGTTGCATTTC.1,stimulated,T
ACCCGTTGGAGAGC.1,stimulated,CD4 T
ACCCGTTGGCGTAT.1,stimulated,CD4 T
ACCCTCGACGAGAG.1,stimulated,CD8 T
ACCCTCGACGATAC.1,stimulated,CD4 T
ACCCTCGACGTAGT.1,stimulated,CD14 Mono
ACCCTCGAGGTACT.1,stimulated,NK
ACCCTCGAGTATGC.1,stimulated,CD4 T
ACCCTCGAGTCTAG.1,stimulated,CD16 Mono
ACCCTCGATGTGCA.1,stimulated,CD14 Mono
ACCCTCGATTCGCC.1,stimulated,CD4 T
ACCGAAACATTGGC.1,stimulated,NK
ACCGAAACTACTTC.1,stimulated,CD16 Mono
ACCGCGGAAAGATG.1,stimulated,NK
ACCGCGGACTGATG.1,stimulated,CD14 Mono
ACCGCGGATGGTAC.1,stimulated,CD14 Mono
ACCGTGCTCAAAGA.1,stimulated,CD16 Mono
ACCGTGCTTTGCTT.1,stimulated,CD4 T
ACCTATTGAATGCC.1,stimulated,CD4 T
ACCTATTGACCGAT.1,stimulated,CD4 T
ACCTATTGATTCTC.1,stimulated,CD14 Mono
ACCTATTGGAAGGC.1,stimulated,CD16 Mono
ACCTATTGGCGAGA.1,stimulated,CD4 T
ACCTATTGGTCGAT.1,stimulated,CD14 Mono
ACCTATTGTTCACT.1,stimulated,CD14 Mono
ACCTCCGAACTGTG.1,stimulated,CD4 T
ACCTCCGAAGGAGC.1,stimulated,B
ACCTCCGAATTGGC.1,stimulated,CD4 T
ACCTCCGACACTCC.11,stimulated,CD14 Mono
ACCTCCGACCTTAT.1,stimulated,DC
ACCTCCGATGGTTG.1,stimulated,CD14 Mono
ACCTCCGATTCATC.1,stimulated,CD8 T
ACCTCGTGCAAGCT.1,stimulated,CD8 T
ACCTCGTGCATACG.1,stimulated,CD14 Mono
ACCTCGTGTATCTC.1,stimulated,CD4 T
ACCTGAGAAAAGTG.1,stimulated,CD4 T
ACCTGAGAACACGT.1,stimulated,CD4 T
ACCTGAGAACGTTG.1,stimulated,CD14 Mono
ACCTGAGAGTCGAT.1,stimulated,CD4 T
ACCTGAGATCCGTC.1,stimulated,CD16 Mono
ACCTGAGATCCTTA.1,stimulated,CD4 T
ACCTGAGATGCTAG.11,stimulated,CD16 Mono
ACCTGAGATGGTTG.1,stimulated,NK
ACCTGGCTCGTAAC.1,stimulated,CD14 Mono
ACCTGGCTGACGTT.1,stimulated,T
ACCTTTGAAAGCCT.1,stimulated,CD4 T
ACCTTTGACGTTGA.1,stimulated,B
ACCTTTGATCGCAA.1,stimulated,CD14 Mono
ACCTTTGATGCATG.1,stimulated,CD4 T
ACCTTTGATGGATC.1,stimulated,DC
ACCTTTGATTCTTG.1,stimulated,CD14 Mono
ACGAACACTAGACC.1,stimulated,CD14 Mono
ACGAACTGCAACCA.1,stimulated,CD4 T
ACGAACTGCTACGA.1,stimulated,CD14 Mono
ACGAACTGGCAAGG.1,stimulated,NK
ACGAACTGGCTAAC.1,stimulated,CD4 T
ACGAACTGGGGTGA.1,stimulated,DC
ACGAACTGGTATGC.1,stimulated,CD4 T
ACGAACTGTATCTC.1,stimulated,CD14 Mono
ACGAACTGTCCAGA.1,stimulated,CD16 Mono
ACGAAGCTCTTGGA.1,stimulated,NK
ACGAAGCTTCTACT.1,stimulated,CD4 T
ACGAAGCTTGACCA.11,stimulated,DC
ACGACAACTAAGGA.1,stimulated,T
ACGACAACTGGTCA.1,stimulated,CD4 T
ACGACCCTAGATCC.1,stimulated,CD8 T
ACGACCCTAGCACT.1,stimulated,CD8 T
ACGACCCTATGCTG.1,stimulated,CD14 Mono
ACGACCCTCTCTCG.1,stimulated,CD4 T
ACGACCCTCTGAGT.1,stimulated,CD14 Mono
ACGACCCTCTGTCC.1,stimulated,T
ACGACCCTGGTAGG.1,stimulated,CD4 T
ACGAGGGACGTTGA.1,stimulated,CD8 T
ACGAGGGAGAATCC.1,stimulated,DC
ACGAGGGAGGGAGT.1,stimulated,CD4 T
ACGAGGGATAGTCG.1,stimulated,CD14 Mono
ACGAGTACCAGCTA.1,stimulated,CD4 T
ACGAGTACCCCGTT.1,stimulated,B
ACGAGTACCTCAAG.1,stimulated,B
ACGAGTACCTCGAA.1,stimulated,CD4 T
ACGAGTACGGTCTA.1,stimulated,CD16 Mono
ACGAGTACTATGGC.11,stimulated,B
ACGAGTACTCGATG.1,stimulated,CD14 Mono
ACGAGTACTGAGGG.1,stimulated,CD4 T
ACGATCGACATTTC.1,stimulated,CD14 Mono
ACGATCGACGGTAT.1,stimulated,B
ACGATCGAGCGATT.1,stimulated,CD16 Mono
ACGATCGAGGAACG.1,stimulated,CD4 T
ACGATCGAGTACAC.1,stimulated,CD16 Mono
ACGATCGATCTAGG.1,stimulated,CD14 Mono
ACGATGACATCTCT.1,stimulated,CD4 T
ACGATGACGTTACG.1,stimulated,CD14 Mono
ACGATGACTGAGGG.1,stimulated,DC
ACGATTCTCTATTC.1,stimulated,B
ACGATTCTGATACC.1,stimulated,CD14 Mono
ACGATTCTGTGTAC.1,stimulated,B
ACGATTCTTCGACA.1,stimulated,CD14 Mono
ACGATTCTTGCCAA.1,stimulated,CD14 Mono
ACGCAATGACGGTT.1,stimulated,CD16 Mono
ACGCAATGGCGTAT.1,stimulated,CD4 T
ACGCACCTACCTGA.1,stimulated,CD8 T
ACGCACCTATCGTG.1,stimulated,CD14 Mono
ACGCACCTCAACTG.1,stimulated,DC
ACGCACCTGAACTC.1,stimulated,CD4 T
ACGCACCTGACGTT.1,stimulated,CD4 T
ACGCACCTGAGGAC.1,stimulated,NK
ACGCACCTGCATCA.1,stimulated,CD16 Mono
ACGCACCTGGATTC.1,stimulated,CD4 T
ACGCACCTTCTGGA.1,stimulated,CD4 T
ACGCACCTTGGGAG.1,stimulated,T
ACGCCACTACTAGC.1,stimulated,CD4 T
ACGCCACTATGCCA.1,stimulated,CD14 Mono
ACGCCACTCAACCA.1,stimulated,CD14 Mono
ACGCCACTCAATCG.11,stimulated,CD8 T
ACGCCACTCCCACT.1,stimulated,CD8 T
ACGCCACTCCGAAT.1,stimulated,T
ACGCCACTCTTACT.1,stimulated,CD14 Mono
ACGCCACTCTTCTA.1,stimulated,T
ACGCCACTGAAGGC.1,stimulated,CD14 Mono
ACGCCACTTCAAGC.1,stimulated,CD14 Mono
ACGCCACTTGGATC.1,stimulated,CD4 T
ACGCCACTTTTCAC.1,stimulated,T
ACGCCGGAAACGGG.1,stimulated,CD4 T
ACGCCGGAAGACTC.1,stimulated,B
ACGCCGGACCGAAT.1,stimulated,CD14 Mono
ACGCCGGACCTTTA.1,stimulated,CD4 T
ACGCCGGAGCGGAA.1,stimulated,B
ACGCCGGATATCGG.1,stimulated,DC
ACGCCTTGCCGTTC.1,stimulated,T
ACGCCTTGCTTCTA.1,stimulated,NK
ACGCCTTGGTTAGC.1,stimulated,CD16 Mono
ACGCCTTGTAAAGG.1,stimulated,CD14 Mono
ACGCCTTGTCCCGT.1,stimulated,CD16 Mono
ACGCCTTGTCGATG.1,stimulated,CD14 Mono
ACGCCTTGTCTTTG.1,stimulated,CD4 T
ACGCGGTGACAGTC.1,stimulated,CD8 T
ACGCGGTGAGCACT.1,stimulated,CD4 T
ACGCGGTGAGCATC.1,stimulated,B
ACGCGGTGGGAGTG.1,stimulated,B
ACGCGGTGGTCGAT.1,stimulated,T
ACGCGGTGTTCAGG.1,stimulated,CD4 T
ACGCTCACAGTCTG.1,stimulated,CD4 T
ACGCTCACCTCAAG.1,stimulated,DC
ACGCTCACCTTCTA.1,stimulated,CD4 T
ACGCTCACGGTAGG.1,stimulated,CD14 Mono
ACGCTCACGTAGCT.1,stimulated,CD14 Mono
ACGCTCACTTGGCA.1,stimulated,CD4 T
ACGCTGCTGACAGG.1,stimulated,CD8 T
ACGCTGCTGGTACT.1,stimulated,CD14 Mono
ACGCTGCTGTTGGT.1,stimulated,B
ACGCTGCTTGAAGA.1,stimulated,CD14 Mono
ACGGAACTAGACTC.1,stimulated,CD4 T
ACGGAACTCATACG.1,stimulated,CD4 T
ACGGAACTGAGGGT.1,stimulated,CD4 T
ACGGAACTTCCCGT.1,stimulated,CD4 T
ACGGAACTTGCTCC.1,stimulated,CD16 Mono
ACGGAGGACTACCC.1,stimulated,CD14 Mono
ACGGATTGCTCAAG.1,stimulated,CD8 T
ACGGATTGCTCTCG.1,stimulated,DC
ACGGATTGCTGATG.1,stimulated,CD4 T
ACGGATTGCTTCTA.1,stimulated,CD14 Mono
ACGGATTGGAATAG.1,stimulated,B
ACGGATTGGGCAAG.1,stimulated,CD16 Mono
ACGGATTGTCCGTC.1,stimulated,CD14 Mono
ACGGATTGTCGTTT.1,stimulated,CD14 Mono
ACGGATTGTGTAGC.1,stimulated,CD4 T
ACGGCGTGCACACA.1,stimulated,CD4 T
ACGGCGTGCTGACA.1,stimulated,CD14 Mono
ACGGCGTGGAGCAG.1,stimulated,CD16 Mono
ACGGCTCTATCGTG.1,stimulated,NK
ACGGCTCTGAGGGT.1,stimulated,CD4 T
ACGGCTCTTCTGGA.1,stimulated,CD4 T
ACGGCTCTTGTCTT.1,stimulated,CD4 T
ACGGGAGAAGCAAA.1,stimulated,CD4 T
ACGGGAGACCTTGC.1,stimulated,CD14 Mono
ACGGGAGAGCAAGG.1,stimulated,CD4 T
ACGGGAGAGGTCAT.1,stimulated,T
ACGGGAGATAAGGA.1,stimulated,CD4 T
ACGGGAGATCCCAC.1,stimulated,CD14 Mono
ACGGGAGATGAACC.1,stimulated,CD4 T
ACGGTAACCAACTG.1,stimulated,CD14 Mono
ACGGTAACCTCGCT.1,stimulated,CD8 T
ACGGTAACGCGAGA.1,stimulated,CD14 Mono
ACGGTATGCTGTTT.1,stimulated,CD14 Mono
ACGGTATGGCTCCT.1,stimulated,NK
ACGGTATGGTTGGT.1,stimulated,CD14 Mono
ACGGTATGTTCACT.1,stimulated,CD4 T
ACGGTCCTAAAACG.1,stimulated,CD14 Mono
ACGGTCCTAGCTCA.1,stimulated,T
ACGGTCCTCAGATC.1,stimulated,T
ACGGTCCTCTCCCA.1,stimulated,CD14 Mono
ACGGTCCTGAACTC.1,stimulated,CD14 Mono
ACGGTCCTGCATAC.11,stimulated,CD4 T
ACGGTCCTGTCTAG.1,stimulated,CD4 T
ACGGTCCTTTGGTG.1,stimulated,B
ACGTAGACATCTCT.1,stimulated,B
ACGTCAGAAAGGCG.1,stimulated,CD16 Mono
ACGTCAGAACCTGA.1,stimulated,CD4 T
ACGTCAGAATGACC.1,stimulated,CD14 Mono
ACGTCAGAGCTTCC.1,stimulated,CD4 T
ACGTCAGATATGGC.1,stimulated,CD4 T
ACGTCAGATGAAGA.1,stimulated,B
ACGTCCTGACTTTC.1,stimulated,CD4 T
ACGTCCTGGGTGGA.1,stimulated,CD4 T
ACGTCCTGTCATTC.11,stimulated,CD14 Mono
ACGTCGCTAGTAGA.1,stimulated,CD14 Mono
ACGTCGCTGGCGAA.1,stimulated,CD4 T
ACGTCGCTTATGCG.1,stimulated,CD14 Mono
ACGTCGCTTTGACG.1,stimulated,CD4 T
ACGTGATGACCAAC.1,stimulated,B
ACGTGATGGTGTTG.1,stimulated,CD16 Mono
ACGTGCCTAGCATC.1,stimulated,B
ACGTGCCTCGCCTT.1,stimulated,CD4 T
ACGTGCCTCTAGTG.1,stimulated,CD4 T
ACGTGCCTCTGAGT.1,stimulated,CD14 Mono
ACGTGCCTGGAGTG.1,stimulated,CD14 Mono
ACGTGCCTGTACGT.1,stimulated,CD4 T
ACGTTACTCACTCC.1,stimulated,NK
ACGTTACTGCGTTA.1,stimulated,T
ACGTTACTGGACTT.1,stimulated,B
ACGTTACTTATGCG.1,stimulated,CD14 Mono
ACGTTACTTCTAGG.1,stimulated,CD4 T
ACGTTACTTGTCAG.1,stimulated,CD4 T
ACGTTGGAAAGGTA.1,stimulated,T
ACGTTGGAACTGGT.1,stimulated,CD14 Mono
ACGTTGGACTTGAG.1,stimulated,CD14 Mono
ACGTTGGATCGTGA.1,stimulated,CD14 Mono
ACGTTGGATGAACC.1,stimulated,CD4 T
ACGTTGGATGGTTG.1,stimulated,CD14 Mono
ACGTTTACGAGCAG.1,stimulated,CD4 T
ACTAAAACATAAGG.1,stimulated,B
ACTAAAACATCTTC.1,stimulated,CD14 Mono
ACTAAAACCACTCC.1,stimulated,CD4 T
ACTAAAACCACTGA.1,stimulated,B
ACTAAAACTCATTC.1,stimulated,CD14 Mono
ACTAAAACTTCGGA.1,stimulated,B
ACTAAAACTTGGCA.1,stimulated,B
ACTACGGAGAGCTT.1,stimulated,CD14 Mono
ACTACGGATTTACC.1,stimulated,CD4 T
ACTACTACAGCGGA.1,stimulated,CD14 Mono
ACTACTACCTAAGC.1,stimulated,CD4 T
ACTAGGTGCAGGAG.1,stimulated,CD14 Mono
ACTAGGTGCCGCTT.1,stimulated,CD4 T
ACTAGGTGCTCAGA.1,stimulated,CD4 T
ACTAGGTGGGCATT.1,stimulated,CD4 T
ACTAGGTGTGCTTT.1,stimulated,T
ACTATCACAACGTC.1,stimulated,B
ACTATCACGCCAAT.1,stimulated,CD4 T
ACTATCACTGAGAA.1,stimulated,B
ACTCAGGAAGATCC.1,stimulated,CD14 Mono
ACTCAGGAAGATGA.1,stimulated,CD4 T
ACTCAGGACTATTC.1,stimulated,B
ACTCAGGATCTAGG.1,stimulated,CD14 Mono
ACTCCCGACTTCGC.1,stimulated,CD4 T
ACTCCCGAGCTCCT.1,stimulated,CD8 T
ACTCCCGATACGAC.1,stimulated,CD4 T
ACTCCTCTAGCACT.1,stimulated,CD14 Mono
ACTCCTCTAGGGTG.1,stimulated,CD8 T
ACTCCTCTCAATCG.1,stimulated,CD4 T
ACTCCTCTCCCTTG.1,stimulated,CD4 T
ACTCCTCTGTAAGA.1,stimulated,CD14 Mono
ACTCCTCTGTGAGG.1,stimulated,CD4 T
ACTCCTCTTGGTCA.1,stimulated,CD14 Mono
ACTCGAGACTTGTT.11,stimulated,CD4 T
ACTCGAGAGCCAAT.1,stimulated,CD8 T
ACTCGAGAGTTTGG.1,stimulated,CD4 T
ACTCGCACACCAAC.1,stimulated,B
ACTCGCACAGCCAT.1,stimulated,CD4 T
ACTCGCACATGCCA.1,stimulated,CD4 T
ACTCGCACCTTAGG.1,stimulated,CD16 Mono
ACTCGCACGGTATC.1,stimulated,CD4 T
ACTCGCACGTAAAG.1,stimulated,DC
ACTCGCACGTAGCT.1,stimulated,NK
ACTCGCACTGCACA.1,stimulated,CD14 Mono
ACTCGCACTGTTCT.1,stimulated,CD4 T
ACTCTATGAGATCC.11,stimulated,CD4 T
ACTCTATGCCAAGT.1,stimulated,CD4 T
ACTCTATGCCTTTA.1,stimulated,CD14 Mono
ACTCTATGGTACGT.11,stimulated,CD14 Mono
ACTCTATGTGGTCA.1,stimulated,CD14 Mono
ACTCTCCTAGCAAA.1,stimulated,CD14 Mono
ACTCTCCTGGTAGG.1,stimulated,CD16 Mono
ACTCTCCTTGAAGA.1,stimulated,CD14 Mono
ACTCTCCTTGCTTT.1,stimulated,CD4 T
ACTCTCCTTTGTGG.1,stimulated,B
ACTGAGACAACGTC.1,stimulated,CD14 Mono
ACTGAGACCCACCT.1,stimulated,B
ACTGAGACGCGATT.1,stimulated,CD4 T
ACTGAGACGGAACG.1,stimulated,B
ACTGAGACGTGTAC.1,stimulated,CD14 Mono
ACTGAGACTCAGGT.1,stimulated,CD14 Mono
ACTGCCACGTCATG.1,stimulated,CD8 T
ACTGCCACTCAGAC.1,stimulated,CD4 T
ACTGCCTGACTGTG.1,stimulated,CD14 Mono
ACTGCCTGCCGTTC.1,stimulated,NK
ACTGCCTGCTGACA.1,stimulated,CD4 T
ACTGCCTGGGCAAG.1,stimulated,CD8 T
ACTGCCTGGTGCTA.1,stimulated,CD4 T
ACTGCCTGTGGAGG.1,stimulated,CD4 T
ACTGGCCTAGAATG.1,stimulated,CD4 T
ACTGGCCTAGCATC.1,stimulated,B
ACTGGCCTCACTAG.1,stimulated,CD14 Mono
ACTGGCCTCTACTT.1,stimulated,CD14 Mono
ACTGGCCTCTTAGG.1,stimulated,CD16 Mono
ACTGGCCTGGACAG.1,stimulated,CD14 Mono
ACTGGCCTGGGATG.1,stimulated,CD16 Mono
ACTGGCCTGTCTTT.1,stimulated,CD4 T
ACTGGCCTTCTCCG.1,stimulated,B
ACTGGCCTTGTGGT.1,stimulated,NK
ACTGTGGAACGGAG.1,stimulated,CD14 Mono
ACTGTGGAACTGGT.1,stimulated,CD14 Mono
ACTGTGGATGCTAG.1,stimulated,CD4 T
ACTGTGGATGGTGT.1,stimulated,B
ACTGTTACATGTCG.1,stimulated,CD4 T
ACTGTTACCAAAGA.1,stimulated,CD14 Mono
ACTGTTACCGTGTA.1,stimulated,CD4 T
ACTGTTACGTATGC.1,stimulated,CD4 T
ACTGTTACGTGCTA.1,stimulated,CD14 Mono
ACTTAAGAAGCGTT.1,stimulated,CD14 Mono
ACTTAAGAATTGGC.1,stimulated,CD8 T
ACTTAAGACCGCTT.1,stimulated,CD14 Mono
ACTTAAGATGCACA.1,stimulated,CD14 Mono
ACTTAGCTTCGTGA.1,stimulated,CD8 T
ACTTCAACACGGAG.1,stimulated,CD4 T
ACTTCAACAGAATG.1,stimulated,CD4 T
ACTTCAACCCACAA.1,stimulated,CD4 T
ACTTCAACCCCTTG.1,stimulated,CD14 Mono
ACTTCAACCTACTT.1,stimulated,CD4 T
ACTTCAACTTAGGC.1,stimulated,CD4 T
ACTTCCCTCGGAGA.1,stimulated,CD14 Mono
ACTTCCCTTTCTTG.11,stimulated,CD14 Mono
ACTTCCCTTTTACC.1,stimulated,CD14 Mono
ACTTCTGAACGTGT.1,stimulated,B
ACTTCTGAGGTTTG.1,stimulated,CD4 T
ACTTCTGATACGCA.1,stimulated,CD14 Mono
ACTTCTGATTACCT.1,stimulated,CD16 Mono
ACTTCTGATTCACT.1,stimulated,CD14 Mono
ACTTGACTGAGCTT.1,stimulated,CD4 T
ACTTGACTTGTGCA.1,stimulated,CD4 T
ACTTGGGAAAAGTG.1,stimulated,CD8 T
ACTTGGGACAAAGA.1,stimulated,CD8 T
ACTTGGGACCTCAC.1,stimulated,T
ACTTGGGAGAGCAG.1,stimulated,DC
ACTTGGGATGTGCA.1,stimulated,B
ACTTGTACAGGCGA.1,stimulated,T
ACTTGTACATCGGT.1,stimulated,CD14 Mono
ACTTGTACCTATGG.1,stimulated,NK
ACTTGTACGTAAGA.1,stimulated,B
ACTTGTACTAAGGA.1,stimulated,CD14 Mono
ACTTGTACTACTTC.1,stimulated,CD4 T
ACTTTGTGAAAAGC.1,stimulated,CD4 T
ACTTTGTGATAAGG.1,stimulated,CD14 Mono
ACTTTGTGATTTCC.1,stimulated,CD4 T
ACTTTGTGCGTGAT.1,stimulated,T
AGAAACGAACCTAG.1,stimulated,CD4 T
AGAAAGTGAGTCAC.1,stimulated,CD4 T
AGAAAGTGCAGAGG.1,stimulated,B
AGAAAGTGGCAGTT.1,stimulated,CD14 Mono
AGAAAGTGGTGTCA.1,stimulated,CD14 Mono
AGAACAGAACGCAT.1,stimulated,T
AGAACAGAGTGTAC.1,stimulated,NK
AGAACAGATTCTTG.1,stimulated,CD8 T
AGAACGCTCCACAA.1,stimulated,B
AGAACGCTGTTTCT.1,stimulated,CD14 Mono
AGAACGCTTCGCAA.1,stimulated,CD4 T
AGAAGATGCTTGCC.1,stimulated,B
AGAATACTACTGTG.1,stimulated,NK
AGAATACTGGTAGG.1,stimulated,CD4 T
AGAATACTTCCTGC.1,stimulated,CD14 Mono
AGAATACTTTCCGC.1,stimulated,CD14 Mono
AGAATACTTTTCGT.1,stimulated,B
AGAATGGAACCCTC.1,stimulated,B
AGAATGGACTAAGC.1,stimulated,CD4 T
AGAATTTGAAACAG.1,stimulated,CD14 Mono
AGAATTTGCGTGAT.1,stimulated,B
AGAATTTGCTGAGT.1,stimulated,CD8 T
AGAATTTGGGATCT.1,stimulated,T
AGAATTTGGGTGAG.1,stimulated,CD8 T
AGAATTTGGTTCTT.1,stimulated,CD14 Mono
AGAATTTGTGCACA.1,stimulated,CD14 Mono
AGAATTTGTTGCAG.1,stimulated,CD4 T
AGACACACACCTAG.1,stimulated,CD4 T
AGACACACAGTCAC.1,stimulated,T
AGACACACAGTGTC.1,stimulated,CD16 Mono
AGACACACCACTTT.1,stimulated,B
AGACACACCATTGG.1,stimulated,CD14 Mono
AGACACACCTGATG.1,stimulated,CD4 T
AGACACACCTGGAT.1,stimulated,CD4 T
AGACACACTATGCG.1,stimulated,CD4 T
AGACACTGAAGCAA.1,stimulated,CD4 T
AGACACTGAGTCGT.1,stimulated,CD4 T
AGACACTGATTGGC.1,stimulated,CD14 Mono
AGACACTGCCGAAT.1,stimulated,CD4 T
AGACACTGTAACCG.1,stimulated,CD16 Mono
AGACACTGTACAGC.1,stimulated,CD8 T
AGACACTGTCTCTA.1,stimulated,CD14 Mono
AGACACTGTCTTAC.1,stimulated,B
AGACACTGTCTTTG.1,stimulated,B
AGACACTGTTCACT.1,stimulated,CD14 Mono
AGACCTGAAAGCCT.1,stimulated,CD4 T
AGACCTGACGGTAT.1,stimulated,CD16 Mono
AGACCTGACTTAGG.1,stimulated,CD4 T
AGACGTACAGGCGA.1,stimulated,CD4 T
AGACGTACCTCTTA.1,stimulated,NK
AGACGTACGAGATA.1,stimulated,CD4 T
AGACGTACGAGGGT.1,stimulated,DC
AGACGTACGGCGAA.1,stimulated,NK
AGACGTACTAGAGA.1,stimulated,CD4 T
AGACTCGACATTCT.1,stimulated,CD4 T
AGACTCGACTACCC.1,stimulated,B
AGACTCGAGGTACT.1,stimulated,CD4 T
AGACTGACCCTCGT.1,stimulated,CD14 Mono
AGACTGACTCTCGC.1,stimulated,CD4 T
AGACTGACTTCTTG.1,stimulated,CD4 T
AGACTTCTCCAACA.1,stimulated,CD4 T
AGACTTCTGTGCTA.1,stimulated,CD14 Mono
AGAGAAACATAAGG.1,stimulated,CD16 Mono
AGAGAAACCATCAG.1,stimulated,CD4 T
AGAGAAACCTGTAG.1,stimulated,CD4 T
AGAGAAACGGAAGC.1,stimulated,CD4 T
AGAGAAACTCTTCA.1,stimulated,CD4 T
AGAGAAACTGATGC.1,stimulated,CD8 T
AGAGAAACTTGAGC.1,stimulated,CD8 T
AGAGAAACTTTCTG.1,stimulated,CD16 Mono
AGAGAATGCTGTAG.1,stimulated,B
AGAGAATGGAGGTG.1,stimulated,CD4 T
AGAGAATGGCTGTA.1,stimulated,CD14 Mono
AGAGAATGGGGATG.1,stimulated,CD14 Mono
AGAGATGAACCAGT.1,stimulated,CD4 T
AGAGATGAACCTGA.1,stimulated,CD4 T
AGAGATGAGTTGGT.1,stimulated,CD8 T
AGAGATGATGGAAA.1,stimulated,B
AGAGATGATGGTCA.1,stimulated,NK
AGAGATGATGTCGA.1,stimulated,CD14 Mono
AGAGCGGACAACCA.1,stimulated,B
AGAGCGGACCTCGT.1,stimulated,CD4 T
AGAGCGGAGATAGA.1,stimulated,CD4 T
AGAGCGGATGATGC.1,stimulated,CD8 T
AGAGCTACCGATAC.1,stimulated,CD14 Mono
AGAGCTACTCGCAA.1,stimulated,CD4 T
AGAGCTACTCGTGA.1,stimulated,B
AGAGGTCTACACGT.1,stimulated,CD4 T
AGAGGTCTACGACT.1,stimulated,NK
AGAGGTCTGAAACA.1,stimulated,CD14 Mono
AGAGGTCTGCGAGA.1,stimulated,CD16 Mono
AGAGGTCTGTACCA.1,stimulated,CD16 Mono
AGAGTCACAAGCAA.1,stimulated,CD4 T
AGAGTCACACCTAG.1,stimulated,CD8 T
AGAGTCACCGATAC.1,stimulated,T
AGAGTCACTGCTCC.1,stimulated,CD4 T
AGAGTCTGACGTAC.1,stimulated,CD16 Mono
AGAGTCTGCTCAAG.1,stimulated,CD14 Mono
AGAGTGCTAATGCC.1,stimulated,CD8 T
AGAGTGCTCGTGAT.1,stimulated,CD14 Mono
AGAGTGCTGCAGTT.1,stimulated,B
AGAGTGCTGGCAAG.1,stimulated,CD4 T
AGAGTGCTGGTAAA.1,stimulated,CD4 T
AGAGTGCTGTTGAC.1,stimulated,CD14 Mono
AGATATACACGCTA.1,stimulated,CD14 Mono
AGATATACCGAATC.1,stimulated,CD4 T
AGATATACGTTGGT.1,stimulated,CD4 T
AGATATTGGCTCCT.1,stimulated,CD14 Mono
AGATATTGGCTTAG.1,stimulated,CD14 Mono
AGATATTGGGTATC.1,stimulated,CD4 T
AGATATTGTGGAGG.1,stimulated,CD4 T
AGATCGTGCCAAGT.1,stimulated,CD4 T
AGATCGTGGGTATC.1,stimulated,CD14 Mono
AGATCGTGTTCCCG.1,stimulated,T
AGATCTCTTGGTCA.1,stimulated,CD4 T
AGATCTCTTTCGGA.1,stimulated,T
AGATTAACCACCAA.1,stimulated,B
AGATTAACCGTAAC.1,stimulated,T
AGATTAACCGTCTC.1,stimulated,CD4 T
AGATTAACGACAGG.1,stimulated,CD8 T
AGATTAACGGAGTG.1,stimulated,CD14 Mono
AGATTAACGGCAAG.1,stimulated,CD4 T
AGATTAACGGTGTT.11,stimulated,CD4 T
AGATTAACTATTCC.1,stimulated,CD16 Mono
AGATTAACTGAAGA.11,stimulated,CD4 T
AGATTAACTTCACT.1,stimulated,CD14 Mono
AGATTCCTAGTCTG.1,stimulated,CD4 T
AGATTCCTGAATGA.1,stimulated,CD14 Mono
AGATTCCTGGTAGG.1,stimulated,CD14 Mono
AGATTCCTGTCTAG.1,stimulated,CD4 T
AGATTCCTGTTGTG.1,stimulated,CD14 Mono
AGATTCCTTTCTTG.1,stimulated,CD14 Mono
AGCAAAGACTTTAC.1,stimulated,B
AGCAACACCGAGAG.11,stimulated,T
AGCAACACGACGGA.1,stimulated,NK
AGCAACACGATACC.1,stimulated,DC
AGCAACACGGACAG.1,stimulated,B
AGCAACACGGACGA.1,stimulated,CD16 Mono
AGCAACACGGTTAC.1,stimulated,CD14 Mono
AGCAACACTGCCTC.1,stimulated,CD14 Mono
AGCAAGCTAAGGTA.1,stimulated,NK
AGCAAGCTCCCAAA.1,stimulated,CD4 T
AGCAAGCTCGCAAT.1,stimulated,CD4 T
AGCAAGCTTGGTAC.1,stimulated,B
AGCAAGCTTGGTCA.1,stimulated,CD14 Mono
AGCAAGCTTGTGGT.1,stimulated,CD14 Mono
AGCACAACCCGCTT.1,stimulated,CD4 T
AGCACAACCGGAGA.1,stimulated,CD4 T
AGCACAACGAACTC.1,stimulated,CD16 Mono
AGCACTGAAGCCTA.1,stimulated,CD14 Mono
AGCACTGAATAAGG.1,stimulated,CD14 Mono
AGCACTGAATGACC.1,stimulated,CD14 Mono
AGCACTGAATGCCA.1,stimulated,CD4 T
AGCACTGACCTTGC.1,stimulated,CD4 T
AGCACTGATTATCC.1,stimulated,CD16 Mono
AGCATCGAACTCAG.1,stimulated,CD14 Mono
AGCATCGAGGGTGA.1,stimulated,CD16 Mono
AGCATCGATGAGAA.1,stimulated,CD16 Mono
AGCATCGATTCGCC.1,stimulated,CD14 Mono
AGCATGACAGCTCA.1,stimulated,CD14 Mono
AGCATGACGCTAAC.1,stimulated,CD4 T
AGCATGACGTAAGA.1,stimulated,B
AGCATGACTTACTC.1,stimulated,CD4 T
AGCATTCTAAGTAG.1,stimulated,CD8 T
AGCATTCTACGTGT.1,stimulated,CD4 T
AGCATTCTAGTCAC.1,stimulated,CD8 T
AGCATTCTGAGCTT.1,stimulated,NK
AGCATTCTTAGAAG.1,stimulated,CD14 Mono
AGCCAATGAGTGCT.1,stimulated,CD14 Mono
AGCCAATGCAGTCA.1,stimulated,T
AGCCAATGCCTATT.1,stimulated,CD14 Mono
AGCCAATGGTCTAG.1,stimulated,NK
AGCCAATGGTTCTT.1,stimulated,CD4 T
AGCCAATGTCAGGT.1,stimulated,B
AGCCAATGTGCTTT.1,stimulated,CD4 T
AGCCAATGTTTGGG.1,stimulated,CD16 Mono
AGCCACCTAGAATG.1,stimulated,CD4 T
AGCCACCTCCCTAC.1,stimulated,CD4 T
AGCCACCTTGAAGA.1,stimulated,CD14 Mono
AGCCACCTTGTAGC.1,stimulated,B
AGCCACCTTGTTCT.1,stimulated,CD8 T
AGCCGGACCGAATC.1,stimulated,CD4 T
AGCCGGACCGTCTC.1,stimulated,CD4 T
AGCCGGACCTCTCG.1,stimulated,DC
AGCCGGACTCCAGA.1,stimulated,B
AGCCGGTGACGTGT.1,stimulated,DC
AGCCGGTGAGAGAT.1,stimulated,CD14 Mono
AGCCGGTGAGAGGC.1,stimulated,CD14 Mono
AGCCGGTGCCTTCG.1,stimulated,CD4 T
AGCCGGTGCTACTT.1,stimulated,CD14 Mono
AGCCGGTGCTGACA.1,stimulated,B
AGCCGGTGGAATAG.1,stimulated,B
AGCCGTCTACAGTC.1,stimulated,T
AGCCGTCTTGAGAA.1,stimulated,CD14 Mono
AGCCTCACAAAAGC.1,stimulated,CD14 Mono
AGCCTCACACGACT.1,stimulated,CD14 Mono
AGCCTCACACGTAC.1,stimulated,NK
AGCCTCACCCCACT.1,stimulated,CD4 T
AGCCTCACCGCTAA.1,stimulated,CD4 T
AGCCTCACCTCCAC.1,stimulated,NK
AGCCTCACGGTCAT.1,stimulated,B
AGCCTCACGTCCTC.1,stimulated,CD14 Mono
AGCCTCACTAACCG.11,stimulated,CD4 T
AGCCTCACTGAAGA.1,stimulated,CD4 T
AGCCTCTGACAGCT.1,stimulated,CD8 T
AGCCTCTGACTGGT.11,stimulated,CD14 Mono
AGCCTCTGCCCAAA.1,stimulated,CD14 Mono
AGCCTCTGTATCTC.1,stimulated,CD4 T
AGCCTCTGTTGCGA.1,stimulated,CD4 T
AGCGAACTAAAACG.1,stimulated,DC
AGCGAACTAATGCC.1,stimulated,CD14 Mono
AGCGAACTGAGCAG.1,stimulated,NK
AGCGAACTGCTACA.1,stimulated,T
AGCGAACTGCTGTA.1,stimulated,B
AGCGAACTTATGCG.1,stimulated,CD14 Mono
AGCGAACTTTCCAT.1,stimulated,CD4 T
AGCGATACAGCTCA.1,stimulated,B
AGCGATACGGGCAA.1,stimulated,CD4 T
AGCGATACTTGAGC.1,stimulated,CD4 T
AGCGATTGAGCGTT.1,stimulated,B
AGCGATTGTTTGTC.1,stimulated,DC
AGCGCCGAAAAGCA.1,stimulated,CD4 T
AGCGCCGAGCAGAG.1,stimulated,CD4 T
AGCGCCGATACTTC.1,stimulated,CD14 Mono
AGCGCCGATGACCA.1,stimulated,T
AGCGCTCTCATGAC.1,stimulated,CD4 T
AGCGCTCTCTCTTA.1,stimulated,CD4 T
AGCGCTCTGGCATT.1,stimulated,CD4 T
AGCGCTCTGTATGC.11,stimulated,CD16 Mono
AGCGCTCTGTGTTG.1,stimulated,CD4 T
AGCGCTCTTTAGGC.1,stimulated,CD14 Mono
AGCGGCACCAACTG.1,stimulated,CD4 T
AGCGGCACCTCGAA.1,stimulated,CD4 T
AGCGGCACCTTAGG.11,stimulated,CD14 Mono
AGCGGCACCTTCTA.1,stimulated,CD14 Mono
AGCGGCACCTTGGA.1,stimulated,CD4 T
AGCGGCACGGTTCA.1,stimulated,T
AGCGGCACGTCTAG.1,stimulated,CD16 Mono
AGCGGCTGAAGATG.1,stimulated,CD16 Mono
AGCGGCTGACACTG.1,stimulated,T
AGCGGCTGAGGTCT.1,stimulated,B
AGCGGCTGCATGGT.1,stimulated,CD4 T
AGCGGCTGCCTCGT.1,stimulated,CD4 T
AGCGGCTGGTTGGT.1,stimulated,CD4 T
AGCGGCTGTCATTC.1,stimulated,CD4 T
AGCGGCTGTTGTGG.1,stimulated,CD4 T
AGCGGGCTAACCTG.1,stimulated,CD4 T
AGCGGGCTACGGAG.1,stimulated,B
AGCGGGCTCACCAA.1,stimulated,CD4 T
AGCGGGCTCCAAGT.1,stimulated,CD4 T
AGCGGGCTCCTGTC.1,stimulated,CD8 T
AGCGGGCTGTAGGG.1,stimulated,CD4 T
AGCGGGCTTGTAGC.1,stimulated,T
AGCGGGCTTGTCCC.1,stimulated,CD4 T
AGCGGGCTTTACCT.1,stimulated,CD14 Mono
AGCGTAACAGATCC.1,stimulated,B
AGCGTAACCGTAGT.1,stimulated,CD14 Mono
AGCGTAACGCATCA.1,stimulated,CD14 Mono
AGCGTAACGCGGAA.1,stimulated,CD14 Mono
AGCGTAACGGAGCA.1,stimulated,CD14 Mono
AGCGTAACGTAAGA.1,stimulated,CD14 Mono
AGCTCGCTCATGGT.1,stimulated,NK
AGCTCGCTGATAGA.1,stimulated,CD4 T
AGCTGAACACACCA.1,stimulated,CD4 T
AGCTGAACCTGACA.1,stimulated,CD4 T
AGCTGAACGCATCA.1,stimulated,CD14 Mono
AGCTGAACGGAACG.1,stimulated,CD16 Mono
AGCTGAACTACAGC.1,stimulated,CD14 Mono
AGCTGAACTGTGCA.1,stimulated,CD14 Mono
AGCTGCCTACACCA.1,stimulated,B
AGCTGCCTACCGAT.1,stimulated,CD14 Mono
AGCTGCCTCCTTGC.1,stimulated,CD4 T
AGCTGCCTGAATCC.1,stimulated,CD4 T
AGCTGCCTGACAAA.1,stimulated,T
AGCTGCCTGACAGG.1,stimulated,CD8 T
AGCTGCCTTCGACA.1,stimulated,CD4 T
AGCTGCCTTCGATG.1,stimulated,T
AGCTGCCTTCTGGA.1,stimulated,B
AGCTGTGACGACTA.1,stimulated,T
AGCTGTGAGAGGGT.1,stimulated,CD4 T
AGCTGTGAGCAGTT.1,stimulated,CD4 T
AGCTTACTAATGCC.1,stimulated,CD4 T
AGCTTACTAGATCC.1,stimulated,CD14 Mono
AGCTTACTAGCCAT.1,stimulated,CD14 Mono
AGCTTACTCACACA.1,stimulated,CD14 Mono
AGCTTACTGTCATG.1,stimulated,CD14 Mono
AGCTTACTTCAGGT.1,stimulated,T
AGCTTACTTCCGAA.1,stimulated,CD4 T
AGCTTTACAGTGTC.1,stimulated,CD4 T
AGCTTTACCTATGG.1,stimulated,CD4 T
AGCTTTACCTCAGA.1,stimulated,CD4 T
AGCTTTACTGCTGA.1,stimulated,NK
AGCTTTACTTTCTG.1,stimulated,CD4 T
AGGAAATGCAACTG.1,stimulated,CD4 T
AGGAAATGGAAACA.1,stimulated,CD14 Mono
AGGAAATGGGTCTA.1,stimulated,CD14 Mono
AGGAAATGGTTACG.1,stimulated,NK
AGGAAATGTGCTAG.1,stimulated,B
AGGAACCTCCTAAG.1,stimulated,CD4 T
AGGAACCTGAAAGT.1,stimulated,B
AGGAATGAAAGATG.1,stimulated,CD4 T
AGGAATGATCACGA.1,stimulated,CD4 T
AGGAATGATGCCCT.1,stimulated,DC
AGGACACTACAGCT.1,stimulated,B
AGGACACTCATGGT.1,stimulated,CD4 T
AGGACACTGGAGCA.1,stimulated,CD14 Mono
AGGACACTTGCATG.1,stimulated,CD4 T
AGGACTTGACCAAC.1,stimulated,CD4 T
AGGACTTGAGTACC.1,stimulated,CD14 Mono
AGGACTTGAGTGCT.1,stimulated,CD4 T
AGGACTTGCTAGAC.1,stimulated,CD14 Mono
AGGACTTGGGTTTG.1,stimulated,T
AGGACTTGGTTCAG.1,stimulated,CD14 Mono
AGGACTTGGTTGGT.1,stimulated,CD14 Mono
AGGACTTGTCTCCG.1,stimulated,CD4 T
AGGAGTCTACTGTG.1,stimulated,CD4 T
AGGAGTCTCGTAAC.1,stimulated,CD4 T
AGGAGTCTCGTCTC.1,stimulated,CD14 Mono
AGGAGTCTGAGACG.1,stimulated,CD4 T
AGGAGTCTGTTGTG.1,stimulated,CD4 T
AGGAGTCTTGAGGG.1,stimulated,CD14 Mono
AGGAGTCTTTACCT.1,stimulated,B
AGGATAGACAACTG.1,stimulated,CD16 Mono
AGGATAGACGACAT.1,stimulated,CD14 Mono
AGGATAGAGGACTT.1,stimulated,B
AGGATAGATCCCGT.11,stimulated,DC
AGGATGCTCTCAAG.1,stimulated,CD4 T
AGGATGCTTATGCG.1,stimulated,CD16 Mono
AGGATGCTTCCCAC.1,stimulated,B
AGGCAACTAGTCGT.1,stimulated,CD14 Mono
AGGCAACTATTGGC.1,stimulated,CD14 Mono
AGGCAACTTAAGGA.1,stimulated,CD16 Mono
AGGCAACTTGCTAG.1,stimulated,CD4 T
AGGCAGGAAAAAGC.1,stimulated,T
AGGCAGGAACGTGT.1,stimulated,CD14 Mono
AGGCAGGAGCTTCC.1,stimulated,CD4 T
AGGCAGGATCCAGA.1,stimulated,B
AGGCCTCTACCATG.1,stimulated,T
AGGCCTCTAGAATG.1,stimulated,CD16 Mono
AGGCCTCTGACGTT.1,stimulated,CD14 Mono
AGGCCTCTGTAGCT.1,stimulated,B
AGGCCTCTTCACCC.1,stimulated,CD8 T
AGGCCTCTTGTGAC.1,stimulated,CD14 Mono
AGGCCTCTTTGACG.1,stimulated,CD4 T
AGGCTAACATAAGG.1,stimulated,CD4 T
AGGCTAACGTACAC.1,stimulated,CD14 Mono
AGGCTAACTGAAGA.1,stimulated,CD4 T
AGGCTAACTGACAC.1,stimulated,CD14 Mono
AGGGACGAACTAGC.1,stimulated,CD14 Mono
AGGGACGACCTGTC.1,stimulated,CD4 T
AGGGACGAGCCCTT.1,stimulated,B
AGGGACGAGGGAGT.1,stimulated,CD4 T
AGGGACGATCCGTC.1,stimulated,T
AGGGACGATCTACT.1,stimulated,B
AGGGAGTGCGATAC.1,stimulated,CD14 Mono
AGGGAGTGCTTCTA.1,stimulated,CD4 T
AGGGCCACACAGTC.1,stimulated,NK
AGGGCCACCCATGA.1,stimulated,CD4 T
AGGGCCACCGGGAA.1,stimulated,CD4 T
AGGGCCACTCCTGC.1,stimulated,CD14 Mono
AGGGCCTGAAGGCG.1,stimulated,CD14 Mono
AGGGCCTGCGCTAA.1,stimulated,CD14 Mono
AGGGCCTGGACAGG.1,stimulated,CD4 T
AGGGCCTGTCGTTT.1,stimulated,B
AGGGCGCTATTTCC.1,stimulated,CD14 Mono
AGGGCGCTCATTTC.1,stimulated,CD14 Mono
AGGGCGCTTAGTCG.1,stimulated,CD4 T
AGGGCGCTTATGGC.1,stimulated,CD14 Mono
AGGGCGCTTGAAGA.1,stimulated,CD8 T
AGGGCGCTTGCTTT.1,stimulated,CD14 Mono
AGGGCGCTTTCTAC.1,stimulated,CD4 T
AGGGTGGAATCTTC.1,stimulated,CD4 T
AGGGTGGACACTTT.1,stimulated,CD8 T
AGGGTGGAGGAAGC.1,stimulated,CD16 Mono
AGGGTGGATGAGGG.1,stimulated,CD8 T
AGGGTGGATTGGTG.1,stimulated,CD16 Mono
AGGGTTTGACGGTT.1,stimulated,CD14 Mono
AGGGTTTGACGTTG.1,stimulated,CD14 Mono
AGGGTTTGATGACC.1,stimulated,CD16 Mono
AGGGTTTGGTAAGA.1,stimulated,CD16 Mono
AGGGTTTGGTTGCA.1,stimulated,CD4 T
AGGTACACAGGCGA.1,stimulated,DC
AGGTACACAGTCAC.1,stimulated,NK
AGGTACACCCAAGT.1,stimulated,CD4 T
AGGTACACCGTGTA.11,stimulated,CD8 T
AGGTACACGAGACG.1,stimulated,CD14 Mono
AGGTACTGATGCTG.1,stimulated,CD16 Mono
AGGTACTGCCCACT.1,stimulated,B
AGGTACTGGAAAGT.1,stimulated,NK
AGGTACTGTTCCAT.1,stimulated,CD14 Mono
AGGTCATGCTTATC.1,stimulated,CD14 Mono
AGGTCATGGGAACG.1,stimulated,CD8 T
AGGTCATGTTTCAC.1,stimulated,CD8 T
AGGTCTGACTTCTA.1,stimulated,CD14 Mono
AGGTCTGATAGCGT.1,stimulated,B
AGGTCTGATCTCCG.1,stimulated,CD14 Mono
AGGTCTGATGCCTC.1,stimulated,B
AGGTGGGAATGCCA.1,stimulated,DC
AGGTGTTGGTACGT.1,stimulated,CD4 T
AGGTGTTGGTGTCA.1,stimulated,CD4 T
AGGTGTTGGTTGTG.1,stimulated,CD14 Mono
AGGTGTTGGTTTGG.1,stimulated,DC
AGGTGTTGTCTTCA.1,stimulated,CD14 Mono
AGGTTCGAGTCTTT.1,stimulated,CD14 Mono
AGGTTCGATTCACT.1,stimulated,CD4 T
AGGTTGTGACTGGT.1,stimulated,CD4 T
AGGTTGTGCAGTTG.1,stimulated,CD4 T
AGGTTGTGGCGTAT.1,stimulated,T
AGGTTGTGGTAGGG.1,stimulated,CD4 T
AGGTTGTGTTCGTT.1,stimulated,CD16 Mono
AGTAAGGAACACCA.1,stimulated,CD8 T
AGTAAGGATCGATG.1,stimulated,CD4 T
AGTAAGGATGAACC.1,stimulated,CD14 Mono
AGTAATACCTCTTA.1,stimulated,CD14 Mono
AGTAATACCTGGTA.1,stimulated,CD4 T
AGTAATACGCATCA.1,stimulated,CD16 Mono
AGTAATACGGTCTA.1,stimulated,NK
AGTAATACGTCTGA.1,stimulated,B
AGTAATACTAGAGA.1,stimulated,NK
AGTAATACTAGCGT.1,stimulated,CD16 Mono
AGTAATTGAGCGGA.1,stimulated,DC
AGTAATTGCTAAGC.1,stimulated,CD8 T
AGTAATTGCTGACA.1,stimulated,CD4 T
AGTAATTGCTGATG.1,stimulated,CD4 T
AGTAATTGGTTCTT.1,stimulated,CD4 T
AGTAATTGTTGGCA.1,stimulated,CD8 T
AGTACGTGCATCAG.1,stimulated,CD14 Mono
AGTACGTGCCGTAA.1,stimulated,CD14 Mono
AGTACGTGCTTGTT.1,stimulated,T
AGTACGTGGATAGA.1,stimulated,CD4 T
AGTACGTGGCTGAT.1,stimulated,CD16 Mono
AGTACGTGTGTCAG.1,stimulated,CD14 Mono
AGTACTCTACACAC.1,stimulated,B
AGTACTCTCCTATT.1,stimulated,B
AGTACTCTGAGACG.1,stimulated,CD4 T
AGTACTCTGGGCAA.1,stimulated,DC
AGTACTCTTCGCAA.1,stimulated,CD4 T
AGTAGAGAAAAGCA.1,stimulated,CD14 Mono
AGTAGAGAAACGTC.1,stimulated,CD14 Mono
AGTAGAGACTGAGT.1,stimulated,CD4 T
AGTAGAGAGAGGGT.1,stimulated,CD14 Mono
AGTAGAGAGTTTCT.1,stimulated,NK
AGTAGGCTAGTACC.1,stimulated,B
AGTAGGCTCAGATC.1,stimulated,CD16 Mono
AGTAGGCTCTTGAG.1,stimulated,CD14 Mono
AGTAGGCTTACTTC.1,stimulated,B
AGTATAACGGCAAG.1,stimulated,CD4 T
AGTATAACGTCACA.1,stimulated,CD4 T
AGTATAACTTCTGT.1,stimulated,DC
AGTATCCTACCGAT.1,stimulated,CD14 Mono
AGTATCCTCTACGA.1,stimulated,CD14 Mono
AGTATCCTCTTACT.1,stimulated,CD14 Mono
AGTATCCTGCAGTT.1,stimulated,CD4 T
AGTATCCTGCTATG.1,stimulated,CD4 T
AGTATCCTGGGACA.1,stimulated,CD4 T
AGTATCCTGGTGGA.1,stimulated,CD4 T
AGTATCCTGGTTTG.1,stimulated,CD14 Mono
AGTATCCTGTACAC.1,stimulated,CD4 T
AGTATCCTTCGTTT.1,stimulated,CD4 T
AGTATCCTTGGCAT.1,stimulated,CD14 Mono
AGTCACGACTGGAT.1,stimulated,CD14 Mono
AGTCACGAGCAGTT.1,stimulated,CD4 T
AGTCAGACCGTGTA.1,stimulated,CD14 Mono
AGTCAGACGGTAGG.1,stimulated,NK
AGTCAGACTTACCT.11,stimulated,CD14 Mono
AGTCCAGACCGATA.1,stimulated,CD14 Mono
AGTCCAGACCTTTA.1,stimulated,CD4 T
AGTCGAACAGAGTA.1,stimulated,B
AGTCGAACCCATGA.1,stimulated,CD14 Mono
AGTCGAACGGGTGA.1,stimulated,CD14 Mono
AGTCGCCTCATGCA.1,stimulated,CD16 Mono
AGTCGCCTCGGGAA.1,stimulated,CD4 T
AGTCGCCTGGAACG.1,stimulated,CD14 Mono
AGTCGCCTGTAAGA.1,stimulated,NK
AGTCGCCTTGTGCA.1,stimulated,CD14 Mono
AGTCTACTACACGT.1,stimulated,CD8 T
AGTCTACTAGCAAA.1,stimulated,B
AGTCTACTCTATGG.1,stimulated,B
AGTCTACTTGTGCA.1,stimulated,CD8 T
AGTCTTACACACCA.1,stimulated,CD8 T
AGTCTTACCAACCA.1,stimulated,CD14 Mono
AGTCTTACGATACC.1,stimulated,B
AGTCTTACGTGCTA.1,stimulated,CD8 T
AGTCTTACTGAGGG.1,stimulated,T
AGTGAAGACACTCC.1,stimulated,CD14 Mono
AGTGAAGACAGAGG.1,stimulated,CD4 T
AGTGAAGACGAATC.1,stimulated,CD16 Mono
AGTGAAGAGGTTCA.1,stimulated,CD8 T
AGTGAAGAGTTACG.1,stimulated,CD4 T
AGTGACACAAAGTG.1,stimulated,DC
AGTGACACGAACCT.1,stimulated,CD14 Mono
AGTGACACGTACGT.1,stimulated,CD4 T
AGTGACACTCGCCT.1,stimulated,CD16 Mono
AGTGACACTGTCTT.1,stimulated,B
AGTGACTGAGTCGT.1,stimulated,CD4 T
AGTGACTGATGTGC.1,stimulated,B
AGTGACTGCACACA.1,stimulated,CD14 Mono
AGTGACTGCACTCC.1,stimulated,CD4 T
AGTGACTGTTCGTT.1,stimulated,CD8 T
AGTGCAACAGATGA.1,stimulated,CD4 T
AGTGCAACCACTTT.1,stimulated,B
AGTGCAACCGGTAT.1,stimulated,CD14 Mono
AGTGTGACACACAC.1,stimulated,CD14 Mono
AGTGTGACCAGAGG.1,stimulated,CD4 T
AGTGTGACCATGCA.1,stimulated,CD4 T
AGTGTGACCGTTAG.1,stimulated,CD14 Mono
AGTGTGACCTGTAG.1,stimulated,B
AGTGTGACGCGAAG.1,stimulated,CD4 T
AGTGTGACGCTACA.1,stimulated,CD4 T
AGTGTGACGGAACG.1,stimulated,CD4 T
AGTGTGACGGGCAA.1,stimulated,CD16 Mono
AGTGTTCTAAGGTA.1,stimulated,CD4 T
AGTGTTCTAGTGTC.1,stimulated,CD4 T
AGTTAAACCCGTTC.1,stimulated,B
AGTTAAACCGCAAT.1,stimulated,DC
AGTTAAACCGTACA.1,stimulated,NK
AGTTAAACCTGAGT.1,stimulated,CD4 T
AGTTAAACCTGTCC.1,stimulated,CD4 T
AGTTAAACGGTGGA.1,stimulated,B
AGTTAAACTGCCTC.1,stimulated,T
AGTTATGACACTAG.1,stimulated,B
AGTTATGACTACGA.1,stimulated,CD4 T
AGTTATGAGCGTAT.1,stimulated,CD4 T
AGTTATGATAGCGT.1,stimulated,NK
AGTTATGATGAAGA.1,stimulated,CD14 Mono
AGTTATGATGAGCT.1,stimulated,CD8 T
AGTTATGATTTACC.1,stimulated,CD4 T
AGTTATGATTTCTG.1,stimulated,CD8 T
AGTTCTACAGAAGT.1,stimulated,CD4 T
AGTTCTACAGGTTC.1,stimulated,T
AGTTCTACCAGGAG.1,stimulated,CD4 T
AGTTCTACCTACCC.1,stimulated,CD4 T
AGTTCTACGGGTGA.1,stimulated,CD4 T
AGTTCTACGTACCA.1,stimulated,CD14 Mono
AGTTCTACTAAGGA.1,stimulated,NK
AGTTCTACTGTCAG.1,stimulated,CD14 Mono
AGTTCTTGCTGAGT.1,stimulated,T
AGTTCTTGTCCGAA.1,stimulated,B
AGTTGTCTACACCA.1,stimulated,CD14 Mono
AGTTGTCTACACGT.1,stimulated,CD14 Mono
AGTTGTCTATTCCT.1,stimulated,CD14 Mono
AGTTGTCTCCTTTA.1,stimulated,CD4 T
AGTTGTCTGGGATG.1,stimulated,CD16 Mono
AGTTGTCTTACTGG.1,stimulated,CD14 Mono
AGTTGTCTTCAAGC.1,stimulated,CD4 T
AGTTTAGACCACCT.1,stimulated,CD4 T
AGTTTCACCTGACA.1,stimulated,CD16 Mono
AGTTTCACGACACT.1,stimulated,CD4 T
AGTTTCACTGCTAG.1,stimulated,CD14 Mono
AGTTTGCTATGGTC.1,stimulated,CD14 Mono
AGTTTGCTCTATTC.1,stimulated,NK
AGTTTGCTGCAGTT.1,stimulated,DC
AGTTTGCTGCTACA.1,stimulated,CD4 T
AGTTTGCTGGGATG.1,stimulated,CD4 T
AGTTTGCTGGTTCA.1,stimulated,CD14 Mono
AGTTTGCTTCAAGC.1,stimulated,CD14 Mono
AGTTTGCTTGAAGA.1,stimulated,CD4 T
AGTTTGCTTGTGGT.11,stimulated,B
AGTTTGCTTTCTGT.1,stimulated,CD14 Mono
AGTTTGCTTTGTCT.1,stimulated,CD4 T
ATAAACACCGAGTT.1,stimulated,CD14 Mono
ATAAACACCTACGA.11,stimulated,CD16 Mono
ATAAACACCTGTAG.1,stimulated,CD4 T
ATAAACACGGAGCA.1,stimulated,B
ATAAACACTTCGGA.1,stimulated,CD4 T
ATAACAACAGTCGT.1,stimulated,CD14 Mono
ATAACAACCGAATC.1,stimulated,CD4 T
ATAACAACGGATCT.1,stimulated,B
ATAACAACTGTAGC.1,stimulated,B
ATAACATGACTCAG.1,stimulated,CD4 T
ATAACATGCTGATG.1,stimulated,CD4 T
ATAACATGGAATAG.1,stimulated,CD14 Mono
ATAACATGTTCTGT.1,stimulated,CD4 T
ATAACCCTCCCGTT.1,stimulated,B
ATAACCCTGAACCT.1,stimulated,CD4 T
ATAACCCTTCACGA.1,stimulated,CD4 T
ATAAGTACAAGTGA.1,stimulated,CD14 Mono
ATAAGTACAGAACA.1,stimulated,CD4 T
ATAAGTACCTCTCG.1,stimulated,CD4 T
ATAAGTACTAGAGA.1,stimulated,CD16 Mono
ATAAGTACTCAGTG.1,stimulated,B
ATAAGTACTGGGAG.1,stimulated,CD14 Mono
ATAAGTTGCTCATT.1,stimulated,CD4 T
ATAAGTTGGTGCTA.1,stimulated,NK
ATAATCGAAAGTAG.1,stimulated,B
ATAATCGAGTCGAT.1,stimulated,CD4 T
ATAATCGAGTTTGG.1,stimulated,CD4 T
ATAATCGATCGATG.1,stimulated,CD4 T
ATAATGACCTTGAG.1,stimulated,NK
ATAATGACGTGCAT.1,stimulated,CD4 T
ATAATGACTATGCG.1,stimulated,B
ATACAATGCACTTT.1,stimulated,CD4 T
ATACAATGCTCCAC.1,stimulated,CD4 T
ATACAATGCTGAGT.1,stimulated,CD14 Mono
ATACAATGTCATTC.1,stimulated,CD14 Mono
ATACAATGTTGCAG.1,stimulated,CD4 T
ATACAATGTTGCTT.1,stimulated,CD14 Mono
ATACACCTGTAAGA.1,stimulated,CD4 T
ATACACCTTAAAGG.1,stimulated,B
ATACACCTTTGCGA.1,stimulated,NK
ATACCACTACCATG.1,stimulated,B
ATACCACTACTAGC.1,stimulated,CD14 Mono
ATACCACTCCAACA.1,stimulated,CD14 Mono
ATACCACTGGTACT.1,stimulated,B
ATACCACTTCCAGA.1,stimulated,DC
ATACCGGACTTATC.1,stimulated,CD4 T
ATACCGGAGAAGGC.1,stimulated,CD4 T
ATACCGGAGAATGA.1,stimulated,CD4 T
ATACCGGAGCCAAT.1,stimulated,T
ATACCGGATCGCAA.1,stimulated,CD4 T
ATACCGGATCTTCA.1,stimulated,CD4 T
ATACCGGATTACTC.1,stimulated,CD4 T
ATACCGGATTCGTT.1,stimulated,B
ATACCTACAAGGGC.1,stimulated,B
ATACCTACAGAGGC.1,stimulated,CD14 Mono
ATACCTACGTAAGA.1,stimulated,CD14 Mono
ATACCTACTGGAAA.1,stimulated,CD14 Mono
ATACCTTGACACAC.1,stimulated,CD4 T
ATACCTTGACCGAT.1,stimulated,CD4 T
ATACCTTGTCTTTG.1,stimulated,B
ATACCTTGTGGCAT.1,stimulated,CD8 T
ATACGGACAGATCC.1,stimulated,CD8 T
ATACGGACCGTAGT.11,stimulated,CD14 Mono
ATACGGACGAATCC.1,stimulated,CD14 Mono
ATACGGACGAATGA.1,stimulated,CD14 Mono
ATACGGACGTTGCA.1,stimulated,CD4 T
ATACGTCTACTCAG.1,stimulated,CD14 Mono
ATACGTCTCAGAAA.1,stimulated,T
ATACGTCTTCGTAG.1,stimulated,CD8 T
ATAGAACTACCTGA.1,stimulated,CD4 T
ATAGAACTACTACG.1,stimulated,CD4 T
ATAGAACTCGCCTT.1,stimulated,CD14 Mono
ATAGAACTGCAAGG.1,stimulated,CD4 T
ATAGAACTTGACTG.1,stimulated,CD14 Mono
ATAGAACTTTGACG.1,stimulated,CD14 Mono
ATAGATACAGAACA.1,stimulated,T
ATAGATACATGCCA.1,stimulated,CD4 T
ATAGATACCTGTCC.1,stimulated,CD14 Mono
ATAGATACCTTCTA.1,stimulated,CD14 Mono
ATAGATACGTTACG.1,stimulated,CD14 Mono
ATAGATACGTTGTG.1,stimulated,CD8 T
ATAGATACTGACTG.11,stimulated,CD14 Mono
ATAGATTGAAACAG.11,stimulated,B
ATAGATTGCCCTTG.1,stimulated,CD14 Mono
ATAGATTGTACTGG.1,stimulated,CD4 T
ATAGATTGTTCACT.1,stimulated,B
ATAGCCGACAGTTG.1,stimulated,CD16 Mono
ATAGCCGACCCACT.1,stimulated,CD4 T
ATAGCCGACTTGCC.1,stimulated,CD14 Mono
ATAGCGTGAGAGAT.1,stimulated,CD14 Mono
ATAGCGTGAGGTTC.1,stimulated,CD14 Mono
ATAGCGTGCTCGAA.1,stimulated,CD14 Mono
ATAGCTCTACTCAG.1,stimulated,CD14 Mono
ATAGGAGAACACGT.1,stimulated,CD14 Mono
ATAGGAGAACCTGA.1,stimulated,NK
ATAGGAGACACACA.1,stimulated,CD16 Mono
ATAGGAGAGCTATG.1,stimulated,CD16 Mono
ATAGGAGATGTCCC.1,stimulated,CD14 Mono
ATAGGAGATTGCTT.1,stimulated,CD4 T
ATAGGCTGAGCTAC.1,stimulated,CD14 Mono
ATAGGCTGGGAAGC.1,stimulated,CD16 Mono
ATAGGCTGGTAAAG.1,stimulated,CD14 Mono
ATAGTCCTAAACGA.1,stimulated,CD14 Mono
ATAGTCCTCAAAGA.1,stimulated,CD16 Mono
ATAGTCCTCTGCAA.1,stimulated,CD4 T
ATAGTCCTGCCATA.1,stimulated,CD16 Mono
ATAGTCCTTCGACA.1,stimulated,CD14 Mono
ATAGTTGAAACGTC.1,stimulated,CD4 T
ATAGTTGACAGCTA.1,stimulated,CD4 T
ATAGTTGACCTCCA.1,stimulated,CD4 T
ATAGTTGATCGTAG.1,stimulated,CD4 T
ATATACGACCTACC.1,stimulated,CD14 Mono
ATATACGAGTAGGG.1,stimulated,T
ATATACGATGTTTC.1,stimulated,CD8 T
ATATACGATTACTC.1,stimulated,CD16 Mono
ATATAGTGAGGCGA.1,stimulated,CD8 T
ATATAGTGCAATCG.1,stimulated,CD4 T
ATATAGTGGATGAA.1,stimulated,CD4 T
ATATAGTGTGCTAG.1,stimulated,B
ATATGAACAGGGTG.1,stimulated,CD4 T
ATATGAACCTACCC.1,stimulated,DC
ATATGAACGAAACA.1,stimulated,CD4 T
ATATGAACGGTGGA.1,stimulated,CD14 Mono
ATATGAACTGGATC.1,stimulated,CD16 Mono
ATATGCCTAAACGA.1,stimulated,CD4 T
ATATGCCTAACGAA.1,stimulated,CD16 Mono
ATATGCCTAGGTCT.1,stimulated,DC
ATATGCCTGCATAC.1,stimulated,CD4 T
ATATGCCTTCACCC.1,stimulated,CD4 T
ATATGCCTTTTACC.1,stimulated,CD14 Mono
ATCAAATGCAACTG.1,stimulated,CD14 Mono
ATCAAATGGAATGA.1,stimulated,CD4 T
ATCAAATGTTCTCA.1,stimulated,CD4 T
ATCAACCTCGTTGA.1,stimulated,CD4 T
ATCAACCTTTCACT.1,stimulated,CD14 Mono
ATCACACTATTCGG.1,stimulated,B
ATCACACTCCATAG.1,stimulated,CD14 Mono
ATCACACTCGTAAC.1,stimulated,B
ATCACACTCTGGAT.1,stimulated,CD14 Mono
ATCACACTGATAGA.1,stimulated,CD4 T
ATCACACTGGCGAA.1,stimulated,CD14 Mono
ATCACACTGTCGAT.1,stimulated,B
ATCACGGAACCCTC.11,stimulated,T
ATCACGGAAGTAGA.1,stimulated,T
ATCACGGAATGCCA.1,stimulated,CD8 T
ATCACGGACCTTGC.1,stimulated,CD4 T
ATCACGGACTAAGC.1,stimulated,CD16 Mono
ATCACGGAGACGTT.1,stimulated,CD14 Mono
ATCACGGATCACCC.1,stimulated,CD4 T
ATCACGGATGTCAG.1,stimulated,CD4 T
ATCACTACAGCCTA.1,stimulated,B
ATCACTACGAGACG.1,stimulated,B
ATCACTACGTGAGG.1,stimulated,CD14 Mono
ATCACTACTGCAAC.1,stimulated,CD4 T
ATCACTACTGGAGG.1,stimulated,CD14 Mono
ATCACTACTTCGGA.1,stimulated,DC
ATCACTTGACGTGT.1,stimulated,CD4 T
ATCACTTGGAATAG.1,stimulated,CD14 Mono
ATCACTTGTCCAGA.1,stimulated,CD4 T
ATCAGGTGGCTACA.1,stimulated,CD14 Mono
ATCAGGTGTGAGGG.1,stimulated,CD14 Mono
ATCATCTGACGACT.1,stimulated,B
ATCATCTGCCACCT.1,stimulated,CD8 T
ATCATCTGCTCCAC.1,stimulated,B
ATCATCTGGCTAAC.1,stimulated,CD4 T
ATCATCTGGCTATG.1,stimulated,B
ATCATCTGTAACCG.1,stimulated,CD14 Mono
ATCATCTGTACTTC.1,stimulated,CD4 T
ATCATGCTATTGGC.1,stimulated,NK
ATCATGCTCAATCG.1,stimulated,CD4 T
ATCATGCTCAGATC.1,stimulated,CD14 Mono
ATCATGCTCTGACA.1,stimulated,CD16 Mono
ATCATGCTGAGGGT.1,stimulated,CD16 Mono
ATCATGCTGCTCCT.1,stimulated,CD4 T
ATCATGCTGGAGCA.1,stimulated,B
ATCATGCTTCAGTG.1,stimulated,CD16 Mono
ATCATGCTTGAGAA.1,stimulated,CD14 Mono
ATCCAGGAACAGTC.1,stimulated,CD14 Mono
ATCCAGGAAGAACA.1,stimulated,CD14 Mono
ATCCAGGAATAAGG.1,stimulated,CD4 T
ATCCAGGACTGACA.1,stimulated,B
ATCCAGGAGCATCA.1,stimulated,DC
ATCCAGGATAGTCG.11,stimulated,CD4 T
ATCCAGGATCTCGC.1,stimulated,CD14 Mono
ATCCATACGAGACG.1,stimulated,CD14 Mono
ATCCATACGCAGTT.1,stimulated,CD14 Mono
ATCCATACTTCTGT.1,stimulated,T
ATCCCGTGAAGCCT.1,stimulated,CD8 T
ATCCCGTGAGTCTG.1,stimulated,CD14 Mono
ATCCCGTGGATGAA.1,stimulated,CD14 Mono
ATCCCGTGGGTGAG.1,stimulated,CD14 Mono
ATCCCGTGTGCACA.1,stimulated,CD8 T
ATCCGCACCCAACA.1,stimulated,B
ATCCGCACCGTAGT.1,stimulated,CD4 T
ATCCGCACGGACAG.1,stimulated,CD8 T
ATCCGCACGGAGGT.1,stimulated,CD14 Mono
ATCCGCACGTTAGC.1,stimulated,CD4 T
ATCCGCACTCCTTA.1,stimulated,T
ATCCGCACTTGAGC.1,stimulated,CD4 T
ATCCTAACACTGTG.1,stimulated,CD4 T
ATCCTAACCCTTCG.1,stimulated,CD16 Mono
ATCCTAACCTGGAT.1,stimulated,CD14 Mono
ATCCTAACGCGTAT.1,stimulated,CD8 T
ATCCTAACTATGGC.1,stimulated,CD4 T
ATCGACGAACTAGC.1,stimulated,CD4 T
ATCGACGAAGTAGA.1,stimulated,B
ATCGACGACTGTTT.1,stimulated,CD8 T
ATCGAGTGCTGTAG.1,stimulated,CD14 Mono
ATCGAGTGGTACCA.1,stimulated,CD14 Mono
ATCGCAGAAAGGTA.1,stimulated,T
ATCGCAGAACTGTG.1,stimulated,CD4 T
ATCGCAGAAGGTCT.1,stimulated,CD14 Mono
ATCGCAGATAAAGG.1,stimulated,CD4 T
ATCGCCACAGAGAT.1,stimulated,CD4 T
ATCGCCACTGTAGC.1,stimulated,CD14 Mono
ATCGCCACTGTCCC.11,stimulated,CD16 Mono
ATCGCCTGACCTTT.1,stimulated,CD4 T
ATCGCCTGCAGTTG.1,stimulated,CD4 T
ATCGCCTGCTTGAG.1,stimulated,CD16 Mono
ATCGCCTGGCCAAT.1,stimulated,CD16 Mono
ATCGCCTGGGACGA.1,stimulated,CD14 Mono
ATCGCCTGTGTTCT.1,stimulated,B
ATCGCCTGTTTCTG.1,stimulated,CD8 T
ATCGCGCTAGAAGT.1,stimulated,CD14 Mono
ATCGCGCTAGATCC.1,stimulated,NK
ATCGCGCTCAATCG.1,stimulated,CD4 T
ATCGCGCTCACTTT.1,stimulated,CD4 T
ATCGCGCTGCCAAT.1,stimulated,CD8 T
ATCGCGCTTCTTTG.1,stimulated,CD14 Mono
ATCGGAACACCTCC.1,stimulated,B
ATCGGTGAAACAGA.1,stimulated,CD8 T
ATCGGTGAAACGGG.1,stimulated,CD4 T
ATCGGTGAACCAGT.1,stimulated,NK
ATCGGTGACGAGAG.1,stimulated,CD4 T
ATCGGTGACTCAAG.1,stimulated,CD8 T
ATCGGTGACTGCTC.1,stimulated,CD14 Mono
ATCGGTGAGAGGCA.1,stimulated,CD4 T
ATCGGTGAGCGTAT.1,stimulated,CD14 Mono
ATCGGTGAGTTGCA.1,stimulated,CD4 T
ATCGGTGATCCCAC.1,stimulated,CD4 T
ATCGTTTGCTGTTT.1,stimulated,CD16 Mono
ATCGTTTGTTGAGC.1,stimulated,CD14 Mono
ATCTACACAACTGC.1,stimulated,NK
ATCTACACACGCAT.1,stimulated,CD14 Mono
ATCTACACCTGACA.1,stimulated,CD4 T
ATCTACACCTGGAT.1,stimulated,B
ATCTACTGGGTCAT.1,stimulated,CD4 T
ATCTACTGTTTGCT.1,stimulated,CD4 T
ATCTCAACAACCAC.1,stimulated,NK
ATCTCAACCGTGAT.1,stimulated,DC
ATCTCAACGTCAAC.11,stimulated,CD14 Mono
ATCTCAACTCCTGC.1,stimulated,CD14 Mono
ATCTCAACTTCGTT.1,stimulated,CD8 T
ATCTGACTAGATGA.1,stimulated,CD14 Mono
ATCTGACTAGCTCA.1,stimulated,NK
ATCTGACTCACTGA.1,stimulated,CD4 T
ATCTGACTCAGCTA.1,stimulated,DC
ATCTGACTCATTTC.1,stimulated,CD4 T
ATCTGACTGATAAG.1,stimulated,NK
ATCTGGGAAGCACT.1,stimulated,CD16 Mono
ATCTGGGAATTTCC.1,stimulated,CD14 Mono
ATCTGGGACACACA.1,stimulated,CD14 Mono
ATCTGGGACTTCCG.1,stimulated,NK
ATCTGGGAGTCGAT.1,stimulated,CD4 T
ATCTGGGATAAGGA.1,stimulated,CD16 Mono
ATCTGGGATGCCCT.1,stimulated,CD4 T
ATCTGTTGAGCGGA.1,stimulated,DC
ATCTGTTGAGCTAC.1,stimulated,B
ATCTGTTGGGACTT.1,stimulated,DC
ATCTGTTGTGGTGT.1,stimulated,B
ATCTTGACAGAGAT.1,stimulated,CD8 T
ATCTTGACCACAAC.1,stimulated,B
ATCTTGACCTCGCT.1,stimulated,CD14 Mono
ATCTTGACGCTGAT.1,stimulated,CD8 T
ATCTTGACTCTACT.1,stimulated,CD16 Mono
ATCTTTCTAAAAGC.1,stimulated,CD4 T
ATCTTTCTGTTGCA.1,stimulated,CD4 T
ATCTTTCTGTTTCT.1,stimulated,CD14 Mono
ATCTTTCTTCATTC.1,stimulated,CD4 T
ATCTTTCTTCCCGT.1,stimulated,B
ATCTTTCTTGCCTC.1,stimulated,T
ATCTTTCTTTCGTT.1,stimulated,CD4 T
ATGAAACTAGAGTA.1,stimulated,CD4 T
ATGAAACTGCTGTA.11,stimulated,CD14 Mono
ATGAAACTGGTAAA.1,stimulated,CD14 Mono
ATGAAGGATGCTGA.1,stimulated,CD4 T
ATGAAGGATGGTAC.1,stimulated,CD8 T
ATGACGTGCCCTCA.1,stimulated,NK
ATGACGTGCGACAT.1,stimulated,CD4 T
ATGACGTGTGAGAA.1,stimulated,CD16 Mono
ATGAGAGAAAGGCG.1,stimulated,CD4 T
ATGAGAGACTTCGC.1,stimulated,CD14 Mono
ATGAGAGAGTTGGT.1,stimulated,CD16 Mono
ATGAGCACACGACT.1,stimulated,CD4 T
ATGAGCACATGACC.1,stimulated,T
ATGAGCACCCTGTC.1,stimulated,CD14 Mono
ATGAGCACCCTTCG.1,stimulated,CD4 T
ATGATAACAAACAG.1,stimulated,CD4 T
ATGATAACCGTGAT.1,stimulated,CD14 Mono
ATGATAACCTAAGC.1,stimulated,CD14 Mono
ATGATAACGAGGAC.1,stimulated,CD16 Mono
ATGATAACTGCCTC.1,stimulated,CD4 T
ATGATATGAAAAGC.1,stimulated,CD14 Mono
ATGATATGACCCAA.1,stimulated,CD14 Mono
ATGATATGGACACT.1,stimulated,CD4 T
ATGATATGGCATAC.1,stimulated,CD16 Mono
ATGATATGGTCAAC.1,stimulated,B
ATGATATGGTCGTA.1,stimulated,CD8 T
ATGCACGAAAAGCA.1,stimulated,CD14 Mono
ATGCACGACTGGTA.1,stimulated,CD14 Mono
ATGCACGAGAATAG.1,stimulated,CD8 T
ATGCACGATGGAAA.1,stimulated,CD4 T
ATGCAGACACTCTT.1,stimulated,CD4 T
ATGCAGACATGCTG.1,stimulated,CD14 Mono
ATGCAGACCTCTAT.1,stimulated,CD4 T
ATGCAGACGCGAAG.1,stimulated,CD4 T
ATGCAGACTGCACA.1,stimulated,T
ATGCAGTGCATGAC.1,stimulated,B
ATGCAGTGCGATAC.1,stimulated,CD8 T
ATGCAGTGGAGGGT.1,stimulated,CD4 T
ATGCAGTGGGTAGG.1,stimulated,CD14 Mono
ATGCAGTGGTCACA.1,stimulated,CD4 T
ATGCAGTGTCACGA.1,stimulated,B
ATGCAGTGTTTGGG.1,stimulated,CD14 Mono
ATGCCAGACTTATC.1,stimulated,CD14 Mono
ATGCCAGATCCTGC.1,stimulated,NK
ATGCCGCTACGTTG.1,stimulated,CD4 T
ATGCCGCTATCTTC.1,stimulated,NK
ATGCCGCTCCTGTC.1,stimulated,CD14 Mono
ATGCGATGGCGAGA.1,stimulated,CD4 T
ATGCGATGTACAGC.1,stimulated,CD14 Mono
ATGCGATGTCACCC.1,stimulated,CD14 Mono
ATGCGATGTCGCAA.1,stimulated,CD4 T
ATGCGCCTCACTTT.1,stimulated,CD14 Mono
ATGCGCCTGTACGT.1,stimulated,CD4 T
ATGCTTTGAAAGTG.1,stimulated,CD4 T
ATGCTTTGCAGTTG.1,stimulated,CD16 Mono
ATGCTTTGTAAGGA.1,stimulated,CD14 Mono
ATGGACACACGCTA.1,stimulated,CD4 T
ATGGGTACAAGGCG.1,stimulated,NK
ATGGGTACCTGGAT.1,stimulated,CD16 Mono
ATGGGTACCTTCGC.1,stimulated,CD14 Mono
ATGGGTACTCCGTC.1,stimulated,CD14 Mono
ATGGTGACCCCAAA.1,stimulated,CD14 Mono
ATGGTGACCCGCTT.1,stimulated,NK
ATGGTGACCTGCTC.1,stimulated,CD4 T
ATGGTGACTAGACC.1,stimulated,T
ATGGTGACTAGTCG.1,stimulated,DC
ATGGTGACTGCACA.1,stimulated,CD14 Mono
ATGTAAACCAGAAA.1,stimulated,CD4 T
ATGTAAACCTGCAA.1,stimulated,B
ATGTAAACGTGCAT.1,stimulated,CD14 Mono
ATGTAAACTTCGCC.1,stimulated,CD16 Mono
ATGTACCTACAGTC.1,stimulated,CD14 Mono
ATGTACCTCGCATA.1,stimulated,CD4 T
ATGTACCTCTCGCT.1,stimulated,CD4 T
ATGTACCTTCTATC.1,stimulated,CD4 T
ATGTCACTCAACCA.1,stimulated,CD4 T
ATGTCACTGGTAGG.1,stimulated,CD4 T
ATGTCACTTTTCAC.1,stimulated,CD4 T
ATGTCGGAAGCCAT.1,stimulated,CD4 T
ATGTCGGACTATGG.1,stimulated,CD4 T
ATGTCGGACTTACT.1,stimulated,DC
ATGTCGGAGGGACA.1,stimulated,CD4 T
ATGTTAGAAGAGTA.1,stimulated,CD16 Mono
ATGTTAGACCTACC.1,stimulated,CD4 T
ATGTTAGACTTGTT.1,stimulated,DC
ATGTTAGAGGAGCA.1,stimulated,CD4 T
ATGTTAGAGGTTTG.1,stimulated,CD4 T
ATGTTAGATATGGC.1,stimulated,NK
ATGTTCACAGCGTT.1,stimulated,CD16 Mono
ATGTTCACGAGCAG.1,stimulated,CD4 T
ATGTTCACGAGCTT.1,stimulated,CD16 Mono
ATGTTCACTTACCT.1,stimulated,T
ATGTTGCTGGTTCA.1,stimulated,CD4 T
ATTAACGATTTCGT.1,stimulated,CD14 Mono
ATTAAGACATACCG.1,stimulated,T
ATTAAGACCCCTCA.1,stimulated,B
ATTAAGACGAGAGC.1,stimulated,CD8 T
ATTAAGACTCAGTG.1,stimulated,CD4 T
ATTAAGACTGTCAG.1,stimulated,CD4 T
ATTAAGACTGTGGT.1,stimulated,CD14 Mono
ATTACCACCCTCAC.1,stimulated,CD14 Mono
ATTACCACGGAGGT.1,stimulated,DC
ATTACCACGGTGAG.1,stimulated,B
ATTACCTGACCTAG.1,stimulated,CD14 Mono
ATTACCTGTTAGGC.1,stimulated,CD14 Mono
ATTAGATGACAGCT.1,stimulated,CD4 T
ATTAGATGACGGGA.1,stimulated,CD4 T
ATTAGATGAGCAAA.11,stimulated,CD14 Mono
ATTAGATGCTTCTA.1,stimulated,CD14 Mono
ATTAGATGGCTCCT.1,stimulated,NK
ATTAGATGTGGTAC.1,stimulated,CD8 T
ATTAGTGACAGATC.1,stimulated,CD4 T
ATTAGTGACCTTTA.1,stimulated,CD16 Mono
ATTAGTGACGTAAC.1,stimulated,CD4 T
ATTAGTGAGTTGTG.1,stimulated,CD8 T
ATTAGTGATGCTGA.1,stimulated,CD14 Mono
ATTATGGAACCCTC.1,stimulated,CD4 T
ATTATGGAACGGTT.1,stimulated,CD14 Mono
ATTATGGATCCCAC.1,stimulated,CD16 Mono
ATTATGGATGCTCC.1,stimulated,CD4 T
ATTCAAGAACACAC.1,stimulated,CD14 Mono
ATTCAAGAAGTCAC.1,stimulated,B
ATTCAAGAAGTGCT.11,stimulated,CD14 Mono
ATTCAAGAAGTTCG.1,stimulated,CD4 T
ATTCAAGACCTACC.1,stimulated,CD4 T
ATTCAAGACTAGTG.1,stimulated,CD14 Mono
ATTCAAGACTTATC.1,stimulated,B
ATTCAGCTAAACGA.1,stimulated,CD4 T
ATTCAGCTACGTGT.1,stimulated,CD14 Mono
ATTCAGCTGGTGGA.1,stimulated,CD14 Mono
ATTCAGCTGTCCTC.1,stimulated,CD4 T
ATTCCAACAAGGTA.1,stimulated,CD14 Mono
ATTCCAACATCGTG.1,stimulated,CD4 T
ATTCCAACCTGCAA.1,stimulated,NK
ATTCCAACGGTCTA.1,stimulated,CD14 Mono
ATTCCAACGTAAAG.1,stimulated,CD4 T
ATTCCAACGTTGAC.1,stimulated,CD8 T
ATTCCATGAGTGTC.1,stimulated,CD4 T
ATTCCATGATGACC.1,stimulated,CD14 Mono
ATTCCATGTAAGCC.1,stimulated,CD4 T
ATTCCATGTGAGCT.1,stimulated,CD4 T
ATTCGACTACCTAG.1,stimulated,DC
ATTCGACTGCGATT.1,stimulated,CD14 Mono
ATTCGACTGGTCTA.1,stimulated,B
ATTCGACTTCCGTC.1,stimulated,CD4 T
ATTCGACTTGGTTG.1,stimulated,CD14 Mono
ATTCGGGAACTCTT.1,stimulated,CD14 Mono
ATTCGGGACATGAC.1,stimulated,CD14 Mono
ATTCGGGACCCTCA.1,stimulated,B
ATTCGGGACTTACT.1,stimulated,CD4 T
ATTCGGGAGAGATA.1,stimulated,CD4 T
ATTCGGGAGATAAG.1,stimulated,CD4 T
ATTCGGGAGCGATT.1,stimulated,CD4 T
ATTCGGGAGGGACA.1,stimulated,B
ATTCGGGAGGGTGA.1,stimulated,CD14 Mono
ATTCGGGATGTCCC.1,stimulated,B
ATTCTGACACTCAG.1,stimulated,CD4 T
ATTCTGACCATCAG.1,stimulated,CD4 T
ATTCTGACGCCATA.1,stimulated,CD8 T
ATTCTGACTACTTC.1,stimulated,CD4 T
ATTCTGACTGCTGA.1,stimulated,CD8 T
ATTCTTCTAAGATG.1,stimulated,CD14 Mono
ATTCTTCTCGAGAG.1,stimulated,DC
ATTCTTCTTGGTGT.1,stimulated,CD4 T
ATTCTTCTTTGTGG.1,stimulated,CD4 T
ATTGAAACACGTGT.1,stimulated,CD4 T
ATTGAAACAGTACC.11,stimulated,CD16 Mono
ATTGAAACGCGAAG.1,stimulated,CD14 Mono
ATTGAAACTTAGGC.1,stimulated,CD4 T
ATTGAATGACCATG.1,stimulated,CD4 T
ATTGAATGCCAGTA.1,stimulated,CD14 Mono
ATTGAATGTAAAGG.1,stimulated,CD14 Mono
ATTGAATGTCCTGC.1,stimulated,B
ATTGAATGTTCCCG.1,stimulated,CD4 T
ATTGATGAATGCTG.1,stimulated,T
ATTGATGAGGTACT.1,stimulated,B
ATTGATGAGGTGAG.1,stimulated,CD14 Mono
ATTGATGAGTCCTC.1,stimulated,CD14 Mono
ATTGATGATCCTTA.1,stimulated,CD4 T
ATTGATGATGCAAC.1,stimulated,CD4 T
ATTGATGATTCTTG.1,stimulated,CD14 Mono
ATTGCACTGAACCT.1,stimulated,CD14 Mono
ATTGCACTTGTCGA.11,stimulated,CD4 T
ATTGCGGAAAACGA.1,stimulated,T
ATTGCGGACCGCTT.1,stimulated,NK
ATTGCGGACGAGTT.1,stimulated,CD16 Mono
ATTGCGGAGCTGAT.1,stimulated,NK
ATTGCGGAGTACGT.1,stimulated,CD4 T
ATTGCGGAGTTGCA.1,stimulated,CD14 Mono
ATTGCGGATTACCT.1,stimulated,NK
ATTGCTACCTAGTG.1,stimulated,CD4 T
ATTGCTACCTTGGA.1,stimulated,CD14 Mono
ATTGCTACGAAGGC.1,stimulated,CD14 Mono
ATTGCTACTACGAC.1,stimulated,CD14 Mono
ATTGCTACTCGCTC.1,stimulated,CD14 Mono
ATTGCTTGACACCA.1,stimulated,CD4 T
ATTGCTTGCTGCTC.1,stimulated,CD14 Mono
ATTGCTTGGAGGCA.1,stimulated,CD4 T
ATTGCTTGGCTGTA.1,stimulated,CD16 Mono
ATTGCTTGGGAGTG.1,stimulated,CD14 Mono
ATTGCTTGTCGCCT.1,stimulated,T
ATTGCTTGTTCGTT.1,stimulated,CD14 Mono
ATTGGGTGACCTGA.1,stimulated,B
ATTGGGTGCCACCT.1,stimulated,CD4 T
ATTGGGTGGTACCA.1,stimulated,CD4 T
ATTGGGTGTCCAAG.1,stimulated,CD4 T
ATTGGGTGTCCTCG.11,stimulated,NK
ATTGGGTGTGAACC.1,stimulated,CD14 Mono
ATTGGTCTAGGTCT.1,stimulated,CD8 T
ATTGGTCTCTTGGA.1,stimulated,B
ATTGGTCTGGGATG.1,stimulated,CD4 T
ATTGGTCTGTAAGA.1,stimulated,CD16 Mono
ATTGTAGAAGCTAC.1,stimulated,CD4 T
ATTGTAGACACTGA.1,stimulated,CD4 T
ATTGTAGACAGCTA.1,stimulated,CD14 Mono
ATTGTAGAGGTTAC.1,stimulated,CD4 T
ATTGTAGAGGTTCA.1,stimulated,CD4 T
ATTGTAGAGTAAAG.1,stimulated,CD4 T
ATTGTAGAGTACCA.1,stimulated,CD14 Mono
ATTGTCTGCAGATC.1,stimulated,CD4 T
ATTGTCTGGGTTCA.1,stimulated,CD8 T
ATTGTCTGGTGTTG.1,stimulated,CD14 Mono
ATTGTCTGTGCTAG.1,stimulated,B
ATTTAGGACCAGTA.1,stimulated,CD14 Mono
ATTTAGGACTCATT.1,stimulated,CD4 T
ATTTAGGATCAGAC.1,stimulated,CD4 T
ATTTAGGATGTCAG.1,stimulated,T
ATTTAGGATTGAGC.1,stimulated,CD14 Mono
ATTTCCGAAAGTGA.1,stimulated,CD4 T
ATTTCCGACATCAG.1,stimulated,NK
ATTTCCGAGACAGG.1,stimulated,CD4 T
ATTTCCGAGGGAGT.1,stimulated,CD4 T
ATTTCCGAGTAAAG.1,stimulated,B
ATTTCCGATTGAGC.1,stimulated,CD14 Mono
ATTTCGTGAGTGTC.1,stimulated,T
ATTTCGTGGACGTT.1,stimulated,NK
ATTTCGTGGGTTAC.1,stimulated,CD14 Mono
ATTTCGTGGTCACA.1,stimulated,CD14 Mono
ATTTCGTGTCATTC.11,stimulated,CD4 T
ATTTCTCTCACAAC.1,stimulated,CD16 Mono
ATTTCTCTCTTGAG.1,stimulated,CD4 T
ATTTCTCTGGTTTG.1,stimulated,B
ATTTCTCTGTCTTT.1,stimulated,CD14 Mono
ATTTGCACAAGGTA.1,stimulated,CD4 T
ATTTGCACGAGAGC.1,stimulated,DC
ATTTGCACTCCTGC.1,stimulated,CD16 Mono
CAAACTCTAATGCC.1,stimulated,CD14 Mono
CAAACTCTACCCTC.1,stimulated,CD14 Mono
CAAACTCTCCATAG.1,stimulated,CD14 Mono
CAAACTCTTCGATG.1,stimulated,CD14 Mono
CAAACTCTTCGTAG.11,stimulated,CD4 T
CAAACTCTTGTGGT.1,stimulated,CD4 T
CAAACTCTTTACCT.11,stimulated,CD14 Mono
CAAAGCACAAACAG.1,stimulated,T
CAAAGCACACCTCC.1,stimulated,CD4 T
CAAAGCACCACCAA.1,stimulated,CD4 T
CAAAGCACCCCGTT.1,stimulated,B
CAAAGCACCGGTAT.1,stimulated,CD4 T
CAAAGCACGGTAGG.11,stimulated,CD14 Mono
CAAAGCTGCCCAAA.1,stimulated,CD4 T
CAAAGCTGGGGAGT.1,stimulated,CD14 Mono
CAAAGCTGTAGCGT.1,stimulated,T
CAAAGCTGTTGGTG.1,stimulated,CD4 T
CAAATATGACGCAT.1,stimulated,CD4 T
CAAATATGCCTTAT.1,stimulated,B
CAAATATGCGAGTT.1,stimulated,CD4 T
CAAATTGAACGGGA.1,stimulated,CD14 Mono
CAAATTGACCTATT.1,stimulated,CD14 Mono
CAAATTGACTGACA.1,stimulated,NK
CAACAGACATCTTC.1,stimulated,CD14 Mono
CAACCAGACTTCGC.1,stimulated,CD14 Mono
CAACCAGAGACTAC.1,stimulated,CD14 Mono
CAACCAGAGAGCAG.1,stimulated,CD4 T
CAACCAGAGCCCTT.1,stimulated,CD4 T
CAACCAGAGTATCG.1,stimulated,DC
CAACCAGATAGAAG.1,stimulated,CD4 T
CAACCGCTCAGGAG.1,stimulated,CD14 Mono
CAACGAACATTCGG.1,stimulated,B
CAACGAACCAATCG.1,stimulated,CD14 Mono
CAACGAACGCTTCC.1,stimulated,T
CAACGATGGGTAGG.1,stimulated,CD14 Mono
CAACGATGTGTGGT.1,stimulated,CD14 Mono
CAACGTGACACTCC.1,stimulated,CD4 T
CAACGTGAGAGGGT.1,stimulated,CD14 Mono
CAACGTGAGGAACG.1,stimulated,B
CAACGTGATGAAGA.1,stimulated,CD14 Mono
CAACGTGATGTGCA.1,stimulated,CD14 Mono
CAACGTGATTCTCA.1,stimulated,CD4 T
CAACTTTGGGTCAT.1,stimulated,CD4 T
CAACTTTGTTGCAG.1,stimulated,B
CAAGAAGAAAGAGT.1,stimulated,CD14 Mono
CAAGAAGAACTAGC.1,stimulated,CD14 Mono
CAAGAAGACAACTG.1,stimulated,CD14 Mono
CAAGAAGACTCTCG.1,stimulated,CD14 Mono
CAAGAAGACTCTTA.1,stimulated,B
CAAGAAGATTTCGT.1,stimulated,CD4 T
CAAGACACAGAGGC.1,stimulated,CD14 Mono
CAAGACACTTCACT.1,stimulated,CD14 Mono
CAAGACACTTCCCG.1,stimulated,B
CAAGACTGAGGTTC.1,stimulated,CD8 T
CAAGACTGATACCG.1,stimulated,B
CAAGACTGCACTGA.1,stimulated,B
CAAGACTGGAGCTT.1,stimulated,CD8 T
CAAGACTGGCTATG.1,stimulated,CD4 T
CAAGACTGGGACAG.1,stimulated,T
CAAGACTGGTTTGG.1,stimulated,CD4 T
CAAGACTGTCGTAG.1,stimulated,CD4 T
CAAGCATGCCTCGT.1,stimulated,NK
CAAGCATGTCTCAT.1,stimulated,B
CAAGCCCTAGCGGA.1,stimulated,CD4 T
CAAGCCCTCTTGCC.1,stimulated,CD4 T
CAAGCCCTGTCGTA.1,stimulated,CD4 T
CAAGCCCTTCAAGC.1,stimulated,CD14 Mono
CAAGCCCTTCGACA.1,stimulated,CD14 Mono
CAAGCCCTTTCGGA.1,stimulated,B
CAAGCTGAACCCAA.1,stimulated,B
CAAGCTGAACGGGA.1,stimulated,CD16 Mono
CAAGCTGACTGTTT.1,stimulated,T
CAAGCTGAGCAAGG.1,stimulated,T
CAAGCTGATCCCGT.1,stimulated,CD8 T
CAAGGACTCTTACT.1,stimulated,NK
CAAGGACTTGCAAC.1,stimulated,CD16 Mono
CAAGGTTGAAAACG.1,stimulated,CD14 Mono
CAAGGTTGCTCAGA.1,stimulated,B
CAAGGTTGCTTTAC.1,stimulated,CD14 Mono
CAAGGTTGTGGATC.1,stimulated,CD14 Mono
CAAGTCGACTACGA.1,stimulated,CD14 Mono
CAAGTCGACTATTC.1,stimulated,B
CAAGTCGAGAGGCA.1,stimulated,CD4 T
CAAGTCGATACGCA.1,stimulated,CD16 Mono
CAAGTTCTCACTGA.1,stimulated,CD14 Mono
CAAGTTCTGTGCTA.1,stimulated,CD4 T
CAAGTTCTTCACGA.1,stimulated,T
CAAGTTCTTGCTAG.1,stimulated,B
CAAGTTCTTGGTAC.1,stimulated,B
CAAGTTCTTTCCAT.1,stimulated,DC
CAATAAACACTGGT.1,stimulated,CD4 T
CAATAAACCCATAG.1,stimulated,CD14 Mono
CAATAAACCCTCAC.1,stimulated,CD14 Mono
CAATAAACGAATAG.1,stimulated,NK
CAATAAACGACGGA.1,stimulated,CD14 Mono
CAATAAACGCTAAC.1,stimulated,CD4 T
CAATAAACGGTTTG.1,stimulated,CD4 T
CAATAAACGTACGT.1,stimulated,B
CAATAATGACCAGT.1,stimulated,CD4 T
CAATAATGCCTCGT.1,stimulated,CD4 T
CAATAATGGACAAA.1,stimulated,CD4 T
CAATAATGTATTCC.1,stimulated,CD14 Mono
CAATATGAAGACTC.1,stimulated,CD4 T
CAATATGAAGCCTA.1,stimulated,CD4 T
CAATATGAATGTCG.1,stimulated,CD4 T
CAATATGAGATAGA.1,stimulated,CD14 Mono
CAATATGAGTTCAG.1,stimulated,T
CAATATGATACAGC.1,stimulated,CD4 T
CAATATGATCACGA.1,stimulated,CD14 Mono
CAATCGGAATTGGC.1,stimulated,CD4 T
CAATCGGACTCCCA.1,stimulated,CD4 T
CAATCGGACTCGAA.1,stimulated,CD14 Mono
CAATCGGACTGTAG.1,stimulated,CD14 Mono
CAATCGGAGTCCTC.1,stimulated,T
CAATCGGAGTGTTG.1,stimulated,CD4 T
CAATCGGATTGCTT.1,stimulated,CD14 Mono
CAATCTACCTACGA.1,stimulated,CD4 T
CAATCTACGTACCA.1,stimulated,CD14 Mono
CAATGGACAGAATG.1,stimulated,CD16 Mono
CAATGGACCCTCCA.1,stimulated,CD14 Mono
CAATGGACGAATCC.1,stimulated,CD4 T
CAATGGACGGAGCA.1,stimulated,CD4 T
CAATGGACGGCGAA.1,stimulated,CD14 Mono
CAATTCACAAAGCA.1,stimulated,CD14 Mono
CAATTCACCAACTG.1,stimulated,CD4 T
CAATTCACTATGGC.1,stimulated,CD4 T
CAATTCACTGAGAA.11,stimulated,B
CAATTCTGACGGTT.1,stimulated,CD16 Mono
CAATTCTGTGCACA.1,stimulated,CD14 Mono
CAATTCTGTGTTTC.1,stimulated,CD14 Mono
CACAATCTACTGGT.1,stimulated,CD14 Mono
CACAATCTCCCGTT.1,stimulated,CD4 T
CACACCTGGTACGT.1,stimulated,CD14 Mono
CACACCTGTCAGGT.1,stimulated,CD14 Mono
CACACCTGTCGCTC.1,stimulated,CD4 T
CACAGAACACCCTC.1,stimulated,T
CACAGAACCTGTCC.1,stimulated,CD8 T
CACAGAACTGACAC.1,stimulated,CD4 T
CACAGATGAGCTAC.1,stimulated,CD4 T
CACAGATGCACCAA.1,stimulated,B
CACAGATGCATACG.1,stimulated,CD14 Mono
CACAGATGCTGCTC.1,stimulated,CD14 Mono
CACAGATGGCAGTT.1,stimulated,CD4 T
CACAGATGTCTCCG.1,stimulated,CD14 Mono
CACAGATGTGACTG.1,stimulated,CD4 T
CACAGCCTACGTTG.1,stimulated,CD8 T
CACAGCCTCCACCT.1,stimulated,T
CACAGCCTCGGAGA.1,stimulated,CD14 Mono
CACAGCCTCGTAGT.1,stimulated,T
CACAGCCTTCCAAG.1,stimulated,CD4 T
CACAGTGAAAGGGC.1,stimulated,CD14 Mono
CACAGTGATCGCAA.1,stimulated,CD4 T
CACATACTAGAACA.1,stimulated,T
CACATACTCGGTAT.1,stimulated,CD4 T
CACATACTGGTGGA.1,stimulated,CD8 T
CACATACTGTCTGA.1,stimulated,CD14 Mono
CACATACTTTCGCC.1,stimulated,CD8 T
CACATGGAATCTTC.1,stimulated,CD4 T
CACATGGACCTACC.1,stimulated,CD16 Mono
CACATGGACGCATA.1,stimulated,NK
CACATGGATTCTCA.1,stimulated,CD4 T
CACATGGATTGACG.1,stimulated,CD4 T
CACCACTGAACGGG.1,stimulated,CD4 T
CACCACTGCTGTTT.1,stimulated,B
CACCACTGGATGAA.1,stimulated,CD14 Mono
CACCACTGGGTTCA.1,stimulated,B
CACCCATGAGAATG.1,stimulated,CD4 T
CACCGGGACTGTTT.1,stimulated,CD14 Mono
CACCGTACAAAAGC.1,stimulated,CD4 T
CACCGTACCCTATT.1,stimulated,CD14 Mono
CACCGTACGCGTTA.1,stimulated,CD14 Mono
CACCGTACGTCTGA.1,stimulated,CD4 T
CACCGTACTCCGAA.1,stimulated,CD4 T
CACCGTACTTCATC.1,stimulated,CD14 Mono
CACCGTTGACGTTG.1,stimulated,T
CACCGTTGAGCACT.1,stimulated,CD14 Mono
CACCGTTGATGACC.1,stimulated,CD16 Mono
CACCGTTGCCATAG.1,stimulated,CD14 Mono
CACCGTTGGTGAGG.11,stimulated,CD16 Mono
CACCGTTGTAGAAG.1,stimulated,CD14 Mono
CACCTGACACTGTG.1,stimulated,B
CACCTGACCAGTTG.1,stimulated,T
CACCTGACCCATAG.1,stimulated,B
CACCTGACCCCGTT.1,stimulated,CD4 T
CACCTGACCCTATT.1,stimulated,CD4 T
CACCTGACGCGATT.1,stimulated,CD14 Mono
CACCTGACTGACTG.11,stimulated,CD4 T
CACCTGACTTGCAG.1,stimulated,NK
CACGAAACCGAGAG.1,stimulated,CD14 Mono
CACGAAACGAAGGC.1,stimulated,CD14 Mono
CACGAAACTCGACA.1,stimulated,CD14 Mono
CACGACCTCCACAA.1,stimulated,CD4 T
CACGACCTCCCAAA.1,stimulated,CD8 T
CACGACCTCCTTGC.1,stimulated,B
CACGATGAACACGT.1,stimulated,CD4 T
CACGATGAAGCTAC.1,stimulated,CD14 Mono
CACGATGACGTGAT.1,stimulated,CD4 T
CACGCTACAAACAG.1,stimulated,CD4 T
CACGCTACAACGTC.1,stimulated,CD14 Mono
CACGCTACACAGTC.1,stimulated,CD4 T
CACGCTACAGTGTC.1,stimulated,CD8 T
CACGCTACGAATGA.1,stimulated,CD14 Mono
CACGCTACGGTATC.1,stimulated,DC
CACGCTACGGTTCA.1,stimulated,CD4 T
CACGCTACTACAGC.1,stimulated,CD4 T
CACGGGACACGCAT.1,stimulated,CD14 Mono
CACGGGACAGGTTC.1,stimulated,CD16 Mono
CACGGGACGGAGCA.1,stimulated,CD14 Mono
CACGGGACGGTTCA.1,stimulated,CD14 Mono
CACGGGTGCTCGAA.1,stimulated,CD14 Mono
CACTAACTACTGGT.1,stimulated,B
CACTAACTGTAGCT.1,stimulated,NK
CACTAACTTTCCCG.1,stimulated,CD16 Mono
CACTAGGAACGGTT.1,stimulated,CD4 T
CACTAGGAGACAGG.1,stimulated,CD4 T
CACTAGGATTGGTG.1,stimulated,CD14 Mono
CACTATACAGCAAA.1,stimulated,CD14 Mono
CACTATACCAATCG.1,stimulated,CD4 T
CACTATACCAGAAA.11,stimulated,CD4 T
CACTATACCGGAGA.1,stimulated,CD4 T
CACTATACCTGATG.1,stimulated,CD14 Mono
CACTATACGTCGTA.1,stimulated,CD16 Mono
CACTCCGACCTTGC.1,stimulated,CD14 Mono
CACTCCGACTGCAA.1,stimulated,B
CACTCCGAGGTGGA.1,stimulated,CD4 T
CACTCCGATCAAGC.1,stimulated,B
CACTCCGATTCACT.1,stimulated,CD14 Mono
CACTCTCTAGAATG.1,stimulated,CD14 Mono
CACTCTCTCTGATG.1,stimulated,CD4 T
CACTGAGATTGCAG.11,stimulated,CD8 T
CACTGAGATTGCGA.1,stimulated,NK
CACTGCACACGACT.1,stimulated,CD14 Mono
CACTGCACGCCCTT.1,stimulated,CD14 Mono
CACTGCACGTGCAT.1,stimulated,CD4 T
CACTGCACTGAGAA.1,stimulated,B
CACTGCACTTCTCA.1,stimulated,CD14 Mono
CACTGCTGAGTGCT.1,stimulated,CD14 Mono
CACTGCTGGAGATA.1,stimulated,CD14 Mono
CACTGCTGGAGGTG.1,stimulated,CD8 T
CACTGCTGGCGGAA.1,stimulated,CD8 T
CACTGCTGTTTACC.1,stimulated,CD16 Mono
CACTTAACCCGTAA.1,stimulated,CD4 T
CACTTAACGGGATG.1,stimulated,CD4 T
CACTTATGAACGTC.1,stimulated,B
CACTTATGAGAGTA.1,stimulated,CD4 T
CACTTATGAGTGCT.1,stimulated,CD4 T
CACTTATGCCAACA.1,stimulated,CD4 T
CACTTATGCGAATC.1,stimulated,DC
CACTTATGGGCGAA.1,stimulated,CD16 Mono
CACTTATGTACGCA.1,stimulated,CD4 T
CACTTTGACCGTAA.1,stimulated,NK
CACTTTGAGAATAG.1,stimulated,T
CACTTTGAGATAGA.1,stimulated,CD14 Mono
CACTTTGAGTTAGC.1,stimulated,CD4 T
CACTTTGATAACCG.1,stimulated,CD14 Mono
CACTTTGATCTCCG.1,stimulated,B
CAGAAGCTCCCAAA.1,stimulated,CD16 Mono
CAGAAGCTCCCACT.1,stimulated,CD14 Mono
CAGAAGCTCTTCCG.1,stimulated,CD14 Mono
CAGAAGCTGCCTTC.1,stimulated,CD4 T
CAGAAGCTTGCAAC.1,stimulated,T
CAGACAACAGTTCG.1,stimulated,CD4 T
CAGACAACGAAGGC.1,stimulated,CD8 T
CAGACAACGCTCCT.1,stimulated,CD14 Mono
CAGACAACTATCGG.1,stimulated,B
CAGACAACTCCTTA.1,stimulated,T
CAGACATGAACAGA.1,stimulated,NK
CAGACATGACTAGC.1,stimulated,CD14 Mono
CAGACATGAGAACA.1,stimulated,CD16 Mono
CAGACATGCGATAC.1,stimulated,CD14 Mono
CAGACATGGAAGGC.1,stimulated,B
CAGACATGGCGTAT.1,stimulated,T
CAGACCCTCCAAGT.1,stimulated,CD16 Mono
CAGACCCTCTTGCC.1,stimulated,CD4 T
CAGACCCTGAAAGT.1,stimulated,CD4 T
CAGACCCTTCATTC.1,stimulated,B
CAGACTGACTGTAG.1,stimulated,CD14 Mono
CAGACTGAGCGAAG.1,stimulated,B
CAGAGGGAAACGGG.1,stimulated,CD4 T
CAGAGGGAGCTTCC.1,stimulated,NK
CAGATCGACATCAG.1,stimulated,CD4 T
CAGATCGACCCTTG.1,stimulated,B
CAGATCGACTGTCC.1,stimulated,CD4 T
CAGATGACAGGAGC.1,stimulated,CD4 T
CAGATGACAGGTTC.1,stimulated,CD14 Mono
CAGATGACCTCATT.1,stimulated,CD4 T
CAGATGACTAGAGA.1,stimulated,CD4 T
CAGCAATGCTCAGA.1,stimulated,CD14 Mono
CAGCAATGTCATTC.1,stimulated,CD4 T
CAGCACCTAAACGA.1,stimulated,CD4 T
CAGCACCTAACGTC.1,stimulated,CD14 Mono
CAGCACCTAGTCAC.1,stimulated,CD16 Mono
CAGCACCTATACCG.1,stimulated,CD4 T
CAGCACCTCCGATA.1,stimulated,B
CAGCACCTCGGGAA.1,stimulated,CD14 Mono
CAGCACCTTACGAC.1,stimulated,CD4 T
CAGCACCTTGACTG.1,stimulated,CD14 Mono
CAGCACCTTGTCCC.1,stimulated,CD4 T
CAGCACCTTTCTCA.1,stimulated,T
CAGCATGAACACCA.1,stimulated,CD4 T
CAGCATGAAGAAGT.1,stimulated,CD14 Mono
CAGCATGACTTGTT.1,stimulated,CD4 T
CAGCATGAGGAACG.1,stimulated,CD14 Mono
CAGCATGAGTCCTC.1,stimulated,CD16 Mono
CAGCATGAGTTCTT.1,stimulated,CD16 Mono
CAGCCTACAAACGA.1,stimulated,CD4 T
CAGCCTACATCACG.1,stimulated,CD4 T
CAGCCTACCAACCA.1,stimulated,B
CAGCCTACGGCAAG.1,stimulated,CD4 T
CAGCCTACTGGTTG.1,stimulated,CD4 T
CAGCCTACTTCATC.1,stimulated,CD14 Mono
CAGCGGACAGGAGC.1,stimulated,CD14 Mono
CAGCGGACTCCGTC.1,stimulated,B
CAGCGTCTACACGT.1,stimulated,B
CAGCGTCTCGACAT.1,stimulated,CD14 Mono
CAGCGTCTCGGAGA.1,stimulated,CD4 T
CAGCGTCTCGTAAC.1,stimulated,CD4 T
CAGCGTCTCTTGTT.1,stimulated,CD4 T
CAGCGTCTGGATTC.1,stimulated,CD4 T
CAGCGTCTGGTTCA.1,stimulated,DC
CAGCGTCTTTTGTC.1,stimulated,CD8 T
CAGCTAGAACCACA.1,stimulated,CD14 Mono
CAGCTAGAACGGTT.1,stimulated,B
CAGCTAGAAGCCAT.1,stimulated,CD4 T
CAGCTAGATGCTGA.1,stimulated,CD14 Mono
CAGCTAGATGTGAC.1,stimulated,CD4 T
CAGCTCACGAATGA.1,stimulated,CD4 T
CAGCTCACGTGTCA.1,stimulated,B
CAGCTCACTCCTGC.1,stimulated,CD14 Mono
CAGCTCACTGGTGT.1,stimulated,CD4 T
CAGCTCTGAGTGCT.1,stimulated,CD14 Mono
CAGCTCTGCCTTGC.11,stimulated,CD4 T
CAGCTCTGCTCTCG.1,stimulated,CD14 Mono
CAGCTCTGGGGAGT.1,stimulated,CD4 T
CAGCTCTGGGGATG.1,stimulated,CD14 Mono
CAGCTCTGTAACCG.1,stimulated,T
CAGGAACTCAACTG.1,stimulated,CD4 T
CAGGAACTGCCAAT.1,stimulated,CD4 T
CAGGAACTGGTTCA.1,stimulated,CD14 Mono
CAGGAACTGTGAGG.1,stimulated,B
CAGGAACTTGCTAG.1,stimulated,CD4 T
CAGGAACTTGGTAC.1,stimulated,DC
CAGGCCGAAGCCAT.1,stimulated,CD4 T
CAGGCCGAATACCG.1,stimulated,CD14 Mono
CAGGCCGACAACTG.1,stimulated,CD4 T
CAGGCCGACTTATC.1,stimulated,CD8 T
CAGGCCGAGTGAGG.1,stimulated,CD4 T
CAGGCCGATGACAC.1,stimulated,CD4 T
CAGGCCGATGTTCT.1,stimulated,CD14 Mono
CAGGGCACAATGCC.1,stimulated,CD8 T
CAGGGCACACACCA.1,stimulated,T
CAGGGCACAGTTCG.1,stimulated,CD4 T
CAGGGCACCGGAGA.1,stimulated,CD14 Mono
CAGGGCACGACAGG.1,stimulated,CD14 Mono
CAGGTAACCAGCTA.1,stimulated,CD14 Mono
CAGGTAACCTCCCA.1,stimulated,CD8 T
CAGGTAACGGTGGA.1,stimulated,CD14 Mono
CAGGTAACGTTAGC.1,stimulated,CD14 Mono
CAGGTAACTAAGGA.1,stimulated,NK
CAGGTATGGAATGA.11,stimulated,T
CAGGTATGGGAGGT.1,stimulated,CD8 T
CAGGTATGTGCTGA.1,stimulated,NK
CAGGTTGAAGGTCT.1,stimulated,CD4 T
CAGGTTGACGACAT.1,stimulated,CD16 Mono
CAGGTTGAGGTCTA.1,stimulated,B
CAGGTTGATCTTCA.1,stimulated,CD14 Mono
CAGTCAGAAAACAG.1,stimulated,CD14 Mono
CAGTCAGAAACGGG.1,stimulated,NK
CAGTCAGAAAGAAC.1,stimulated,CD14 Mono
CAGTCAGAACACTG.1,stimulated,CD14 Mono
CAGTCAGAACTAGC.1,stimulated,B
CAGTCAGACGACTA.1,stimulated,CD14 Mono
CAGTCAGAGACACT.1,stimulated,CD14 Mono
CAGTCAGATGACTG.1,stimulated,B
CAGTGATGACGCAT.1,stimulated,NK
CAGTGATGTGTCTT.1,stimulated,CD14 Mono
CAGTGATGTGTGGT.1,stimulated,CD4 T
CAGTGATGTTAGGC.1,stimulated,CD14 Mono
CAGTGTGAGTGAGG.1,stimulated,CD14 Mono
CAGTGTGATGTCTT.1,stimulated,CD14 Mono
CAGTTGGAAAAACG.1,stimulated,CD8 T
CAGTTGGAAGCAAA.1,stimulated,CD4 T
CAGTTGGAGTGCTA.1,stimulated,B
CAGTTGGATTCCGC.1,stimulated,CD14 Mono
CAGTTTACCGGTAT.1,stimulated,CD4 T
CAGTTTACTGTCTT.1,stimulated,CD16 Mono
CATAAAACACTGGT.1,stimulated,CD4 T
CATAAAACCGTGAT.1,stimulated,CD14 Mono
CATAAAACGCCAAT.1,stimulated,NK
CATAAAACTCATTC.1,stimulated,CD4 T
CATAAATGAATGCC.1,stimulated,CD14 Mono
CATAAATGATGGTC.1,stimulated,B
CATAAATGGAAGGC.1,stimulated,CD4 T
CATAAATGGAGATA.1,stimulated,CD14 Mono
CATAAATGTCTCTA.1,stimulated,CD14 Mono
CATAACCTAAGGTA.1,stimulated,CD4 T
CATAACCTGCTGTA.1,stimulated,B
CATAACCTTGAGAA.1,stimulated,CD4 T
CATACTACCTGAAC.1,stimulated,CD16 Mono
CATACTTGAGAGAT.1,stimulated,CD8 T
CATACTTGAGCATC.1,stimulated,CD8 T
CATACTTGATTTCC.1,stimulated,CD8 T
CATACTTGGCTCCT.1,stimulated,CD4 T
CATACTTGGTCGTA.1,stimulated,CD4 T
CATACTTGTATCGG.1,stimulated,CD4 T
CATACTTGTCCTCG.1,stimulated,CD4 T
CATAGTCTCTTCTA.1,stimulated,CD4 T
CATAGTCTTACTTC.1,stimulated,CD16 Mono
CATATAGACAGGAG.1,stimulated,CD4 T
CATATAGAGGTTTG.1,stimulated,T
CATCAACTCCGTAA.1,stimulated,CD4 T
CATCAACTGCTTAG.1,stimulated,CD4 T
CATCAACTGTCCTC.1,stimulated,CD16 Mono
CATCAGGAAAGATG.1,stimulated,T
CATCAGGACACCAA.1,stimulated,B
CATCAGGAGACAAA.1,stimulated,B
CATCAGGAGTATCG.11,stimulated,B
CATCAGGATGTGCA.1,stimulated,CD14 Mono
CATCATACACCTTT.1,stimulated,CD4 T
CATCATACAGCGGA.1,stimulated,CD14 Mono
CATCATACCTTCGC.1,stimulated,NK
CATCCCGACGTACA.1,stimulated,CD14 Mono
CATCCCGAGGTTCA.1,stimulated,CD8 T
CATCCCGAGTGCTA.1,stimulated,CD14 Mono
CATCCCGATTATCC.1,stimulated,CD4 T
CATCGCTGAACAGA.1,stimulated,CD4 T
CATCGCTGAAGTAG.1,stimulated,B
CATCGCTGACGGGA.1,stimulated,CD4 T
CATCGCTGCAGAAA.11,stimulated,CD16 Mono
CATCGCTGCCTTGC.11,stimulated,CD14 Mono
CATCGCTGCCTTTA.1,stimulated,B
CATCGCTGTGGTCA.1,stimulated,CD14 Mono
CATCGGCTAGGCGA.1,stimulated,CD8 T
CATCGGCTCCTTAT.1,stimulated,DC
CATCGGCTCTCGCT.1,stimulated,CD14 Mono
CATCGGCTGAAGGC.1,stimulated,CD4 T
CATCTCCTAGGGTG.1,stimulated,CD4 T
CATCTCCTCATTGG.1,stimulated,CD14 Mono
CATCTCCTCTGCTC.1,stimulated,CD14 Mono
CATCTCCTGTTCGA.1,stimulated,B
CATCTCCTTCTATC.1,stimulated,CD14 Mono
CATCTTGACTCCAC.1,stimulated,CD14 Mono
CATGAGACACACGT.1,stimulated,B
CATGAGACCACTTT.1,stimulated,DC
CATGCCACAGCTAC.1,stimulated,CD4 T
CATGCCACCAGAAA.1,stimulated,DC
CATGCCACCATGGT.1,stimulated,CD4 T
CATGCCACCGAACT.1,stimulated,CD16 Mono
CATGCCACGAGGAC.1,stimulated,CD4 T
CATGCCACGCCATA.1,stimulated,CD4 T
CATGCCACGTTCAG.1,stimulated,CD14 Mono
CATGCGCTAAAGTG.1,stimulated,NK
CATGCGCTACCTCC.11,stimulated,T
CATGCGCTCAGAGG.1,stimulated,CD14 Mono
CATGCGCTCGTGAT.1,stimulated,B
CATGCGCTCTTAGG.1,stimulated,CD14 Mono
CATGCGCTGAGCTT.1,stimulated,CD14 Mono
CATGCGCTTGGTGT.1,stimulated,CD4 T
CATGGATGAGAGAT.1,stimulated,T
CATGGATGTAAGCC.1,stimulated,CD14 Mono
CATGGCCTAAGAGT.1,stimulated,NK
CATGGCCTCAGTCA.1,stimulated,CD4 T
CATGGCCTCTGTAG.1,stimulated,CD4 T
CATGGCCTGTAGGG.1,stimulated,B
CATGGCCTTTTCTG.1,stimulated,CD14 Mono
CATGTACTACACAC.1,stimulated,CD16 Mono
CATGTACTAGGTTC.1,stimulated,CD4 T
CATGTACTCCTATT.1,stimulated,CD4 T
CATGTACTGAGAGC.1,stimulated,CD14 Mono
CATGTACTGTTACG.1,stimulated,CD4 T
CATGTTACAATCGC.1,stimulated,B
CATGTTACTAGCGT.1,stimulated,CD14 Mono
CATGTTACTCCAAG.1,stimulated,CD14 Mono
CATGTTACTGACAC.1,stimulated,T
CATGTTACTGATGC.1,stimulated,CD14 Mono
CATGTTACTGCAGT.1,stimulated,CD4 T
CATGTTTGACGCTA.1,stimulated,CD14 Mono
CATGTTTGCACTCC.1,stimulated,CD14 Mono
CATGTTTGCATGCA.1,stimulated,CD14 Mono
CATGTTTGCTGTAG.1,stimulated,NK
CATGTTTGCTTGGA.1,stimulated,B
CATGTTTGGCGAGA.1,stimulated,CD14 Mono
CATGTTTGGGTTCA.1,stimulated,CD14 Mono
CATGTTTGTTCTGT.1,stimulated,B
CATTACACCCTCGT.1,stimulated,CD4 T
CATTACACCGATAC.1,stimulated,CD14 Mono
CATTACACTCGTTT.1,stimulated,CD16 Mono
CATTAGCTCCAAGT.1,stimulated,T
CATTAGCTCGACAT.1,stimulated,CD8 T
CATTAGCTGTGTAC.1,stimulated,CD4 T
CATTAGCTTGAGGG.1,stimulated,CD14 Mono
CATTAGCTTGGTTG.1,stimulated,CD4 T
CATTAGCTTTGACG.1,stimulated,CD4 T
CATTCCCTACGGTT.1,stimulated,CD4 T
CATTCCCTCTGCTC.1,stimulated,NK
CATTCCCTGCGAAG.1,stimulated,CD4 T
CATTCCCTGTCACA.1,stimulated,CD4 T
CATTCCCTTCGTGA.1,stimulated,CD4 T
CATTGACTCGAACT.1,stimulated,CD4 T
CATTGACTGCAAGG.1,stimulated,NK
CATTGACTGCATCA.1,stimulated,CD8 T
CATTGACTGCGAGA.1,stimulated,CD14 Mono
CATTGACTGGTGAG.1,stimulated,CD4 T
CATTGACTGTTTCT.1,stimulated,CD4 T
CATTGACTTTCCAT.1,stimulated,B
CATTGACTTTTGGG.1,stimulated,CD4 T
CATTGGGAAAAAGC.1,stimulated,CD14 Mono
CATTGGGACAAAGA.1,stimulated,CD14 Mono
CATTGGGACCCTAC.1,stimulated,CD14 Mono
CATTGGGAGATGAA.1,stimulated,CD16 Mono
CATTGGGAGTTGAC.1,stimulated,B
CATTGGGATACGAC.1,stimulated,CD4 T
CATTGTACAGGAGC.1,stimulated,DC
CATTGTACGCAGAG.1,stimulated,CD14 Mono
CATTGTACGGTTTG.1,stimulated,CD14 Mono
CATTGTACTCTCTA.1,stimulated,CD16 Mono
CATTGTACTGAAGA.1,stimulated,CD4 T
CATTGTACTTGGCA.1,stimulated,CD16 Mono
CATTGTACTTGGTG.1,stimulated,B
CATTGTTGGGAGCA.1,stimulated,CD14 Mono
CATTGTTGGGTCAT.1,stimulated,CD4 T
CATTGTTGGTCATG.1,stimulated,CD14 Mono
CATTTCGATAACGC.1,stimulated,CD4 T
CATTTGACTGCCCT.1,stimulated,CD14 Mono
CATTTGACTTTACC.1,stimulated,CD8 T
CATTTGTGAACAGA.11,stimulated,CD14 Mono
CATTTGTGATCACG.1,stimulated,CD16 Mono
CATTTGTGCATGGT.1,stimulated,CD4 T
CATTTGTGCCAACA.1,stimulated,CD4 T
CATTTGTGTTCGCC.1,stimulated,CD14 Mono
CCAAAGTGACCGAT.1,stimulated,CD14 Mono
CCAAAGTGATCTTC.1,stimulated,CD8 T
CCAAAGTGCGCTAA.1,stimulated,B
CCAAAGTGGCTTAG.1,stimulated,CD14 Mono
CCAAAGTGGGACTT.1,stimulated,CD14 Mono
CCAAAGTGTAGAGA.1,stimulated,CD14 Mono
CCAAAGTGTCACCC.1,stimulated,CD16 Mono
CCAAAGTGTGTCCC.1,stimulated,CD4 T
CCAACCTGAGAAGT.1,stimulated,CD4 T
CCAACCTGTAACGC.1,stimulated,CD14 Mono
CCAACCTGTGGGAG.1,stimulated,CD4 T
CCAACCTGTTCTCA.1,stimulated,CD14 Mono
CCAAGAACACGGAG.1,stimulated,CD14 Mono
CCAAGAACAGCAAA.1,stimulated,CD16 Mono
CCAAGAACTCCTAT.1,stimulated,B
CCAAGAACTCTAGG.1,stimulated,CD4 T
CCAAGAACTGCTCC.1,stimulated,T
CCAAGATGACCAGT.1,stimulated,CD16 Mono
CCAAGATGCCTTGC.1,stimulated,T
CCAAGATGCGTAGT.1,stimulated,CD8 T
CCAAGATGGAGGAC.1,stimulated,CD14 Mono
CCAAGATGTGAGGG.1,stimulated,CD14 Mono
CCAAGTGACAGAGG.1,stimulated,CD14 Mono
CCAAGTGACCCAAA.1,stimulated,B
CCAAGTGACTCTTA.1,stimulated,CD14 Mono
CCAAGTGACTGTTT.1,stimulated,CD14 Mono
CCAAGTGACTTATC.1,stimulated,CD14 Mono
CCAATGGAAGTGTC.1,stimulated,CD4 T
CCAATGGAATGGTC.1,stimulated,CD4 T
CCAATGGACCGATA.1,stimulated,CD4 T
CCAATGGACCTGTC.1,stimulated,CD14 Mono
CCAATGGAGACTAC.1,stimulated,CD14 Mono
CCAATGGAGATAGA.1,stimulated,CD4 T
CCAATGGAGTATCG.1,stimulated,T
CCAATGGATAGACC.1,stimulated,CD4 T
CCAATTTGAGGCGA.1,stimulated,CD14 Mono
CCAATTTGCACTTT.1,stimulated,CD4 T
CCACCATGATTCGG.1,stimulated,CD14 Mono
CCACCATGCAGTCA.11,stimulated,CD4 T
CCACCATGCATTTC.1,stimulated,CD8 T
CCACCATGTGCTAG.1,stimulated,NK
CCACCTGAAAGAAC.1,stimulated,CD14 Mono
CCACCTGAGCGAGA.1,stimulated,CD4 T
CCACCTGAGCGGAA.1,stimulated,CD14 Mono
CCACCTGATGTTCT.1,stimulated,CD14 Mono
CCACGGGAAACGAA.1,stimulated,DC
CCACGGGAAGGCGA.1,stimulated,CD14 Mono
CCACGGGAATCTTC.1,stimulated,CD4 T
CCACGGGACCATAG.1,stimulated,CD14 Mono
CCACGGGACTCGCT.1,stimulated,NK
CCACGGGAGCATCA.1,stimulated,B
CCACGGGATAGTCG.1,stimulated,B
CCACGGGATGCAAC.1,stimulated,CD14 Mono
CCACTGACAGCCAT.1,stimulated,CD4 T
CCACTGACCGCATA.1,stimulated,CD14 Mono
CCACTGACCGTACA.1,stimulated,B
CCACTGTGAGTTCG.1,stimulated,CD4 T
CCACTGTGGCGAAG.1,stimulated,CD16 Mono
CCACTGTGGTCACA.1,stimulated,CD14 Mono
CCACTGTGGTTGTG.1,stimulated,CD16 Mono
CCACTTCTAGCTCA.1,stimulated,CD4 T
CCACTTCTCCTATT.1,stimulated,CD14 Mono
CCACTTCTCTTATC.1,stimulated,CD14 Mono
CCACTTCTTACTCT.1,stimulated,CD14 Mono
CCACTTCTTGCAAC.1,stimulated,CD4 T
CCAGAAACACCTCC.1,stimulated,CD14 Mono
CCAGAAACCTACCC.1,stimulated,CD4 T
CCAGAAACCTCCCA.1,stimulated,CD14 Mono
CCAGAAACGTTGAC.1,stimulated,B
CCAGAAACGTTGCA.1,stimulated,DC
CCAGACCTGAGACG.11,stimulated,CD4 T
CCAGACCTGGGTGA.1,stimulated,CD4 T
CCAGATGAACCAAC.1,stimulated,CD14 Mono
CCAGATGACAATCG.1,stimulated,NK
CCAGATGACCTATT.1,stimulated,CD14 Mono
CCAGATGACTGTAG.1,stimulated,CD14 Mono
CCAGATGAGAATGA.1,stimulated,CD8 T
CCAGATGAGTAAAG.1,stimulated,CD14 Mono
CCAGATGATCGTTT.1,stimulated,CD4 T
CCAGATGATGAGAA.1,stimulated,CD14 Mono
CCAGCACTACACGT.1,stimulated,CD4 T
CCAGCACTCGTCTC.1,stimulated,CD4 T
CCAGCACTCTTAGG.1,stimulated,CD14 Mono
CCAGCACTGTAGGG.1,stimulated,CD4 T
CCAGCACTGTGAGG.1,stimulated,CD4 T
CCAGCACTTAGACC.1,stimulated,CD8 T
CCAGCACTTGTCTT.1,stimulated,CD4 T
CCAGCACTTGTTCT.1,stimulated,CD14 Mono
CCAGCACTTTGTGG.1,stimulated,CD4 T
CCAGCGGAGCGGAA.1,stimulated,CD16 Mono
CCAGCGGAGGACAG.1,stimulated,CD14 Mono
CCAGCGGAGGTAAA.1,stimulated,CD14 Mono
CCAGCGGAGTTAGC.1,stimulated,CD14 Mono
CCAGCGGATGAGAA.1,stimulated,CD4 T
CCAGCTACAAGTAG.1,stimulated,CD4 T
CCAGCTACACGGGA.1,stimulated,CD14 Mono
CCAGCTACCAGTCA.11,stimulated,CD16 Mono
CCAGCTACTCAGAC.1,stimulated,B
CCAGGTCTCACAAC.1,stimulated,CD14 Mono
CCAGGTCTCTGTCC.1,stimulated,CD16 Mono
CCAGGTCTGCTGTA.1,stimulated,CD4 T
CCAGGTCTTACGCA.1,stimulated,T
CCAGGTCTTGTGCA.1,stimulated,B
CCAGTCACCGGAGA.1,stimulated,B
CCAGTCTGCTCAGA.1,stimulated,CD14 Mono
CCAGTCTGGAGACG.1,stimulated,CD14 Mono
CCAGTCTGGCGGAA.1,stimulated,CD4 T
CCAGTCTGGTAGGG.1,stimulated,CD14 Mono
CCAGTCTGTTACTC.1,stimulated,CD4 T
CCAGTGCTAAGGGC.1,stimulated,T
CCAGTGCTAGAATG.1,stimulated,DC
CCAGTGCTAGATCC.1,stimulated,CD4 T
CCAGTGCTATTCTC.1,stimulated,CD16 Mono
CCAGTGCTTGTTCT.1,stimulated,CD4 T
CCATAGGAACACGT.1,stimulated,CD4 T
CCATAGGAATTTCC.1,stimulated,CD4 T
CCATAGGACAGATC.1,stimulated,CD14 Mono
CCATAGGACGTAAC.1,stimulated,B
CCATAGGACTGAGT.1,stimulated,CD14 Mono
CCATAGGATCATTC.1,stimulated,B
CCATAGGATTTACC.1,stimulated,CD4 T
CCATATACAAACGA.1,stimulated,CD8 T
CCATATACCAACTG.1,stimulated,CD16 Mono
CCATATACCAGTTG.1,stimulated,CD4 T
CCATATACCGAGAG.1,stimulated,CD4 T
CCATATACGCCATA.1,stimulated,CD16 Mono
CCATATACGCTGAT.1,stimulated,CD8 T
CCATATACGGAACG.1,stimulated,CD4 T
CCATCCGACACTAG.1,stimulated,DC
CCATCCGACCACAA.1,stimulated,CD4 T
CCATCCGACCGCTT.1,stimulated,B
CCATCCGACTGTCC.1,stimulated,T
CCATCCGATCAGGT.1,stimulated,CD4 T
CCATCCGATGTTTC.1,stimulated,CD14 Mono
CCATCGTGCGAACT.1,stimulated,B
CCATCGTGTATGGC.1,stimulated,CD14 Mono
CCATCGTGTCCCGT.1,stimulated,CD16 Mono
CCATCGTGTCGACA.1,stimulated,CD14 Mono
CCATGCTGACCCTC.1,stimulated,CD14 Mono
CCATGCTGCTAAGC.11,stimulated,CD14 Mono
CCATGCTGCTGTGA.1,stimulated,CD14 Mono
CCATGCTGGAGATA.11,stimulated,NK
CCATGCTGGATACC.1,stimulated,NK
CCATGCTGGCCAAT.1,stimulated,CD4 T
CCATGCTGGCCTTC.1,stimulated,CD14 Mono
CCATGCTGGGTGAG.1,stimulated,CD14 Mono
CCATGCTGTCAGAC.1,stimulated,CD8 T
CCATGCTGTCCCAC.1,stimulated,CD4 T
CCATTAACAAAACG.1,stimulated,CD14 Mono
CCATTAACAAGAGT.1,stimulated,CD4 T
CCATTAACACGGTT.1,stimulated,CD14 Mono
CCATTAACCGAGTT.1,stimulated,CD4 T
CCATTAACGGACAG.1,stimulated,CD14 Mono
CCATTAACGTACCA.1,stimulated,B
CCATTAACTGAAGA.1,stimulated,CD4 T
CCATTAACTGTTTC.1,stimulated,B
CCATTAACTTACCT.1,stimulated,DC
CCATTAACTTCGGA.1,stimulated,CD4 T
CCCAAAGAATGCTG.1,stimulated,CD14 Mono
CCCAAAGACCCGTT.1,stimulated,B
CCCAAAGACGTAGT.1,stimulated,CD4 T
CCCAAAGAGCCCTT.11,stimulated,CD4 T
CCCAAAGATCCTCG.1,stimulated,CD14 Mono
CCCAACACTAAGCC.1,stimulated,CD14 Mono
CCCAACTGAGCGTT.1,stimulated,CD14 Mono
CCCAACTGGCCTTC.1,stimulated,CD4 T
CCCACATGAACCGT.1,stimulated,CD4 T
CCCACATGAGCAAA.1,stimulated,CD8 T
CCCACATGCGCTAA.1,stimulated,CD8 T
CCCACATGCTTGAG.1,stimulated,CD4 T
CCCACATGTCTTCA.1,stimulated,CD4 T
CCCAGACTCCCACT.1,stimulated,NK
CCCAGACTCCTTTA.1,stimulated,CD14 Mono
CCCAGACTGTTCGA.1,stimulated,B
CCCAGTTGAGGTCT.1,stimulated,CD8 T
CCCAGTTGCAGGAG.1,stimulated,B
CCCAGTTGTTCTAC.1,stimulated,CD14 Mono
CCCATCGAAAGGCG.1,stimulated,CD14 Mono
CCCATCGAAAGTAG.1,stimulated,CD4 T
CCCATCGACCCTAC.1,stimulated,CD14 Mono
CCCATCGACTGGAT.1,stimulated,CD14 Mono
CCCATCGATAGTCG.1,stimulated,CD4 T
CCCATCGATCTAGG.1,stimulated,CD14 Mono
CCCATGTGAGTTCG.1,stimulated,CD4 T
CCCATGTGCTCTTA.1,stimulated,CD4 T
CCCATGTGCTTGGA.11,stimulated,CD14 Mono
CCCATGTGTGGGAG.1,stimulated,CD14 Mono
CCCGAACTACCTGA.1,stimulated,CD16 Mono
CCCGAACTGAGGAC.1,stimulated,CD14 Mono
CCCGAACTGCTGTA.1,stimulated,B
CCCGATTGAGATGA.1,stimulated,B
CCCGATTGCGAGTT.1,stimulated,CD4 T
CCCGATTGCTCGCT.1,stimulated,CD4 T
CCCGATTGGACAGG.1,stimulated,CD4 T
CCCGATTGGGAAAT.1,stimulated,CD14 Mono
CCCGATTGTATTCC.1,stimulated,CD8 T
CCCGGAGAACTGTG.1,stimulated,CD4 T
CCCGGAGATTACCT.1,stimulated,CD14 Mono
CCCTACGAAAGAAC.1,stimulated,CD4 T
CCCTACGACTCTCG.1,stimulated,CD14 Mono
CCCTACGAGTACCA.1,stimulated,CD4 T
CCCTACGATATGCG.1,stimulated,CD14 Mono
CCCTACGATTCTCA.1,stimulated,CD14 Mono
CCCTAGTGCGCAAT.1,stimulated,CD8 T
CCCTAGTGCGTCTC.1,stimulated,CD4 T
CCCTAGTGGTGTTG.1,stimulated,CD8 T
CCCTAGTGTGCAAC.1,stimulated,CD14 Mono
CCCTCAGAATCGGT.1,stimulated,T
CCCTCAGATACTTC.1,stimulated,CD4 T
CCCTCAGATTCTGT.1,stimulated,B
CCCTGAACAACGGG.1,stimulated,CD14 Mono
CCCTGAACTCTGGA.1,stimulated,CD4 T
CCCTTACTAAGAAC.1,stimulated,CD16 Mono
CCCTTACTACACGT.1,stimulated,B
CCCTTACTCCAATG.1,stimulated,CD4 T
CCCTTACTCTGGAT.11,stimulated,CD16 Mono
CCCTTACTGGTTCA.1,stimulated,DC
CCCTTACTTGAACC.1,stimulated,CD14 Mono
CCGAAAACACTGTG.1,stimulated,CD16 Mono
CCGAAAACCTGGAT.1,stimulated,CD4 T
CCGAAAACGAGGCA.1,stimulated,CD4 T
CCGAAAACGGAACG.1,stimulated,B
CCGACACTAAGGCG.1,stimulated,CD4 T
CCGACACTAGCGTT.1,stimulated,CD4 T
CCGACACTCTACTT.1,stimulated,CD14 Mono
CCGACACTGCCAAT.1,stimulated,CD4 T
CCGACACTTATCGG.1,stimulated,CD14 Mono
CCGACTACCTTGGA.1,stimulated,CD4 T
CCGACTACGTTGCA.1,stimulated,CD4 T
CCGATAGACTGTCC.1,stimulated,CD14 Mono
CCGATAGAGATAGA.1,stimulated,CD14 Mono
CCGATAGAGATGAA.1,stimulated,B
CCGCGAGAACTGTG.1,stimulated,CD4 T
CCGCGAGACATTGG.1,stimulated,CD4 T
CCGCGAGACTGCAA.1,stimulated,CD4 T
CCGCGAGAGGTGTT.1,stimulated,CD4 T
CCGCGAGAGTTCAG.1,stimulated,CD4 T
CCGCGAGATCGCTC.1,stimulated,NK
CCGCTATGATTCGG.1,stimulated,CD14 Mono
CCGCTATGGGTGTT.1,stimulated,CD14 Mono
CCGCTATGGTCCTC.1,stimulated,B
CCGCTATGTTACTC.1,stimulated,CD4 T
CCGGAGACACCTAG.1,stimulated,CD4 T
CCGGAGACAGAACA.1,stimulated,CD14 Mono
CCGGAGACGAAAGT.1,stimulated,CD4 T
CCGGAGACTGGTAC.1,stimulated,CD16 Mono
CCGGAGTGGGACGA.1,stimulated,CD4 T
CCGGAGTGGTCGAT.1,stimulated,CD14 Mono
CCGGAGTGGTTCTT.1,stimulated,CD4 T
CCGGAGTGTATGGC.11,stimulated,CD14 Mono
CCGGAGTGTCTGGA.1,stimulated,CD14 Mono
CCGGTACTAAGAGT.1,stimulated,CD8 T
CCGGTACTCGCATA.1,stimulated,CD4 T
CCGGTACTGTCCTC.1,stimulated,CD16 Mono
CCGGTACTTATCTC.1,stimulated,CD14 Mono
CCGGTACTTTCTGT.1,stimulated,B
CCGTAAGAACGTAC.1,stimulated,CD4 T
CCGTAAGACCGCTT.1,stimulated,B
CCGTAAGAGGTGAG.1,stimulated,DC
CCGTAAGATTCAGG.1,stimulated,CD14 Mono
CCGTACACAAAACG.1,stimulated,B
CCGTACACAAGATG.1,stimulated,CD14 Mono
CCGTACACCAGATC.1,stimulated,CD4 T
CCGTACACGAGGGT.1,stimulated,B
CCGTACACGGAGGT.1,stimulated,CD14 Mono
CCGTACACTACTGG.1,stimulated,CD14 Mono
CCGTACACTGCCTC.1,stimulated,CD8 T
CCTAAACTACTCAG.1,stimulated,CD4 T
CCTAAACTAGCATC.1,stimulated,CD14 Mono
CCTAAACTCAGCTA.1,stimulated,B
CCTAAACTTCGTAG.1,stimulated,CD4 T
CCTAAGGAAAAACG.1,stimulated,CD4 T
CCTAAGGAACGTGT.1,stimulated,NK
CCTAAGGATCCTGC.1,stimulated,CD4 T
CCTACCGACGCCTT.1,stimulated,CD16 Mono
CCTAGAGAACCCTC.1,stimulated,CD14 Mono
CCTAGAGACCTAAG.1,stimulated,DC
CCTAGAGACGGAGA.1,stimulated,CD14 Mono
CCTAGAGAGGATTC.1,stimulated,CD14 Mono
CCTAGAGATCAGGT.1,stimulated,CD4 T
CCTATAACGCCATA.1,stimulated,CD16 Mono
CCTATAACGTTCGA.1,stimulated,CD4 T
CCTATAACTGGTGT.1,stimulated,CD4 T
CCTATTGACATGAC.1,stimulated,CD14 Mono
CCTATTGAGATACC.1,stimulated,CD4 T
CCTATTGAGGTATC.1,stimulated,CD4 T
CCTATTGATTTCAC.1,stimulated,CD4 T
CCTATTGATTTGCT.1,stimulated,CD8 T
CCTCATCTAGTCAC.1,stimulated,CD4 T
CCTCATCTATGCTG.1,stimulated,CD4 T
CCTCATCTGTCTGA.1,stimulated,CD14 Mono
CCTCGAACACCTCC.1,stimulated,CD14 Mono
CCTCGAACCATACG.1,stimulated,CD14 Mono
CCTCGAACTGGAAA.1,stimulated,CD14 Mono
CCTCTACTACGGGA.1,stimulated,CD8 T
CCTCTACTGAGAGC.1,stimulated,CD4 T
CCTCTACTGCATAC.11,stimulated,CD14 Mono
CCTCTACTGGGACA.1,stimulated,CD8 T
CCTCTACTGGTTTG.1,stimulated,CD14 Mono
CCTCTACTTGCTTT.1,stimulated,CD16 Mono
CCTGACTGCGCATA.1,stimulated,CD14 Mono
CCTGACTGCGGTAT.1,stimulated,CD14 Mono
CCTGACTGTGCAGT.1,stimulated,CD14 Mono
CCTGAGCTCACACA.1,stimulated,CD14 Mono
CCTGAGCTGGTGAG.1,stimulated,CD14 Mono
CCTGAGCTGTTTCT.1,stimulated,CD4 T
CCTGCAACAACCTG.1,stimulated,CD8 T
CCTGCAACCAGGAG.1,stimulated,CD14 Mono
CCTGCAACTGAGCT.1,stimulated,CD16 Mono
CCTGGACTACCTCC.1,stimulated,DC
CCTGGACTAGTGCT.1,stimulated,CD4 T
CCTGGACTGTATCG.1,stimulated,CD14 Mono
CCTTAATGCATGAC.1,stimulated,CD4 T
CCTTAATGCGGAGA.1,stimulated,CD4 T
CCTTAATGGAATAG.1,stimulated,T
CCTTAATGGAATGA.1,stimulated,B
CCTTAATGGAGATA.1,stimulated,B
CCTTAATGGATAGA.1,stimulated,CD14 Mono
CCTTAATGGTGAGG.1,stimulated,CD8 T
CCTTAATGTCCTAT.1,stimulated,CD14 Mono
CCTTAATGTTCATC.1,stimulated,CD16 Mono
CCTTCACTGGAGGT.1,stimulated,CD16 Mono
CCTTCACTTCCAGA.1,stimulated,CD14 Mono
CCTTCACTTGCTAG.1,stimulated,CD4 T
CCTTCACTTTCTTG.1,stimulated,CD14 Mono
CCTTTAGAAGCGTT.1,stimulated,CD4 T
CCTTTAGACAGTCA.1,stimulated,CD4 T
CCTTTAGACTTGGA.1,stimulated,NK
CCTTTAGATCGTGA.1,stimulated,CD4 T
CGAACATGAGCAAA.1,stimulated,CD16 Mono
CGAACATGCTGGAT.1,stimulated,B
CGAACATGGTCACA.1,stimulated,B
CGAACATGTGACTG.1,stimulated,CD4 T
CGAACATGTTTCGT.1,stimulated,CD8 T
CGAAGACTAGTCAC.1,stimulated,NK
CGAAGACTCCCTTG.1,stimulated,CD4 T
CGAAGACTCGTTAG.1,stimulated,T
CGAAGACTCTGTGA.1,stimulated,NK
CGAAGACTGGATTC.1,stimulated,CD16 Mono
CGAAGACTGTCAAC.1,stimulated,CD4 T
CGAAGGGAAAGTAG.1,stimulated,CD4 T
CGAAGGGACACCAA.1,stimulated,CD8 T
CGAAGGGAGACACT.1,stimulated,B
CGAAGGGAGCTGTA.1,stimulated,CD4 T
CGAAGGGATCAGGT.1,stimulated,CD4 T
CGAAGGGATCGTTT.1,stimulated,CD14 Mono
CGAAGGGATGCTAG.1,stimulated,CD4 T
CGAAGGGATGGTGT.1,stimulated,CD14 Mono
CGAAGTACCCACAA.1,stimulated,CD4 T
CGAAGTACCCTTGC.1,stimulated,CD4 T
CGAAGTACTCCTAT.1,stimulated,CD16 Mono
CGAATCGACATACG.1,stimulated,CD16 Mono
CGAATCGACTGATG.1,stimulated,CD4 T
CGACAAACAGTAGA.1,stimulated,CD4 T
CGACAAACCCAAGT.1,stimulated,CD16 Mono
CGACCACTCGAGTT.1,stimulated,B
CGACCGGAGCGGAA.1,stimulated,CD14 Mono
CGACCGGAGGTAAA.1,stimulated,CD4 T
CGACCGGAGTTCGA.1,stimulated,CD14 Mono
CGACCTACCGGTAT.1,stimulated,CD14 Mono
CGACCTACCTTCCG.11,stimulated,CD4 T
CGACCTACTGCAGT.1,stimulated,CD14 Mono
CGACCTACTGTAGC.1,stimulated,CD4 T
CGACCTTGAACCGT.1,stimulated,CD14 Mono
CGACCTTGCTAGAC.1,stimulated,CD4 T
CGACCTTGGCTTCC.1,stimulated,CD14 Mono
CGACCTTGGGACTT.1,stimulated,CD14 Mono
CGACCTTGGGAGCA.1,stimulated,CD4 T
CGACCTTGTGCACA.1,stimulated,CD4 T
CGACCTTGTGCTAG.1,stimulated,CD14 Mono
CGACCTTGTTATCC.1,stimulated,CD4 T
CGACGTCTACCGAT.1,stimulated,CD16 Mono
CGACGTCTAGGAGC.1,stimulated,CD4 T
CGACGTCTCGAATC.1,stimulated,NK
CGACGTCTGGAGCA.1,stimulated,CD4 T
CGACTCACATTTCC.1,stimulated,CD8 T
CGACTCACCACTTT.1,stimulated,T
CGACTCTGATACCG.1,stimulated,CD14 Mono
CGACTCTGCCTTAT.1,stimulated,CD4 T
CGACTCTGGTATGC.1,stimulated,CD4 T
CGACTCTGGTTTCT.11,stimulated,CD4 T
CGACTCTGTCCGAA.1,stimulated,CD14 Mono
CGACTCTGTGAGGG.1,stimulated,CD14 Mono
CGACTGCTCGCCTT.1,stimulated,CD4 T
CGACTGCTGGACGA.1,stimulated,CD4 T
CGAGAACTATTCGG.1,stimulated,CD4 T
CGAGAACTCCCTTG.1,stimulated,CD14 Mono
CGAGATTGACACGT.1,stimulated,DC
CGAGATTGACCCTC.1,stimulated,CD4 T
CGAGATTGATAAGG.1,stimulated,NK
CGAGATTGATTTCC.1,stimulated,B
CGAGATTGCAGATC.1,stimulated,T
CGAGATTGCTCGAA.1,stimulated,CD8 T
CGAGATTGTCTCCG.1,stimulated,CD4 T
CGAGCCGAAAGGGC.1,stimulated,B
CGAGCCGAATTTCC.1,stimulated,CD16 Mono
CGAGCCGACCTTCG.1,stimulated,CD4 T
CGAGCCGAGGGAGT.1,stimulated,CD4 T
CGAGCCGATGAAGA.1,stimulated,NK
CGAGCGTGATCGTG.1,stimulated,CD8 T
CGAGGAGACCGTTC.1,stimulated,CD8 T
CGAGGAGACTTTAC.1,stimulated,CD16 Mono
CGAGGAGAGAGAGC.1,stimulated,CD14 Mono
CGAGGAGAGCTCCT.1,stimulated,CD16 Mono
CGAGGAGATTATCC.1,stimulated,CD4 T
CGAGGAGATTCATC.1,stimulated,CD4 T
CGAGGCACATCGGT.1,stimulated,CD14 Mono
CGAGGCACATTGGC.1,stimulated,CD8 T
CGAGGCACCATGGT.1,stimulated,CD16 Mono
CGAGGCACGCGTTA.1,stimulated,CD8 T
CGAGGCACGGGTGA.1,stimulated,CD14 Mono
CGAGGCACTGTTCT.1,stimulated,CD14 Mono
CGAGGCTGCAGCTA.1,stimulated,T
CGAGGCTGCGCCTT.1,stimulated,CD4 T
CGAGGCTGCTAGTG.1,stimulated,DC
CGAGGGCTAGTACC.1,stimulated,CD14 Mono
CGAGGGCTCTGACA.1,stimulated,CD4 T
CGAGGGCTCTGATG.1,stimulated,CD14 Mono
CGAGTATGTTCTGT.1,stimulated,CD16 Mono
CGATACGAACTGGT.1,stimulated,CD14 Mono
CGATACGAATTCGG.1,stimulated,CD4 T
CGATACGAGAATCC.1,stimulated,CD14 Mono
CGATAGACATGGTC.1,stimulated,CD14 Mono
CGATAGACATTCTC.1,stimulated,CD4 T
CGATAGACCCCAAA.1,stimulated,B
CGATAGACGCCCTT.1,stimulated,B
CGATAGACGTTGGT.1,stimulated,CD14 Mono
CGATAGACTCATTC.1,stimulated,CD14 Mono
CGATAGACTGCCTC.1,stimulated,CD14 Mono
CGATCAGAGAACTC.1,stimulated,CD14 Mono
CGATCAGAGTTAGC.1,stimulated,CD14 Mono
CGATCAGATCGTGA.1,stimulated,NK
CGATCCACAGAGGC.1,stimulated,DC
CGATCCACCCATAG.1,stimulated,B
CGATCCACCCTCGT.1,stimulated,CD14 Mono
CGATCCACCTTGGA.1,stimulated,NK
CGATCCACGGAGGT.1,stimulated,B
CGATCCACTACTTC.1,stimulated,B
CGATCCACTGGCAT.1,stimulated,CD14 Mono
CGATCCACTGTCGA.1,stimulated,CD14 Mono
CGCAAATGACTCTT.1,stimulated,NK
CGCAAATGAGTCTG.1,stimulated,CD14 Mono
CGCAAATGCACTGA.1,stimulated,CD4 T
CGCAAATGGCGAGA.1,stimulated,CD14 Mono
CGCAAATGGTTCTT.1,stimulated,CD4 T
CGCAAATGTTGTGG.1,stimulated,T
CGCAACCTAGTTCG.1,stimulated,T
CGCAACCTCACCAA.1,stimulated,CD14 Mono
CGCAACCTCTTTAC.1,stimulated,CD4 T
CGCAACCTGCTTCC.1,stimulated,CD16 Mono
CGCAACCTGGAGTG.1,stimulated,CD14 Mono
CGCAACCTTCCGTC.1,stimulated,B
CGCACGGAAATCGC.1,stimulated,CD4 T
CGCACGGAAGCGGA.1,stimulated,CD16 Mono
CGCACGGACAACCA.1,stimulated,CD14 Mono
CGCACGGACGAATC.11,stimulated,CD4 T
CGCACGGACGTAAC.1,stimulated,CD14 Mono
CGCACGGACTTATC.1,stimulated,CD4 T
CGCACGGATCGTTT.1,stimulated,CD4 T
CGCACTACCAGCTA.1,stimulated,CD4 T
CGCACTACTTCTTG.1,stimulated,CD14 Mono
CGCACTTGAAAGCA.1,stimulated,CD8 T
CGCACTTGACGACT.1,stimulated,T
CGCACTTGACTAGC.1,stimulated,NK
CGCACTTGCAGTTG.1,stimulated,T
CGCACTTGCCTGTC.1,stimulated,CD4 T
CGCACTTGGCGAAG.1,stimulated,CD4 T
CGCACTTGTCAGTG.1,stimulated,DC
CGCACTTGTGGTAC.1,stimulated,CD16 Mono
CGCAGGACCTTGGA.1,stimulated,NK
CGCAGGACGAAAGT.1,stimulated,CD8 T
CGCAGGACTCTCCG.1,stimulated,CD4 T
CGCAGGTGACGCTA.11,stimulated,CD14 Mono
CGCAGGTGAGAAGT.1,stimulated,CD14 Mono
CGCAGGTGCATGGT.1,stimulated,CD4 T
CGCAGGTGCCTCAC.1,stimulated,CD14 Mono
CGCAGGTGTGTGCA.1,stimulated,CD14 Mono
CGCAGGTGTTTCAC.1,stimulated,CD4 T
CGCATAGACTCCAC.1,stimulated,CD4 T
CGCATAGACTGAAC.1,stimulated,CD4 T
CGCATAGACTGTTT.1,stimulated,CD14 Mono
CGCATAGATCCCAC.1,stimulated,CD14 Mono
CGCATAGATGCAAC.1,stimulated,CD4 T
CGCATAGATTTGTC.1,stimulated,CD14 Mono
CGCCATACAATGCC.1,stimulated,DC
CGCCATACTGACCA.1,stimulated,CD14 Mono
CGCCATTGTGTCAG.1,stimulated,CD14 Mono
CGCCGAGAACTACG.1,stimulated,CD4 T
CGCCGAGACCTCGT.1,stimulated,CD16 Mono
CGCCGAGACGATAC.1,stimulated,CD4 T
CGCCGAGAGAATCC.1,stimulated,NK
CGCCGAGAGAGATA.1,stimulated,NK
CGCCGAGATCTAGG.1,stimulated,CD8 T
CGCCGAGATGGCAT.1,stimulated,CD4 T
CGCCTAACAAGCCT.1,stimulated,CD4 T
CGCCTAACCAGATC.1,stimulated,CD4 T
CGCCTAACCAGCTA.1,stimulated,CD4 T
CGCCTAACCCTACC.1,stimulated,B
CGCCTAACCGGTAT.1,stimulated,CD4 T
CGCGAGACTAAGGA.1,stimulated,CD4 T
CGCGATCTACGACT.1,stimulated,CD16 Mono
CGCGATCTCTGCTC.1,stimulated,CD14 Mono
CGCGATCTGTGTCA.1,stimulated,CD14 Mono
CGCGATCTTCCAAG.1,stimulated,CD14 Mono
CGCGGATGCCACAA.1,stimulated,CD14 Mono
CGCGGATGGCATCA.1,stimulated,CD4 T
CGCGGATGGGACTT.1,stimulated,CD16 Mono
CGCTAAGAAAGGCG.1,stimulated,CD16 Mono
CGCTAAGAATTCCT.11,stimulated,T
CGCTAAGACTGACA.1,stimulated,B
CGCTAAGAGGTATC.1,stimulated,B
CGCTAAGAGTCATG.1,stimulated,CD14 Mono
CGCTAAGAGTTGAC.1,stimulated,CD14 Mono
CGCTAAGATGGTAC.1,stimulated,CD14 Mono
CGCTACACACTACG.1,stimulated,CD8 T
CGCTACACAGTACC.1,stimulated,CD16 Mono
CGCTACACCCACCT.1,stimulated,B
CGCTACACCTCAAG.1,stimulated,B
CGCTACACGCGATT.1,stimulated,CD4 T
CGCTACACTTCTTG.1,stimulated,T
CGCTACACTTTGCT.1,stimulated,CD14 Mono
CGCTACTGACTGTG.1,stimulated,CD14 Mono
CGCTACTGAGAGAT.1,stimulated,CD14 Mono
CGCTACTGCCATGA.1,stimulated,B
CGCTACTGCGCAAT.1,stimulated,CD16 Mono
CGCTACTGCGTTGA.1,stimulated,CD4 T
CGCTACTGCTATGG.1,stimulated,DC
CGCTACTGGAACTC.1,stimulated,CD8 T
CGCTACTGGCAAGG.1,stimulated,CD14 Mono
CGCTCATGTATCGG.1,stimulated,CD4 T
CGCTCATGTGACTG.1,stimulated,CD4 T
CGCTCATGTTCGGA.1,stimulated,CD4 T
CGGAATTGAGTGCT.1,stimulated,T
CGGAATTGCTGTCC.1,stimulated,CD4 T
CGGAATTGCTGTTT.1,stimulated,CD4 T
CGGAATTGTTATCC.1,stimulated,NK
CGGACCGAAGCAAA.1,stimulated,CD4 T
CGGACCGAAGGTCT.1,stimulated,CD4 T
CGGACCGAATGGTC.1,stimulated,NK
CGGACCGACCTCAC.1,stimulated,CD14 Mono
CGGACCGACGAGTT.1,stimulated,B
CGGACCGAGTTGGT.1,stimulated,CD16 Mono
CGGACTCTACCTTT.1,stimulated,CD4 T
CGGACTCTCCAAGT.1,stimulated,B
CGGAGGCTACCCAA.1,stimulated,T
CGGAGGCTAGCGTT.1,stimulated,CD8 T
CGGAGGCTAGGGTG.1,stimulated,CD16 Mono
CGGAGGCTCGCATA.1,stimulated,CD16 Mono
CGGAGGCTGGCAAG.1,stimulated,DC
CGGAGGCTGGGCAA.1,stimulated,CD8 T
CGGATAACACACCA.1,stimulated,B
CGGATAACCGTTAG.1,stimulated,CD14 Mono
CGGATAACCTTCCG.11,stimulated,CD4 T
CGGATAACCTTGTT.1,stimulated,CD8 T
CGGATAACGACAGG.1,stimulated,CD14 Mono
CGGATAACGACGGA.1,stimulated,CD4 T
CGGATAACTTTACC.1,stimulated,CD4 T
CGGATATGAAGCCT.1,stimulated,B
CGGATATGACTACG.1,stimulated,B
CGGATATGAGTCAC.1,stimulated,CD14 Mono
CGGATATGCGAACT.1,stimulated,CD14 Mono
CGGATATGCTGGAT.1,stimulated,B
CGGATATGGGCAAG.1,stimulated,CD14 Mono
CGGCACGAAGGAGC.1,stimulated,CD14 Mono
CGGCACGACTACCC.1,stimulated,CD14 Mono
CGGCACGAGGACAG.1,stimulated,CD8 T
CGGCACGATTCGCC.1,stimulated,B
CGGCACGATTTGCT.1,stimulated,B
CGGCATCTAAAACG.1,stimulated,CD4 T
CGGCATCTAAGTGA.1,stimulated,B
CGGCATCTCCTCGT.1,stimulated,B
CGGCATCTCTATTC.1,stimulated,CD4 T
CGGCATCTGCATAC.1,stimulated,CD4 T
CGGCATCTTAACCG.1,stimulated,CD14 Mono
CGGCCAGAAACCTG.1,stimulated,CD16 Mono
CGGCCAGACCTAAG.1,stimulated,NK
CGGCCAGATATGGC.1,stimulated,CD4 T
CGGCCAGATCTTAC.1,stimulated,CD4 T
CGGCGAACATCTCT.1,stimulated,CD16 Mono
CGGCGAACGAATAG.1,stimulated,CD4 T
CGGCGAACTCTCTA.1,stimulated,B
CGGCGATGAAACGA.1,stimulated,CD4 T
CGGCGATGCATGGT.1,stimulated,CD14 Mono
CGGCGATGCTACCC.1,stimulated,CD14 Mono
CGGCGATGTCCAGA.1,stimulated,CD14 Mono
CGGCGATGTTCTCA.1,stimulated,CD8 T
CGGGACTGAGTCAC.1,stimulated,CD14 Mono
CGGGCATGACACGT.1,stimulated,CD4 T
CGGGCATGAGACTC.1,stimulated,CD4 T
CGGGCATGCATACG.1,stimulated,CD16 Mono
CGGGCATGCGTACA.1,stimulated,B
CGGGCATGCGTAGT.1,stimulated,T
CGGGCATGCTACTT.1,stimulated,NK
CGGGCATGCTCAGA.1,stimulated,B
CGGGCATGGGAGTG.1,stimulated,CD4 T
CGGGCATGTGCCCT.1,stimulated,B
CGGGCATGTGTTCT.1,stimulated,CD8 T
CGGTAAACACGTTG.1,stimulated,CD8 T
CGGTAAACAGTACC.1,stimulated,CD4 T
CGGTAAACCCACCT.1,stimulated,CD4 T
CGGTAAACGAAAGT.1,stimulated,CD4 T
CGGTAAACGACGGA.1,stimulated,CD4 T
CGGTAAACGTTAGC.1,stimulated,CD14 Mono
CGGTACCTAATGCC.1,stimulated,CD4 T
CGGTACCTAGATGA.1,stimulated,DC
CGGTACCTCAGATC.1,stimulated,CD4 T
CGGTACCTTGGAAA.1,stimulated,CD4 T
CGGTACCTTTACTC.1,stimulated,DC
CGGTACCTTTGAGC.1,stimulated,CD14 Mono
CGGTCACTAGCACT.1,stimulated,CD14 Mono
CGGTCACTGGGATG.1,stimulated,DC
CGGTCACTTCGCAA.1,stimulated,CD4 T
CGTAACGACCCTCA.1,stimulated,CD8 T
CGTAACGAGGACTT.1,stimulated,CD4 T
CGTAACGAGGCATT.1,stimulated,CD4 T
CGTAACGATACAGC.1,stimulated,CD14 Mono
CGTAACGATCGCAA.1,stimulated,CD14 Mono
CGTACAGAACGCTA.1,stimulated,CD8 T
CGTACAGAATGGTC.1,stimulated,CD4 T
CGTACAGATACGCA.1,stimulated,CD14 Mono
CGTACCACAGATGA.1,stimulated,CD4 T
CGTACCACATAAGG.1,stimulated,CD14 Mono
CGTACCACCCATAG.1,stimulated,CD8 T
CGTACCACCGGTAT.1,stimulated,CD4 T
CGTACCACTAAAGG.1,stimulated,CD14 Mono
CGTACCACTCCGTC.1,stimulated,CD4 T
CGTACCACTTGCTT.1,stimulated,CD14 Mono
CGTACCACTTTCGT.1,stimulated,CD8 T
CGTACCTGACAGTC.1,stimulated,CD4 T
CGTACCTGCGTGTA.1,stimulated,B
CGTACCTGCTGGTA.1,stimulated,CD14 Mono
CGTACCTGCTTGGA.1,stimulated,CD16 Mono
CGTACCTGGAAACA.1,stimulated,CD14 Mono
CGTACCTGGTGCAT.1,stimulated,CD4 T
CGTACCTGTCCTTA.1,stimulated,B
CGTACCTGTGGAAA.1,stimulated,CD16 Mono
CGTAGCCTAAACGA.1,stimulated,NK
CGTAGCCTCCGTTC.1,stimulated,CD4 T
CGTAGCCTCGTTGA.11,stimulated,B
CGTAGCCTCTGAAC.1,stimulated,T
CGTAGCCTGGGTGA.1,stimulated,CD14 Mono
CGTAGCCTGTAGCT.1,stimulated,CD14 Mono
CGTAGCCTTCAGAC.1,stimulated,B
CGTAGCCTTCTTCA.1,stimulated,CD4 T
CGTAGCCTTTGGTG.1,stimulated,CD4 T
CGTCAAGAAGCCAT.1,stimulated,CD14 Mono
CGTCAAGACCCTCA.1,stimulated,CD16 Mono
CGTCAAGATGGGAG.1,stimulated,T
CGTCAAGATGGTCA.1,stimulated,CD8 T
CGTCCAACATCGAC.1,stimulated,CD4 T
CGTCCAACCTTCCG.1,stimulated,CD4 T
CGTCCATGACTCAG.1,stimulated,T
CGTCCATGCAGATC.1,stimulated,T
CGTCCATGCCGTAA.1,stimulated,CD4 T
CGTCCATGCCTCCA.1,stimulated,CD14 Mono
CGTCCATGCTGTGA.1,stimulated,CD14 Mono
CGTCCATGGCGATT.11,stimulated,B
CGTCCATGGGTAAA.1,stimulated,NK
CGTCCATGTGCCCT.1,stimulated,CD16 Mono
CGTCGACTAGCGTT.1,stimulated,CD14 Mono
CGTCGACTCTACCC.1,stimulated,CD14 Mono
CGTCGACTCTCAGA.1,stimulated,CD14 Mono
CGTCGACTTAAAGG.1,stimulated,B
CGTCGACTTTCTTG.1,stimulated,CD16 Mono
CGTGAAACAGTTCG.1,stimulated,CD4 T
CGTGAAACCGTTAG.1,stimulated,CD16 Mono
CGTGAAACGAGACG.1,stimulated,CD4 T
CGTGAAACTGAGCT.1,stimulated,B
CGTGAATGAAGGGC.1,stimulated,CD14 Mono
CGTGAATGACCTGA.1,stimulated,B
CGTGAATGAGCCTA.1,stimulated,CD14 Mono
CGTGAATGAGTCGT.1,stimulated,CD14 Mono
CGTGAATGCATGCA.1,stimulated,NK
CGTGAATGGGTATC.1,stimulated,B
CGTGAATGGTATCG.1,stimulated,CD14 Mono
CGTGAATGTCTTTG.1,stimulated,CD16 Mono
CGTGATGAAGTCTG.1,stimulated,CD4 T
CGTGATGACGTCTC.1,stimulated,CD14 Mono
CGTGATGACTTCTA.1,stimulated,CD14 Mono
CGTGATGATGGTGT.1,stimulated,CD4 T
CGTGCACTCTATGG.1,stimulated,B
CGTGCACTGCTAAC.1,stimulated,CD14 Mono
CGTGCACTTTCGCC.1,stimulated,CD4 T
CGTGTAGACCAACA.1,stimulated,NK
CGTGTAGACGTGAT.1,stimulated,B
CGTTAACTTAGCGT.1,stimulated,CD4 T
CGTTAGGAAACCTG.1,stimulated,CD4 T
CGTTAGGAGCCAAT.1,stimulated,CD14 Mono
CGTTAGGAGTATCG.1,stimulated,T
CGTTATACACAGTC.1,stimulated,CD14 Mono
CGTTATACGAGCAG.1,stimulated,CD4 T
CGTTATACGCGATT.1,stimulated,B
CGTTATACGTCTAG.1,stimulated,CD4 T
CGTTATACTGAAGA.1,stimulated,CD4 T
CGTTATACTTCTCA.1,stimulated,B
CGTTTAACAGCGTT.1,stimulated,CD8 T
CGTTTAACCTCATT.1,stimulated,CD16 Mono
CGTTTAACGTGAGG.1,stimulated,T
CTAAACCTAAGAAC.1,stimulated,CD16 Mono
CTAAACCTCAGTCA.1,stimulated,B
CTAAACCTCGCATA.1,stimulated,NK
CTAAACCTCTGAAC.1,stimulated,NK
CTAAACCTGTACGT.1,stimulated,CD14 Mono
CTAACACTACACCA.1,stimulated,CD14 Mono
CTAACACTACCACA.1,stimulated,CD4 T
CTAACACTAGATGA.1,stimulated,CD8 T
CTAACACTGCTAAC.1,stimulated,CD4 T
CTAACACTTACAGC.1,stimulated,CD16 Mono
CTAACACTTGTGAC.11,stimulated,CD4 T
CTAACGGACAACCA.1,stimulated,B
CTAACGGACCGCTT.1,stimulated,DC
CTAACGGAGAAAGT.1,stimulated,B
CTAACGGATTTGTC.1,stimulated,CD14 Mono
CTAACTACAACCAC.1,stimulated,CD4 T
CTAACTACCCTGTC.1,stimulated,CD4 T
CTAACTACTCACGA.1,stimulated,T
CTAAGGACACCTGA.1,stimulated,CD4 T
CTAAGGACAGTCGT.1,stimulated,CD8 T
CTAAGGACCCATAG.1,stimulated,CD4 T
CTAAGGACTCATTC.1,stimulated,NK
CTAAGGACTCGTGA.1,stimulated,T
CTAAGGACTGGTGT.1,stimulated,B
CTAAGGTGGAAAGT.1,stimulated,CD14 Mono
CTAAGGTGGTGTAC.1,stimulated,T
CTAAGGTGGTTGTG.1,stimulated,CD4 T
CTAATAGACGAATC.1,stimulated,B
CTAATAGACTCCCA.1,stimulated,CD4 T
CTAATAGAGGGACA.1,stimulated,CD4 T
CTAATAGAGTACCA.1,stimulated,CD16 Mono
CTAATAGATGGTTG.1,stimulated,CD16 Mono
CTAATGCTAAGGGC.1,stimulated,CD16 Mono
CTAATGCTACAGTC.1,stimulated,CD14 Mono
CTAATGCTAGCGGA.11,stimulated,CD14 Mono
CTAATGCTCAGAAA.1,stimulated,CD14 Mono
CTAATGCTCCTAAG.1,stimulated,CD4 T
CTAATGCTGAACTC.1,stimulated,DC
CTAATGCTGGATTC.1,stimulated,CD14 Mono
CTAATGCTTCCGAA.1,stimulated,CD4 T
CTAATGCTTCTCTA.1,stimulated,CD4 T
CTAATGCTTGTCCC.1,stimulated,CD4 T
CTACAACTACACTG.1,stimulated,CD14 Mono
CTACAACTGAGACG.1,stimulated,CD4 T
CTACAACTGGCAAG.1,stimulated,CD8 T
CTACAACTGTATCG.1,stimulated,CD14 Mono
CTACAACTTCCCGT.1,stimulated,CD16 Mono
CTACAACTTTCCAT.1,stimulated,CD14 Mono
CTACCTCTATCACG.1,stimulated,CD8 T
CTACCTCTCCTTGC.1,stimulated,CD4 T
CTACCTCTCTTTAC.1,stimulated,NK
CTACCTCTGTTGTG.1,stimulated,CD14 Mono
CTACCTCTTATCGG.1,stimulated,CD14 Mono
CTACGCACCCCACT.1,stimulated,DC
CTACGCACCGTAGT.1,stimulated,NK
CTACGCACGAGGCA.1,stimulated,CD14 Mono
CTACGCACGTCATG.1,stimulated,NK
CTACGCACGTGTAC.1,stimulated,CD14 Mono
CTACGGCTTATGCG.1,stimulated,CD4 T
CTACGGCTTCCCAC.1,stimulated,CD14 Mono
CTACGGCTTTTCGT.1,stimulated,CD14 Mono
CTACTATGCCCACT.1,stimulated,B
CTACTATGCGACAT.1,stimulated,CD14 Mono
CTACTATGCTTGGA.1,stimulated,CD14 Mono
CTACTATGTGCTCC.1,stimulated,CD4 T
CTACTATGTGTCCC.1,stimulated,CD4 T
CTACTCCTACTCAG.1,stimulated,CD4 T
CTACTCCTATCGGT.1,stimulated,CD8 T
CTACTCCTGCTTCC.1,stimulated,CD4 T
CTACTCCTGGGTGA.1,stimulated,CD14 Mono
CTACTCCTGGTAGG.1,stimulated,CD4 T
CTACTCCTGGTGGA.1,stimulated,CD4 T
CTAGAGACGCTAAC.1,stimulated,B
CTAGAGACGTCTGA.1,stimulated,DC
CTAGAGACGTTCGA.1,stimulated,CD14 Mono
CTAGAGACTCCTAT.1,stimulated,B
CTAGGATGACGGTT.1,stimulated,T
CTAGGATGAGTAGA.1,stimulated,DC
CTAGGATGATGCTG.1,stimulated,CD16 Mono
CTAGGATGCCCTAC.1,stimulated,CD8 T
CTAGGATGCTAGCA.1,stimulated,CD4 T
CTAGGATGGAGATA.1,stimulated,CD14 Mono
CTAGGATGGCCATA.1,stimulated,CD14 Mono
CTAGGATGTGCCCT.1,stimulated,CD4 T
CTAGGATGTGCGTA.1,stimulated,CD14 Mono
CTAGGCCTAAACAG.1,stimulated,CD4 T
CTAGGCCTCACTCC.1,stimulated,CD14 Mono
CTAGGCCTCCGAAT.1,stimulated,CD4 T
CTAGGCCTCCTATT.1,stimulated,CD14 Mono
CTAGGCCTGGTATC.1,stimulated,CD4 T
CTAGGTGATAAGCC.1,stimulated,CD8 T
CTAGGTGATGGAAA.1,stimulated,CD14 Mono
CTAGTTACACCCAA.1,stimulated,CD14 Mono
CTAGTTACAGAGAT.1,stimulated,CD14 Mono
CTAGTTACCAGAAA.1,stimulated,CD14 Mono
CTAGTTACCTATTC.1,stimulated,CD4 T
CTAGTTACGGGACA.1,stimulated,CD14 Mono
CTAGTTACGTCTGA.1,stimulated,CD4 T
CTAGTTACTGGTAC.11,stimulated,CD8 T
CTAGTTTGAATGCC.1,stimulated,CD14 Mono
CTAGTTTGCTAGAC.1,stimulated,CD8 T
CTAGTTTGGAGATA.1,stimulated,CD4 T
CTAGTTTGGCCAAT.1,stimulated,CD4 T
CTAGTTTGGGTGTT.1,stimulated,CD4 T
CTAGTTTGTACTGG.1,stimulated,CD4 T
CTAGTTTGTAGCGT.1,stimulated,CD4 T
CTATAAGATAAAGG.1,stimulated,NK
CTATACTGCCCGTT.1,stimulated,CD14 Mono
CTATACTGCTACCC.1,stimulated,B
CTATACTGGAGAGC.1,stimulated,CD14 Mono
CTATACTGTATCTC.1,stimulated,CD14 Mono
CTATAGCTACACGT.1,stimulated,CD4 T
CTATAGCTAGAAGT.1,stimulated,CD4 T
CTATAGCTCATGGT.1,stimulated,CD4 T
CTATAGCTGGCATT.1,stimulated,CD4 T
CTATCAACCTACGA.1,stimulated,B
CTATCAACCTGTTT.1,stimulated,CD16 Mono
CTATCAACGAATCC.1,stimulated,CD4 T
CTATCATGGAATAG.1,stimulated,CD14 Mono
CTATCATGGGACAG.1,stimulated,CD4 T
CTATCATGTCCGAA.1,stimulated,NK
CTATCATGTCTAGG.1,stimulated,CD4 T
CTATCATGTTGGTG.11,stimulated,B
CTATCATGTTTCTG.1,stimulated,T
CTATCCCTAAGTGA.1,stimulated,CD14 Mono
CTATCCCTAGATCC.1,stimulated,B
CTATCCCTATGACC.1,stimulated,CD4 T
CTATCCCTATGCCA.1,stimulated,CD4 T
CTATCCCTATTCTC.1,stimulated,CD16 Mono
CTATCCCTCATTTC.1,stimulated,CD14 Mono
CTATGACTCGTAAC.1,stimulated,CD8 T
CTATGACTCTAGAC.1,stimulated,T
CTATGACTGAGCTT.1,stimulated,CD4 T
CTATGACTGCTACA.11,stimulated,CD14 Mono
CTATGACTGGCGAA.1,stimulated,CD4 T
CTATGACTGTACAC.1,stimulated,B
CTATGACTTTCTCA.1,stimulated,CD14 Mono
CTATGTACAAAGCA.1,stimulated,CD14 Mono
CTATGTACCGTGTA.1,stimulated,CD16 Mono
CTATGTACTACTTC.1,stimulated,CD4 T
CTATGTACTGTGAC.1,stimulated,CD14 Mono
CTATGTACTTTCGT.1,stimulated,NK
CTATGTTGGGAGCA.11,stimulated,CD8 T
CTATGTTGTGCCCT.1,stimulated,CD4 T
CTATGTTGTGGTTG.1,stimulated,CD8 T
CTATTGACCTAGCA.1,stimulated,CD4 T
CTATTGACCTGATG.1,stimulated,CD4 T
CTATTGACTAAGGA.1,stimulated,DC
CTATTGTGAAAGCA.1,stimulated,CD14 Mono
CTATTGTGATCACG.1,stimulated,CD14 Mono
CTATTGTGATCGTG.1,stimulated,CD8 T
CTATTGTGCGTTGA.1,stimulated,CD14 Mono
CTCAATTGCCTGTC.1,stimulated,CD14 Mono
CTCAATTGGACTAC.1,stimulated,CD14 Mono
CTCAATTGGTAGCT.1,stimulated,CD4 T
CTCAATTGTTGCGA.1,stimulated,NK
CTCAGAGAAGAAGT.1,stimulated,CD4 T
CTCAGAGACTGAAC.1,stimulated,B
CTCAGAGACTTATC.1,stimulated,NK
CTCAGAGAGGATTC.1,stimulated,CD16 Mono
CTCAGAGATCGACA.1,stimulated,CD14 Mono
CTCAGCACCAGCTA.1,stimulated,T
CTCAGCACCCAACA.1,stimulated,CD14 Mono
CTCAGCACCCTATT.1,stimulated,CD4 T
CTCAGCACCTGTTT.1,stimulated,CD14 Mono
CTCAGCACGCGGAA.1,stimulated,CD8 T
CTCAGCACGTATGC.1,stimulated,DC
CTCAGCACTCCGAA.1,stimulated,CD14 Mono
CTCAGCACTCGCCT.1,stimulated,B
CTCAGCTGACAGCT.1,stimulated,CD4 T
CTCAGCTGCGTCTC.1,stimulated,CD4 T
CTCAGCTGTTTCTG.1,stimulated,CD4 T
CTCAGGCTACGACT.1,stimulated,CD4 T
CTCAGGCTAGCCTA.1,stimulated,CD4 T
CTCAGGCTCTGAAC.1,stimulated,B
CTCAGGCTTAACGC.1,stimulated,CD14 Mono
CTCAGGCTTTCGGA.1,stimulated,CD4 T
CTCAGGCTTTGACG.1,stimulated,CD4 T
CTCATTGAGCTATG.1,stimulated,CD14 Mono
CTCATTGAGGGATG.1,stimulated,T
CTCATTGATGGGAG.1,stimulated,CD14 Mono
CTCCACGAACGGGA.11,stimulated,CD4 T
CTCCACGATTGACG.1,stimulated,CD4 T
CTCCATCTGATACC.1,stimulated,CD4 T
CTCCATCTTAGAGA.1,stimulated,CD4 T
CTCCATCTTTCTGT.1,stimulated,CD4 T
CTCCGAACAGCAAA.1,stimulated,CD14 Mono
CTCCGAACTAAAGG.1,stimulated,CD4 T
CTCCGAACTAGAAG.1,stimulated,NK
CTCCGAACTAGTCG.1,stimulated,T
CTCCGAACTCCCGT.1,stimulated,CD16 Mono
CTCCTACTGTCTAG.1,stimulated,CD4 T
CTCCTACTTCCGTC.1,stimulated,CD4 T
CTCGAAGAACACAC.1,stimulated,CD4 T
CTCGAAGAAGGCGA.1,stimulated,T
CTCGAAGACTAAGC.1,stimulated,CD4 T
CTCGAAGAGAGATA.1,stimulated,CD4 T
CTCGACACCGCAAT.1,stimulated,CD14 Mono
CTCGACACGTGTAC.1,stimulated,T
CTCGACACTACGCA.1,stimulated,CD4 T
CTCGACACTCCAAG.1,stimulated,CD14 Mono
CTCGACTGTCGATG.1,stimulated,CD4 T
CTCGACTGTTCACT.11,stimulated,CD14 Mono
CTCGAGCTCAGGAG.1,stimulated,B
CTCGAGCTCCTGAA.1,stimulated,B
CTCGAGCTCTCTTA.1,stimulated,CD4 T
CTCGAGCTGATGAA.1,stimulated,NK
CTCGAGCTGGAGGT.1,stimulated,CD14 Mono
CTCGAGCTGGTAGG.1,stimulated,CD4 T
CTCGAGCTTTGTCT.1,stimulated,DC
CTCGCATGTCGACA.1,stimulated,CD16 Mono
CTCGCATGTTCGTT.1,stimulated,CD14 Mono
CTCGCATGTTGACG.1,stimulated,CD14 Mono
CTCTAAACACTGTG.1,stimulated,CD14 Mono
CTCTAAACATCTCT.1,stimulated,CD4 T
CTCTAAACGAGCAG.1,stimulated,CD14 Mono
CTCTAAACGTGCAT.1,stimulated,CD8 T
CTCTAATGCCTCGT.1,stimulated,CD16 Mono
CTCTAATGGAATCC.1,stimulated,CD14 Mono
CTCTAATGGACAGG.1,stimulated,CD8 T
CTCTAATGGCCCTT.1,stimulated,CD4 T
CTGAACGAAGTAGA.1,stimulated,CD16 Mono
CTGAACGACCAAGT.1,stimulated,CD14 Mono
CTGAACGACGCCTT.1,stimulated,CD14 Mono
CTGAACGACTGGAT.1,stimulated,B
CTGAACGATTCATC.1,stimulated,CD14 Mono
CTGAACGATTCCCG.1,stimulated,B
CTGAAGACCACACA.1,stimulated,CD4 T
CTGAAGACCATGGT.1,stimulated,CD8 T
CTGAAGACCCTCAC.1,stimulated,CD4 T
CTGAAGACGAGCTT.1,stimulated,B
CTGAAGACGGTAGG.1,stimulated,CD14 Mono
CTGAAGTGACGTGT.1,stimulated,CD14 Mono
CTGAAGTGGCTTCC.1,stimulated,CD14 Mono
CTGAAGTGTGCACA.1,stimulated,B
CTGAAGTGTTTCAC.1,stimulated,CD4 T
CTGAATCTAAACAG.1,stimulated,CD4 T
CTGAATCTAGAGAT.1,stimulated,CD4 T
CTGAATCTAGATGA.1,stimulated,CD14 Mono
CTGAATCTGGAACG.1,stimulated,NK
CTGAATCTTAAGCC.1,stimulated,CD4 T
CTGAATCTTCGCAA.1,stimulated,CD14 Mono
CTGAATCTTGGCAT.1,stimulated,CD14 Mono
CTGACAGACAACCA.1,stimulated,CD8 T
CTGACAGACAACTG.1,stimulated,CD8 T
CTGACAGACCAGTA.1,stimulated,CD16 Mono
CTGACCACACAGCT.1,stimulated,CD8 T
CTGACCACGGTATC.1,stimulated,DC
CTGACCACGTAGGG.1,stimulated,B
CTGACCACTGAGCT.11,stimulated,CD4 T
CTGACCACTGGCAT.1,stimulated,CD4 T
CTGACCACTGGTGT.1,stimulated,T
CTGAGAACCATCAG.1,stimulated,B
CTGAGAACCCTGTC.1,stimulated,CD16 Mono
CTGAGAACCTTGTT.1,stimulated,CD4 T
CTGAGCCTGAGGTG.1,stimulated,CD4 T
CTGAGCCTTACGCA.1,stimulated,CD4 T
CTGAGCCTTCTCAT.1,stimulated,CD4 T
CTGAGCCTTGACAC.1,stimulated,CD8 T
CTGATACTCACTTT.1,stimulated,CD4 T
CTGATACTCCTTGC.1,stimulated,CD4 T
CTGATACTCTGTTT.1,stimulated,CD14 Mono
CTGATACTTAGAGA.1,stimulated,B
CTGATACTTGCAAC.1,stimulated,CD14 Mono
CTGATACTTTCATC.1,stimulated,CD8 T
CTGATACTTTGACG.1,stimulated,CD4 T
CTGATGGAAATGCC.1,stimulated,CD4 T
CTGATGGACTATGG.1,stimulated,CD8 T
CTGATGGATGCTTT.1,stimulated,CD14 Mono
CTGATTTGAACGGG.1,stimulated,B
CTGATTTGCAGGAG.1,stimulated,B
CTGATTTGCTTATC.1,stimulated,CD16 Mono
CTGATTTGGACAGG.1,stimulated,T
CTGATTTGGTGAGG.1,stimulated,CD14 Mono
CTGATTTGTCACCC.1,stimulated,B
CTGATTTGTCTCCG.1,stimulated,CD4 T
CTGCAGCTTAGACC.1,stimulated,CD8 T
CTGCAGCTTGAAGA.1,stimulated,CD14 Mono
CTGCAGCTTTGGCA.1,stimulated,CD4 T
CTGCCAACCCATAG.1,stimulated,CD14 Mono
CTGCCAACCCATGA.1,stimulated,T
CTGCCAACCCCTAC.1,stimulated,B
CTGCCAACCTAAGC.1,stimulated,CD16 Mono
CTGCCAACTTGTCT.1,stimulated,CD4 T
CTGCGACTTGAAGA.1,stimulated,CD4 T
CTGGAAACACACGT.1,stimulated,CD16 Mono
CTGGAAACACCACA.1,stimulated,B
CTGGAAACATGTCG.1,stimulated,CD4 T
CTGGAAACCACTTT.1,stimulated,CD4 T
CTGGAAACGGAGGT.1,stimulated,CD4 T
CTGGATGAAGTAGA.1,stimulated,CD4 T
CTGGATGAGACAAA.1,stimulated,CD14 Mono
CTGGATGAGAGGTG.1,stimulated,T
CTGGATGAGCTACA.1,stimulated,T
CTGGATGATAAGGA.1,stimulated,CD14 Mono
CTGGATGATACTCT.1,stimulated,CD4 T
CTGGATGATGACCA.1,stimulated,CD4 T
CTGGATGATGTTCT.1,stimulated,CD4 T
CTGGATGATTATCC.1,stimulated,CD4 T
CTGGCACTCCGTAA.1,stimulated,CD14 Mono
CTGGCACTCCTCCA.1,stimulated,CD14 Mono
CTGGCACTCTTGCC.1,stimulated,CD4 T
CTGGCACTGAGAGC.1,stimulated,T
CTGGCACTGTCGTA.1,stimulated,CD8 T
CTGTAACTATGTGC.1,stimulated,CD16 Mono
CTGTAACTTCACCC.1,stimulated,CD8 T
CTGTAACTTGGTAC.1,stimulated,CD4 T
CTGTATACAGACTC.1,stimulated,CD4 T
CTGTATACCCTGTC.1,stimulated,NK
CTGTATACGTATGC.1,stimulated,CD4 T
CTGTATACTGCTCC.1,stimulated,CD8 T
CTGTGAGAATGCCA.1,stimulated,CD14 Mono
CTGTGAGAGGCATT.1,stimulated,CD4 T
CTGTGAGATCTCTA.1,stimulated,B
CTGTGAGATGTCTT.1,stimulated,B
CTTAAAGAAAAGCA.1,stimulated,CD14 Mono
CTTAAAGAACGTGT.1,stimulated,CD4 T
CTTAAAGACTATTC.1,stimulated,CD4 T
CTTAAAGAGCTAAC.1,stimulated,B
CTTAAAGAGTAGCT.1,stimulated,CD4 T
CTTAAAGATATGCG.1,stimulated,CD16 Mono
CTTAAAGATGTCTT.1,stimulated,T
CTTAAAGATTTCTG.1,stimulated,CD16 Mono
CTTAACACAGCCAT.1,stimulated,DC
CTTAACACAGTTCG.1,stimulated,CD4 T
CTTAAGCTACGTTG.1,stimulated,CD16 Mono
CTTAAGCTGGTACT.1,stimulated,CD8 T
CTTAAGCTTATGGC.1,stimulated,B
CTTACAACACGTGT.1,stimulated,CD4 T
CTTACAACACGTTG.1,stimulated,CD4 T
CTTACAACCTTAGG.1,stimulated,CD16 Mono
CTTACAACGCGAGA.1,stimulated,CD14 Mono
CTTACAACGCTATG.1,stimulated,CD14 Mono
CTTACAACTGGTCA.1,stimulated,CD8 T
CTTACAACTTGGCA.1,stimulated,CD14 Mono
CTTACAACTTTCTG.1,stimulated,CD4 T
CTTACATGCCATGA.1,stimulated,CD8 T
CTTACATGCGAATC.1,stimulated,B
CTTACATGCGCAAT.1,stimulated,CD4 T
CTTACATGCGTTAG.1,stimulated,CD14 Mono
CTTACATGGTTAGC.1,stimulated,DC
CTTACATGGTTCAG.1,stimulated,CD8 T
CTTACATGTTTCTG.1,stimulated,CD14 Mono
CTTACTGAAAGGGC.1,stimulated,NK
CTTACTGAACCACA.1,stimulated,CD14 Mono
CTTACTGAACGCAT.1,stimulated,CD8 T
CTTACTGACTCTTA.1,stimulated,CD14 Mono
CTTACTGAGGAGGT.1,stimulated,B
CTTACTGATTGTCT.11,stimulated,CD4 T
CTTAGACTAACCAC.1,stimulated,CD4 T
CTTAGACTACCAGT.1,stimulated,CD14 Mono
CTTAGACTACTACG.1,stimulated,DC
CTTAGACTCACCAA.1,stimulated,CD14 Mono
CTTAGGGAAAAAGC.1,stimulated,CD16 Mono
CTTAGGGACTGCAA.1,stimulated,CD16 Mono
CTTAGGGATCGATG.1,stimulated,CD16 Mono
CTTAGGGATGGTCA.1,stimulated,CD14 Mono
CTTATCGACAGCTA.1,stimulated,CD4 T
CTTATCGAGATAAG.1,stimulated,CD4 T
CTTATCGATTTCGT.1,stimulated,DC
CTTCACCTAGAAGT.1,stimulated,CD14 Mono
CTTCACCTAGTGCT.1,stimulated,CD8 T
CTTCACCTATGTGC.1,stimulated,CD4 T
CTTCACCTCCCTTG.1,stimulated,T
CTTCACCTCGACAT.1,stimulated,CD4 T
CTTCACCTGTCGTA.1,stimulated,CD4 T
CTTCACCTTAAGCC.1,stimulated,CD4 T
CTTCACCTTCGACA.1,stimulated,CD14 Mono
CTTCACCTTCTTTG.1,stimulated,T
CTTCACCTTGACTG.1,stimulated,T
CTTCACCTTGGTCA.1,stimulated,CD4 T
CTTCATGAAACCTG.1,stimulated,B
CTTCATGACTAGCA.1,stimulated,CD14 Mono
CTTCATGAGGGTGA.1,stimulated,B
CTTCATGATCTCAT.1,stimulated,T
CTTCTAGAATGACC.1,stimulated,CD4 T
CTTCTAGACTTGAG.1,stimulated,CD4 T
CTTCTAGACTTGTT.1,stimulated,B
CTTGAACTAACGGG.1,stimulated,CD8 T
CTTGAACTATGACC.1,stimulated,B
CTTGAACTCCTGAA.1,stimulated,CD14 Mono
CTTGAACTCTGTAG.1,stimulated,B
CTTGAACTGCCATA.1,stimulated,B
CTTGAACTGCCCTT.1,stimulated,CD14 Mono
CTTGAGGAAACCGT.1,stimulated,CD8 T
CTTGAGGAAAGCAA.1,stimulated,CD4 T
CTTGAGGAAGCTAC.1,stimulated,CD14 Mono
CTTGAGGAATGGTC.1,stimulated,CD4 T
CTTGAGGACTCAAG.1,stimulated,CD4 T
CTTGAGGACTCATT.1,stimulated,CD4 T
CTTGAGGATTGCAG.1,stimulated,CD14 Mono
CTTGAGGATTGGTG.1,stimulated,CD8 T
CTTGATTGAATGCC.1,stimulated,CD4 T
CTTGATTGCTACCC.1,stimulated,CD4 T
CTTGATTGGGTACT.1,stimulated,CD14 Mono
CTTGATTGTAAGGA.1,stimulated,CD4 T
CTTGATTGTACAGC.1,stimulated,CD4 T
CTTGTATGACGACT.1,stimulated,CD4 T
CTTGTATGATCGTG.1,stimulated,CD16 Mono
CTTGTATGCTCGCT.1,stimulated,CD16 Mono
CTTGTATGTCTATC.1,stimulated,CD14 Mono
CTTTACGAAGCCAT.1,stimulated,CD8 T
CTTTACGACGAATC.1,stimulated,CD8 T
CTTTACGACTTCCG.1,stimulated,CD4 T
CTTTACGAGTTAGC.1,stimulated,CD4 T
CTTTACGATTCATC.1,stimulated,T
CTTTAGACGACTAC.1,stimulated,B
CTTTAGACGTCACA.1,stimulated,CD8 T
CTTTAGACTCGCAA.1,stimulated,B
CTTTAGACTGGGAG.11,stimulated,T
CTTTAGTGCTACCC.1,stimulated,NK
CTTTAGTGCTTTAC.1,stimulated,CD4 T
CTTTAGTGGGTGTT.1,stimulated,B
CTTTCAGACAACCA.1,stimulated,B
CTTTCAGAGACGAG.1,stimulated,B
CTTTCAGAGTGTCA.1,stimulated,CD4 T
CTTTCAGATAGCCA.1,stimulated,CD4 T
CTTTCAGATCTCCG.1,stimulated,CD14 Mono
CTTTCAGATTTCTG.1,stimulated,B
CTTTGATGCCGAAT.1,stimulated,CD8 T
CTTTGATGGGGTGA.1,stimulated,CD16 Mono
CTTTGATGGGTGGA.1,stimulated,CD16 Mono
CTTTGATGGTAGGG.1,stimulated,CD4 T
CTTTGATGGTCACA.1,stimulated,CD14 Mono
CTTTGATGGTGTTG.1,stimulated,CD8 T
GAAACAGAAGTTCG.11,stimulated,NK
GAAACAGATACTTC.1,stimulated,CD14 Mono
GAAACAGATGGGAG.1,stimulated,CD4 T
GAAACAGATGGTAC.1,stimulated,CD14 Mono
GAAACCTGCTATTC.1,stimulated,DC
GAAACCTGCTTTAC.1,stimulated,CD4 T
GAAACCTGGCAAGG.1,stimulated,T
GAAACCTGGTAAGA.1,stimulated,CD8 T
GAAACCTGTCTTTG.1,stimulated,T
GAAAGATGAGTACC.1,stimulated,T
GAAAGATGCACTTT.1,stimulated,CD14 Mono
GAAAGATGGCCTTC.1,stimulated,B
GAAAGATGGGATCT.1,stimulated,CD4 T
GAAAGATGGGCAAG.1,stimulated,T
GAAAGATGTAAAGG.1,stimulated,CD4 T
GAAAGCCTCAAAGA.1,stimulated,CD14 Mono
GAAAGTGAAGAAGT.1,stimulated,CD4 T
GAAAGTGACGTCTC.1,stimulated,CD4 T
GAAAGTGACTTCGC.1,stimulated,CD14 Mono
GAAAGTGAGAATCC.1,stimulated,B
GAAAGTGATTCAGG.1,stimulated,CD8 T
GAAATACTACCTCC.1,stimulated,CD4 T
GAAATACTAGTCAC.1,stimulated,CD14 Mono
GAAATACTCGACTA.1,stimulated,B
GAAATACTCTGAAC.1,stimulated,CD4 T
GAAATACTGGTTTG.1,stimulated,CD4 T
GAAATACTTGGGAG.1,stimulated,CD16 Mono
GAAATACTTGGTAC.1,stimulated,CD4 T
GAAATACTTTGCAG.1,stimulated,CD14 Mono
GAACACACAGCCAT.1,stimulated,CD4 T
GAACACACTGGTGT.1,stimulated,CD14 Mono
GAACACACTTCAGG.1,stimulated,NK
GAACAGCTCACTGA.1,stimulated,CD16 Mono
GAACAGCTGCCTTC.1,stimulated,B
GAACAGCTGGACGA.1,stimulated,CD4 T
GAACAGCTGTACAC.1,stimulated,CD8 T
GAACCAACCGGAGA.1,stimulated,CD14 Mono
GAACCAACCTCCCA.1,stimulated,CD4 T
GAACCTGAACACCA.1,stimulated,CD4 T
GAACCTGATCAAGC.1,stimulated,CD14 Mono
GAACGGGAACCACA.1,stimulated,CD4 T
GAACGGGAATGCTG.1,stimulated,CD14 Mono
GAACGGGACTCGAA.1,stimulated,B
GAACGGGACTGATG.1,stimulated,CD4 T
GAACGGGATACGAC.1,stimulated,B
GAACGGGATGGTCA.1,stimulated,CD4 T
GAACGTTGAAAGCA.1,stimulated,CD16 Mono
GAACGTTGAGTACC.1,stimulated,CD14 Mono
GAACGTTGCTACTT.1,stimulated,B
GAACGTTGTGAGAA.1,stimulated,B
GAACGTTGTTCATC.1,stimulated,CD14 Mono
GAACTGTGCGTTAG.1,stimulated,CD4 T
GAACTGTGGTTGAC.1,stimulated,DC
GAACTGTGTAGAGA.1,stimulated,B
GAACTGTGTATCGG.1,stimulated,CD8 T
GAAGAATGATGTGC.1,stimulated,CD14 Mono
GAAGAATGCTAGCA.1,stimulated,B
GAAGAATGGCAGTT.1,stimulated,CD14 Mono
GAAGAATGTACGCA.1,stimulated,B
GAAGAATGTGAGCT.1,stimulated,CD14 Mono
GAAGATGACTGAGT.1,stimulated,CD14 Mono
GAAGATGACTTCCG.1,stimulated,CD16 Mono
GAAGATGAGTATCG.1,stimulated,CD4 T
GAAGATGATCAGTG.1,stimulated,CD4 T
GAAGATGATGGTTG.1,stimulated,CD4 T
GAAGCGGAAAGATG.1,stimulated,CD4 T
GAAGCGGAAAGGCG.1,stimulated,CD4 T
GAAGCGGAAAGGTA.1,stimulated,CD4 T
GAAGCGGAAGACTC.1,stimulated,CD8 T
GAAGCGGACTTGCC.1,stimulated,CD4 T
GAAGCGGAGCGGAA.1,stimulated,B
GAAGCTACCAGAGG.1,stimulated,CD8 T
GAAGCTACCAGGAG.1,stimulated,CD16 Mono
GAAGCTACCCCTCA.1,stimulated,CD14 Mono
GAAGCTACCCGCTT.1,stimulated,CD16 Mono
GAAGCTACGTAGGG.1,stimulated,CD16 Mono
GAAGCTTGCCTTTA.1,stimulated,CD8 T
GAAGCTTGTAACCG.1,stimulated,CD14 Mono
GAAGCTTGTCCGTC.1,stimulated,CD4 T
GAAGGGTGAGAAGT.1,stimulated,B
GAAGGGTGAGCACT.1,stimulated,CD14 Mono
GAAGGGTGATACCG.1,stimulated,CD14 Mono
GAAGGGTGCATCAG.1,stimulated,CD14 Mono
GAAGGGTGGAACCT.1,stimulated,CD14 Mono
GAAGGGTGGACGGA.1,stimulated,CD4 T
GAAGGTCTAGAAGT.1,stimulated,CD16 Mono
GAAGGTCTAGTTCG.1,stimulated,CD14 Mono
GAAGGTCTATCGTG.1,stimulated,DC
GAAGGTCTGCAAGG.1,stimulated,CD4 T
GAAGTAGAACGGGA.1,stimulated,CD4 T
GAAGTAGACGTAAC.1,stimulated,CD4 T
GAAGTAGACTGTAG.1,stimulated,CD14 Mono
GAAGTAGAGTTGCA.1,stimulated,CD14 Mono
GAAGTCACATCTTC.1,stimulated,T
GAAGTCACCCAGTA.1,stimulated,CD4 T
GAAGTCACGGACGA.1,stimulated,CD14 Mono
GAAGTCACGTGTAC.1,stimulated,CD14 Mono
GAAGTCACTCGTAG.1,stimulated,B
GAAGTCTGAAACGA.1,stimulated,CD14 Mono
GAAGTCTGACTCAG.1,stimulated,CD14 Mono
GAAGTCTGCACTGA.1,stimulated,CD8 T
GAAGTCTGCCTAAG.1,stimulated,CD4 T
GAAGTCTGGTCATG.1,stimulated,NK
GAAGTCTGTTTGCT.11,stimulated,CD16 Mono
GAAGTGCTAGCGTT.1,stimulated,CD4 T
GAAGTGCTCAGATC.11,stimulated,CD14 Mono
GAAGTGCTGTCTTT.1,stimulated,CD14 Mono
GAATGCACCAGAAA.1,stimulated,CD4 T
GAATGCACCATACG.1,stimulated,CD14 Mono
GAATGCACGCTATG.1,stimulated,B
GAATGCACGTTCGA.1,stimulated,CD4 T
GAATGCACTTACCT.1,stimulated,CD14 Mono
GAATGCTGCCACCT.1,stimulated,CD4 T
GAATGCTGCCCACT.1,stimulated,CD14 Mono
GAATGCTGGCTCCT.1,stimulated,CD14 Mono
GAATGCTGTTCATC.1,stimulated,B
GAATGGCTAAACAG.1,stimulated,CD16 Mono
GAATGGCTAGATCC.1,stimulated,DC
GAATGGCTATTCTC.1,stimulated,CD14 Mono
GAATGGCTCCCTAC.1,stimulated,CD16 Mono
GAATGGCTCTAAGC.1,stimulated,CD16 Mono
GAATGGCTCTCAAG.11,stimulated,CD4 T
GAATGGCTCTCATT.1,stimulated,CD16 Mono
GAATGGCTGTTCAG.1,stimulated,NK
GAATGGCTTCTCCG.1,stimulated,DC
GAATGGCTTGTCGA.1,stimulated,CD16 Mono
GAATTAACACTTTC.1,stimulated,CD14 Mono
GAATTAACTTCAGG.1,stimulated,CD4 T
GACAACACACGTAC.1,stimulated,CD14 Mono
GACAACACCGTCTC.1,stimulated,CD14 Mono
GACAACACGGAGTG.1,stimulated,CD14 Mono
GACAACACGTTAGC.1,stimulated,CD4 T
GACAACACTTGAGC.1,stimulated,CD14 Mono
GACAACTGCCATAG.1,stimulated,DC
GACAACTGCGCTAA.1,stimulated,NK
GACAACTGCTAGTG.1,stimulated,CD4 T
GACAACTGTGCGTA.1,stimulated,CD14 Mono
GACACTGAACTACG.1,stimulated,DC
GACACTGACTGTAG.1,stimulated,CD14 Mono
GACACTGAGGTCAT.1,stimulated,T
GACACTGATTCTAC.1,stimulated,CD14 Mono
GACACTGATTTACC.1,stimulated,CD4 T
GACAGGGATCGCCT.1,stimulated,CD4 T
GACAGTACCATTTC.1,stimulated,CD14 Mono
GACAGTACGCAAGG.1,stimulated,T
GACAGTACGCGTTA.11,stimulated,CD14 Mono
GACAGTACGCTGTA.1,stimulated,CD4 T
GACAGTACGTCAAC.1,stimulated,B
GACAGTACTCCTCG.1,stimulated,CD16 Mono
GACAGTACTTCCGC.1,stimulated,B
GACAGTTGCCTTAT.1,stimulated,CD8 T
GACAGTTGGAAGGC.1,stimulated,CD4 T
GACAGTTGTCAGAC.1,stimulated,B
GACAGTTGTCCGAA.1,stimulated,CD4 T
GACATTCTACAGTC.1,stimulated,T
GACATTCTACCGAT.1,stimulated,CD4 T
GACATTCTGACGAG.1,stimulated,CD8 T
GACATTCTGAGCTT.1,stimulated,B
GACATTCTGGAACG.1,stimulated,CD14 Mono
GACATTCTGTTTGG.1,stimulated,CD8 T
GACCAAACACGGGA.1,stimulated,CD16 Mono
GACCAAACAGTGTC.1,stimulated,CD14 Mono
GACCAAACATTGGC.1,stimulated,CD16 Mono
GACCAAACCTACCC.1,stimulated,CD14 Mono
GACCAAACGATAGA.1,stimulated,CD14 Mono
GACCAAACGTTCAG.1,stimulated,CD14 Mono
GACCAAACTAGCGT.1,stimulated,CD4 T
GACCATGAAAGGTA.1,stimulated,CD4 T
GACCCTACATTCTC.1,stimulated,CD14 Mono
GACCTAGAAAGCAA.1,stimulated,CD16 Mono
GACCTAGACGCCTT.1,stimulated,CD4 T
GACCTAGACGCTAA.1,stimulated,CD14 Mono
GACCTCACAAGATG.1,stimulated,CD16 Mono
GACCTCACACCCAA.1,stimulated,CD4 T
GACCTCACAGGGTG.1,stimulated,CD8 T
GACCTCACGTATCG.1,stimulated,CD14 Mono
GACCTCACTGCTAG.1,stimulated,CD8 T
GACCTCACTGGTCA.1,stimulated,CD14 Mono
GACCTCTGAGGGTG.1,stimulated,CD14 Mono
GACCTCTGCTGAAC.1,stimulated,B
GACCTCTGGTGCTA.1,stimulated,CD16 Mono
GACCTCTGTCTTCA.1,stimulated,CD4 T
GACCTCTGTGCTTT.1,stimulated,CD8 T
GACCTCTGTTGCGA.1,stimulated,CD14 Mono
GACGAACTCATCAG.1,stimulated,CD4 T
GACGAACTGTCAAC.1,stimulated,B
GACGAACTTATCTC.1,stimulated,CD4 T
GACGAACTTTTGTC.1,stimulated,CD4 T
GACGAGGACATGAC.1,stimulated,CD4 T
GACGAGGACCCGTT.1,stimulated,CD14 Mono
GACGAGGACCGATA.1,stimulated,NK
GACGAGGACGTGAT.1,stimulated,CD4 T
GACGAGGAGGACAG.1,stimulated,B
GACGAGGAGGGACA.1,stimulated,CD16 Mono
GACGAGGAGTCTAG.1,stimulated,CD16 Mono
GACGAGGATGTGAC.1,stimulated,CD4 T
GACGAGGATTGAGC.1,stimulated,CD16 Mono
GACGATTGACGGGA.1,stimulated,CD8 T
GACGATTGAGAGGC.1,stimulated,CD4 T
GACGATTGCTTATC.1,stimulated,CD14 Mono
GACGCCGAGCTGAT.1,stimulated,CD16 Mono
GACGCCGAGGAGGT.1,stimulated,NK
GACGCCGAGTGTAC.1,stimulated,CD4 T
GACGCCGAGTTAGC.1,stimulated,CD8 T
GACGCCGAGTTGAC.1,stimulated,CD14 Mono
GACGCCGATTTCTG.1,stimulated,CD16 Mono
GACGCTCTCGATAC.1,stimulated,CD16 Mono
GACGCTCTCTGTGA.1,stimulated,CD4 T
GACGCTCTGTGCTA.1,stimulated,CD14 Mono
GACGCTCTTCCGAA.1,stimulated,CD14 Mono
GACGCTCTTGCTAG.1,stimulated,CD4 T
GACGCTCTTGTGAC.1,stimulated,CD14 Mono
GACGGCACACAGCT.1,stimulated,CD4 T
GACGGCACGTTCAG.1,stimulated,CD14 Mono
GACGGCACTTTACC.1,stimulated,NK
GACGTAACAAAAGC.1,stimulated,B
GACGTAACACGTGT.1,stimulated,CD14 Mono
GACGTAACCACACA.1,stimulated,B
GACGTAACCGCTAA.11,stimulated,CD14 Mono
GACGTAACGAATCC.1,stimulated,CD14 Mono
GACGTAACGAGAGC.1,stimulated,CD4 T
GACGTAACGTAGGG.1,stimulated,CD14 Mono
GACGTAACGTTTGG.1,stimulated,CD8 T
GACGTAACTGCTAG.1,stimulated,CD4 T
GACGTAACTGCTCC.1,stimulated,CD14 Mono
GACGTATGACTAGC.1,stimulated,CD4 T
GACGTATGCCGTTC.1,stimulated,CD8 T
GACGTATGGAAACA.1,stimulated,CD4 T
GACGTATGTAACCG.1,stimulated,CD14 Mono
GACGTCCTAAGTAG.1,stimulated,CD4 T
GACGTCCTATCTTC.1,stimulated,CD4 T
GACGTCCTGAGGCA.11,stimulated,B
GACGTCCTGCGATT.1,stimulated,CD4 T
GACGTCCTGGTAGG.1,stimulated,CD16 Mono
GACGTCCTTCTTCA.1,stimulated,CD4 T
GACGTCCTTGAACC.1,stimulated,CD4 T
GACGTCCTTGTTCT.1,stimulated,CD14 Mono
GACGTCCTTTTCTG.11,stimulated,DC
GACTACGACCTTTA.1,stimulated,CD14 Mono
GACTACGAGAGGGT.11,stimulated,NK
GACTACGAGTCTGA.1,stimulated,CD4 T
GACTACGAGTGAGG.11,stimulated,CD4 T
GACTACGATGTGAC.1,stimulated,CD14 Mono
GACTACGATGTTTC.1,stimulated,CD4 T
GACTACGATTCACT.1,stimulated,CD14 Mono
GACTCCTGAACTGC.1,stimulated,CD14 Mono
GACTCCTGCTTCTA.1,stimulated,CD4 T
GACTCCTGGAGCAG.1,stimulated,DC
GACTCCTGGGTTTG.1,stimulated,CD14 Mono
GACTCCTGTATCTC.1,stimulated,CD14 Mono
GACTCCTGTGTAGC.1,stimulated,CD4 T
GACTGAACAAGTGA.1,stimulated,CD14 Mono
GACTGAACATCTCT.1,stimulated,NK
GACTGAACCCAGTA.1,stimulated,CD14 Mono
GACTGATGAAGGGC.1,stimulated,CD14 Mono
GACTGATGACACAC.1,stimulated,B
GACTGATGGAATCC.1,stimulated,CD4 T
GACTGATGGTCCTC.1,stimulated,CD14 Mono
GACTGATGGTTTGG.1,stimulated,CD4 T
GACTGATGTAGACC.1,stimulated,NK
GACTGATGTGCCAA.1,stimulated,CD8 T
GACTGTGAAAGCAA.1,stimulated,CD4 T
GACTGTGAAGATCC.1,stimulated,CD14 Mono
GACTGTGAAGGCGA.1,stimulated,CD16 Mono
GACTGTGAAGTGCT.1,stimulated,CD16 Mono
GACTGTGACAGATC.1,stimulated,CD14 Mono
GACTGTGAGGAAGC.1,stimulated,CD14 Mono
GACTGTGAGGTGGA.1,stimulated,CD4 T
GACTGTGATCTTCA.1,stimulated,NK
GACTGTGATGCCAA.1,stimulated,NK
GACTGTGATTCGGA.1,stimulated,CD14 Mono
GACTTTACATTCGG.1,stimulated,B
GACTTTACCAGATC.1,stimulated,CD4 T
GACTTTACTAAAGG.1,stimulated,CD4 T
GACTTTACTTGCGA.1,stimulated,CD4 T
GAGAAATGAGCAAA.1,stimulated,CD14 Mono
GAGAAATGTCCAAG.1,stimulated,CD8 T
GAGAAATGTTTCTG.1,stimulated,CD4 T
GAGAAATGTTTGTC.1,stimulated,B
GAGAGGTGACACTG.1,stimulated,DC
GAGAGGTGAGCACT.1,stimulated,CD16 Mono
GAGAGGTGCTGGAT.1,stimulated,CD4 T
GAGAGGTGTCGCCT.1,stimulated,CD4 T
GAGAGGTGTTTCGT.1,stimulated,CD14 Mono
GAGATAGAAACGGG.1,stimulated,CD14 Mono
GAGATAGACCGTAA.1,stimulated,CD4 T
GAGATAGATGAGGG.1,stimulated,CD14 Mono
GAGATAGATGCTAG.1,stimulated,CD4 T
GAGATAGATGGTAC.1,stimulated,CD4 T
GAGATCACACACTG.1,stimulated,CD14 Mono
GAGATCACAGACTC.1,stimulated,CD14 Mono
GAGATCACCCAAGT.1,stimulated,NK
GAGATCACCTTGGA.1,stimulated,CD14 Mono
GAGATCACTCCCGT.1,stimulated,CD4 T
GAGATCACTGATGC.1,stimulated,CD4 T
GAGATCACTGCATG.1,stimulated,CD14 Mono
GAGATGCTAAGGGC.1,stimulated,CD4 T
GAGATGCTACCTAG.1,stimulated,NK
GAGATGCTATCGAC.1,stimulated,CD14 Mono
GAGATGCTCGGTAT.1,stimulated,CD14 Mono
GAGATGCTGTCATG.1,stimulated,CD4 T
GAGATGCTTACAGC.1,stimulated,CD4 T
GAGATGCTTGACTG.1,stimulated,CD14 Mono
GAGATGCTTTAGGC.1,stimulated,CD16 Mono
GAGCAACTACGTGT.1,stimulated,CD4 T
GAGCAACTCTAAGC.1,stimulated,CD14 Mono
GAGCAACTGCTGAT.1,stimulated,CD14 Mono
GAGCAACTGTAAAG.1,stimulated,NK
GAGCAGGAACAGCT.1,stimulated,CD14 Mono
GAGCAGGAAGTCTG.1,stimulated,T
GAGCAGGACACTAG.1,stimulated,CD16 Mono
GAGCAGGACCCGTT.1,stimulated,CD16 Mono
GAGCAGGACGTAAC.1,stimulated,B
GAGCAGGAGGCAAG.1,stimulated,DC
GAGCAGGATCGACA.1,stimulated,CD14 Mono
GAGCATACACCAGT.1,stimulated,CD4 T
GAGCATACATCGAC.1,stimulated,B
GAGCATACCCAAGT.1,stimulated,CD14 Mono
GAGCATACGGAAGC.1,stimulated,CD4 T
GAGCATACGGAGTG.1,stimulated,CD16 Mono
GAGCATACGGATCT.1,stimulated,CD14 Mono
GAGCATACGGGATG.1,stimulated,CD14 Mono
GAGCGAGAACTCTT.1,stimulated,CD4 T
GAGCGAGACACAAC.1,stimulated,CD4 T
GAGCGAGACGAGTT.1,stimulated,CD14 Mono
GAGCGAGAGAATAG.1,stimulated,T
GAGCGAGAGCGTAT.1,stimulated,CD4 T
GAGCGAGATGGTCA.1,stimulated,CD14 Mono
GAGCGAGATGTCGA.1,stimulated,CD4 T
GAGCGAGATTCTAC.1,stimulated,B
GAGCGCACAGAGAT.1,stimulated,CD14 Mono
GAGCGCACCAGAGG.1,stimulated,CD4 T
GAGCGCACCCAATG.1,stimulated,B
GAGCGCTGACCTCC.1,stimulated,CD14 Mono
GAGCGCTGCAAAGA.1,stimulated,CD14 Mono
GAGCGCTGCTGGAT.1,stimulated,NK
GAGCGCTGGGCGAA.1,stimulated,CD4 T
GAGCGCTGTTGTGG.1,stimulated,B
GAGCGCTGTTTCTG.1,stimulated,CD8 T
GAGCGGCTAACGGG.1,stimulated,DC
GAGCGGCTATGGTC.1,stimulated,CD4 T
GAGCGGCTTGTCTT.1,stimulated,B
GAGCTCCTGTTGTG.1,stimulated,CD14 Mono
GAGCTCCTTACAGC.1,stimulated,CD14 Mono
GAGGACGAACTCTT.1,stimulated,B
GAGGACGACGGGAA.1,stimulated,CD4 T
GAGGACGAGCAGTT.1,stimulated,B
GAGGACGAGGCAAG.1,stimulated,CD14 Mono
GAGGACGAGGTTTG.1,stimulated,CD14 Mono
GAGGACGATGACCA.1,stimulated,CD14 Mono
GAGGATCTGGCATT.1,stimulated,B
GAGGATCTTAGCGT.1,stimulated,CD4 T
GAGGATCTTCACGA.1,stimulated,CD14 Mono
GAGGATCTTCTAGG.1,stimulated,CD14 Mono
GAGGCAGATCATTC.1,stimulated,B
GAGGCAGATGGTGT.1,stimulated,CD4 T
GAGGCCACACAGTC.1,stimulated,B
GAGGCCACAGTGCT.1,stimulated,CD4 T
GAGGCCACCTACCC.1,stimulated,CD16 Mono
GAGGCCACGTCCTC.1,stimulated,B
GAGGCCACTGTTTC.1,stimulated,NK
GAGGGAACGATAAG.1,stimulated,NK
GAGGGAACGTTGTG.1,stimulated,CD4 T
GAGGGAACTTATCC.1,stimulated,CD14 Mono
GAGGGAACTTTGCT.1,stimulated,CD4 T
GAGGGATGAGGGTG.1,stimulated,B
GAGGGATGATCTCT.1,stimulated,CD8 T
GAGGGATGCTTCCG.1,stimulated,CD14 Mono
GAGGGATGGGGATG.1,stimulated,CD4 T
GAGGGATGGTCACA.1,stimulated,CD14 Mono
GAGGGATGTAGCCA.1,stimulated,CD14 Mono
GAGGGATGTGCCAA.1,stimulated,DC
GAGGGATGTGTGAC.1,stimulated,CD4 T
GAGGGATGTTCACT.1,stimulated,CD4 T
GAGGGATGTTGAGC.1,stimulated,CD4 T
GAGGGCCTAACGGG.1,stimulated,CD14 Mono
GAGGGCCTACCTCC.1,stimulated,CD14 Mono
GAGGGCCTACTAGC.1,stimulated,CD4 T
GAGGGCCTAGAGGC.1,stimulated,B
GAGGGCCTCAGAAA.1,stimulated,CD14 Mono
GAGGGCCTCCTGTC.1,stimulated,CD4 T
GAGGGTGAAGTAGA.1,stimulated,CD4 T
GAGGGTGATAGTCG.1,stimulated,CD4 T
GAGGGTGATGTCTT.1,stimulated,CD14 Mono
GAGGGTGATTGCGA.1,stimulated,CD4 T
GAGGGTGATTGCTT.1,stimulated,CD14 Mono
GAGGGTGATTGGCA.1,stimulated,CD4 T
GAGGTACTAAAACG.1,stimulated,B
GAGGTACTAACGGG.1,stimulated,CD4 T
GAGGTACTAAGGTA.1,stimulated,DC
GAGGTACTACGCAT.1,stimulated,CD4 T
GAGGTACTACTACG.1,stimulated,B
GAGGTACTCATGAC.1,stimulated,CD14 Mono
GAGGTACTCTCTAT.1,stimulated,CD16 Mono
GAGGTACTTGGTCA.1,stimulated,CD4 T
GAGGTGGAATTCTC.1,stimulated,B
GAGGTGGACTCATT.1,stimulated,CD16 Mono
GAGGTGGAGCGAAG.1,stimulated,CD14 Mono
GAGGTGGAGGTTCA.1,stimulated,CD14 Mono
GAGGTGGATTGGTG.1,stimulated,CD4 T
GAGGTTACCACTTT.1,stimulated,B
GAGGTTACCTTTAC.1,stimulated,DC
GAGGTTACGAGAGC.1,stimulated,CD14 Mono
GAGGTTACGCGGAA.1,stimulated,B
GAGGTTTGAAGATG.1,stimulated,DC
GAGGTTTGAATCGC.1,stimulated,CD4 T
GAGGTTTGATGCTG.1,stimulated,CD8 T
GAGGTTTGCCTTAT.1,stimulated,CD4 T
GAGGTTTGCGAGAG.1,stimulated,T
GAGGTTTGTGGAAA.1,stimulated,B
GAGTAAGACTTGCC.1,stimulated,CD14 Mono
GAGTAAGATCAGTG.1,stimulated,T
GAGTAAGATGTGGT.1,stimulated,CD4 T
GAGTACACACACAC.1,stimulated,CD16 Mono
GAGTACACCATTGG.1,stimulated,B
GAGTACACCATTTC.11,stimulated,CD4 T
GAGTACACCTGACA.11,stimulated,CD14 Mono
GAGTACACGCGTTA.11,stimulated,B
GAGTACTGCGTAGT.1,stimulated,CD14 Mono
GAGTACTGTCACGA.1,stimulated,CD4 T
GAGTACTGTGATGC.1,stimulated,B
GAGTCAACGAGACG.1,stimulated,CD8 T
GAGTCAACGCAGAG.1,stimulated,CD14 Mono
GAGTCAACGTGCAT.1,stimulated,CD14 Mono
GAGTCAACTCGTGA.1,stimulated,CD14 Mono
GAGTCTGAACCCAA.1,stimulated,CD8 T
GAGTCTGAACCCTC.1,stimulated,CD14 Mono
GAGTCTGAAGAAGT.1,stimulated,DC
GAGTCTGACCTTGC.1,stimulated,NK
GAGTGACTAAGCAA.1,stimulated,CD14 Mono
GAGTGACTGCTGTA.1,stimulated,CD4 T
GAGTGACTGGACGA.1,stimulated,CD16 Mono
GAGTGACTTCGATG.1,stimulated,CD4 T
GAGTGACTTCTCCG.1,stimulated,CD4 T
GAGTGACTTGTCAG.1,stimulated,B
GAGTGGGAAGCACT.1,stimulated,CD14 Mono
GAGTGGGACATGAC.1,stimulated,CD4 T
GAGTGGGATCTCGC.1,stimulated,CD4 T
GAGTGGGATTGTGG.1,stimulated,CD14 Mono
GAGTGTTGCTCAAG.1,stimulated,NK
GAGTGTTGGACAAA.1,stimulated,CD14 Mono
GAGTGTTGGTCGAT.1,stimulated,B
GAGTGTTGTTCCAT.1,stimulated,CD14 Mono
GAGTTGTGACTTTC.1,stimulated,B
GAGTTGTGCTTCTA.1,stimulated,CD4 T
GAGTTGTGGAAAGT.1,stimulated,CD4 T
GAGTTGTGGTCTAG.1,stimulated,CD4 T
GAGTTGTGTGGAAA.1,stimulated,CD4 T
GAGTTGTGTGGCAT.1,stimulated,CD4 T
GATAAGGACCTCCA.1,stimulated,CD16 Mono
GATAAGGACTGACA.1,stimulated,CD14 Mono
GATAAGGAGTGTAC.1,stimulated,CD4 T
GATAAGGATTTGGG.1,stimulated,CD4 T
GATAATACGGTTTG.1,stimulated,CD4 T
GATAATACTGAAGA.1,stimulated,CD4 T
GATAATACTGTAGC.1,stimulated,CD8 T
GATACTCTAACCTG.1,stimulated,CD14 Mono
GATACTCTAATCGC.1,stimulated,CD16 Mono
GATACTCTCCACCT.1,stimulated,CD14 Mono
GATACTCTCGGTAT.1,stimulated,CD4 T
GATACTCTGCAAGG.1,stimulated,CD4 T
GATAGAGAAAACGA.1,stimulated,CD14 Mono
GATAGAGAAACCGT.1,stimulated,T
GATAGAGACCTTAT.1,stimulated,CD14 Mono
GATAGAGACTGTTT.1,stimulated,CD4 T
GATAGAGATTTCAC.1,stimulated,B
GATAGCACAAGCAA.1,stimulated,CD14 Mono
GATAGCACACACTG.1,stimulated,CD14 Mono
GATAGCACGAGATA.1,stimulated,CD4 T
GATAGCACGGAGTG.1,stimulated,CD14 Mono
GATAGCACTTGGTG.1,stimulated,CD14 Mono
GATATAACAAAGCA.1,stimulated,CD14 Mono
GATATAACATTTCC.1,stimulated,CD14 Mono
GATATAACCTTAGG.1,stimulated,CD4 T
GATATAACGAACTC.1,stimulated,CD14 Mono
GATATAACGGTGGA.1,stimulated,CD14 Mono
GATATAACGTTCGA.1,stimulated,CD14 Mono
GATATATGAACTGC.1,stimulated,B
GATATATGAATGCC.1,stimulated,CD4 T
GATATATGATGCTG.1,stimulated,CD4 T
GATATATGCTGGAT.1,stimulated,CD14 Mono
GATATATGGTGTTG.1,stimulated,T
GATATCCTACCAAC.1,stimulated,T
GATATCCTAGGAGC.1,stimulated,NK
GATATCCTGTAAAG.1,stimulated,DC
GATATCCTGTGTTG.1,stimulated,CD14 Mono
GATATCCTTGGGAG.1,stimulated,NK
GATATTGAAGCGTT.1,stimulated,NK
GATATTGAAGTGTC.1,stimulated,CD14 Mono
GATATTGATTGGTG.1,stimulated,B
GATCCCTGACTCTT.1,stimulated,CD14 Mono
GATCCCTGCTACGA.1,stimulated,CD4 T
GATCCCTGGTAGGG.1,stimulated,CD16 Mono
GATCCGCTAGGTTC.1,stimulated,CD4 T
GATCCGCTTCTCGC.1,stimulated,CD8 T
GATCGAACACTTTC.1,stimulated,CD16 Mono
GATCGAACATGCCA.1,stimulated,CD4 T
GATCGAACATGTGC.1,stimulated,CD14 Mono
GATCGAACCATACG.11,stimulated,CD4 T
GATCGAACCGGGAA.1,stimulated,CD14 Mono
GATCGAACGGTGTT.1,stimulated,CD4 T
GATCGAACTTTGTC.1,stimulated,CD16 Mono
GATCGATGAAAGTG.1,stimulated,T
GATCGATGAGATCC.1,stimulated,CD14 Mono
GATCGATGCGTTAG.1,stimulated,CD14 Mono
GATCGATGGAAAGT.1,stimulated,CD4 T
GATCGTGAATGTGC.1,stimulated,CD4 T
GATCGTGACAGGAG.1,stimulated,CD14 Mono
GATCGTGACCACAA.1,stimulated,CD16 Mono
GATCGTGACGGAGA.1,stimulated,CD4 T
GATCGTGAGAACCT.1,stimulated,CD4 T
GATCGTGATCCGTC.1,stimulated,CD8 T
GATCGTGATGAGCT.1,stimulated,NK
GATCTACTCGCTAA.1,stimulated,CD14 Mono
GATCTACTCTCGAA.1,stimulated,CD4 T
GATCTTACACACCA.1,stimulated,CD4 T
GATCTTACAGAATG.1,stimulated,CD4 T
GATCTTACCCAACA.1,stimulated,T
GATCTTACGGTCTA.1,stimulated,CD16 Mono
GATCTTTGACACCA.1,stimulated,DC
GATCTTTGAGTCGT.1,stimulated,CD4 T
GATCTTTGCGACAT.1,stimulated,CD4 T
GATCTTTGGCTGAT.1,stimulated,NK
GATCTTTGTCAGTG.1,stimulated,CD4 T
GATGACACACGTTG.1,stimulated,CD14 Mono
GATGACACCATACG.1,stimulated,CD4 T
GATGACACGTTACG.1,stimulated,CD14 Mono
GATGACACTTCTCA.1,stimulated,CD14 Mono
GATGCAACATCGGT.1,stimulated,NK
GATGCAACGAATAG.1,stimulated,B
GATGCAACTTGGTG.1,stimulated,CD14 Mono
GATGCATGAGCAAA.1,stimulated,CD4 T
GATGCATGCACTAG.1,stimulated,CD14 Mono
GATGCATGCCTTTA.1,stimulated,B
GATGCATGCGCCTT.1,stimulated,CD14 Mono
GATGCATGGAGGCA.1,stimulated,CD14 Mono
GATGCATGGGAACG.1,stimulated,T
GATGCATGTTTGGG.1,stimulated,CD4 T
GATGCCCTACGTAC.1,stimulated,CD14 Mono
GATGCCCTCGTAGT.1,stimulated,CD4 T
GATGCCCTGACAGG.1,stimulated,CD14 Mono
GATGCCCTTCTTAC.1,stimulated,CD4 T
GATGCCCTTGAGAA.1,stimulated,CD16 Mono
GATTACCTAAACAG.1,stimulated,CD14 Mono
GATTACCTAACGAA.1,stimulated,CD4 T
GATTACCTAGGGTG.1,stimulated,CD8 T
GATTACCTCATGAC.1,stimulated,CD8 T
GATTACCTCGGGAA.1,stimulated,B
GATTACCTCTGTGA.1,stimulated,CD14 Mono
GATTACCTGGGATG.1,stimulated,NK
GATTACCTTACAGC.1,stimulated,CD4 T
GATTACCTTCCTAT.1,stimulated,DC
GATTACCTTCTAGG.1,stimulated,CD4 T
GATTACCTTCTATC.1,stimulated,CD16 Mono
GATTACCTTGTCGA.1,stimulated,CD14 Mono
GATTCGGAACGGGA.1,stimulated,CD8 T
GATTCGGACGATAC.1,stimulated,B
GATTCGGAGGCAAG.1,stimulated,CD4 T
GATTCGGATCACGA.1,stimulated,CD14 Mono
GATTCGGATGTCCC.1,stimulated,CD16 Mono
GATTCTACACTCTT.1,stimulated,T
GATTCTACGAGGCA.1,stimulated,CD14 Mono
GATTCTACGTCACA.1,stimulated,CD4 T
GATTCTACTTAGGC.1,stimulated,B
GATTCTACTTCTAC.1,stimulated,CD14 Mono
GATTCTTGAGTGTC.1,stimulated,CD4 T
GATTCTTGCAACTG.1,stimulated,NK
GATTCTTGGTTAGC.1,stimulated,CD4 T
GATTCTTGTCGCAA.1,stimulated,CD14 Mono
GATTCTTGTCTATC.1,stimulated,CD4 T
GATTCTTGTCTTTG.1,stimulated,B
GATTCTTGTTGTCT.1,stimulated,CD14 Mono
GATTCTTGTTTCGT.1,stimulated,B
GATTGGACATGCTG.1,stimulated,CD14 Mono
GATTGGACTCACGA.11,stimulated,B
GATTGGACTGTTTC.1,stimulated,CD14 Mono
GATTGGACTTACTC.1,stimulated,T
GATTGGTGACCTTT.1,stimulated,B
GATTGGTGAGGAGC.1,stimulated,CD4 T
GATTGGTGCTGACA.1,stimulated,CD16 Mono
GATTGGTGTATCTC.1,stimulated,B
GATTGGTGTATGCG.1,stimulated,CD4 T
GATTGGTGTGGAAA.1,stimulated,CD4 T
GATTTAGAACCAAC.1,stimulated,CD4 T
GATTTAGAATGACC.1,stimulated,NK
GATTTAGAATTCCT.1,stimulated,CD4 T
GATTTAGAGAATAG.1,stimulated,CD4 T
GATTTAGAGTAGCT.1,stimulated,CD14 Mono
GATTTAGATTTCAC.1,stimulated,CD14 Mono
GATTTGCTACGCTA.1,stimulated,CD4 T
GATTTGCTACGTAC.1,stimulated,CD4 T
GATTTGCTCTTACT.1,stimulated,CD4 T
GATTTGCTGTACCA.1,stimulated,CD14 Mono
GCAAACTGAAGATG.1,stimulated,CD4 T
GCAAACTGACACCA.1,stimulated,CD4 T
GCAAACTGAGTGCT.1,stimulated,CD14 Mono
GCAAACTGCTCAGA.1,stimulated,CD8 T
GCAAACTGGTGCTA.1,stimulated,CD14 Mono
GCAACCCTCTGTGA.1,stimulated,T
GCAACCCTGTCACA.1,stimulated,T
GCAACCCTTTACTC.1,stimulated,CD4 T
GCAACTGAAAGTAG.1,stimulated,T
GCAACTGAACCTAG.1,stimulated,CD16 Mono
GCAACTGACACACA.1,stimulated,CD8 T
GCAACTGACGATAC.1,stimulated,CD4 T
GCAACTGATCAGGT.11,stimulated,CD14 Mono
GCAACTGATTCGGA.1,stimulated,CD16 Mono
GCAAGACTAACCGT.1,stimulated,B
GCAAGACTCGGAGA.1,stimulated,B
GCAAGACTGAACCT.1,stimulated,CD14 Mono
GCAAGACTGACGAG.1,stimulated,CD4 T
GCAAGACTTGCCTC.1,stimulated,CD4 T
GCAAGACTTTACTC.1,stimulated,CD8 T
GCAAGACTTTATCC.1,stimulated,DC
GCAATCGATGCTCC.1,stimulated,CD4 T
GCAATCGATGTCCC.1,stimulated,CD8 T
GCAATTCTACCCAA.1,stimulated,CD4 T
GCAATTCTACCCTC.1,stimulated,CD14 Mono
GCAATTCTACTACG.1,stimulated,CD4 T
GCAATTCTCTAGCA.1,stimulated,CD16 Mono
GCAATTCTTGGGAG.1,stimulated,B
GCACAAACACTGTG.1,stimulated,T
GCACAAACCCATGA.1,stimulated,CD14 Mono
GCACAAACGGTAGG.1,stimulated,CD8 T
GCACAATGAATCGC.1,stimulated,CD4 T
GCACAATGACTGTG.1,stimulated,CD4 T
GCACAATGAGCTCA.1,stimulated,DC
GCACAATGATGTCG.1,stimulated,CD4 T
GCACAATGCAGTCA.1,stimulated,CD8 T
GCACAATGCTTCGC.1,stimulated,NK
GCACAATGGTAGCT.1,stimulated,CD14 Mono
GCACAATGTCCCAC.1,stimulated,CD14 Mono
GCACACCTCCATAG.1,stimulated,CD14 Mono
GCACCACTAAGGTA.1,stimulated,T
GCACCACTCTCTCG.1,stimulated,CD4 T
GCACCTACTCAAGC.1,stimulated,CD14 Mono
GCACCTACTGGTTG.1,stimulated,B
GCACCTTGAGTGCT.1,stimulated,CD14 Mono
GCACCTTGATGCCA.1,stimulated,T
GCACCTTGGGGAGT.1,stimulated,B
GCACGGACAGAGGC.1,stimulated,DC
GCACGGACATGACC.1,stimulated,CD14 Mono
GCACGGACCGTGAT.1,stimulated,CD14 Mono
GCACGGACCTCTCG.1,stimulated,CD4 T
GCACGGACCTTGCC.1,stimulated,B
GCACGGACGGTGTT.1,stimulated,CD14 Mono
GCACGGTGACTGTG.1,stimulated,B
GCACGGTGCCTACC.1,stimulated,CD4 T
GCACGGTGGACTAC.1,stimulated,CD4 T
GCACGGTGGGCAAG.1,stimulated,T
GCACGGTGGGGATG.1,stimulated,CD14 Mono
GCACGTCTAATCGC.1,stimulated,CD4 T
GCACGTCTACTGGT.1,stimulated,CD4 T
GCACGTCTCCTCCA.1,stimulated,CD4 T
GCACGTCTCTGGTA.1,stimulated,CD16 Mono
GCACGTCTCTTACT.1,stimulated,CD4 T
GCACGTCTGAACCT.1,stimulated,CD4 T
GCACGTCTGGTCTA.1,stimulated,CD14 Mono
GCACGTCTGTTACG.1,stimulated,CD14 Mono
GCACGTCTTCGTTT.1,stimulated,CD14 Mono
GCACGTCTTGTTCT.1,stimulated,CD14 Mono
GCACTAGAAGTGCT.1,stimulated,CD14 Mono
GCACTAGAATTTCC.1,stimulated,CD4 T
GCACTAGACGAACT.1,stimulated,CD4 T
GCACTAGAGCGTAT.1,stimulated,CD4 T
GCACTGCTACGGTT.1,stimulated,T
GCACTGCTATCAGC.1,stimulated,CD16 Mono
GCACTGCTGAAACA.1,stimulated,CD4 T
GCACTGCTGGTATC.1,stimulated,CD16 Mono
GCACTGCTGGTGAG.1,stimulated,CD4 T
GCACTGCTTCCGAA.1,stimulated,CD4 T
GCACTGCTTGCTCC.1,stimulated,CD4 T
GCAGATACAACCAC.1,stimulated,DC
GCAGATACAAGCCT.11,stimulated,CD4 T
GCAGATACAGGTCT.1,stimulated,CD16 Mono
GCAGATACCCCAAA.1,stimulated,CD4 T
GCAGATACGGAAAT.1,stimulated,NK
GCAGATACGGTATC.1,stimulated,CD4 T
GCAGATACTTCTGT.1,stimulated,CD16 Mono
GCAGCCGAAGCCAT.1,stimulated,CD4 T
GCAGCCGACTCCAC.1,stimulated,CD14 Mono
GCAGCCGACTCTAT.1,stimulated,CD4 T
GCAGCCGACTGTCC.1,stimulated,DC
GCAGCCGATCGCAA.1,stimulated,DC
GCAGCGTGAACGGG.1,stimulated,CD14 Mono
GCAGCGTGCTCTCG.1,stimulated,CD16 Mono
GCAGCGTGTCCCGT.1,stimulated,CD14 Mono
GCAGCGTGTGAGGG.1,stimulated,CD14 Mono
GCAGCGTGTGTCTT.1,stimulated,CD4 T
GCAGGCACACTCTT.1,stimulated,CD14 Mono
GCAGGCACCTGGAT.1,stimulated,CD14 Mono
GCAGGGCTACGTTG.1,stimulated,NK
GCAGGGCTCGTTGA.1,stimulated,CD14 Mono
GCAGGGCTGAAAGT.11,stimulated,CD8 T
GCAGGGCTGCCAAT.1,stimulated,CD4 T
GCAGGGCTTGAGCT.1,stimulated,CD16 Mono
GCAGGGCTTGCAAC.1,stimulated,CD14 Mono
GCAGTCCTAACGAA.1,stimulated,T
GCAGTCCTACTGTG.1,stimulated,CD4 T
GCAGTCCTCAACCA.1,stimulated,CD4 T
GCAGTCCTCTCCAC.1,stimulated,CD14 Mono
GCAGTCCTTGACAC.1,stimulated,CD4 T
GCAGTTGAATGCTG.1,stimulated,B
GCAGTTGAGCGAAG.1,stimulated,CD14 Mono
GCAGTTGATATCTC.1,stimulated,CD16 Mono
GCATCAGAAAGTGA.1,stimulated,CD4 T
GCATCAGACCTCGT.1,stimulated,CD4 T
GCATCAGAGTTCTT.1,stimulated,CD14 Mono
GCATGATGAGGGTG.1,stimulated,DC
GCATGATGGTCAAC.1,stimulated,CD4 T
GCATGATGTCAAGC.1,stimulated,CD14 Mono
GCATGTGACAAAGA.1,stimulated,NK
GCATGTGACTAAGC.1,stimulated,NK
GCATGTGAGAGGTG.1,stimulated,CD4 T
GCATGTGATTCAGG.1,stimulated,CD14 Mono
GCATTGGAAGTACC.1,stimulated,CD14 Mono
GCATTGGAGATAGA.1,stimulated,CD16 Mono
GCATTGGAGGTAAA.1,stimulated,B
GCATTGGATTCTGT.1,stimulated,CD4 T
GCCAAAACAGGTTC.1,stimulated,T
GCCAAAACATGCTG.1,stimulated,CD16 Mono
GCCAAATGGAAACA.1,stimulated,CD14 Mono
GCCAAATGGCTATG.1,stimulated,CD14 Mono
GCCAAATGGTACAC.1,stimulated,CD14 Mono
GCCAACCTGAGGAC.1,stimulated,CD4 T
GCCAACCTGCATAC.1,stimulated,CD4 T
GCCAACCTGGACTT.1,stimulated,NK
GCCAACCTGGAGCA.1,stimulated,CD4 T
GCCAACCTGTGCAT.1,stimulated,CD14 Mono
GCCAACCTGTTGTG.1,stimulated,CD8 T
GCCACGGACGAATC.11,stimulated,NK
GCCACGGACGCCTT.1,stimulated,CD4 T
GCCACGGAGACGAG.1,stimulated,CD14 Mono
GCCACGGATGCTTT.1,stimulated,CD4 T
GCCACGGATTTGTC.1,stimulated,B
GCCACTACAAACGA.1,stimulated,B
GCCACTACGAATCC.1,stimulated,CD14 Mono
GCCACTACGCCTTC.1,stimulated,CD14 Mono
GCCACTACGGTAGG.1,stimulated,CD4 T
GCCACTACGTCGTA.1,stimulated,CD4 T
GCCACTACGTTGTG.1,stimulated,CD4 T
GCCACTACTCCAGA.1,stimulated,CD14 Mono
GCCACTACTGCATG.1,stimulated,NK
GCCACTACTGGTAC.1,stimulated,CD4 T
GCCACTACTTCGCC.11,stimulated,CD14 Mono
GCCATCACCATGGT.1,stimulated,B
GCCATCACCCCGTT.1,stimulated,NK
GCCATCACCTCTAT.1,stimulated,CD4 T
GCCATCACGATACC.1,stimulated,CD4 T
GCCATCACGGATCT.1,stimulated,CD4 T
GCCATCACGGTTTG.1,stimulated,CD14 Mono
GCCATCACTTCTCA.11,stimulated,B
GCCATGCTAACGGG.1,stimulated,CD14 Mono
GCCATGCTACTACG.1,stimulated,B
GCCATGCTCCCTCA.1,stimulated,CD4 T
GCCATGCTCTCCAC.1,stimulated,B
GCCATGCTGGGCAA.1,stimulated,DC
GCCCAACTCAACTG.1,stimulated,CD16 Mono
GCCCAACTCCGCTT.1,stimulated,CD14 Mono
GCCCAACTGCATAC.1,stimulated,CD8 T
GCCCAACTTTCGGA.1,stimulated,CD4 T
GCCCAGGAAGCCTA.1,stimulated,CD14 Mono
GCCCAGGACATCAG.1,stimulated,NK
GCCCAGGACCACAA.1,stimulated,CD14 Mono
GCCCAGGAGAGATA.1,stimulated,CD14 Mono
GCCCATACACAGCT.1,stimulated,T
GCCCATACGAACCT.1,stimulated,NK
GCCCATACGAGGAC.1,stimulated,B
GCCCATACGTCAAC.1,stimulated,CD4 T
GCCCATACTAAGCC.1,stimulated,NK
GCCCATACTCTACT.1,stimulated,CD14 Mono
GCCGACGACGAATC.1,stimulated,CD16 Mono
GCCGACGATGCATG.1,stimulated,NK
GCCGACGATTCTCA.1,stimulated,CD14 Mono
GCCGAGTGATCTCT.1,stimulated,CD4 T
GCCGAGTGTCTATC.1,stimulated,CD16 Mono
GCCGAGTGTGGTTG.1,stimulated,CD4 T
GCCGGAACGCTTAG.1,stimulated,B
GCCGGAACGTTTCT.1,stimulated,CD14 Mono
GCCGGAACTCGCTC.1,stimulated,CD14 Mono
GCCGGAACTGCGTA.1,stimulated,CD8 T
GCCGTACTACGGTT.1,stimulated,B
GCCGTACTAGCTAC.1,stimulated,CD14 Mono
GCCTACACCACCAA.1,stimulated,CD14 Mono
GCCTACACTGCTCC.1,stimulated,CD14 Mono
GCCTAGCTAGGAGC.1,stimulated,T
GCCTAGCTGGAAGC.1,stimulated,CD4 T
GCCTAGCTGGTAGG.1,stimulated,CD4 T
GCCTAGCTGTTCTT.1,stimulated,CD14 Mono
GCCTAGCTTTCTGT.1,stimulated,CD14 Mono
GCCTCAACCTGAAC.1,stimulated,CD14 Mono
GCCTCAACTAGAAG.1,stimulated,CD14 Mono
GCCTCATGATGCTG.1,stimulated,CD16 Mono
GCCTCATGCAGTTG.1,stimulated,CD4 T
GCCTCATGGAAACA.1,stimulated,B
GCCTCATGGAATCC.1,stimulated,B
GCCTCATGGATACC.1,stimulated,CD4 T
GCCTCATGGTGAGG.1,stimulated,CD4 T
GCCTGACTCCAATG.1,stimulated,NK
GCCTGACTCTCTTA.1,stimulated,CD14 Mono
GCCTGACTGACTAC.1,stimulated,CD14 Mono
GCCTGACTGAGATA.1,stimulated,CD4 T
GCCTGACTGCTAAC.1,stimulated,CD14 Mono
GCCTGACTTATGCG.1,stimulated,B
GCCTGACTTGATGC.1,stimulated,NK
GCCTGACTTGGATC.1,stimulated,CD8 T
GCCTGACTTTCTAC.1,stimulated,DC
GCGAAGGAATTCCT.1,stimulated,CD14 Mono
GCGAAGGACGTTGA.1,stimulated,DC
GCGACTCTCTGTAG.1,stimulated,CD14 Mono
GCGACTCTCTTCTA.1,stimulated,CD14 Mono
GCGACTCTGCGTTA.1,stimulated,CD4 T
GCGACTCTTTTCTG.1,stimulated,CD4 T
GCGAGAGAAGATGA.1,stimulated,CD4 T
GCGAGAGAGCAAGG.1,stimulated,CD14 Mono
GCGAGAGATAAGGA.1,stimulated,CD16 Mono
GCGAGCACACCAAC.1,stimulated,B
GCGAGCACGAGCTT.1,stimulated,CD16 Mono
GCGAGCACTCCTTA.1,stimulated,CD4 T
GCGAGCACTGAACC.1,stimulated,B
GCGATATGCGACTA.1,stimulated,CD14 Mono
GCGATATGGAGGGT.1,stimulated,CD16 Mono
GCGATATGTACTCT.1,stimulated,CD14 Mono
GCGATATGTGACCA.11,stimulated,CD14 Mono
GCGATATGTTGCGA.1,stimulated,CD16 Mono
GCGCACGAACACCA.11,stimulated,CD14 Mono
GCGCACGAAGTACC.1,stimulated,CD4 T
GCGCACGACCACAA.1,stimulated,CD14 Mono
GCGCACGAGCTCCT.1,stimulated,CD14 Mono
GCGCACGAGGCGAA.1,stimulated,CD8 T
GCGCACGATATCGG.1,stimulated,CD16 Mono
GCGCATCTCAGAAA.1,stimulated,CD14 Mono
GCGCATCTCCCTCA.1,stimulated,CD14 Mono
GCGCATCTGGAGCA.1,stimulated,CD16 Mono
GCGCGAACACCCAA.1,stimulated,NK
GCGCGAACCCTTAT.1,stimulated,CD4 T
GCGCGATGAAGAAC.1,stimulated,CD4 T
GCGCGATGAAGATG.1,stimulated,CD4 T
GCGCGATGACCCTC.1,stimulated,CD14 Mono
GCGCGATGCCTAAG.1,stimulated,CD14 Mono
GCGCGATGGCAAGG.1,stimulated,CD16 Mono
GCGCGATGTCGTGA.1,stimulated,CD4 T
GCGGACTGAAAGCA.1,stimulated,CD14 Mono
GCGGACTGCTTCTA.1,stimulated,CD14 Mono
GCGGACTGGACAAA.1,stimulated,B
GCGGACTGGCTACA.1,stimulated,CD14 Mono
GCGGACTGGTAGGG.1,stimulated,DC
GCGGACTGTCTTCA.1,stimulated,CD14 Mono
GCGGACTGTTCTGT.1,stimulated,CD16 Mono
GCGGAGCTACCTGA.1,stimulated,B
GCGGAGCTAGATCC.1,stimulated,CD4 T
GCGGAGCTCGCTAA.1,stimulated,T
GCGGAGCTCTAGCA.1,stimulated,CD4 T
GCGGAGCTGCCCTT.1,stimulated,CD4 T
GCGGAGCTTCTTTG.1,stimulated,CD4 T
GCGGAGCTTGAGAA.1,stimulated,CD14 Mono
GCGGAGCTTGCAAC.1,stimulated,CD14 Mono
GCGGCAACGCTGTA.1,stimulated,DC
GCGGCAACTCTTAC.1,stimulated,CD16 Mono
GCGGGACTCAGAGG.1,stimulated,B
GCGGGACTTTCAGG.1,stimulated,B
GCGTAAACAAAGTG.1,stimulated,CD4 T
GCGTAAACCACTGA.1,stimulated,CD16 Mono
GCGTAAACCAGCTA.1,stimulated,CD16 Mono
GCGTAAACGTTAGC.1,stimulated,CD14 Mono
GCGTAATGACCAAC.1,stimulated,DC
GCGTAATGGATAGA.1,stimulated,CD4 T
GCGTAATGGGTAAA.1,stimulated,CD4 T
GCGTAATGTGCATG.1,stimulated,CD14 Mono
GCGTACCTACGCTA.1,stimulated,NK
GCGTACCTCGTAGT.1,stimulated,CD8 T
GCGTACCTGTTGCA.1,stimulated,B
GCGTATGACTCTAT.1,stimulated,CD14 Mono
GCGTATGACTTCCG.1,stimulated,CD8 T
GCGTATGAGTTGGT.1,stimulated,CD4 T
GCGTATGATCTCGC.1,stimulated,CD4 T
GCGTATGATTCATC.1,stimulated,CD14 Mono
GCTACAGAAAGCAA.1,stimulated,B
GCTACAGAACACAC.1,stimulated,T
GCTACAGACATTCT.1,stimulated,CD14 Mono
GCTACAGACTACCC.1,stimulated,CD4 T
GCTACAGACTAGTG.1,stimulated,CD4 T
GCTACAGACTGAAC.1,stimulated,CD8 T
GCTACAGACTTGCC.1,stimulated,CD14 Mono
GCTACAGATTCTAC.1,stimulated,CD14 Mono
GCTACCTGGAATAG.1,stimulated,CD4 T
GCTACCTGGGAGTG.1,stimulated,CD4 T
GCTACCTGTGGTCA.1,stimulated,CD4 T
GCTACCTGTGGTTG.1,stimulated,CD4 T
GCTACGCTCGTTAG.1,stimulated,CD14 Mono
GCTACGCTCTCCCA.1,stimulated,T
GCTACGCTCTTCGC.1,stimulated,CD4 T
GCTACGCTGAACTC.1,stimulated,CD14 Mono
GCTACGCTGGTACT.1,stimulated,CD14 Mono
GCTACGCTTCGACA.1,stimulated,CD4 T
GCTACGCTTGCACA.1,stimulated,CD14 Mono
GCTAGAACCGCTAA.1,stimulated,CD14 Mono
GCTAGAACTTTCAC.1,stimulated,CD4 T
GCTAGATGAAGGTA.1,stimulated,NK
GCTAGATGCGATAC.1,stimulated,CD4 T
GCTAGATGTCTTTG.1,stimulated,CD4 T
GCTAGATGTGTTCT.1,stimulated,CD8 T
GCTAGATGTTTCTG.1,stimulated,CD8 T
GCTATACTCAGTCA.1,stimulated,CD14 Mono
GCTATACTTGACTG.1,stimulated,CD4 T
GCTCAAGAAGGTCT.1,stimulated,CD4 T
GCTCAAGAATGGTC.1,stimulated,NK
GCTCAAGACGAGAG.1,stimulated,CD16 Mono
GCTCAAGACGTACA.1,stimulated,CD14 Mono
GCTCAAGACTAGTG.1,stimulated,CD14 Mono
GCTCAAGAGGAGCA.1,stimulated,CD4 T
GCTCAAGAGGGACA.1,stimulated,B
GCTCACTGAAAAGC.1,stimulated,CD14 Mono
GCTCACTGCTCATT.11,stimulated,B
GCTCACTGCTCGCT.1,stimulated,CD14 Mono
GCTCACTGGGTTCA.1,stimulated,CD14 Mono
GCTCAGCTAACCTG.1,stimulated,B
GCTCAGCTATGTCG.1,stimulated,CD14 Mono
GCTCAGCTCGCCTT.1,stimulated,CD16 Mono
GCTCAGCTTGCTTT.1,stimulated,NK
GCTCCATGAGCAAA.1,stimulated,CD8 T
GCTCCATGAGCATC.1,stimulated,CD8 T
GCTCCATGAGCCTA.1,stimulated,NK
GCTCCATGCTCATT.1,stimulated,B
GCTCCATGCTGTAG.1,stimulated,CD8 T
GCTCCATGCTTGTT.1,stimulated,CD16 Mono
GCTCCATGGGCAAG.1,stimulated,CD16 Mono
GCTCCATGGTCAAC.1,stimulated,CD8 T
GCTCCATGTCAGAC.1,stimulated,CD4 T
GCTCCATGTCCCAC.1,stimulated,CD16 Mono
GCTCGACTCCTAAG.1,stimulated,CD8 T
GCTCGACTCCTCGT.1,stimulated,CD14 Mono
GCTCGACTGCATCA.1,stimulated,CD4 T
GCTCGACTGTCACA.1,stimulated,CD4 T
GCTCGACTGTTGTG.1,stimulated,CD4 T
GCTCGACTTAGCGT.1,stimulated,DC
GCTCGACTTTGGTG.1,stimulated,CD8 T
GCTGATGAAGCCAT.1,stimulated,T
GCTGATGACTCGCT.1,stimulated,T
GCTGATGATGGTTG.1,stimulated,CD4 T
GCTTAACTAAGTGA.1,stimulated,CD14 Mono
GCTTAACTCACAAC.1,stimulated,CD4 T
GCTTAACTCTGTAG.1,stimulated,CD16 Mono
GCTTAACTGCATCA.1,stimulated,CD14 Mono
GCTTAACTTCTCAT.1,stimulated,CD8 T
GCTTGAGAAAGATG.1,stimulated,CD14 Mono
GCTTGAGAAGACTC.1,stimulated,CD14 Mono
GCTTGAGAAGTACC.1,stimulated,NK
GCTTGAGAAGTCTG.1,stimulated,CD8 T
GCTTGAGAATGCTG.1,stimulated,CD4 T
GCTTGAGAGAGGAC.1,stimulated,CD4 T
GCTTGAGAGTCGTA.1,stimulated,CD4 T
GCTTGAGATTCGGA.1,stimulated,NK
GGAACACTCAGATC.1,stimulated,CD14 Mono
GGAACACTCCAGTA.1,stimulated,CD16 Mono
GGAACACTGGATCT.1,stimulated,CD8 T
GGAACACTTCGATG.1,stimulated,CD14 Mono
GGAACACTTCGTAG.1,stimulated,CD4 T
GGAACACTTTCGGA.11,stimulated,CD4 T
GGAACTACCCTTAT.1,stimulated,CD16 Mono
GGAACTACCTTGCC.1,stimulated,CD14 Mono
GGAACTACGTTCAG.1,stimulated,CD14 Mono
GGAACTACTCCTCG.1,stimulated,CD14 Mono
GGAACTTGACACAC.1,stimulated,CD4 T
GGAACTTGACTGTG.1,stimulated,CD4 T
GGAACTTGCACTGA.1,stimulated,CD14 Mono
GGAACTTGCGAGAG.1,stimulated,CD14 Mono
GGAACTTGCGGGAA.1,stimulated,CD4 T
GGAACTTGCTACTT.1,stimulated,CD14 Mono
GGAACTTGGGGCAA.1,stimulated,CD4 T
GGAACTTGTCTGGA.1,stimulated,CD4 T
GGAAGGACAGTCTG.1,stimulated,B
GGAAGGACCCATGA.1,stimulated,B
GGAAGGTGAGCCAT.1,stimulated,CD4 T
GGAAGGTGAGTAGA.1,stimulated,CD4 T
GGAAGGTGCAGGAG.1,stimulated,CD14 Mono
GGAAGGTGCCCTCA.1,stimulated,CD14 Mono
GGAATCTGAGAACA.1,stimulated,CD4 T
GGAATCTGCTGAAC.1,stimulated,B
GGAATCTGGGGACA.1,stimulated,CD8 T
GGAATGCTGTAAAG.1,stimulated,CD4 T
GGAATGCTTGGAGG.1,stimulated,CD4 T
GGAATGCTTGTTTC.1,stimulated,CD14 Mono
GGAATGCTTTCATC.1,stimulated,CD4 T
GGAATGCTTTGTGG.1,stimulated,CD14 Mono
GGACAACTAGTGTC.1,stimulated,CD4 T
GGACAACTCCGTAA.1,stimulated,CD14 Mono
GGACAACTGAGAGC.1,stimulated,CD4 T
GGACAACTGCTCCT.1,stimulated,CD14 Mono
GGACAGGAACCTTT.1,stimulated,CD8 T
GGACAGGAATTCCT.1,stimulated,CD4 T
GGACAGGACTTAGG.1,stimulated,CD14 Mono
GGACAGGAGATGAA.1,stimulated,B
GGACAGGATTGTGG.1,stimulated,CD14 Mono
GGACATTGATGCCA.1,stimulated,CD16 Mono
GGACATTGCTTGCC.1,stimulated,B
GGACATTGCTTGGA.1,stimulated,CD14 Mono
GGACATTGTTCTCA.1,stimulated,DC
GGACCCGACTGTAG.1,stimulated,CD8 T
GGACCCGAGCGAAG.1,stimulated,CD16 Mono
GGACCCGAGTACGT.1,stimulated,CD4 T
GGACCCGATTATCC.1,stimulated,CD4 T
GGACCGTGTCCGTC.1,stimulated,CD14 Mono
GGACCTCTACCAGT.1,stimulated,CD14 Mono
GGACCTCTACGCAT.1,stimulated,CD14 Mono
GGACCTCTACTACG.1,stimulated,CD14 Mono
GGACCTCTAGCTAC.1,stimulated,CD4 T
GGACCTCTCGAACT.1,stimulated,CD14 Mono
GGACCTCTGAGGGT.1,stimulated,CD14 Mono
GGACCTCTTCCAGA.1,stimulated,CD4 T
GGACCTCTTGCACA.1,stimulated,NK
GGACGAGAAAGGCG.1,stimulated,CD4 T
GGACGAGAATGGTC.1,stimulated,B
GGACGAGACGAACT.1,stimulated,CD4 T
GGACGAGAGAGGGT.1,stimulated,CD14 Mono
GGACGAGAGCCAAT.1,stimulated,CD14 Mono
GGACGAGATGTTTC.1,stimulated,CD4 T
GGACGAGATTGGTG.1,stimulated,CD14 Mono
GGACGCACACGGGA.1,stimulated,CD16 Mono
GGACGCACATGCTG.1,stimulated,CD8 T
GGACGCACCGCCTT.1,stimulated,CD16 Mono
GGACGCACTTAGGC.1,stimulated,DC
GGACGCTGAATCGC.1,stimulated,CD16 Mono
GGACGCTGACTCTT.1,stimulated,CD8 T
GGACGCTGCCAAGT.1,stimulated,B
GGACGCTGGAATGA.1,stimulated,CD4 T
GGACGCTGTCGTTT.1,stimulated,CD14 Mono
GGACTATGATCGTG.1,stimulated,B
GGACTATGCACCAA.1,stimulated,CD14 Mono
GGACTATGCTGATG.1,stimulated,CD14 Mono
GGACTATGGACAGG.1,stimulated,CD14 Mono
GGACTATGGGAACG.1,stimulated,CD14 Mono
GGACTATGGGAGGT.11,stimulated,CD4 T
GGACTATGGGTCTA.1,stimulated,CD4 T
GGACTATGTACTGG.1,stimulated,CD4 T
GGACTATGTGAGGG.1,stimulated,CD4 T
GGAGACGAAACGTC.1,stimulated,CD4 T
GGAGACGAACGTGT.1,stimulated,CD14 Mono
GGAGACGAAGATGA.1,stimulated,CD8 T
GGAGACGAAGGCGA.1,stimulated,CD4 T
GGAGACGAAGTCTG.1,stimulated,CD14 Mono
GGAGACGACTAGCA.1,stimulated,T
GGAGACGACTCCCA.1,stimulated,CD14 Mono
GGAGACGATACTCT.1,stimulated,T
GGAGACGATTCCGC.1,stimulated,CD14 Mono
GGAGAGACATGCTG.1,stimulated,CD4 T
GGAGAGACCTGTCC.1,stimulated,CD4 T
GGAGAGACGCTGTA.1,stimulated,CD4 T
GGAGAGACTAGACC.11,stimulated,NK
GGAGCAGAACGGGA.1,stimulated,B
GGAGCAGAGAACTC.1,stimulated,CD14 Mono
GGAGCAGAGTGCAT.1,stimulated,CD16 Mono
GGAGCAGATGCTAG.1,stimulated,CD4 T
GGAGCAGATGCTCC.1,stimulated,NK
GGAGCAGATTATCC.1,stimulated,CD4 T
GGAGCCACAAAACG.1,stimulated,CD14 Mono
GGAGCCACCATCAG.1,stimulated,CD4 T
GGAGCCACGCGGAA.1,stimulated,CD4 T
GGAGCCACGTCATG.1,stimulated,CD14 Mono
GGAGGATGGGGAGT.1,stimulated,CD4 T
GGAGGATGGTGTTG.1,stimulated,CD14 Mono
GGAGGATGTCATTC.1,stimulated,CD8 T
GGAGGATGTGTAGC.1,stimulated,CD4 T
GGAGGCCTAGTACC.1,stimulated,CD4 T
GGAGGCCTCATCAG.1,stimulated,B
GGAGGCCTCCTCAC.1,stimulated,CD4 T
GGAGGCCTGCATAC.1,stimulated,CD14 Mono
GGAGGCCTTCGACA.1,stimulated,CD14 Mono
GGAGGCCTTTAGGC.1,stimulated,CD14 Mono
GGAGGCCTTTGCGA.1,stimulated,CD16 Mono
GGAGGCCTTTTACC.1,stimulated,CD4 T
GGAGGTGAATGCCA.1,stimulated,CD4 T
GGAGGTGAGCGAGA.1,stimulated,CD14 Mono
GGAGGTGAGTGTTG.1,stimulated,CD14 Mono
GGAGGTGAGTTACG.1,stimulated,CD4 T
GGAGTTACAAACGA.1,stimulated,CD14 Mono
GGAGTTACACTTTC.1,stimulated,CD14 Mono
GGAGTTACAGTGCT.1,stimulated,CD4 T
GGAGTTACATTCTC.1,stimulated,CD4 T
GGAGTTACCAATCG.1,stimulated,CD14 Mono
GGAGTTACCACTGA.1,stimulated,CD16 Mono
GGAGTTACGGATTC.1,stimulated,CD4 T
GGAGTTACGTTCTT.1,stimulated,CD8 T
GGAGTTACTATCGG.1,stimulated,B
GGAGTTACTCTACT.1,stimulated,B
GGAGTTTGACTCAG.1,stimulated,CD4 T
GGAGTTTGTGGAAA.1,stimulated,CD4 T
GGAGTTTGTTCGGA.1,stimulated,CD4 T
GGATACTGACCGAT.1,stimulated,CD4 T
GGATACTGAGAAGT.1,stimulated,CD14 Mono
GGATACTGAGCCAT.1,stimulated,CD8 T
GGATACTGCCCACT.1,stimulated,B
GGATACTGCCGATA.1,stimulated,NK
GGATACTGGTCGTA.1,stimulated,CD14 Mono
GGATAGCTCGAGAG.1,stimulated,CD14 Mono
GGATAGCTGCAGTT.1,stimulated,CD4 T
GGATAGCTGCCCTT.1,stimulated,CD8 T
GGATAGCTGTCTGA.1,stimulated,CD4 T
GGATGTACCCAATG.1,stimulated,CD14 Mono
GGATGTACTCGACA.1,stimulated,CD14 Mono
GGATGTTGAGATGA.1,stimulated,CD4 T
GGATGTTGAGCCAT.1,stimulated,CD4 T
GGATGTTGATCTCT.1,stimulated,CD8 T
GGATGTTGGGTGAG.1,stimulated,CD4 T
GGATGTTGGTATCG.1,stimulated,CD14 Mono
GGATGTTGTCAGAC.1,stimulated,CD4 T
GGATGTTGTTTCGT.1,stimulated,B
GGATTGTGACGGTT.1,stimulated,CD16 Mono
GGATTGTGACTCAG.1,stimulated,CD4 T
GGATTGTGACTGGT.1,stimulated,B
GGATTGTGATCGGT.11,stimulated,CD4 T
GGATTGTGCTTAGG.1,stimulated,CD8 T
GGATTGTGTCAAGC.1,stimulated,CD16 Mono
GGATTGTGTGCAGT.1,stimulated,CD4 T
GGATTGTGTGTGGT.1,stimulated,CD14 Mono
GGATTTCTTCCAAG.1,stimulated,T
GGATTTCTTCGCCT.1,stimulated,CD8 T
GGCAAGGAACGCAT.1,stimulated,NK
GGCAATACTCCCGT.1,stimulated,T
GGCAATACTGCTTT.1,stimulated,CD4 T
GGCACGTGAGCGTT.1,stimulated,NK
GGCACGTGCATTGG.1,stimulated,T
GGCACGTGTATGGC.1,stimulated,CD4 T
GGCACGTGTGGTCA.1,stimulated,CD4 T
GGCACTCTAAGAAC.1,stimulated,B
GGCACTCTCGTAAC.1,stimulated,CD14 Mono
GGCACTCTCTAGTG.1,stimulated,NK
GGCACTCTTAGCGT.1,stimulated,CD4 T
GGCACTCTTGCACA.1,stimulated,CD14 Mono
GGCACTCTTGGAGG.1,stimulated,CD4 T
GGCATATGAACGTC.1,stimulated,CD4 T
GGCATATGATCGTG.1,stimulated,NK
GGCATATGCCTAAG.1,stimulated,B
GGCATATGTCTATC.1,stimulated,T
GGCATATGTCTCGC.1,stimulated,CD4 T
GGCCACGAATCTCT.1,stimulated,CD14 Mono
GGCCACGACCGATA.1,stimulated,CD4 T
GGCCACGAGTCCTC.1,stimulated,CD14 Mono
GGCCACGAGTTGAC.1,stimulated,CD4 T
GGCCAGACAAACAG.1,stimulated,CD14 Mono
GGCCAGACATGGTC.1,stimulated,CD16 Mono
GGCCAGACCATTTC.1,stimulated,CD16 Mono
GGCCAGACTAGTCG.1,stimulated,CD14 Mono
GGCCCAGAACCCTC.1,stimulated,NK
GGCCCAGACGACTA.1,stimulated,CD16 Mono
GGCCCAGACGTGTA.1,stimulated,NK
GGCCCAGAGGGCAA.1,stimulated,CD4 T
GGCCCAGAGTAGGG.1,stimulated,CD4 T
GGCCCAGATATTCC.1,stimulated,CD4 T
GGCCGAACCCCTAC.1,stimulated,CD14 Mono
GGCCGAACGTTGTG.1,stimulated,DC
GGCCGAACTGTCCC.1,stimulated,CD4 T
GGCCGATGGCGTTA.1,stimulated,CD14 Mono
GGCGACACAAACAG.1,stimulated,CD14 Mono
GGCGACACTTCCGC.1,stimulated,CD4 T
GGCGACTGAGCACT.1,stimulated,CD4 T
GGCGACTGCAGAAA.1,stimulated,CD14 Mono
GGCGACTGTGACAC.1,stimulated,B
GGCGCATGACTCTT.1,stimulated,CD14 Mono
GGCGCATGCCACAA.1,stimulated,CD4 T
GGCGCATGCCCGTT.1,stimulated,CD14 Mono
GGCGCATGCCTAAG.1,stimulated,CD4 T
GGCGCATGCGCCTT.1,stimulated,CD8 T
GGCGCATGCTCAGA.1,stimulated,B
GGCGCATGGAACTC.1,stimulated,CD14 Mono
GGCGCATGGAGCTT.1,stimulated,B
GGCGCATGGCGTTA.1,stimulated,CD4 T
GGCGCATGTCAGTG.1,stimulated,CD14 Mono
GGCGCATGTCTATC.1,stimulated,CD4 T
GGCGCATGTTAGGC.1,stimulated,CD4 T
GGCGGACTACTCAG.1,stimulated,CD16 Mono
GGCGGACTAGCCTA.1,stimulated,B
GGCGGACTCGAATC.1,stimulated,CD4 T
GGCGGACTGGAACG.1,stimulated,DC
GGCGGACTGTATCG.1,stimulated,CD4 T
GGCGGACTTCGACA.1,stimulated,CD14 Mono
GGCGGACTTCGCTC.1,stimulated,CD4 T
GGCTAAACATCTCT.1,stimulated,CD14 Mono
GGCTAAACCGAACT.1,stimulated,CD14 Mono
GGCTAAACCTATGG.1,stimulated,CD14 Mono
GGCTAAACTCGCCT.1,stimulated,CD14 Mono
GGCTAAACTGGAAA.1,stimulated,CD14 Mono
GGCTAATGAGCGTT.1,stimulated,DC
GGCTAATGCCGATA.1,stimulated,CD14 Mono
GGCTAATGCTCGAA.1,stimulated,CD14 Mono
GGCTAATGGAGATA.1,stimulated,NK
GGCTAATGGCGTTA.1,stimulated,B
GGCTAATGTCACGA.1,stimulated,CD4 T
GGCTACCTAACAGA.1,stimulated,B
GGCTACCTAGAATG.1,stimulated,CD14 Mono
GGCTACCTGGTTAC.1,stimulated,CD8 T
GGCTACCTTCCGAA.1,stimulated,CD14 Mono
GGCTCACTACTTTC.1,stimulated,CD4 T
GGCTCACTTCCAAG.1,stimulated,CD8 T
GGGAACGAGGTTTG.1,stimulated,CD14 Mono
GGGAAGACATCGTG.1,stimulated,CD14 Mono
GGGAAGACCCGCTT.1,stimulated,CD16 Mono
GGGAAGACCCTACC.1,stimulated,CD14 Mono
GGGAAGACCTGAGT.1,stimulated,NK
GGGAAGACGAATCC.11,stimulated,CD14 Mono
GGGAAGACGAATGA.1,stimulated,CD14 Mono
GGGAAGACGGTTCA.1,stimulated,CD14 Mono
GGGAAGACTCAGAC.1,stimulated,CD8 T
GGGAAGTGAGAGTA.1,stimulated,B
GGGAAGTGTATTCC.1,stimulated,CD4 T
GGGACCACATACCG.1,stimulated,T
GGGACCACCCTCGT.1,stimulated,CD16 Mono
GGGACCACCCTTGC.1,stimulated,CD8 T
GGGACCACCTTCGC.11,stimulated,CD4 T
GGGACCACTTCCAT.1,stimulated,CD8 T
GGGACCTGGAGGCA.1,stimulated,CD14 Mono
GGGACCTGGCCATA.1,stimulated,CD4 T
GGGACCTGGGATCT.1,stimulated,CD4 T
GGGACCTGTACGCA.1,stimulated,CD4 T
GGGACCTGTCTTCA.1,stimulated,CD4 T
GGGACCTGTTCCGC.1,stimulated,B
GGGATGGACTGACA.1,stimulated,CD4 T
GGGATGGATCCAGA.1,stimulated,CD4 T
GGGATGGATGCCCT.11,stimulated,CD4 T
GGGATGGATGTGCA.1,stimulated,CD14 Mono
GGGATTACAAAGCA.1,stimulated,CD4 T
GGGATTACCCCACT.1,stimulated,CD14 Mono
GGGCAAGAACGCAT.1,stimulated,CD14 Mono
GGGCAAGAACTGTG.1,stimulated,CD14 Mono
GGGCAAGAAGCTAC.1,stimulated,CD16 Mono
GGGCAAGAATCGAC.1,stimulated,CD4 T
GGGCAAGAGCGAGA.1,stimulated,CD4 T
GGGCAAGATCCCAC.1,stimulated,T
GGGCACACACCGAT.1,stimulated,CD4 T
GGGCACACACCTCC.1,stimulated,CD4 T
GGGCACACCTGTCC.1,stimulated,CD4 T
GGGCACACGAGATA.1,stimulated,CD4 T
GGGCACACTATCGG.1,stimulated,CD16 Mono
GGGCACACTTCCGC.1,stimulated,CD14 Mono
GGGCAGCTGAGAGC.1,stimulated,CD4 T
GGGCAGCTTGAACC.1,stimulated,CD4 T
GGGCCAACCAGATC.1,stimulated,CD14 Mono
GGGCCAACCGCTAA.1,stimulated,CD4 T
GGGCCAACCTAGCA.1,stimulated,CD14 Mono
GGGCCAACGAGAGC.1,stimulated,CD14 Mono
GGGCCAACTGTGGT.1,stimulated,T
GGGCCATGAACCAC.1,stimulated,CD14 Mono
GGGCCATGAAGTAG.1,stimulated,CD14 Mono
GGGCCATGCAGAAA.1,stimulated,B
GGGCCATGCAGTCA.1,stimulated,CD14 Mono
GGGCCATGCATCAG.1,stimulated,B
GGGCCATGCATGAC.1,stimulated,T
GGGCCATGCCCTTG.1,stimulated,CD14 Mono
GGGCCATGCTATTC.1,stimulated,CD4 T
GGGCCATGCTGTAG.1,stimulated,CD14 Mono
GGGCCATGCTTGAG.1,stimulated,B
GGGTAACTATCGTG.1,stimulated,DC
GGGTAACTCTGAGT.1,stimulated,CD14 Mono
GGGTAACTGGGATG.1,stimulated,DC
GGGTAACTGTACGT.1,stimulated,CD8 T
GGGTAACTGTCTAG.1,stimulated,CD16 Mono
GGGTAACTTGAGAA.1,stimulated,CD4 T
GGGTTAACCATGCA.1,stimulated,T
GGGTTAACCGAATC.1,stimulated,CD14 Mono
GGGTTAACGTAGCT.1,stimulated,CD16 Mono
GGGTTATGAAGTGA.1,stimulated,NK
GGGTTATGGTTGGT.1,stimulated,B
GGGTTATGTGCAAC.11,stimulated,B
GGTAAAGAACGGGA.1,stimulated,CD14 Mono
GGTACAACCCCGTT.1,stimulated,CD8 T
GGTACAACCGAACT.1,stimulated,CD14 Mono
GGTACAACCGCAAT.1,stimulated,CD14 Mono
GGTACAACGTCTTT.1,stimulated,T
GGTACATGAGCAAA.1,stimulated,CD4 T
GGTACATGATGGTC.1,stimulated,CD4 T
GGTACATGCAGAAA.1,stimulated,T
GGTACATGCCCTCA.1,stimulated,CD8 T
GGTACATGCCGATA.1,stimulated,CD4 T
GGTACATGGAATCC.1,stimulated,CD14 Mono
GGTACATGGACGAG.1,stimulated,CD4 T
GGTACTGAAGGTTC.1,stimulated,CD8 T
GGTACTGAGACTAC.1,stimulated,CD4 T
GGTAGTACAGCATC.1,stimulated,NK
GGTAGTACAGTTCG.1,stimulated,CD14 Mono
GGTAGTACGAATAG.1,stimulated,NK
GGTAGTACGGTAGG.1,stimulated,CD4 T
GGTAGTACGTAGGG.1,stimulated,CD16 Mono
GGTAGTACGTCTTT.1,stimulated,CD4 T
GGTAGTACTCACGA.1,stimulated,T
GGTATCGAAGAACA.1,stimulated,NK
GGTATCGACTTCGC.1,stimulated,NK
GGTATCGAGACACT.1,stimulated,CD14 Mono
GGTATCGAGTGCTA.1,stimulated,CD4 T
GGTATCGATCGCAA.1,stimulated,CD4 T
GGTATGACACACTG.1,stimulated,NK
GGTATGACACGTAC.1,stimulated,B
GGTATGACAGTAGA.1,stimulated,B
GGTATGACGAAAGT.1,stimulated,CD14 Mono
GGTATGACTTGTGG.1,stimulated,B
GGTCAAACAACCTG.1,stimulated,T
GGTCAAACACACCA.1,stimulated,B
GGTCAAACCGTAGT.1,stimulated,CD4 T
GGTCAAACCGTTGA.1,stimulated,CD4 T
GGTCAAACGGGCAA.1,stimulated,CD4 T
GGTCAAACGTAAGA.1,stimulated,CD14 Mono
GGTCTAGAAGTGTC.1,stimulated,CD4 T
GGTCTAGACATACG.1,stimulated,CD14 Mono
GGTCTAGACCCACT.1,stimulated,CD14 Mono
GGTCTAGAGTCATG.1,stimulated,B
GGTCTAGAGTCTGA.1,stimulated,CD14 Mono
GGTCTAGATGTCCC.1,stimulated,CD4 T
GGTCTAGATTGTGG.1,stimulated,CD16 Mono
GGTGATACAGTAGA.1,stimulated,CD14 Mono
GGTGATACCCGCTT.1,stimulated,CD4 T
GGTGATACCCTCGT.1,stimulated,CD14 Mono
GGTGATACGTTGCA.1,stimulated,T
GGTGGAGAACCATG.1,stimulated,CD14 Mono
GGTGGAGACGCAAT.1,stimulated,CD14 Mono
GGTGGAGAGAATCC.1,stimulated,CD16 Mono
GGTGGAGAGGAACG.11,stimulated,CD14 Mono
GGTGGAGATGCGTA.1,stimulated,CD14 Mono
GGTGGAGATGTCAG.1,stimulated,CD4 T
GGTTGAACAGTCAC.1,stimulated,CD14 Mono
GGTTGAACGCTTAG.1,stimulated,CD4 T
GGTTGAACTGCAGT.1,stimulated,CD14 Mono
GGTTGAACTGCGTA.1,stimulated,CD4 T
GGTTGAACTTTCTG.1,stimulated,DC
GGTTTACTGCGGAA.1,stimulated,CD14 Mono
GGTTTACTGTGTCA.1,stimulated,CD4 T
GGTTTACTTAAGCC.1,stimulated,CD14 Mono
GTAACGTGCAACCA.1,stimulated,NK
GTAACGTGCACACA.1,stimulated,CD8 T
GTAACGTGGCCAAT.1,stimulated,CD14 Mono
GTAACGTGTATCTC.1,stimulated,CD4 T
GTAAGCACCCTTGC.1,stimulated,CD4 T
GTAAGCACCGTGTA.1,stimulated,CD4 T
GTAAGCACCTCCAC.1,stimulated,CD4 T
GTAAGCACGCATAC.1,stimulated,B
GTAAGCACGTAAGA.1,stimulated,CD14 Mono
GTAAGCACTAGAAG.1,stimulated,CD4 T
GTAAGCACTGGGAG.1,stimulated,NK
GTAAGCTGCAGCTA.1,stimulated,CD4 T
GTAAGCTGGATAAG.1,stimulated,B
GTAAGCTGGGTGAG.1,stimulated,CD4 T
GTAATAACACACGT.1,stimulated,CD8 T
GTAATAACTGACTG.1,stimulated,CD4 T
GTAATAACTTTACC.1,stimulated,CD4 T
GTAATATGACGACT.1,stimulated,B
GTAATATGAGGGTG.1,stimulated,CD4 T
GTAATATGCGAATC.1,stimulated,DC
GTAATATGCTGATG.1,stimulated,CD14 Mono
GTAATATGGAATAG.1,stimulated,T
GTAATATGGTTCAG.1,stimulated,CD14 Mono
GTAATATGTTACCT.1,stimulated,CD14 Mono
GTACAGTGACACAC.1,stimulated,CD14 Mono
GTACAGTGACACGT.1,stimulated,DC
GTACAGTGGACAGG.1,stimulated,T
GTACAGTGTCCGTC.1,stimulated,CD4 T
GTACCCTGAACCGT.1,stimulated,CD8 T
GTACCCTGCTCCAC.1,stimulated,CD4 T
GTACCCTGGCGTAT.1,stimulated,CD8 T
GTACGAACCCTAAG.1,stimulated,CD8 T
GTACGAACGCAGAG.1,stimulated,CD4 T
GTACGAACGGTAGG.1,stimulated,B
GTACGAACTACAGC.1,stimulated,CD8 T
GTACGAACTTGCTT.1,stimulated,B
GTACGTGAAAGTGA.1,stimulated,CD16 Mono
GTACGTGATAGCGT.1,stimulated,CD16 Mono
GTACGTGATGCAGT.1,stimulated,CD4 T
GTACTACTAGATCC.1,stimulated,DC
GTACTACTCATGCA.1,stimulated,CD16 Mono
GTACTACTGCCTTC.1,stimulated,CD14 Mono
GTACTACTGTTTGG.1,stimulated,CD14 Mono
GTACTTTGAAAGTG.1,stimulated,T
GTACTTTGAACAGA.1,stimulated,B
GTACTTTGGCAGAG.1,stimulated,NK
GTACTTTGGGAACG.1,stimulated,CD16 Mono
GTACTTTGGTGTAC.1,stimulated,CD8 T
GTACTTTGTGAGGG.1,stimulated,B
GTAGACTGCTTCGC.1,stimulated,CD14 Mono
GTAGACTGGCTATG.1,stimulated,CD4 T
GTAGACTGGCTGTA.1,stimulated,CD14 Mono
GTAGACTGTGGATC.1,stimulated,T
GTAGACTGTGTCAG.1,stimulated,NK
GTAGACTGTTTACC.1,stimulated,CD8 T
GTAGCAACAAGCCT.11,stimulated,CD14 Mono
GTAGCAACAGCAAA.1,stimulated,CD14 Mono
GTAGCAACATTCCT.1,stimulated,CD14 Mono
GTAGCAACCTGTCC.1,stimulated,CD4 T
GTAGCAACCTTGAG.1,stimulated,CD14 Mono
GTAGCAACTAGACC.1,stimulated,CD4 T
GTAGCAACTCAGAC.1,stimulated,CD4 T
GTAGCAACTGTGAC.1,stimulated,CD14 Mono
GTAGCAACTTTCAC.1,stimulated,B
GTAGCATGAGTGTC.1,stimulated,CD4 T
GTAGCATGCATGAC.1,stimulated,CD4 T
GTAGCATGGAACCT.1,stimulated,NK
GTAGCATGGTGTTG.1,stimulated,CD4 T
GTAGCCCTAAGATG.11,stimulated,CD8 T
GTAGCCCTAGACTC.11,stimulated,CD4 T
GTAGCCCTCTTCCG.1,stimulated,CD14 Mono
GTAGCCCTCTTGAG.11,stimulated,CD4 T
GTAGCCCTTGCTCC.1,stimulated,CD14 Mono
GTAGCCCTTTGTGG.1,stimulated,B
GTAGCTGACGTAAC.1,stimulated,NK
GTAGCTGAGCAGTT.1,stimulated,CD14 Mono
GTAGCTGAGGTGTT.1,stimulated,DC
GTAGGTACCACTTT.1,stimulated,CD14 Mono
GTAGGTACCAGGAG.1,stimulated,NK
GTAGGTACTCTACT.1,stimulated,CD14 Mono
GTAGGTACTCTCGC.1,stimulated,CD16 Mono
GTAGTCGAAGAGTA.1,stimulated,CD14 Mono
GTAGTCGACCACAA.1,stimulated,CD14 Mono
GTAGTCGACCTTCG.1,stimulated,B
GTAGTCGACGAACT.1,stimulated,CD4 T
GTAGTCGACGCATA.1,stimulated,CD4 T
GTAGTCGATCCCAC.1,stimulated,B
GTAGTCGATGCCCT.1,stimulated,B
GTAGTCGATTTCTG.1,stimulated,CD14 Mono
GTAGTGACATCGGT.1,stimulated,CD16 Mono
GTAGTGACCAGTTG.1,stimulated,CD14 Mono
GTAGTGACGCCTTC.1,stimulated,CD14 Mono
GTAGTGACGGTAAA.1,stimulated,CD4 T
GTAGTGACTGTTTC.1,stimulated,CD16 Mono
GTAGTGTGAACGAA.1,stimulated,CD14 Mono
GTAGTGTGAAGATG.1,stimulated,CD14 Mono
GTAGTGTGCCGATA.1,stimulated,B
GTAGTGTGCTTGAG.1,stimulated,B
GTATCACTACGTGT.1,stimulated,B
GTATCACTAGAGAT.1,stimulated,B
GTATCACTCGGTAT.1,stimulated,B
GTATCACTCTAGCA.1,stimulated,CD14 Mono
GTATCACTGCGAGA.11,stimulated,T
GTATCTACAGTGTC.1,stimulated,B
GTATCTACCCGCTT.1,stimulated,T
GTATCTACGCCATA.1,stimulated,B
GTATCTACGGAACG.1,stimulated,CD14 Mono
GTATCTACTGACTG.11,stimulated,CD14 Mono
GTATCTACTTCCGC.1,stimulated,CD4 T
GTATCTACTTCTAC.1,stimulated,CD16 Mono
GTATGGTGCGACTA.1,stimulated,CD4 T
GTATGGTGCTGTAG.1,stimulated,CD4 T
GTATGGTGGAATGA.1,stimulated,CD4 T
GTATGGTGGCATCA.1,stimulated,NK
GTATGGTGTGGAGG.1,stimulated,CD4 T
GTATGGTGTTCTGT.1,stimulated,B
GTATTAGACCAGTA.1,stimulated,CD4 T
GTATTAGACGTAAC.1,stimulated,CD8 T
GTATTAGAGTCATG.1,stimulated,DC
GTATTCACATACCG.1,stimulated,CD4 T
GTATTCACCCTATT.1,stimulated,CD14 Mono
GTATTCACTCCCAC.1,stimulated,CD14 Mono
GTATTCACTGACAC.1,stimulated,CD4 T
GTCAACGAACCACA.1,stimulated,CD4 T
GTCAACGAAGTGCT.1,stimulated,NK
GTCAACGACCGATA.1,stimulated,CD14 Mono
GTCAACGAGATACC.1,stimulated,CD8 T
GTCAACGAGGATTC.1,stimulated,CD4 T
GTCAACGATAGACC.1,stimulated,CD4 T
GTCAATCTATGCTG.1,stimulated,CD14 Mono
GTCAATCTCCCGTT.1,stimulated,CD4 T
GTCAATCTCTTCGC.1,stimulated,CD4 T
GTCAATCTTCCAAG.1,stimulated,CD14 Mono
GTCAATCTTCCTGC.1,stimulated,CD14 Mono
GTCACAGAAAACAG.1,stimulated,CD8 T
GTCACAGAACCACA.1,stimulated,CD4 T
GTCACAGAACGCAT.1,stimulated,B
GTCACAGAATCGAC.1,stimulated,CD4 T
GTCACAGATCGTTT.1,stimulated,CD4 T
GTCACCTGCCTAAG.1,stimulated,CD14 Mono
GTCACCTGCTTTAC.1,stimulated,CD16 Mono
GTCACCTGTTCGTT.1,stimulated,CD8 T
GTCATACTACGCAT.1,stimulated,B
GTCATACTAGCTAC.1,stimulated,CD4 T
GTCATACTAGTCGT.1,stimulated,CD8 T
GTCATACTATGGTC.1,stimulated,T
GTCATACTCGAGTT.1,stimulated,CD14 Mono
GTCATACTGCTGAT.1,stimulated,CD16 Mono
GTCATACTGGTAGG.1,stimulated,CD4 T
GTCATACTGTGCTA.1,stimulated,CD14 Mono
GTCATACTTAGACC.11,stimulated,B
GTCATACTTCCAGA.1,stimulated,CD4 T
GTCATACTTTTCAC.1,stimulated,CD4 T
GTCCAAGAACCTTT.1,stimulated,B
GTCCAAGACCAAGT.1,stimulated,T
GTCCAAGACTACGA.1,stimulated,CD4 T
GTCCAAGAGATAGA.1,stimulated,CD4 T
GTCCAAGATCAGGT.1,stimulated,CD14 Mono
GTCCAAGATGCTAG.1,stimulated,CD4 T
GTCCACACACTAGC.1,stimulated,CD14 Mono
GTCCACACCGTAGT.1,stimulated,CD4 T
GTCCACACTTCTCA.1,stimulated,CD14 Mono
GTCCACTGACTACG.1,stimulated,CD16 Mono
GTCCACTGGTGCTA.1,stimulated,CD8 T
GTCCACTGTAGTCG.1,stimulated,CD14 Mono
GTCCACTGTTACCT.1,stimulated,CD4 T
GTCCACTGTTCGTT.1,stimulated,CD4 T
GTCCAGCTATTTCC.1,stimulated,CD4 T
GTCCAGCTTGACAC.1,stimulated,CD8 T
GTCCAGCTTGCCAA.1,stimulated,DC
GTCCCATGCTCAGA.1,stimulated,CD14 Mono
GTCCCATGCTTGTT.11,stimulated,CD14 Mono
GTCCCATGTGTCGA.1,stimulated,CD4 T
GTCGAATGACAGTC.1,stimulated,CD4 T
GTCGAATGAGCTAC.1,stimulated,CD4 T
GTCGAATGCAGAAA.1,stimulated,CD4 T
GTCGAATGCATGGT.1,stimulated,CD4 T
GTCGAATGCCCGTT.1,stimulated,CD4 T
GTCGAATGGGATTC.1,stimulated,CD8 T
GTCGAATGTTGACG.1,stimulated,CD4 T
GTCGACCTAGTCAC.1,stimulated,CD4 T
GTCGACCTTCGTGA.1,stimulated,CD14 Mono
GTCGACCTTTCACT.1,stimulated,CD4 T
GTCGACCTTTGGCA.1,stimulated,CD14 Mono
GTCGCACTCTCAAG.1,stimulated,NK
GTCGCACTTCGCAA.1,stimulated,CD4 T
GTCGCACTTTGCGA.1,stimulated,CD4 T
GTCTAACTACCATG.1,stimulated,CD14 Mono
GTCTAACTACTCAG.1,stimulated,CD14 Mono
GTCTAACTTAAGCC.1,stimulated,CD14 Mono
GTCTAACTTCCTCG.1,stimulated,CD4 T
GTCTAACTTTTCTG.1,stimulated,B
GTCTAGGAACGGGA.1,stimulated,NK
GTCTAGGAAGGCGA.1,stimulated,T
GTCTAGGACCTATT.1,stimulated,B
GTCTAGGACGTACA.1,stimulated,CD14 Mono
GTCTAGGAGCGATT.1,stimulated,CD4 T
GTCTAGGATGCTAG.11,stimulated,CD8 T
GTCTAGGATGTGCA.1,stimulated,CD14 Mono
GTCTGAGAAGCATC.1,stimulated,CD4 T
GTCTGAGACAACCA.1,stimulated,CD4 T
GTCTGAGAGGTATC.1,stimulated,CD4 T
GTCTGAGATCCCAC.1,stimulated,B
GTGAACACACTTTC.1,stimulated,CD14 Mono
GTGAACACAGAGAT.1,stimulated,CD4 T
GTGAACACAGAGTA.1,stimulated,CD14 Mono
GTGAACACCTAGTG.1,stimulated,CD14 Mono
GTGAACACGAATAG.1,stimulated,CD4 T
GTGAACACGGGATG.1,stimulated,CD4 T
GTGACAACAAGTGA.1,stimulated,CD4 T
GTGACAACCAGGAG.1,stimulated,CD4 T
GTGACAACCCAACA.1,stimulated,CD4 T
GTGACAACTTCCCG.1,stimulated,CD14 Mono
GTGACAACTTTGGG.1,stimulated,DC
GTGACCCTAGCCTA.1,stimulated,CD4 T
GTGACCCTGAACTC.1,stimulated,B
GTGACCCTGCGGAA.1,stimulated,CD14 Mono
GTGACCCTTAAGCC.11,stimulated,B
GTGACCCTTGAAGA.1,stimulated,CD4 T
GTGAGGGAACAGCT.1,stimulated,T
GTGAGGGAATCAGC.1,stimulated,CD4 T
GTGAGGGACCGTAA.1,stimulated,CD8 T
GTGAGGGACGACTA.1,stimulated,CD14 Mono
GTGAGGGACTCGAA.1,stimulated,CD4 T
GTGAGGGAGCTGTA.1,stimulated,CD14 Mono
GTGAGGGATAACCG.1,stimulated,T
GTGAGGGATCCTAT.1,stimulated,CD8 T
GTGATCGATCTCCG.1,stimulated,B
GTGATCGATGAGGG.1,stimulated,T
GTGATGACCAACTG.1,stimulated,B
GTGATGACCACACA.1,stimulated,CD4 T
GTGATGACGAATCC.1,stimulated,NK
GTGATGACGCATCA.1,stimulated,CD14 Mono
GTGATGACGTAAGA.1,stimulated,CD4 T
GTGATTCTCCAAGT.1,stimulated,CD8 T
GTGATTCTCCATGA.1,stimulated,CD4 T
GTGATTCTCCCACT.1,stimulated,CD4 T
GTGATTCTGTACGT.11,stimulated,B
GTGATTCTGTTCTT.1,stimulated,CD16 Mono
GTGATTCTTTACCT.1,stimulated,CD14 Mono
GTGCAAACGGACGA.1,stimulated,CD4 T
GTGCAAACTCGTGA.1,stimulated,T
GTGCAAACTGTCCC.1,stimulated,CD14 Mono
GTGCCACTCGCTAA.1,stimulated,CD4 T
GTGCCACTCTACCC.1,stimulated,B
GTGCCACTGTCAAC.1,stimulated,CD4 T
GTGCCACTTAGACC.1,stimulated,B
GTGCTAGAAGAGTA.1,stimulated,CD4 T
GTGCTAGACGAACT.1,stimulated,CD14 Mono
GTGCTAGAGAAAGT.1,stimulated,CD14 Mono
GTGCTAGAGAGGTG.1,stimulated,CD16 Mono
GTGCTAGATCTTTG.1,stimulated,CD14 Mono
GTGCTAGATTCGCC.1,stimulated,CD8 T
GTGCTAGATTTCAC.1,stimulated,CD4 T
GTGGAGGACTCGCT.1,stimulated,CD4 T
GTGGAGGAGGGACA.1,stimulated,CD4 T
GTGGAGGAGTATGC.1,stimulated,DC
GTGGATTGAGTACC.1,stimulated,CD4 T
GTGGATTGAGTCTG.1,stimulated,NK
GTGGATTGCCAACA.1,stimulated,B
GTGGATTGCGTTGA.1,stimulated,CD4 T
GTGGATTGTAAAGG.1,stimulated,CD14 Mono
GTGGATTGTGGCAT.1,stimulated,CD14 Mono
GTGGTAACGTAAGA.1,stimulated,CD14 Mono
GTGGTAACTACTGG.1,stimulated,CD8 T
GTGGTAACTCGTAG.1,stimulated,B
GTGTACGACCCGTT.1,stimulated,CD4 T
GTGTACGAGAAGGC.1,stimulated,CD14 Mono
GTGTACGAGCCTTC.1,stimulated,DC
GTGTACGAGGGATG.1,stimulated,T
GTGTAGTGAGCGGA.1,stimulated,T
GTGTAGTGCCTACC.11,stimulated,CD4 T
GTGTAGTGCTGTCC.1,stimulated,CD4 T
GTGTAGTGTCGCTC.1,stimulated,CD14 Mono
GTGTAGTGTGGTTG.1,stimulated,T
GTGTATCTAGCACT.1,stimulated,CD4 T
GTGTATCTATCTCT.1,stimulated,CD14 Mono
GTGTATCTCCCTCA.1,stimulated,B
GTGTATCTCCTTTA.1,stimulated,CD4 T
GTGTATCTCTGGTA.1,stimulated,CD4 T
GTGTATCTGGTAGG.1,stimulated,CD4 T
GTGTGATGAAACGA.1,stimulated,CD14 Mono
GTGTGATGAAGTAG.1,stimulated,CD4 T
GTGTGATGCTGTAG.1,stimulated,CD4 T
GTGTGATGGCATAC.1,stimulated,CD14 Mono
GTTAAAACTCCCGT.1,stimulated,CD14 Mono
GTTAAAACTGCATG.11,stimulated,CD16 Mono
GTTAAAACTTCTCA.1,stimulated,CD4 T
GTTAAAACTTGGTG.1,stimulated,CD8 T
GTTAAATGACCTTT.1,stimulated,CD4 T
GTTAAATGGAAAGT.1,stimulated,NK
GTTAAATGGGTTAC.1,stimulated,T
GTTAAATGTACAGC.1,stimulated,CD4 T
GTTAAATGTTGCTT.1,stimulated,CD4 T
GTTAACCTCCTTGC.1,stimulated,CD14 Mono
GTTAACCTCCTTTA.1,stimulated,CD8 T
GTTACGGAACGTAC.1,stimulated,CD14 Mono
GTTACGGACCTCGT.1,stimulated,CD4 T
GTTACGGACTACGA.1,stimulated,CD4 T
GTTACGGAGTCTAG.1,stimulated,B
GTTACGGATGAGAA.1,stimulated,T
GTTACTACGCGAAG.1,stimulated,CD4 T
GTTACTACGCTATG.1,stimulated,CD16 Mono
GTTACTACTGCAAC.1,stimulated,CD14 Mono
GTTAGGTGACCTAG.1,stimulated,CD4 T
GTTAGGTGAGGCGA.1,stimulated,CD8 T
GTTAGGTGCAGGAG.1,stimulated,CD4 T
GTTAGGTGGTTGGT.1,stimulated,CD14 Mono
GTTAGGTGTTTGCT.1,stimulated,CD14 Mono
GTTAGTCTATCGGT.1,stimulated,CD14 Mono
GTTAGTCTGATAGA.1,stimulated,B
GTTATAGAATTTCC.1,stimulated,CD14 Mono
GTTATAGACTCGAA.1,stimulated,CD4 T
GTTATAGAGAGGAC.1,stimulated,CD4 T
GTTATAGATTTCTG.1,stimulated,T
GTTATCTGACACGT.1,stimulated,CD4 T
GTTATCTGCCAAGT.1,stimulated,CD4 T
GTTATCTGGCGAAG.1,stimulated,CD4 T
GTTATCTGGGCGAA.1,stimulated,CD14 Mono
GTTATGCTCATCAG.1,stimulated,CD14 Mono
GTTATGCTCCTCCA.1,stimulated,CD4 T
GTTATGCTCTACGA.1,stimulated,CD14 Mono
GTTATGCTGAGGTG.1,stimulated,B
GTTATGCTTCTCTA.1,stimulated,B
GTTATGCTTTCCCG.1,stimulated,CD14 Mono
GTTCAACTCCACCT.1,stimulated,CD4 T
GTTCAACTGAATGA.1,stimulated,CD4 T
GTTCAACTGCGGAA.1,stimulated,B
GTTCAACTGCTAAC.11,stimulated,CD4 T
GTTCAACTGTTGGT.1,stimulated,CD4 T
GTTCAACTTAGACC.1,stimulated,CD4 T
GTTCAACTTTCTAC.1,stimulated,CD16 Mono
GTTCAGGAACCATG.1,stimulated,T
GTTCAGGAAGAGTA.1,stimulated,CD14 Mono
GTTCAGGACGGGAA.1,stimulated,CD14 Mono
GTTCAGGACTGATG.1,stimulated,CD8 T
GTTCAGGAGTAGGG.1,stimulated,CD8 T
GTTCATACAAAGTG.1,stimulated,CD4 T
GTTCATACAGGGTG.1,stimulated,CD4 T
GTTCATACATTCGG.1,stimulated,B
GTTCATACATTCTC.1,stimulated,B
GTTCATACTAGACC.1,stimulated,CD4 T
GTTCATACTCGTAG.1,stimulated,CD14 Mono
GTTCATACTTCGGA.1,stimulated,NK
GTTGACGAATCGGT.1,stimulated,CD14 Mono
GTTGACGACATTGG.1,stimulated,CD4 T
GTTGACGACCCGTT.1,stimulated,CD4 T
GTTGACGACGCAAT.1,stimulated,CD4 T
GTTGACGACTTGTT.1,stimulated,CD4 T
GTTGACGATAAGCC.1,stimulated,CD14 Mono
GTTGACGATGTTTC.1,stimulated,B
GTTGAGTGAAAGTG.1,stimulated,CD4 T
GTTGATCTACACCA.1,stimulated,CD14 Mono
GTTGATCTACTCTT.1,stimulated,CD4 T
GTTGATCTAGCCAT.1,stimulated,CD16 Mono
GTTGATCTTACTTC.1,stimulated,CD14 Mono
GTTGATCTTTAGGC.1,stimulated,CD4 T
GTTGATCTTTTCTG.1,stimulated,B
GTTGGATGAAACGA.1,stimulated,B
GTTGGATGAAGGCG.1,stimulated,CD14 Mono
GTTGGATGACTCAG.1,stimulated,CD14 Mono
GTTGGATGAGCCTA.1,stimulated,CD4 T
GTTGGATGAGCTCA.1,stimulated,B
GTTGGATGCTACGA.1,stimulated,CD14 Mono
GTTGGATGCTCATT.1,stimulated,CD14 Mono
GTTGGATGGAACCT.1,stimulated,NK
GTTGGATGGACTAC.1,stimulated,CD4 T
GTTGGATGTAGCCA.1,stimulated,B
GTTGGATGTGGGAG.1,stimulated,NK
GTTGTACTAGCGTT.1,stimulated,CD16 Mono
GTTGTACTCCTCAC.1,stimulated,CD8 T
GTTGTACTGTGTAC.1,stimulated,CD4 T
GTTTAAGAACACGT.1,stimulated,CD14 Mono
GTTTAAGACACTCC.1,stimulated,CD16 Mono
GTTTAAGACGTTAG.1,stimulated,B
GTTTAAGACTCCCA.1,stimulated,CD14 Mono
GTTTAAGACTCTTA.1,stimulated,CD4 T
GTTTAAGACTTGTT.1,stimulated,CD8 T
GTTTAAGAGACGAG.1,stimulated,CD4 T
GTTTAAGAGAGCAG.1,stimulated,CD4 T
GTTTAAGAGTAAGA.1,stimulated,CD14 Mono
TAAACAACACAGCT.1,stimulated,DC
TAAACAACACAGTC.1,stimulated,CD4 T
TAAACAACAGAACA.1,stimulated,CD8 T
TAAACAACCGTACA.1,stimulated,CD4 T
TAAACAACGAGATA.1,stimulated,CD4 T
TAAACAACGGACAG.1,stimulated,CD14 Mono
TAAAGACTAGATCC.1,stimulated,CD14 Mono
TAAAGACTAGTTCG.1,stimulated,CD4 T
TAAAGACTCGTTGA.1,stimulated,B
TAAAGACTTCGACA.1,stimulated,CD4 T
TAAAGACTTCTAGG.1,stimulated,CD4 T
TAAAGACTTCTCGC.1,stimulated,CD4 T
TAAAGACTTGGAAA.1,stimulated,DC
TAAAGTTGAAACAG.1,stimulated,CD14 Mono
TAAAGTTGATTTCC.1,stimulated,CD4 T
TAAAGTTGCCGATA.1,stimulated,CD14 Mono
TAAAGTTGGGTGAG.1,stimulated,CD4 T
TAAAGTTGGTCGTA.1,stimulated,CD14 Mono
TAAAGTTGTATCTC.1,stimulated,CD14 Mono
TAAAGTTGTCCTTA.1,stimulated,CD4 T
TAAAGTTGTCTATC.1,stimulated,CD4 T
TAAAGTTGTTGTGG.1,stimulated,CD14 Mono
TAAAGTTGTTTGTC.1,stimulated,CD14 Mono
TAAATCGACTCAGA.1,stimulated,CD4 T
TAAATCGAGAGGAC.1,stimulated,NK
TAAATCGATAACGC.1,stimulated,CD4 T
TAAATGTGACGTAC.1,stimulated,NK
TAAATGTGGAAGGC.1,stimulated,B
TAAATGTGTCCTTA.1,stimulated,T
TAAATGTGTTTGGG.1,stimulated,CD14 Mono
TAACAATGACTGTG.1,stimulated,CD4 T
TAACAATGCGGGAA.1,stimulated,CD16 Mono
TAACAATGGTCACA.1,stimulated,CD4 T
TAACAATGGTCTTT.1,stimulated,CD14 Mono
TAACACCTACTAGC.1,stimulated,CD14 Mono
TAACACCTAGAGAT.1,stimulated,T
TAACACCTAGGTCT.1,stimulated,CD4 T
TAACACCTTCCCAC.1,stimulated,CD4 T
TAACATGACATTGG.1,stimulated,CD14 Mono
TAACATGACCTATT.1,stimulated,CD4 T
TAACATGAGCGTAT.1,stimulated,CD4 T
TAACATGAGTGCTA.1,stimulated,CD4 T
TAACCGGACCGAAT.1,stimulated,CD14 Mono
TAACCGGACTCGCT.1,stimulated,CD8 T
TAACCGGACTCTTA.1,stimulated,CD4 T
TAACCGGACTGTGA.1,stimulated,CD4 T
TAACCGGACTTCCG.1,stimulated,CD14 Mono
TAACCGGAGCTACA.1,stimulated,B
TAACCGGATAAAGG.1,stimulated,CD4 T
TAACCGGATCGCTC.1,stimulated,T
TAACCGGATGAGAA.1,stimulated,CD14 Mono
TAACCGGATTGCTT.1,stimulated,CD4 T
TAACCGGATTTACC.1,stimulated,CD14 Mono
TAACGTCTATCTTC.1,stimulated,CD4 T
TAACGTCTGAAAGT.1,stimulated,CD4 T
TAACGTCTGAACCT.1,stimulated,CD14 Mono
TAACGTCTGACAGG.1,stimulated,CD14 Mono
TAACGTCTGGGAGT.1,stimulated,CD4 T
TAACGTCTTCTAGG.1,stimulated,CD14 Mono
TAACTAGAACGGGA.1,stimulated,CD4 T
TAACTAGATGCAGT.1,stimulated,CD4 T
TAACTAGATTTCTG.1,stimulated,CD14 Mono
TAACTCACATTCCT.1,stimulated,CD4 T
TAACTCACTCTCAT.1,stimulated,CD4 T
TAACTCACTTGCAG.1,stimulated,CD8 T
TAAGAACTCCCAAA.1,stimulated,B
TAAGAACTGGTTAC.1,stimulated,CD4 T
TAAGAGGAAAAAGC.1,stimulated,NK
TAAGAGGAAATGCC.11,stimulated,CD14 Mono
TAAGAGGATTAGGC.1,stimulated,CD16 Mono
TAAGATACGTGTCA.1,stimulated,CD14 Mono
TAAGATACTCACGA.1,stimulated,T
TAAGATACTGTCCC.11,stimulated,CD4 T
TAAGATTGAGATGA.1,stimulated,CD16 Mono
TAAGATTGATAAGG.1,stimulated,CD14 Mono
TAAGATTGATGGTC.1,stimulated,CD14 Mono
TAAGATTGCCACCT.1,stimulated,CD4 T
TAAGCGTGCACTAG.1,stimulated,B
TAAGCGTGCTGCAA.1,stimulated,CD4 T
TAAGCGTGGACAGG.1,stimulated,B
TAAGCGTGGACGTT.1,stimulated,CD14 Mono
TAAGCGTGGCGTAT.1,stimulated,B
TAAGCGTGGGGAGT.1,stimulated,CD14 Mono
TAAGCGTGTGTGAC.1,stimulated,CD4 T
TAAGCTCTACCATG.1,stimulated,CD14 Mono
TAAGCTCTAGTCAC.1,stimulated,CD4 T
TAAGCTCTAGTGTC.1,stimulated,CD14 Mono
TAAGCTCTGGTGAG.1,stimulated,T
TAAGCTCTGTCTAG.1,stimulated,CD4 T
TAAGCTCTTAGAGA.1,stimulated,CD4 T
TAAGCTCTTTGGCA.1,stimulated,CD14 Mono
TAAGGCTGAAGCAA.1,stimulated,NK
TAAGGCTGACGGGA.1,stimulated,CD4 T
TAAGGCTGATCGTG.1,stimulated,CD14 Mono
TAAGGCTGCACAAC.1,stimulated,CD14 Mono
TAAGGCTGCCCTCA.1,stimulated,DC
TAAGGCTGGAAAGT.1,stimulated,CD4 T
TAAGGCTGTCAAGC.11,stimulated,CD4 T
TAAGGCTGTCCTGC.1,stimulated,T
TAAGGCTGTGTCGA.1,stimulated,CD4 T
TAAGGGCTCAATCG.1,stimulated,B
TAAGTAACAGAAGT.1,stimulated,B
TAAGTAACAGAGTA.1,stimulated,CD8 T
TAAGTAACCGCATA.1,stimulated,CD8 T
TAAGTAACCGTTGA.1,stimulated,CD14 Mono
TAAGTAACGAGGCA.1,stimulated,CD4 T
TAAGTAACTGTGGT.1,stimulated,NK
TAAGTCCTACCAGT.1,stimulated,CD4 T
TAAGTCCTCTACTT.1,stimulated,CD4 T
TAAGTCCTGGTCTA.1,stimulated,CD4 T
TAAGTCCTGTACAC.1,stimulated,CD8 T
TAATCCACACGTAC.1,stimulated,CD4 T
TAATCCACAGGTTC.1,stimulated,CD14 Mono
TAATCCACATGTCG.1,stimulated,CD4 T
TAATCCACCTCTAT.11,stimulated,CD14 Mono
TAATCCACTTCGCC.1,stimulated,CD4 T
TAATGAACAGACTC.1,stimulated,CD4 T
TAATGAACGAAGGC.1,stimulated,CD4 T
TAATGAACGCATAC.1,stimulated,CD4 T
TAATGAACGTTCAG.1,stimulated,CD4 T
TAATGAACGTTGAC.1,stimulated,B
TAATGAACTGGCAT.1,stimulated,CD14 Mono
TAATGATGACCTGA.1,stimulated,CD4 T
TAATGATGAGGGTG.1,stimulated,CD4 T
TAATGATGCGACAT.1,stimulated,CD16 Mono
TAATGATGGCGAGA.1,stimulated,CD16 Mono
TAATGATGGGCGAA.1,stimulated,CD14 Mono
TAATGCCTACGTAC.1,stimulated,CD14 Mono
TAATGCCTCCACCT.1,stimulated,CD16 Mono
TAATGCCTCCATAG.1,stimulated,CD4 T
TAATGCCTTACTTC.1,stimulated,CD8 T
TAATGCCTTGTGAC.1,stimulated,CD16 Mono
TAATGTGAAGATGA.1,stimulated,CD16 Mono
TAATGTGACACAAC.1,stimulated,CD4 T
TAATGTGAGCGGAA.1,stimulated,CD4 T
TAATGTGAGGTCAT.11,stimulated,NK
TAATGTGATAACGC.1,stimulated,CD4 T
TAATGTGATTCATC.1,stimulated,CD16 Mono
TAATGTGATTCGTT.1,stimulated,B
TACAAATGACGCAT.1,stimulated,CD14 Mono
TACAAATGACGTTG.1,stimulated,NK
TACAAATGCGAATC.1,stimulated,CD4 T
TACAAATGGCGAAG.1,stimulated,CD4 T
TACAAATGTTGCTT.1,stimulated,CD16 Mono
TACAATGACATTCT.1,stimulated,CD14 Mono
TACAATGAGCGGAA.1,stimulated,CD8 T
TACAATGAGTACGT.1,stimulated,CD14 Mono
TACAATGATGAGCT.1,stimulated,CD14 Mono
TACAATGATGGAGG.1,stimulated,CD14 Mono
TACAATGATTCAGG.1,stimulated,T
TACACACTCCACCT.1,stimulated,T
TACACACTTAACCG.1,stimulated,CD8 T
TACACACTTTGGTG.1,stimulated,CD8 T
TACATAGAATCACG.1,stimulated,CD14 Mono
TACATAGACCGTTC.1,stimulated,CD16 Mono
TACATAGACTGAAC.1,stimulated,CD14 Mono
TACATAGATGGCAT.1,stimulated,T
TACATCACGAATGA.1,stimulated,CD16 Mono
TACATCACGCAAGG.1,stimulated,CD14 Mono
TACATCACGCAGAG.1,stimulated,T
TACATCACTAGCCA.1,stimulated,CD14 Mono
TACATCACTGATGC.1,stimulated,CD14 Mono
TACATCACTTCTTG.1,stimulated,CD4 T
TACCATTGACGTAC.1,stimulated,CD14 Mono
TACCATTGCAGATC.1,stimulated,DC
TACCATTGGGCGAA.1,stimulated,CD4 T
TACCGAGAAACCAC.1,stimulated,CD4 T
TACCGAGAAACTGC.1,stimulated,CD4 T
TACCGAGAACACAC.1,stimulated,B
TACCGAGAACTGTG.1,stimulated,CD14 Mono
TACCGAGACGAGTT.1,stimulated,CD16 Mono
TACCGAGACGGGAA.1,stimulated,CD4 T
TACCGAGACTTACT.1,stimulated,CD4 T
TACCGAGATCCTAT.1,stimulated,CD4 T
TACCGCTGCCGTAA.1,stimulated,CD4 T
TACCGCTGCCGTTC.1,stimulated,CD4 T
TACCGCTGCTAGAC.1,stimulated,T
TACCGCTGGCTTAG.1,stimulated,CD4 T
TACCGCTGTTCTCA.1,stimulated,CD8 T
TACCGCTGTTGCTT.1,stimulated,CD14 Mono
TACCGGCTATTCGG.1,stimulated,T
TACCGGCTTCGCTC.1,stimulated,CD4 T
TACCGGCTTCGTAG.1,stimulated,CD14 Mono
TACCGGCTTCTAGG.1,stimulated,CD14 Mono
TACGACGAAAGCAA.1,stimulated,CD4 T
TACGACGACCTAAG.1,stimulated,B
TACGACGACTCAAG.1,stimulated,T
TACGACGACTGTGA.1,stimulated,CD4 T
TACGACGAGCTACA.1,stimulated,T
TACGACGAGTGTCA.1,stimulated,CD4 T
TACGACGATTCGTT.1,stimulated,CD14 Mono
TACGACGATTTGGG.1,stimulated,CD14 Mono
TACGAGACATGCTG.1,stimulated,CD4 T
TACGAGACCTATTC.1,stimulated,CD4 T
TACGAGTGAATCGC.1,stimulated,B
TACGAGTGCTAGTG.1,stimulated,CD14 Mono
TACGAGTGCTGGTA.1,stimulated,CD14 Mono
TACGAGTGGTACCA.1,stimulated,CD4 T
TACGAGTGTACAGC.1,stimulated,CD4 T
TACGAGTGTAGCGT.1,stimulated,T
TACGATCTAAAGCA.1,stimulated,CD4 T
TACGATCTGGAGCA.1,stimulated,CD8 T
TACGATCTGTCGAT.1,stimulated,CD4 T
TACGATCTTTACTC.1,stimulated,CD16 Mono
TACGCAGAACACAC.1,stimulated,NK
TACGCAGACCGTAA.1,stimulated,B
TACGCAGACTATTC.1,stimulated,B
TACGCAGACTTATC.1,stimulated,CD16 Mono
TACGCAGACTTGGA.1,stimulated,CD4 T
TACGCAGAGGTCTA.1,stimulated,CD4 T
TACGCAGATACTCT.1,stimulated,CD14 Mono
TACGCAGATTGCAG.1,stimulated,CD14 Mono
TACGCCACCGAATC.1,stimulated,CD16 Mono
TACGCCACCGTAAC.1,stimulated,DC
TACGCCACGGGCAA.1,stimulated,CD14 Mono
TACGCCACTCAGGT.1,stimulated,CD14 Mono
TACGCGCTAAAACG.1,stimulated,CD14 Mono
TACGCGCTACCATG.1,stimulated,CD8 T
TACGCGCTACTAGC.1,stimulated,CD14 Mono
TACGCGCTAGAAGT.1,stimulated,CD14 Mono
TACGCGCTCTATGG.1,stimulated,CD14 Mono
TACGCGCTGAATAG.1,stimulated,CD4 T
TACGCGCTGGTGAG.1,stimulated,CD4 T
TACGCGCTTGTCAG.1,stimulated,CD4 T
TACGGAACCACTCC.1,stimulated,CD14 Mono
TACGGAACCCTCCA.1,stimulated,CD4 T
TACGGAACTGGAAA.1,stimulated,CD4 T
TACGGCCTACCAAC.1,stimulated,CD14 Mono
TACGGCCTAGAAGT.1,stimulated,B
TACGGCCTCATGGT.1,stimulated,CD4 T
TACGGCCTCTCGAA.1,stimulated,CD4 T
TACGGCCTGCTCCT.1,stimulated,NK
TACGTACTTAAGCC.1,stimulated,CD14 Mono
TACGTTACAGATGA.1,stimulated,CD4 T
TACGTTACGAATAG.1,stimulated,B
TACGTTACGTTGGT.1,stimulated,CD4 T
TACGTTACTTTCGT.1,stimulated,CD14 Mono
TACTAAGACTAGAC.1,stimulated,CD14 Mono
TACTAAGATCTCTA.1,stimulated,T
TACTAAGATTCAGG.1,stimulated,T
TACTACACAAGGTA.1,stimulated,CD4 T
TACTACACACGGAG.1,stimulated,CD14 Mono
TACTACACAGGCGA.1,stimulated,NK
TACTACACCAATCG.1,stimulated,CD4 T
TACTACACGACAAA.1,stimulated,CD14 Mono
TACTACACTCTACT.1,stimulated,CD14 Mono
TACTACTGCCTCGT.1,stimulated,CD14 Mono
TACTACTGGAATCC.1,stimulated,CD14 Mono
TACTACTGGCATAC.1,stimulated,CD14 Mono
TACTACTGGCTTAG.1,stimulated,CD14 Mono
TACTACTGGTCGTA.1,stimulated,CD4 T
TACTACTGTTACCT.1,stimulated,DC
TACTCAACACACGT.1,stimulated,T
TACTCAACAGTGTC.1,stimulated,CD4 T
TACTCAACATCGGT.1,stimulated,CD4 T
TACTCAACCATTGG.1,stimulated,CD8 T
TACTCAACCTACCC.1,stimulated,CD4 T
TACTCCCTACTGGT.1,stimulated,CD4 T
TACTCCCTGACAAA.1,stimulated,T
TACTCCCTGCATCA.11,stimulated,CD4 T
TACTCCCTTCATTC.1,stimulated,CD4 T
TACTCCCTTGCCTC.1,stimulated,CD14 Mono
TACTCCCTTGCTTT.1,stimulated,CD8 T
TACTCTGAAGAGTA.1,stimulated,NK
TACTCTGAAGTGTC.1,stimulated,CD4 T
TACTCTGACAGCTA.1,stimulated,CD4 T
TACTCTGACGTACA.1,stimulated,DC
TACTCTGACTGGTA.1,stimulated,CD14 Mono
TACTCTGAGCTCCT.1,stimulated,CD14 Mono
TACTCTGAGTTGAC.1,stimulated,CD14 Mono
TACTCTGATTCACT.1,stimulated,CD14 Mono
TACTGGGACTGAGT.1,stimulated,CD4 T
TACTGTTGAGAAGT.1,stimulated,CD8 T
TACTGTTGATAAGG.1,stimulated,CD4 T
TACTGTTGATTCGG.1,stimulated,CD4 T
TACTGTTGCGCATA.1,stimulated,CD4 T
TACTGTTGTACAGC.1,stimulated,CD4 T
TACTGTTGTCAGTG.1,stimulated,CD4 T
TACTGTTGTCGTGA.1,stimulated,CD14 Mono
TACTGTTGTCGTTT.1,stimulated,B
TACTTGACGCATCA.1,stimulated,CD14 Mono
TACTTGACGGCAAG.1,stimulated,B
TACTTGACTCCTCG.1,stimulated,DC
TACTTGACTCTGGA.1,stimulated,CD4 T
TACTTGACTTTGGG.1,stimulated,CD4 T
TACTTTCTAATGCC.1,stimulated,T
TACTTTCTAGGGTG.1,stimulated,CD4 T
TACTTTCTATCGAC.1,stimulated,CD4 T
TACTTTCTCCCGTT.1,stimulated,CD4 T
TACTTTCTCCCTCA.1,stimulated,CD8 T
TACTTTCTGAATCC.1,stimulated,CD14 Mono
TACTTTCTTCAGAC.1,stimulated,CD4 T
TACTTTCTTTCATC.1,stimulated,DC
TACTTTCTTTCGGA.1,stimulated,T
TACTTTCTTTGTCT.1,stimulated,CD14 Mono
TAGAAACTGCAAGG.1,stimulated,CD16 Mono
TAGAAACTTCAGGT.1,stimulated,B
TAGAAACTTCCTAT.1,stimulated,CD4 T
TAGAATACTGCACA.1,stimulated,CD14 Mono
TAGAATACTGGTCA.1,stimulated,CD14 Mono
TAGAATTGCGTCTC.1,stimulated,DC
TAGAATTGGACAGG.1,stimulated,CD4 T
TAGAATTGGGGATG.1,stimulated,T
TAGAATTGGGTATC.1,stimulated,CD4 T
TAGAATTGTCGATG.1,stimulated,CD14 Mono
TAGAATTGTCTACT.1,stimulated,CD4 T
TAGAATTGTTTGTC.11,stimulated,CD14 Mono
TAGACGTGAGGAGC.1,stimulated,CD4 T
TAGACGTGCAAAGA.1,stimulated,NK
TAGACGTGCGAACT.1,stimulated,CD14 Mono
TAGACGTGCTAGAC.1,stimulated,B
TAGACGTGTGAAGA.1,stimulated,CD4 T
TAGACGTGTGAGAA.1,stimulated,CD8 T
TAGACGTGTGAGGG.1,stimulated,CD16 Mono
TAGACGTGTTCCGC.1,stimulated,T
TAGAGAGAACGGAG.1,stimulated,CD4 T
TAGAGAGAGTTCTT.1,stimulated,CD14 Mono
TAGAGAGATGCTGA.1,stimulated,CD8 T
TAGAGCACACGGGA.1,stimulated,T
TAGAGCACCAGGAG.1,stimulated,CD4 T
TAGAGCACCCTTGC.1,stimulated,CD4 T
TAGAGCACGCTACA.1,stimulated,CD4 T
TAGAGCACGCTTAG.11,stimulated,CD8 T
TAGAGCACGGCAAG.1,stimulated,CD14 Mono
TAGAGCACGGGATG.1,stimulated,CD16 Mono
TAGAGCACTCCTGC.1,stimulated,CD4 T
TAGATCCTACTCAG.1,stimulated,CD4 T
TAGATCCTAGTGTC.1,stimulated,CD4 T
TAGATCCTCCGTTC.1,stimulated,CD4 T
TAGATCCTGTGTTG.1,stimulated,DC
TAGATCCTTATCTC.1,stimulated,CD4 T
TAGATCCTTGAGAA.1,stimulated,CD4 T
TAGATCCTTTCACT.1,stimulated,CD4 T
TAGATTGAACCTAG.1,stimulated,CD8 T
TAGATTGAAGTCAC.1,stimulated,NK
TAGATTGACTTGTT.1,stimulated,NK
TAGCATCTCTGTAG.1,stimulated,T
TAGCATCTTGCCAA.1,stimulated,CD4 T
TAGCCCACAAACAG.1,stimulated,NK
TAGCCCACAATGCC.1,stimulated,CD14 Mono
TAGCCCACATGCTG.1,stimulated,CD14 Mono
TAGCCCACTTCGGA.1,stimulated,NK
TAGCCCTGACCTCC.1,stimulated,CD4 T
TAGCCCTGCGAGAG.1,stimulated,CD14 Mono
TAGCCCTGGACGAG.1,stimulated,CD16 Mono
TAGCCCTGGATGAA.1,stimulated,CD4 T
TAGCCCTGTATCGG.1,stimulated,CD4 T
TAGCCCTGTGTCGA.1,stimulated,CD14 Mono
TAGCCCTGTTCCGC.1,stimulated,CD14 Mono
TAGCCGCTAACGAA.1,stimulated,CD4 T
TAGCCGCTCCTTAT.1,stimulated,CD14 Mono
TAGCCGCTGTACCA.1,stimulated,CD4 T
TAGCGATGAACGGG.1,stimulated,CD4 T
TAGCGATGGGGACA.1,stimulated,CD4 T
TAGCGATGGTCTGA.1,stimulated,CD14 Mono
TAGCGATGTCGACA.1,stimulated,CD16 Mono
TAGCTACTCTGTGA.1,stimulated,CD4 T
TAGCTACTGCTATG.1,stimulated,CD16 Mono
TAGCTACTGTCAAC.1,stimulated,CD14 Mono
TAGCTACTTTTGTC.1,stimulated,CD4 T
TAGGACTGACGCAT.1,stimulated,B
TAGGACTGCAGAAA.1,stimulated,DC
TAGGACTGCTCTTA.1,stimulated,CD4 T
TAGGACTGTTCGGA.1,stimulated,CD14 Mono
TAGGAGCTCATTCT.1,stimulated,CD14 Mono
TAGGCAACAGATCC.1,stimulated,CD14 Mono
TAGGCAACTAACGC.1,stimulated,CD4 T
TAGGCATGAGGTTC.1,stimulated,B
TAGGCATGATGCTG.1,stimulated,CD16 Mono
TAGGCATGCTATTC.1,stimulated,NK
TAGGCTGAAATCGC.1,stimulated,CD8 T
TAGGCTGAAGAGTA.1,stimulated,CD4 T
TAGGCTGACTCAGA.1,stimulated,CD8 T
TAGGCTGAGCATAC.11,stimulated,CD16 Mono
TAGGCTGAGCTGAT.1,stimulated,CD14 Mono
TAGGCTGAGTAAGA.1,stimulated,CD4 T
TAGGCTGAGTGCAT.1,stimulated,CD4 T
TAGGCTGATCTCCG.1,stimulated,CD14 Mono
TAGGCTGATTGAGC.1,stimulated,CD14 Mono
TAGGGACTATCAGC.1,stimulated,CD14 Mono
TAGGGACTTGCATG.11,stimulated,DC
TAGGGACTTTACTC.1,stimulated,B
TAGGTCGACTTCGC.1,stimulated,CD4 T
TAGGTCGAGTCTGA.1,stimulated,CD14 Mono
TAGGTCGATGCATG.1,stimulated,CD4 T
TAGGTGACACGCTA.1,stimulated,CD4 T
TAGGTGACATAAGG.1,stimulated,CD4 T
TAGGTGACTGTCAG.1,stimulated,B
TAGGTGACTTGCAG.1,stimulated,CD14 Mono
TAGGTGTGATCGTG.1,stimulated,B
TAGGTGTGCTATTC.1,stimulated,CD14 Mono
TAGGTGTGGAGAGC.1,stimulated,CD14 Mono
TAGGTGTGGTCTGA.1,stimulated,CD4 T
TAGGTGTGTCAAGC.1,stimulated,CD8 T
TAGGTTCTCGACAT.1,stimulated,CD14 Mono
TAGGTTCTCTGGTA.1,stimulated,B
TAGGTTCTGACACT.1,stimulated,CD14 Mono
TAGGTTCTGGACGA.1,stimulated,CD4 T
TAGGTTCTGTTCTT.1,stimulated,CD14 Mono
TAGGTTCTTCTACT.11,stimulated,T
TAGGTTCTTTATCC.1,stimulated,CD4 T
TAGTAAACACACGT.11,stimulated,CD4 T
TAGTAAACTTGCAG.1,stimulated,T
TAGTAATGAGCACT.1,stimulated,CD8 T
TAGTAATGGAGCAG.1,stimulated,CD14 Mono
TAGTAATGGATGAA.1,stimulated,CD14 Mono
TAGTAATGTTGAGC.1,stimulated,CD4 T
TAGTACCTCTAGTG.1,stimulated,CD4 T
TAGTACCTGCTACA.1,stimulated,CD14 Mono
TAGTACCTTAACCG.1,stimulated,CD4 T
TAGTACCTTCTGGA.1,stimulated,CD4 T
TAGTACCTTGCGTA.1,stimulated,B
TAGTATGAACCTGA.1,stimulated,CD14 Mono
TAGTATGAACTGTG.1,stimulated,CD4 T
TAGTATGACTTCTA.1,stimulated,CD4 T
TAGTATGAGTACCA.11,stimulated,CD4 T
TAGTATGAGTTTCT.1,stimulated,T
TAGTCACTCTACGA.1,stimulated,CD4 T
TAGTCACTGAGATA.1,stimulated,CD4 T
TAGTCACTTGCATG.1,stimulated,B
TAGTCACTTGGCAT.1,stimulated,CD16 Mono
TAGTCGGAAAAGTG.1,stimulated,CD4 T
TAGTCGGAGATAAG.1,stimulated,CD14 Mono
TAGTCGGAGGTCAT.1,stimulated,CD4 T
TAGTCTTGAGCACT.1,stimulated,CD4 T
TAGTCTTGCGGTAT.1,stimulated,CD4 T
TAGTCTTGGAATCC.1,stimulated,CD4 T
TAGTCTTGGCAAGG.1,stimulated,CD14 Mono
TAGTCTTGGTAGCT.1,stimulated,CD4 T
TAGTCTTGTCCTAT.1,stimulated,CD16 Mono
TAGTCTTGTGTGAC.1,stimulated,CD14 Mono
TAGTCTTGTTCATC.1,stimulated,CD4 T
TAGTGGTGAACCAC.1,stimulated,CD4 T
TAGTGGTGACGACT.1,stimulated,CD14 Mono
TAGTTCACCGACAT.1,stimulated,CD14 Mono
TAGTTCACTCGTTT.1,stimulated,CD4 T
TAGTTGCTCCAACA.1,stimulated,CD14 Mono
TAGTTGCTCCAAGT.1,stimulated,T
TAGTTGCTTCGCAA.1,stimulated,CD8 T
TATAAGACACAGTC.1,stimulated,CD4 T
TATAAGACCACACA.1,stimulated,CD14 Mono
TATAAGACCCACCT.1,stimulated,CD14 Mono
TATAAGACCCTGTC.1,stimulated,CD4 T
TATAAGACGAATAG.1,stimulated,CD4 T
TATAAGACTGTAGC.1,stimulated,CD4 T
TATAAGACTTCGTT.1,stimulated,CD8 T
TATAAGTGACCTCC.1,stimulated,CD4 T
TATAAGTGGATAAG.1,stimulated,CD4 T
TATAAGTGGCTGTA.1,stimulated,CD4 T
TATAAGTGGGTCTA.1,stimulated,CD14 Mono
TATACAGACCTTCG.1,stimulated,CD14 Mono
TATACAGACGAGAG.1,stimulated,CD14 Mono
TATACAGACTACTT.1,stimulated,CD4 T
TATACAGATGTTCT.1,stimulated,CD16 Mono
TATACCACACACCA.1,stimulated,CD16 Mono
TATACCACTGCAGT.1,stimulated,T
TATACCACTGCGTA.1,stimulated,B
TATACGCTAGAATG.1,stimulated,B
TATACGCTAGATCC.1,stimulated,NK
TATACGCTCTAAGC.1,stimulated,B
TATACGCTGATACC.1,stimulated,CD4 T
TATAGATGAGAGGC.1,stimulated,CD8 T
TATAGATGGGGAGT.1,stimulated,CD14 Mono
TATAGATGTTGTCT.1,stimulated,CD4 T
TATAGCCTAGACTC.1,stimulated,CD4 T
TATAGCCTAGAGTA.1,stimulated,CD4 T
TATAGCCTCAATCG.1,stimulated,CD14 Mono
TATAGCCTCACACA.1,stimulated,CD16 Mono
TATAGCCTCCATAG.1,stimulated,CD14 Mono
TATAGCCTCTGAGT.1,stimulated,CD4 T
TATAGCCTGACGTT.1,stimulated,DC
TATAGCCTTGGCAT.1,stimulated,CD16 Mono
TATCAAGAACTTTC.1,stimulated,CD14 Mono
TATCAAGAGTAAAG.1,stimulated,CD4 T
TATCACTGATGCCA.1,stimulated,CD4 T
TATCACTGCATGCA.1,stimulated,DC
TATCACTGCGTGAT.1,stimulated,CD14 Mono
TATCACTGGAAGGC.1,stimulated,CD4 T
TATCACTGGTACGT.1,stimulated,CD14 Mono
TATCACTGGTCTGA.1,stimulated,CD4 T
TATCACTGGTTACG.1,stimulated,CD4 T
TATCACTGTCAGTG.1,stimulated,DC
TATCACTGTCTCCG.1,stimulated,CD4 T
TATCACTGTGGGAG.1,stimulated,B
TATCACTGTTGTCT.1,stimulated,CD14 Mono
TATCAGCTAGTACC.1,stimulated,CD8 T
TATCAGCTGGACTT.1,stimulated,CD4 T
TATCAGCTTGCACA.1,stimulated,CD14 Mono
TATCCAACAACGAA.1,stimulated,CD4 T
TATCCAACCAACTG.1,stimulated,CD4 T
TATCCAACCAGTTG.1,stimulated,CD16 Mono
TATCCAACCCAGTA.1,stimulated,CD4 T
TATCCAACCTCGAA.1,stimulated,CD4 T
TATCCAACCTTAGG.1,stimulated,CD4 T
TATCCAACCTTGCC.1,stimulated,CD4 T
TATCCAACGAACCT.1,stimulated,B
TATCCAACGAATAG.1,stimulated,CD14 Mono
TATCCAACGAGGCA.1,stimulated,CD14 Mono
TATCCAACTATCTC.1,stimulated,CD4 T
TATCCAACTCAGTG.1,stimulated,CD14 Mono
TATCCAACTCCGTC.1,stimulated,B
TATCCAACTTTGGG.1,stimulated,T
TATCCTGAAAGCCT.1,stimulated,CD14 Mono
TATCCTGAACCTGA.1,stimulated,CD4 T
TATCCTGAAGGTTC.1,stimulated,CD8 T
TATCCTGAATCGTG.1,stimulated,CD4 T
TATCCTGAATGTGC.1,stimulated,CD4 T
TATCCTGATACTGG.1,stimulated,CD4 T
TATCCTGATCTCCG.1,stimulated,B
TATCCTGATCTCTA.1,stimulated,NK
TATCCTGATGACCA.1,stimulated,CD14 Mono
TATCCTGATGGCAT.1,stimulated,CD14 Mono
TATCCTGATTCGGA.1,stimulated,CD16 Mono
TATCGACTAAAAGC.1,stimulated,B
TATCGACTCAACTG.1,stimulated,CD4 T
TATCGACTCAATCG.1,stimulated,B
TATCGACTCTTGCC.1,stimulated,CD14 Mono
TATCGACTGGAGTG.1,stimulated,CD4 T
TATCGACTGTAGCT.1,stimulated,B
TATCGTACACCTAG.1,stimulated,CD14 Mono
TATCGTACACGCAT.1,stimulated,B
TATCGTACACTAGC.1,stimulated,T
TATCGTACCACTCC.1,stimulated,CD14 Mono
TATCGTACTTATCC.1,stimulated,CD14 Mono
TATCTCGACGTAAC.1,stimulated,CD4 T
TATCTCGATACTGG.1,stimulated,B
TATCTGACGAGATA.1,stimulated,CD4 T
TATCTGACTCCCAC.1,stimulated,NK
TATCTTCTCAGAGG.1,stimulated,CD4 T
TATCTTCTTAGCCA.1,stimulated,CD4 T
TATCTTCTTTGGTG.1,stimulated,CD4 T
TATGAATGGTACGT.1,stimulated,CD4 T
TATGAATGGTCGTA.1,stimulated,CD14 Mono
TATGAATGGTTTGG.1,stimulated,CD14 Mono
TATGAATGTACTCT.1,stimulated,CD4 T
TATGAATGTATGCG.1,stimulated,B
TATGAATGTCACGA.1,stimulated,CD4 T
TATGCGGACGCAAT.1,stimulated,CD14 Mono
TATGCGGATCTATC.1,stimulated,CD4 T
TATGGGACACCACA.1,stimulated,B
TATGGGACGGATCT.1,stimulated,CD14 Mono
TATGGGACGGTAAA.1,stimulated,CD4 T
TATGGGACGTTAGC.1,stimulated,NK
TATGGGACTCCCGT.1,stimulated,CD14 Mono
TATGGGACTTGCAG.1,stimulated,CD4 T
TATGGGACTTGGTG.1,stimulated,B
TATGGGTGCCCGTT.1,stimulated,CD14 Mono
TATGGGTGTCGACA.1,stimulated,CD4 T
TATGGGTGTTCCCG.1,stimulated,CD4 T
TATGGTCTCACTTT.1,stimulated,T
TATGGTCTGCTATG.1,stimulated,CD4 T
TATGGTCTGTATGC.1,stimulated,NK
TATGGTCTTCCCAC.1,stimulated,CD4 T
TATGTCACAGTAGA.1,stimulated,CD4 T
TATGTCACATCGAC.1,stimulated,T
TATGTCACCATTGG.1,stimulated,B
TATGTCACCCGTTC.1,stimulated,CD4 T
TATGTCACGCGTTA.1,stimulated,CD8 T
TATGTCTGCACAAC.1,stimulated,CD14 Mono
TATGTCTGCACACA.1,stimulated,CD16 Mono
TATGTCTGGTTGTG.1,stimulated,CD16 Mono
TATGTCTGTCGACA.1,stimulated,CD16 Mono
TATGTCTGTCTCGC.1,stimulated,CD14 Mono
TATGTGCTAGTGTC.1,stimulated,CD4 T
TATGTGCTGATAAG.1,stimulated,CD14 Mono
TATGTGCTTCCTAT.1,stimulated,CD14 Mono
TATGTGCTTGCAGT.1,stimulated,CD14 Mono
TATTGCTGACACAC.1,stimulated,B
TATTGCTGATTGGC.1,stimulated,CD8 T
TATTGCTGCCAATG.1,stimulated,CD4 T
TATTGCTGCTAGAC.1,stimulated,B
TATTGCTGCTCCCA.1,stimulated,CD4 T
TATTGCTGTGACAC.1,stimulated,CD14 Mono
TATTTCCTCGTACA.1,stimulated,CD14 Mono
TATTTCCTGCATAC.1,stimulated,CD14 Mono
TATTTCCTTGCTTT.1,stimulated,T
TCAACACTAAGGGC.1,stimulated,CD14 Mono
TCAACACTCGAATC.1,stimulated,B
TCAACACTGACACT.1,stimulated,CD8 T
TCAACACTGTTACG.1,stimulated,NK
TCAACACTTTACTC.1,stimulated,CD14 Mono
TCAAGGACCCACAA.1,stimulated,CD4 T
TCAAGGACGGGTGA.1,stimulated,CD14 Mono
TCAAGGACGTTGTG.1,stimulated,T
TCAAGGTGAAGAGT.1,stimulated,CD4 T
TCAAGGTGAGGTTC.1,stimulated,CD4 T
TCAAGGTGGAATGA.1,stimulated,CD16 Mono
TCAAGGTGGCTGTA.1,stimulated,CD14 Mono
TCAAGGTGTAGTCG.1,stimulated,CD16 Mono
TCAAGGTGTGGTGT.1,stimulated,CD8 T
TCAAGGTGTTGACG.1,stimulated,CD4 T
TCAAGTCTGAAAGT.11,stimulated,NK
TCAAGTCTTCAGAC.1,stimulated,CD4 T
TCAATAGAACTAGC.1,stimulated,CD4 T
TCAATAGAATTCCT.1,stimulated,CD4 T
TCAATAGACCTTAT.1,stimulated,CD14 Mono
TCAATAGAGGCAAG.1,stimulated,T
TCAATAGAGGGAGT.1,stimulated,CD4 T
TCAATCACCATCAG.1,stimulated,CD14 Mono
TCAATCACGGGATG.11,stimulated,NK
TCAATCACGTTCGA.1,stimulated,CD4 T
TCAATCACTTAGGC.1,stimulated,T
TCACATACAGAATG.1,stimulated,CD4 T
TCACATACAGCTCA.1,stimulated,CD4 T
TCACATACAGGAGC.1,stimulated,CD4 T
TCACATACCAGAAA.1,stimulated,CD4 T
TCACATACCATTGG.1,stimulated,CD4 T
TCACATACTTGTCT.1,stimulated,CD4 T
TCACCCGAAGATGA.1,stimulated,CD14 Mono
TCACCCGACGTGTA.1,stimulated,CD14 Mono
TCACCCGACTATTC.1,stimulated,CD4 T
TCACCCGAGTAGCT.1,stimulated,CD14 Mono
TCACCGTGAAGCAA.1,stimulated,T
TCACCGTGACCCAA.1,stimulated,CD4 T
TCACCGTGCAAAGA.1,stimulated,CD4 T
TCACCGTGCCATAG.1,stimulated,CD4 T
TCACCGTGCCTAAG.1,stimulated,CD4 T
TCACCGTGCGTTAG.1,stimulated,CD4 T
TCACCGTGGGGACA.1,stimulated,CD16 Mono
TCACCGTGTTGCTT.11,stimulated,B
TCACCTCTAGGTCT.1,stimulated,CD14 Mono
TCACCTCTATGTCG.1,stimulated,CD14 Mono
TCACCTCTGGTGAG.1,stimulated,B
TCACGAGAAGCGGA.1,stimulated,CD4 T
TCACGAGACGAACT.1,stimulated,CD14 Mono
TCACGAGACGGTAT.1,stimulated,CD14 Mono
TCACGAGAGGGTGA.1,stimulated,DC
TCACGAGAGTCGTA.1,stimulated,B
TCACGAGAGTTGGT.1,stimulated,CD8 T
TCACGAGATACTGG.1,stimulated,CD14 Mono
TCACGAGATCGTAG.1,stimulated,CD4 T
TCACTATGCAGAGG.1,stimulated,CD4 T
TCACTATGGAATCC.1,stimulated,CD4 T
TCACTATGGTCTTT.1,stimulated,CD8 T
TCACTATGTATGCG.1,stimulated,CD4 T
TCACTATGTCTCGC.1,stimulated,CD14 Mono
TCAGACGAAAAGTG.1,stimulated,CD8 T
TCAGACGAAAGCAA.1,stimulated,CD14 Mono
TCAGACGAGATACC.1,stimulated,CD4 T
TCAGACGATGCTTT.1,stimulated,CD14 Mono
TCAGAGACCCTATT.1,stimulated,CD4 T
TCAGAGACCTCATT.1,stimulated,CD14 Mono
TCAGAGACCTCTAT.11,stimulated,CD4 T
TCAGAGACCTCTTA.1,stimulated,CD8 T
TCAGCAGATACAGC.1,stimulated,CD4 T
TCAGCGCTCTACGA.1,stimulated,CD14 Mono
TCAGCGCTCTGATG.1,stimulated,CD8 T
TCAGCGCTGTAGGG.1,stimulated,CD14 Mono
TCAGCGCTTTCGCC.1,stimulated,NK
TCAGGATGACGCAT.1,stimulated,B
TCAGGATGAGAGTA.1,stimulated,CD16 Mono
TCAGGATGAGTACC.1,stimulated,CD14 Mono
TCAGGATGCGGGAA.1,stimulated,CD14 Mono
TCAGGATGCGTGAT.1,stimulated,CD14 Mono
TCAGGATGCTGCAA.1,stimulated,T
TCAGTGGACATCAG.1,stimulated,CD4 T
TCAGTGGACCTTGC.1,stimulated,CD14 Mono
TCAGTGGAGCTGAT.1,stimulated,CD4 T
TCAGTGGAGTTAGC.1,stimulated,CD8 T
TCAGTGGATACAGC.1,stimulated,CD8 T
TCAGTTACAATCGC.1,stimulated,CD14 Mono
TCAGTTACACTTTC.1,stimulated,CD4 T
TCAGTTACAGCAAA.11,stimulated,CD4 T
TCAGTTACATCGGT.1,stimulated,CD14 Mono
TCAGTTACCCAACA.1,stimulated,CD14 Mono
TCAGTTACCTACTT.1,stimulated,CD4 T
TCAGTTACTCCTAT.1,stimulated,CD16 Mono
TCAGTTACTGCACA.1,stimulated,CD14 Mono
TCAGTTACTGGAGG.1,stimulated,CD4 T
TCAGTTACTTTCGT.1,stimulated,CD4 T
TCATCAACACCAGT.1,stimulated,CD4 T
TCATCAACGTTCTT.11,stimulated,CD8 T
TCATCAACGTTGGT.1,stimulated,CD14 Mono
TCATCATGACGGGA.1,stimulated,CD4 T
TCATCATGCTAAGC.1,stimulated,NK
TCATCATGGTAAGA.1,stimulated,CD14 Mono
TCATCATGTACTTC.1,stimulated,CD16 Mono
TCATCATGTTCGTT.1,stimulated,CD4 T
TCATCATGTTCTCA.1,stimulated,CD14 Mono
TCATCCCTACGGAG.1,stimulated,CD14 Mono
TCATCCCTAGTACC.1,stimulated,CD14 Mono
TCATCCCTCAGAGG.1,stimulated,CD14 Mono
TCATCCCTTAAAGG.11,stimulated,NK
TCATGTACACTACG.1,stimulated,CD16 Mono
TCATGTACATCTCT.1,stimulated,CD4 T
TCATGTACATGGTC.1,stimulated,CD4 T
TCATGTACCCTAAG.1,stimulated,CD14 Mono
TCATGTACGCAAGG.1,stimulated,CD4 T
TCATGTACGTAAAG.1,stimulated,CD4 T
TCATTCGAAAGCCT.1,stimulated,CD8 T
TCATTCGATACTCT.1,stimulated,CD14 Mono
TCATTCGATATTCC.1,stimulated,CD14 Mono
TCATTCGATCGCTC.1,stimulated,CD4 T
TCATTGACACTAGC.1,stimulated,CD4 T
TCATTGACCGGTAT.1,stimulated,B
TCCACGTGAACGTC.1,stimulated,NK
TCCACGTGACACAC.1,stimulated,CD16 Mono
TCCACGTGATGCTG.1,stimulated,CD14 Mono
TCCACGTGCGCTAA.1,stimulated,CD8 T
TCCACGTGCTACCC.1,stimulated,CD14 Mono
TCCACGTGGACGGA.1,stimulated,CD14 Mono
TCCACGTGGTAGCT.1,stimulated,CD4 T
TCCACGTGTGACTG.1,stimulated,CD4 T
TCCACGTGTTCCAT.1,stimulated,CD14 Mono
TCCACTCTAAAGCA.11,stimulated,CD14 Mono
TCCAGAGACAAGCT.1,stimulated,CD4 T
TCCAGAGAGCCCTT.1,stimulated,CD4 T
TCCATAACACCACA.1,stimulated,CD4 T
TCCATAACTCACCC.1,stimulated,CD14 Mono
TCCATAACTCAGGT.1,stimulated,CD16 Mono
TCCATCCTCGAACT.1,stimulated,T
TCCATCCTCTCCCA.1,stimulated,CD4 T
TCCATCCTGCAGTT.1,stimulated,CD14 Mono
TCCATCCTGGTTCA.1,stimulated,CD16 Mono
TCCATCCTGTGTTG.1,stimulated,CD4 T
TCCATCCTTTGGCA.1,stimulated,CD4 T
TCCCACGACATGAC.1,stimulated,CD16 Mono
TCCCACGAGTCATG.1,stimulated,CD14 Mono
TCCCACGAGTTCGA.1,stimulated,B
TCCCACGATCGTAG.1,stimulated,CD4 T
TCCCAGACCATACG.1,stimulated,B
TCCCAGACCCCAAA.1,stimulated,CD4 T
TCCCAGACCCTACC.1,stimulated,CD14 Mono
TCCCAGACTAGAGA.1,stimulated,NK
TCCCAGACTAGTCG.1,stimulated,CD4 T
TCCCATCTAAGTAG.1,stimulated,CD4 T
TCCCATCTAGAAGT.1,stimulated,CD4 T
TCCCATCTCGAATC.1,stimulated,CD14 Mono
TCCCATCTGATAAG.1,stimulated,CD14 Mono
TCCCATCTTCGATG.1,stimulated,CD8 T
TCCCGAACAACAGA.1,stimulated,CD4 T
TCCCGAACAGGTTC.1,stimulated,CD4 T
TCCCGAACCATCAG.1,stimulated,CD8 T
TCCCGAACCGTTGA.1,stimulated,B
TCCCGAACGTATGC.1,stimulated,CD14 Mono
TCCCGAACGTTGGT.1,stimulated,B
TCCCGATGACCGAT.1,stimulated,CD14 Mono
TCCCGATGCCCAAA.1,stimulated,CD4 T
TCCCGATGCCGATA.1,stimulated,CD14 Mono
TCCCGATGGAGGGT.1,stimulated,CD4 T
TCCCGATGGTTCTT.1,stimulated,CD4 T
TCCCGATGTACTGG.1,stimulated,CD4 T
TCCCGATGTTGTCT.1,stimulated,CD14 Mono
TCCCTACTATCTTC.1,stimulated,DC
TCCCTACTTAACCG.1,stimulated,CD14 Mono
TCCGAAGACTTACT.1,stimulated,CD4 T
TCCGAAGATGCTCC.1,stimulated,CD8 T
TCCGAAGATGTCGA.1,stimulated,CD4 T
TCCGAGCTACCCAA.1,stimulated,B
TCCGAGCTAGGTCT.1,stimulated,CD4 T
TCCGAGCTCTCCAC.1,stimulated,CD4 T
TCCGAGCTTAGAGA.1,stimulated,CD4 T
TCCGGACTCTCTAT.1,stimulated,CD14 Mono
TCCGGACTGACGAG.1,stimulated,CD14 Mono
TCCGGACTGAGGCA.1,stimulated,CD4 T
TCCGGACTTGTCAG.1,stimulated,CD14 Mono
TCCGGACTTTCTAC.1,stimulated,B
TCCTAAACTCCTTA.1,stimulated,CD16 Mono
TCCTAAACTGGAAA.1,stimulated,CD14 Mono
TCCTAAACTTTCTG.1,stimulated,CD4 T
TCCTAATGAAGCCT.11,stimulated,CD16 Mono
TCCTAATGCAACTG.1,stimulated,CD14 Mono
TCCTAATGCGGGAA.1,stimulated,NK
TCCTAATGTTGACG.11,stimulated,CD14 Mono
TCCTACCTAAGTGA.1,stimulated,CD14 Mono
TCCTACCTGGGACA.1,stimulated,NK
TCCTACCTTCAGTG.1,stimulated,CD16 Mono
TCCTACCTTGTGAC.1,stimulated,CD4 T
TCCTACCTTTCCAT.1,stimulated,CD14 Mono
TCCTATGACACTTT.1,stimulated,CD16 Mono
TCCTATGACTCTCG.1,stimulated,CD16 Mono
TCCTATGAGTCCTC.1,stimulated,NK
TCCTATGAGTGTAC.1,stimulated,CD4 T
TCCTATGATGCCAA.1,stimulated,CD4 T
TCGAATCTCCGTTC.1,stimulated,CD14 Mono
TCGAATCTGAACCT.1,stimulated,CD4 T
TCGAATCTGTTGTG.1,stimulated,T
TCGAATCTTAAAGG.1,stimulated,CD8 T
TCGAATCTTAAGCC.1,stimulated,CD4 T
TCGAATCTTTCGGA.1,stimulated,CD14 Mono
TCGACCTGACGACT.1,stimulated,CD14 Mono
TCGACCTGAGTAGA.1,stimulated,CD4 T
TCGACCTGCTCAGA.1,stimulated,B
TCGACCTGGTTAGC.1,stimulated,CD4 T
TCGACCTGTGCACA.1,stimulated,B
TCGACGCTCCATAG.1,stimulated,CD14 Mono
TCGACGCTGGCATT.1,stimulated,CD14 Mono
TCGACGCTTCTTCA.1,stimulated,CD4 T
TCGACGCTTGACAC.1,stimulated,CD14 Mono
TCGAGAACACACCA.1,stimulated,CD16 Mono
TCGAGAACATGTCG.1,stimulated,CD4 T
TCGAGAACCGTGAT.1,stimulated,CD8 T
TCGAGAACTTCATC.1,stimulated,CD8 T
TCGAGCCTAAACAG.1,stimulated,CD4 T
TCGAGCCTCGGAGA.1,stimulated,CD8 T
TCGAGCCTTTTGGG.1,stimulated,DC
TCGATACTCCATGA.1,stimulated,CD14 Mono
TCGATACTCCCACT.1,stimulated,B
TCGATACTGAGCTT.1,stimulated,CD14 Mono
TCGATACTGGGACA.11,stimulated,T
TCGATACTTGGTCA.1,stimulated,CD4 T
TCGATACTTGTGCA.1,stimulated,CD14 Mono
TCGATTTGAATCGC.1,stimulated,CD4 T
TCGATTTGAGATGA.1,stimulated,T
TCGATTTGCTCTAT.1,stimulated,B
TCGATTTGGGAGGT.1,stimulated,CD16 Mono
TCGATTTGTACTTC.1,stimulated,DC
TCGATTTGTGGTCA.1,stimulated,B
TCGCAAGAGAGGCA.1,stimulated,CD14 Mono
TCGCAAGATGAGAA.1,stimulated,CD14 Mono
TCGCAAGATTTCTG.1,stimulated,B
TCGCACACAGTAGA.1,stimulated,CD14 Mono
TCGCACACCACTCC.1,stimulated,CD4 T
TCGCACACCCGTAA.1,stimulated,CD4 T
TCGCACACGGCGAA.1,stimulated,CD14 Mono
TCGCACACTACTCT.1,stimulated,CD16 Mono
TCGCACACTGGAAA.11,stimulated,CD14 Mono
TCGCACTGTCTCCG.1,stimulated,DC
TCGCACTGTGTTCT.1,stimulated,CD4 T
TCGCAGCTCACTTT.1,stimulated,T
TCGCAGCTCAGATC.1,stimulated,CD4 T
TCGCAGCTCCCTAC.1,stimulated,CD4 T
TCGCAGCTGGTTCA.1,stimulated,DC
TCGCAGCTTAACGC.1,stimulated,CD4 T
TCGCCATGACGACT.1,stimulated,B
TCGCCATGACTGTG.1,stimulated,CD4 T
TCGCCATGAGACTC.1,stimulated,NK
TCGCCATGCAGAAA.1,stimulated,CD16 Mono
TCGCCATGCTCATT.1,stimulated,NK
TCGCCATGGTTTGG.1,stimulated,CD14 Mono
TCGCCATGTAGAAG.1,stimulated,CD14 Mono
TCGCCATGTGACTG.1,stimulated,CD16 Mono
TCGCCATGTTGCAG.1,stimulated,CD4 T
TCGGACCTATGACC.1,stimulated,CD4 T
TCGGACCTCTAGTG.1,stimulated,CD4 T
TCGGACCTGAAAGT.1,stimulated,CD14 Mono
TCGGACCTGGACAG.1,stimulated,CD4 T
TCGGACCTGTTAGC.1,stimulated,CD14 Mono
TCGGACCTTAACGC.1,stimulated,DC
TCGGACCTTCGATG.1,stimulated,CD4 T
TCGGACCTTTGAGC.1,stimulated,NK
TCGGCACTCTGCTC.1,stimulated,CD16 Mono
TCGGCACTCTGGTA.1,stimulated,CD8 T
TCGGCACTTATCGG.1,stimulated,CD4 T
TCGGCACTTCGACA.1,stimulated,CD14 Mono
TCGGCACTTCGTGA.1,stimulated,CD4 T
TCGGCACTTTCCGC.1,stimulated,T
TCGGCACTTTGAGC.1,stimulated,B
TCGGCACTTTTACC.1,stimulated,CD14 Mono
TCGGTAGAAACAGA.1,stimulated,CD8 T
TCGGTAGAGCGTAT.1,stimulated,B
TCGGTAGATACGAC.1,stimulated,CD14 Mono
TCGGTAGATTTGGG.1,stimulated,CD14 Mono
TCGTAGGAACACCA.1,stimulated,CD14 Mono
TCGTAGGAAGAGAT.1,stimulated,DC
TCGTAGGACACTGA.1,stimulated,CD14 Mono
TCGTAGGACCTTAT.1,stimulated,CD14 Mono
TCGTAGGAGAATAG.1,stimulated,CD14 Mono
TCGTAGGAGTCGTA.1,stimulated,CD14 Mono
TCGTGAGAACCTGA.1,stimulated,CD14 Mono
TCGTGAGAAGTCTG.1,stimulated,CD4 T
TCGTGAGAAGTTCG.1,stimulated,CD14 Mono
TCGTGAGACATACG.1,stimulated,CD14 Mono
TCGTGAGACCGATA.1,stimulated,B
TCGTGAGACGCCTT.1,stimulated,CD8 T
TCGTGAGACTTCCG.1,stimulated,CD14 Mono
TCGTGAGAGGAACG.1,stimulated,B
TCGTGAGATTTGGG.1,stimulated,CD4 T
TCGTTATGACTGTG.1,stimulated,CD4 T
TCGTTATGCAGGAG.1,stimulated,CD4 T
TCGTTATGGGAGCA.1,stimulated,CD4 T
TCGTTATGTCGCCT.1,stimulated,B
TCTAACACTGTGGT.1,stimulated,CD14 Mono
TCTAACTGAACCGT.1,stimulated,CD14 Mono
TCTAACTGATTTCC.1,stimulated,CD4 T
TCTAACTGCACTCC.1,stimulated,CD14 Mono
TCTAACTGCGACTA.1,stimulated,CD14 Mono
TCTAACTGCGGAGA.1,stimulated,CD4 T
TCTAACTGCTCAAG.1,stimulated,CD16 Mono
TCTAACTGGTACAC.1,stimulated,B
TCTAACTGGTCACA.1,stimulated,CD14 Mono
TCTAACTGTCCTAT.1,stimulated,CD16 Mono
TCTAACTGTGTTTC.1,stimulated,B
TCTAAGCTCTGCAA.1,stimulated,CD14 Mono
TCTAAGCTGTAGGG.1,stimulated,CD4 T
TCTACAACGTCATG.1,stimulated,CD4 T
TCTACAACGTCTGA.1,stimulated,B
TCTACAACGTTAGC.1,stimulated,CD4 T
TCTACAACTCTATC.1,stimulated,CD14 Mono
TCTAGACTAGGTCT.1,stimulated,CD4 T
TCTAGACTATGTCG.1,stimulated,B
TCTAGACTCATGAC.1,stimulated,CD4 T
TCTAGACTCCTAAG.1,stimulated,CD16 Mono
TCTAGACTTCGCTC.1,stimulated,CD4 T
TCTAGACTTTCTCA.1,stimulated,CD14 Mono
TCTAGTTGCACACA.1,stimulated,CD14 Mono
TCTAGTTGCATGAC.1,stimulated,CD8 T
TCTAGTTGCGAGTT.1,stimulated,T
TCTAGTTGCTCCAC.1,stimulated,CD14 Mono
TCTAGTTGGATAGA.1,stimulated,CD16 Mono
TCTAGTTGGCTACA.1,stimulated,CD16 Mono
TCTAGTTGGGGTGA.1,stimulated,CD14 Mono
TCTAGTTGTCGTAG.1,stimulated,B
TCTAGTTGTCTCCG.1,stimulated,CD4 T
TCTAGTTGTCTCGC.1,stimulated,CD8 T
TCTATGTGACCTAG.1,stimulated,CD4 T
TCTATGTGATTCGG.1,stimulated,CD14 Mono
TCTATGTGATTGGC.1,stimulated,CD16 Mono
TCTATGTGCGAACT.1,stimulated,CD4 T
TCTATGTGCGTAGT.1,stimulated,CD14 Mono
TCTATGTGGCTACA.1,stimulated,CD14 Mono
TCTATGTGTCAGAC.1,stimulated,CD4 T
TCTATGTGTGCATG.1,stimulated,CD4 T
TCTATGTGTTGCTT.1,stimulated,B
TCTCAAACCGCTAA.1,stimulated,CD4 T
TCTCAAACTCGTAG.1,stimulated,CD4 T
TCTCCACTCACACA.1,stimulated,CD4 T
TCTCCACTCTAGCA.1,stimulated,B
TCTCCACTTTTACC.1,stimulated,T
TCTCTAGAAACTGC.1,stimulated,CD14 Mono
TCTCTAGAAGTTCG.1,stimulated,CD14 Mono
TCTCTAGACCTACC.1,stimulated,T
TCTCTAGACCTTAT.1,stimulated,CD8 T
TCTCTAGAGAGAGC.1,stimulated,CD4 T
TCTCTAGAGGTTAC.1,stimulated,CD4 T
TCTCTAGATGTCAG.1,stimulated,NK
TCTGATACACACAC.1,stimulated,CD4 T
TCTGATACACGGGA.1,stimulated,CD4 T
TCTGATACAGTCAC.1,stimulated,CD14 Mono
TCTGATACATCGTG.1,stimulated,B
TCTTACGATCACGA.1,stimulated,T
TCTTACGATGAGAA.1,stimulated,B
TCTTCAGACTACGA.1,stimulated,CD8 T
TCTTCAGATCTTCA.1,stimulated,T
TCTTCAGATGTTCT.1,stimulated,CD14 Mono
TCTTCAGATTCATC.1,stimulated,CD14 Mono
TCTTGATGCCGATA.1,stimulated,CD4 T
TCTTGATGCCTAAG.1,stimulated,CD16 Mono
TCTTGATGCTGCAA.1,stimulated,CD14 Mono
TCTTGATGGCGTTA.1,stimulated,CD4 T
TCTTGATGGGGTGA.1,stimulated,CD4 T
TCTTGATGTCCTGC.1,stimulated,CD14 Mono
TCTTGATGTTCCGC.1,stimulated,CD4 T
TGAAATTGCATCAG.1,stimulated,CD4 T
TGAAATTGCCGTAA.1,stimulated,CD14 Mono
TGAAATTGGACGGA.1,stimulated,B
TGAAATTGGAGATA.1,stimulated,CD4 T
TGAAATTGGCATAC.1,stimulated,CD4 T
TGAAATTGGTCGAT.1,stimulated,CD4 T
TGAAATTGGTTTGG.1,stimulated,CD4 T
TGAAATTGTTTCTG.1,stimulated,CD8 T
TGAACCGACGATAC.1,stimulated,CD8 T
TGAACCGATCCAAG.1,stimulated,B
TGAACCGATTTACC.1,stimulated,CD14 Mono
TGAAGCACCCATAG.1,stimulated,CD4 T
TGAAGCACTCTCTA.11,stimulated,CD14 Mono
TGAAGCACTTGAGC.1,stimulated,NK
TGAAGCTGCATACG.1,stimulated,CD14 Mono
TGAAGCTGCCGTTC.1,stimulated,CD4 T
TGAAGCTGCGAATC.1,stimulated,T
TGAAGCTGCGACAT.1,stimulated,CD14 Mono
TGAATAACACACAC.1,stimulated,CD14 Mono
TGAATAACTCTTAC.1,stimulated,CD16 Mono
TGACACGACATTTC.1,stimulated,CD16 Mono
TGACACGACGAACT.1,stimulated,CD14 Mono
TGACACGACGTACA.1,stimulated,CD14 Mono
TGACACGAGCTCCT.1,stimulated,CD14 Mono
TGACACGAGGTAGG.1,stimulated,NK
TGACACGAGTTCGA.1,stimulated,CD14 Mono
TGACCAGATGCTGA.1,stimulated,CD14 Mono
TGACCGCTTTCGGA.1,stimulated,T
TGACCGCTTTCTGT.1,stimulated,T
TGACCGCTTTTACC.1,stimulated,CD4 T
TGACGAACAGGAGC.1,stimulated,CD14 Mono
TGACGAACATCAGC.1,stimulated,CD14 Mono
TGACGAACCAGTCA.1,stimulated,CD8 T
TGACGAACCCTTTA.1,stimulated,NK
TGACGAACCTATGG.1,stimulated,CD8 T
TGACGAACGCGATT.1,stimulated,CD4 T
TGACGAACTACGCA.1,stimulated,B
TGACGATGACTAGC.1,stimulated,CD16 Mono
TGACGATGAGTGCT.1,stimulated,CD16 Mono
TGACGATGCACTAG.1,stimulated,CD4 T
TGACGATGCATGAC.1,stimulated,CD4 T
TGACGATGCCAAGT.1,stimulated,CD8 T
TGACGATGCGCCTT.1,stimulated,CD14 Mono
TGACGATGGTAAGA.1,stimulated,CD16 Mono
TGACGCCTAGGAGC.1,stimulated,B
TGACGCCTTCATTC.1,stimulated,CD14 Mono
TGACTGGAATTCGG.1,stimulated,CD4 T
TGACTGGATACAGC.1,stimulated,CD4 T
TGACTGGATAGCCA.1,stimulated,CD4 T
TGACTGGATCGTGA.1,stimulated,NK
TGACTTACAGTGTC.1,stimulated,CD4 T
TGACTTACGAACCT.1,stimulated,CD14 Mono
TGACTTACTACTTC.1,stimulated,CD14 Mono
TGACTTACTTCTGT.1,stimulated,CD8 T
TGACTTTGCGACAT.1,stimulated,CD14 Mono
TGACTTTGCGGTAT.1,stimulated,CD14 Mono
TGACTTTGCTGTGA.1,stimulated,CD4 T
TGACTTTGGGTATC.1,stimulated,CD16 Mono
TGACTTTGGTCTAG.1,stimulated,CD14 Mono
TGACTTTGGTTTGG.1,stimulated,CD4 T
TGACTTTGTGTTTC.1,stimulated,NK
TGACTTTGTTGGCA.1,stimulated,CD8 T
TGAGACACACGCAT.1,stimulated,CD14 Mono
TGAGACACCACACA.1,stimulated,CD16 Mono
TGAGACACGACTAC.1,stimulated,T
TGAGACACGGAACG.1,stimulated,NK
TGAGACACTGGTTG.1,stimulated,CD4 T
TGAGACACTTCATC.1,stimulated,CD4 T
TGAGACACTTCGCC.1,stimulated,CD4 T
TGAGCAACATGCTG.1,stimulated,CD4 T
TGAGCAACCCATGA.1,stimulated,B
TGAGCAACGCGTAT.1,stimulated,CD14 Mono
TGAGCAACGTGTAC.1,stimulated,CD4 T
TGAGCAACTGAAGA.1,stimulated,CD4 T
TGAGCTGAACCATG.1,stimulated,CD14 Mono
TGAGCTGAACGTTG.1,stimulated,CD16 Mono
TGAGCTGACACTTT.1,stimulated,CD14 Mono
TGAGCTGACCCACT.1,stimulated,CD4 T
TGAGCTGACGCCTT.1,stimulated,CD14 Mono
TGAGCTGACTATTC.1,stimulated,B
TGAGCTGAGCCAAT.1,stimulated,CD4 T
TGAGCTGAGCTTAG.1,stimulated,CD14 Mono
TGAGCTGAGTCAAC.1,stimulated,CD4 T
TGAGCTGAGTGCAT.11,stimulated,CD4 T
TGAGGTACACTTTC.1,stimulated,CD14 Mono
TGAGGTACAGAACA.1,stimulated,CD4 T
TGAGGTACCGAGTT.1,stimulated,CD4 T
TGAGGTACCTTCCG.1,stimulated,CD8 T
TGAGGTACGAAACA.1,stimulated,CD8 T
TGAGGTACGGAAGC.1,stimulated,CD8 T
TGAGTCGAGAATCC.1,stimulated,CD4 T
TGAGTCGATTGACG.1,stimulated,CD4 T
TGAGTGACGTAAAG.1,stimulated,NK
TGATAAACAAGAGT.11,stimulated,T
TGATAAACCTAAGC.1,stimulated,CD14 Mono
TGATAAACCTAGAC.1,stimulated,B
TGATAAACCTCGCT.1,stimulated,CD4 T
TGATAAACCTGCAA.1,stimulated,CD4 T
TGATAAACGAAAGT.1,stimulated,CD14 Mono
TGATACCTCTGAAC.1,stimulated,T
TGATACCTGCCCTT.1,stimulated,CD8 T
TGATACCTGCCTTC.1,stimulated,CD14 Mono
TGATACCTGCGAAG.1,stimulated,NK
TGATACCTGCTAAC.1,stimulated,CD14 Mono
TGATACCTGGAAGC.1,stimulated,NK
TGATACCTGGCGAA.1,stimulated,CD4 T
TGATACCTGTAAGA.1,stimulated,CD4 T
TGATACCTTCTCGC.1,stimulated,DC
TGATATGACCTGAA.1,stimulated,CD16 Mono
TGATATGAGTCAAC.1,stimulated,CD4 T
TGATATGATGTGCA.1,stimulated,CD16 Mono
TGATCACTCGCCTT.1,stimulated,CD4 T
TGATCACTGCAGAG.1,stimulated,CD4 T
TGATCACTGTAAGA.1,stimulated,CD4 T
TGATCACTTAAGGA.1,stimulated,CD14 Mono
TGATCACTTGAGGG.1,stimulated,T
TGATCGGAATGTGC.1,stimulated,CD4 T
TGATCGGACCATGA.1,stimulated,CD4 T
TGATCGGAGAGATA.1,stimulated,CD16 Mono
TGATCGGATCAGGT.1,stimulated,CD16 Mono
TGATTAGAAAGAGT.1,stimulated,CD14 Mono
TGATTAGAGAACTC.1,stimulated,CD4 T
TGATTAGAGGACGA.1,stimulated,CD14 Mono
TGATTCACGCGGAA.1,stimulated,CD8 T
TGATTCACGCTCCT.1,stimulated,CD4 T
TGATTCACGTACCA.1,stimulated,CD4 T
TGATTCACGTCGTA.1,stimulated,CD4 T
TGATTCACTCACGA.1,stimulated,CD8 T
TGATTCACTCAGTG.1,stimulated,T
TGATTCACTGCATG.1,stimulated,CD16 Mono
TGATTCTGCAGGAG.1,stimulated,CD4 T
TGATTCTGGAAAGT.1,stimulated,B
TGATTCTGGTCATG.1,stimulated,CD14 Mono
TGATTCTGTAAGGA.1,stimulated,B
TGCAACGAAAGTAG.1,stimulated,NK
TGCAACGAAAGTGA.1,stimulated,CD4 T
TGCAACGACCTACC.1,stimulated,CD16 Mono
TGCAACGATACTGG.1,stimulated,CD14 Mono
TGCAACGATATCTC.1,stimulated,CD4 T
TGCAACGATTATCC.1,stimulated,CD4 T
TGCAAGACAAGTGA.1,stimulated,CD4 T
TGCAAGACGCGAGA.1,stimulated,NK
TGCAAGACTGCTGA.1,stimulated,CD16 Mono
TGCAAGACTTCAGG.1,stimulated,CD14 Mono
TGCAAGTGCAGAAA.1,stimulated,CD14 Mono
TGCAAGTGCTTCTA.1,stimulated,B
TGCAATCTAAACGA.1,stimulated,CD14 Mono
TGCAATCTATTTCC.1,stimulated,CD4 T
TGCAATCTGAGACG.1,stimulated,CD14 Mono
TGCAATCTGCTTAG.1,stimulated,CD14 Mono
TGCAATCTTCTATC.1,stimulated,CD4 T
TGCAATCTTCTCGC.1,stimulated,CD14 Mono
TGCAATCTTTTCAC.1,stimulated,CD14 Mono
TGCACAGAAGTCGT.1,stimulated,CD16 Mono
TGCACAGATAGCGT.1,stimulated,DC
TGCAGATGCTAAGC.1,stimulated,CD4 T
TGCAGATGTCGTAG.1,stimulated,CD4 T
TGCATGGAAATCGC.1,stimulated,CD4 T
TGCATGGACTGTGA.1,stimulated,CD14 Mono
TGCATGGAGAGGCA.1,stimulated,T
TGCATGGAGTGTAC.1,stimulated,CD4 T
TGCATGGATTACTC.1,stimulated,CD14 Mono
TGCCAAGACAAGCT.1,stimulated,CD8 T
TGCCAAGACTCAAG.1,stimulated,CD4 T
TGCCAAGAGATAAG.1,stimulated,CD14 Mono
TGCCAAGAGCTTCC.11,stimulated,CD14 Mono
TGCCAAGAGGGACA.1,stimulated,CD4 T
TGCCAAGAGTGTCA.1,stimulated,B
TGCCAAGATAAAGG.1,stimulated,CD4 T
TGCCAAGATCTTCA.1,stimulated,CD4 T
TGCCAAGATGCCAA.1,stimulated,CD14 Mono
TGCCAAGATGGGAG.1,stimulated,CD4 T
TGCCACTGAGAGTA.1,stimulated,CD4 T
TGCCACTGCATCAG.11,stimulated,B
TGCCACTGGGAACG.1,stimulated,CD14 Mono
TGCCAGCTACTACG.1,stimulated,CD4 T
TGCCAGCTATCACG.1,stimulated,DC
TGCCCAACCTTGTT.1,stimulated,CD4 T
TGCCCAACGGGAGT.1,stimulated,CD4 T
TGCCGACTGGTAAA.1,stimulated,T
TGCCGACTTGCCTC.1,stimulated,CD16 Mono
TGCGAAACAGCTCA.1,stimulated,CD14 Mono
TGCGAAACCTTCCG.1,stimulated,CD4 T
TGCGAAACGTAAAG.1,stimulated,B
TGCGATGAACCAAC.1,stimulated,CD4 T
TGCGATGACTCTAT.1,stimulated,CD4 T
TGCGATGAGGTGTT.1,stimulated,CD8 T
TGCGATGAGTACCA.1,stimulated,CD4 T
TGCGATGATCTCAT.1,stimulated,CD4 T
TGCGCACTCAAAGA.1,stimulated,CD4 T
TGCGCACTCAATCG.1,stimulated,B
TGCGCACTGAACTC.1,stimulated,CD14 Mono
TGCGCACTTCCTGC.1,stimulated,CD4 T
TGCGCACTTTACTC.1,stimulated,CD4 T
TGCGTAGACGTAAC.1,stimulated,CD8 T
TGCGTAGACTTAGG.1,stimulated,CD4 T
TGCGTAGAGCAGAG.1,stimulated,B
TGCGTAGAGCATAC.1,stimulated,B
TGCGTAGATAGACC.1,stimulated,CD14 Mono
TGCTATACATTGGC.1,stimulated,DC
TGCTATACCCAGTA.1,stimulated,CD4 T
TGCTATACGCTGAT.1,stimulated,CD14 Mono
TGCTATACGGTGGA.1,stimulated,CD14 Mono
TGCTATACTCAGGT.1,stimulated,DC
TGCTATACTGACAC.1,stimulated,CD4 T
TGCTGAGAAAACGA.1,stimulated,CD14 Mono
TGCTGAGACATGAC.1,stimulated,CD4 T
TGCTGAGACTTGAG.1,stimulated,CD14 Mono
TGCTGAGATTCTTG.1,stimulated,B
TGCTTAACAGCTCA.1,stimulated,CD4 T
TGCTTAACCCTCCA.1,stimulated,CD4 T
TGCTTAACGCCTTC.1,stimulated,CD4 T
TGCTTAACTGGTGT.1,stimulated,CD16 Mono
TGGAAAGAAACGAA.1,stimulated,CD4 T
TGGAAAGAATGCCA.1,stimulated,T
TGGAAAGACAGTTG.1,stimulated,CD4 T
TGGAAAGACTTTAC.1,stimulated,CD14 Mono
TGGAAAGAGACAGG.1,stimulated,NK
TGGAAAGAGCGGAA.1,stimulated,CD14 Mono
TGGAAAGAGGGATG.1,stimulated,B
TGGAAAGATGCCCT.1,stimulated,CD14 Mono
TGGAAAGATTCGGA.1,stimulated,B
TGGAAAGATTCTGT.1,stimulated,CD4 T
TGGAACACAGCCAT.1,stimulated,CD4 T
TGGAACACAGCTAC.1,stimulated,CD16 Mono
TGGAACACATCGTG.1,stimulated,CD14 Mono
TGGAACACCTCCAC.1,stimulated,CD4 T
TGGAACACTTTGTC.1,stimulated,CD4 T
TGGAACTGACTAGC.1,stimulated,B
TGGAACTGCAACCA.1,stimulated,CD14 Mono
TGGAACTGCATCAG.1,stimulated,CD4 T
TGGAACTGGCCATA.1,stimulated,DC
TGGAACTGGCTATG.1,stimulated,CD4 T
TGGAACTGGGTGAG.1,stimulated,CD14 Mono
TGGAACTGGTCATG.1,stimulated,CD14 Mono
TGGAACTGTGTCCC.1,stimulated,CD4 T
TGGAAGCTAAGAAC.1,stimulated,CD14 Mono
TGGACCCTCGCTAA.1,stimulated,CD4 T
TGGACCCTGGAACG.1,stimulated,CD14 Mono
TGGACCCTGTGCTA.1,stimulated,CD4 T
TGGACCCTTGAGAA.1,stimulated,CD14 Mono
TGGACTGAATGTCG.1,stimulated,NK
TGGACTGACACCAA.1,stimulated,T
TGGACTGAGCGATT.1,stimulated,CD4 T
TGGACTGAGCGGAA.1,stimulated,CD4 T
TGGACTGAGTATCG.1,stimulated,CD4 T
TGGAGACTACACAC.1,stimulated,CD8 T
TGGAGACTCGAATC.1,stimulated,CD14 Mono
TGGAGACTGACGGA.1,stimulated,CD14 Mono
TGGAGACTGAGATA.1,stimulated,CD14 Mono
TGGAGACTGTCGTA.1,stimulated,CD8 T
TGGAGACTTTCCAT.1,stimulated,CD14 Mono
TGGAGGGAAATCGC.1,stimulated,B
TGGAGGGAAATGCC.1,stimulated,CD4 T
TGGAGGGAAGGTTC.1,stimulated,NK
TGGAGGGACGGTAT.1,stimulated,CD14 Mono
TGGAGGGACTCTTA.1,stimulated,CD4 T
TGGAGGGAGGAGGT.1,stimulated,CD4 T
TGGATGACGTTGTG.1,stimulated,CD14 Mono
TGGATGTGAAACGA.1,stimulated,CD4 T
TGGATGTGCTTCGC.1,stimulated,CD14 Mono
TGGATGTGGATAAG.1,stimulated,NK
TGGATGTGGCAGAG.1,stimulated,CD14 Mono
TGGATGTGTCCCGT.1,stimulated,CD14 Mono
TGGATTCTAACGAA.1,stimulated,B
TGGATTCTCGATAC.1,stimulated,CD14 Mono
TGGATTCTGAACCT.1,stimulated,CD14 Mono
TGGATTCTGAGGAC.11,stimulated,CD4 T
TGGATTCTTACTTC.1,stimulated,CD4 T
TGGCAATGAAAGTG.1,stimulated,B
TGGCAATGAGAAGT.11,stimulated,CD8 T
TGGCAATGCTGGTA.1,stimulated,CD14 Mono
TGGCAATGTAGCGT.1,stimulated,CD14 Mono
TGGCAATGTATCTC.1,stimulated,T
TGGCAATGTGCCTC.11,stimulated,CD4 T
TGGCAATGTTAGGC.1,stimulated,CD4 T
TGGCACCTGACGTT.1,stimulated,CD16 Mono
TGGCACCTGGGCAA.1,stimulated,CD14 Mono
TGGCACCTGGTAGG.1,stimulated,CD14 Mono
TGGCACCTGTCATG.1,stimulated,B
TGGCACCTTCGCAA.1,stimulated,CD14 Mono
TGGGTATGGACAGG.1,stimulated,CD4 T
TGGGTATGGGGAGT.1,stimulated,CD4 T
TGGGTATGTGGAAA.1,stimulated,T
TGGTACGAACACTG.1,stimulated,B
TGGTACGAACCAGT.1,stimulated,CD14 Mono
TGGTACGAAGCGGA.1,stimulated,CD16 Mono
TGGTACGAGACGAG.1,stimulated,B
TGGTAGACAAACGA.1,stimulated,DC
TGGTAGACATGACC.1,stimulated,T
TGGTAGACCCGTTC.1,stimulated,CD4 T
TGGTAGACCTTACT.1,stimulated,CD8 T
TGGTAGACGCTTCC.1,stimulated,B
TGGTAGACGTGTCA.1,stimulated,CD14 Mono
TGGTAGACTGAGCT.1,stimulated,CD14 Mono
TGGTAGACTTATCC.1,stimulated,CD16 Mono
TGGTAGTGATGCTG.1,stimulated,CD4 T
TGGTAGTGCACTCC.1,stimulated,CD16 Mono
TGGTAGTGGTGAGG.1,stimulated,CD14 Mono
TGGTAGTGTGGTAC.1,stimulated,CD16 Mono
TGGTATCTATGTGC.1,stimulated,CD8 T
TGGTATCTCACTAG.1,stimulated,CD14 Mono
TGGTATCTCGTTAG.1,stimulated,CD14 Mono
TGGTATCTGACGAG.1,stimulated,CD16 Mono
TGGTATCTGGAGTG.1,stimulated,CD4 T
TGGTATCTTGAACC.1,stimulated,NK
TGGTATCTTGTCGA.1,stimulated,T
TGGTCAGAACGTGT.1,stimulated,CD14 Mono
TGGTCAGAAGCTCA.1,stimulated,CD4 T
TGGTCAGAAGTCTG.1,stimulated,CD14 Mono
TGGTCAGAATTCGG.1,stimulated,CD4 T
TGGTCAGACCCTTG.1,stimulated,CD14 Mono
TGGTCAGACGAGAG.1,stimulated,CD4 T
TGGTCAGACGTGTA.1,stimulated,CD4 T
TGGTCAGATCAGTG.1,stimulated,CD4 T
TGGTTACTAACGGG.1,stimulated,CD4 T
TGGTTACTACCTGA.1,stimulated,CD14 Mono
TGGTTACTCTATGG.1,stimulated,DC
TGGTTACTGGTTCA.11,stimulated,CD14 Mono
TGGTTACTGTCGAT.1,stimulated,CD4 T
TGGTTACTTGAACC.1,stimulated,CD16 Mono
TGGTTACTTGCTAG.1,stimulated,T
TGGTTACTTTAGGC.1,stimulated,CD14 Mono
TGGTTACTTTTCGT.1,stimulated,CD14 Mono
TGTAAAACCCCTAC.11,stimulated,CD4 T
TGTAAAACCCTTGC.1,stimulated,CD14 Mono
TGTAAAACGTAAGA.1,stimulated,CD16 Mono
TGTAAAACGTCTAG.1,stimulated,CD14 Mono
TGTAAAACTAACCG.1,stimulated,CD8 T
TGTAAAACTCACGA.1,stimulated,CD14 Mono
TGTAAAACTCCAGA.1,stimulated,CD14 Mono
TGTAAAACTCCCGT.1,stimulated,CD4 T
TGTAACCTCCGTAA.1,stimulated,CD14 Mono
TGTAACCTCCTACC.1,stimulated,CD4 T
TGTAACCTCGTCTC.1,stimulated,CD14 Mono
TGTAACCTGCGTAT.1,stimulated,CD8 T
TGTAACCTGCTGAT.1,stimulated,CD14 Mono
TGTAACCTTGTCGA.1,stimulated,CD4 T
TGTAACCTTTACCT.1,stimulated,CD4 T
TGTAATGACAGCTA.1,stimulated,T
TGTAATGACATGGT.1,stimulated,CD4 T
TGTAATGACTTCTA.1,stimulated,B
TGTAATGATAACGC.1,stimulated,CD14 Mono
TGTAATGATGCCAA.1,stimulated,B
TGTAATGATTCTGT.1,stimulated,CD4 T
TGTACTTGAGCGGA.1,stimulated,CD14 Mono
TGTACTTGCAAGCT.1,stimulated,B
TGTACTTGGCGATT.1,stimulated,B
TGTACTTGTGAACC.1,stimulated,CD14 Mono
TGTAGGTGACGTAC.1,stimulated,B
TGTAGGTGCTACTT.1,stimulated,CD14 Mono
TGTAGGTGGCGGAA.1,stimulated,CD4 T
TGTAGGTGGGAACG.1,stimulated,CD8 T
TGTAGGTGGTTCTT.1,stimulated,CD14 Mono
TGTAGGTGTGACAC.1,stimulated,B
TGTAGGTGTTCCGC.1,stimulated,CD16 Mono
TGTAGGTGTTCGTT.1,stimulated,CD14 Mono
TGTAGTCTAACCAC.1,stimulated,B
TGTAGTCTACGACT.1,stimulated,B
TGTAGTCTCAGTCA.1,stimulated,CD4 T
TGTAGTCTCCCAAA.1,stimulated,B
TGTAGTCTGTTTGG.1,stimulated,CD4 T
TGTATCTGACGGAG.1,stimulated,CD14 Mono
TGTATCTGAGAGAT.1,stimulated,CD14 Mono
TGTATCTGAGCACT.1,stimulated,NK
TGTATCTGAGGGTG.1,stimulated,CD4 T
TGTATCTGCACAAC.1,stimulated,CD4 T
TGTATCTGCGTCTC.1,stimulated,CD14 Mono
TGTATCTGCGTTGA.1,stimulated,CD14 Mono
TGTATCTGGCTATG.1,stimulated,CD8 T
TGTATCTGTGGTTG.1,stimulated,CD14 Mono
TGTATGCTAAAGCA.1,stimulated,B
TGTATGCTATCACG.1,stimulated,CD14 Mono
TGTATGCTGGAGCA.1,stimulated,CD16 Mono
TGTCAGGACATTCT.1,stimulated,CD14 Mono
TGTCAGGACCTATT.1,stimulated,CD4 T
TGTCAGGACGTAAC.11,stimulated,CD14 Mono
TGTCAGGACTCAAG.1,stimulated,CD4 T
TGTCAGGAGACAGG.1,stimulated,CD8 T
TGTCAGGAGGACAG.1,stimulated,CD14 Mono
TGTCAGGATAGCCA.1,stimulated,CD4 T
TGTCAGGATCGTAG.1,stimulated,B
TGTCAGGATTGGTG.1,stimulated,CD8 T
TGTCTAACAGAACA.1,stimulated,CD16 Mono
TGTCTAACAGAGGC.1,stimulated,T
TGTCTAACAGTCTG.1,stimulated,CD8 T
TGTCTAACATCGAC.1,stimulated,CD14 Mono
TGTCTAACCCTTGC.1,stimulated,CD4 T
TGTCTAACGCAGTT.1,stimulated,CD4 T
TGTCTAACTCCTCG.1,stimulated,DC
TGTCTAACTCTCTA.1,stimulated,NK
TGTCTAACTTGCAG.1,stimulated,B
TGTGACGAAAGAGT.1,stimulated,CD14 Mono
TGTGACGAAAGTGA.1,stimulated,B
TGTGACGAACAGTC.1,stimulated,CD16 Mono
TGTGACGAACCTGA.1,stimulated,CD14 Mono
TGTGACGAAGTAGA.1,stimulated,B
TGTGACGACCCTAC.1,stimulated,CD14 Mono
TGTGACGACGGAGA.1,stimulated,CD4 T
TGTGACGACGTTAG.1,stimulated,B
TGTGACGAGGGTGA.1,stimulated,T
TGTGACGATATCGG.1,stimulated,CD14 Mono
TGTGAGACAAACGA.1,stimulated,CD4 T
TGTGAGACCCTCCA.1,stimulated,CD14 Mono
TGTGAGTGCCGAAT.1,stimulated,NK
TGTGAGTGGAGATA.1,stimulated,CD4 T
TGTGAGTGTCTCAT.1,stimulated,CD14 Mono
TGTGATCTAGTCAC.1,stimulated,CD4 T
TGTGATCTCACAAC.1,stimulated,CD14 Mono
TGTGATCTGACGGA.1,stimulated,CD16 Mono
TGTGATCTTGCTCC.1,stimulated,CD14 Mono
TGTGATCTTTGACG.1,stimulated,CD16 Mono
TGTGGATGAAACAG.1,stimulated,B
TGTGGATGCTCAAG.1,stimulated,CD14 Mono
TGTGGATGCTCCAC.1,stimulated,CD8 T
TGTGGATGGTCATG.1,stimulated,CD14 Mono
TGTGGATGGTCCTC.1,stimulated,B
TGTGGATGTCGCAA.1,stimulated,CD16 Mono
TGTGGATGTCTTAC.1,stimulated,CD4 T
TGTGGATGTCTTTG.1,stimulated,CD14 Mono
TGTTAAGAATGCCA.1,stimulated,CD8 T
TGTTAAGATGTTCT.1,stimulated,CD8 T
TGTTAAGATTTACC.1,stimulated,CD4 T
TGTTACACCCCACT.1,stimulated,CD14 Mono
TGTTACACCCTTAT.1,stimulated,CD14 Mono
TGTTACACGTACGT.1,stimulated,CD14 Mono
TGTTACACGTTGAC.1,stimulated,CD14 Mono
TGTTACACTCTTCA.1,stimulated,DC
TGTTACACTGATGC.1,stimulated,B
TGTTACTGACCTCC.1,stimulated,CD4 T
TGTTACTGCACACA.1,stimulated,B
TGTTACTGCCTATT.1,stimulated,T
TGTTACTGCGATAC.1,stimulated,CD14 Mono
TTAACCACAGGCGA.1,stimulated,CD4 T
TTAACCACAGGGTG.1,stimulated,B
TTAACCACAGTAGA.1,stimulated,CD14 Mono
TTAACCACCCCTTG.1,stimulated,B
TTAACCACCCGATA.1,stimulated,CD14 Mono
TTAACCACCCGTAA.1,stimulated,CD16 Mono
TTAACCACCTGCAA.1,stimulated,CD14 Mono
TTAACCACGCTCCT.1,stimulated,CD8 T
TTAACCACGGTACT.1,stimulated,DC
TTACACACCAAAGA.1,stimulated,CD4 T
TTACACACCCAAGT.1,stimulated,B
TTACACACGTAGCT.1,stimulated,DC
TTACACACTAAGGA.1,stimulated,B
TTACACACTGGTAC.1,stimulated,CD16 Mono
TTACACACTGGTCA.1,stimulated,CD4 T
TTACAGCTAAGGGC.1,stimulated,CD14 Mono
TTACAGCTACGTAC.1,stimulated,CD4 T
TTACAGCTGCGAAG.1,stimulated,CD4 T
TTACAGCTGGTGTT.1,stimulated,CD16 Mono
TTACAGCTTCCCGT.1,stimulated,CD14 Mono
TTACAGCTTGTGGT.1,stimulated,B
TTACCATGACGTGT.1,stimulated,NK
TTACCATGATAAGG.1,stimulated,CD14 Mono
TTACCATGCAGCTA.1,stimulated,CD4 T
TTACCATGGGTCAT.1,stimulated,DC
TTACCATGGTCCTC.1,stimulated,CD8 T
TTACCATGTGAAGA.1,stimulated,CD16 Mono
TTACGACTGGGACA.1,stimulated,NK
TTACGTACACCATG.1,stimulated,CD14 Mono
TTACGTACACGACT.1,stimulated,CD4 T
TTACGTACACGTGT.1,stimulated,CD14 Mono
TTACGTACAGTGTC.1,stimulated,CD16 Mono
TTACGTACATGTGC.1,stimulated,CD4 T
TTACGTACCCATAG.1,stimulated,CD4 T
TTACGTACCTTACT.1,stimulated,B
TTACGTACTTCTTG.1,stimulated,CD14 Mono
TTACTCGAAAAAGC.1,stimulated,CD14 Mono
TTACTCGAAGCTAC.1,stimulated,CD14 Mono
TTACTCGACTTATC.1,stimulated,CD16 Mono
TTACTCGAGCGTAT.1,stimulated,CD4 T
TTACTCGAGTGTTG.1,stimulated,CD4 T
TTACTCGATTATCC.1,stimulated,T
TTAGAATGCCTCGT.1,stimulated,CD14 Mono
TTAGAATGCTCTTA.1,stimulated,T
TTAGACCTAAACGA.1,stimulated,CD4 T
TTAGACCTCATACG.1,stimulated,NK
TTAGACCTCCTGTC.1,stimulated,CD4 T
TTAGACCTCGAATC.1,stimulated,CD4 T
TTAGACCTGATAGA.1,stimulated,CD4 T
TTAGACCTGGTCTA.1,stimulated,CD4 T
TTAGACCTTGGAGG.1,stimulated,CD4 T
TTAGCTACACGGAG.1,stimulated,CD8 T
TTAGCTACCCACAA.1,stimulated,CD14 Mono
TTAGCTACCCACCT.1,stimulated,CD14 Mono
TTAGCTACCGATAC.1,stimulated,DC
TTAGCTACGAATGA.1,stimulated,T
TTAGCTACGACTAC.1,stimulated,CD4 T
TTAGCTACGGGATG.1,stimulated,CD8 T
TTAGCTACTGGTTG.1,stimulated,DC
TTAGCTACTTGTCT.1,stimulated,CD14 Mono
TTAGGGACACTGGT.1,stimulated,CD14 Mono
TTAGGGACCAGATC.1,stimulated,CD14 Mono
TTAGGGACCTTGAG.1,stimulated,CD4 T
TTAGGGACGGTCAT.1,stimulated,B
TTAGGGACTGTGGT.1,stimulated,CD14 Mono
TTAGGGTGAGTCAC.1,stimulated,CD14 Mono
TTAGGGTGATACCG.1,stimulated,CD4 T
TTAGGGTGCAGAGG.1,stimulated,CD4 T
TTAGGGTGCTACCC.1,stimulated,CD4 T
TTAGGGTGCTCAAG.1,stimulated,CD14 Mono
TTAGGGTGGCTGTA.1,stimulated,CD4 T
TTAGGGTGGGTAGG.1,stimulated,CD4 T
TTAGGGTGTCCTCG.1,stimulated,CD16 Mono
TTAGGGTGTGAAGA.1,stimulated,CD4 T
TTAGGTCTTAGTCG.1,stimulated,CD4 T
TTAGTCACAGTGCT.1,stimulated,CD14 Mono
TTAGTCACCTTTAC.1,stimulated,NK
TTAGTCACGACAAA.1,stimulated,CD14 Mono
TTAGTCACTGCAGT.1,stimulated,CD4 T
TTAGTCTGACGTAC.1,stimulated,CD14 Mono
TTAGTCTGCAAAGA.1,stimulated,CD4 T
TTAGTCTGCCTTCG.1,stimulated,CD8 T
TTAGTCTGCTGTTT.1,stimulated,DC
TTAGTCTGCTTCCG.1,stimulated,NK
TTAGTCTGGCATAC.1,stimulated,T
TTAGTCTGGGAAGC.1,stimulated,B
TTAGTCTGGTAGCT.1,stimulated,CD4 T
TTATCCGAAAGTGA.1,stimulated,B
TTATCCGACCCAAA.1,stimulated,CD4 T
TTATCCGAGCTACA.1,stimulated,B
TTATCCGATGTTTC.11,stimulated,CD14 Mono
TTATGAGAAGATGA.1,stimulated,CD14 Mono
TTATGAGACAACTG.1,stimulated,B
TTATGAGACGATAC.1,stimulated,CD16 Mono
TTATGAGAGCATCA.1,stimulated,B
TTATGAGAGCTGTA.1,stimulated,CD14 Mono
TTATGAGATCTGGA.1,stimulated,CD4 T
TTATGAGATTTCTG.1,stimulated,CD14 Mono
TTATGCACCCTCGT.1,stimulated,DC
TTATGCACTCGATG.1,stimulated,CD4 T
TTATGGCTAAGCAA.1,stimulated,CD14 Mono
TTATGGCTAGGTTC.1,stimulated,B
TTATGGCTTATGCG.1,stimulated,CD16 Mono
TTATGGCTTGTCAG.1,stimulated,T
TTATGGCTTTCCGC.1,stimulated,CD14 Mono
TTATGGCTTTGTCT.1,stimulated,CD4 T
TTATTCCTCAACTG.1,stimulated,CD4 T
TTATTCCTGAATGA.1,stimulated,CD4 T
TTATTCCTGAGGAC.1,stimulated,CD4 T
TTATTCCTTAACCG.1,stimulated,CD4 T
TTATTCCTTGCGTA.1,stimulated,CD4 T
TTCAAAGAGTCGAT.1,stimulated,CD14 Mono
TTCAAAGATTTCTG.1,stimulated,CD14 Mono
TTCAACACACTACG.1,stimulated,CD4 T
TTCAACACGTACAC.1,stimulated,B
TTCAACACTAGCCA.1,stimulated,CD4 T
TTCAAGCTCTTACT.1,stimulated,CD8 T
TTCAAGCTGACGGA.1,stimulated,NK
TTCAAGCTTAGCGT.1,stimulated,CD4 T
TTCAAGCTTGAGAA.1,stimulated,DC
TTCAAGCTTGTAGC.1,stimulated,CD14 Mono
TTCAAGCTTTTGCT.1,stimulated,CD14 Mono
TTCACAACGCAAGG.1,stimulated,B
TTCACAACGCCAAT.1,stimulated,CD4 T
TTCACCCTCCACCT.1,stimulated,CD14 Mono
TTCACCCTGTATCG.1,stimulated,CD8 T
TTCACCCTTGCTTT.1,stimulated,CD4 T
TTCAGACTAAGGCG.1,stimulated,CD4 T
TTCAGACTAGGTTC.1,stimulated,CD16 Mono
TTCAGACTATCGGT.1,stimulated,CD14 Mono
TTCAGACTATGCTG.1,stimulated,CD8 T
TTCAGACTCATTGG.1,stimulated,CD4 T
TTCAGACTCGTAAC.1,stimulated,CD16 Mono
TTCAGACTCTCAAG.1,stimulated,CD4 T
TTCAGACTGACGAG.1,stimulated,B
TTCAGACTTTCTCA.1,stimulated,CD8 T
TTCAGTACCTCTAT.1,stimulated,CD4 T
TTCAGTACGGAGCA.1,stimulated,CD14 Mono
TTCAGTTGAACCTG.1,stimulated,DC
TTCAGTTGACCCTC.1,stimulated,NK
TTCAGTTGCTGGAT.1,stimulated,CD4 T
TTCAGTTGTGTGGT.1,stimulated,CD4 T
TTCATCGAACTCAG.1,stimulated,CD8 T
TTCATCGAATTCTC.1,stimulated,CD14 Mono
TTCATCGACCAAGT.1,stimulated,CD14 Mono
TTCATCGACCCAAA.1,stimulated,CD14 Mono
TTCATCGAGACGAG.1,stimulated,CD14 Mono
TTCATCGAGTACCA.1,stimulated,T
TTCATCGATCTAGG.1,stimulated,CD4 T
TTCATGACAACAGA.1,stimulated,CD4 T
TTCATGACAACCTG.1,stimulated,T
TTCATGACACTAGC.1,stimulated,CD4 T
TTCATGACCAATCG.1,stimulated,CD4 T
TTCATGACCCGTAA.1,stimulated,CD14 Mono
TTCATGACCGAATC.1,stimulated,B
TTCATGACGACGTT.1,stimulated,CD14 Mono
TTCATGACGAGATA.1,stimulated,CD14 Mono
TTCATGACGAGGTG.1,stimulated,CD4 T
TTCATGACTGGCAT.1,stimulated,CD16 Mono
TTCATGACTTATCC.1,stimulated,CD14 Mono
TTCATGACTTCAGG.1,stimulated,T
TTCATGTGAAGATG.1,stimulated,CD4 T
TTCATGTGGTTTGG.1,stimulated,CD14 Mono
TTCATGTGTTGAGC.1,stimulated,CD14 Mono
TTCATTCTTATGCG.1,stimulated,CD16 Mono
TTCATTCTTCTTAC.1,stimulated,CD8 T
TTCCAAACACAGCT.1,stimulated,CD4 T
TTCCAAACAGCGTT.1,stimulated,CD14 Mono
TTCCAAACCTCCAC.1,stimulated,CD14 Mono
TTCCAAACGCCAAT.1,stimulated,CD4 T
TTCCAAACTTGTCT.1,stimulated,CD4 T
TTCCATGAAGCTCA.1,stimulated,CD14 Mono
TTCCATGACCATAG.1,stimulated,B
TTCCATGACTTGCC.1,stimulated,CD4 T
TTCCCACTCGTAGT.1,stimulated,CD14 Mono
TTCCCACTGGTGGA.1,stimulated,CD8 T
TTCCCACTTGATGC.1,stimulated,CD14 Mono
TTCCTAGAACAGCT.1,stimulated,CD14 Mono
TTCCTAGAGGTGAG.1,stimulated,CD14 Mono
TTCGAGGAACGGTT.1,stimulated,CD14 Mono
TTCGAGGACAGAGG.1,stimulated,B
TTCGAGGACCGCTT.1,stimulated,CD14 Mono
TTCGAGGAGGGCAA.1,stimulated,CD8 T
TTCGAGGATGAAGA.1,stimulated,CD4 T
TTCGATTGACCAAC.1,stimulated,CD4 T
TTCGATTGTCAGAC.1,stimulated,CD14 Mono
TTCGATTGTCCTGC.1,stimulated,CD4 T
TTCGGAGATTTCAC.1,stimulated,CD16 Mono
TTCGTATGAACCTG.1,stimulated,CD14 Mono
TTCGTATGCTTGGA.1,stimulated,DC
TTCGTATGGAGAGC.1,stimulated,CD14 Mono
TTCGTATGTGCGTA.1,stimulated,CD8 T
TTCGTATGTTCCGC.1,stimulated,CD14 Mono
TTCTACGACTGCTC.1,stimulated,CD14 Mono
TTCTAGTGCTGGAT.1,stimulated,CD4 T
TTCTAGTGGGTGTT.1,stimulated,DC
TTCTAGTGTAGTCG.1,stimulated,CD8 T
TTCTCAGAAACAGA.1,stimulated,CD14 Mono
TTCTCAGAACCAAC.1,stimulated,CD14 Mono
TTCTGATGACACCA.1,stimulated,CD4 T
TTCTGATGAGATCC.1,stimulated,B
TTCTTACTAAGTAG.1,stimulated,B
TTCTTACTCGAATC.1,stimulated,CD14 Mono
TTCTTACTCTGAAC.1,stimulated,CD14 Mono
TTCTTACTCTGAGT.1,stimulated,CD4 T
TTCTTACTGACTAC.1,stimulated,B
TTCTTACTTGCGTA.1,stimulated,CD4 T
TTGAACCTAACCGT.1,stimulated,DC
TTGAACCTACGACT.1,stimulated,CD8 T
TTGAACCTACGTAC.1,stimulated,CD16 Mono
TTGAACCTCTCTTA.1,stimulated,CD14 Mono
TTGAACCTCTTATC.1,stimulated,B
TTGAACCTGTGCAT.1,stimulated,CD4 T
TTGAACCTTTCACT.1,stimulated,CD4 T
TTGAATGAACCAGT.1,stimulated,T
TTGAATGAGAGGAC.1,stimulated,B
TTGAATGAGTCTTT.1,stimulated,CD14 Mono
TTGACACTAGTACC.1,stimulated,CD4 T
TTGACACTCCGATA.1,stimulated,CD16 Mono
TTGACACTGGTCTA.1,stimulated,B
TTGACACTGTGCTA.1,stimulated,CD4 T
TTGACACTTCCTGC.1,stimulated,CD16 Mono
TTGACACTTTGGTG.1,stimulated,CD14 Mono
TTGAGGACAAGCCT.1,stimulated,CD4 T
TTGAGGACACGACT.1,stimulated,CD14 Mono
TTGAGGACAGGAGC.1,stimulated,B
TTGAGGACGTTCGA.1,stimulated,CD16 Mono
TTGAGGACTCGCTC.1,stimulated,CD4 T
TTGAGGACTGTGAC.1,stimulated,CD16 Mono
TTGAGGTGAACCAC.1,stimulated,CD14 Mono
TTGAGGTGAAGAAC.11,stimulated,CD4 T
TTGAGGTGAGAGGC.1,stimulated,B
TTGAGGTGTGACAC.1,stimulated,B
TTGAGGTGTTCGTT.1,stimulated,CD4 T
TTGATCTGACACTG.11,stimulated,CD16 Mono
TTGATCTGATGCTG.1,stimulated,CD4 T
TTGATCTGTCTTTG.1,stimulated,CD4 T
TTGCATTGACTTTC.1,stimulated,CD4 T
TTGCATTGCAGGAG.1,stimulated,CD4 T
TTGCATTGGACGTT.1,stimulated,B
TTGCATTGGTACGT.1,stimulated,T
TTGCATTGTTGGTG.1,stimulated,B
TTGCTAACGAGCAG.1,stimulated,CD14 Mono
TTGCTATGAACAGA.1,stimulated,CD4 T
TTGCTATGTCTTTG.1,stimulated,CD8 T
TTGGAGACACTGGT.1,stimulated,CD14 Mono
TTGGAGACAGCGTT.1,stimulated,CD4 T
TTGGAGTGACGTTG.1,stimulated,CD4 T
TTGGAGTGAGATCC.1,stimulated,CD4 T
TTGGAGTGCATGCA.1,stimulated,CD14 Mono
TTGGAGTGCTCGAA.11,stimulated,CD14 Mono
TTGGAGTGGTTGCA.1,stimulated,NK
TTGGGAACCAACCA.1,stimulated,CD14 Mono
TTGGGAACCTTGTT.1,stimulated,CD4 T
TTGGGAACGTGTTG.1,stimulated,DC
TTGGTACTAGTCTG.1,stimulated,CD4 T
TTGGTACTCCACAA.1,stimulated,CD14 Mono
TTGGTACTCCTTGC.1,stimulated,CD4 T
TTGGTACTCGCAAT.1,stimulated,CD4 T
TTGGTACTCTTGAG.1,stimulated,CD4 T
TTGGTACTGTCAAC.1,stimulated,CD14 Mono
TTGGTACTTTGCTT.1,stimulated,B
TTGTACACAAAAGC.1,stimulated,B
TTGTACACAAGAGT.1,stimulated,CD4 T
TTGTACACCTGGTA.1,stimulated,CD4 T
TTGTACACCTTACT.1,stimulated,CD14 Mono
TTGTACACGACGAG.1,stimulated,B
TTGTACACGGCATT.1,stimulated,B
TTGTACACGTCATG.1,stimulated,CD14 Mono
TTGTACACTACTCT.1,stimulated,B
TTGTAGCTAGAAGT.1,stimulated,CD14 Mono
TTGTAGCTCCAGTA.1,stimulated,CD4 T
TTGTAGCTGAAAGT.1,stimulated,CD14 Mono
TTGTAGCTGAATAG.1,stimulated,CD4 T
TTGTAGCTTAAGCC.1,stimulated,CD4 T
TTGTAGCTTGGTTG.1,stimulated,CD16 Mono
TTGTCATGCCGATA.1,stimulated,CD14 Mono
TTGTCATGGCTGTA.1,stimulated,DC
TTGTCATGTGGAGG.1,stimulated,DC
TTGTCATGTTAGGC.1,stimulated,CD14 Mono
TTGTCATGTTTGGG.1,stimulated,CD14 Mono
TTTAGAGAAGTGCT.1,stimulated,NK
TTTAGAGACTAGCA.1,stimulated,T
TTTAGAGATCTCTA.1,stimulated,CD4 T
TTTAGAGATGCAGT.1,stimulated,CD14 Mono
TTTAGAGATGGTAC.1,stimulated,CD14 Mono
TTTAGCTGAGAGTA.1,stimulated,B
TTTAGCTGCAGAGG.1,stimulated,CD4 T
TTTAGCTGCGAACT.11,stimulated,CD14 Mono
TTTAGCTGCTAGTG.1,stimulated,NK
TTTAGCTGGCCTTC.1,stimulated,CD4 T
TTTAGCTGGGGAGT.1,stimulated,CD14 Mono
TTTAGCTGGTCATG.1,stimulated,CD14 Mono
TTTAGCTGTGCCAA.1,stimulated,CD14 Mono
TTTAGGCTCAGTCA.1,stimulated,NK
TTTAGGCTCTTGTT.1,stimulated,CD4 T
TTTAGGCTTAAGGA.1,stimulated,CD8 T
TTTAGGCTTACTCT.1,stimulated,CD4 T
TTTAGGCTTCTTCA.1,stimulated,CD8 T
TTTATCCTAAGTAG.1,stimulated,CD14 Mono
TTTATCCTAGGAGC.1,stimulated,CD14 Mono
TTTATCCTCTCTTA.1,stimulated,B
TTTATCCTGCGAGA.11,stimulated,B
TTTATCCTGGCATT.1,stimulated,CD16 Mono
TTTATCCTTACGCA.1,stimulated,CD4 T
TTTATCCTTCAGTG.1,stimulated,B
TTTATCCTTCTAGG.1,stimulated,CD14 Mono
TTTCACGAAACTGC.1,stimulated,CD14 Mono
TTTCACGAAAGCAA.1,stimulated,CD4 T
TTTCACGAAAGTAG.1,stimulated,CD4 T
TTTCACGACCAACA.1,stimulated,B
TTTCACGAGCGAAG.1,stimulated,B
TTTCACGAGCGATT.1,stimulated,B
TTTCACGAGGACAG.1,stimulated,CD16 Mono
TTTCACGATCTCCG.1,stimulated,CD14 Mono
TTTCAGTGAGCATC.1,stimulated,NK
TTTCAGTGATTCGG.1,stimulated,CD4 T
TTTCAGTGCCACCT.1,stimulated,CD14 Mono
TTTCAGTGCGAGAG.1,stimulated,NK
TTTCAGTGTCACGA.1,stimulated,CD4 T
TTTCCAGACGAGTT.1,stimulated,CD14 Mono
TTTCCAGAGAGCAG.1,stimulated,CD4 T
TTTCCAGAGTCTAG.1,stimulated,CD4 T
TTTCCAGAGTTGGT.1,stimulated,CD8 T
TTTCCAGATGGTAC.1,stimulated,CD16 Mono
TTTCCAGATGGTGT.1,stimulated,CD4 T
TTTCGAACGCTGTA.1,stimulated,CD16 Mono
TTTCGAACTGTCAG.1,stimulated,CD4 T
TTTCGAACTGTGCA.1,stimulated,CD4 T
TTTCTACTGGTATC.1,stimulated,CD4 T
TTTCTACTTCAGAC.1,stimulated,NK
TTTGACTGACGTAC.1,stimulated,CD4 T
TTTGACTGATCACG.1,stimulated,CD14 Mono
TTTGACTGCCCACT.1,stimulated,CD14 Mono
TTTGACTGCCCTAC.1,stimulated,CD14 Mono
TTTGACTGCTACCC.1,stimulated,CD4 T
TTTGACTGCTTGGA.1,stimulated,CD4 T
TTTGACTGGCGAAG.1,stimulated,B
TTTGACTGGGTACT.1,stimulated,B
TTTGCATGAACGAA.1,stimulated,DC
TTTGCATGACGTAC.1,stimulated,CD4 T
TTTGCATGCCTGTC.1,stimulated,B
TTTGCATGCTAAGC.1,stimulated,CD4 T
TTTGCATGGGACGA.1,stimulated,CD4 T
