cell_name,batch,cell_type
D101_5,celseq,gamma
D101_43,celseq,gamma
D101_93,celseq,gamma
D102_4,celseq,gamma
D172444_23,celseq,gamma
D172444_68,celseq,gamma
D17All1_2,celseq,gamma
D17All1_18,celseq,gamma
D17All1_28,celseq,gamma
D17All1_72,celseq,gamma
D17All2_14,celseq,gamma
D17All2_28,celseq,gamma
D17All2_38,celseq,gamma
D17All2_46,celseq,gamma
D17All2_63,celseq,gamma
D17All2_85,celseq,gamma
D17All2_92,celseq,gamma
D73_20,celseq,gamma
D28-1_74,celseq2,gamma
D28-1_76,celseq2,gamma
D28-1_85,celseq2,gamma
D28-2_37,celseq2,gamma
D28-2_63,celseq2,gamma
D28-2_91,celseq2,gamma
D28-3_14,celseq2,gamma
D28-3_18,celseq2,gamma
D28-4_26,celseq2,gamma
D28-4_38,celseq2,gamma
D28-4_90,celseq2,gamma
D28-5_2,celseq2,gamma
D28-7_4,celseq2,gamma
D28-8_38,celseq2,gamma
D29-1_12,celseq2,gamma
D29-1_15,celseq2,gamma
D29-1_35,celseq2,gamma
D29-1_58,celseq2,gamma
D29-1_66,celseq2,gamma
D29-1_67,celseq2,gamma
D29-1_71,celseq2,gamma
D29-1_72,celseq2,gamma
D29-1_73,celseq2,gamma
D29-1_86,celseq2,gamma
D29-1_90,celseq2,gamma
D29-2_19,celseq2,gamma
D29-2_42,celseq2,gamma
D29-2_43,celseq2,gamma
D29-2_47,celseq2,gamma
D29-2_58,celseq2,gamma
D29-2_59,celseq2,gamma
D29-2_64,celseq2,gamma
D29-2_68,celseq2,gamma
D29-2_78,celseq2,gamma
D29-2_87,celseq2,gamma
D29-2_92,celseq2,gamma
D29-3_15,celseq2,gamma
D29-3_16,celseq2,gamma
D29-3_32,celseq2,gamma
D29-3_44,celseq2,gamma
D29-3_71,celseq2,gamma
D29-4_3,celseq2,gamma
D29-4_4,celseq2,gamma
D29-4_6,celseq2,gamma
D29-4_20,celseq2,gamma
D29-4_48,celseq2,gamma
D29-4_86,celseq2,gamma
D29-5_6,celseq2,gamma
D29-5_51,celseq2,gamma
D29-5_79,celseq2,gamma
D29-6_4,celseq2,gamma
D29-6_6,celseq2,gamma
D29-6_9,celseq2,gamma
D29-6_11,celseq2,gamma
D29-6_33,celseq2,gamma
D29-6_55,celseq2,gamma
D29-6_88,celseq2,gamma
D29-7_8,celseq2,gamma
D29-7_23,celseq2,gamma
D29-7_30,celseq2,gamma
D29-7_34,celseq2,gamma
D29-7_35,celseq2,gamma
D29-7_36,celseq2,gamma
D29-7_40,celseq2,gamma
D29-7_60,celseq2,gamma
D29-7_61,celseq2,gamma
D29-7_77,celseq2,gamma
D29-7_89,celseq2,gamma
D29-7_93,celseq2,gamma
D29-7_94,celseq2,gamma
D29-8_19,celseq2,gamma
D29-8_43,celseq2,gamma
D29-8_48,celseq2,gamma
D30-2_8,celseq2,gamma
D30-3_15,celseq2,gamma
D30-3_21,celseq2,gamma
D30-5_74,celseq2,gamma
D30-6_90,celseq2,gamma
D31-1_65,celseq2,gamma
D31-1_79,celseq2,gamma
D31-1_80,celseq2,gamma
D31-1_81,celseq2,gamma
D31-2_55,celseq2,gamma
D31-2_60,celseq2,gamma
D31-3_30,celseq2,gamma
D31-3_51,celseq2,gamma
D31-3_54,celseq2,gamma
D31-3_56,celseq2,gamma
D31-3_61,celseq2,gamma
D31-3_72,celseq2,gamma
D31-3_77,celseq2,gamma
D31-4_4,celseq2,gamma
D31-4_15,celseq2,gamma
D31-4_37,celseq2,gamma
D31-4_40,celseq2,gamma
D31-6_5,celseq2,gamma
D31-6_32,celseq2,gamma
D31-6_71,celseq2,gamma
D31-7_15,celseq2,gamma
D31-7_79,celseq2,gamma
D31-7_92,celseq2,gamma
D31-8_10,celseq2,gamma
D31-8_15,celseq2,gamma
D31-8_16,celseq2,gamma
D31-8_25,celseq2,gamma
D31-8_26,celseq2,gamma
D31-8_36,celseq2,gamma
D31-8_67,celseq2,gamma
D31-8_70,celseq2,gamma
D31-8_87,celseq2,gamma
10th_C58_S111,fluidigmc1,gamma
10th_C6_S88,fluidigmc1,gamma
10th_C78_S114,fluidigmc1,gamma
10th_C8_S52,fluidigmc1,gamma
11th-C10_S63,fluidigmc1,gamma
11th-C39_S21,fluidigmc1,gamma
3rd-C40_S57,fluidigmc1,gamma
3rd-C44_S32,fluidigmc1,gamma
3rd-C47_S35,fluidigmc1,gamma
3rd-C53_S67,fluidigmc1,gamma
5th-C9_S92,fluidigmc1,gamma
7th-C24_S40,fluidigmc1,gamma
7th-C82_S64,fluidigmc1,gamma
8th-C69_S119,fluidigmc1,gamma
8th-C91_S158,fluidigmc1,gamma
8th-C92_S157,fluidigmc1,gamma
9th-C66_S33,fluidigmc1,gamma
9th-C79_S57,fluidigmc1,gamma
AZ_A2,smartseq2,gamma
AZ_H5,smartseq2,gamma
AZ_G5,smartseq2,gamma
AZ_D8,smartseq2,gamma
AZ_D12,smartseq2,gamma
HP1502401_H13,smartseq2,gamma
HP1502401_L14,smartseq2,gamma
HP1502401_K14,smartseq2,gamma
HP1502401_F17,smartseq2,gamma
HP1502401_E5,smartseq2,gamma
HP1502401_E7,smartseq2,gamma
HP1502401_B18,smartseq2,gamma
HP1502401_K24,smartseq2,gamma
HP1502401_K23,smartseq2,gamma
HP1502401_F18,smartseq2,gamma
HP1502401_G11,smartseq2,gamma
HP1502401_G12,smartseq2,gamma
HP1502401_N23,smartseq2,gamma
HP1502401_B15,smartseq2,gamma
HP1502401_N11,smartseq2,gamma
HP1502401_N9,smartseq2,gamma
HP1502401_F15,smartseq2,gamma
HP1502401_B11,smartseq2,gamma
HP1502401_I8,smartseq2,gamma
HP1504101T2D_B4,smartseq2,gamma
HP1504101T2D_B10,smartseq2,gamma
HP1504101T2D_G16,smartseq2,gamma
HP1504101T2D_A15,smartseq2,gamma
HP1504101T2D_K2,smartseq2,gamma
HP1504101T2D_B22,smartseq2,gamma
HP1504101T2D_G4,smartseq2,gamma
HP1504101T2D_L13,smartseq2,gamma
HP1504101T2D_B24,smartseq2,gamma
HP1504101T2D_H14,smartseq2,gamma
HP1504101T2D_A20,smartseq2,gamma
HP1504101T2D_I7,smartseq2,gamma
HP1504101T2D_E11,smartseq2,gamma
HP1504101T2D_E18,smartseq2,gamma
HP1504101T2D_L15,smartseq2,gamma
HP1504101T2D_D17,smartseq2,gamma
HP1504101T2D_A4,smartseq2,gamma
HP1504101T2D_P9,smartseq2,gamma
HP1504101T2D_F11,smartseq2,gamma
HP1504101T2D_O4,smartseq2,gamma
HP1504101T2D_E4,smartseq2,gamma
HP1504101T2D_I16,smartseq2,gamma
HP1504101T2D_D1,smartseq2,gamma
HP1504101T2D_D18,smartseq2,gamma
HP1504101T2D_F2,smartseq2,gamma
HP1504101T2D_I15,smartseq2,gamma
HP1504101T2D_I10,smartseq2,gamma
HP1504101T2D_E14,smartseq2,gamma
HP1504101T2D_P24,smartseq2,gamma
HP1504101T2D_E9,smartseq2,gamma
HP1504101T2D_B17,smartseq2,gamma
HP1504101T2D_N20,smartseq2,gamma
HP1504101T2D_C12,smartseq2,gamma
HP1504101T2D_I19,smartseq2,gamma
HP1504101T2D_M1,smartseq2,gamma
HP1504101T2D_A13,smartseq2,gamma
HP1504101T2D_D21,smartseq2,gamma
HP1504101T2D_B18,smartseq2,gamma
HP1504101T2D_A17,smartseq2,gamma
HP1504101T2D_E7,smartseq2,gamma
HP1504101T2D_G3,smartseq2,gamma
HP1504101T2D_C21,smartseq2,gamma
HP1504101T2D_K8,smartseq2,gamma
HP1504101T2D_D24,smartseq2,gamma
HP1504101T2D_F14,smartseq2,gamma
HP1504101T2D_B5,smartseq2,gamma
HP1504101T2D_L24,smartseq2,gamma
HP1504101T2D_B12,smartseq2,gamma
HP1504101T2D_E8,smartseq2,gamma
HP1504101T2D_L1,smartseq2,gamma
HP1504101T2D_J3,smartseq2,gamma
HP1504101T2D_G21,smartseq2,gamma
HP1504101T2D_D15,smartseq2,gamma
HP1504101T2D_D23,smartseq2,gamma
HP1504101T2D_H1,smartseq2,gamma
HP1504101T2D_D12,smartseq2,gamma
HP1504101T2D_F13,smartseq2,gamma
HP1504101T2D_J9,smartseq2,gamma
HP1504101T2D_H24,smartseq2,gamma
HP1504101T2D_E20,smartseq2,gamma
HP1504101T2D_P12,smartseq2,gamma
HP1504101T2D_J22,smartseq2,gamma
HP1504101T2D_O11,smartseq2,gamma
HP1504101T2D_J5,smartseq2,gamma
HP1504101T2D_G8,smartseq2,gamma
HP1504101T2D_D11,smartseq2,gamma
HP1504101T2D_O23,smartseq2,gamma
HP1504101T2D_F20,smartseq2,gamma
HP1504101T2D_M3,smartseq2,gamma
HP1504101T2D_N16,smartseq2,gamma
HP1504101T2D_A18,smartseq2,gamma
HP1504101T2D_F16,smartseq2,gamma
HP1504901_L12,smartseq2,gamma
HP1504901_N9,smartseq2,gamma
HP1504901_F15,smartseq2,gamma
HP1504901_G20,smartseq2,gamma
HP1504901_H19,smartseq2,gamma
HP1504901_B8,smartseq2,gamma
HP1504901_O1,smartseq2,gamma
HP1504901_F18,smartseq2,gamma
HP1504901_H14,smartseq2,gamma
HP1504901_F1,smartseq2,gamma
HP1504901_B20,smartseq2,gamma
HP1504901_O21,smartseq2,gamma
HP1504901_A5,smartseq2,gamma
HP1504901_L18,smartseq2,gamma
HP1504901_D9,smartseq2,gamma
HP1504901_K14,smartseq2,gamma
HP1504901_N15,smartseq2,gamma
HP1504901_B23,smartseq2,gamma
HP1504901_O5,smartseq2,gamma
HP1504901_J9,smartseq2,gamma
HP1504901_M4,smartseq2,gamma
HP1504901_B6,smartseq2,gamma
HP1504901_E23,smartseq2,gamma
HP1504901_O24,smartseq2,gamma
HP1504901_L3,smartseq2,gamma
HP1504901_I18,smartseq2,gamma
HP1504901_D24,smartseq2,gamma
HP1504901_I22,smartseq2,gamma
HP1504901_C14,smartseq2,gamma
HP1504901_C23,smartseq2,gamma
HP1504901_L9,smartseq2,gamma
HP1504901_N23,smartseq2,gamma
HP1506401_I2,smartseq2,gamma
HP1506401_I1,smartseq2,gamma
HP1506401_E3,smartseq2,gamma
HP1506401_B22,smartseq2,gamma
HP1506401_N7,smartseq2,gamma
HP1506401_I14,smartseq2,gamma
HP1506401_G8,smartseq2,gamma
HP1506401_H12,smartseq2,gamma
HP1506401_E12,smartseq2,gamma
HP1506401_B4,smartseq2,gamma
HP1506401_K23,smartseq2,gamma
HP1506401_I17,smartseq2,gamma
HP1506401_H11,smartseq2,gamma
HP1506401_F14,smartseq2,gamma
HP1506401_K22,smartseq2,gamma
HP1506401_O6,smartseq2,gamma
HP1506401_D9,smartseq2,gamma
HP1506401_L17,smartseq2,gamma
HP1506401_M6,smartseq2,gamma
HP1506401_B3,smartseq2,gamma
HP1506401_M24,smartseq2,gamma
HP1506401_H19,smartseq2,gamma
HP1507101_J9,smartseq2,gamma
HP1507101_D19,smartseq2,gamma
HP1507101_M22,smartseq2,gamma
HP1507101_B20,smartseq2,gamma
HP1507101_F9,smartseq2,gamma
HP1508501T2D_A19,smartseq2,gamma
HP1508501T2D_K16,smartseq2,gamma
HP1508501T2D_H18,smartseq2,gamma
HP1508501T2D_J17,smartseq2,gamma
HP1508501T2D_B10,smartseq2,gamma
HP1508501T2D_N18,smartseq2,gamma
HP1508501T2D_F11,smartseq2,gamma
HP1508501T2D_G22,smartseq2,gamma
HP1508501T2D_P4,smartseq2,gamma
HP1509101_F21,smartseq2,gamma
HP1509101_O8,smartseq2,gamma
HP1509101_G8,smartseq2,gamma
HP1509101_K8,smartseq2,gamma
HP1525301T2D_E19,smartseq2,gamma
HP1525301T2D_B5,smartseq2,gamma
HP1525301T2D_E3,smartseq2,gamma
HP1525301T2D_G23,smartseq2,gamma
HP1525301T2D_J18,smartseq2,gamma
HP1525301T2D_B8,smartseq2,gamma
HP1525301T2D_A16,smartseq2,gamma
HP1525301T2D_D12,smartseq2,gamma
HP1525301T2D_N21,smartseq2,gamma
HP1525301T2D_O11,smartseq2,gamma
HP1526901T2D_K12,smartseq2,gamma
HP1526901T2D_A20,smartseq2,gamma
HP1526901T2D_C13,smartseq2,gamma
HP1526901T2D_C19,smartseq2,gamma
HP1526901T2D_H23,smartseq2,gamma
HP1526901T2D_K11,smartseq2,gamma
HP1526901T2D_L14,smartseq2,gamma
HP1526901T2D_L7,smartseq2,gamma
HP1526901T2D_G1,smartseq2,gamma
HP1526901T2D_N18,smartseq2,gamma
HP1526901T2D_H16,smartseq2,gamma
HP1526901T2D_K21,smartseq2,gamma
HP1526901T2D_P23,smartseq2,gamma
HP1526901T2D_N20,smartseq2,gamma
HP1526901T2D_I24,smartseq2,gamma
HP1526901T2D_A15,smartseq2,gamma
HP1526901T2D_D10,smartseq2,gamma
HP1526901T2D_O3,smartseq2,gamma
HP1526901T2D_E4,smartseq2,gamma
HP1526901T2D_F12,smartseq2,gamma
HP1526901T2D_O10,smartseq2,gamma
HP1526901T2D_E10,smartseq2,gamma
HP1526901T2D_L12,smartseq2,gamma
HP1526901T2D_M22,smartseq2,gamma
HP1526901T2D_F20,smartseq2,gamma
HP1526901T2D_G19,smartseq2,gamma
HP1526901T2D_D14,smartseq2,gamma
HP1526901T2D_E5,smartseq2,gamma
HP1526901T2D_G9,smartseq2,gamma
HP1526901T2D_B13,smartseq2,gamma
HP1526901T2D_H3,smartseq2,gamma
HP1526901T2D_J17,smartseq2,gamma
HP1526901T2D_N19,smartseq2,gamma
HP1526901T2D_M3,smartseq2,gamma
HP1526901T2D_F7,smartseq2,gamma
D101_7,celseq,acinar
D101_50,celseq,acinar
D101_51,celseq,acinar
D101_52,celseq,acinar
D101_74,celseq,acinar
D101_82,celseq,acinar
D102_26,celseq,acinar
D102_51,celseq,acinar
D102_54,celseq,acinar
D102_69,celseq,acinar
D102_71,celseq,acinar
D102_76,celseq,acinar
D102_91,celseq,acinar
D10631_15,celseq,acinar
D10631_17,celseq,acinar
D10631_38,celseq,acinar
D10631_48,celseq,acinar
D10631_50,celseq,acinar
D10631_53,celseq,acinar
D10631_54,celseq,acinar
D10631_57,celseq,acinar
D10631_66,celseq,acinar
D10631_67,celseq,acinar
D10631_69,celseq,acinar
D10631_91,celseq,acinar
D10631_95,celseq,acinar
D10631_96,celseq,acinar
D1713_8,celseq,acinar
D1713_15,celseq,acinar
D1713_16,celseq,acinar
D1713_27,celseq,acinar
D1713_29,celseq,acinar
D1713_33,celseq,acinar
D1713_42,celseq,acinar
D1713_50,celseq,acinar
D1713_58,celseq,acinar
D1713_61,celseq,acinar
D1713_63,celseq,acinar
D1713_67,celseq,acinar
D1713_68,celseq,acinar
D1713_69,celseq,acinar
D1713_70,celseq,acinar
D1713_71,celseq,acinar
D1713_72,celseq,acinar
D1713_80,celseq,acinar
D1713_89,celseq,acinar
D1713_91,celseq,acinar
D172444_19,celseq,acinar
D17All1_36,celseq,acinar
D17All1_50,celseq,acinar
D17All1_52,celseq,acinar
D17All1_69,celseq,acinar
D17All1_92,celseq,acinar
D17All2_3,celseq,acinar
D17All2_79,celseq,acinar
D17TGFB_4,celseq,acinar
D17TGFB_6,celseq,acinar
D17TGFB_8,celseq,acinar
D17TGFB_9,celseq,acinar
D17TGFB_10,celseq,acinar
D17TGFB_12,celseq,acinar
D17TGFB_14,celseq,acinar
D17TGFB_17,celseq,acinar
D17TGFB_21,celseq,acinar
D17TGFB_22,celseq,acinar
D17TGFB_23,celseq,acinar
D17TGFB_26,celseq,acinar
D17TGFB_31,celseq,acinar
D17TGFB_32,celseq,acinar
D17TGFB_33,celseq,acinar
D17TGFB_36,celseq,acinar
D17TGFB_38,celseq,acinar
D17TGFB_39,celseq,acinar
D17TGFB_41,celseq,acinar
D17TGFB_43,celseq,acinar
D17TGFB_44,celseq,acinar
D17TGFB_45,celseq,acinar
D17TGFB_47,celseq,acinar
D17TGFB_49,celseq,acinar
D17TGFB_51,celseq,acinar
D17TGFB_54,celseq,acinar
D17TGFB_56,celseq,acinar
D17TGFB_57,celseq,acinar
D17TGFB_58,celseq,acinar
D17TGFB_59,celseq,acinar
D17TGFB_61,celseq,acinar
D17TGFB_66,celseq,acinar
D17TGFB_67,celseq,acinar
D17TGFB_71,celseq,acinar
D17TGFB_74,celseq,acinar
D17TGFB_76,celseq,acinar
D17TGFB_80,celseq,acinar
D17TGFB_85,celseq,acinar
D17TGFB_89,celseq,acinar
D17TGFB_92,celseq,acinar
D17TGFB_93,celseq,acinar
D2ex_1,celseq,acinar
D2ex_2,celseq,acinar
D2ex_3,celseq,acinar
D2ex_10,celseq,acinar
D2ex_13,celseq,acinar
D2ex_15,celseq,acinar
D2ex_16,celseq,acinar
D2ex_18,celseq,acinar
D2ex_21,celseq,acinar
D2ex_24,celseq,acinar
D2ex_26,celseq,acinar
D2ex_28,celseq,acinar
D2ex_34,celseq,acinar
D2ex_37,celseq,acinar
D2ex_40,celseq,acinar
D2ex_41,celseq,acinar
D2ex_42,celseq,acinar
D2ex_44,celseq,acinar
D2ex_46,celseq,acinar
D2ex_51,celseq,acinar
D2ex_59,celseq,acinar
D2ex_61,celseq,acinar
D2ex_66,celseq,acinar
D2ex_69,celseq,acinar
D2ex_70,celseq,acinar
D2ex_76,celseq,acinar
D2ex_79,celseq,acinar
D2ex_86,celseq,acinar
D2ex_92,celseq,acinar
D3en1_1,celseq,acinar
D3en1_5,celseq,acinar
D3en1_10,celseq,acinar
D3en1_11,celseq,acinar
D3en1_13,celseq,acinar
D3en1_26,celseq,acinar
D3en1_37,celseq,acinar
D3en1_41,celseq,acinar
D3en1_45,celseq,acinar
D3en1_48,celseq,acinar
D3en1_49,celseq,acinar
D3en1_56,celseq,acinar
D3en1_68,celseq,acinar
D3en1_73,celseq,acinar
D3en1_84,celseq,acinar
D3en2_5,celseq,acinar
D3en2_6,celseq,acinar
D3en2_16,celseq,acinar
D3en2_21,celseq,acinar
D3en2_23,celseq,acinar
D3en2_25,celseq,acinar
D3en2_26,celseq,acinar
D3en2_27,celseq,acinar
D3en2_31,celseq,acinar
D3en2_32,celseq,acinar
D3en2_33,celseq,acinar
D3en2_37,celseq,acinar
D3en2_39,celseq,acinar
D3en2_42,celseq,acinar
D3en2_45,celseq,acinar
D3en2_48,celseq,acinar
D3en2_57,celseq,acinar
D3en2_66,celseq,acinar
D3en2_72,celseq,acinar
D3en2_74,celseq,acinar
D3en2_90,celseq,acinar
D3en3_2,celseq,acinar
D3en3_9,celseq,acinar
D3en3_39,celseq,acinar
D3en3_46,celseq,acinar
D3en3_50,celseq,acinar
D3en3_64,celseq,acinar
D3en3_68,celseq,acinar
D3en3_72,celseq,acinar
D3en3_89,celseq,acinar
D3en4_7,celseq,acinar
D3en4_8,celseq,acinar
D3en4_9,celseq,acinar
D3en4_12,celseq,acinar
D3en4_14,celseq,acinar
D3en4_20,celseq,acinar
D3en4_25,celseq,acinar
D3en4_26,celseq,acinar
D3en4_30,celseq,acinar
D3en4_31,celseq,acinar
D3en4_32,celseq,acinar
D3en4_35,celseq,acinar
D3en4_39,celseq,acinar
D3en4_42,celseq,acinar
D3en4_46,celseq,acinar
D3en4_48,celseq,acinar
D3en4_54,celseq,acinar
D3en4_60,celseq,acinar
D3en4_68,celseq,acinar
D3en4_69,celseq,acinar
D3en4_72,celseq,acinar
D3en4_83,celseq,acinar
D3en4_87,celseq,acinar
D3en4_92,celseq,acinar
D3ex_5,celseq,acinar
D3ex_6,celseq,acinar
D3ex_36,celseq,acinar
D3ex_68,celseq,acinar
D3ex_71,celseq,acinar
D3ex_74,celseq,acinar
D3ex_76,celseq,acinar
D3ex_83,celseq,acinar
D71_2,celseq,acinar
D71_5,celseq,acinar
D71_10,celseq,acinar
D71_16,celseq,acinar
D71_34,celseq,acinar
D71_39,celseq,acinar
D71_78,celseq,acinar
D71_92,celseq,acinar
D72_1,celseq,acinar
D72_18,celseq,acinar
D72_22,celseq,acinar
D72_33,celseq,acinar
D72_40,celseq,acinar
D72_95,celseq,acinar
D73_35,celseq,acinar
D73_37,celseq,acinar
D73_43,celseq,acinar
D73_48,celseq,acinar
D73_52,celseq,acinar
D73_68,celseq,acinar
D73_83,celseq,acinar
D74_14,celseq,acinar
D74_62,celseq,acinar
D74_76,celseq,acinar
D74_81,celseq,acinar
D74_90,celseq,acinar
D28-1_37,celseq2,acinar
D28-1_38,celseq2,acinar
D28-1_50,celseq2,acinar
D28-1_55,celseq2,acinar
D28-1_62,celseq2,acinar
D28-1_67,celseq2,acinar
D28-1_68,celseq2,acinar
D28-1_86,celseq2,acinar
D28-1_87,celseq2,acinar
D28-2_1,celseq2,acinar
D28-2_4,celseq2,acinar
D28-2_15,celseq2,acinar
D28-2_18,celseq2,acinar
D28-2_39,celseq2,acinar
D28-2_42,celseq2,acinar
D28-2_49,celseq2,acinar
D28-2_53,celseq2,acinar
D28-2_61,celseq2,acinar
D28-2_74,celseq2,acinar
D28-2_75,celseq2,acinar
D28-2_78,celseq2,acinar
D28-2_86,celseq2,acinar
D28-2_87,celseq2,acinar
D28-2_89,celseq2,acinar
D28-3_4,celseq2,acinar
D28-3_25,celseq2,acinar
D28-3_26,celseq2,acinar
D28-3_28,celseq2,acinar
D28-3_31,celseq2,acinar
D28-3_44,celseq2,acinar
D28-3_51,celseq2,acinar
D28-3_52,celseq2,acinar
D28-3_62,celseq2,acinar
D28-3_65,celseq2,acinar
D28-3_75,celseq2,acinar
D28-3_77,celseq2,acinar
D28-3_85,celseq2,acinar
D28-3_90,celseq2,acinar
D28-3_91,celseq2,acinar
D28-4_4,celseq2,acinar
D28-4_17,celseq2,acinar
D28-4_28,celseq2,acinar
D28-4_40,celseq2,acinar
D28-4_49,celseq2,acinar
D28-4_51,celseq2,acinar
D28-4_53,celseq2,acinar
D28-4_54,celseq2,acinar
D28-4_61,celseq2,acinar
D28-4_63,celseq2,acinar
D28-4_67,celseq2,acinar
D28-4_75,celseq2,acinar
D28-4_85,celseq2,acinar
D28-4_86,celseq2,acinar
D28-4_89,celseq2,acinar
D28-5_3,celseq2,acinar
D28-5_17,celseq2,acinar
D28-5_27,celseq2,acinar
D28-5_29,celseq2,acinar
D28-5_31,celseq2,acinar
D28-5_37,celseq2,acinar
D28-5_38,celseq2,acinar
D28-5_42,celseq2,acinar
D28-5_54,celseq2,acinar
D28-5_62,celseq2,acinar
D28-5_63,celseq2,acinar
D28-5_77,celseq2,acinar
D28-5_78,celseq2,acinar
D28-6_2,celseq2,acinar
D28-6_4,celseq2,acinar
D28-6_14,celseq2,acinar
D28-6_19,celseq2,acinar
D28-6_38,celseq2,acinar
D28-6_41,celseq2,acinar
D28-6_42,celseq2,acinar
D28-6_50,celseq2,acinar
D28-6_51,celseq2,acinar
D28-6_61,celseq2,acinar
D28-6_62,celseq2,acinar
D28-6_63,celseq2,acinar
D28-6_66,celseq2,acinar
D28-6_73,celseq2,acinar
D28-6_74,celseq2,acinar
D28-6_76,celseq2,acinar
D28-6_89,celseq2,acinar
D28-7_1,celseq2,acinar
D28-7_37,celseq2,acinar
D28-7_39,celseq2,acinar
D28-7_41,celseq2,acinar
D28-7_51,celseq2,acinar
D28-7_52,celseq2,acinar
D28-7_62,celseq2,acinar
D28-7_64,celseq2,acinar
D28-7_75,celseq2,acinar
D28-7_78,celseq2,acinar
D28-8_6,celseq2,acinar
D28-8_39,celseq2,acinar
D28-8_49,celseq2,acinar
D28-8_53,celseq2,acinar
D28-8_63,celseq2,acinar
D28-8_75,celseq2,acinar
D28-8_77,celseq2,acinar
D29-1_68,celseq2,acinar
D29-5_73,celseq2,acinar
D29-5_78,celseq2,acinar
D29-7_5,celseq2,acinar
D29-7_49,celseq2,acinar
D30-1_1,celseq2,acinar
D30-1_19,celseq2,acinar
D30-1_29,celseq2,acinar
D30-1_30,celseq2,acinar
D30-1_36,celseq2,acinar
D30-1_55,celseq2,acinar
D30-1_61,celseq2,acinar
D30-1_63,celseq2,acinar
D30-1_72,celseq2,acinar
D30-1_91,celseq2,acinar
D30-2_1,celseq2,acinar
D30-2_11,celseq2,acinar
D30-2_17,celseq2,acinar
D30-2_27,celseq2,acinar
D30-2_41,celseq2,acinar
D30-2_42,celseq2,acinar
D30-2_43,celseq2,acinar
D30-2_45,celseq2,acinar
D30-2_51,celseq2,acinar
D30-2_53,celseq2,acinar
D30-2_56,celseq2,acinar
D30-2_76,celseq2,acinar
D30-3_2,celseq2,acinar
D30-3_45,celseq2,acinar
D30-3_63,celseq2,acinar
D30-3_91,celseq2,acinar
D30-4_18,celseq2,acinar
D30-4_23,celseq2,acinar
D30-4_62,celseq2,acinar
D30-4_81,celseq2,acinar
D30-4_82,celseq2,acinar
D30-5_36,celseq2,acinar
D30-5_45,celseq2,acinar
D30-5_79,celseq2,acinar
D30-5_89,celseq2,acinar
D30-6_5,celseq2,acinar
D30-6_37,celseq2,acinar
D30-6_40,celseq2,acinar
D30-6_44,celseq2,acinar
D30-6_80,celseq2,acinar
D30-7_1,celseq2,acinar
D30-7_11,celseq2,acinar
D30-7_20,celseq2,acinar
D30-7_24,celseq2,acinar
D30-7_28,celseq2,acinar
D30-7_39,celseq2,acinar
D30-7_91,celseq2,acinar
D30-8_24,celseq2,acinar
D30-8_33,celseq2,acinar
D30-8_36,celseq2,acinar
D30-8_37,celseq2,acinar
D30-8_63,celseq2,acinar
D30-8_65,celseq2,acinar
D30-8_69,celseq2,acinar
D30-8_81,celseq2,acinar
D30-8_84,celseq2,acinar
D31-1_5,celseq2,acinar
D31-1_7,celseq2,acinar
D31-1_9,celseq2,acinar
D31-1_11,celseq2,acinar
D31-1_19,celseq2,acinar
D31-1_21,celseq2,acinar
D31-1_22,celseq2,acinar
D31-1_25,celseq2,acinar
D31-1_27,celseq2,acinar
D31-1_44,celseq2,acinar
D31-1_45,celseq2,acinar
D31-1_48,celseq2,acinar
D31-1_51,celseq2,acinar
D31-1_58,celseq2,acinar
D31-1_70,celseq2,acinar
D31-1_88,celseq2,acinar
D31-2_6,celseq2,acinar
D31-2_15,celseq2,acinar
D31-2_18,celseq2,acinar
D31-2_26,celseq2,acinar
D31-2_30,celseq2,acinar
D31-2_38,celseq2,acinar
D31-2_53,celseq2,acinar
D31-2_61,celseq2,acinar
D31-2_69,celseq2,acinar
D31-2_75,celseq2,acinar
D31-2_83,celseq2,acinar
D31-2_86,celseq2,acinar
D31-2_87,celseq2,acinar
D31-3_1,celseq2,acinar
D31-3_14,celseq2,acinar
D31-3_23,celseq2,acinar
D31-3_25,celseq2,acinar
D31-3_26,celseq2,acinar
D31-3_36,celseq2,acinar
D31-3_40,celseq2,acinar
D31-3_47,celseq2,acinar
D31-3_48,celseq2,acinar
D31-3_53,celseq2,acinar
D31-3_60,celseq2,acinar
D31-3_63,celseq2,acinar
D31-3_64,celseq2,acinar
D31-3_69,celseq2,acinar
D31-3_73,celseq2,acinar
D31-3_78,celseq2,acinar
D31-3_86,celseq2,acinar
D31-3_89,celseq2,acinar
D31-4_9,celseq2,acinar
D31-4_13,celseq2,acinar
D31-4_14,celseq2,acinar
D31-4_36,celseq2,acinar
D31-4_41,celseq2,acinar
D31-4_43,celseq2,acinar
D31-4_48,celseq2,acinar
D31-4_55,celseq2,acinar
D31-4_70,celseq2,acinar
D31-4_72,celseq2,acinar
D31-4_79,celseq2,acinar
D31-4_90,celseq2,acinar
D31-4_91,celseq2,acinar
D31-4_93,celseq2,acinar
D31-5_1,celseq2,acinar
D31-5_4,celseq2,acinar
D31-5_16,celseq2,acinar
D31-5_34,celseq2,acinar
D31-5_39,celseq2,acinar
D31-5_45,celseq2,acinar
D31-5_48,celseq2,acinar
D31-5_57,celseq2,acinar
D31-5_60,celseq2,acinar
D31-5_69,celseq2,acinar
D31-5_70,celseq2,acinar
D31-5_75,celseq2,acinar
D31-5_89,celseq2,acinar
D31-5_92,celseq2,acinar
D31-6_9,celseq2,acinar
D31-6_11,celseq2,acinar
D31-6_13,celseq2,acinar
D31-6_21,celseq2,acinar
D31-6_24,celseq2,acinar
D31-6_29,celseq2,acinar
D31-6_33,celseq2,acinar
D31-6_39,celseq2,acinar
D31-6_40,celseq2,acinar
D31-6_43,celseq2,acinar
D31-6_52,celseq2,acinar
D31-6_53,celseq2,acinar
D31-6_61,celseq2,acinar
D31-6_62,celseq2,acinar
D31-6_66,celseq2,acinar
D31-6_69,celseq2,acinar
D31-6_75,celseq2,acinar
D31-6_81,celseq2,acinar
D31-6_86,celseq2,acinar
D31-7_9,celseq2,acinar
D31-7_11,celseq2,acinar
D31-7_21,celseq2,acinar
D31-7_38,celseq2,acinar
D31-7_58,celseq2,acinar
D31-7_63,celseq2,acinar
D31-7_70,celseq2,acinar
D31-7_77,celseq2,acinar
D31-8_4,celseq2,acinar
D31-8_7,celseq2,acinar
D31-8_11,celseq2,acinar
D31-8_27,celseq2,acinar
D31-8_40,celseq2,acinar
D31-8_53,celseq2,acinar
D31-8_63,celseq2,acinar
D31-8_81,celseq2,acinar
D31-8_89,celseq2,acinar
D31-8_91,celseq2,acinar
10th_C42_S109,fluidigmc1,acinar
10th_C63_S82,fluidigmc1,acinar
10th_C86_S78,fluidigmc1,acinar
10th_C87_S71,fluidigmc1,acinar
11th-C64_S72,fluidigmc1,acinar
12th-C53_S168,fluidigmc1,acinar
13th_C27_S151,fluidigmc1,acinar
4th-C27_S51,fluidigmc1,acinar
4th-C95_S95,fluidigmc1,acinar
5th-C10_S92,fluidigmc1,acinar
5th-C19_S104,fluidigmc1,acinar
5th-C40_S112,fluidigmc1,acinar
5th-C42_S114,fluidigmc1,acinar
5th-C45_S123,fluidigmc1,acinar
5th-C50_S90,fluidigmc1,acinar
5th-C54_S89,fluidigmc1,acinar
5th-C56_S95,fluidigmc1,acinar
5th-C58_S93,fluidigmc1,acinar
5th-C73_S111,fluidigmc1,acinar
5th-C81_S115,fluidigmc1,acinar
5th-C88_S117,fluidigmc1,acinar
AZ_B8,smartseq2,acinar
AZ_A7,smartseq2,acinar
AZ_H10,smartseq2,acinar
AZ_F6,smartseq2,acinar
HP1502401_A14,smartseq2,acinar
HP1502401_I14,smartseq2,acinar
HP1502401_F13,smartseq2,acinar
HP1502401_G18,smartseq2,acinar
HP1502401_N2,smartseq2,acinar
HP1502401_O14,smartseq2,acinar
HP1502401_B17,smartseq2,acinar
HP1502401_M8,smartseq2,acinar
HP1502401_K10,smartseq2,acinar
HP1502401_D10,smartseq2,acinar
HP1502401_D11,smartseq2,acinar
HP1502401_A22,smartseq2,acinar
HP1502401_K12,smartseq2,acinar
HP1502401_D2,smartseq2,acinar
HP1502401_E23,smartseq2,acinar
HP1502401_E24,smartseq2,acinar
HP1502401_E2,smartseq2,acinar
HP1502401_C1,smartseq2,acinar
HP1502401_J2,smartseq2,acinar
HP1502401_M22,smartseq2,acinar
HP1502401_E20,smartseq2,acinar
HP1504101T2D_L14,smartseq2,acinar
HP1504101T2D_K19,smartseq2,acinar
HP1504101T2D_I6,smartseq2,acinar
HP1504101T2D_A10,smartseq2,acinar
HP1504101T2D_C11,smartseq2,acinar
HP1504101T2D_K10,smartseq2,acinar
HP1504101T2D_J16,smartseq2,acinar
HP1504101T2D_F1,smartseq2,acinar
HP1504901_F23,smartseq2,acinar
HP1504901_D13,smartseq2,acinar
HP1504901_O4,smartseq2,acinar
HP1504901_H16,smartseq2,acinar
HP1506401_K2,smartseq2,acinar
HP1506401_M1,smartseq2,acinar
HP1506401_D14,smartseq2,acinar
HP1506401_A9,smartseq2,acinar
HP1506401_J9,smartseq2,acinar
HP1506401_N1,smartseq2,acinar
HP1506401_G14,smartseq2,acinar
HP1506401_O16,smartseq2,acinar
HP1506401_D3,smartseq2,acinar
HP1506401_E23,smartseq2,acinar
HP1506401_N9,smartseq2,acinar
HP1506401_L19,smartseq2,acinar
HP1506401_H15,smartseq2,acinar
HP1506401_H16,smartseq2,acinar
HP1506401_C24,smartseq2,acinar
HP1506401_N21,smartseq2,acinar
HP1506401_J2,smartseq2,acinar
HP1506401_B1,smartseq2,acinar
HP1506401_I15,smartseq2,acinar
HP1506401_M3,smartseq2,acinar
HP1506401_D24,smartseq2,acinar
HP1506401_J24,smartseq2,acinar
HP1506401_J6,smartseq2,acinar
HP1506401_N5,smartseq2,acinar
HP1506401_E20,smartseq2,acinar
HP1506401_F16,smartseq2,acinar
HP1506401_M18,smartseq2,acinar
HP1506401_I13,smartseq2,acinar
HP1506401_L18,smartseq2,acinar
HP1506401_H18,smartseq2,acinar
HP1506401_F2,smartseq2,acinar
HP1506401_M4,smartseq2,acinar
HP1506401_J3,smartseq2,acinar
HP1506401_L22,smartseq2,acinar
HP1506401_N24,smartseq2,acinar
HP1506401_M19,smartseq2,acinar
HP1506401_J23,smartseq2,acinar
HP1506401_D23,smartseq2,acinar
HP1506401_B5,smartseq2,acinar
HP1506401_K6,smartseq2,acinar
HP1506401_O21,smartseq2,acinar
HP1506401_L9,smartseq2,acinar
HP1506401_E18,smartseq2,acinar
HP1506401_G4,smartseq2,acinar
HP1506401_D12,smartseq2,acinar
HP1506401_B14,smartseq2,acinar
HP1506401_P17,smartseq2,acinar
HP1506401_B16,smartseq2,acinar
HP1506401_I6,smartseq2,acinar
HP1506401_K15,smartseq2,acinar
HP1506401_C13,smartseq2,acinar
HP1506401_O7,smartseq2,acinar
HP1506401_K14,smartseq2,acinar
HP1506401_M17,smartseq2,acinar
HP1506401_J14,smartseq2,acinar
HP1506401_N15,smartseq2,acinar
HP1506401_O18,smartseq2,acinar
HP1506401_G15,smartseq2,acinar
HP1506401_F5,smartseq2,acinar
HP1506401_L3,smartseq2,acinar
HP1506401_A7,smartseq2,acinar
HP1506401_M8,smartseq2,acinar
HP1506401_A6,smartseq2,acinar
HP1506401_F3,smartseq2,acinar
HP1506401_E24,smartseq2,acinar
HP1506401_J15,smartseq2,acinar
HP1506401_I10,smartseq2,acinar
HP1506401_G16,smartseq2,acinar
HP1506401_P23,smartseq2,acinar
HP1506401_B6,smartseq2,acinar
HP1506401_N22,smartseq2,acinar
HP1506401_C7,smartseq2,acinar
HP1506401_C23,smartseq2,acinar
HP1506401_H1,smartseq2,acinar
HP1506401_N23,smartseq2,acinar
HP1506401_H3,smartseq2,acinar
HP1506401_L11,smartseq2,acinar
HP1506401_E14,smartseq2,acinar
HP1506401_O12,smartseq2,acinar
HP1506401_J11,smartseq2,acinar
HP1506401_P10,smartseq2,acinar
HP1507101_E22,smartseq2,acinar
HP1507101_J7,smartseq2,acinar
HP1507101_L17,smartseq2,acinar
HP1508501T2D_A23,smartseq2,acinar
HP1508501T2D_I24,smartseq2,acinar
HP1508501T2D_J23,smartseq2,acinar
HP1508501T2D_N13,smartseq2,acinar
HP1508501T2D_N24,smartseq2,acinar
HP1508501T2D_O7,smartseq2,acinar
HP1508501T2D_M11,smartseq2,acinar
HP1508501T2D_G12,smartseq2,acinar
HP1508501T2D_M7,smartseq2,acinar
HP1508501T2D_G19,smartseq2,acinar
HP1508501T2D_O13,smartseq2,acinar
HP1508501T2D_M18,smartseq2,acinar
HP1508501T2D_K6,smartseq2,acinar
HP1508501T2D_F21,smartseq2,acinar
HP1508501T2D_H16,smartseq2,acinar
HP1508501T2D_G17,smartseq2,acinar
HP1508501T2D_I10,smartseq2,acinar
HP1508501T2D_E4,smartseq2,acinar
HP1508501T2D_L2,smartseq2,acinar
HP1508501T2D_D9,smartseq2,acinar
HP1508501T2D_G18,smartseq2,acinar
HP1508501T2D_P2,smartseq2,acinar
HP1508501T2D_B14,smartseq2,acinar
HP1508501T2D_D18,smartseq2,acinar
HP1508501T2D_N21,smartseq2,acinar
HP1508501T2D_G23,smartseq2,acinar
HP1508501T2D_I7,smartseq2,acinar
HP1508501T2D_O11,smartseq2,acinar
HP1508501T2D_A11,smartseq2,acinar
HP1509101_B16,smartseq2,acinar
HP1509101_F18,smartseq2,acinar
HP1525301T2D_H9,smartseq2,acinar
HP1525301T2D_J5,smartseq2,acinar
HP1525301T2D_D10,smartseq2,acinar
HP1525301T2D_F10,smartseq2,acinar
HP1525301T2D_J23,smartseq2,acinar
HP1525301T2D_J16,smartseq2,acinar
HP1525301T2D_F5,smartseq2,acinar
HP1525301T2D_E2,smartseq2,acinar
HP1525301T2D_C14,smartseq2,acinar
HP1525301T2D_D6,smartseq2,acinar
HP1525301T2D_O3,smartseq2,acinar
HP1525301T2D_G17,smartseq2,acinar
HP1525301T2D_C23,smartseq2,acinar
HP1525301T2D_L5,smartseq2,acinar
HP1525301T2D_C7,smartseq2,acinar
HP1525301T2D_M5,smartseq2,acinar
HP1525301T2D_N10,smartseq2,acinar
HP1525301T2D_K8,smartseq2,acinar
HP1525301T2D_K7,smartseq2,acinar
HP1525301T2D_K5,smartseq2,acinar
HP1525301T2D_F3,smartseq2,acinar
HP1525301T2D_B12,smartseq2,acinar
HP1526901T2D_N4,smartseq2,acinar
HP1526901T2D_N7,smartseq2,acinar
HP1526901T2D_D7,smartseq2,acinar
HP1526901T2D_K17,smartseq2,acinar
HP1526901T2D_L15,smartseq2,acinar
HP1526901T2D_A6,smartseq2,acinar
HP1526901T2D_I12,smartseq2,acinar
HP1526901T2D_N5,smartseq2,acinar
HP1526901T2D_I17,smartseq2,acinar
HP1526901T2D_M18,smartseq2,acinar
HP1526901T2D_E16,smartseq2,acinar
HP1526901T2D_O19,smartseq2,acinar
HP1526901T2D_C8,smartseq2,acinar
HP1526901T2D_H2,smartseq2,acinar
D101_10,celseq,alpha
D101_25,celseq,alpha
D101_66,celseq,alpha
D101_69,celseq,alpha
D101_81,celseq,alpha
D101_84,celseq,alpha
D101_95,celseq,alpha
D102_68,celseq,alpha
D102_78,celseq,alpha
D102_93,celseq,alpha
D10631_29,celseq,alpha
D10631_61,celseq,alpha
D1713_9,celseq,alpha
D1713_21,celseq,alpha
D1713_51,celseq,alpha
D1713_90,celseq,alpha
D172444_4,celseq,alpha
D172444_8,celseq,alpha
D172444_9,celseq,alpha
D172444_10,celseq,alpha
D172444_12,celseq,alpha
D172444_13,celseq,alpha
D172444_14,celseq,alpha
D172444_17,celseq,alpha
D172444_22,celseq,alpha
D172444_25,celseq,alpha
D172444_26,celseq,alpha
D172444_28,celseq,alpha
D172444_29,celseq,alpha
D172444_30,celseq,alpha
D172444_31,celseq,alpha
D172444_32,celseq,alpha
D172444_33,celseq,alpha
D172444_34,celseq,alpha
D172444_35,celseq,alpha
D172444_36,celseq,alpha
D172444_37,celseq,alpha
D172444_38,celseq,alpha
D172444_41,celseq,alpha
D172444_42,celseq,alpha
D172444_43,celseq,alpha
D172444_46,celseq,alpha
D172444_49,celseq,alpha
D172444_52,celseq,alpha
D172444_53,celseq,alpha
D172444_54,celseq,alpha
D172444_56,celseq,alpha
D172444_57,celseq,alpha
D172444_58,celseq,alpha
D172444_60,celseq,alpha
D172444_62,celseq,alpha
D172444_64,celseq,alpha
D172444_66,celseq,alpha
D172444_71,celseq,alpha
D172444_72,celseq,alpha
D172444_73,celseq,alpha
D172444_75,celseq,alpha
D172444_77,celseq,alpha
D172444_78,celseq,alpha
D172444_79,celseq,alpha
D172444_81,celseq,alpha
D172444_83,celseq,alpha
D172444_85,celseq,alpha
D172444_87,celseq,alpha
D172444_88,celseq,alpha
D172444_90,celseq,alpha
D172444_91,celseq,alpha
D172444_92,celseq,alpha
D172444_93,celseq,alpha
D17All1_1,celseq,alpha
D17All1_4,celseq,alpha
D17All1_8,celseq,alpha
D17All1_10,celseq,alpha
D17All1_27,celseq,alpha
D17All1_30,celseq,alpha
D17All1_42,celseq,alpha
D17All1_43,celseq,alpha
D17All1_46,celseq,alpha
D17All1_49,celseq,alpha
D17All1_55,celseq,alpha
D17All1_57,celseq,alpha
D17All1_58,celseq,alpha
D17All1_62,celseq,alpha
D17All1_64,celseq,alpha
D17All1_73,celseq,alpha
D17All1_74,celseq,alpha
D17All1_88,celseq,alpha
D17All1_89,celseq,alpha
D17All1_93,celseq,alpha
D17All2_1,celseq,alpha
D17All2_6,celseq,alpha
D17All2_9,celseq,alpha
D17All2_11,celseq,alpha
D17All2_15,celseq,alpha
D17All2_16,celseq,alpha
D17All2_17,celseq,alpha
D17All2_24,celseq,alpha
D17All2_27,celseq,alpha
D17All2_32,celseq,alpha
D17All2_37,celseq,alpha
D17All2_39,celseq,alpha
D17All2_40,celseq,alpha
D17All2_43,celseq,alpha
D17All2_44,celseq,alpha
D17All2_45,celseq,alpha
D17All2_47,celseq,alpha
D17All2_52,celseq,alpha
D17All2_62,celseq,alpha
D17All2_74,celseq,alpha
D17All2_80,celseq,alpha
D17All2_84,celseq,alpha
D17TGFB_1,celseq,alpha
D17TGFB_2,celseq,alpha
D17TGFB_11,celseq,alpha
D17TGFB_13,celseq,alpha
D17TGFB_15,celseq,alpha
D17TGFB_20,celseq,alpha
D17TGFB_35,celseq,alpha
D17TGFB_40,celseq,alpha
D17TGFB_42,celseq,alpha
D17TGFB_48,celseq,alpha
D17TGFB_52,celseq,alpha
D17TGFB_53,celseq,alpha
D17TGFB_63,celseq,alpha
D17TGFB_65,celseq,alpha
D17TGFB_69,celseq,alpha
D17TGFB_70,celseq,alpha
D17TGFB_73,celseq,alpha
D17TGFB_75,celseq,alpha
D17TGFB_78,celseq,alpha
D17TGFB_82,celseq,alpha
D17TGFB_90,celseq,alpha
D17TGFB_91,celseq,alpha
D17TGFB_94,celseq,alpha
D17TGFB_95,celseq,alpha
D3en2_58,celseq,alpha
D3en4_22,celseq,alpha
D3en4_47,celseq,alpha
D3en4_71,celseq,alpha
D3en4_91,celseq,alpha
D71_3,celseq,alpha
D71_20,celseq,alpha
D71_37,celseq,alpha
D71_40,celseq,alpha
D71_43,celseq,alpha
D71_58,celseq,alpha
D71_76,celseq,alpha
D71_93,celseq,alpha
D72_2,celseq,alpha
D72_8,celseq,alpha
D72_10,celseq,alpha
D72_47,celseq,alpha
D72_54,celseq,alpha
D72_67,celseq,alpha
D72_85,celseq,alpha
D72_88,celseq,alpha
D72_91,celseq,alpha
D72_92,celseq,alpha
D73_1,celseq,alpha
D73_3,celseq,alpha
D73_6,celseq,alpha
D73_10,celseq,alpha
D73_14,celseq,alpha
D73_17,celseq,alpha
D73_31,celseq,alpha
D73_32,celseq,alpha
D73_33,celseq,alpha
D73_36,celseq,alpha
D73_41,celseq,alpha
D73_58,celseq,alpha
D73_59,celseq,alpha
D73_69,celseq,alpha
D73_79,celseq,alpha
D73_81,celseq,alpha
D74_8,celseq,alpha
D74_29,celseq,alpha
D74_32,celseq,alpha
D74_41,celseq,alpha
D74_42,celseq,alpha
D74_52,celseq,alpha
D74_55,celseq,alpha
D74_56,celseq,alpha
D74_57,celseq,alpha
D74_67,celseq,alpha
D74_68,celseq,alpha
D74_70,celseq,alpha
D74_75,celseq,alpha
D74_85,celseq,alpha
D74_87,celseq,alpha
D74_88,celseq,alpha
D74_95,celseq,alpha
D28-1_1,celseq2,alpha
D28-1_15,celseq2,alpha
D28-1_17,celseq2,alpha
D28-1_29,celseq2,alpha
D28-1_30,celseq2,alpha
D28-1_39,celseq2,alpha
D28-1_40,celseq2,alpha
D28-1_41,celseq2,alpha
D28-1_51,celseq2,alpha
D28-1_63,celseq2,alpha
D28-1_65,celseq2,alpha
D28-1_75,celseq2,alpha
D28-1_88,celseq2,alpha
D28-2_2,celseq2,alpha
D28-2_5,celseq2,alpha
D28-2_28,celseq2,alpha
D28-2_43,celseq2,alpha
D28-2_51,celseq2,alpha
D28-2_52,celseq2,alpha
D28-2_65,celseq2,alpha
D28-2_68,celseq2,alpha
D28-2_85,celseq2,alpha
D28-2_90,celseq2,alpha
D28-3_3,celseq2,alpha
D28-3_5,celseq2,alpha
D28-3_7,celseq2,alpha
D28-3_8,celseq2,alpha
D28-3_13,celseq2,alpha
D28-3_15,celseq2,alpha
D28-3_38,celseq2,alpha
D28-3_40,celseq2,alpha
D28-3_42,celseq2,alpha
D28-3_50,celseq2,alpha
D28-3_55,celseq2,alpha
D28-3_64,celseq2,alpha
D28-3_68,celseq2,alpha
D28-3_69,celseq2,alpha
D28-3_76,celseq2,alpha
D28-3_79,celseq2,alpha
D28-3_92,celseq2,alpha
D28-4_13,celseq2,alpha
D28-4_15,celseq2,alpha
D28-4_27,celseq2,alpha
D28-4_29,celseq2,alpha
D28-4_30,celseq2,alpha
D28-4_37,celseq2,alpha
D28-4_39,celseq2,alpha
D28-4_41,celseq2,alpha
D28-4_56,celseq2,alpha
D28-4_62,celseq2,alpha
D28-4_65,celseq2,alpha
D28-4_76,celseq2,alpha
D28-4_87,celseq2,alpha
D28-5_13,celseq2,alpha
D28-5_14,celseq2,alpha
D28-5_15,celseq2,alpha
D28-5_40,celseq2,alpha
D28-5_41,celseq2,alpha
D28-5_50,celseq2,alpha
D28-5_52,celseq2,alpha
D28-5_64,celseq2,alpha
D28-5_65,celseq2,alpha
D28-5_74,celseq2,alpha
D28-5_86,celseq2,alpha
D28-5_87,celseq2,alpha
D28-6_13,celseq2,alpha
D28-6_29,celseq2,alpha
D28-6_37,celseq2,alpha
D28-6_52,celseq2,alpha
D28-6_65,celseq2,alpha
D28-6_77,celseq2,alpha
D28-6_88,celseq2,alpha
D28-7_3,celseq2,alpha
D28-7_5,celseq2,alpha
D28-7_7,celseq2,alpha
D28-7_13,celseq2,alpha
D28-7_16,celseq2,alpha
D28-7_19,celseq2,alpha
D28-7_49,celseq2,alpha
D28-7_53,celseq2,alpha
D28-7_61,celseq2,alpha
D28-7_63,celseq2,alpha
D28-7_65,celseq2,alpha
D28-7_66,celseq2,alpha
D28-7_77,celseq2,alpha
D28-8_2,celseq2,alpha
D28-8_5,celseq2,alpha
D28-8_14,celseq2,alpha
D28-8_15,celseq2,alpha
D28-8_18,celseq2,alpha
D28-8_25,celseq2,alpha
D28-8_27,celseq2,alpha
D28-8_41,celseq2,alpha
D28-8_74,celseq2,alpha
D28-8_86,celseq2,alpha
D29-1_1,celseq2,alpha
D29-1_6,celseq2,alpha
D29-1_7,celseq2,alpha
D29-1_11,celseq2,alpha
D29-1_13,celseq2,alpha
D29-1_17,celseq2,alpha
D29-1_18,celseq2,alpha
D29-1_19,celseq2,alpha
D29-1_20,celseq2,alpha
D29-1_26,celseq2,alpha
D29-1_27,celseq2,alpha
D29-1_29,celseq2,alpha
D29-1_32,celseq2,alpha
D29-1_34,celseq2,alpha
D29-1_37,celseq2,alpha
D29-1_38,celseq2,alpha
D29-1_41,celseq2,alpha
D29-1_44,celseq2,alpha
D29-1_46,celseq2,alpha
D29-1_47,celseq2,alpha
D29-1_50,celseq2,alpha
D29-1_51,celseq2,alpha
D29-1_55,celseq2,alpha
D29-1_59,celseq2,alpha
D29-1_60,celseq2,alpha
D29-1_62,celseq2,alpha
D29-1_69,celseq2,alpha
D29-1_76,celseq2,alpha
D29-1_80,celseq2,alpha
D29-1_87,celseq2,alpha
D29-1_89,celseq2,alpha
D29-2_3,celseq2,alpha
D29-2_6,celseq2,alpha
D29-2_8,celseq2,alpha
D29-2_13,celseq2,alpha
D29-2_15,celseq2,alpha
D29-2_22,celseq2,alpha
D29-2_25,celseq2,alpha
D29-2_28,celseq2,alpha
D29-2_31,celseq2,alpha
D29-2_33,celseq2,alpha
D29-2_35,celseq2,alpha
D29-2_37,celseq2,alpha
D29-2_38,celseq2,alpha
D29-2_39,celseq2,alpha
D29-2_41,celseq2,alpha
D29-2_45,celseq2,alpha
D29-2_48,celseq2,alpha
D29-2_51,celseq2,alpha
D29-2_52,celseq2,alpha
D29-2_67,celseq2,alpha
D29-2_69,celseq2,alpha
D29-2_71,celseq2,alpha
D29-2_74,celseq2,alpha
D29-2_75,celseq2,alpha
D29-2_76,celseq2,alpha
D29-2_84,celseq2,alpha
D29-2_90,celseq2,alpha
D29-2_91,celseq2,alpha
D29-2_93,celseq2,alpha
D29-2_94,celseq2,alpha
D29-3_3,celseq2,alpha
D29-3_18,celseq2,alpha
D29-3_22,celseq2,alpha
D29-3_25,celseq2,alpha
D29-3_29,celseq2,alpha
D29-3_30,celseq2,alpha
D29-3_31,celseq2,alpha
D29-3_33,celseq2,alpha
D29-3_34,celseq2,alpha
D29-3_38,celseq2,alpha
D29-3_40,celseq2,alpha
D29-3_42,celseq2,alpha
D29-3_47,celseq2,alpha
D29-3_49,celseq2,alpha
D29-3_53,celseq2,alpha
D29-3_54,celseq2,alpha
D29-3_56,celseq2,alpha
D29-3_60,celseq2,alpha
D29-3_66,celseq2,alpha
D29-3_72,celseq2,alpha
D29-3_74,celseq2,alpha
D29-3_76,celseq2,alpha
D29-3_77,celseq2,alpha
D29-3_79,celseq2,alpha
D29-3_81,celseq2,alpha
D29-3_84,celseq2,alpha
D29-3_92,celseq2,alpha
D29-3_93,celseq2,alpha
D29-4_2,celseq2,alpha
D29-4_5,celseq2,alpha
D29-4_8,celseq2,alpha
D29-4_9,celseq2,alpha
D29-4_12,celseq2,alpha
D29-4_13,celseq2,alpha
D29-4_15,celseq2,alpha
D29-4_16,celseq2,alpha
D29-4_18,celseq2,alpha
D29-4_22,celseq2,alpha
D29-4_25,celseq2,alpha
D29-4_26,celseq2,alpha
D29-4_28,celseq2,alpha
D29-4_29,celseq2,alpha
D29-4_30,celseq2,alpha
D29-4_33,celseq2,alpha
D29-4_34,celseq2,alpha
D29-4_35,celseq2,alpha
D29-4_38,celseq2,alpha
D29-4_46,celseq2,alpha
D29-4_49,celseq2,alpha
D29-4_50,celseq2,alpha
D29-4_51,celseq2,alpha
D29-4_53,celseq2,alpha
D29-4_55,celseq2,alpha
D29-4_56,celseq2,alpha
D29-4_57,celseq2,alpha
D29-4_58,celseq2,alpha
D29-4_60,celseq2,alpha
D29-4_61,celseq2,alpha
D29-4_62,celseq2,alpha
D29-4_65,celseq2,alpha
D29-4_66,celseq2,alpha
D29-4_68,celseq2,alpha
D29-4_70,celseq2,alpha
D29-4_72,celseq2,alpha
D29-4_74,celseq2,alpha
D29-4_75,celseq2,alpha
D29-4_77,celseq2,alpha
D29-4_80,celseq2,alpha
D29-4_82,celseq2,alpha
D29-4_85,celseq2,alpha
D29-4_93,celseq2,alpha
D29-5_3,celseq2,alpha
D29-5_5,celseq2,alpha
D29-5_7,celseq2,alpha
D29-5_8,celseq2,alpha
D29-5_11,celseq2,alpha
D29-5_17,celseq2,alpha
D29-5_18,celseq2,alpha
D29-5_19,celseq2,alpha
D29-5_24,celseq2,alpha
D29-5_31,celseq2,alpha
D29-5_33,celseq2,alpha
D29-5_35,celseq2,alpha
D29-5_39,celseq2,alpha
D29-5_43,celseq2,alpha
D29-5_44,celseq2,alpha
D29-5_46,celseq2,alpha
D29-5_49,celseq2,alpha
D29-5_54,celseq2,alpha
D29-5_56,celseq2,alpha
D29-5_57,celseq2,alpha
D29-5_59,celseq2,alpha
D29-5_65,celseq2,alpha
D29-5_67,celseq2,alpha
D29-5_68,celseq2,alpha
D29-5_71,celseq2,alpha
D29-5_75,celseq2,alpha
D29-5_82,celseq2,alpha
D29-5_87,celseq2,alpha
D29-5_92,celseq2,alpha
D29-6_1,celseq2,alpha
D29-6_8,celseq2,alpha
D29-6_17,celseq2,alpha
D29-6_19,celseq2,alpha
D29-6_21,celseq2,alpha
D29-6_24,celseq2,alpha
D29-6_26,celseq2,alpha
D29-6_27,celseq2,alpha
D29-6_29,celseq2,alpha
D29-6_34,celseq2,alpha
D29-6_38,celseq2,alpha
D29-6_40,celseq2,alpha
D29-6_41,celseq2,alpha
D29-6_42,celseq2,alpha
D29-6_48,celseq2,alpha
D29-6_51,celseq2,alpha
D29-6_52,celseq2,alpha
D29-6_53,celseq2,alpha
D29-6_54,celseq2,alpha
D29-6_57,celseq2,alpha
D29-6_58,celseq2,alpha
D29-6_60,celseq2,alpha
D29-6_64,celseq2,alpha
D29-6_65,celseq2,alpha
D29-6_69,celseq2,alpha
D29-6_78,celseq2,alpha
D29-6_82,celseq2,alpha
D29-6_83,celseq2,alpha
D29-6_84,celseq2,alpha
D29-6_86,celseq2,alpha
D29-6_89,celseq2,alpha
D29-6_90,celseq2,alpha
D29-6_91,celseq2,alpha
D29-6_94,celseq2,alpha
D29-7_1,celseq2,alpha
D29-7_6,celseq2,alpha
D29-7_25,celseq2,alpha
D29-7_32,celseq2,alpha
D29-7_33,celseq2,alpha
D29-7_38,celseq2,alpha
D29-7_43,celseq2,alpha
D29-7_44,celseq2,alpha
D29-7_46,celseq2,alpha
D29-7_47,celseq2,alpha
D29-7_50,celseq2,alpha
D29-7_51,celseq2,alpha
D29-7_55,celseq2,alpha
D29-7_56,celseq2,alpha
D29-7_57,celseq2,alpha
D29-7_59,celseq2,alpha
D29-7_64,celseq2,alpha
D29-7_65,celseq2,alpha
D29-7_70,celseq2,alpha
D29-7_72,celseq2,alpha
D29-7_73,celseq2,alpha
D29-7_76,celseq2,alpha
D29-7_80,celseq2,alpha
D29-7_82,celseq2,alpha
D29-7_84,celseq2,alpha
D29-7_85,celseq2,alpha
D29-7_90,celseq2,alpha
D29-7_92,celseq2,alpha
D29-8_2,celseq2,alpha
D29-8_7,celseq2,alpha
D29-8_14,celseq2,alpha
D29-8_15,celseq2,alpha
D29-8_18,celseq2,alpha
D29-8_20,celseq2,alpha
D29-8_24,celseq2,alpha
D29-8_25,celseq2,alpha
D29-8_27,celseq2,alpha
D29-8_29,celseq2,alpha
D29-8_30,celseq2,alpha
D29-8_32,celseq2,alpha
D29-8_33,celseq2,alpha
D29-8_39,celseq2,alpha
D29-8_45,celseq2,alpha
D29-8_51,celseq2,alpha
D29-8_55,celseq2,alpha
D29-8_56,celseq2,alpha
D29-8_59,celseq2,alpha
D29-8_60,celseq2,alpha
D29-8_64,celseq2,alpha
D29-8_65,celseq2,alpha
D29-8_66,celseq2,alpha
D29-8_76,celseq2,alpha
D29-8_77,celseq2,alpha
D29-8_82,celseq2,alpha
D29-8_84,celseq2,alpha
D29-8_86,celseq2,alpha
D30-1_4,celseq2,alpha
D30-1_7,celseq2,alpha
D30-1_9,celseq2,alpha
D30-1_10,celseq2,alpha
D30-1_15,celseq2,alpha
D30-1_16,celseq2,alpha
D30-1_17,celseq2,alpha
D30-1_21,celseq2,alpha
D30-1_23,celseq2,alpha
D30-1_24,celseq2,alpha
D30-1_27,celseq2,alpha
D30-1_28,celseq2,alpha
D30-1_35,celseq2,alpha
D30-1_37,celseq2,alpha
D30-1_38,celseq2,alpha
D30-1_40,celseq2,alpha
D30-1_47,celseq2,alpha
D30-1_49,celseq2,alpha
D30-1_52,celseq2,alpha
D30-1_54,celseq2,alpha
D30-1_56,celseq2,alpha
D30-1_58,celseq2,alpha
D30-1_59,celseq2,alpha
D30-1_60,celseq2,alpha
D30-1_71,celseq2,alpha
D30-1_73,celseq2,alpha
D30-1_75,celseq2,alpha
D30-1_81,celseq2,alpha
D30-1_82,celseq2,alpha
D30-1_84,celseq2,alpha
D30-1_86,celseq2,alpha
D30-1_87,celseq2,alpha
D30-1_90,celseq2,alpha
D30-2_2,celseq2,alpha
D30-2_5,celseq2,alpha
D30-2_10,celseq2,alpha
D30-2_12,celseq2,alpha
D30-2_13,celseq2,alpha
D30-2_14,celseq2,alpha
D30-2_15,celseq2,alpha
D30-2_16,celseq2,alpha
D30-2_18,celseq2,alpha
D30-2_19,celseq2,alpha
D30-2_21,celseq2,alpha
D30-2_23,celseq2,alpha
D30-2_24,celseq2,alpha
D30-2_25,celseq2,alpha
D30-2_28,celseq2,alpha
D30-2_31,celseq2,alpha
D30-2_34,celseq2,alpha
D30-2_37,celseq2,alpha
D30-2_47,celseq2,alpha
D30-2_60,celseq2,alpha
D30-2_62,celseq2,alpha
D30-2_65,celseq2,alpha
D30-2_67,celseq2,alpha
D30-2_68,celseq2,alpha
D30-2_70,celseq2,alpha
D30-2_72,celseq2,alpha
D30-2_73,celseq2,alpha
D30-2_78,celseq2,alpha
D30-2_80,celseq2,alpha
D30-2_81,celseq2,alpha
D30-2_85,celseq2,alpha
D30-2_86,celseq2,alpha
D30-2_88,celseq2,alpha
D30-2_91,celseq2,alpha
D30-2_94,celseq2,alpha
D30-3_1,celseq2,alpha
D30-3_4,celseq2,alpha
D30-3_5,celseq2,alpha
D30-3_7,celseq2,alpha
D30-3_11,celseq2,alpha
D30-3_16,celseq2,alpha
D30-3_19,celseq2,alpha
D30-3_20,celseq2,alpha
D30-3_25,celseq2,alpha
D30-3_26,celseq2,alpha
D30-3_27,celseq2,alpha
D30-3_28,celseq2,alpha
D30-3_29,celseq2,alpha
D30-3_30,celseq2,alpha
D30-3_31,celseq2,alpha
D30-3_33,celseq2,alpha
D30-3_34,celseq2,alpha
D30-3_35,celseq2,alpha
D30-3_37,celseq2,alpha
D30-3_40,celseq2,alpha
D30-3_41,celseq2,alpha
D30-3_42,celseq2,alpha
D30-3_44,celseq2,alpha
D30-3_46,celseq2,alpha
D30-3_47,celseq2,alpha
D30-3_48,celseq2,alpha
D30-3_50,celseq2,alpha
D30-3_57,celseq2,alpha
D30-3_60,celseq2,alpha
D30-3_64,celseq2,alpha
D30-3_65,celseq2,alpha
D30-3_68,celseq2,alpha
D30-3_70,celseq2,alpha
D30-3_73,celseq2,alpha
D30-3_74,celseq2,alpha
D30-3_79,celseq2,alpha
D30-3_80,celseq2,alpha
D30-3_86,celseq2,alpha
D30-3_88,celseq2,alpha
D30-3_92,celseq2,alpha
D30-3_93,celseq2,alpha
D30-4_3,celseq2,alpha
D30-4_6,celseq2,alpha
D30-4_11,celseq2,alpha
D30-4_12,celseq2,alpha
D30-4_19,celseq2,alpha
D30-4_21,celseq2,alpha
D30-4_24,celseq2,alpha
D30-4_25,celseq2,alpha
D30-4_29,celseq2,alpha
D30-4_32,celseq2,alpha
D30-4_36,celseq2,alpha
D30-4_37,celseq2,alpha
D30-4_39,celseq2,alpha
D30-4_40,celseq2,alpha
D30-4_41,celseq2,alpha
D30-4_43,celseq2,alpha
D30-4_47,celseq2,alpha
D30-4_49,celseq2,alpha
D30-4_50,celseq2,alpha
D30-4_52,celseq2,alpha
D30-4_54,celseq2,alpha
D30-4_60,celseq2,alpha
D30-4_63,celseq2,alpha
D30-4_66,celseq2,alpha
D30-4_68,celseq2,alpha
D30-4_69,celseq2,alpha
D30-4_73,celseq2,alpha
D30-4_74,celseq2,alpha
D30-4_75,celseq2,alpha
D30-4_77,celseq2,alpha
D30-4_85,celseq2,alpha
D30-4_86,celseq2,alpha
D30-4_87,celseq2,alpha
D30-4_88,celseq2,alpha
D30-4_94,celseq2,alpha
D30-5_8,celseq2,alpha
D30-5_10,celseq2,alpha
D30-5_13,celseq2,alpha
D30-5_14,celseq2,alpha
D30-5_20,celseq2,alpha
D30-5_23,celseq2,alpha
D30-5_24,celseq2,alpha
D30-5_26,celseq2,alpha
D30-5_27,celseq2,alpha
D30-5_28,celseq2,alpha
D30-5_33,celseq2,alpha
D30-5_37,celseq2,alpha
D30-5_39,celseq2,alpha
D30-5_43,celseq2,alpha
D30-5_48,celseq2,alpha
D30-5_51,celseq2,alpha
D30-5_53,celseq2,alpha
D30-5_54,celseq2,alpha
D30-5_55,celseq2,alpha
D30-5_62,celseq2,alpha
D30-5_63,celseq2,alpha
D30-5_65,celseq2,alpha
D30-5_66,celseq2,alpha
D30-5_67,celseq2,alpha
D30-5_70,celseq2,alpha
D30-5_71,celseq2,alpha
D30-5_73,celseq2,alpha
D30-5_75,celseq2,alpha
D30-5_83,celseq2,alpha
D30-5_84,celseq2,alpha
D30-5_88,celseq2,alpha
D30-5_92,celseq2,alpha
D30-5_93,celseq2,alpha
D30-5_94,celseq2,alpha
D30-6_1,celseq2,alpha
D30-6_2,celseq2,alpha
D30-6_4,celseq2,alpha
D30-6_7,celseq2,alpha
D30-6_16,celseq2,alpha
D30-6_19,celseq2,alpha
D30-6_22,celseq2,alpha
D30-6_24,celseq2,alpha
D30-6_26,celseq2,alpha
D30-6_28,celseq2,alpha
D30-6_30,celseq2,alpha
D30-6_31,celseq2,alpha
D30-6_32,celseq2,alpha
D30-6_33,celseq2,alpha
D30-6_36,celseq2,alpha
D30-6_39,celseq2,alpha
D30-6_41,celseq2,alpha
D30-6_42,celseq2,alpha
D30-6_45,celseq2,alpha
D30-6_46,celseq2,alpha
D30-6_50,celseq2,alpha
D30-6_51,celseq2,alpha
D30-6_55,celseq2,alpha
D30-6_62,celseq2,alpha
D30-6_63,celseq2,alpha
D30-6_66,celseq2,alpha
D30-6_67,celseq2,alpha
D30-6_70,celseq2,alpha
D30-6_71,celseq2,alpha
D30-6_72,celseq2,alpha
D30-6_74,celseq2,alpha
D30-6_75,celseq2,alpha
D30-6_81,celseq2,alpha
D30-6_82,celseq2,alpha
D30-6_85,celseq2,alpha
D30-6_87,celseq2,alpha
D30-6_88,celseq2,alpha
D30-6_89,celseq2,alpha
D30-6_91,celseq2,alpha
D30-7_2,celseq2,alpha
D30-7_5,celseq2,alpha
D30-7_6,celseq2,alpha
D30-7_8,celseq2,alpha
D30-7_9,celseq2,alpha
D30-7_10,celseq2,alpha
D30-7_12,celseq2,alpha
D30-7_14,celseq2,alpha
D30-7_16,celseq2,alpha
D30-7_18,celseq2,alpha
D30-7_25,celseq2,alpha
D30-7_26,celseq2,alpha
D30-7_36,celseq2,alpha
D30-7_40,celseq2,alpha
D30-7_41,celseq2,alpha
D30-7_42,celseq2,alpha
D30-7_43,celseq2,alpha
D30-7_45,celseq2,alpha
D30-7_47,celseq2,alpha
D30-7_49,celseq2,alpha
D30-7_52,celseq2,alpha
D30-7_57,celseq2,alpha
D30-7_60,celseq2,alpha
D30-7_61,celseq2,alpha
D30-7_64,celseq2,alpha
D30-7_65,celseq2,alpha
D30-7_66,celseq2,alpha
D30-7_67,celseq2,alpha
D30-7_68,celseq2,alpha
D30-7_71,celseq2,alpha
D30-7_73,celseq2,alpha
D30-7_75,celseq2,alpha
D30-7_77,celseq2,alpha
D30-7_78,celseq2,alpha
D30-7_87,celseq2,alpha
D30-7_92,celseq2,alpha
D30-7_93,celseq2,alpha
D30-8_1,celseq2,alpha
D30-8_2,celseq2,alpha
D30-8_5,celseq2,alpha
D30-8_7,celseq2,alpha
D30-8_10,celseq2,alpha
D30-8_11,celseq2,alpha
D30-8_13,celseq2,alpha
D30-8_19,celseq2,alpha
D30-8_20,celseq2,alpha
D30-8_23,celseq2,alpha
D30-8_26,celseq2,alpha
D30-8_28,celseq2,alpha
D30-8_31,celseq2,alpha
D30-8_39,celseq2,alpha
D30-8_43,celseq2,alpha
D30-8_44,celseq2,alpha
D30-8_47,celseq2,alpha
D30-8_48,celseq2,alpha
D30-8_52,celseq2,alpha
D30-8_53,celseq2,alpha
D30-8_54,celseq2,alpha
D30-8_64,celseq2,alpha
D30-8_67,celseq2,alpha
D30-8_70,celseq2,alpha
D30-8_71,celseq2,alpha
D30-8_75,celseq2,alpha
D30-8_76,celseq2,alpha
D30-8_77,celseq2,alpha
D30-8_78,celseq2,alpha
D30-8_79,celseq2,alpha
D30-8_83,celseq2,alpha
D30-8_89,celseq2,alpha
D30-8_90,celseq2,alpha
D30-8_92,celseq2,alpha
D31-1_2,celseq2,alpha
D31-1_4,celseq2,alpha
D31-1_8,celseq2,alpha
D31-1_17,celseq2,alpha
D31-1_24,celseq2,alpha
D31-1_32,celseq2,alpha
D31-1_35,celseq2,alpha
D31-1_36,celseq2,alpha
D31-1_40,celseq2,alpha
D31-1_42,celseq2,alpha
D31-1_43,celseq2,alpha
D31-1_46,celseq2,alpha
D31-1_49,celseq2,alpha
D31-1_52,celseq2,alpha
D31-1_59,celseq2,alpha
D31-1_60,celseq2,alpha
D31-1_61,celseq2,alpha
D31-1_64,celseq2,alpha
D31-1_66,celseq2,alpha
D31-1_67,celseq2,alpha
D31-1_69,celseq2,alpha
D31-1_75,celseq2,alpha
D31-1_78,celseq2,alpha
D31-1_85,celseq2,alpha
D31-1_87,celseq2,alpha
D31-1_89,celseq2,alpha
D31-1_91,celseq2,alpha
D31-1_92,celseq2,alpha
D31-2_2,celseq2,alpha
D31-2_7,celseq2,alpha
D31-2_9,celseq2,alpha
D31-2_11,celseq2,alpha
D31-2_13,celseq2,alpha
D31-2_14,celseq2,alpha
D31-2_22,celseq2,alpha
D31-2_31,celseq2,alpha
D31-2_32,celseq2,alpha
D31-2_33,celseq2,alpha
D31-2_39,celseq2,alpha
D31-2_44,celseq2,alpha
D31-2_45,celseq2,alpha
D31-2_50,celseq2,alpha
D31-2_56,celseq2,alpha
D31-2_57,celseq2,alpha
D31-2_63,celseq2,alpha
D31-2_64,celseq2,alpha
D31-2_67,celseq2,alpha
D31-2_74,celseq2,alpha
D31-2_81,celseq2,alpha
D31-2_82,celseq2,alpha
D31-2_89,celseq2,alpha
D31-2_93,celseq2,alpha
D31-3_2,celseq2,alpha
D31-3_3,celseq2,alpha
D31-3_5,celseq2,alpha
D31-3_13,celseq2,alpha
D31-3_18,celseq2,alpha
D31-3_19,celseq2,alpha
D31-3_24,celseq2,alpha
D31-3_27,celseq2,alpha
D31-3_28,celseq2,alpha
D31-3_29,celseq2,alpha
D31-3_32,celseq2,alpha
D31-3_35,celseq2,alpha
D31-3_38,celseq2,alpha
D31-3_39,celseq2,alpha
D31-3_45,celseq2,alpha
D31-3_46,celseq2,alpha
D31-3_52,celseq2,alpha
D31-3_55,celseq2,alpha
D31-3_57,celseq2,alpha
D31-3_70,celseq2,alpha
D31-3_76,celseq2,alpha
D31-3_79,celseq2,alpha
D31-3_84,celseq2,alpha
D31-3_85,celseq2,alpha
D31-3_90,celseq2,alpha
D31-3_91,celseq2,alpha
D31-3_94,celseq2,alpha
D31-4_1,celseq2,alpha
D31-4_5,celseq2,alpha
D31-4_6,celseq2,alpha
D31-4_7,celseq2,alpha
D31-4_11,celseq2,alpha
D31-4_18,celseq2,alpha
D31-4_20,celseq2,alpha
D31-4_22,celseq2,alpha
D31-4_23,celseq2,alpha
D31-4_24,celseq2,alpha
D31-4_27,celseq2,alpha
D31-4_29,celseq2,alpha
D31-4_30,celseq2,alpha
D31-4_31,celseq2,alpha
D31-4_32,celseq2,alpha
D31-4_42,celseq2,alpha
D31-4_47,celseq2,alpha
D31-4_50,celseq2,alpha
D31-4_52,celseq2,alpha
D31-4_53,celseq2,alpha
D31-4_54,celseq2,alpha
D31-4_59,celseq2,alpha
D31-4_61,celseq2,alpha
D31-4_80,celseq2,alpha
D31-4_81,celseq2,alpha
D31-4_84,celseq2,alpha
D31-4_87,celseq2,alpha
D31-4_89,celseq2,alpha
D31-5_2,celseq2,alpha
D31-5_8,celseq2,alpha
D31-5_10,celseq2,alpha
D31-5_11,celseq2,alpha
D31-5_12,celseq2,alpha
D31-5_17,celseq2,alpha
D31-5_20,celseq2,alpha
D31-5_21,celseq2,alpha
D31-5_24,celseq2,alpha
D31-5_25,celseq2,alpha
D31-5_33,celseq2,alpha
D31-5_35,celseq2,alpha
D31-5_36,celseq2,alpha
D31-5_44,celseq2,alpha
D31-5_49,celseq2,alpha
D31-5_50,celseq2,alpha
D31-5_53,celseq2,alpha
D31-5_54,celseq2,alpha
D31-5_56,celseq2,alpha
D31-5_58,celseq2,alpha
D31-5_59,celseq2,alpha
D31-5_62,celseq2,alpha
D31-5_63,celseq2,alpha
D31-5_66,celseq2,alpha
D31-5_67,celseq2,alpha
D31-5_68,celseq2,alpha
D31-5_76,celseq2,alpha
D31-5_86,celseq2,alpha
D31-5_87,celseq2,alpha
D31-5_88,celseq2,alpha
D31-5_90,celseq2,alpha
D31-5_93,celseq2,alpha
D31-6_2,celseq2,alpha
D31-6_10,celseq2,alpha
D31-6_18,celseq2,alpha
D31-6_30,celseq2,alpha
D31-6_35,celseq2,alpha
D31-6_36,celseq2,alpha
D31-6_45,celseq2,alpha
D31-6_48,celseq2,alpha
D31-6_54,celseq2,alpha
D31-6_55,celseq2,alpha
D31-6_56,celseq2,alpha
D31-6_59,celseq2,alpha
D31-6_63,celseq2,alpha
D31-6_64,celseq2,alpha
D31-6_74,celseq2,alpha
D31-6_77,celseq2,alpha
D31-6_83,celseq2,alpha
D31-6_88,celseq2,alpha
D31-6_89,celseq2,alpha
D31-6_90,celseq2,alpha
D31-6_91,celseq2,alpha
D31-6_94,celseq2,alpha
D31-7_2,celseq2,alpha
D31-7_6,celseq2,alpha
D31-7_8,celseq2,alpha
D31-7_12,celseq2,alpha
D31-7_14,celseq2,alpha
D31-7_17,celseq2,alpha
D31-7_19,celseq2,alpha
D31-7_25,celseq2,alpha
D31-7_28,celseq2,alpha
D31-7_30,celseq2,alpha
D31-7_33,celseq2,alpha
D31-7_35,celseq2,alpha
D31-7_36,celseq2,alpha
D31-7_37,celseq2,alpha
D31-7_41,celseq2,alpha
D31-7_44,celseq2,alpha
D31-7_49,celseq2,alpha
D31-7_50,celseq2,alpha
D31-7_51,celseq2,alpha
D31-7_54,celseq2,alpha
D31-7_61,celseq2,alpha
D31-7_62,celseq2,alpha
D31-7_64,celseq2,alpha
D31-7_65,celseq2,alpha
D31-7_71,celseq2,alpha
D31-7_75,celseq2,alpha
D31-7_80,celseq2,alpha
D31-7_90,celseq2,alpha
D31-7_93,celseq2,alpha
D31-8_2,celseq2,alpha
D31-8_5,celseq2,alpha
D31-8_6,celseq2,alpha
D31-8_9,celseq2,alpha
D31-8_12,celseq2,alpha
D31-8_14,celseq2,alpha
D31-8_24,celseq2,alpha
D31-8_33,celseq2,alpha
D31-8_38,celseq2,alpha
D31-8_44,celseq2,alpha
D31-8_46,celseq2,alpha
D31-8_52,celseq2,alpha
D31-8_57,celseq2,alpha
D31-8_61,celseq2,alpha
D31-8_62,celseq2,alpha
D31-8_65,celseq2,alpha
D31-8_82,celseq2,alpha
D31-8_86,celseq2,alpha
D31-8_93,celseq2,alpha
10th_C16_S105,fluidigmc1,alpha
10th_C28_S91,fluidigmc1,alpha
10th_C30_S107,fluidigmc1,alpha
10th_C31_S48,fluidigmc1,alpha
10th_C34_S92,fluidigmc1,alpha
10th_C41_S101,fluidigmc1,alpha
10th_C43_S50,fluidigmc1,alpha
10th_C45_S66,fluidigmc1,alpha
10th_C50_S73,fluidigmc1,alpha
10th_C52_S110,fluidigmc1,alpha
10th_C53_S118,fluidigmc1,alpha
10th_C57_S81,fluidigmc1,alpha
10th_C5_S95,fluidigmc1,alpha
10th_C74_S76,fluidigmc1,alpha
10th_C90_S116,fluidigmc1,alpha
10th_C95_S123,fluidigmc1,alpha
10th_C96_S117,fluidigmc1,alpha
11th-C12_S47,fluidigmc1,alpha
11th-C36_S67,fluidigmc1,alpha
11th-C37_S6,fluidigmc1,alpha
11th-C57_S40,fluidigmc1,alpha
11th-C5_S54,fluidigmc1,alpha
11th-C61_S25,fluidigmc1,alpha
11th-C62_S33,fluidigmc1,alpha
11th-C67_S26,fluidigmc1,alpha
11th-C93_S30,fluidigmc1,alpha
12th-C11_S147,fluidigmc1,alpha
12th-C1_S195,fluidigmc1,alpha
12th-C20_S191,fluidigmc1,alpha
12th-C23_S149,fluidigmc1,alpha
12th-C28_S142,fluidigmc1,alpha
12th-C29_S150,fluidigmc1,alpha
12th-C37_S187,fluidigmc1,alpha
12th-C39_S201,fluidigmc1,alpha
12th-C50_S210,fluidigmc1,alpha
12th-C57_S218,fluidigmc1,alpha
12th-C58_S162,fluidigmc1,alpha
12th-C63_S219,fluidigmc1,alpha
12th-C71_S171,fluidigmc1,alpha
12th-C75_S206,fluidigmc1,alpha
12th-C80_S215,fluidigmc1,alpha
12th-C81_S207,fluidigmc1,alpha
12th-C95_S174,fluidigmc1,alpha
13th_C13_S149,fluidigmc1,alpha
13th_C18_S179,fluidigmc1,alpha
13th_C1_S147,fluidigmc1,alpha
13th_C20_S142,fluidigmc1,alpha
13th_C29_S188,fluidigmc1,alpha
13th_C31_S137,fluidigmc1,alpha
13th_C3_S132,fluidigmc1,alpha
13th_C4_S191,fluidigmc1,alpha
13th_C53_S205,fluidigmc1,alpha
13th_C54_S212,fluidigmc1,alpha
13th_C55_S156,fluidigmc1,alpha
13th_C60_S213,fluidigmc1,alpha
13th_C6_S177,fluidigmc1,alpha
13th_C76_S216,fluidigmc1,alpha
13th_C77_S209,fluidigmc1,alpha
13th_C79_S174,fluidigmc1,alpha
13th_C86_S168,fluidigmc1,alpha
13th_C88_S218,fluidigmc1,alpha
13th_C92_S169,fluidigmc1,alpha
13th_C93_S162,fluidigmc1,alpha
1st-C15_S3,fluidigmc1,alpha
1st-C18_S51,fluidigmc1,alpha
1st-C19_S20,fluidigmc1,alpha
1st-C20_S12,fluidigmc1,alpha
1st-C21_S4,fluidigmc1,alpha
1st-C50_S33,fluidigmc1,alpha
1st-C51_S41,fluidigmc1,alpha
1st-C53_S74,fluidigmc1,alpha
1st-C56_S34,fluidigmc1,alpha
1st-C57_S42,fluidigmc1,alpha
1st-C59_S77,fluidigmc1,alpha
1st-C62_S35,fluidigmc1,alpha
1st-C68_S36,fluidigmc1,alpha
1st-C71_S83,fluidigmc1,alpha
1st-C73_S45,fluidigmc1,alpha
1st-C74_S37,fluidigmc1,alpha
1st-C75_S29,fluidigmc1,alpha
1st-C78_S85,fluidigmc1,alpha
1st-C80_S38,fluidigmc1,alpha
1st-C8_S10,fluidigmc1,alpha
2nd-C11_S20,fluidigmc1,alpha
2nd-C16_S33,fluidigmc1,alpha
2nd-C1_S3,fluidigmc1,alpha
2nd-C26_S50,fluidigmc1,alpha
2nd-C28_S55,fluidigmc1,alpha
2nd-C29_S56,fluidigmc1,alpha
2nd-C31_S61,fluidigmc1,alpha
2nd-C36_S69,fluidigmc1,alpha
2nd-C39_S75,fluidigmc1,alpha
2nd-C3_S1,fluidigmc1,alpha
2nd-C47_S92,fluidigmc1,alpha
2nd-C4_S9,fluidigmc1,alpha
2nd-C57_S18,fluidigmc1,alpha
2nd-C58_S22,fluidigmc1,alpha
2nd-C67_S40,fluidigmc1,alpha
2nd-C69_S42,fluidigmc1,alpha
2nd-C6_S7,fluidigmc1,alpha
2nd-C74_S53,fluidigmc1,alpha
2nd-C75_S52,fluidigmc1,alpha
2nd-C77_S59,fluidigmc1,alpha
2nd-C80_S65,fluidigmc1,alpha
2nd-C83_S71,fluidigmc1,alpha
2nd-C8_S14,fluidigmc1,alpha
2nd-C94_S96,fluidigmc1,alpha
3rd-C12_S68,fluidigmc1,alpha
3rd-C18_S80,fluidigmc1,alpha
3rd-C21_S11,fluidigmc1,alpha
3rd-C23_S94,fluidigmc1,alpha
3rd-C26_S28,fluidigmc1,alpha
3rd-C27_S49,fluidigmc1,alpha
3rd-C32_S31,fluidigmc1,alpha
3rd-C3_S2,fluidigmc1,alpha
3rd-C46_S93,fluidigmc1,alpha
3rd-C49_S60,fluidigmc1,alpha
3rd-C52_S86,fluidigmc1,alpha
3rd-C57_S5,fluidigmc1,alpha
3rd-C61_S64,fluidigmc1,alpha
3rd-C63_S54,fluidigmc1,alpha
3rd-C67_S69,fluidigmc1,alpha
3rd-C69_S78,fluidigmc1,alpha
3rd-C76_S22,fluidigmc1,alpha
3rd-C79_S67,fluidigmc1,alpha
3rd-C7_S40,fluidigmc1,alpha
3rd-C85_S79,fluidigmc1,alpha
3rd-C85_S83,fluidigmc1,alpha
3rd-C91_S91,fluidigmc1,alpha
3rd-C95_S81,fluidigmc1,alpha
3rd-C9_S5,fluidigmc1,alpha
4th-C12_S19,fluidigmc1,alpha
4th-C18_S31,fluidigmc1,alpha
4th-C22_S45,fluidigmc1,alpha
4th-C23_S44,fluidigmc1,alpha
4th-C29_S56,fluidigmc1,alpha
4th-C33_S63,fluidigmc1,alpha
4th-C35_S68,fluidigmc1,alpha
4th-C36_S69,fluidigmc1,alpha
4th-C37_S73,fluidigmc1,alpha
4th-C40_S79,fluidigmc1,alpha
4th-C43_S85,fluidigmc1,alpha
4th-C4_S9,fluidigmc1,alpha
4th-C50_S5,fluidigmc1,alpha
4th-C51_S6,fluidigmc1,alpha
4th-C56_S17,fluidigmc1,alpha
4th-C57_S18,fluidigmc1,alpha
4th-C59_S23,fluidigmc1,alpha
4th-C62_S29,fluidigmc1,alpha
4th-C63_S30,fluidigmc1,alpha
4th-C64_S34,fluidigmc1,alpha
4th-C66_S36,fluidigmc1,alpha
4th-C68_S41,fluidigmc1,alpha
4th-C69_S42,fluidigmc1,alpha
4th-C73_S54,fluidigmc1,alpha
4th-C75_S52,fluidigmc1,alpha
4th-C79_S66,fluidigmc1,alpha
4th-C80_S65,fluidigmc1,alpha
4th-C82_S72,fluidigmc1,alpha
4th-C83_S71,fluidigmc1,alpha
4th-C86_S77,fluidigmc1,alpha
4th-C88_S84,fluidigmc1,alpha
4th-C92_S89,fluidigmc1,alpha
4th-C94_S96,fluidigmc1,alpha
4th-C96_S94,fluidigmc1,alpha
4th-C9_S13,fluidigmc1,alpha
5th-C21_S102,fluidigmc1,alpha
5th-C34_S108,fluidigmc1,alpha
5th-C59_S94,fluidigmc1,alpha
5th-C66_S101,fluidigmc1,alpha
5th-C68_S106,fluidigmc1,alpha
5th-C69_S107,fluidigmc1,alpha
5th-C6_S84,fluidigmc1,alpha
5th-C70_S103,fluidigmc1,alpha
5th-C74_S110,fluidigmc1,alpha
5th-C77_S107,fluidigmc1,alpha
5th-C7_S93,fluidigmc1,alpha
5th-C87_S119,fluidigmc1,alpha
5th-C92_S124,fluidigmc1,alpha
6th-C21_S33,fluidigmc1,alpha
6th-C34_S61,fluidigmc1,alpha
6th-C45_S81,fluidigmc1,alpha
6th-C53_S10,fluidigmc1,alpha
6th-C5_S8,fluidigmc1,alpha
6th-C65_S31,fluidigmc1,alpha
6th-C83_S65,fluidigmc1,alpha
6th-C87_S70,fluidigmc1,alpha
6th-C9_S12,fluidigmc1,alpha
7th-C11_S18,fluidigmc1,alpha
7th-C14_S24,fluidigmc1,alpha
7th-C32_S54,fluidigmc1,alpha
7th-C34_S59,fluidigmc1,alpha
7th-C36_S61,fluidigmc1,alpha
7th-C49_S4,fluidigmc1,alpha
7th-C58_S20,fluidigmc1,alpha
7th-C69_S39,fluidigmc1,alpha
7th-C79_S58,fluidigmc1,alpha
7th-C85_S69,fluidigmc1,alpha
8th-C11_S99,fluidigmc1,alpha
8th-C20_S116,fluidigmc1,alpha
8th-C21_S115,fluidigmc1,alpha
8th-C23_S121,fluidigmc1,alpha
8th-C26_S126,fluidigmc1,alpha
8th-C28_S131,fluidigmc1,alpha
8th-C34_S141,fluidigmc1,alpha
8th-C37_S146,fluidigmc1,alpha
8th-C55_S96,fluidigmc1,alpha
8th-C57_S98,fluidigmc1,alpha
8th-C58_S101,fluidigmc1,alpha
8th-C59_S102,fluidigmc1,alpha
8th-C64_S112,fluidigmc1,alpha
8th-C74_S129,fluidigmc1,alpha
8th-C79_S140,fluidigmc1,alpha
8th-C7_S95,fluidigmc1,alpha
8th-C85_S150,fluidigmc1,alpha
8th-C90_S152,fluidigmc1,alpha
8th-C94_S162,fluidigmc1,alpha
8th-C95_S161,fluidigmc1,alpha
9th-C15_S22,fluidigmc1,alpha
9th-C17_S29,fluidigmc1,alpha
9th-C19_S36,fluidigmc1,alpha
9th-C20_S35,fluidigmc1,alpha
9th-C29_S51,fluidigmc1,alpha
9th-C30_S52,fluidigmc1,alpha
9th-C40_S69,fluidigmc1,alpha
9th-C49_S4,fluidigmc1,alpha
9th-C52_S10,fluidigmc1,alpha
9th-C62_S26,fluidigmc1,alpha
9th-C64_S31,fluidigmc1,alpha
9th-C67_S37,fluidigmc1,alpha
9th-C74_S48,fluidigmc1,alpha
9th-C75_S47,fluidigmc1,alpha
9th-C77_S53,fluidigmc1,alpha
9th-C80_S56,fluidigmc1,alpha
9th-C83_S61,fluidigmc1,alpha
9th-C85_S68,fluidigmc1,alpha
9th-C87_S66,fluidigmc1,alpha
9th-C92_S77,fluidigmc1,alpha
9th-C9_S13,fluidigmc1,alpha
AZ_B9,smartseq2,alpha
AZ_A6,smartseq2,alpha
AZ_C1,smartseq2,alpha
AZ_A11,smartseq2,alpha
AZ_C2,smartseq2,alpha
AZ_B11,smartseq2,alpha
AZ_B12,smartseq2,alpha
AZ_B2,smartseq2,alpha
AZ_B3,smartseq2,alpha
AZ_B5,smartseq2,alpha
AZ_E12,smartseq2,alpha
AZ_D3,smartseq2,alpha
AZ_E4,smartseq2,alpha
AZ_G4,smartseq2,alpha
AZ_G3,smartseq2,alpha
AZ_D9,smartseq2,alpha
AZ_E2,smartseq2,alpha
AZ_C8,smartseq2,alpha
AZ_E5,smartseq2,alpha
AZ_F4,smartseq2,alpha
AZ_C5,smartseq2,alpha
AZ_D7,smartseq2,alpha
AZ_D4,smartseq2,alpha
AZ_E8,smartseq2,alpha
AZ_F8,smartseq2,alpha
AZ_G1,smartseq2,alpha
AZ_E9,smartseq2,alpha
AZ_H9,smartseq2,alpha
HP1502401_J14,smartseq2,alpha
HP1502401_C14,smartseq2,alpha
HP1502401_M14,smartseq2,alpha
HP1502401_L13,smartseq2,alpha
HP1502401_H14,smartseq2,alpha
HP1502401_L21,smartseq2,alpha
HP1502401_K22,smartseq2,alpha
HP1502401_I22,smartseq2,alpha
HP1502401_F4,smartseq2,alpha
HP1502401_M15,smartseq2,alpha
HP1502401_A12,smartseq2,alpha
HP1502401_D5,smartseq2,alpha
HP1502401_M5,smartseq2,alpha
HP1502401_K17,smartseq2,alpha
HP1502401_H15,smartseq2,alpha
HP1502401_H8,smartseq2,alpha
HP1502401_N17,smartseq2,alpha
HP1502401_O2,smartseq2,alpha
HP1502401_J21,smartseq2,alpha
HP1502401_J8,smartseq2,alpha
HP1502401_N15,smartseq2,alpha
HP1502401_H7,smartseq2,alpha
HP1502401_O1,smartseq2,alpha
HP1502401_L3,smartseq2,alpha
HP1502401_J1,smartseq2,alpha
HP1502401_H3,smartseq2,alpha
HP1502401_I15,smartseq2,alpha
HP1502401_I4,smartseq2,alpha
HP1502401_J23,smartseq2,alpha
HP1502401_M18,smartseq2,alpha
HP1502401_K15,smartseq2,alpha
HP1502401_G10,smartseq2,alpha
HP1502401_L2,smartseq2,alpha
HP1502401_L23,smartseq2,alpha
HP1502401_F19,smartseq2,alpha
HP1502401_L17,smartseq2,alpha
HP1502401_O22,smartseq2,alpha
HP1502401_L16,smartseq2,alpha
HP1502401_L12,smartseq2,alpha
HP1502401_H2,smartseq2,alpha
HP1502401_K9,smartseq2,alpha
HP1502401_E16,smartseq2,alpha
HP1502401_M4,smartseq2,alpha
HP1502401_O21,smartseq2,alpha
HP1502401_M10,smartseq2,alpha
HP1502401_J11,smartseq2,alpha
HP1502401_H4,smartseq2,alpha
HP1502401_L11,smartseq2,alpha
HP1502401_K3,smartseq2,alpha
HP1502401_I16,smartseq2,alpha
HP1502401_N12,smartseq2,alpha
HP1502401_M24,smartseq2,alpha
HP1502401_N4,smartseq2,alpha
HP1502401_E21,smartseq2,alpha
HP1502401_H10,smartseq2,alpha
HP1502401_J6,smartseq2,alpha
HP1502401_M7,smartseq2,alpha
HP1502401_O24,smartseq2,alpha
HP1502401_C16,smartseq2,alpha
HP1502401_B20,smartseq2,alpha
HP1502401_D8,smartseq2,alpha
HP1502401_F12,smartseq2,alpha
HP1502401_L7,smartseq2,alpha
HP1502401_A4,smartseq2,alpha
HP1502401_K5,smartseq2,alpha
HP1502401_C4,smartseq2,alpha
HP1502401_K1,smartseq2,alpha
HP1502401_J20,smartseq2,alpha
HP1502401_O23,smartseq2,alpha
HP1502401_B5,smartseq2,alpha
HP1502401_E6,smartseq2,alpha
HP1502401_J18,smartseq2,alpha
HP1502401_M1,smartseq2,alpha
HP1502401_J4,smartseq2,alpha
HP1502401_A15,smartseq2,alpha
HP1502401_D20,smartseq2,alpha
HP1502401_G7,smartseq2,alpha
HP1502401_H5,smartseq2,alpha
HP1502401_D16,smartseq2,alpha
HP1502401_M19,smartseq2,alpha
HP1502401_K6,smartseq2,alpha
HP1502401_K2,smartseq2,alpha
HP1502401_O8,smartseq2,alpha
HP1502401_K16,smartseq2,alpha
HP1502401_E17,smartseq2,alpha
HP1502401_M23,smartseq2,alpha
HP1502401_I18,smartseq2,alpha
HP1502401_I1,smartseq2,alpha
HP1502401_L22,smartseq2,alpha
HP1502401_G8,smartseq2,alpha
HP1502401_M9,smartseq2,alpha
HP1502401_D24,smartseq2,alpha
HP1502401_O4,smartseq2,alpha
HP1502401_L15,smartseq2,alpha
HP1502401_L9,smartseq2,alpha
HP1502401_M3,smartseq2,alpha
HP1502401_H20,smartseq2,alpha
HP1502401_O20,smartseq2,alpha
HP1502401_H24,smartseq2,alpha
HP1502401_L4,smartseq2,alpha
HP1502401_O17,smartseq2,alpha
HP1502401_M11,smartseq2,alpha
HP1502401_F23,smartseq2,alpha
HP1502401_M21,smartseq2,alpha
HP1502401_K21,smartseq2,alpha
HP1502401_H16,smartseq2,alpha
HP1502401_L20,smartseq2,alpha
HP1502401_N20,smartseq2,alpha
HP1502401_E11,smartseq2,alpha
HP1502401_K11,smartseq2,alpha
HP1502401_B10,smartseq2,alpha
HP1502401_F20,smartseq2,alpha
HP1502401_B16,smartseq2,alpha
HP1502401_L1,smartseq2,alpha
HP1502401_A17,smartseq2,alpha
HP1502401_H1,smartseq2,alpha
HP1502401_I23,smartseq2,alpha
HP1502401_O3,smartseq2,alpha
HP1502401_F10,smartseq2,alpha
HP1502401_N3,smartseq2,alpha
HP1502401_N19,smartseq2,alpha
HP1502401_K20,smartseq2,alpha
HP1504101T2D_M6,smartseq2,alpha
HP1504101T2D_F15,smartseq2,alpha
HP1504101T2D_F10,smartseq2,alpha
HP1504101T2D_M18,smartseq2,alpha
HP1504101T2D_L23,smartseq2,alpha
HP1504101T2D_N17,smartseq2,alpha
HP1504101T2D_G1,smartseq2,alpha
HP1504101T2D_M19,smartseq2,alpha
HP1504101T2D_J15,smartseq2,alpha
HP1504101T2D_N7,smartseq2,alpha
HP1504101T2D_O16,smartseq2,alpha
HP1504101T2D_M4,smartseq2,alpha
HP1504101T2D_I20,smartseq2,alpha
HP1504101T2D_K24,smartseq2,alpha
HP1504101T2D_I1,smartseq2,alpha
HP1504101T2D_J13,smartseq2,alpha
HP1504101T2D_D2,smartseq2,alpha
HP1504101T2D_O13,smartseq2,alpha
HP1504101T2D_L2,smartseq2,alpha
HP1504101T2D_I24,smartseq2,alpha
HP1504101T2D_J18,smartseq2,alpha
HP1504101T2D_M15,smartseq2,alpha
HP1504101T2D_N15,smartseq2,alpha
HP1504101T2D_F7,smartseq2,alpha
HP1504101T2D_I5,smartseq2,alpha
HP1504101T2D_C17,smartseq2,alpha
HP1504101T2D_F22,smartseq2,alpha
HP1504101T2D_J2,smartseq2,alpha
HP1504101T2D_E1,smartseq2,alpha
HP1504101T2D_A19,smartseq2,alpha
HP1504101T2D_G2,smartseq2,alpha
HP1504101T2D_J11,smartseq2,alpha
HP1504101T2D_K22,smartseq2,alpha
HP1504101T2D_G17,smartseq2,alpha
HP1504101T2D_N19,smartseq2,alpha
HP1504101T2D_I17,smartseq2,alpha
HP1504101T2D_D7,smartseq2,alpha
HP1504101T2D_L21,smartseq2,alpha
HP1504101T2D_N12,smartseq2,alpha
HP1504101T2D_B16,smartseq2,alpha
HP1504101T2D_E23,smartseq2,alpha
HP1504101T2D_H9,smartseq2,alpha
HP1504101T2D_A5,smartseq2,alpha
HP1504101T2D_K23,smartseq2,alpha
HP1504101T2D_I18,smartseq2,alpha
HP1504101T2D_P2,smartseq2,alpha
HP1504101T2D_I14,smartseq2,alpha
HP1504101T2D_E10,smartseq2,alpha
HP1504101T2D_G24,smartseq2,alpha
HP1504101T2D_F5,smartseq2,alpha
HP1504101T2D_M21,smartseq2,alpha
HP1504101T2D_D19,smartseq2,alpha
HP1504101T2D_K4,smartseq2,alpha
HP1504101T2D_N9,smartseq2,alpha
HP1504101T2D_M7,smartseq2,alpha
HP1504101T2D_O6,smartseq2,alpha
HP1504101T2D_E6,smartseq2,alpha
HP1504101T2D_B11,smartseq2,alpha
HP1504101T2D_C4,smartseq2,alpha
HP1504101T2D_C15,smartseq2,alpha
HP1504101T2D_C22,smartseq2,alpha
HP1504101T2D_D13,smartseq2,alpha
HP1504101T2D_F12,smartseq2,alpha
HP1504101T2D_C14,smartseq2,alpha
HP1504101T2D_J6,smartseq2,alpha
HP1504101T2D_H20,smartseq2,alpha
HP1504101T2D_G12,smartseq2,alpha
HP1504101T2D_N13,smartseq2,alpha
HP1504101T2D_L8,smartseq2,alpha
HP1504101T2D_L7,smartseq2,alpha
HP1504101T2D_M24,smartseq2,alpha
HP1504101T2D_G22,smartseq2,alpha
HP1504101T2D_P17,smartseq2,alpha
HP1504101T2D_G14,smartseq2,alpha
HP1504101T2D_G10,smartseq2,alpha
HP1504101T2D_K12,smartseq2,alpha
HP1504101T2D_G19,smartseq2,alpha
HP1504101T2D_M2,smartseq2,alpha
HP1504101T2D_M9,smartseq2,alpha
HP1504101T2D_O14,smartseq2,alpha
HP1504101T2D_P22,smartseq2,alpha
HP1504101T2D_M10,smartseq2,alpha
HP1504101T2D_E3,smartseq2,alpha
HP1504101T2D_O22,smartseq2,alpha
HP1504101T2D_M5,smartseq2,alpha
HP1504101T2D_B21,smartseq2,alpha
HP1504101T2D_J7,smartseq2,alpha
HP1504101T2D_A6,smartseq2,alpha
HP1504101T2D_I8,smartseq2,alpha
HP1504101T2D_P21,smartseq2,alpha
HP1504101T2D_A12,smartseq2,alpha
HP1504101T2D_O9,smartseq2,alpha
HP1504101T2D_N1,smartseq2,alpha
HP1504101T2D_I23,smartseq2,alpha
HP1504101T2D_L5,smartseq2,alpha
HP1504101T2D_O20,smartseq2,alpha
HP1504101T2D_B7,smartseq2,alpha
HP1504101T2D_N24,smartseq2,alpha
HP1504101T2D_H2,smartseq2,alpha
HP1504101T2D_N22,smartseq2,alpha
HP1504101T2D_E22,smartseq2,alpha
HP1504101T2D_C20,smartseq2,alpha
HP1504101T2D_H17,smartseq2,alpha
HP1504101T2D_L4,smartseq2,alpha
HP1504101T2D_P7,smartseq2,alpha
HP1504101T2D_O10,smartseq2,alpha
HP1504101T2D_K20,smartseq2,alpha
HP1504101T2D_I22,smartseq2,alpha
HP1504101T2D_H4,smartseq2,alpha
HP1504101T2D_K17,smartseq2,alpha
HP1504101T2D_L10,smartseq2,alpha
HP1504101T2D_H21,smartseq2,alpha
HP1504101T2D_O3,smartseq2,alpha
HP1504101T2D_N2,smartseq2,alpha
HP1504101T2D_J20,smartseq2,alpha
HP1504101T2D_L3,smartseq2,alpha
HP1504101T2D_P11,smartseq2,alpha
HP1504101T2D_F3,smartseq2,alpha
HP1504101T2D_J1,smartseq2,alpha
HP1504101T2D_N8,smartseq2,alpha
HP1504101T2D_G23,smartseq2,alpha
HP1504101T2D_N6,smartseq2,alpha
HP1504101T2D_H22,smartseq2,alpha
HP1504101T2D_B13,smartseq2,alpha
HP1504101T2D_F19,smartseq2,alpha
HP1504101T2D_F24,smartseq2,alpha
HP1504101T2D_A8,smartseq2,alpha
HP1504101T2D_H15,smartseq2,alpha
HP1504101T2D_M23,smartseq2,alpha
HP1504101T2D_J24,smartseq2,alpha
HP1504101T2D_D5,smartseq2,alpha
HP1504101T2D_L18,smartseq2,alpha
HP1504101T2D_K18,smartseq2,alpha
HP1504101T2D_P18,smartseq2,alpha
HP1504101T2D_L19,smartseq2,alpha
HP1504101T2D_N5,smartseq2,alpha
HP1504101T2D_A23,smartseq2,alpha
HP1504101T2D_D6,smartseq2,alpha
HP1504901_D15,smartseq2,alpha
HP1504901_B15,smartseq2,alpha
HP1504901_B3,smartseq2,alpha
HP1504901_N2,smartseq2,alpha
HP1504901_H12,smartseq2,alpha
HP1504901_D12,smartseq2,alpha
HP1504901_F12,smartseq2,alpha
HP1504901_H10,smartseq2,alpha
HP1504901_O7,smartseq2,alpha
HP1504901_K12,smartseq2,alpha
HP1504901_J8,smartseq2,alpha
HP1504901_C11,smartseq2,alpha
HP1504901_B16,smartseq2,alpha
HP1504901_F6,smartseq2,alpha
HP1504901_P10,smartseq2,alpha
HP1504901_D16,smartseq2,alpha
HP1504901_M3,smartseq2,alpha
HP1504901_D23,smartseq2,alpha
HP1504901_B13,smartseq2,alpha
HP1504901_H4,smartseq2,alpha
HP1504901_B1,smartseq2,alpha
HP1504901_G9,smartseq2,alpha
HP1504901_E24,smartseq2,alpha
HP1504901_A14,smartseq2,alpha
HP1504901_O9,smartseq2,alpha
HP1504901_G3,smartseq2,alpha
HP1504901_F5,smartseq2,alpha
HP1504901_K1,smartseq2,alpha
HP1504901_C16,smartseq2,alpha
HP1504901_H11,smartseq2,alpha
HP1504901_I24,smartseq2,alpha
HP1504901_E18,smartseq2,alpha
HP1504901_H6,smartseq2,alpha
HP1504901_J17,smartseq2,alpha
HP1504901_N1,smartseq2,alpha
HP1504901_D22,smartseq2,alpha
HP1504901_N22,smartseq2,alpha
HP1504901_J20,smartseq2,alpha
HP1504901_J23,smartseq2,alpha
HP1504901_F19,smartseq2,alpha
HP1504901_G2,smartseq2,alpha
HP1504901_N16,smartseq2,alpha
HP1504901_F24,smartseq2,alpha
HP1504901_O17,smartseq2,alpha
HP1504901_A19,smartseq2,alpha
HP1504901_D5,smartseq2,alpha
HP1504901_D1,smartseq2,alpha
HP1504901_N12,smartseq2,alpha
HP1504901_H8,smartseq2,alpha
HP1504901_M24,smartseq2,alpha
HP1504901_O10,smartseq2,alpha
HP1504901_B18,smartseq2,alpha
HP1504901_F9,smartseq2,alpha
HP1504901_F20,smartseq2,alpha
HP1504901_O6,smartseq2,alpha
HP1504901_J19,smartseq2,alpha
HP1504901_L13,smartseq2,alpha
HP1504901_G13,smartseq2,alpha
HP1504901_J22,smartseq2,alpha
HP1504901_L14,smartseq2,alpha
HP1504901_A2,smartseq2,alpha
HP1504901_N17,smartseq2,alpha
HP1504901_I3,smartseq2,alpha
HP1504901_A9,smartseq2,alpha
HP1504901_I21,smartseq2,alpha
HP1504901_G6,smartseq2,alpha
HP1504901_O16,smartseq2,alpha
HP1504901_E14,smartseq2,alpha
HP1504901_D17,smartseq2,alpha
HP1504901_K6,smartseq2,alpha
HP1504901_D2,smartseq2,alpha
HP1504901_J6,smartseq2,alpha
HP1504901_I2,smartseq2,alpha
HP1504901_D14,smartseq2,alpha
HP1504901_M18,smartseq2,alpha
HP1504901_F4,smartseq2,alpha
HP1504901_H1,smartseq2,alpha
HP1504901_K5,smartseq2,alpha
HP1504901_F10,smartseq2,alpha
HP1504901_G15,smartseq2,alpha
HP1504901_N19,smartseq2,alpha
HP1504901_I8,smartseq2,alpha
HP1504901_B21,smartseq2,alpha
HP1504901_N7,smartseq2,alpha
HP1504901_D21,smartseq2,alpha
HP1504901_G19,smartseq2,alpha
HP1504901_B2,smartseq2,alpha
HP1504901_F3,smartseq2,alpha
HP1506401_G3,smartseq2,alpha
HP1506401_G1,smartseq2,alpha
HP1506401_K12,smartseq2,alpha
HP1506401_F13,smartseq2,alpha
HP1506401_L7,smartseq2,alpha
HP1506401_J18,smartseq2,alpha
HP1506401_O24,smartseq2,alpha
HP1506401_A5,smartseq2,alpha
HP1506401_E15,smartseq2,alpha
HP1506401_N4,smartseq2,alpha
HP1506401_H14,smartseq2,alpha
HP1506401_O23,smartseq2,alpha
HP1506401_J4,smartseq2,alpha
HP1506401_P19,smartseq2,alpha
HP1506401_N19,smartseq2,alpha
HP1506401_A21,smartseq2,alpha
HP1506401_O3,smartseq2,alpha
HP1506401_H13,smartseq2,alpha
HP1506401_C5,smartseq2,alpha
HP1506401_P15,smartseq2,alpha
HP1506401_P3,smartseq2,alpha
HP1506401_I8,smartseq2,alpha
HP1506401_G5,smartseq2,alpha
HP1506401_I18,smartseq2,alpha
HP1506401_E8,smartseq2,alpha
HP1506401_L23,smartseq2,alpha
HP1506401_E9,smartseq2,alpha
HP1506401_F17,smartseq2,alpha
HP1506401_M12,smartseq2,alpha
HP1506401_E11,smartseq2,alpha
HP1506401_E21,smartseq2,alpha
HP1506401_G13,smartseq2,alpha
HP1506401_G24,smartseq2,alpha
HP1506401_H22,smartseq2,alpha
HP1506401_F20,smartseq2,alpha
HP1507101_K2,smartseq2,alpha
HP1507101_O2,smartseq2,alpha
HP1507101_E2,smartseq2,alpha
HP1507101_E3,smartseq2,alpha
HP1507101_G3,smartseq2,alpha
HP1507101_C2,smartseq2,alpha
HP1507101_O1,smartseq2,alpha
HP1507101_I2,smartseq2,alpha
HP1507101_M2,smartseq2,alpha
HP1507101_G16,smartseq2,alpha
HP1507101_N9,smartseq2,alpha
HP1507101_F7,smartseq2,alpha
HP1507101_B3,smartseq2,alpha
HP1507101_M12,smartseq2,alpha
HP1507101_D14,smartseq2,alpha
HP1507101_D20,smartseq2,alpha
HP1507101_O22,smartseq2,alpha
HP1507101_L15,smartseq2,alpha
HP1507101_O16,smartseq2,alpha
HP1507101_N3,smartseq2,alpha
HP1507101_L11,smartseq2,alpha
HP1507101_N12,smartseq2,alpha
HP1507101_O17,smartseq2,alpha
HP1507101_A16,smartseq2,alpha
HP1507101_L13,smartseq2,alpha
HP1507101_O20,smartseq2,alpha
HP1507101_N21,smartseq2,alpha
HP1507101_I10,smartseq2,alpha
HP1507101_H20,smartseq2,alpha
HP1507101_A14,smartseq2,alpha
HP1507101_I17,smartseq2,alpha
HP1507101_K6,smartseq2,alpha
HP1507101_F19,smartseq2,alpha
HP1507101_G6,smartseq2,alpha
HP1507101_L7,smartseq2,alpha
HP1507101_H7,smartseq2,alpha
HP1507101_O4,smartseq2,alpha
HP1507101_H1,smartseq2,alpha
HP1507101_I15,smartseq2,alpha
HP1507101_O5,smartseq2,alpha
HP1507101_F22,smartseq2,alpha
HP1507101_A22,smartseq2,alpha
HP1507101_L5,smartseq2,alpha
HP1507101_A20,smartseq2,alpha
HP1507101_F16,smartseq2,alpha
HP1507101_P10,smartseq2,alpha
HP1507101_O6,smartseq2,alpha
HP1507101_G4,smartseq2,alpha
HP1507101_B23,smartseq2,alpha
HP1507101_H11,smartseq2,alpha
HP1507101_G12,smartseq2,alpha
HP1507101_F17,smartseq2,alpha
HP1507101_G14,smartseq2,alpha
HP1507101_N22,smartseq2,alpha
HP1507101_I8,smartseq2,alpha
HP1507101_L2,smartseq2,alpha
HP1507101_H15,smartseq2,alpha
HP1507101_D2,smartseq2,alpha
HP1507101_P12,smartseq2,alpha
HP1507101_F20,smartseq2,alpha
HP1507101_N24,smartseq2,alpha
HP1507101_E24,smartseq2,alpha
HP1507101_I16,smartseq2,alpha
HP1507101_C24,smartseq2,alpha
HP1507101_B18,smartseq2,alpha
HP1507101_H14,smartseq2,alpha
HP1507101_H9,smartseq2,alpha
HP1507101_O10,smartseq2,alpha
HP1507101_J24,smartseq2,alpha
HP1507101_G18,smartseq2,alpha
HP1507101_J14,smartseq2,alpha
HP1507101_E20,smartseq2,alpha
HP1507101_I13,smartseq2,alpha
HP1507101_J11,smartseq2,alpha
HP1507101_P11,smartseq2,alpha
HP1507101_P4,smartseq2,alpha
HP1507101_E6,smartseq2,alpha
HP1507101_G22,smartseq2,alpha
HP1507101_C4,smartseq2,alpha
HP1507101_J18,smartseq2,alpha
HP1507101_I23,smartseq2,alpha
HP1507101_C18,smartseq2,alpha
HP1507101_K8,smartseq2,alpha
HP1507101_N19,smartseq2,alpha
HP1507101_G19,smartseq2,alpha
HP1507101_I11,smartseq2,alpha
HP1507101_L18,smartseq2,alpha
HP1507101_B15,smartseq2,alpha
HP1507101_K5,smartseq2,alpha
HP1507101_L3,smartseq2,alpha
HP1507101_E8,smartseq2,alpha
HP1507101_J13,smartseq2,alpha
HP1507101_A4,smartseq2,alpha
HP1507101_J23,smartseq2,alpha
HP1507101_O18,smartseq2,alpha
HP1507101_K4,smartseq2,alpha
HP1507101_F3,smartseq2,alpha
HP1507101_N18,smartseq2,alpha
HP1507101_D7,smartseq2,alpha
HP1507101_P18,smartseq2,alpha
HP1507101_P17,smartseq2,alpha
HP1507101_P5,smartseq2,alpha
HP1507101_M4,smartseq2,alpha
HP1507101_B7,smartseq2,alpha
HP1507101_E10,smartseq2,alpha
HP1507101_H23,smartseq2,alpha
HP1507101_K3,smartseq2,alpha
HP1507101_C20,smartseq2,alpha
HP1507101_L10,smartseq2,alpha
HP1507101_M14,smartseq2,alpha
HP1507101_I4,smartseq2,alpha
HP1507101_G24,smartseq2,alpha
HP1507101_G23,smartseq2,alpha
HP1507101_D1,smartseq2,alpha
HP1507101_J1,smartseq2,alpha
HP1507101_O24,smartseq2,alpha
HP1507101_D8,smartseq2,alpha
HP1507101_I22,smartseq2,alpha
HP1507101_B1,smartseq2,alpha
HP1507101_N16,smartseq2,alpha
HP1507101_F2,smartseq2,alpha
HP1507101_F8,smartseq2,alpha
HP1507101_B14,smartseq2,alpha
HP1507101_N4,smartseq2,alpha
HP1507101_M6,smartseq2,alpha
HP1507101_L19,smartseq2,alpha
HP1507101_F18,smartseq2,alpha
HP1507101_K22,smartseq2,alpha
HP1507101_K17,smartseq2,alpha
HP1507101_D21,smartseq2,alpha
HP1507101_D16,smartseq2,alpha
HP1507101_M18,smartseq2,alpha
HP1507101_H6,smartseq2,alpha
HP1507101_G20,smartseq2,alpha
HP1507101_G13,smartseq2,alpha
HP1507101_N20,smartseq2,alpha
HP1507101_G8,smartseq2,alpha
HP1507101_P6,smartseq2,alpha
HP1507101_D18,smartseq2,alpha
HP1507101_P23,smartseq2,alpha
HP1507101_H21,smartseq2,alpha
HP1507101_E21,smartseq2,alpha
HP1507101_D24,smartseq2,alpha
HP1507101_C5,smartseq2,alpha
HP1507101_J2,smartseq2,alpha
HP1507101_B13,smartseq2,alpha
HP1507101_H12,smartseq2,alpha
HP1507101_I19,smartseq2,alpha
HP1507101_H22,smartseq2,alpha
HP1507101_B4,smartseq2,alpha
HP1507101_F13,smartseq2,alpha
HP1507101_B19,smartseq2,alpha
HP1507101_D12,smartseq2,alpha
HP1507101_D5,smartseq2,alpha
HP1507101_A18,smartseq2,alpha
HP1507101_B24,smartseq2,alpha
HP1507101_J21,smartseq2,alpha
HP1507101_G11,smartseq2,alpha
HP1507101_B6,smartseq2,alpha
HP1507101_D15,smartseq2,alpha
HP1507101_B12,smartseq2,alpha
HP1507101_B10,smartseq2,alpha
HP1507101_N2,smartseq2,alpha
HP1507101_F5,smartseq2,alpha
HP1507101_E12,smartseq2,alpha
HP1507101_H3,smartseq2,alpha
HP1507101_O7,smartseq2,alpha
HP1507101_L14,smartseq2,alpha
HP1507101_L6,smartseq2,alpha
HP1507101_C6,smartseq2,alpha
HP1507101_I6,smartseq2,alpha
HP1507101_N23,smartseq2,alpha
HP1507101_J17,smartseq2,alpha
HP1507101_F1,smartseq2,alpha
HP1507101_E9,smartseq2,alpha
HP1507101_C14,smartseq2,alpha
HP1507101_D11,smartseq2,alpha
HP1507101_J3,smartseq2,alpha
HP1507101_M20,smartseq2,alpha
HP1507101_D17,smartseq2,alpha
HP1507101_B16,smartseq2,alpha
HP1507101_J5,smartseq2,alpha
HP1507101_I24,smartseq2,alpha
HP1507101_O13,smartseq2,alpha
HP1507101_E7,smartseq2,alpha
HP1507101_I20,smartseq2,alpha
HP1507101_I5,smartseq2,alpha
HP1507101_B11,smartseq2,alpha
HP1507101_H5,smartseq2,alpha
HP1507101_G9,smartseq2,alpha
HP1507101_J4,smartseq2,alpha
HP1507101_K24,smartseq2,alpha
HP1507101_P3,smartseq2,alpha
HP1507101_F21,smartseq2,alpha
HP1507101_G15,smartseq2,alpha
HP1507101_O11,smartseq2,alpha
HP1507101_C8,smartseq2,alpha
HP1507101_L21,smartseq2,alpha
HP1507101_J22,smartseq2,alpha
HP1507101_P8,smartseq2,alpha
HP1508501T2D_E2,smartseq2,alpha
HP1508501T2D_E1,smartseq2,alpha
HP1508501T2D_A3,smartseq2,alpha
HP1508501T2D_I2,smartseq2,alpha
HP1508501T2D_O1,smartseq2,alpha
HP1508501T2D_K1,smartseq2,alpha
HP1508501T2D_C20,smartseq2,alpha
HP1508501T2D_M9,smartseq2,alpha
HP1508501T2D_L13,smartseq2,alpha
HP1508501T2D_P7,smartseq2,alpha
HP1508501T2D_B15,smartseq2,alpha
HP1508501T2D_D2,smartseq2,alpha
HP1508501T2D_D20,smartseq2,alpha
HP1508501T2D_E24,smartseq2,alpha
HP1508501T2D_G15,smartseq2,alpha
HP1508501T2D_M20,smartseq2,alpha
HP1508501T2D_B23,smartseq2,alpha
HP1508501T2D_J21,smartseq2,alpha
HP1508501T2D_A13,smartseq2,alpha
HP1508501T2D_I15,smartseq2,alpha
HP1508501T2D_E6,smartseq2,alpha
HP1508501T2D_E14,smartseq2,alpha
HP1508501T2D_M19,smartseq2,alpha
HP1508501T2D_D17,smartseq2,alpha
HP1508501T2D_L18,smartseq2,alpha
HP1508501T2D_F17,smartseq2,alpha
HP1508501T2D_H24,smartseq2,alpha
HP1508501T2D_H22,smartseq2,alpha
HP1508501T2D_I20,smartseq2,alpha
HP1508501T2D_B9,smartseq2,alpha
HP1508501T2D_A6,smartseq2,alpha
HP1508501T2D_D5,smartseq2,alpha
HP1508501T2D_L6,smartseq2,alpha
HP1508501T2D_B5,smartseq2,alpha
HP1508501T2D_F16,smartseq2,alpha
HP1508501T2D_L7,smartseq2,alpha
HP1508501T2D_L14,smartseq2,alpha
HP1508501T2D_G10,smartseq2,alpha
HP1508501T2D_D6,smartseq2,alpha
HP1508501T2D_E12,smartseq2,alpha
HP1508501T2D_C7,smartseq2,alpha
HP1508501T2D_P3,smartseq2,alpha
HP1508501T2D_H4,smartseq2,alpha
HP1508501T2D_E18,smartseq2,alpha
HP1508501T2D_G11,smartseq2,alpha
HP1508501T2D_P11,smartseq2,alpha
HP1508501T2D_L16,smartseq2,alpha
HP1508501T2D_P9,smartseq2,alpha
HP1508501T2D_O14,smartseq2,alpha
HP1508501T2D_D1,smartseq2,alpha
HP1508501T2D_K21,smartseq2,alpha
HP1508501T2D_H6,smartseq2,alpha
HP1508501T2D_J9,smartseq2,alpha
HP1508501T2D_B11,smartseq2,alpha
HP1508501T2D_E10,smartseq2,alpha
HP1508501T2D_C13,smartseq2,alpha
HP1508501T2D_E22,smartseq2,alpha
HP1508501T2D_A24,smartseq2,alpha
HP1508501T2D_P5,smartseq2,alpha
HP1508501T2D_N20,smartseq2,alpha
HP1508501T2D_M4,smartseq2,alpha
HP1508501T2D_B8,smartseq2,alpha
HP1508501T2D_I16,smartseq2,alpha
HP1508501T2D_A16,smartseq2,alpha
HP1508501T2D_K4,smartseq2,alpha
HP1508501T2D_H3,smartseq2,alpha
HP1508501T2D_C10,smartseq2,alpha
HP1508501T2D_B4,smartseq2,alpha
HP1508501T2D_C23,smartseq2,alpha
HP1508501T2D_K17,smartseq2,alpha
HP1508501T2D_D3,smartseq2,alpha
HP1508501T2D_D16,smartseq2,alpha
HP1508501T2D_G24,smartseq2,alpha
HP1508501T2D_P8,smartseq2,alpha
HP1508501T2D_I22,smartseq2,alpha
HP1508501T2D_O10,smartseq2,alpha
HP1508501T2D_G20,smartseq2,alpha
HP1508501T2D_K12,smartseq2,alpha
HP1508501T2D_J20,smartseq2,alpha
HP1508501T2D_J4,smartseq2,alpha
HP1508501T2D_E8,smartseq2,alpha
HP1508501T2D_M8,smartseq2,alpha
HP1508501T2D_B22,smartseq2,alpha
HP1508501T2D_E19,smartseq2,alpha
HP1508501T2D_J12,smartseq2,alpha
HP1508501T2D_F9,smartseq2,alpha
HP1508501T2D_N4,smartseq2,alpha
HP1508501T2D_I14,smartseq2,alpha
HP1508501T2D_J3,smartseq2,alpha
HP1508501T2D_G21,smartseq2,alpha
HP1508501T2D_H23,smartseq2,alpha
HP1508501T2D_D21,smartseq2,alpha
HP1508501T2D_E23,smartseq2,alpha
HP1508501T2D_D14,smartseq2,alpha
HP1508501T2D_F18,smartseq2,alpha
HP1508501T2D_D13,smartseq2,alpha
HP1508501T2D_A4,smartseq2,alpha
HP1508501T2D_L17,smartseq2,alpha
HP1508501T2D_G6,smartseq2,alpha
HP1508501T2D_J5,smartseq2,alpha
HP1508501T2D_N11,smartseq2,alpha
HP1508501T2D_F23,smartseq2,alpha
HP1508501T2D_K24,smartseq2,alpha
HP1508501T2D_D11,smartseq2,alpha
HP1508501T2D_M12,smartseq2,alpha
HP1508501T2D_K19,smartseq2,alpha
HP1508501T2D_B12,smartseq2,alpha
HP1508501T2D_B13,smartseq2,alpha
HP1508501T2D_K14,smartseq2,alpha
HP1508501T2D_H10,smartseq2,alpha
HP1508501T2D_M5,smartseq2,alpha
HP1508501T2D_H21,smartseq2,alpha
HP1508501T2D_F2,smartseq2,alpha
HP1508501T2D_J8,smartseq2,alpha
HP1508501T2D_P6,smartseq2,alpha
HP1508501T2D_O6,smartseq2,alpha
HP1508501T2D_H15,smartseq2,alpha
HP1508501T2D_A14,smartseq2,alpha
HP1508501T2D_A12,smartseq2,alpha
HP1508501T2D_B3,smartseq2,alpha
HP1508501T2D_A15,smartseq2,alpha
HP1508501T2D_J1,smartseq2,alpha
HP1508501T2D_K9,smartseq2,alpha
HP1508501T2D_E21,smartseq2,alpha
HP1508501T2D_F20,smartseq2,alpha
HP1508501T2D_G4,smartseq2,alpha
HP1508501T2D_D8,smartseq2,alpha
HP1508501T2D_D10,smartseq2,alpha
HP1508501T2D_E13,smartseq2,alpha
HP1509101_A3,smartseq2,alpha
HP1509101_D5,smartseq2,alpha
HP1509101_G19,smartseq2,alpha
HP1509101_P4,smartseq2,alpha
HP1509101_B8,smartseq2,alpha
HP1509101_J12,smartseq2,alpha
HP1509101_A7,smartseq2,alpha
HP1509101_H1,smartseq2,alpha
HP1509101_L17,smartseq2,alpha
HP1509101_L6,smartseq2,alpha
HP1509101_G23,smartseq2,alpha
HP1509101_I14,smartseq2,alpha
HP1509101_H21,smartseq2,alpha
HP1509101_L8,smartseq2,alpha
HP1509101_G14,smartseq2,alpha
HP1509101_I5,smartseq2,alpha
HP1509101_K22,smartseq2,alpha
HP1509101_F13,smartseq2,alpha
HP1509101_G24,smartseq2,alpha
HP1509101_D15,smartseq2,alpha
HP1509101_O9,smartseq2,alpha
HP1509101_N12,smartseq2,alpha
HP1509101_O7,smartseq2,alpha
HP1509101_D8,smartseq2,alpha
HP1509101_H22,smartseq2,alpha
HP1509101_F1,smartseq2,alpha
HP1509101_L11,smartseq2,alpha
HP1509101_N15,smartseq2,alpha
HP1509101_G22,smartseq2,alpha
HP1509101_H24,smartseq2,alpha
HP1509101_H23,smartseq2,alpha
HP1509101_I10,smartseq2,alpha
HP1509101_C12,smartseq2,alpha
HP1509101_G18,smartseq2,alpha
HP1509101_M12,smartseq2,alpha
HP1509101_I22,smartseq2,alpha
HP1509101_N16,smartseq2,alpha
HP1509101_P20,smartseq2,alpha
HP1509101_P18,smartseq2,alpha
HP1509101_G15,smartseq2,alpha
HP1509101_N9,smartseq2,alpha
HP1509101_B20,smartseq2,alpha
HP1509101_N18,smartseq2,alpha
HP1509101_N17,smartseq2,alpha
HP1509101_C22,smartseq2,alpha
HP1509101_E19,smartseq2,alpha
HP1509101_O23,smartseq2,alpha
HP1509101_J8,smartseq2,alpha
HP1509101_B11,smartseq2,alpha
HP1509101_D19,smartseq2,alpha
HP1509101_K21,smartseq2,alpha
HP1509101_G20,smartseq2,alpha
HP1509101_J4,smartseq2,alpha
HP1509101_H11,smartseq2,alpha
HP1509101_I21,smartseq2,alpha
HP1509101_H14,smartseq2,alpha
HP1509101_O13,smartseq2,alpha
HP1509101_J15,smartseq2,alpha
HP1509101_H9,smartseq2,alpha
HP1509101_O20,smartseq2,alpha
HP1509101_I8,smartseq2,alpha
HP1509101_F4,smartseq2,alpha
HP1509101_K7,smartseq2,alpha
HP1509101_N5,smartseq2,alpha
HP1509101_J20,smartseq2,alpha
HP1509101_F19,smartseq2,alpha
HP1509101_I23,smartseq2,alpha
HP1509101_O19,smartseq2,alpha
HP1509101_L24,smartseq2,alpha
HP1509101_O16,smartseq2,alpha
HP1509101_I18,smartseq2,alpha
HP1509101_N20,smartseq2,alpha
HP1509101_A20,smartseq2,alpha
HP1509101_I24,smartseq2,alpha
HP1509101_G16,smartseq2,alpha
HP1509101_M8,smartseq2,alpha
HP1509101_J6,smartseq2,alpha
HP1509101_M10,smartseq2,alpha
HP1509101_B10,smartseq2,alpha
HP1509101_G17,smartseq2,alpha
HP1509101_J24,smartseq2,alpha
HP1509101_O12,smartseq2,alpha
HP1525301T2D_K15,smartseq2,alpha
HP1525301T2D_G11,smartseq2,alpha
HP1525301T2D_A6,smartseq2,alpha
HP1525301T2D_K23,smartseq2,alpha
HP1525301T2D_I21,smartseq2,alpha
HP1525301T2D_I12,smartseq2,alpha
HP1525301T2D_P22,smartseq2,alpha
HP1525301T2D_J14,smartseq2,alpha
HP1525301T2D_P6,smartseq2,alpha
HP1525301T2D_C16,smartseq2,alpha
HP1525301T2D_B1,smartseq2,alpha
HP1525301T2D_B4,smartseq2,alpha
HP1525301T2D_F19,smartseq2,alpha
HP1525301T2D_N23,smartseq2,alpha
HP1525301T2D_G22,smartseq2,alpha
HP1525301T2D_D11,smartseq2,alpha
HP1525301T2D_E1,smartseq2,alpha
HP1525301T2D_C2,smartseq2,alpha
HP1525301T2D_B11,smartseq2,alpha
HP1525301T2D_M16,smartseq2,alpha
HP1525301T2D_O1,smartseq2,alpha
HP1525301T2D_H23,smartseq2,alpha
HP1525301T2D_B23,smartseq2,alpha
HP1525301T2D_I4,smartseq2,alpha
HP1525301T2D_P8,smartseq2,alpha
HP1525301T2D_C1,smartseq2,alpha
HP1525301T2D_J2,smartseq2,alpha
HP1525301T2D_N7,smartseq2,alpha
HP1525301T2D_H6,smartseq2,alpha
HP1525301T2D_C10,smartseq2,alpha
HP1525301T2D_H7,smartseq2,alpha
HP1525301T2D_G15,smartseq2,alpha
HP1525301T2D_E23,smartseq2,alpha
HP1525301T2D_I7,smartseq2,alpha
HP1525301T2D_E7,smartseq2,alpha
HP1525301T2D_O18,smartseq2,alpha
HP1525301T2D_F2,smartseq2,alpha
HP1525301T2D_H19,smartseq2,alpha
HP1525301T2D_M13,smartseq2,alpha
HP1525301T2D_P24,smartseq2,alpha
HP1525301T2D_I5,smartseq2,alpha
HP1525301T2D_L15,smartseq2,alpha
HP1525301T2D_A9,smartseq2,alpha
HP1525301T2D_P17,smartseq2,alpha
HP1525301T2D_B15,smartseq2,alpha
HP1525301T2D_L22,smartseq2,alpha
HP1525301T2D_I2,smartseq2,alpha
HP1525301T2D_H12,smartseq2,alpha
HP1525301T2D_L24,smartseq2,alpha
HP1525301T2D_N8,smartseq2,alpha
HP1525301T2D_M8,smartseq2,alpha
HP1525301T2D_F4,smartseq2,alpha
HP1525301T2D_J4,smartseq2,alpha
HP1525301T2D_G4,smartseq2,alpha
HP1525301T2D_J13,smartseq2,alpha
HP1525301T2D_G19,smartseq2,alpha
HP1525301T2D_N13,smartseq2,alpha
HP1525301T2D_J8,smartseq2,alpha
HP1525301T2D_C5,smartseq2,alpha
HP1525301T2D_E13,smartseq2,alpha
HP1525301T2D_L9,smartseq2,alpha
HP1525301T2D_A11,smartseq2,alpha
HP1525301T2D_P11,smartseq2,alpha
HP1525301T2D_P18,smartseq2,alpha
HP1525301T2D_O6,smartseq2,alpha
HP1525301T2D_C8,smartseq2,alpha
HP1525301T2D_B13,smartseq2,alpha
HP1525301T2D_P9,smartseq2,alpha
HP1525301T2D_A5,smartseq2,alpha
HP1525301T2D_M10,smartseq2,alpha
HP1525301T2D_H8,smartseq2,alpha
HP1525301T2D_B7,smartseq2,alpha
HP1525301T2D_B18,smartseq2,alpha
HP1525301T2D_K19,smartseq2,alpha
HP1525301T2D_G1,smartseq2,alpha
HP1525301T2D_J19,smartseq2,alpha
HP1525301T2D_G18,smartseq2,alpha
HP1525301T2D_E16,smartseq2,alpha
HP1525301T2D_A3,smartseq2,alpha
HP1525301T2D_N19,smartseq2,alpha
HP1525301T2D_O5,smartseq2,alpha
HP1525301T2D_D9,smartseq2,alpha
HP1525301T2D_E22,smartseq2,alpha
HP1525301T2D_K22,smartseq2,alpha
HP1525301T2D_H20,smartseq2,alpha
HP1525301T2D_N9,smartseq2,alpha
HP1525301T2D_O13,smartseq2,alpha
HP1525301T2D_J1,smartseq2,alpha
HP1525301T2D_E8,smartseq2,alpha
HP1525301T2D_N24,smartseq2,alpha
HP1525301T2D_K3,smartseq2,alpha
HP1526901T2D_A3,smartseq2,alpha
HP1526901T2D_P20,smartseq2,alpha
HP1526901T2D_M21,smartseq2,alpha
HP1526901T2D_D5,smartseq2,alpha
HP1526901T2D_K6,smartseq2,alpha
HP1526901T2D_L16,smartseq2,alpha
HP1526901T2D_F2,smartseq2,alpha
HP1526901T2D_E18,smartseq2,alpha
HP1526901T2D_O22,smartseq2,alpha
HP1526901T2D_I6,smartseq2,alpha
HP1526901T2D_N15,smartseq2,alpha
HP1526901T2D_F3,smartseq2,alpha
HP1526901T2D_P21,smartseq2,alpha
HP1526901T2D_J24,smartseq2,alpha
HP1526901T2D_L2,smartseq2,alpha
HP1526901T2D_F21,smartseq2,alpha
HP1526901T2D_G7,smartseq2,alpha
HP1526901T2D_F10,smartseq2,alpha
HP1526901T2D_J8,smartseq2,alpha
HP1526901T2D_E8,smartseq2,alpha
HP1526901T2D_P14,smartseq2,alpha
HP1526901T2D_L19,smartseq2,alpha
HP1526901T2D_N9,smartseq2,alpha
HP1526901T2D_O21,smartseq2,alpha
HP1526901T2D_G14,smartseq2,alpha
HP1526901T2D_M4,smartseq2,alpha
HP1526901T2D_A9,smartseq2,alpha
HP1526901T2D_P2,smartseq2,alpha
HP1526901T2D_A12,smartseq2,alpha
HP1526901T2D_L11,smartseq2,alpha
HP1526901T2D_B12,smartseq2,alpha
HP1526901T2D_A17,smartseq2,alpha
HP1526901T2D_P12,smartseq2,alpha
HP1526901T2D_J2,smartseq2,alpha
HP1526901T2D_D18,smartseq2,alpha
HP1526901T2D_B17,smartseq2,alpha
HP1526901T2D_F1,smartseq2,alpha
HP1526901T2D_B20,smartseq2,alpha
HP1526901T2D_H12,smartseq2,alpha
HP1526901T2D_G13,smartseq2,alpha
HP1526901T2D_N6,smartseq2,alpha
HP1526901T2D_I21,smartseq2,alpha
HP1526901T2D_F9,smartseq2,alpha
HP1526901T2D_H17,smartseq2,alpha
HP1526901T2D_O23,smartseq2,alpha
HP1526901T2D_L17,smartseq2,alpha
HP1526901T2D_A7,smartseq2,alpha
HP1526901T2D_K18,smartseq2,alpha
HP1526901T2D_K10,smartseq2,alpha
HP1526901T2D_I7,smartseq2,alpha
HP1526901T2D_J19,smartseq2,alpha
HP1526901T2D_G16,smartseq2,alpha
HP1526901T2D_D8,smartseq2,alpha
HP1526901T2D_I14,smartseq2,alpha
HP1526901T2D_M1,smartseq2,alpha
HP1526901T2D_J4,smartseq2,alpha
HP1526901T2D_G10,smartseq2,alpha
HP1526901T2D_K2,smartseq2,alpha
HP1526901T2D_N10,smartseq2,alpha
HP1526901T2D_I8,smartseq2,alpha
HP1526901T2D_L13,smartseq2,alpha
HP1526901T2D_B11,smartseq2,alpha
HP1526901T2D_O6,smartseq2,alpha
HP1526901T2D_G18,smartseq2,alpha
HP1526901T2D_J13,smartseq2,alpha
HP1526901T2D_C16,smartseq2,alpha
HP1526901T2D_J14,smartseq2,alpha
HP1526901T2D_C4,smartseq2,alpha
HP1526901T2D_H6,smartseq2,alpha
HP1526901T2D_F19,smartseq2,alpha
HP1526901T2D_D9,smartseq2,alpha
HP1526901T2D_P19,smartseq2,alpha
HP1526901T2D_L23,smartseq2,alpha
HP1526901T2D_N2,smartseq2,alpha
HP1526901T2D_H19,smartseq2,alpha
HP1526901T2D_C6,smartseq2,alpha
HP1526901T2D_L21,smartseq2,alpha
HP1526901T2D_D1,smartseq2,alpha
HP1526901T2D_P1,smartseq2,alpha
HP1526901T2D_E6,smartseq2,alpha
HP1526901T2D_M23,smartseq2,alpha
HP1526901T2D_N14,smartseq2,alpha
HP1526901T2D_I4,smartseq2,alpha
HP1526901T2D_B14,smartseq2,alpha
HP1526901T2D_C2,smartseq2,alpha
HP1526901T2D_K14,smartseq2,alpha
HP1526901T2D_D16,smartseq2,alpha
HP1526901T2D_M16,smartseq2,alpha
HP1526901T2D_K15,smartseq2,alpha
HP1526901T2D_I15,smartseq2,alpha
HP1526901T2D_G8,smartseq2,alpha
HP1526901T2D_M7,smartseq2,alpha
HP1526901T2D_I16,smartseq2,alpha
HP1526901T2D_N8,smartseq2,alpha
HP1526901T2D_A8,smartseq2,alpha
D101_13,celseq,delta
D101_22,celseq,delta
D102_17,celseq,delta
D102_50,celseq,delta
D102_61,celseq,delta
D1713_26,celseq,delta
D172444_1,celseq,delta
D172444_76,celseq,delta
D172444_80,celseq,delta
D17All1_33,celseq,delta
D17All1_37,celseq,delta
D17All1_39,celseq,delta
D17All1_54,celseq,delta
D17All1_59,celseq,delta
D17All1_61,celseq,delta
D17All1_77,celseq,delta
D17All1_80,celseq,delta
D17All2_19,celseq,delta
D17All2_49,celseq,delta
D17All2_61,celseq,delta
D17All2_78,celseq,delta
D17TGFB_16,celseq,delta
D3en3_75,celseq,delta
D3en4_33,celseq,delta
D3ex_77,celseq,delta
D71_32,celseq,delta
D71_35,celseq,delta
D71_48,celseq,delta
D71_59,celseq,delta
D71_79,celseq,delta
D71_87,celseq,delta
D71_91,celseq,delta
D71_94,celseq,delta
D72_39,celseq,delta
D72_69,celseq,delta
D72_71,celseq,delta
D72_75,celseq,delta
D72_77,celseq,delta
D73_30,celseq,delta
D73_38,celseq,delta
D73_82,celseq,delta
D73_86,celseq,delta
D73_90,celseq,delta
D74_9,celseq,delta
D74_20,celseq,delta
D74_25,celseq,delta
D74_40,celseq,delta
D74_59,celseq,delta
D74_64,celseq,delta
D74_66,celseq,delta
D28-1_3,celseq2,delta
D28-1_61,celseq2,delta
D28-1_89,celseq2,delta
D28-3_16,celseq2,delta
D28-3_61,celseq2,delta
D28-3_78,celseq2,delta
D28-4_3,celseq2,delta
D28-5_49,celseq2,delta
D28-5_76,celseq2,delta
D28-6_26,celseq2,delta
D28-7_38,celseq2,delta
D28-7_73,celseq2,delta
D28-8_26,celseq2,delta
D28-8_61,celseq2,delta
D29-1_3,celseq2,delta
D29-1_16,celseq2,delta
D29-1_33,celseq2,delta
D29-1_42,celseq2,delta
D29-1_45,celseq2,delta
D29-1_49,celseq2,delta
D29-1_56,celseq2,delta
D29-1_57,celseq2,delta
D29-1_74,celseq2,delta
D29-1_83,celseq2,delta
D29-1_93,celseq2,delta
D29-2_4,celseq2,delta
D29-2_9,celseq2,delta
D29-2_10,celseq2,delta
D29-2_16,celseq2,delta
D29-2_34,celseq2,delta
D29-2_46,celseq2,delta
D29-2_82,celseq2,delta
D29-3_8,celseq2,delta
D29-3_9,celseq2,delta
D29-3_11,celseq2,delta
D29-3_13,celseq2,delta
D29-3_43,celseq2,delta
D29-3_45,celseq2,delta
D29-3_57,celseq2,delta
D29-3_58,celseq2,delta
D29-3_69,celseq2,delta
D29-3_82,celseq2,delta
D29-3_85,celseq2,delta
D29-4_17,celseq2,delta
D29-4_41,celseq2,delta
D29-4_43,celseq2,delta
D29-4_64,celseq2,delta
D29-4_81,celseq2,delta
D29-4_83,celseq2,delta
D29-4_90,celseq2,delta
D29-5_32,celseq2,delta
D29-5_36,celseq2,delta
D29-5_47,celseq2,delta
D29-5_66,celseq2,delta
D29-5_76,celseq2,delta
D29-5_77,celseq2,delta
D29-5_83,celseq2,delta
D29-6_10,celseq2,delta
D29-6_22,celseq2,delta
D29-6_30,celseq2,delta
D29-6_44,celseq2,delta
D29-6_46,celseq2,delta
D29-6_63,celseq2,delta
D29-6_66,celseq2,delta
D29-6_87,celseq2,delta
D29-7_4,celseq2,delta
D29-7_19,celseq2,delta
D29-7_21,celseq2,delta
D29-7_28,celseq2,delta
D29-7_54,celseq2,delta
D29-7_63,celseq2,delta
D29-7_78,celseq2,delta
D29-7_79,celseq2,delta
D29-7_81,celseq2,delta
D29-8_10,celseq2,delta
D29-8_13,celseq2,delta
D29-8_46,celseq2,delta
D29-8_54,celseq2,delta
D29-8_62,celseq2,delta
D29-8_68,celseq2,delta
D29-8_72,celseq2,delta
D29-8_73,celseq2,delta
D29-8_79,celseq2,delta
D29-8_80,celseq2,delta
D29-8_81,celseq2,delta
D29-8_83,celseq2,delta
D30-1_5,celseq2,delta
D30-1_6,celseq2,delta
D30-1_64,celseq2,delta
D30-1_66,celseq2,delta
D30-1_83,celseq2,delta
D30-2_3,celseq2,delta
D30-2_20,celseq2,delta
D30-2_22,celseq2,delta
D30-2_26,celseq2,delta
D30-2_49,celseq2,delta
D30-2_52,celseq2,delta
D30-2_54,celseq2,delta
D30-2_55,celseq2,delta
D30-2_74,celseq2,delta
D30-2_75,celseq2,delta
D30-2_82,celseq2,delta
D30-2_89,celseq2,delta
D30-2_90,celseq2,delta
D30-3_18,celseq2,delta
D30-3_22,celseq2,delta
D30-3_23,celseq2,delta
D30-3_43,celseq2,delta
D30-3_54,celseq2,delta
D30-3_62,celseq2,delta
D30-3_69,celseq2,delta
D30-3_75,celseq2,delta
D30-3_76,celseq2,delta
D30-3_82,celseq2,delta
D30-3_87,celseq2,delta
D30-4_5,celseq2,delta
D30-4_14,celseq2,delta
D30-4_17,celseq2,delta
D30-4_22,celseq2,delta
D30-4_26,celseq2,delta
D30-4_28,celseq2,delta
D30-4_59,celseq2,delta
D30-4_80,celseq2,delta
D30-5_11,celseq2,delta
D30-5_12,celseq2,delta
D30-5_17,celseq2,delta
D30-5_18,celseq2,delta
D30-5_22,celseq2,delta
D30-5_35,celseq2,delta
D30-5_76,celseq2,delta
D30-5_82,celseq2,delta
D30-5_85,celseq2,delta
D30-5_91,celseq2,delta
D30-6_6,celseq2,delta
D30-6_13,celseq2,delta
D30-6_35,celseq2,delta
D30-6_49,celseq2,delta
D30-6_53,celseq2,delta
D30-6_58,celseq2,delta
D30-6_83,celseq2,delta
D30-6_92,celseq2,delta
D30-7_7,celseq2,delta
D30-7_13,celseq2,delta
D30-7_29,celseq2,delta
D30-7_31,celseq2,delta
D30-7_32,celseq2,delta
D30-7_53,celseq2,delta
D30-7_55,celseq2,delta
D30-7_89,celseq2,delta
D30-8_3,celseq2,delta
D30-8_9,celseq2,delta
D30-8_32,celseq2,delta
D30-8_40,celseq2,delta
D30-8_55,celseq2,delta
D30-8_66,celseq2,delta
D30-8_86,celseq2,delta
D30-8_88,celseq2,delta
D31-1_6,celseq2,delta
D31-1_15,celseq2,delta
D31-1_33,celseq2,delta
D31-1_38,celseq2,delta
D31-2_5,celseq2,delta
D31-2_12,celseq2,delta
D31-2_29,celseq2,delta
D31-2_36,celseq2,delta
D31-2_70,celseq2,delta
D31-2_79,celseq2,delta
D31-3_16,celseq2,delta
D31-3_22,celseq2,delta
D31-3_41,celseq2,delta
D31-3_42,celseq2,delta
D31-3_62,celseq2,delta
D31-3_67,celseq2,delta
D31-3_88,celseq2,delta
D31-4_2,celseq2,delta
D31-4_8,celseq2,delta
D31-4_28,celseq2,delta
D31-4_46,celseq2,delta
D31-4_60,celseq2,delta
D31-4_62,celseq2,delta
D31-4_78,celseq2,delta
D31-5_18,celseq2,delta
D31-5_23,celseq2,delta
D31-5_42,celseq2,delta
D31-5_46,celseq2,delta
D31-5_55,celseq2,delta
D31-5_71,celseq2,delta
D31-5_84,celseq2,delta
D31-6_7,celseq2,delta
D31-6_12,celseq2,delta
D31-6_38,celseq2,delta
D31-6_46,celseq2,delta
D31-7_66,celseq2,delta
D31-7_74,celseq2,delta
D31-7_81,celseq2,delta
D31-8_1,celseq2,delta
D31-8_17,celseq2,delta
D31-8_28,celseq2,delta
D31-8_34,celseq2,delta
D31-8_66,celseq2,delta
D31-8_69,celseq2,delta
D31-8_71,celseq2,delta
D31-8_76,celseq2,delta
10th_C76_S128,fluidigmc1,delta
11th-C33_S20,fluidigmc1,delta
13th_C51_S170,fluidigmc1,delta
13th_C66_S214,fluidigmc1,delta
1st-C69_S44,fluidigmc1,delta
2nd-C25_S49,fluidigmc1,delta
3rd-C1_S39,fluidigmc1,delta
3rd-C68_S13,fluidigmc1,delta
3rd-C86_S85,fluidigmc1,delta
4th-C26_S50,fluidigmc1,delta
4th-C32_S62,fluidigmc1,delta
4th-C85_S78,fluidigmc1,delta
4th-C87_S76,fluidigmc1,delta
4th-C89_S83,fluidigmc1,delta
5th-C35_S109,fluidigmc1,delta
5th-C83_S111,fluidigmc1,delta
6th-C23_S38,fluidigmc1,delta
6th-C24_S37,fluidigmc1,delta
7th-C15_S23,fluidigmc1,delta
7th-C56_S15,fluidigmc1,delta
7th-C68_S38,fluidigmc1,delta
7th-C72_S42,fluidigmc1,delta
8th-C6_S88,fluidigmc1,delta
8th-C84_S143,fluidigmc1,delta
9th-C28_S50,fluidigmc1,delta
AZ_C11,smartseq2,delta
AZ_B10,smartseq2,delta
AZ_B1,smartseq2,delta
AZ_A12,smartseq2,delta
AZ_A10,smartseq2,delta
AZ_G6,smartseq2,delta
AZ_D5,smartseq2,delta
HP1502401_D17,smartseq2,delta
HP1502401_A18,smartseq2,delta
HP1502401_I7,smartseq2,delta
HP1502401_O6,smartseq2,delta
HP1502401_C8,smartseq2,delta
HP1502401_H6,smartseq2,delta
HP1502401_O18,smartseq2,delta
HP1502401_F11,smartseq2,delta
HP1502401_I9,smartseq2,delta
HP1502401_D12,smartseq2,delta
HP1502401_N7,smartseq2,delta
HP1502401_G3,smartseq2,delta
HP1502401_C5,smartseq2,delta
HP1502401_A2,smartseq2,delta
HP1502401_M6,smartseq2,delta
HP1502401_A24,smartseq2,delta
HP1502401_C20,smartseq2,delta
HP1502401_E3,smartseq2,delta
HP1502401_E9,smartseq2,delta
HP1502401_B8,smartseq2,delta
HP1504101T2D_A24,smartseq2,delta
HP1504101T2D_H5,smartseq2,delta
HP1504101T2D_F17,smartseq2,delta
HP1504101T2D_C9,smartseq2,delta
HP1504101T2D_L11,smartseq2,delta
HP1504101T2D_C10,smartseq2,delta
HP1504101T2D_N21,smartseq2,delta
HP1504101T2D_J14,smartseq2,delta
HP1504101T2D_E21,smartseq2,delta
HP1504101T2D_I11,smartseq2,delta
HP1504101T2D_P4,smartseq2,delta
HP1504101T2D_P5,smartseq2,delta
HP1504101T2D_K14,smartseq2,delta
HP1504901_K20,smartseq2,delta
HP1504901_I7,smartseq2,delta
HP1504901_A21,smartseq2,delta
HP1504901_F2,smartseq2,delta
HP1504901_I23,smartseq2,delta
HP1504901_P21,smartseq2,delta
HP1504901_D6,smartseq2,delta
HP1504901_B4,smartseq2,delta
HP1504901_J4,smartseq2,delta
HP1504901_B9,smartseq2,delta
HP1504901_N24,smartseq2,delta
HP1504901_M21,smartseq2,delta
HP1504901_C10,smartseq2,delta
HP1504901_A10,smartseq2,delta
HP1506401_E16,smartseq2,delta
HP1506401_G11,smartseq2,delta
HP1506401_M14,smartseq2,delta
HP1507101_A3,smartseq2,delta
HP1507101_O23,smartseq2,delta
HP1507101_P14,smartseq2,delta
HP1507101_L23,smartseq2,delta
HP1507101_F10,smartseq2,delta
HP1507101_P21,smartseq2,delta
HP1507101_A5,smartseq2,delta
HP1507101_L4,smartseq2,delta
HP1507101_E16,smartseq2,delta
HP1507101_F12,smartseq2,delta
HP1508501T2D_H11,smartseq2,delta
HP1508501T2D_I18,smartseq2,delta
HP1508501T2D_I23,smartseq2,delta
HP1508501T2D_C8,smartseq2,delta
HP1508501T2D_D15,smartseq2,delta
HP1508501T2D_C16,smartseq2,delta
HP1508501T2D_J18,smartseq2,delta
HP1509101_O1,smartseq2,delta
HP1509101_J16,smartseq2,delta
HP1509101_E4,smartseq2,delta
HP1509101_H7,smartseq2,delta
HP1509101_D22,smartseq2,delta
HP1509101_L19,smartseq2,delta
HP1509101_J18,smartseq2,delta
HP1509101_P12,smartseq2,delta
HP1509101_O24,smartseq2,delta
HP1509101_H13,smartseq2,delta
HP1509101_O4,smartseq2,delta
HP1509101_L23,smartseq2,delta
HP1525301T2D_D19,smartseq2,delta
HP1525301T2D_O2,smartseq2,delta
HP1525301T2D_M17,smartseq2,delta
HP1525301T2D_A7,smartseq2,delta
HP1525301T2D_J10,smartseq2,delta
HP1526901T2D_A10,smartseq2,delta
HP1526901T2D_B6,smartseq2,delta
HP1526901T2D_H18,smartseq2,delta
HP1526901T2D_J22,smartseq2,delta
HP1526901T2D_M19,smartseq2,delta
HP1526901T2D_A16,smartseq2,delta
HP1526901T2D_I10,smartseq2,delta
HP1526901T2D_G23,smartseq2,delta
HP1526901T2D_P22,smartseq2,delta
HP1526901T2D_K24,smartseq2,delta
HP1526901T2D_E20,smartseq2,delta
HP1526901T2D_B18,smartseq2,delta
HP1526901T2D_A4,smartseq2,delta
HP1526901T2D_A23,smartseq2,delta
HP1526901T2D_K22,smartseq2,delta
HP1526901T2D_G2,smartseq2,delta
HP1526901T2D_O9,smartseq2,delta
HP1526901T2D_L24,smartseq2,delta
HP1526901T2D_A22,smartseq2,delta
HP1526901T2D_J20,smartseq2,delta
HP1526901T2D_J1,smartseq2,delta
HP1526901T2D_C15,smartseq2,delta
HP1526901T2D_I19,smartseq2,delta
HP1526901T2D_B7,smartseq2,delta
HP1526901T2D_O7,smartseq2,delta
HP1526901T2D_E21,smartseq2,delta
HP1526901T2D_E3,smartseq2,delta
HP1526901T2D_E19,smartseq2,delta
HP1526901T2D_I11,smartseq2,delta
HP1526901T2D_F23,smartseq2,delta
HP1526901T2D_C24,smartseq2,delta
HP1526901T2D_D21,smartseq2,delta
HP1526901T2D_C1,smartseq2,delta
HP1526901T2D_A13,smartseq2,delta
HP1526901T2D_I18,smartseq2,delta
HP1526901T2D_N16,smartseq2,delta
D101_14,celseq,beta
D101_31,celseq,beta
D101_35,celseq,beta
D101_73,celseq,beta
D101_89,celseq,beta
D102_7,celseq,beta
D102_11,celseq,beta
D102_18,celseq,beta
D102_24,celseq,beta
D102_25,celseq,beta
D102_39,celseq,beta
D102_45,celseq,beta
D102_55,celseq,beta
D102_58,celseq,beta
D102_59,celseq,beta
D102_63,celseq,beta
D102_66,celseq,beta
D102_96,celseq,beta
D1713_11,celseq,beta
D1713_18,celseq,beta
D1713_19,celseq,beta
D1713_95,celseq,beta
D172444_11,celseq,beta
D172444_21,celseq,beta
D172444_47,celseq,beta
D172444_48,celseq,beta
D172444_50,celseq,beta
D172444_51,celseq,beta
D172444_55,celseq,beta
D172444_65,celseq,beta
D172444_67,celseq,beta
D172444_69,celseq,beta
D172444_74,celseq,beta
D172444_86,celseq,beta
D17All1_3,celseq,beta
D17All1_5,celseq,beta
D17All1_6,celseq,beta
D17All1_7,celseq,beta
D17All1_12,celseq,beta
D17All1_19,celseq,beta
D17All1_22,celseq,beta
D17All1_23,celseq,beta
D17All1_35,celseq,beta
D17All1_38,celseq,beta
D17All1_40,celseq,beta
D17All1_51,celseq,beta
D17All1_60,celseq,beta
D17All1_63,celseq,beta
D17All1_66,celseq,beta
D17All1_70,celseq,beta
D17All1_71,celseq,beta
D17All1_75,celseq,beta
D17All1_81,celseq,beta
D17All1_82,celseq,beta
D17All1_83,celseq,beta
D17All1_87,celseq,beta
D17All1_90,celseq,beta
D17All1_91,celseq,beta
D17All1_95,celseq,beta
D17All2_2,celseq,beta
D17All2_7,celseq,beta
D17All2_10,celseq,beta
D17All2_12,celseq,beta
D17All2_13,celseq,beta
D17All2_20,celseq,beta
D17All2_21,celseq,beta
D17All2_22,celseq,beta
D17All2_25,celseq,beta
D17All2_26,celseq,beta
D17All2_30,celseq,beta
D17All2_31,celseq,beta
D17All2_34,celseq,beta
D17All2_35,celseq,beta
D17All2_36,celseq,beta
D17All2_41,celseq,beta
D17All2_55,celseq,beta
D17All2_56,celseq,beta
D17All2_57,celseq,beta
D17All2_65,celseq,beta
D17All2_68,celseq,beta
D17All2_69,celseq,beta
D17All2_87,celseq,beta
D17All2_90,celseq,beta
D17All2_94,celseq,beta
D17All2_95,celseq,beta
D17TGFB_68,celseq,beta
D2ex_39,celseq,beta
D2ex_43,celseq,beta
D2ex_78,celseq,beta
D3en1_63,celseq,beta
D3en1_69,celseq,beta
D3en3_51,celseq,beta
D3en4_56,celseq,beta
D3ex_66,celseq,beta
D71_4,celseq,beta
D71_9,celseq,beta
D71_15,celseq,beta
D71_19,celseq,beta
D71_21,celseq,beta
D71_26,celseq,beta
D71_29,celseq,beta
D71_30,celseq,beta
D71_36,celseq,beta
D71_38,celseq,beta
D71_42,celseq,beta
D71_49,celseq,beta
D71_51,celseq,beta
D71_54,celseq,beta
D71_55,celseq,beta
D71_57,celseq,beta
D71_61,celseq,beta
D71_62,celseq,beta
D71_63,celseq,beta
D71_82,celseq,beta
D71_83,celseq,beta
D71_84,celseq,beta
D71_86,celseq,beta
D72_41,celseq,beta
D72_42,celseq,beta
D72_55,celseq,beta
D72_81,celseq,beta
D72_84,celseq,beta
D72_96,celseq,beta
D73_4,celseq,beta
D73_9,celseq,beta
D73_12,celseq,beta
D73_21,celseq,beta
D73_22,celseq,beta
D73_28,celseq,beta
D73_42,celseq,beta
D73_45,celseq,beta
D73_55,celseq,beta
D73_61,celseq,beta
D73_62,celseq,beta
D73_67,celseq,beta
D73_72,celseq,beta
D73_76,celseq,beta
D73_85,celseq,beta
D73_87,celseq,beta
D73_91,celseq,beta
D73_92,celseq,beta
D74_1,celseq,beta
D74_2,celseq,beta
D74_3,celseq,beta
D74_5,celseq,beta
D74_10,celseq,beta
D74_16,celseq,beta
D74_21,celseq,beta
D74_33,celseq,beta
D74_35,celseq,beta
D74_36,celseq,beta
D74_49,celseq,beta
D74_51,celseq,beta
D74_53,celseq,beta
D74_61,celseq,beta
D74_65,celseq,beta
D74_77,celseq,beta
D74_82,celseq,beta
D74_83,celseq,beta
D74_86,celseq,beta
D74_92,celseq,beta
D28-1_4,celseq2,beta
D28-1_43,celseq2,beta
D28-2_38,celseq2,beta
D28-2_73,celseq2,beta
D28-3_6,celseq2,beta
D28-3_27,celseq2,beta
D28-3_30,celseq2,beta
D28-3_37,celseq2,beta
D28-3_41,celseq2,beta
D28-3_89,celseq2,beta
D28-4_31,celseq2,beta
D28-4_77,celseq2,beta
D28-4_88,celseq2,beta
D28-5_1,celseq2,beta
D28-5_5,celseq2,beta
D28-5_73,celseq2,beta
D28-6_3,celseq2,beta
D28-6_53,celseq2,beta
D28-6_86,celseq2,beta
D28-6_87,celseq2,beta
D28-7_40,celseq2,beta
D28-8_4,celseq2,beta
D28-8_29,celseq2,beta
D28-8_85,celseq2,beta
D28-8_88,celseq2,beta
D29-1_8,celseq2,beta
D29-1_21,celseq2,beta
D29-1_24,celseq2,beta
D29-1_36,celseq2,beta
D29-1_40,celseq2,beta
D29-1_48,celseq2,beta
D29-1_52,celseq2,beta
D29-1_53,celseq2,beta
D29-1_70,celseq2,beta
D29-1_75,celseq2,beta
D29-1_77,celseq2,beta
D29-1_78,celseq2,beta
D29-1_79,celseq2,beta
D29-1_81,celseq2,beta
D29-1_82,celseq2,beta
D29-1_84,celseq2,beta
D29-1_88,celseq2,beta
D29-1_92,celseq2,beta
D29-1_94,celseq2,beta
D29-2_5,celseq2,beta
D29-2_11,celseq2,beta
D29-2_18,celseq2,beta
D29-2_20,celseq2,beta
D29-2_24,celseq2,beta
D29-2_26,celseq2,beta
D29-2_27,celseq2,beta
D29-2_30,celseq2,beta
D29-2_50,celseq2,beta
D29-2_53,celseq2,beta
D29-2_54,celseq2,beta
D29-2_56,celseq2,beta
D29-2_60,celseq2,beta
D29-2_62,celseq2,beta
D29-2_66,celseq2,beta
D29-2_70,celseq2,beta
D29-2_72,celseq2,beta
D29-2_79,celseq2,beta
D29-2_80,celseq2,beta
D29-2_81,celseq2,beta
D29-2_89,celseq2,beta
D29-3_5,celseq2,beta
D29-3_7,celseq2,beta
D29-3_21,celseq2,beta
D29-3_23,celseq2,beta
D29-3_24,celseq2,beta
D29-3_28,celseq2,beta
D29-3_36,celseq2,beta
D29-3_37,celseq2,beta
D29-3_39,celseq2,beta
D29-3_48,celseq2,beta
D29-3_51,celseq2,beta
D29-3_52,celseq2,beta
D29-3_59,celseq2,beta
D29-3_61,celseq2,beta
D29-3_64,celseq2,beta
D29-3_78,celseq2,beta
D29-3_83,celseq2,beta
D29-3_86,celseq2,beta
D29-3_87,celseq2,beta
D29-3_94,celseq2,beta
D29-4_19,celseq2,beta
D29-4_23,celseq2,beta
D29-4_27,celseq2,beta
D29-4_31,celseq2,beta
D29-4_39,celseq2,beta
D29-4_42,celseq2,beta
D29-4_44,celseq2,beta
D29-4_52,celseq2,beta
D29-4_59,celseq2,beta
D29-4_63,celseq2,beta
D29-4_67,celseq2,beta
D29-4_73,celseq2,beta
D29-4_79,celseq2,beta
D29-4_88,celseq2,beta
D29-4_92,celseq2,beta
D29-4_94,celseq2,beta
D29-5_10,celseq2,beta
D29-5_12,celseq2,beta
D29-5_14,celseq2,beta
D29-5_20,celseq2,beta
D29-5_21,celseq2,beta
D29-5_22,celseq2,beta
D29-5_23,celseq2,beta
D29-5_30,celseq2,beta
D29-5_34,celseq2,beta
D29-5_37,celseq2,beta
D29-5_40,celseq2,beta
D29-5_48,celseq2,beta
D29-5_52,celseq2,beta
D29-5_53,celseq2,beta
D29-5_55,celseq2,beta
D29-5_58,celseq2,beta
D29-5_60,celseq2,beta
D29-5_61,celseq2,beta
D29-5_62,celseq2,beta
D29-5_63,celseq2,beta
D29-5_69,celseq2,beta
D29-5_70,celseq2,beta
D29-5_86,celseq2,beta
D29-5_91,celseq2,beta
D29-6_3,celseq2,beta
D29-6_16,celseq2,beta
D29-6_28,celseq2,beta
D29-6_32,celseq2,beta
D29-6_39,celseq2,beta
D29-6_43,celseq2,beta
D29-6_50,celseq2,beta
D29-6_56,celseq2,beta
D29-6_59,celseq2,beta
D29-6_62,celseq2,beta
D29-6_67,celseq2,beta
D29-6_70,celseq2,beta
D29-6_72,celseq2,beta
D29-6_77,celseq2,beta
D29-6_79,celseq2,beta
D29-6_80,celseq2,beta
D29-7_2,celseq2,beta
D29-7_3,celseq2,beta
D29-7_12,celseq2,beta
D29-7_14,celseq2,beta
D29-7_17,celseq2,beta
D29-7_31,celseq2,beta
D29-7_37,celseq2,beta
D29-7_39,celseq2,beta
D29-7_41,celseq2,beta
D29-7_42,celseq2,beta
D29-7_45,celseq2,beta
D29-7_48,celseq2,beta
D29-7_52,celseq2,beta
D29-7_58,celseq2,beta
D29-7_62,celseq2,beta
D29-7_68,celseq2,beta
D29-7_69,celseq2,beta
D29-7_74,celseq2,beta
D29-7_75,celseq2,beta
D29-7_86,celseq2,beta
D29-7_87,celseq2,beta
D29-8_8,celseq2,beta
D29-8_11,celseq2,beta
D29-8_12,celseq2,beta
D29-8_23,celseq2,beta
D29-8_34,celseq2,beta
D29-8_49,celseq2,beta
D29-8_50,celseq2,beta
D29-8_74,celseq2,beta
D29-8_87,celseq2,beta
D29-8_90,celseq2,beta
D29-8_91,celseq2,beta
D29-8_94,celseq2,beta
D30-1_14,celseq2,beta
D30-1_20,celseq2,beta
D30-1_26,celseq2,beta
D30-1_32,celseq2,beta
D30-1_33,celseq2,beta
D30-1_39,celseq2,beta
D30-1_41,celseq2,beta
D30-1_45,celseq2,beta
D30-1_51,celseq2,beta
D30-1_53,celseq2,beta
D30-1_57,celseq2,beta
D30-1_65,celseq2,beta
D30-1_67,celseq2,beta
D30-1_69,celseq2,beta
D30-1_74,celseq2,beta
D30-1_85,celseq2,beta
D30-1_89,celseq2,beta
D30-1_93,celseq2,beta
D30-1_94,celseq2,beta
D30-2_7,celseq2,beta
D30-2_30,celseq2,beta
D30-2_32,celseq2,beta
D30-2_33,celseq2,beta
D30-2_44,celseq2,beta
D30-2_46,celseq2,beta
D30-2_48,celseq2,beta
D30-2_57,celseq2,beta
D30-2_61,celseq2,beta
D30-2_71,celseq2,beta
D30-2_83,celseq2,beta
D30-2_87,celseq2,beta
D30-3_3,celseq2,beta
D30-3_9,celseq2,beta
D30-3_10,celseq2,beta
D30-3_13,celseq2,beta
D30-3_14,celseq2,beta
D30-3_36,celseq2,beta
D30-3_38,celseq2,beta
D30-3_51,celseq2,beta
D30-3_52,celseq2,beta
D30-3_53,celseq2,beta
D30-3_55,celseq2,beta
D30-3_58,celseq2,beta
D30-3_67,celseq2,beta
D30-3_71,celseq2,beta
D30-3_77,celseq2,beta
D30-3_78,celseq2,beta
D30-3_81,celseq2,beta
D30-3_89,celseq2,beta
D30-4_1,celseq2,beta
D30-4_2,celseq2,beta
D30-4_8,celseq2,beta
D30-4_9,celseq2,beta
D30-4_15,celseq2,beta
D30-4_33,celseq2,beta
D30-4_34,celseq2,beta
D30-4_48,celseq2,beta
D30-4_61,celseq2,beta
D30-4_67,celseq2,beta
D30-4_71,celseq2,beta
D30-4_76,celseq2,beta
D30-4_79,celseq2,beta
D30-4_83,celseq2,beta
D30-4_90,celseq2,beta
D30-5_7,celseq2,beta
D30-5_21,celseq2,beta
D30-5_32,celseq2,beta
D30-5_40,celseq2,beta
D30-5_49,celseq2,beta
D30-5_56,celseq2,beta
D30-5_57,celseq2,beta
D30-5_69,celseq2,beta
D30-6_11,celseq2,beta
D30-6_14,celseq2,beta
D30-6_15,celseq2,beta
D30-6_18,celseq2,beta
D30-6_21,celseq2,beta
D30-6_38,celseq2,beta
D30-6_47,celseq2,beta
D30-6_54,celseq2,beta
D30-6_56,celseq2,beta
D30-6_59,celseq2,beta
D30-6_60,celseq2,beta
D30-6_68,celseq2,beta
D30-6_76,celseq2,beta
D30-6_79,celseq2,beta
D30-6_94,celseq2,beta
D30-7_3,celseq2,beta
D30-7_4,celseq2,beta
D30-7_21,celseq2,beta
D30-7_22,celseq2,beta
D30-7_23,celseq2,beta
D30-7_44,celseq2,beta
D30-7_48,celseq2,beta
D30-7_54,celseq2,beta
D30-7_56,celseq2,beta
D30-7_62,celseq2,beta
D30-7_63,celseq2,beta
D30-7_70,celseq2,beta
D30-7_76,celseq2,beta
D30-7_79,celseq2,beta
D30-7_80,celseq2,beta
D30-7_82,celseq2,beta
D30-7_94,celseq2,beta
D30-8_6,celseq2,beta
D30-8_12,celseq2,beta
D30-8_14,celseq2,beta
D30-8_17,celseq2,beta
D30-8_27,celseq2,beta
D30-8_35,celseq2,beta
D30-8_45,celseq2,beta
D30-8_46,celseq2,beta
D30-8_49,celseq2,beta
D30-8_51,celseq2,beta
D30-8_59,celseq2,beta
D30-8_62,celseq2,beta
D30-8_68,celseq2,beta
D30-8_73,celseq2,beta
D30-8_74,celseq2,beta
D30-8_80,celseq2,beta
D30-8_85,celseq2,beta
D31-1_1,celseq2,beta
D31-1_10,celseq2,beta
D31-1_14,celseq2,beta
D31-1_20,celseq2,beta
D31-1_26,celseq2,beta
D31-1_28,celseq2,beta
D31-1_29,celseq2,beta
D31-1_34,celseq2,beta
D31-1_39,celseq2,beta
D31-1_47,celseq2,beta
D31-1_53,celseq2,beta
D31-1_54,celseq2,beta
D31-1_56,celseq2,beta
D31-1_63,celseq2,beta
D31-1_68,celseq2,beta
D31-1_73,celseq2,beta
D31-1_74,celseq2,beta
D31-1_86,celseq2,beta
D31-2_1,celseq2,beta
D31-2_3,celseq2,beta
D31-2_23,celseq2,beta
D31-2_27,celseq2,beta
D31-2_28,celseq2,beta
D31-2_34,celseq2,beta
D31-2_43,celseq2,beta
D31-2_46,celseq2,beta
D31-2_47,celseq2,beta
D31-2_48,celseq2,beta
D31-2_49,celseq2,beta
D31-2_52,celseq2,beta
D31-2_58,celseq2,beta
D31-2_65,celseq2,beta
D31-2_66,celseq2,beta
D31-2_71,celseq2,beta
D31-2_72,celseq2,beta
D31-2_92,celseq2,beta
D31-3_4,celseq2,beta
D31-3_10,celseq2,beta
D31-3_17,celseq2,beta
D31-3_31,celseq2,beta
D31-3_33,celseq2,beta
D31-3_43,celseq2,beta
D31-3_50,celseq2,beta
D31-3_66,celseq2,beta
D31-3_68,celseq2,beta
D31-3_75,celseq2,beta
D31-3_80,celseq2,beta
D31-3_83,celseq2,beta
D31-3_87,celseq2,beta
D31-3_92,celseq2,beta
D31-4_10,celseq2,beta
D31-4_12,celseq2,beta
D31-4_17,celseq2,beta
D31-4_19,celseq2,beta
D31-4_21,celseq2,beta
D31-4_25,celseq2,beta
D31-4_34,celseq2,beta
D31-4_39,celseq2,beta
D31-4_44,celseq2,beta
D31-4_45,celseq2,beta
D31-4_49,celseq2,beta
D31-4_51,celseq2,beta
D31-4_58,celseq2,beta
D31-4_63,celseq2,beta
D31-4_64,celseq2,beta
D31-4_65,celseq2,beta
D31-4_66,celseq2,beta
D31-4_74,celseq2,beta
D31-4_75,celseq2,beta
D31-4_82,celseq2,beta
D31-4_83,celseq2,beta
D31-4_85,celseq2,beta
D31-4_92,celseq2,beta
D31-4_94,celseq2,beta
D31-5_3,celseq2,beta
D31-5_5,celseq2,beta
D31-5_9,celseq2,beta
D31-5_15,celseq2,beta
D31-5_22,celseq2,beta
D31-5_26,celseq2,beta
D31-5_27,celseq2,beta
D31-5_29,celseq2,beta
D31-5_30,celseq2,beta
D31-5_32,celseq2,beta
D31-5_38,celseq2,beta
D31-5_52,celseq2,beta
D31-5_61,celseq2,beta
D31-5_74,celseq2,beta
D31-5_80,celseq2,beta
D31-5_85,celseq2,beta
D31-5_94,celseq2,beta
D31-6_15,celseq2,beta
D31-6_16,celseq2,beta
D31-6_19,celseq2,beta
D31-6_20,celseq2,beta
D31-6_22,celseq2,beta
D31-6_31,celseq2,beta
D31-6_42,celseq2,beta
D31-6_47,celseq2,beta
D31-6_49,celseq2,beta
D31-6_58,celseq2,beta
D31-6_65,celseq2,beta
D31-6_67,celseq2,beta
D31-6_76,celseq2,beta
D31-6_80,celseq2,beta
D31-6_85,celseq2,beta
D31-6_87,celseq2,beta
D31-6_92,celseq2,beta
D31-7_1,celseq2,beta
D31-7_3,celseq2,beta
D31-7_22,celseq2,beta
D31-7_34,celseq2,beta
D31-7_39,celseq2,beta
D31-7_40,celseq2,beta
D31-7_45,celseq2,beta
D31-7_46,celseq2,beta
D31-7_47,celseq2,beta
D31-7_53,celseq2,beta
D31-7_55,celseq2,beta
D31-7_59,celseq2,beta
D31-7_60,celseq2,beta
D31-7_67,celseq2,beta
D31-7_69,celseq2,beta
D31-7_72,celseq2,beta
D31-7_76,celseq2,beta
D31-7_84,celseq2,beta
D31-7_85,celseq2,beta
D31-7_87,celseq2,beta
D31-7_91,celseq2,beta
D31-7_94,celseq2,beta
D31-8_3,celseq2,beta
D31-8_8,celseq2,beta
D31-8_13,celseq2,beta
D31-8_21,celseq2,beta
D31-8_29,celseq2,beta
D31-8_31,celseq2,beta
D31-8_41,celseq2,beta
D31-8_42,celseq2,beta
D31-8_43,celseq2,beta
D31-8_48,celseq2,beta
D31-8_49,celseq2,beta
D31-8_50,celseq2,beta
D31-8_60,celseq2,beta
D31-8_64,celseq2,beta
D31-8_73,celseq2,beta
D31-8_74,celseq2,beta
D31-8_78,celseq2,beta
D31-8_83,celseq2,beta
D31-8_84,celseq2,beta
D31-8_88,celseq2,beta
10th_C11_S96,fluidigmc1,beta
10th_C13_S61,fluidigmc1,beta
10th_C14_S53,fluidigmc1,beta
10th_C17_S97,fluidigmc1,beta
10th_C1_S59,fluidigmc1,beta
10th_C20_S54,fluidigmc1,beta
10th_C23_S98,fluidigmc1,beta
10th_C32_S56,fluidigmc1,beta
10th_C33_S64,fluidigmc1,beta
10th_C37_S49,fluidigmc1,beta
10th_C51_S80,fluidigmc1,beta
10th_C61_S68,fluidigmc1,beta
10th_C64_S112,fluidigmc1,beta
10th_C66_S126,fluidigmc1,beta
10th_C81_S70,fluidigmc1,beta
10th_C84_S115,fluidigmc1,beta
10th_C85_S86,fluidigmc1,beta
11th-C21_S4,fluidigmc1,beta
11th-C22_S65,fluidigmc1,beta
11th-C27_S19,fluidigmc1,beta
11th-C30_S66,fluidigmc1,beta
11th-C41_S60,fluidigmc1,beta
11th-C44_S15,fluidigmc1,beta
11th-C49_S23,fluidigmc1,beta
11th-C51_S39,fluidigmc1,beta
11th-C53_S78,fluidigmc1,beta
11th-C54_S86,fluidigmc1,beta
11th-C66_S88,fluidigmc1,beta
12th-C10_S155,fluidigmc1,beta
12th-C12_S139,fluidigmc1,beta
12th-C14_S190,fluidigmc1,beta
12th-C15_S183,fluidigmc1,beta
12th-C21_S184,fluidigmc1,beta
12th-C24_S141,fluidigmc1,beta
12th-C25_S185,fluidigmc1,beta
12th-C26_S192,fluidigmc1,beta
12th-C30_S157,fluidigmc1,beta
12th-C33_S200,fluidigmc1,beta
12th-C35_S151,fluidigmc1,beta
12th-C38_S194,fluidigmc1,beta
12th-C3_S181,fluidigmc1,beta
12th-C40_S144,fluidigmc1,beta
12th-C42_S159,fluidigmc1,beta
12th-C47_S153,fluidigmc1,beta
12th-C48_S160,fluidigmc1,beta
12th-C4_S154,fluidigmc1,beta
12th-C51_S217,fluidigmc1,beta
12th-C55_S203,fluidigmc1,beta
12th-C59_S169,fluidigmc1,beta
12th-C60_S176,fluidigmc1,beta
12th-C64_S163,fluidigmc1,beta
12th-C65_S170,fluidigmc1,beta
12th-C67_S205,fluidigmc1,beta
12th-C74_S214,fluidigmc1,beta
12th-C7_S196,fluidigmc1,beta
12th-C84_S165,fluidigmc1,beta
12th-C85_S137,fluidigmc1,beta
12th-C8_S189,fluidigmc1,beta
12th-C90_S166,fluidigmc1,beta
12th-C93_S209,fluidigmc1,beta
12th-C96_S167,fluidigmc1,beta
13th_C12_S178,fluidigmc1,beta
13th_C15_S134,fluidigmc1,beta
13th_C16_S193,fluidigmc1,beta
13th_C17_S186,fluidigmc1,beta
13th_C21_S135,fluidigmc1,beta
13th_C34_S181,fluidigmc1,beta
13th_C38_S145,fluidigmc1,beta
13th_C39_S153,fluidigmc1,beta
13th_C46_S183,fluidigmc1,beta
13th_C52_S198,fluidigmc1,beta
13th_C57_S171,fluidigmc1,beta
13th_C5_S184,fluidigmc1,beta
13th_C63_S172,fluidigmc1,beta
13th_C68_S165,fluidigmc1,beta
13th_C70_S201,fluidigmc1,beta
13th_C71_S208,fluidigmc1,beta
13th_C75_S159,fluidigmc1,beta
13th_C80_S167,fluidigmc1,beta
13th_C81_S160,fluidigmc1,beta
13th_C89_S211,fluidigmc1,beta
13th_C94_S219,fluidigmc1,beta
13th_C96_S204,fluidigmc1,beta
1st-61_S27,fluidigmc1,beta
1st-C11_S58,fluidigmc1,beta
1st-C13_S19,fluidigmc1,beta
1st-C32_S14,fluidigmc1,beta
1st-C39_S23,fluidigmc1,beta
1st-C58_S76,fluidigmc1,beta
1st-C64_S79,fluidigmc1,beta
1st-C77_S86,fluidigmc1,beta
1st-C79_S46,fluidigmc1,beta
1st-C90_S91,fluidigmc1,beta
1st-C96_S94,fluidigmc1,beta
2nd-C15_S25,fluidigmc1,beta
2nd-C17_S32,fluidigmc1,beta
2nd-C19_S39,fluidigmc1,beta
2nd-C27_S51,fluidigmc1,beta
2nd-C32_S62,fluidigmc1,beta
2nd-C37_S73,fluidigmc1,beta
2nd-C38_S74,fluidigmc1,beta
2nd-C49_S4,fluidigmc1,beta
2nd-C51_S6,fluidigmc1,beta
2nd-C52_S10,fluidigmc1,beta
2nd-C5_S8,fluidigmc1,beta
2nd-C62_S29,fluidigmc1,beta
2nd-C72_S48,fluidigmc1,beta
2nd-C76_S60,fluidigmc1,beta
2nd-C7_S15,fluidigmc1,beta
2nd-C81_S64,fluidigmc1,beta
2nd-C86_S77,fluidigmc1,beta
2nd-C87_S76,fluidigmc1,beta
2nd-C88_S84,fluidigmc1,beta
2nd-C93_S88,fluidigmc1,beta
2nd-C95_S95,fluidigmc1,beta
3rd-C11_S58,fluidigmc1,beta
3rd-C25_S15,fluidigmc1,beta
3rd-C33_S50,fluidigmc1,beta
3rd-C36_S2,fluidigmc1,beta
3rd-C4_S25,fluidigmc1,beta
3rd-C56_S90,fluidigmc1,beta
3rd-C58_S3,fluidigmc1,beta
3rd-C59_S91,fluidigmc1,beta
3rd-C60_S10,fluidigmc1,beta
3rd-C65_S20,fluidigmc1,beta
3rd-C71_S80,fluidigmc1,beta
3rd-C82_S11,fluidigmc1,beta
3rd-C84_S75,fluidigmc1,beta
3rd-C87_S88,fluidigmc1,beta
3rd-C88_S24,fluidigmc1,beta
3rd-C92_S86,fluidigmc1,beta
3rd-C96_S79,fluidigmc1,beta
4th-61_S28,fluidigmc1,beta
4th-C14_S26,fluidigmc1,beta
4th-C24_S43,fluidigmc1,beta
4th-C28_S55,fluidigmc1,beta
4th-C45_S87,fluidigmc1,beta
4th-C49_S4,fluidigmc1,beta
4th-C5_S8,fluidigmc1,beta
4th-C67_S40,fluidigmc1,beta
4th-C7_S15,fluidigmc1,beta
4th-C8_S14,fluidigmc1,beta
4th-C93_S88,fluidigmc1,beta
5th-C12_S90,fluidigmc1,beta
5th-C14_S97,fluidigmc1,beta
5th-C16_S98,fluidigmc1,beta
5th-C18_S96,fluidigmc1,beta
5th-C25_S108,fluidigmc1,beta
5th-C49_S89,fluidigmc1,beta
5th-C5_S85,fluidigmc1,beta
5th-C64_S99,fluidigmc1,beta
5th-C80_S116,fluidigmc1,beta
5th-C90_S115,fluidigmc1,beta
6th-C12_S18,fluidigmc1,beta
6th-C15_S22,fluidigmc1,beta
6th-C16_S29,fluidigmc1,beta
6th-C19_S35,fluidigmc1,beta
6th-C1_S3,fluidigmc1,beta
6th-C20_S34,fluidigmc1,beta
6th-C22_S39,fluidigmc1,beta
6th-C25_S43,fluidigmc1,beta
6th-C28_S49,fluidigmc1,beta
6th-C29_S50,fluidigmc1,beta
6th-C2_S2,fluidigmc1,beta
6th-C30_S51,fluidigmc1,beta
6th-C40_S73,fluidigmc1,beta
6th-C42_S75,fluidigmc1,beta
6th-C51_S6,fluidigmc1,beta
6th-C54_S11,fluidigmc1,beta
6th-C57_S17,fluidigmc1,beta
6th-C58_S20,fluidigmc1,beta
6th-C59_S21,fluidigmc1,beta
6th-C64_S30,fluidigmc1,beta
6th-C66_S32,fluidigmc1,beta
6th-C67_S36,fluidigmc1,beta
6th-C71_S41,fluidigmc1,beta
6th-C73_S48,fluidigmc1,beta
6th-C75_S46,fluidigmc1,beta
6th-C77_S53,fluidigmc1,beta
6th-C79_S60,fluidigmc1,beta
6th-C80_S59,fluidigmc1,beta
6th-C82_S66,fluidigmc1,beta
6th-C84_S64,fluidigmc1,beta
6th-C85_S72,fluidigmc1,beta
6th-C89_S77,fluidigmc1,beta
6th-C90_S76,fluidigmc1,beta
6th-C91_S84,fluidigmc1,beta
6th-C93_S82,fluidigmc1,beta
7th-C10_S19,fluidigmc1,beta
7th-C12_S17,fluidigmc1,beta
7th-C19_S36,fluidigmc1,beta
7th-C1_S3,fluidigmc1,beta
7th-C20_S35,fluidigmc1,beta
7th-C21_S34,fluidigmc1,beta
7th-C25_S43,fluidigmc1,beta
7th-C28_S48,fluidigmc1,beta
7th-C2_S2,fluidigmc1,beta
7th-C31_S53,fluidigmc1,beta
7th-C3_S1,fluidigmc1,beta
7th-C45_S77,fluidigmc1,beta
7th-C4_S8,fluidigmc1,beta
7th-C50_S5,fluidigmc1,beta
7th-C52_S9,fluidigmc1,beta
7th-C53_S10,fluidigmc1,beta
7th-C57_S16,fluidigmc1,beta
7th-C59_S21,fluidigmc1,beta
7th-C60_S22,fluidigmc1,beta
7th-C62_S27,fluidigmc1,beta
7th-C64_S31,fluidigmc1,beta
7th-C65_S32,fluidigmc1,beta
7th-C66_S33,fluidigmc1,beta
7th-C73_S47,fluidigmc1,beta
7th-C77_S51,fluidigmc1,beta
7th-C80_S57,fluidigmc1,beta
7th-C84_S62,fluidigmc1,beta
7th-C89_S74,fluidigmc1,beta
7th-C8_S13,fluidigmc1,beta
7th-C90_S73,fluidigmc1,beta
7th-C94_S83,fluidigmc1,beta
7th-C96_S82,fluidigmc1,beta
8th-C10_S100,fluidigmc1,beta
8th-C18_S110,fluidigmc1,beta
8th-C24_S120,fluidigmc1,beta
8th-C2_S85,fluidigmc1,beta
8th-C38_S147,fluidigmc1,beta
8th-C44_S155,fluidigmc1,beta
8th-C47_S160,fluidigmc1,beta
8th-C61_S107,fluidigmc1,beta
8th-C65_S113,fluidigmc1,beta
8th-C70_S123,fluidigmc1,beta
8th-C75_S128,fluidigmc1,beta
8th-C87_S148,fluidigmc1,beta
9th-C10_S18,fluidigmc1,beta
9th-C11_S17,fluidigmc1,beta
9th-C13_S24,fluidigmc1,beta
9th-C14_S23,fluidigmc1,beta
9th-C16_S30,fluidigmc1,beta
9th-C1_S3,fluidigmc1,beta
9th-C25_S45,fluidigmc1,beta
9th-C38_S64,fluidigmc1,beta
9th-C3_S1,fluidigmc1,beta
9th-C41_S70,fluidigmc1,beta
9th-C46_S79,fluidigmc1,beta
9th-C51_S6,fluidigmc1,beta
9th-C57_S16,fluidigmc1,beta
9th-C59_S20,fluidigmc1,beta
9th-C65_S32,fluidigmc1,beta
9th-C69_S39,fluidigmc1,beta
9th-C6_S7,fluidigmc1,beta
9th-C70_S42,fluidigmc1,beta
9th-C81_S55,fluidigmc1,beta
9th-C86_S67,fluidigmc1,beta
9th-C88_S73,fluidigmc1,beta
9th-C89_S72,fluidigmc1,beta
9th-C8_S14,fluidigmc1,beta
9th-C91_S78,fluidigmc1,beta
9th-C93_S76,fluidigmc1,beta
9th-C94_S83,fluidigmc1,beta
AZ_C10,smartseq2,beta
AZ_A8,smartseq2,beta
AZ_D6,smartseq2,beta
AZ_H11,smartseq2,beta
AZ_E7,smartseq2,beta
AZ_G2,smartseq2,beta
AZ_H6,smartseq2,beta
AZ_F7,smartseq2,beta
AZ_C4,smartseq2,beta
AZ_F2,smartseq2,beta
AZ_F1,smartseq2,beta
AZ_D2,smartseq2,beta
HP1502401_B14,smartseq2,beta
HP1502401_G14,smartseq2,beta
HP1502401_D13,smartseq2,beta
HP1502401_J22,smartseq2,beta
HP1502401_G24,smartseq2,beta
HP1502401_N8,smartseq2,beta
HP1502401_O16,smartseq2,beta
HP1502401_H22,smartseq2,beta
HP1502401_A7,smartseq2,beta
HP1502401_B7,smartseq2,beta
HP1502401_H11,smartseq2,beta
HP1502401_E22,smartseq2,beta
HP1502401_N1,smartseq2,beta
HP1502401_D7,smartseq2,beta
HP1502401_C18,smartseq2,beta
HP1502401_F22,smartseq2,beta
HP1502401_B24,smartseq2,beta
HP1502401_C6,smartseq2,beta
HP1502401_I6,smartseq2,beta
HP1502401_G4,smartseq2,beta
HP1502401_B21,smartseq2,beta
HP1502401_D3,smartseq2,beta
HP1502401_G6,smartseq2,beta
HP1502401_C10,smartseq2,beta
HP1502401_E19,smartseq2,beta
HP1502401_J10,smartseq2,beta
HP1502401_D6,smartseq2,beta
HP1502401_M2,smartseq2,beta
HP1502401_D22,smartseq2,beta
HP1502401_G20,smartseq2,beta
HP1502401_L10,smartseq2,beta
HP1502401_M12,smartseq2,beta
HP1502401_G22,smartseq2,beta
HP1502401_B1,smartseq2,beta
HP1502401_F24,smartseq2,beta
HP1502401_E10,smartseq2,beta
HP1502401_G5,smartseq2,beta
HP1502401_A6,smartseq2,beta
HP1502401_O7,smartseq2,beta
HP1502401_H12,smartseq2,beta
HP1502401_F9,smartseq2,beta
HP1502401_F16,smartseq2,beta
HP1502401_M20,smartseq2,beta
HP1502401_C21,smartseq2,beta
HP1502401_C7,smartseq2,beta
HP1502401_H19,smartseq2,beta
HP1502401_I24,smartseq2,beta
HP1502401_N21,smartseq2,beta
HP1502401_A10,smartseq2,beta
HP1502401_J12,smartseq2,beta
HP1502401_F21,smartseq2,beta
HP1502401_B23,smartseq2,beta
HP1504101T2D_O12,smartseq2,beta
HP1504101T2D_E16,smartseq2,beta
HP1504101T2D_C24,smartseq2,beta
HP1504101T2D_B6,smartseq2,beta
HP1504101T2D_D8,smartseq2,beta
HP1504101T2D_N10,smartseq2,beta
HP1504101T2D_G9,smartseq2,beta
HP1504101T2D_E24,smartseq2,beta
HP1504101T2D_C18,smartseq2,beta
HP1504101T2D_B3,smartseq2,beta
HP1504101T2D_H6,smartseq2,beta
HP1504101T2D_I21,smartseq2,beta
HP1504101T2D_H23,smartseq2,beta
HP1504101T2D_D9,smartseq2,beta
HP1504101T2D_E15,smartseq2,beta
HP1504901_O20,smartseq2,beta
HP1504901_E16,smartseq2,beta
HP1504901_L8,smartseq2,beta
HP1504901_G8,smartseq2,beta
HP1504901_B22,smartseq2,beta
HP1504901_P14,smartseq2,beta
HP1504901_N13,smartseq2,beta
HP1504901_L17,smartseq2,beta
HP1504901_C17,smartseq2,beta
HP1504901_B11,smartseq2,beta
HP1504901_F17,smartseq2,beta
HP1504901_K19,smartseq2,beta
HP1504901_O8,smartseq2,beta
HP1504901_H17,smartseq2,beta
HP1504901_H5,smartseq2,beta
HP1504901_F11,smartseq2,beta
HP1504901_G12,smartseq2,beta
HP1504901_A16,smartseq2,beta
HP1504901_J7,smartseq2,beta
HP1504901_B7,smartseq2,beta
HP1504901_G4,smartseq2,beta
HP1504901_K22,smartseq2,beta
HP1504901_N8,smartseq2,beta
HP1504901_E10,smartseq2,beta
HP1504901_L22,smartseq2,beta
HP1504901_E21,smartseq2,beta
HP1504901_H18,smartseq2,beta
HP1504901_G16,smartseq2,beta
HP1504901_J3,smartseq2,beta
HP1504901_D7,smartseq2,beta
HP1504901_B10,smartseq2,beta
HP1506401_K1,smartseq2,beta
HP1506401_C9,smartseq2,beta
HP1506401_J19,smartseq2,beta
HP1506401_F12,smartseq2,beta
HP1506401_F24,smartseq2,beta
HP1506401_F8,smartseq2,beta
HP1506401_N20,smartseq2,beta
HP1506401_M5,smartseq2,beta
HP1506401_P20,smartseq2,beta
HP1506401_J17,smartseq2,beta
HP1506401_I23,smartseq2,beta
HP1506401_F18,smartseq2,beta
HP1506401_O10,smartseq2,beta
HP1506401_C15,smartseq2,beta
HP1506401_C4,smartseq2,beta
HP1506401_G9,smartseq2,beta
HP1506401_L14,smartseq2,beta
HP1506401_A15,smartseq2,beta
HP1506401_O11,smartseq2,beta
HP1506401_I11,smartseq2,beta
HP1506401_L5,smartseq2,beta
HP1506401_P12,smartseq2,beta
HP1506401_F11,smartseq2,beta
HP1506401_F22,smartseq2,beta
HP1506401_N11,smartseq2,beta
HP1506401_A24,smartseq2,beta
HP1506401_K21,smartseq2,beta
HP1506401_D13,smartseq2,beta
HP1506401_C8,smartseq2,beta
HP1506401_F9,smartseq2,beta
HP1506401_P14,smartseq2,beta
HP1506401_L2,smartseq2,beta
HP1506401_G6,smartseq2,beta
HP1506401_A17,smartseq2,beta
HP1506401_B8,smartseq2,beta
HP1506401_I12,smartseq2,beta
HP1506401_G12,smartseq2,beta
HP1506401_B11,smartseq2,beta
HP1507101_L22,smartseq2,beta
HP1507101_D6,smartseq2,beta
HP1507101_P2,smartseq2,beta
HP1507101_L24,smartseq2,beta
HP1507101_J8,smartseq2,beta
HP1507101_F14,smartseq2,beta
HP1507101_N5,smartseq2,beta
HP1507101_K23,smartseq2,beta
HP1507101_H24,smartseq2,beta
HP1507101_F11,smartseq2,beta
HP1507101_H4,smartseq2,beta
HP1507101_D22,smartseq2,beta
HP1507101_C7,smartseq2,beta
HP1507101_D3,smartseq2,beta
HP1507101_A12,smartseq2,beta
HP1507101_C10,smartseq2,beta
HP1507101_I12,smartseq2,beta
HP1507101_J19,smartseq2,beta
HP1507101_H10,smartseq2,beta
HP1507101_A6,smartseq2,beta
HP1507101_N6,smartseq2,beta
HP1507101_O3,smartseq2,beta
HP1507101_L16,smartseq2,beta
HP1507101_K15,smartseq2,beta
HP1507101_N13,smartseq2,beta
HP1507101_E14,smartseq2,beta
HP1507101_A13,smartseq2,beta
HP1507101_J20,smartseq2,beta
HP1507101_O9,smartseq2,beta
HP1507101_M8,smartseq2,beta
HP1507101_I18,smartseq2,beta
HP1507101_H17,smartseq2,beta
HP1507101_C12,smartseq2,beta
HP1507101_O14,smartseq2,beta
HP1507101_D23,smartseq2,beta
HP1507101_C15,smartseq2,beta
HP1507101_F23,smartseq2,beta
HP1507101_O19,smartseq2,beta
HP1507101_B5,smartseq2,beta
HP1507101_F4,smartseq2,beta
HP1507101_O8,smartseq2,beta
HP1508501T2D_O4,smartseq2,beta
HP1508501T2D_F3,smartseq2,beta
HP1508501T2D_A10,smartseq2,beta
HP1508501T2D_H2,smartseq2,beta
HP1508501T2D_I8,smartseq2,beta
HP1508501T2D_C14,smartseq2,beta
HP1508501T2D_B21,smartseq2,beta
HP1508501T2D_F1,smartseq2,beta
HP1508501T2D_B20,smartseq2,beta
HP1508501T2D_K20,smartseq2,beta
HP1508501T2D_G5,smartseq2,beta
HP1508501T2D_M14,smartseq2,beta
HP1508501T2D_F7,smartseq2,beta
HP1508501T2D_D12,smartseq2,beta
HP1508501T2D_P1,smartseq2,beta
HP1508501T2D_J6,smartseq2,beta
HP1508501T2D_C4,smartseq2,beta
HP1508501T2D_J24,smartseq2,beta
HP1508501T2D_C17,smartseq2,beta
HP1508501T2D_B16,smartseq2,beta
HP1509101_G2,smartseq2,beta
HP1509101_C1,smartseq2,beta
HP1509101_D18,smartseq2,beta
HP1509101_K9,smartseq2,beta
HP1509101_I11,smartseq2,beta
HP1509101_C23,smartseq2,beta
HP1509101_G9,smartseq2,beta
HP1509101_P1,smartseq2,beta
HP1509101_N21,smartseq2,beta
HP1509101_B13,smartseq2,beta
HP1509101_P7,smartseq2,beta
HP1509101_O6,smartseq2,beta
HP1509101_O18,smartseq2,beta
HP1509101_N23,smartseq2,beta
HP1509101_E22,smartseq2,beta
HP1509101_J19,smartseq2,beta
HP1509101_L14,smartseq2,beta
HP1509101_G12,smartseq2,beta
HP1509101_P15,smartseq2,beta
HP1525301T2D_F15,smartseq2,beta
HP1525301T2D_N3,smartseq2,beta
HP1525301T2D_I6,smartseq2,beta
HP1525301T2D_F23,smartseq2,beta
HP1525301T2D_M7,smartseq2,beta
HP1525301T2D_L14,smartseq2,beta
HP1525301T2D_N18,smartseq2,beta
HP1525301T2D_D23,smartseq2,beta
HP1525301T2D_H10,smartseq2,beta
HP1525301T2D_L17,smartseq2,beta
HP1525301T2D_G8,smartseq2,beta
HP1525301T2D_M14,smartseq2,beta
HP1526901T2D_P9,smartseq2,beta
HP1526901T2D_E11,smartseq2,beta
HP1526901T2D_J6,smartseq2,beta
HP1526901T2D_G21,smartseq2,beta
HP1526901T2D_H24,smartseq2,beta
HP1526901T2D_A1,smartseq2,beta
HP1526901T2D_M15,smartseq2,beta
HP1526901T2D_G17,smartseq2,beta
HP1526901T2D_L1,smartseq2,beta
HP1526901T2D_B4,smartseq2,beta
HP1526901T2D_K3,smartseq2,beta
HP1526901T2D_O15,smartseq2,beta
HP1526901T2D_J21,smartseq2,beta
HP1526901T2D_J5,smartseq2,beta
HP1526901T2D_L4,smartseq2,beta
HP1526901T2D_H20,smartseq2,beta
HP1526901T2D_N12,smartseq2,beta
HP1526901T2D_F5,smartseq2,beta
HP1526901T2D_O24,smartseq2,beta
HP1526901T2D_O14,smartseq2,beta
HP1526901T2D_C3,smartseq2,beta
HP1526901T2D_N13,smartseq2,beta
HP1526901T2D_D19,smartseq2,beta
HP1526901T2D_L5,smartseq2,beta
HP1526901T2D_F17,smartseq2,beta
HP1526901T2D_N3,smartseq2,beta
HP1526901T2D_K23,smartseq2,beta
HP1526901T2D_P17,smartseq2,beta
HP1526901T2D_O1,smartseq2,beta
HP1526901T2D_O17,smartseq2,beta
HP1526901T2D_K20,smartseq2,beta
HP1526901T2D_A2,smartseq2,beta
HP1526901T2D_H22,smartseq2,beta
HP1526901T2D_I20,smartseq2,beta
HP1526901T2D_B9,smartseq2,beta
HP1526901T2D_H4,smartseq2,beta
HP1526901T2D_M24,smartseq2,beta
HP1526901T2D_L3,smartseq2,beta
HP1526901T2D_P7,smartseq2,beta
HP1526901T2D_O13,smartseq2,beta
HP1526901T2D_N23,smartseq2,beta
HP1526901T2D_B1,smartseq2,beta
HP1526901T2D_N1,smartseq2,beta
HP1526901T2D_A19,smartseq2,beta
HP1526901T2D_I13,smartseq2,beta
HP1526901T2D_I3,smartseq2,beta
HP1526901T2D_M2,smartseq2,beta
HP1526901T2D_H14,smartseq2,beta
HP1526901T2D_E2,smartseq2,beta
HP1526901T2D_I5,smartseq2,beta
HP1526901T2D_P11,smartseq2,beta
HP1526901T2D_P10,smartseq2,beta
HP1526901T2D_C17,smartseq2,beta
HP1526901T2D_C11,smartseq2,beta
HP1526901T2D_H10,smartseq2,beta
HP1526901T2D_L6,smartseq2,beta
HP1526901T2D_P18,smartseq2,beta
HP1526901T2D_C10,smartseq2,beta
HP1526901T2D_G4,smartseq2,beta
HP1526901T2D_P4,smartseq2,beta
HP1526901T2D_I22,smartseq2,beta
HP1526901T2D_O8,smartseq2,beta
HP1526901T2D_A5,smartseq2,beta
HP1526901T2D_F18,smartseq2,beta
HP1526901T2D_D17,smartseq2,beta
HP1526901T2D_A14,smartseq2,beta
HP1526901T2D_B10,smartseq2,beta
HP1526901T2D_K7,smartseq2,beta
D101_17,celseq,ductal
D101_27,celseq,ductal
D101_29,celseq,ductal
D101_37,celseq,ductal
D101_53,celseq,ductal
D101_72,celseq,ductal
D102_1,celseq,ductal
D102_64,celseq,ductal
D102_73,celseq,ductal
D102_79,celseq,ductal
D102_87,celseq,ductal
D10631_2,celseq,ductal
D10631_3,celseq,ductal
D10631_10,celseq,ductal
D10631_24,celseq,ductal
D10631_34,celseq,ductal
D10631_45,celseq,ductal
D10631_56,celseq,ductal
D10631_63,celseq,ductal
D10631_65,celseq,ductal
D10631_68,celseq,ductal
D10631_76,celseq,ductal
D10631_85,celseq,ductal
D10631_88,celseq,ductal
D10631_90,celseq,ductal
D10631_92,celseq,ductal
D1713_1,celseq,ductal
D1713_2,celseq,ductal
D1713_3,celseq,ductal
D1713_4,celseq,ductal
D1713_5,celseq,ductal
D1713_10,celseq,ductal
D1713_12,celseq,ductal
D1713_13,celseq,ductal
D1713_14,celseq,ductal
D1713_17,celseq,ductal
D1713_20,celseq,ductal
D1713_22,celseq,ductal
D1713_25,celseq,ductal
D1713_30,celseq,ductal
D1713_31,celseq,ductal
D1713_32,celseq,ductal
D1713_35,celseq,ductal
D1713_41,celseq,ductal
D1713_43,celseq,ductal
D1713_46,celseq,ductal
D1713_47,celseq,ductal
D1713_48,celseq,ductal
D1713_49,celseq,ductal
D1713_52,celseq,ductal
D1713_53,celseq,ductal
D1713_54,celseq,ductal
D1713_55,celseq,ductal
D1713_56,celseq,ductal
D1713_57,celseq,ductal
D1713_59,celseq,ductal
D1713_64,celseq,ductal
D1713_65,celseq,ductal
D1713_66,celseq,ductal
D1713_73,celseq,ductal
D1713_74,celseq,ductal
D1713_75,celseq,ductal
D1713_77,celseq,ductal
D1713_79,celseq,ductal
D1713_81,celseq,ductal
D1713_82,celseq,ductal
D1713_83,celseq,ductal
D1713_84,celseq,ductal
D1713_85,celseq,ductal
D1713_86,celseq,ductal
D1713_87,celseq,ductal
D1713_88,celseq,ductal
D1713_92,celseq,ductal
D1713_94,celseq,ductal
D172444_15,celseq,ductal
D172444_18,celseq,ductal
D172444_59,celseq,ductal
D17All1_9,celseq,ductal
D17All1_11,celseq,ductal
D17All1_16,celseq,ductal
D17All1_20,celseq,ductal
D17All1_24,celseq,ductal
D17All1_25,celseq,ductal
D17All1_26,celseq,ductal
D17All1_29,celseq,ductal
D17All1_31,celseq,ductal
D17All1_32,celseq,ductal
D17All1_41,celseq,ductal
D17All1_44,celseq,ductal
D17All1_45,celseq,ductal
D17All1_47,celseq,ductal
D17All1_48,celseq,ductal
D17All1_53,celseq,ductal
D17All1_56,celseq,ductal
D17All1_65,celseq,ductal
D17All1_76,celseq,ductal
D17All1_78,celseq,ductal
D17All1_79,celseq,ductal
D17All1_84,celseq,ductal
D17All1_86,celseq,ductal
D17All1_96,celseq,ductal
D17All2_4,celseq,ductal
D17All2_8,celseq,ductal
D17All2_18,celseq,ductal
D17All2_23,celseq,ductal
D17All2_29,celseq,ductal
D17All2_48,celseq,ductal
D17All2_53,celseq,ductal
D17All2_54,celseq,ductal
D17All2_58,celseq,ductal
D17All2_59,celseq,ductal
D17All2_64,celseq,ductal
D17All2_66,celseq,ductal
D17All2_70,celseq,ductal
D17All2_71,celseq,ductal
D17All2_72,celseq,ductal
D17All2_76,celseq,ductal
D17All2_77,celseq,ductal
D17All2_81,celseq,ductal
D17All2_91,celseq,ductal
D17TGFB_3,celseq,ductal
D17TGFB_5,celseq,ductal
D17TGFB_19,celseq,ductal
D17TGFB_24,celseq,ductal
D17TGFB_25,celseq,ductal
D17TGFB_27,celseq,ductal
D17TGFB_28,celseq,ductal
D17TGFB_29,celseq,ductal
D17TGFB_34,celseq,ductal
D17TGFB_37,celseq,ductal
D17TGFB_55,celseq,ductal
D17TGFB_64,celseq,ductal
D17TGFB_72,celseq,ductal
D17TGFB_79,celseq,ductal
D17TGFB_81,celseq,ductal
D17TGFB_83,celseq,ductal
D17TGFB_86,celseq,ductal
D17TGFB_87,celseq,ductal
D17TGFB_88,celseq,ductal
D2ex_4,celseq,ductal
D2ex_5,celseq,ductal
D2ex_6,celseq,ductal
D2ex_7,celseq,ductal
D2ex_8,celseq,ductal
D2ex_9,celseq,ductal
D2ex_11,celseq,ductal
D2ex_12,celseq,ductal
D2ex_14,celseq,ductal
D2ex_17,celseq,ductal
D2ex_19,celseq,ductal
D2ex_20,celseq,ductal
D2ex_22,celseq,ductal
D2ex_23,celseq,ductal
D2ex_25,celseq,ductal
D2ex_27,celseq,ductal
D2ex_29,celseq,ductal
D2ex_30,celseq,ductal
D2ex_33,celseq,ductal
D2ex_35,celseq,ductal
D2ex_36,celseq,ductal
D2ex_38,celseq,ductal
D2ex_47,celseq,ductal
D2ex_49,celseq,ductal
D2ex_52,celseq,ductal
D2ex_53,celseq,ductal
D2ex_55,celseq,ductal
D2ex_56,celseq,ductal
D2ex_57,celseq,ductal
D2ex_58,celseq,ductal
D2ex_62,celseq,ductal
D2ex_67,celseq,ductal
D2ex_68,celseq,ductal
D2ex_71,celseq,ductal
D2ex_72,celseq,ductal
D2ex_73,celseq,ductal
D2ex_74,celseq,ductal
D2ex_75,celseq,ductal
D2ex_77,celseq,ductal
D2ex_82,celseq,ductal
D2ex_83,celseq,ductal
D2ex_84,celseq,ductal
D2ex_85,celseq,ductal
D2ex_88,celseq,ductal
D2ex_89,celseq,ductal
D2ex_90,celseq,ductal
D3en1_29,celseq,ductal
D3en1_30,celseq,ductal
D3en1_50,celseq,ductal
D3en1_60,celseq,ductal
D3en1_71,celseq,ductal
D3en1_75,celseq,ductal
D3en1_79,celseq,ductal
D3en1_87,celseq,ductal
D3en1_88,celseq,ductal
D3en2_24,celseq,ductal
D3en2_60,celseq,ductal
D3en2_62,celseq,ductal
D3en2_68,celseq,ductal
D3en2_71,celseq,ductal
D3en2_91,celseq,ductal
D3en3_6,celseq,ductal
D3en3_53,celseq,ductal
D3en3_87,celseq,ductal
D3en4_4,celseq,ductal
D3en4_6,celseq,ductal
D3en4_23,celseq,ductal
D3en4_41,celseq,ductal
D3en4_61,celseq,ductal
D3en4_63,celseq,ductal
D3en4_64,celseq,ductal
D3en4_65,celseq,ductal
D3en4_73,celseq,ductal
D3en4_74,celseq,ductal
D3ex_4,celseq,ductal
D3ex_9,celseq,ductal
D3ex_12,celseq,ductal
D3ex_34,celseq,ductal
D3ex_91,celseq,ductal
D71_6,celseq,ductal
D71_12,celseq,ductal
D71_14,celseq,ductal
D71_18,celseq,ductal
D71_23,celseq,ductal
D71_27,celseq,ductal
D71_28,celseq,ductal
D71_31,celseq,ductal
D71_33,celseq,ductal
D71_41,celseq,ductal
D71_45,celseq,ductal
D71_52,celseq,ductal
D71_53,celseq,ductal
D71_56,celseq,ductal
D71_64,celseq,ductal
D71_65,celseq,ductal
D71_66,celseq,ductal
D71_67,celseq,ductal
D71_69,celseq,ductal
D71_70,celseq,ductal
D71_71,celseq,ductal
D71_72,celseq,ductal
D71_73,celseq,ductal
D71_75,celseq,ductal
D71_80,celseq,ductal
D71_81,celseq,ductal
D71_85,celseq,ductal
D71_95,celseq,ductal
D72_4,celseq,ductal
D72_23,celseq,ductal
D72_31,celseq,ductal
D72_32,celseq,ductal
D72_34,celseq,ductal
D72_37,celseq,ductal
D72_43,celseq,ductal
D72_49,celseq,ductal
D72_52,celseq,ductal
D72_53,celseq,ductal
D72_61,celseq,ductal
D72_65,celseq,ductal
D72_66,celseq,ductal
D72_68,celseq,ductal
D72_72,celseq,ductal
D72_76,celseq,ductal
D72_78,celseq,ductal
D72_82,celseq,ductal
D72_86,celseq,ductal
D72_93,celseq,ductal
D73_2,celseq,ductal
D73_5,celseq,ductal
D73_8,celseq,ductal
D73_11,celseq,ductal
D73_18,celseq,ductal
D73_19,celseq,ductal
D73_23,celseq,ductal
D73_24,celseq,ductal
D73_25,celseq,ductal
D73_26,celseq,ductal
D73_27,celseq,ductal
D73_29,celseq,ductal
D73_34,celseq,ductal
D73_40,celseq,ductal
D73_46,celseq,ductal
D73_49,celseq,ductal
D73_50,celseq,ductal
D73_51,celseq,ductal
D73_54,celseq,ductal
D73_57,celseq,ductal
D73_60,celseq,ductal
D73_63,celseq,ductal
D73_64,celseq,ductal
D73_65,celseq,ductal
D73_70,celseq,ductal
D73_71,celseq,ductal
D73_73,celseq,ductal
D73_78,celseq,ductal
D73_84,celseq,ductal
D73_89,celseq,ductal
D73_96,celseq,ductal
D74_6,celseq,ductal
D74_13,celseq,ductal
D74_15,celseq,ductal
D74_17,celseq,ductal
D74_18,celseq,ductal
D74_22,celseq,ductal
D74_23,celseq,ductal
D74_24,celseq,ductal
D74_26,celseq,ductal
D74_27,celseq,ductal
D74_28,celseq,ductal
D74_31,celseq,ductal
D74_34,celseq,ductal
D74_37,celseq,ductal
D74_39,celseq,ductal
D74_43,celseq,ductal
D74_46,celseq,ductal
D74_47,celseq,ductal
D74_54,celseq,ductal
D74_58,celseq,ductal
D74_60,celseq,ductal
D74_63,celseq,ductal
D74_69,celseq,ductal
D74_71,celseq,ductal
D74_74,celseq,ductal
D74_78,celseq,ductal
D74_79,celseq,ductal
D74_91,celseq,ductal
D74_93,celseq,ductal
D74_94,celseq,ductal
D28-1_5,celseq2,ductal
D28-1_13,celseq2,ductal
D28-1_49,celseq2,ductal
D28-1_52,celseq2,ductal
D28-1_66,celseq2,ductal
D28-1_73,celseq2,ductal
D28-1_77,celseq2,ductal
D28-1_80,celseq2,ductal
D28-1_90,celseq2,ductal
D28-1_91,celseq2,ductal
D28-2_13,celseq2,ductal
D28-2_16,celseq2,ductal
D28-2_17,celseq2,ductal
D28-2_26,celseq2,ductal
D28-2_29,celseq2,ductal
D28-2_40,celseq2,ductal
D28-2_64,celseq2,ductal
D28-3_29,celseq2,ductal
D28-3_49,celseq2,ductal
D28-3_53,celseq2,ductal
D28-3_54,celseq2,ductal
D28-3_63,celseq2,ductal
D28-3_73,celseq2,ductal
D28-3_86,celseq2,ductal
D28-4_22,celseq2,ductal
D28-4_43,celseq2,ductal
D28-4_50,celseq2,ductal
D28-4_52,celseq2,ductal
D28-4_55,celseq2,ductal
D28-4_73,celseq2,ductal
D28-4_74,celseq2,ductal
D28-4_78,celseq2,ductal
D28-4_91,celseq2,ductal
D28-5_4,celseq2,ductal
D28-5_16,celseq2,ductal
D28-5_26,celseq2,ductal
D28-5_30,celseq2,ductal
D28-5_61,celseq2,ductal
D28-5_66,celseq2,ductal
D28-5_75,celseq2,ductal
D28-6_16,celseq2,ductal
D28-6_17,celseq2,ductal
D28-6_39,celseq2,ductal
D28-6_75,celseq2,ductal
D28-7_15,celseq2,ductal
D28-7_18,celseq2,ductal
D28-7_42,celseq2,ductal
D28-7_50,celseq2,ductal
D28-7_76,celseq2,ductal
D28-7_85,celseq2,ductal
D28-7_87,celseq2,ductal
D28-7_89,celseq2,ductal
D28-8_1,celseq2,ductal
D28-8_28,celseq2,ductal
D28-8_31,celseq2,ductal
D28-8_37,celseq2,ductal
D28-8_51,celseq2,ductal
D28-8_55,celseq2,ductal
D28-8_62,celseq2,ductal
D28-8_78,celseq2,ductal
D28-8_87,celseq2,ductal
D28-8_90,celseq2,ductal
D29-1_54,celseq2,ductal
D29-1_65,celseq2,ductal
D29-2_7,celseq2,ductal
D29-2_12,celseq2,ductal
D29-2_57,celseq2,ductal
D29-2_61,celseq2,ductal
D29-2_63,celseq2,ductal
D29-2_65,celseq2,ductal
D29-2_88,celseq2,ductal
D29-3_12,celseq2,ductal
D29-3_17,celseq2,ductal
D29-3_50,celseq2,ductal
D29-4_45,celseq2,ductal
D29-4_47,celseq2,ductal
D29-5_64,celseq2,ductal
D29-5_89,celseq2,ductal
D29-7_20,celseq2,ductal
D29-8_63,celseq2,ductal
D29-8_75,celseq2,ductal
D29-8_88,celseq2,ductal
D30-1_13,celseq2,ductal
D30-1_31,celseq2,ductal
D30-1_42,celseq2,ductal
D30-1_43,celseq2,ductal
D30-1_46,celseq2,ductal
D30-1_78,celseq2,ductal
D30-1_88,celseq2,ductal
D30-2_4,celseq2,ductal
D30-2_9,celseq2,ductal
D30-2_35,celseq2,ductal
D30-2_40,celseq2,ductal
D30-2_50,celseq2,ductal
D30-2_58,celseq2,ductal
D30-3_8,celseq2,ductal
D30-3_12,celseq2,ductal
D30-3_17,celseq2,ductal
D30-3_24,celseq2,ductal
D30-3_32,celseq2,ductal
D30-3_49,celseq2,ductal
D30-3_56,celseq2,ductal
D30-3_90,celseq2,ductal
D30-4_7,celseq2,ductal
D30-4_13,celseq2,ductal
D30-4_16,celseq2,ductal
D30-4_27,celseq2,ductal
D30-4_31,celseq2,ductal
D30-4_38,celseq2,ductal
D30-4_42,celseq2,ductal
D30-4_44,celseq2,ductal
D30-4_46,celseq2,ductal
D30-4_51,celseq2,ductal
D30-4_53,celseq2,ductal
D30-4_58,celseq2,ductal
D30-4_91,celseq2,ductal
D30-4_92,celseq2,ductal
D30-4_93,celseq2,ductal
D30-5_5,celseq2,ductal
D30-5_9,celseq2,ductal
D30-5_31,celseq2,ductal
D30-5_34,celseq2,ductal
D30-5_38,celseq2,ductal
D30-5_42,celseq2,ductal
D30-5_44,celseq2,ductal
D30-5_46,celseq2,ductal
D30-5_50,celseq2,ductal
D30-5_58,celseq2,ductal
D30-5_61,celseq2,ductal
D30-5_64,celseq2,ductal
D30-5_78,celseq2,ductal
D30-5_81,celseq2,ductal
D30-6_12,celseq2,ductal
D30-6_20,celseq2,ductal
D30-6_25,celseq2,ductal
D30-6_34,celseq2,ductal
D30-6_48,celseq2,ductal
D30-6_52,celseq2,ductal
D30-6_57,celseq2,ductal
D30-6_61,celseq2,ductal
D30-6_64,celseq2,ductal
D30-6_69,celseq2,ductal
D30-6_77,celseq2,ductal
D30-6_78,celseq2,ductal
D30-6_86,celseq2,ductal
D30-7_15,celseq2,ductal
D30-7_17,celseq2,ductal
D30-7_35,celseq2,ductal
D30-7_46,celseq2,ductal
D30-7_51,celseq2,ductal
D30-7_74,celseq2,ductal
D30-7_83,celseq2,ductal
D30-7_85,celseq2,ductal
D30-8_4,celseq2,ductal
D30-8_8,celseq2,ductal
D30-8_16,celseq2,ductal
D30-8_22,celseq2,ductal
D30-8_29,celseq2,ductal
D30-8_38,celseq2,ductal
D30-8_82,celseq2,ductal
D30-8_93,celseq2,ductal
D31-1_12,celseq2,ductal
D31-1_16,celseq2,ductal
D31-1_50,celseq2,ductal
D31-1_55,celseq2,ductal
D31-1_62,celseq2,ductal
D31-1_72,celseq2,ductal
D31-1_76,celseq2,ductal
D31-1_77,celseq2,ductal
D31-1_82,celseq2,ductal
D31-1_83,celseq2,ductal
D31-1_84,celseq2,ductal
D31-1_90,celseq2,ductal
D31-1_93,celseq2,ductal
D31-2_10,celseq2,ductal
D31-2_17,celseq2,ductal
D31-2_20,celseq2,ductal
D31-2_21,celseq2,ductal
D31-2_35,celseq2,ductal
D31-2_37,celseq2,ductal
D31-2_40,celseq2,ductal
D31-2_41,celseq2,ductal
D31-2_54,celseq2,ductal
D31-2_59,celseq2,ductal
D31-2_62,celseq2,ductal
D31-2_68,celseq2,ductal
D31-2_73,celseq2,ductal
D31-2_76,celseq2,ductal
D31-2_77,celseq2,ductal
D31-2_78,celseq2,ductal
D31-2_84,celseq2,ductal
D31-2_94,celseq2,ductal
D31-3_12,celseq2,ductal
D31-3_21,celseq2,ductal
D31-3_37,celseq2,ductal
D31-3_65,celseq2,ductal
D31-3_81,celseq2,ductal
D31-3_82,celseq2,ductal
D31-4_33,celseq2,ductal
D31-4_35,celseq2,ductal
D31-4_38,celseq2,ductal
D31-4_56,celseq2,ductal
D31-4_57,celseq2,ductal
D31-4_68,celseq2,ductal
D31-4_69,celseq2,ductal
D31-4_71,celseq2,ductal
D31-4_73,celseq2,ductal
D31-4_76,celseq2,ductal
D31-4_77,celseq2,ductal
D31-5_13,celseq2,ductal
D31-5_14,celseq2,ductal
D31-5_19,celseq2,ductal
D31-5_37,celseq2,ductal
D31-5_41,celseq2,ductal
D31-5_51,celseq2,ductal
D31-5_64,celseq2,ductal
D31-5_65,celseq2,ductal
D31-5_73,celseq2,ductal
D31-5_81,celseq2,ductal
D31-5_91,celseq2,ductal
D31-6_4,celseq2,ductal
D31-6_27,celseq2,ductal
D31-6_28,celseq2,ductal
D31-6_34,celseq2,ductal
D31-6_37,celseq2,ductal
D31-6_41,celseq2,ductal
D31-6_44,celseq2,ductal
D31-6_50,celseq2,ductal
D31-6_51,celseq2,ductal
D31-6_68,celseq2,ductal
D31-6_72,celseq2,ductal
D31-6_79,celseq2,ductal
D31-6_82,celseq2,ductal
D31-6_93,celseq2,ductal
D31-7_10,celseq2,ductal
D31-7_16,celseq2,ductal
D31-7_18,celseq2,ductal
D31-7_23,celseq2,ductal
D31-7_26,celseq2,ductal
D31-7_29,celseq2,ductal
D31-7_42,celseq2,ductal
D31-7_56,celseq2,ductal
D31-7_57,celseq2,ductal
D31-7_73,celseq2,ductal
D31-7_89,celseq2,ductal
D31-8_19,celseq2,ductal
D31-8_20,celseq2,ductal
D31-8_23,celseq2,ductal
D31-8_30,celseq2,ductal
D31-8_37,celseq2,ductal
D31-8_45,celseq2,ductal
D31-8_58,celseq2,ductal
D31-8_75,celseq2,ductal
D31-8_77,celseq2,ductal
D31-8_80,celseq2,ductal
D31-8_85,celseq2,ductal
D31-8_90,celseq2,ductal
D31-8_94,celseq2,ductal
10th_C10_S104,fluidigmc1,ductal
10th_C24_S90,fluidigmc1,ductal
10th_C4_S103,fluidigmc1,ductal
10th_C54_S124,fluidigmc1,ductal
10th_C68_S75,fluidigmc1,ductal
10th_C73_S84,fluidigmc1,ductal
10th_C7_S60,fluidigmc1,ductal
10th_C80_S77,fluidigmc1,ductal
10th_C88_S130,fluidigmc1,ductal
11th-C24_S49,fluidigmc1,ductal
11th-C26_S12,fluidigmc1,ductal
11th-C43_S7,fluidigmc1,ductal
11th-C4_S62,fluidigmc1,ductal
11th-C55_S24,fluidigmc1,ductal
11th-C58_S71,fluidigmc1,ductal
11th-C68_S34,fluidigmc1,ductal
11th-C7_S16,fluidigmc1,ductal
12th-C56_S211,fluidigmc1,ductal
13th_C49_S155,fluidigmc1,ductal
13th_C8_S140,fluidigmc1,ductal
3rd-C20_S22,fluidigmc1,ductal
4th-C70_S46,fluidigmc1,ductal
4th-C81_S64,fluidigmc1,ductal
5th-C11_S91,fluidigmc1,ductal
5th-C30_S105,fluidigmc1,ductal
5th-C41_S113,fluidigmc1,ductal
5th-C43_S121,fluidigmc1,ductal
5th-C57_S96,fluidigmc1,ductal
7th-C17_S29,fluidigmc1,ductal
7th-C47_S81,fluidigmc1,ductal
7th-C76_S52,fluidigmc1,ductal
7th-C81_S56,fluidigmc1,ductal
7th-C88_S75,fluidigmc1,ductal
8th-C67_S117,fluidigmc1,ductal
8th-C73_S130,fluidigmc1,ductal
9th-C61_S25,fluidigmc1,ductal
AZ_C3,smartseq2,ductal
AZ_F9,smartseq2,ductal
AZ_C9,smartseq2,ductal
HP1502401_H23,smartseq2,ductal
HP1502401_G23,smartseq2,ductal
HP1502401_D18,smartseq2,ductal
HP1502401_L5,smartseq2,ductal
HP1502401_H21,smartseq2,ductal
HP1502401_N18,smartseq2,ductal
HP1502401_I2,smartseq2,ductal
HP1502401_L18,smartseq2,ductal
HP1502401_D4,smartseq2,ductal
HP1502401_J15,smartseq2,ductal
HP1502401_J19,smartseq2,ductal
HP1502401_O10,smartseq2,ductal
HP1502401_C12,smartseq2,ductal
HP1502401_J17,smartseq2,ductal
HP1502401_N10,smartseq2,ductal
HP1502401_J24,smartseq2,ductal
HP1502401_M16,smartseq2,ductal
HP1502401_I21,smartseq2,ductal
HP1502401_N16,smartseq2,ductal
HP1504101T2D_B8,smartseq2,ductal
HP1504101T2D_E19,smartseq2,ductal
HP1504101T2D_H18,smartseq2,ductal
HP1504101T2D_O24,smartseq2,ductal
HP1504901_J10,smartseq2,ductal
HP1504901_O11,smartseq2,ductal
HP1504901_P11,smartseq2,ductal
HP1504901_F8,smartseq2,ductal
HP1504901_N18,smartseq2,ductal
HP1504901_I10,smartseq2,ductal
HP1504901_O14,smartseq2,ductal
HP1504901_P7,smartseq2,ductal
HP1504901_J13,smartseq2,ductal
HP1504901_E6,smartseq2,ductal
HP1504901_J15,smartseq2,ductal
HP1504901_L16,smartseq2,ductal
HP1504901_B14,smartseq2,ductal
HP1504901_K23,smartseq2,ductal
HP1504901_G11,smartseq2,ductal
HP1504901_J5,smartseq2,ductal
HP1506401_G2,smartseq2,ductal
HP1506401_O2,smartseq2,ductal
HP1506401_N10,smartseq2,ductal
HP1506401_D15,smartseq2,ductal
HP1506401_D21,smartseq2,ductal
HP1506401_F7,smartseq2,ductal
HP1506401_G21,smartseq2,ductal
HP1506401_B17,smartseq2,ductal
HP1506401_J5,smartseq2,ductal
HP1506401_M16,smartseq2,ductal
HP1506401_A18,smartseq2,ductal
HP1506401_C12,smartseq2,ductal
HP1506401_E6,smartseq2,ductal
HP1506401_A13,smartseq2,ductal
HP1506401_H4,smartseq2,ductal
HP1506401_O4,smartseq2,ductal
HP1506401_L21,smartseq2,ductal
HP1506401_I24,smartseq2,ductal
HP1506401_F21,smartseq2,ductal
HP1506401_J8,smartseq2,ductal
HP1506401_K17,smartseq2,ductal
HP1506401_N16,smartseq2,ductal
HP1506401_D8,smartseq2,ductal
HP1506401_H7,smartseq2,ductal
HP1506401_M21,smartseq2,ductal
HP1506401_P11,smartseq2,ductal
HP1506401_L10,smartseq2,ductal
HP1506401_P5,smartseq2,ductal
HP1506401_D10,smartseq2,ductal
HP1506401_L20,smartseq2,ductal
HP1506401_C17,smartseq2,ductal
HP1506401_J7,smartseq2,ductal
HP1506401_D2,smartseq2,ductal
HP1506401_G18,smartseq2,ductal
HP1506401_E17,smartseq2,ductal
HP1506401_G19,smartseq2,ductal
HP1506401_L4,smartseq2,ductal
HP1506401_L13,smartseq2,ductal
HP1506401_H6,smartseq2,ductal
HP1506401_F10,smartseq2,ductal
HP1506401_I4,smartseq2,ductal
HP1506401_D17,smartseq2,ductal
HP1506401_P22,smartseq2,ductal
HP1506401_O8,smartseq2,ductal
HP1506401_I21,smartseq2,ductal
HP1506401_F19,smartseq2,ductal
HP1506401_A20,smartseq2,ductal
HP1506401_P18,smartseq2,ductal
HP1506401_L1,smartseq2,ductal
HP1506401_G20,smartseq2,ductal
HP1506401_A4,smartseq2,ductal
HP1506401_P1,smartseq2,ductal
HP1506401_J20,smartseq2,ductal
HP1506401_P21,smartseq2,ductal
HP1506401_H2,smartseq2,ductal
HP1506401_K19,smartseq2,ductal
HP1506401_C16,smartseq2,ductal
HP1506401_K4,smartseq2,ductal
HP1506401_F23,smartseq2,ductal
HP1506401_P9,smartseq2,ductal
HP1506401_K16,smartseq2,ductal
HP1506401_H23,smartseq2,ductal
HP1506401_I16,smartseq2,ductal
HP1506401_I3,smartseq2,ductal
HP1506401_B24,smartseq2,ductal
HP1506401_G23,smartseq2,ductal
HP1506401_N17,smartseq2,ductal
HP1506401_D18,smartseq2,ductal
HP1506401_M11,smartseq2,ductal
HP1506401_A12,smartseq2,ductal
HP1506401_J22,smartseq2,ductal
HP1506401_E19,smartseq2,ductal
HP1506401_H9,smartseq2,ductal
HP1506401_D22,smartseq2,ductal
HP1506401_J21,smartseq2,ductal
HP1506401_P4,smartseq2,ductal
HP1506401_B18,smartseq2,ductal
HP1506401_B23,smartseq2,ductal
HP1506401_D1,smartseq2,ductal
HP1506401_D7,smartseq2,ductal
HP1507101_J15,smartseq2,ductal
HP1507101_K16,smartseq2,ductal
HP1507101_G10,smartseq2,ductal
HP1507101_H16,smartseq2,ductal
HP1507101_N17,smartseq2,ductal
HP1507101_F15,smartseq2,ductal
HP1507101_O12,smartseq2,ductal
HP1507101_N8,smartseq2,ductal
HP1507101_P1,smartseq2,ductal
HP1508501T2D_K2,smartseq2,ductal
HP1508501T2D_G2,smartseq2,ductal
HP1508501T2D_I1,smartseq2,ductal
HP1508501T2D_C2,smartseq2,ductal
HP1508501T2D_G3,smartseq2,ductal
HP1508501T2D_G1,smartseq2,ductal
HP1508501T2D_K13,smartseq2,ductal
HP1508501T2D_N1,smartseq2,ductal
HP1508501T2D_B18,smartseq2,ductal
HP1508501T2D_C6,smartseq2,ductal
HP1508501T2D_O3,smartseq2,ductal
HP1508501T2D_M17,smartseq2,ductal
HP1508501T2D_M3,smartseq2,ductal
HP1508501T2D_L20,smartseq2,ductal
HP1508501T2D_L8,smartseq2,ductal
HP1508501T2D_P14,smartseq2,ductal
HP1508501T2D_F4,smartseq2,ductal
HP1508501T2D_F12,smartseq2,ductal
HP1508501T2D_N9,smartseq2,ductal
HP1508501T2D_B17,smartseq2,ductal
HP1508501T2D_J11,smartseq2,ductal
HP1508501T2D_N7,smartseq2,ductal
HP1508501T2D_M15,smartseq2,ductal
HP1508501T2D_K22,smartseq2,ductal
HP1508501T2D_H17,smartseq2,ductal
HP1508501T2D_M22,smartseq2,ductal
HP1508501T2D_H20,smartseq2,ductal
HP1508501T2D_F8,smartseq2,ductal
HP1508501T2D_E15,smartseq2,ductal
HP1508501T2D_N19,smartseq2,ductal
HP1508501T2D_B19,smartseq2,ductal
HP1508501T2D_N17,smartseq2,ductal
HP1508501T2D_N2,smartseq2,ductal
HP1508501T2D_N22,smartseq2,ductal
HP1508501T2D_C24,smartseq2,ductal
HP1508501T2D_H13,smartseq2,ductal
HP1508501T2D_L21,smartseq2,ductal
HP1508501T2D_E7,smartseq2,ductal
HP1508501T2D_I11,smartseq2,ductal
HP1508501T2D_K7,smartseq2,ductal
HP1508501T2D_O9,smartseq2,ductal
HP1508501T2D_I17,smartseq2,ductal
HP1508501T2D_L11,smartseq2,ductal
HP1508501T2D_G14,smartseq2,ductal
HP1508501T2D_J13,smartseq2,ductal
HP1508501T2D_A7,smartseq2,ductal
HP1508501T2D_P12,smartseq2,ductal
HP1508501T2D_C19,smartseq2,ductal
HP1508501T2D_E17,smartseq2,ductal
HP1508501T2D_H9,smartseq2,ductal
HP1508501T2D_F15,smartseq2,ductal
HP1508501T2D_C21,smartseq2,ductal
HP1508501T2D_C15,smartseq2,ductal
HP1508501T2D_N15,smartseq2,ductal
HP1508501T2D_L23,smartseq2,ductal
HP1508501T2D_B24,smartseq2,ductal
HP1508501T2D_O8,smartseq2,ductal
HP1508501T2D_D24,smartseq2,ductal
HP1508501T2D_K15,smartseq2,ductal
HP1508501T2D_J22,smartseq2,ductal
HP1508501T2D_N23,smartseq2,ductal
HP1508501T2D_A17,smartseq2,ductal
HP1508501T2D_L24,smartseq2,ductal
HP1508501T2D_C11,smartseq2,ductal
HP1508501T2D_C18,smartseq2,ductal
HP1508501T2D_O12,smartseq2,ductal
HP1508501T2D_J14,smartseq2,ductal
HP1508501T2D_L5,smartseq2,ductal
HP1508501T2D_M23,smartseq2,ductal
HP1508501T2D_N10,smartseq2,ductal
HP1508501T2D_K23,smartseq2,ductal
HP1508501T2D_I4,smartseq2,ductal
HP1508501T2D_N6,smartseq2,ductal
HP1508501T2D_J16,smartseq2,ductal
HP1508501T2D_G13,smartseq2,ductal
HP1508501T2D_I12,smartseq2,ductal
HP1508501T2D_E11,smartseq2,ductal
HP1508501T2D_I13,smartseq2,ductal
HP1508501T2D_L9,smartseq2,ductal
HP1508501T2D_E9,smartseq2,ductal
HP1508501T2D_D22,smartseq2,ductal
HP1508501T2D_E16,smartseq2,ductal
HP1508501T2D_I21,smartseq2,ductal
HP1508501T2D_K3,smartseq2,ductal
HP1508501T2D_N8,smartseq2,ductal
HP1508501T2D_J15,smartseq2,ductal
HP1509101_E3,smartseq2,ductal
HP1509101_J22,smartseq2,ductal
HP1509101_K19,smartseq2,ductal
HP1509101_M14,smartseq2,ductal
HP1509101_K15,smartseq2,ductal
HP1509101_A24,smartseq2,ductal
HP1509101_B9,smartseq2,ductal
HP1509101_P17,smartseq2,ductal
HP1509101_P9,smartseq2,ductal
HP1509101_L13,smartseq2,ductal
HP1509101_J11,smartseq2,ductal
HP1509101_D17,smartseq2,ductal
HP1509101_N7,smartseq2,ductal
HP1509101_F24,smartseq2,ductal
HP1509101_F2,smartseq2,ductal
HP1509101_B24,smartseq2,ductal
HP1509101_M16,smartseq2,ductal
HP1509101_P6,smartseq2,ductal
HP1509101_L3,smartseq2,ductal
HP1509101_J9,smartseq2,ductal
HP1509101_B19,smartseq2,ductal
HP1509101_D23,smartseq2,ductal
HP1509101_G4,smartseq2,ductal
HP1509101_P22,smartseq2,ductal
HP1509101_E24,smartseq2,ductal
HP1509101_G10,smartseq2,ductal
HP1509101_J23,smartseq2,ductal
HP1509101_I12,smartseq2,ductal
HP1509101_O14,smartseq2,ductal
HP1509101_L16,smartseq2,ductal
HP1509101_K10,smartseq2,ductal
HP1509101_B23,smartseq2,ductal
HP1509101_I16,smartseq2,ductal
HP1509101_A8,smartseq2,ductal
HP1509101_C21,smartseq2,ductal
HP1509101_P5,smartseq2,ductal
HP1509101_N6,smartseq2,ductal
HP1509101_N10,smartseq2,ductal
HP1509101_O17,smartseq2,ductal
HP1509101_P8,smartseq2,ductal
HP1509101_C6,smartseq2,ductal
HP1509101_F22,smartseq2,ductal
HP1509101_F7,smartseq2,ductal
HP1509101_E10,smartseq2,ductal
HP1509101_E9,smartseq2,ductal
HP1509101_A17,smartseq2,ductal
HP1509101_H20,smartseq2,ductal
HP1509101_D21,smartseq2,ductal
HP1509101_I6,smartseq2,ductal
HP1525301T2D_P14,smartseq2,ductal
HP1525301T2D_O14,smartseq2,ductal
HP1525301T2D_H14,smartseq2,ductal
HP1525301T2D_P1,smartseq2,ductal
HP1525301T2D_K16,smartseq2,ductal
HP1525301T2D_C3,smartseq2,ductal
HP1525301T2D_D1,smartseq2,ductal
HP1525301T2D_I18,smartseq2,ductal
HP1525301T2D_M11,smartseq2,ductal
HP1525301T2D_I23,smartseq2,ductal
HP1525301T2D_K14,smartseq2,ductal
HP1525301T2D_J7,smartseq2,ductal
HP1525301T2D_C4,smartseq2,ductal
HP1525301T2D_J21,smartseq2,ductal
HP1525301T2D_C6,smartseq2,ductal
HP1525301T2D_G3,smartseq2,ductal
HP1525301T2D_E11,smartseq2,ductal
HP1525301T2D_N4,smartseq2,ductal
HP1525301T2D_B24,smartseq2,ductal
HP1525301T2D_O20,smartseq2,ductal
HP1525301T2D_G13,smartseq2,ductal
HP1525301T2D_L23,smartseq2,ductal
HP1525301T2D_I1,smartseq2,ductal
HP1525301T2D_C24,smartseq2,ductal
HP1525301T2D_G14,smartseq2,ductal
HP1525301T2D_L1,smartseq2,ductal
HP1525301T2D_I10,smartseq2,ductal
HP1525301T2D_G20,smartseq2,ductal
HP1525301T2D_H24,smartseq2,ductal
HP1525301T2D_P13,smartseq2,ductal
HP1525301T2D_D2,smartseq2,ductal
HP1525301T2D_I3,smartseq2,ductal
HP1525301T2D_K21,smartseq2,ductal
HP1525301T2D_H3,smartseq2,ductal
HP1525301T2D_N5,smartseq2,ductal
HP1525301T2D_A17,smartseq2,ductal
HP1525301T2D_C13,smartseq2,ductal
HP1525301T2D_I19,smartseq2,ductal
HP1525301T2D_J15,smartseq2,ductal
HP1525301T2D_P21,smartseq2,ductal
HP1525301T2D_P5,smartseq2,ductal
HP1525301T2D_F21,smartseq2,ductal
HP1525301T2D_A19,smartseq2,ductal
HP1525301T2D_O7,smartseq2,ductal
HP1525301T2D_A12,smartseq2,ductal
HP1525301T2D_K11,smartseq2,ductal
HP1525301T2D_O23,smartseq2,ductal
HP1525301T2D_A15,smartseq2,ductal
HP1525301T2D_L2,smartseq2,ductal
HP1525301T2D_B10,smartseq2,ductal
HP1525301T2D_K18,smartseq2,ductal
HP1525301T2D_C17,smartseq2,ductal
HP1525301T2D_D3,smartseq2,ductal
HP1525301T2D_D22,smartseq2,ductal
HP1525301T2D_F16,smartseq2,ductal
HP1525301T2D_N11,smartseq2,ductal
HP1525301T2D_K6,smartseq2,ductal
HP1525301T2D_L4,smartseq2,ductal
HP1525301T2D_G9,smartseq2,ductal
HP1525301T2D_L20,smartseq2,ductal
HP1525301T2D_E20,smartseq2,ductal
HP1525301T2D_I22,smartseq2,ductal
HP1525301T2D_F8,smartseq2,ductal
HP1525301T2D_A13,smartseq2,ductal
HP1525301T2D_A1,smartseq2,ductal
HP1525301T2D_N14,smartseq2,ductal
HP1525301T2D_J9,smartseq2,ductal
HP1525301T2D_P2,smartseq2,ductal
HP1525301T2D_K12,smartseq2,ductal
HP1525301T2D_O17,smartseq2,ductal
HP1525301T2D_L3,smartseq2,ductal
HP1525301T2D_D5,smartseq2,ductal
HP1525301T2D_I15,smartseq2,ductal
HP1525301T2D_E15,smartseq2,ductal
HP1525301T2D_H11,smartseq2,ductal
HP1525301T2D_L6,smartseq2,ductal
HP1525301T2D_F12,smartseq2,ductal
HP1525301T2D_P19,smartseq2,ductal
HP1525301T2D_A14,smartseq2,ductal
HP1525301T2D_C9,smartseq2,ductal
HP1525301T2D_J20,smartseq2,ductal
HP1525301T2D_N16,smartseq2,ductal
HP1525301T2D_C15,smartseq2,ductal
HP1525301T2D_D14,smartseq2,ductal
HP1525301T2D_N20,smartseq2,ductal
HP1525301T2D_P20,smartseq2,ductal
HP1525301T2D_L16,smartseq2,ductal
HP1525301T2D_G5,smartseq2,ductal
HP1525301T2D_P4,smartseq2,ductal
HP1525301T2D_I17,smartseq2,ductal
HP1525301T2D_M6,smartseq2,ductal
HP1525301T2D_O8,smartseq2,ductal
HP1525301T2D_N1,smartseq2,ductal
HP1525301T2D_B21,smartseq2,ductal
HP1525301T2D_H16,smartseq2,ductal
HP1525301T2D_M15,smartseq2,ductal
HP1525301T2D_C19,smartseq2,ductal
HP1525301T2D_K2,smartseq2,ductal
HP1525301T2D_M9,smartseq2,ductal
HP1525301T2D_N15,smartseq2,ductal
HP1525301T2D_B14,smartseq2,ductal
HP1525301T2D_D4,smartseq2,ductal
HP1525301T2D_G10,smartseq2,ductal
HP1525301T2D_H2,smartseq2,ductal
HP1525301T2D_H1,smartseq2,ductal
HP1525301T2D_H18,smartseq2,ductal
HP1525301T2D_O16,smartseq2,ductal
HP1525301T2D_I24,smartseq2,ductal
HP1525301T2D_O24,smartseq2,ductal
HP1525301T2D_M20,smartseq2,ductal
HP1525301T2D_H17,smartseq2,ductal
HP1525301T2D_C21,smartseq2,ductal
HP1525301T2D_L13,smartseq2,ductal
HP1525301T2D_K17,smartseq2,ductal
HP1525301T2D_D8,smartseq2,ductal
HP1525301T2D_M12,smartseq2,ductal
HP1525301T2D_N12,smartseq2,ductal
HP1525301T2D_C11,smartseq2,ductal
HP1525301T2D_I8,smartseq2,ductal
HP1525301T2D_O22,smartseq2,ductal
HP1525301T2D_K1,smartseq2,ductal
HP1525301T2D_E17,smartseq2,ductal
HP1525301T2D_D15,smartseq2,ductal
HP1525301T2D_G21,smartseq2,ductal
HP1525301T2D_E4,smartseq2,ductal
HP1525301T2D_C22,smartseq2,ductal
HP1525301T2D_B3,smartseq2,ductal
HP1525301T2D_N6,smartseq2,ductal
HP1525301T2D_I16,smartseq2,ductal
HP1525301T2D_P23,smartseq2,ductal
HP1525301T2D_O10,smartseq2,ductal
HP1526901T2D_O5,smartseq2,ductal
HP1526901T2D_F15,smartseq2,ductal
HP1526901T2D_M8,smartseq2,ductal
HP1526901T2D_I1,smartseq2,ductal
HP1526901T2D_J18,smartseq2,ductal
HP1526901T2D_B24,smartseq2,ductal
HP1526901T2D_G24,smartseq2,ductal
HP1526901T2D_E23,smartseq2,ductal
HP1526901T2D_D4,smartseq2,ductal
HP1526901T2D_K4,smartseq2,ductal
HP1526901T2D_M20,smartseq2,ductal
HP1526901T2D_D22,smartseq2,ductal
HP1526901T2D_J11,smartseq2,ductal
HP1526901T2D_E9,smartseq2,ductal
HP1526901T2D_F24,smartseq2,ductal
HP1526901T2D_J3,smartseq2,ductal
HP1526901T2D_A11,smartseq2,ductal
HP1526901T2D_F16,smartseq2,ductal
HP1526901T2D_A24,smartseq2,ductal
HP1526901T2D_E22,smartseq2,ductal
HP1526901T2D_C14,smartseq2,ductal
HP1526901T2D_E1,smartseq2,ductal
HP1526901T2D_F22,smartseq2,ductal
HP1526901T2D_D3,smartseq2,ductal
HP1526901T2D_H9,smartseq2,ductal
HP1526901T2D_M14,smartseq2,ductal
HP1526901T2D_B23,smartseq2,ductal
HP1526901T2D_C22,smartseq2,ductal
HP1526901T2D_D2,smartseq2,ductal
HP1526901T2D_K1,smartseq2,ductal
HP1526901T2D_C23,smartseq2,ductal
HP1526901T2D_C20,smartseq2,ductal
HP1526901T2D_N21,smartseq2,ductal
HP1526901T2D_K19,smartseq2,ductal
HP1526901T2D_F8,smartseq2,ductal
HP1526901T2D_E14,smartseq2,ductal
HP1526901T2D_H21,smartseq2,ductal
HP1526901T2D_J12,smartseq2,ductal
HP1526901T2D_A21,smartseq2,ductal
HP1526901T2D_G22,smartseq2,ductal
HP1526901T2D_B5,smartseq2,ductal
HP1526901T2D_O4,smartseq2,ductal
HP1526901T2D_D12,smartseq2,ductal
HP1526901T2D_H5,smartseq2,ductal
HP1526901T2D_N11,smartseq2,ductal
HP1526901T2D_H8,smartseq2,ductal
HP1526901T2D_B3,smartseq2,ductal
D101_21,celseq,endothelial
D1713_93,celseq,endothelial
D172444_39,celseq,endothelial
D17TGFB_7,celseq,endothelial
D73_56,celseq,endothelial
D28-1_2,celseq2,endothelial
D28-1_26,celseq2,endothelial
D28-2_76,celseq2,endothelial
D28-3_43,celseq2,endothelial
D28-7_86,celseq2,endothelial
D29-1_2,celseq2,endothelial
D29-7_18,celseq2,endothelial
D30-1_44,celseq2,endothelial
D30-1_77,celseq2,endothelial
D30-3_94,celseq2,endothelial
D30-7_90,celseq2,endothelial
D30-8_34,celseq2,endothelial
D30-8_87,celseq2,endothelial
D31-1_41,celseq2,endothelial
D31-3_71,celseq2,endothelial
D31-6_6,celseq2,endothelial
D31-6_70,celseq2,endothelial
D31-6_73,celseq2,endothelial
D31-7_4,celseq2,endothelial
D31-7_32,celseq2,endothelial
D31-8_39,celseq2,endothelial
10th_C46_S94,fluidigmc1,endothelial
11th-C77_S82,fluidigmc1,endothelial
12th-C69_S135,fluidigmc1,endothelial
12th-C76_S177,fluidigmc1,endothelial
13th_C23_S187,fluidigmc1,endothelial
13th_C69_S173,fluidigmc1,endothelial
13th_C72_S215,fluidigmc1,endothelial
2nd-C21_S37,fluidigmc1,endothelial
2nd-C2_S2,fluidigmc1,endothelial
4th-C78_S58,fluidigmc1,endothelial
5th-C47_S118,fluidigmc1,endothelial
5th-C67_S105,fluidigmc1,endothelial
9th-C36_S59,fluidigmc1,endothelial
9th-C96_S81,fluidigmc1,endothelial
HP1502401_I12,smartseq2,endothelial
HP1504101T2D_C1,smartseq2,endothelial
HP1504901_I17,smartseq2,endothelial
HP1504901_P3,smartseq2,endothelial
HP1504901_A23,smartseq2,endothelial
HP1504901_P18,smartseq2,endothelial
HP1504901_G10,smartseq2,endothelial
HP1504901_F16,smartseq2,endothelial
HP1504901_D4,smartseq2,endothelial
HP1504901_E2,smartseq2,endothelial
HP1507101_D10,smartseq2,endothelial
HP1507101_P20,smartseq2,endothelial
HP1508501T2D_K18,smartseq2,endothelial
HP1509101_I17,smartseq2,endothelial
HP1509101_H17,smartseq2,endothelial
HP1509101_P14,smartseq2,endothelial
HP1509101_K5,smartseq2,endothelial
HP1509101_L18,smartseq2,endothelial
HP1509101_F23,smartseq2,endothelial
HP1509101_G21,smartseq2,endothelial
HP1525301T2D_P15,smartseq2,endothelial
D101_48,celseq,activated_stellate
D10631_70,celseq,activated_stellate
D1713_23,celseq,activated_stellate
D1713_34,celseq,activated_stellate
D1713_38,celseq,activated_stellate
D1713_40,celseq,activated_stellate
D1713_76,celseq,activated_stellate
D17All1_68,celseq,activated_stellate
D17All2_83,celseq,activated_stellate
D17All2_86,celseq,activated_stellate
D17All2_93,celseq,activated_stellate
D17TGFB_77,celseq,activated_stellate
D71_22,celseq,activated_stellate
D72_25,celseq,activated_stellate
D73_16,celseq,activated_stellate
D73_39,celseq,activated_stellate
D74_7,celseq,activated_stellate
D74_44,celseq,activated_stellate
D74_45,celseq,activated_stellate
D28-2_41,celseq2,activated_stellate
D28-5_25,celseq2,activated_stellate
D28-5_28,celseq2,activated_stellate
D28-5_39,celseq2,activated_stellate
D28-5_51,celseq2,activated_stellate
D28-5_53,celseq2,activated_stellate
D28-5_56,celseq2,activated_stellate
D28-6_49,celseq2,activated_stellate
D28-6_64,celseq2,activated_stellate
D28-7_68,celseq2,activated_stellate
D28-7_74,celseq2,activated_stellate
D28-7_88,celseq2,activated_stellate
D28-8_16,celseq2,activated_stellate
D28-8_65,celseq2,activated_stellate
D28-8_66,celseq2,activated_stellate
D28-8_73,celseq2,activated_stellate
D29-1_61,celseq2,activated_stellate
D29-2_1,celseq2,activated_stellate
D29-8_4,celseq2,activated_stellate
D30-1_22,celseq2,activated_stellate
D30-1_25,celseq2,activated_stellate
D30-1_70,celseq2,activated_stellate
D30-1_79,celseq2,activated_stellate
D30-2_6,celseq2,activated_stellate
D30-2_29,celseq2,activated_stellate
D30-2_59,celseq2,activated_stellate
D30-2_77,celseq2,activated_stellate
D30-2_84,celseq2,activated_stellate
D30-2_92,celseq2,activated_stellate
D30-2_93,celseq2,activated_stellate
D30-3_6,celseq2,activated_stellate
D30-3_39,celseq2,activated_stellate
D30-3_59,celseq2,activated_stellate
D30-3_61,celseq2,activated_stellate
D30-3_72,celseq2,activated_stellate
D30-4_10,celseq2,activated_stellate
D30-4_30,celseq2,activated_stellate
D30-4_35,celseq2,activated_stellate
D30-4_55,celseq2,activated_stellate
D30-4_64,celseq2,activated_stellate
D30-4_78,celseq2,activated_stellate
D30-5_3,celseq2,activated_stellate
D30-5_4,celseq2,activated_stellate
D30-5_15,celseq2,activated_stellate
D30-5_29,celseq2,activated_stellate
D30-5_59,celseq2,activated_stellate
D30-5_72,celseq2,activated_stellate
D30-5_80,celseq2,activated_stellate
D30-5_90,celseq2,activated_stellate
D30-6_3,celseq2,activated_stellate
D30-6_10,celseq2,activated_stellate
D30-6_17,celseq2,activated_stellate
D30-6_23,celseq2,activated_stellate
D30-6_27,celseq2,activated_stellate
D30-6_84,celseq2,activated_stellate
D30-6_93,celseq2,activated_stellate
D30-7_30,celseq2,activated_stellate
D30-7_33,celseq2,activated_stellate
D30-7_38,celseq2,activated_stellate
D30-7_72,celseq2,activated_stellate
D30-7_81,celseq2,activated_stellate
D30-7_86,celseq2,activated_stellate
D30-8_15,celseq2,activated_stellate
D30-8_18,celseq2,activated_stellate
D30-8_25,celseq2,activated_stellate
D30-8_50,celseq2,activated_stellate
D30-8_57,celseq2,activated_stellate
D30-8_60,celseq2,activated_stellate
D30-8_91,celseq2,activated_stellate
D30-8_94,celseq2,activated_stellate
D31-1_23,celseq2,activated_stellate
D31-2_19,celseq2,activated_stellate
D31-2_24,celseq2,activated_stellate
D31-2_80,celseq2,activated_stellate
D31-2_85,celseq2,activated_stellate
D31-2_91,celseq2,activated_stellate
D31-3_15,celseq2,activated_stellate
D31-3_59,celseq2,activated_stellate
D31-4_67,celseq2,activated_stellate
D31-5_77,celseq2,activated_stellate
D31-5_78,celseq2,activated_stellate
D31-5_82,celseq2,activated_stellate
D31-5_83,celseq2,activated_stellate
D31-6_1,celseq2,activated_stellate
D31-6_84,celseq2,activated_stellate
D31-7_20,celseq2,activated_stellate
D31-7_48,celseq2,activated_stellate
D31-8_18,celseq2,activated_stellate
D31-8_56,celseq2,activated_stellate
D31-8_92,celseq2,activated_stellate
10th_C19_S62,fluidigmc1,activated_stellate
10th_C56_S74,fluidigmc1,activated_stellate
10th_C77_S120,fluidigmc1,activated_stellate
11th-C16_S64,fluidigmc1,activated_stellate
11th-C2_S8,fluidigmc1,activated_stellate
11th-C40_S52,fluidigmc1,activated_stellate
11th-C56_S32,fluidigmc1,activated_stellate
12th-C36_S158,fluidigmc1,activated_stellate
12th-C46_S145,fluidigmc1,activated_stellate
12th-C94_S180,fluidigmc1,activated_stellate
1st-C34_S54,fluidigmc1,activated_stellate
1st-C42_S71,fluidigmc1,activated_stellate
2nd-C54_S12,fluidigmc1,activated_stellate
3rd-C42_S74,fluidigmc1,activated_stellate
3rd-C51_S87,fluidigmc1,activated_stellate
9th-C2_S2,fluidigmc1,activated_stellate
AZ_F5,smartseq2,activated_stellate
HP1502401_H18,smartseq2,activated_stellate
HP1504101T2D_P3,smartseq2,activated_stellate
HP1504101T2D_F18,smartseq2,activated_stellate
HP1504901_I19,smartseq2,activated_stellate
HP1504901_B24,smartseq2,activated_stellate
HP1504901_M19,smartseq2,activated_stellate
HP1504901_E9,smartseq2,activated_stellate
HP1504901_J24,smartseq2,activated_stellate
HP1504901_J18,smartseq2,activated_stellate
HP1506401_B15,smartseq2,activated_stellate
HP1506401_B20,smartseq2,activated_stellate
HP1507101_G2,smartseq2,activated_stellate
HP1507101_M10,smartseq2,activated_stellate
HP1507101_J12,smartseq2,activated_stellate
HP1507101_D9,smartseq2,activated_stellate
HP1507101_C11,smartseq2,activated_stellate
HP1507101_K13,smartseq2,activated_stellate
HP1507101_E18,smartseq2,activated_stellate
HP1507101_K20,smartseq2,activated_stellate
HP1507101_L1,smartseq2,activated_stellate
HP1507101_E23,smartseq2,activated_stellate
HP1508501T2D_A8,smartseq2,activated_stellate
HP1508501T2D_H5,smartseq2,activated_stellate
HP1508501T2D_I3,smartseq2,activated_stellate
HP1508501T2D_L10,smartseq2,activated_stellate
HP1508501T2D_L15,smartseq2,activated_stellate
HP1508501T2D_C12,smartseq2,activated_stellate
HP1508501T2D_I19,smartseq2,activated_stellate
HP1508501T2D_E20,smartseq2,activated_stellate
HP1508501T2D_J2,smartseq2,activated_stellate
HP1508501T2D_M10,smartseq2,activated_stellate
HP1508501T2D_M21,smartseq2,activated_stellate
HP1509101_D10,smartseq2,activated_stellate
HP1509101_B12,smartseq2,activated_stellate
HP1509101_P23,smartseq2,activated_stellate
HP1509101_J14,smartseq2,activated_stellate
HP1509101_B17,smartseq2,activated_stellate
HP1525301T2D_P16,smartseq2,activated_stellate
HP1525301T2D_F24,smartseq2,activated_stellate
HP1525301T2D_O9,smartseq2,activated_stellate
HP1525301T2D_E12,smartseq2,activated_stellate
HP1525301T2D_F7,smartseq2,activated_stellate
HP1525301T2D_B6,smartseq2,activated_stellate
HP1525301T2D_E5,smartseq2,activated_stellate
HP1525301T2D_L8,smartseq2,activated_stellate
HP1525301T2D_E24,smartseq2,activated_stellate
HP1525301T2D_K10,smartseq2,activated_stellate
HP1525301T2D_M2,smartseq2,activated_stellate
HP1525301T2D_J17,smartseq2,activated_stellate
HP1525301T2D_D21,smartseq2,activated_stellate
HP1526901T2D_P13,smartseq2,activated_stellate
HP1526901T2D_E15,smartseq2,activated_stellate
HP1526901T2D_O2,smartseq2,activated_stellate
HP1526901T2D_I9,smartseq2,activated_stellate
D102_21,celseq,schwann
D30-7_84,celseq2,schwann
D31-2_4,celseq2,schwann
D31-5_47,celseq2,schwann
D31-6_23,celseq2,schwann
13th_C36_S196,fluidigmc1,schwann
4th-C3_S1,fluidigmc1,schwann
6th-C62_S25,fluidigmc1,schwann
6th-C63_S26,fluidigmc1,schwann
9th-C22_S41,fluidigmc1,schwann
HP1504101T2D_H7,smartseq2,schwann
HP1504901_C2,smartseq2,schwann
D1713_28,celseq,mast
D28-1_64,celseq2,mast
D28-2_66,celseq2,mast
D28-3_17,celseq2,mast
D29-2_55,celseq2,mast
D30-4_65,celseq2,mast
D30-8_21,celseq2,mast
3rd-C6_S44,fluidigmc1,mast
7th-C44_S76,fluidigmc1,mast
9th-C5_S8,fluidigmc1,mast
HP1502401_J7,smartseq2,mast
HP1507101_M16,smartseq2,mast
HP1508501T2D_M1,smartseq2,mast
HP1508501T2D_H12,smartseq2,mast
HP1526901T2D_O12,smartseq2,mast
HP1526901T2D_P8,smartseq2,mast
HP1526901T2D_E17,smartseq2,mast
D1713_62,celseq,macrophage
D28-2_79,celseq2,macrophage
D28-3_88,celseq2,macrophage
D28-4_1,celseq2,macrophage
D28-6_15,celseq2,macrophage
D28-8_42,celseq2,macrophage
D28-8_50,celseq2,macrophage
D29-2_49,celseq2,macrophage
D29-8_67,celseq2,macrophage
D30-2_38,celseq2,macrophage
D30-2_79,celseq2,macrophage
D30-3_84,celseq2,macrophage
D30-5_41,celseq2,macrophage
D30-7_88,celseq2,macrophage
D31-5_72,celseq2,macrophage
D31-6_57,celseq2,macrophage
7th-C40_S70,fluidigmc1,macrophage
AZ_E3,smartseq2,macrophage
HP1507101_L8,smartseq2,macrophage
HP1507101_N1,smartseq2,macrophage
HP1508501T2D_F14,smartseq2,macrophage
HP1508501T2D_C9,smartseq2,macrophage
HP1525301T2D_I11,smartseq2,macrophage
HP1526901T2D_G11,smartseq2,macrophage
D17All2_88,celseq,epsilon
D29-4_84,celseq2,epsilon
D29-7_71,celseq2,epsilon
D30-4_20,celseq2,epsilon
D31-6_25,celseq2,epsilon
9th-C84_S60,fluidigmc1,epsilon
HP1502401_E14,smartseq2,epsilon
HP1504101T2D_M8,smartseq2,epsilon
HP1504101T2D_C16,smartseq2,epsilon
HP1504901_F14,smartseq2,epsilon
HP1504901_D18,smartseq2,epsilon
HP1504901_C13,smartseq2,epsilon
HP1506401_J16,smartseq2,epsilon
HP1526901T2D_M13,smartseq2,epsilon
D71_68,celseq,quiescent_stellate
D28-3_1,celseq2,quiescent_stellate
D28-4_14,celseq2,quiescent_stellate
D28-5_88,celseq2,quiescent_stellate
D28-5_89,celseq2,quiescent_stellate
D28-6_1,celseq2,quiescent_stellate
D28-6_40,celseq2,quiescent_stellate
D28-6_43,celseq2,quiescent_stellate
D28-8_52,celseq2,quiescent_stellate
D29-3_73,celseq2,quiescent_stellate
D29-8_52,celseq2,quiescent_stellate
D31-4_16,celseq2,quiescent_stellate
D31-8_47,celseq2,quiescent_stellate
3rd-C35_S23,fluidigmc1,quiescent_stellate
HP1504101T2D_P14,smartseq2,quiescent_stellate
HP1504901_A22,smartseq2,quiescent_stellate
HP1504901_M11,smartseq2,quiescent_stellate
HP1504901_N21,smartseq2,quiescent_stellate
HP1507101_P15,smartseq2,quiescent_stellate
HP1508501T2D_M16,smartseq2,quiescent_stellate
human1_lib1.final_cell_0001,inDrop1,acinar
human1_lib1.final_cell_0002,inDrop1,acinar
human1_lib1.final_cell_0003,inDrop1,acinar
human1_lib1.final_cell_0004,inDrop1,acinar
human1_lib1.final_cell_0005,inDrop1,acinar
human1_lib1.final_cell_0006,inDrop1,acinar
human1_lib1.final_cell_0007,inDrop1,beta
human1_lib1.final_cell_0008,inDrop1,acinar
human1_lib1.final_cell_0009,inDrop1,acinar
human1_lib1.final_cell_0010,inDrop1,acinar
human1_lib1.final_cell_0011,inDrop1,acinar
human1_lib1.final_cell_0012,inDrop1,acinar
human1_lib1.final_cell_0013,inDrop1,delta
human1_lib1.final_cell_0014,inDrop1,delta
human1_lib1.final_cell_0015,inDrop1,beta
human1_lib1.final_cell_0016,inDrop1,activated_stellate
human1_lib1.final_cell_0017,inDrop1,beta
human1_lib1.final_cell_0018,inDrop1,acinar
human1_lib1.final_cell_0019,inDrop1,ductal
human1_lib1.final_cell_0020,inDrop1,beta
human1_lib1.final_cell_0021,inDrop1,beta
human1_lib1.final_cell_0022,inDrop1,alpha
human1_lib1.final_cell_0023,inDrop1,ductal
human1_lib1.final_cell_0024,inDrop1,beta
human1_lib1.final_cell_0025,inDrop1,delta
human1_lib1.final_cell_0026,inDrop1,alpha
human1_lib1.final_cell_0027,inDrop1,beta
human1_lib1.final_cell_0028,inDrop1,acinar
human1_lib1.final_cell_0029,inDrop1,acinar
human1_lib1.final_cell_0030,inDrop1,beta
human1_lib1.final_cell_0031,inDrop1,delta
human1_lib1.final_cell_0032,inDrop1,delta
human1_lib1.final_cell_0033,inDrop1,delta
human1_lib1.final_cell_0034,inDrop1,delta
human1_lib1.final_cell_0035,inDrop1,beta
human1_lib1.final_cell_0036,inDrop1,acinar
human1_lib1.final_cell_0037,inDrop1,beta
human1_lib1.final_cell_0038,inDrop1,beta
human1_lib1.final_cell_0039,inDrop1,beta
human1_lib1.final_cell_0040,inDrop1,delta
human1_lib1.final_cell_0041,inDrop1,activated_stellate
human1_lib1.final_cell_0042,inDrop1,beta
human1_lib1.final_cell_0043,inDrop1,delta
human1_lib1.final_cell_0044,inDrop1,activated_stellate
human1_lib1.final_cell_0045,inDrop1,activated_stellate
human1_lib1.final_cell_0046,inDrop1,activated_stellate
human1_lib1.final_cell_0047,inDrop1,acinar
human1_lib1.final_cell_0048,inDrop1,activated_stellate
human1_lib1.final_cell_0049,inDrop1,delta
human1_lib1.final_cell_0050,inDrop1,beta
human1_lib1.final_cell_0051,inDrop1,delta
human1_lib1.final_cell_0052,inDrop1,beta
human1_lib1.final_cell_0053,inDrop1,acinar
human1_lib1.final_cell_0054,inDrop1,beta
human1_lib1.final_cell_0055,inDrop1,beta
human1_lib1.final_cell_0056,inDrop1,activated_stellate
human1_lib1.final_cell_0057,inDrop1,beta
human1_lib1.final_cell_0058,inDrop1,beta
human1_lib1.final_cell_0059,inDrop1,beta
human1_lib1.final_cell_0060,inDrop1,beta
human1_lib1.final_cell_0061,inDrop1,ductal
human1_lib1.final_cell_0062,inDrop1,alpha
human1_lib1.final_cell_0063,inDrop1,beta
human1_lib1.final_cell_0064,inDrop1,ductal
human1_lib1.final_cell_0065,inDrop1,ductal
human1_lib1.final_cell_0066,inDrop1,acinar
human1_lib1.final_cell_0067,inDrop1,alpha
human1_lib1.final_cell_0068,inDrop1,beta
human1_lib1.final_cell_0069,inDrop1,delta
human1_lib1.final_cell_0070,inDrop1,alpha
human1_lib1.final_cell_0071,inDrop1,beta
human1_lib1.final_cell_0072,inDrop1,beta
human1_lib1.final_cell_0073,inDrop1,beta
human1_lib1.final_cell_0074,inDrop1,delta
human1_lib1.final_cell_0075,inDrop1,beta
human1_lib1.final_cell_0076,inDrop1,beta
human1_lib1.final_cell_0077,inDrop1,delta
human1_lib1.final_cell_0078,inDrop1,beta
human1_lib1.final_cell_0079,inDrop1,beta
human1_lib1.final_cell_0080,inDrop1,beta
human1_lib1.final_cell_0081,inDrop1,beta
human1_lib1.final_cell_0082,inDrop1,beta
human1_lib1.final_cell_0083,inDrop1,beta
human1_lib1.final_cell_0084,inDrop1,acinar
human1_lib1.final_cell_0085,inDrop1,activated_stellate
human1_lib1.final_cell_0086,inDrop1,delta
human1_lib1.final_cell_0087,inDrop1,delta
human1_lib1.final_cell_0088,inDrop1,beta
human1_lib1.final_cell_0089,inDrop1,beta
human1_lib1.final_cell_0090,inDrop1,beta
human1_lib1.final_cell_0091,inDrop1,beta
human1_lib1.final_cell_0092,inDrop1,beta
human1_lib1.final_cell_0093,inDrop1,beta
human1_lib1.final_cell_0094,inDrop1,beta
human1_lib1.final_cell_0095,inDrop1,beta
human1_lib1.final_cell_0096,inDrop1,beta
human1_lib1.final_cell_0097,inDrop1,beta
human1_lib1.final_cell_0098,inDrop1,delta
human1_lib1.final_cell_0099,inDrop1,delta
human1_lib1.final_cell_0100,inDrop1,beta
human1_lib1.final_cell_0101,inDrop1,delta
human1_lib1.final_cell_0102,inDrop1,alpha
human1_lib1.final_cell_0103,inDrop1,alpha
human1_lib1.final_cell_0104,inDrop1,delta
human1_lib1.final_cell_0105,inDrop1,beta
human1_lib1.final_cell_0106,inDrop1,beta
human1_lib1.final_cell_0107,inDrop1,beta
human1_lib1.final_cell_0108,inDrop1,beta
human1_lib1.final_cell_0109,inDrop1,acinar
human1_lib1.final_cell_0110,inDrop1,delta
human1_lib1.final_cell_0111,inDrop1,beta
human1_lib1.final_cell_0112,inDrop1,beta
human1_lib1.final_cell_0113,inDrop1,delta
human1_lib1.final_cell_0114,inDrop1,beta
human1_lib1.final_cell_0115,inDrop1,beta
human1_lib1.final_cell_0116,inDrop1,beta
human1_lib1.final_cell_0117,inDrop1,delta
human1_lib1.final_cell_0118,inDrop1,beta
human1_lib1.final_cell_0119,inDrop1,delta
human1_lib1.final_cell_0120,inDrop1,beta
human1_lib1.final_cell_0121,inDrop1,beta
human1_lib1.final_cell_0122,inDrop1,beta
human1_lib1.final_cell_0123,inDrop1,epsilon
human1_lib1.final_cell_0124,inDrop1,beta
human1_lib1.final_cell_0125,inDrop1,beta
human1_lib1.final_cell_0126,inDrop1,beta
human1_lib1.final_cell_0127,inDrop1,delta
human1_lib1.final_cell_0128,inDrop1,beta
human1_lib1.final_cell_0129,inDrop1,delta
human1_lib1.final_cell_0130,inDrop1,beta
human1_lib1.final_cell_0131,inDrop1,alpha
human1_lib1.final_cell_0132,inDrop1,alpha
human1_lib1.final_cell_0133,inDrop1,beta
human1_lib1.final_cell_0134,inDrop1,acinar
human1_lib1.final_cell_0135,inDrop1,alpha
human1_lib1.final_cell_0136,inDrop1,beta
human1_lib1.final_cell_0137,inDrop1,beta
human1_lib1.final_cell_0138,inDrop1,alpha
human1_lib1.final_cell_0139,inDrop1,beta
human1_lib1.final_cell_0140,inDrop1,delta
human1_lib1.final_cell_0141,inDrop1,beta
human1_lib1.final_cell_0142,inDrop1,beta
human1_lib1.final_cell_0143,inDrop1,beta
human1_lib1.final_cell_0144,inDrop1,beta
human1_lib1.final_cell_0145,inDrop1,beta
human1_lib1.final_cell_0146,inDrop1,delta
human1_lib1.final_cell_0147,inDrop1,beta
human1_lib1.final_cell_0148,inDrop1,ductal
human1_lib1.final_cell_0149,inDrop1,ductal
human1_lib1.final_cell_0150,inDrop1,beta
human1_lib1.final_cell_0151,inDrop1,beta
human1_lib1.final_cell_0152,inDrop1,beta
human1_lib1.final_cell_0153,inDrop1,beta
human1_lib1.final_cell_0154,inDrop1,delta
human1_lib1.final_cell_0155,inDrop1,beta
human1_lib1.final_cell_0156,inDrop1,activated_stellate
human1_lib1.final_cell_0157,inDrop1,beta
human1_lib1.final_cell_0158,inDrop1,beta
human1_lib1.final_cell_0159,inDrop1,alpha
human1_lib1.final_cell_0160,inDrop1,beta
human1_lib1.final_cell_0161,inDrop1,alpha
human1_lib1.final_cell_0162,inDrop1,beta
human1_lib1.final_cell_0163,inDrop1,gamma
human1_lib1.final_cell_0164,inDrop1,beta
human1_lib1.final_cell_0165,inDrop1,beta
human1_lib1.final_cell_0166,inDrop1,beta
human1_lib1.final_cell_0167,inDrop1,beta
human1_lib1.final_cell_0168,inDrop1,beta
human1_lib1.final_cell_0169,inDrop1,beta
human1_lib1.final_cell_0170,inDrop1,beta
human1_lib1.final_cell_0171,inDrop1,acinar
human1_lib1.final_cell_0172,inDrop1,beta
human1_lib1.final_cell_0173,inDrop1,acinar
human1_lib1.final_cell_0174,inDrop1,beta
human1_lib1.final_cell_0175,inDrop1,beta
human1_lib1.final_cell_0176,inDrop1,beta
human1_lib1.final_cell_0177,inDrop1,acinar
human1_lib1.final_cell_0178,inDrop1,delta
human1_lib1.final_cell_0179,inDrop1,beta
human1_lib1.final_cell_0180,inDrop1,delta
human1_lib1.final_cell_0181,inDrop1,beta
human1_lib1.final_cell_0182,inDrop1,acinar
human1_lib1.final_cell_0183,inDrop1,alpha
human1_lib1.final_cell_0184,inDrop1,beta
human1_lib1.final_cell_0185,inDrop1,alpha
human1_lib1.final_cell_0186,inDrop1,beta
human1_lib1.final_cell_0187,inDrop1,alpha
human1_lib1.final_cell_0188,inDrop1,endothelial
human1_lib1.final_cell_0189,inDrop1,beta
human1_lib1.final_cell_0190,inDrop1,beta
human1_lib1.final_cell_0191,inDrop1,alpha
human1_lib1.final_cell_0192,inDrop1,delta
human1_lib1.final_cell_0193,inDrop1,beta
human1_lib1.final_cell_0194,inDrop1,beta
human1_lib1.final_cell_0195,inDrop1,delta
human1_lib1.final_cell_0196,inDrop1,beta
human1_lib1.final_cell_0197,inDrop1,gamma
human1_lib1.final_cell_0198,inDrop1,alpha
human1_lib1.final_cell_0199,inDrop1,beta
human1_lib1.final_cell_0200,inDrop1,beta
human1_lib1.final_cell_0201,inDrop1,delta
human1_lib1.final_cell_0202,inDrop1,alpha
human1_lib1.final_cell_0203,inDrop1,ductal
human1_lib1.final_cell_0204,inDrop1,beta
human1_lib1.final_cell_0205,inDrop1,alpha
human1_lib1.final_cell_0206,inDrop1,beta
human1_lib1.final_cell_0207,inDrop1,ductal
human1_lib1.final_cell_0208,inDrop1,alpha
human1_lib1.final_cell_0209,inDrop1,ductal
human1_lib1.final_cell_0210,inDrop1,beta
human1_lib1.final_cell_0211,inDrop1,beta
human1_lib1.final_cell_0212,inDrop1,alpha
human1_lib1.final_cell_0213,inDrop1,beta
human1_lib1.final_cell_0214,inDrop1,beta
human1_lib1.final_cell_0215,inDrop1,quiescent_stellate
human1_lib1.final_cell_0216,inDrop1,ductal
human1_lib1.final_cell_0217,inDrop1,ductal
human1_lib1.final_cell_0218,inDrop1,endothelial
human1_lib1.final_cell_0219,inDrop1,activated_stellate
human1_lib1.final_cell_0220,inDrop1,beta
human1_lib1.final_cell_0221,inDrop1,delta
human1_lib1.final_cell_0222,inDrop1,gamma
human1_lib1.final_cell_0223,inDrop1,beta
human1_lib1.final_cell_0224,inDrop1,beta
human1_lib1.final_cell_0225,inDrop1,beta
human1_lib1.final_cell_0226,inDrop1,alpha
human1_lib1.final_cell_0227,inDrop1,beta
human1_lib1.final_cell_0228,inDrop1,beta
human1_lib1.final_cell_0229,inDrop1,delta
human1_lib1.final_cell_0230,inDrop1,ductal
human1_lib1.final_cell_0231,inDrop1,beta
human1_lib1.final_cell_0232,inDrop1,delta
human1_lib1.final_cell_0233,inDrop1,delta
human1_lib1.final_cell_0234,inDrop1,beta
human1_lib1.final_cell_0235,inDrop1,delta
human1_lib1.final_cell_0236,inDrop1,beta
human1_lib1.final_cell_0237,inDrop1,activated_stellate
human1_lib1.final_cell_0238,inDrop1,beta
human1_lib1.final_cell_0239,inDrop1,beta
human1_lib1.final_cell_0240,inDrop1,delta
human1_lib1.final_cell_0241,inDrop1,beta
human1_lib1.final_cell_0242,inDrop1,quiescent_stellate
human1_lib1.final_cell_0243,inDrop1,beta
human1_lib1.final_cell_0244,inDrop1,acinar
human1_lib1.final_cell_0245,inDrop1,alpha
human1_lib1.final_cell_0246,inDrop1,delta
human1_lib1.final_cell_0247,inDrop1,beta
human1_lib1.final_cell_0248,inDrop1,alpha
human1_lib1.final_cell_0249,inDrop1,beta
human1_lib1.final_cell_0250,inDrop1,endothelial
human1_lib1.final_cell_0251,inDrop1,delta
human1_lib1.final_cell_0252,inDrop1,delta
human1_lib1.final_cell_0253,inDrop1,beta
human1_lib1.final_cell_0254,inDrop1,beta
human1_lib1.final_cell_0255,inDrop1,delta
human1_lib1.final_cell_0256,inDrop1,gamma
human1_lib1.final_cell_0257,inDrop1,alpha
human1_lib1.final_cell_0258,inDrop1,beta
human1_lib1.final_cell_0259,inDrop1,beta
human1_lib1.final_cell_0260,inDrop1,beta
human1_lib1.final_cell_0261,inDrop1,ductal
human1_lib1.final_cell_0262,inDrop1,delta
human1_lib1.final_cell_0263,inDrop1,alpha
human1_lib1.final_cell_0264,inDrop1,beta
human1_lib1.final_cell_0265,inDrop1,gamma
human1_lib1.final_cell_0266,inDrop1,beta
human1_lib1.final_cell_0267,inDrop1,beta
human1_lib1.final_cell_0268,inDrop1,beta
human1_lib1.final_cell_0269,inDrop1,quiescent_stellate
human1_lib1.final_cell_0270,inDrop1,alpha
human1_lib1.final_cell_0271,inDrop1,delta
human1_lib1.final_cell_0272,inDrop1,alpha
human1_lib1.final_cell_0273,inDrop1,endothelial
human1_lib1.final_cell_0274,inDrop1,alpha
human1_lib1.final_cell_0275,inDrop1,delta
human1_lib1.final_cell_0276,inDrop1,beta
human1_lib1.final_cell_0277,inDrop1,gamma
human1_lib1.final_cell_0278,inDrop1,ductal
human1_lib1.final_cell_0279,inDrop1,alpha
human1_lib1.final_cell_0280,inDrop1,alpha
human1_lib1.final_cell_0281,inDrop1,delta
human1_lib1.final_cell_0282,inDrop1,beta
human1_lib1.final_cell_0283,inDrop1,beta
human1_lib1.final_cell_0284,inDrop1,ductal
human1_lib1.final_cell_0285,inDrop1,alpha
human1_lib1.final_cell_0286,inDrop1,beta
human1_lib1.final_cell_0287,inDrop1,delta
human1_lib1.final_cell_0288,inDrop1,macrophage
human1_lib1.final_cell_0289,inDrop1,endothelial
human1_lib1.final_cell_0290,inDrop1,beta
human1_lib1.final_cell_0291,inDrop1,beta
human1_lib1.final_cell_0292,inDrop1,beta
human1_lib1.final_cell_0293,inDrop1,beta
human1_lib1.final_cell_0294,inDrop1,beta
human1_lib1.final_cell_0295,inDrop1,beta
human1_lib1.final_cell_0296,inDrop1,beta
human1_lib1.final_cell_0297,inDrop1,beta
human1_lib1.final_cell_0298,inDrop1,beta
human1_lib1.final_cell_0299,inDrop1,beta
human1_lib1.final_cell_0300,inDrop1,beta
human1_lib1.final_cell_0301,inDrop1,gamma
human1_lib1.final_cell_0302,inDrop1,endothelial
human1_lib1.final_cell_0303,inDrop1,beta
human1_lib1.final_cell_0304,inDrop1,beta
human1_lib1.final_cell_0305,inDrop1,beta
human1_lib1.final_cell_0306,inDrop1,delta
human1_lib1.final_cell_0307,inDrop1,beta
human1_lib1.final_cell_0308,inDrop1,gamma
human1_lib1.final_cell_0309,inDrop1,epsilon
human1_lib1.final_cell_0310,inDrop1,delta
human1_lib1.final_cell_0311,inDrop1,beta
human1_lib1.final_cell_0312,inDrop1,beta
human1_lib1.final_cell_0313,inDrop1,gamma
human1_lib1.final_cell_0314,inDrop1,beta
human1_lib1.final_cell_0315,inDrop1,beta
human1_lib1.final_cell_0316,inDrop1,beta
human1_lib1.final_cell_0317,inDrop1,beta
human1_lib1.final_cell_0318,inDrop1,beta
human1_lib1.final_cell_0319,inDrop1,endothelial
human1_lib1.final_cell_0320,inDrop1,beta
human1_lib1.final_cell_0321,inDrop1,delta
human1_lib1.final_cell_0322,inDrop1,alpha
human1_lib1.final_cell_0323,inDrop1,epsilon
human1_lib1.final_cell_0324,inDrop1,alpha
human1_lib1.final_cell_0325,inDrop1,quiescent_stellate
human1_lib1.final_cell_0326,inDrop1,alpha
human1_lib1.final_cell_0327,inDrop1,alpha
human1_lib1.final_cell_0328,inDrop1,beta
human1_lib1.final_cell_0329,inDrop1,beta
human1_lib1.final_cell_0330,inDrop1,ductal
human1_lib1.final_cell_0331,inDrop1,beta
human1_lib1.final_cell_0332,inDrop1,alpha
human1_lib1.final_cell_0333,inDrop1,beta
human1_lib1.final_cell_0334,inDrop1,alpha
human1_lib1.final_cell_0335,inDrop1,beta
human1_lib1.final_cell_0336,inDrop1,beta
human1_lib1.final_cell_0337,inDrop1,delta
human1_lib1.final_cell_0338,inDrop1,delta
human1_lib1.final_cell_0339,inDrop1,beta
human1_lib1.final_cell_0340,inDrop1,beta
human1_lib1.final_cell_0341,inDrop1,beta
human1_lib1.final_cell_0342,inDrop1,ductal
human1_lib1.final_cell_0343,inDrop1,acinar
human1_lib1.final_cell_0344,inDrop1,beta
human1_lib1.final_cell_0345,inDrop1,alpha
human1_lib1.final_cell_0346,inDrop1,beta
human1_lib1.final_cell_0347,inDrop1,beta
human1_lib1.final_cell_0348,inDrop1,alpha
human1_lib1.final_cell_0349,inDrop1,beta
human1_lib1.final_cell_0350,inDrop1,quiescent_stellate
human1_lib1.final_cell_0351,inDrop1,beta
human1_lib1.final_cell_0352,inDrop1,gamma
human1_lib1.final_cell_0353,inDrop1,beta
human1_lib1.final_cell_0354,inDrop1,gamma
human1_lib1.final_cell_0355,inDrop1,endothelial
human1_lib1.final_cell_0356,inDrop1,beta
human1_lib1.final_cell_0357,inDrop1,alpha
human1_lib1.final_cell_0358,inDrop1,schwann
human1_lib1.final_cell_0359,inDrop1,beta
human1_lib1.final_cell_0360,inDrop1,quiescent_stellate
human1_lib1.final_cell_0361,inDrop1,endothelial
human1_lib1.final_cell_0362,inDrop1,gamma
human1_lib1.final_cell_0363,inDrop1,beta
human1_lib1.final_cell_0364,inDrop1,beta
human1_lib1.final_cell_0365,inDrop1,alpha
human1_lib1.final_cell_0366,inDrop1,alpha
human1_lib1.final_cell_0367,inDrop1,gamma
human1_lib1.final_cell_0368,inDrop1,beta
human1_lib1.final_cell_0369,inDrop1,beta
human1_lib1.final_cell_0370,inDrop1,delta
human1_lib1.final_cell_0371,inDrop1,acinar
human1_lib1.final_cell_0372,inDrop1,acinar
human1_lib1.final_cell_0373,inDrop1,gamma
human1_lib1.final_cell_0374,inDrop1,ductal
human1_lib1.final_cell_0375,inDrop1,ductal
human1_lib1.final_cell_0376,inDrop1,endothelial
human1_lib1.final_cell_0377,inDrop1,delta
human1_lib1.final_cell_0378,inDrop1,beta
human1_lib1.final_cell_0379,inDrop1,beta
human1_lib1.final_cell_0380,inDrop1,endothelial
human1_lib1.final_cell_0381,inDrop1,alpha
human1_lib1.final_cell_0382,inDrop1,acinar
human1_lib1.final_cell_0383,inDrop1,endothelial
human1_lib1.final_cell_0384,inDrop1,endothelial
human1_lib1.final_cell_0385,inDrop1,alpha
human1_lib1.final_cell_0386,inDrop1,beta
human1_lib1.final_cell_0387,inDrop1,beta
human1_lib1.final_cell_0388,inDrop1,gamma
human1_lib1.final_cell_0389,inDrop1,beta
human1_lib1.final_cell_0390,inDrop1,alpha
human1_lib1.final_cell_0391,inDrop1,beta
human1_lib1.final_cell_0392,inDrop1,beta
human1_lib1.final_cell_0393,inDrop1,beta
human1_lib1.final_cell_0394,inDrop1,beta
human1_lib1.final_cell_0395,inDrop1,beta
human1_lib1.final_cell_0396,inDrop1,delta
human1_lib1.final_cell_0397,inDrop1,beta
human1_lib1.final_cell_0398,inDrop1,quiescent_stellate
human1_lib1.final_cell_0399,inDrop1,activated_stellate
human1_lib1.final_cell_0400,inDrop1,beta
human1_lib1.final_cell_0401,inDrop1,alpha
human1_lib1.final_cell_0402,inDrop1,beta
human1_lib1.final_cell_0403,inDrop1,gamma
human1_lib1.final_cell_0404,inDrop1,quiescent_stellate
human1_lib1.final_cell_0405,inDrop1,beta
human1_lib1.final_cell_0406,inDrop1,alpha
human1_lib1.final_cell_0407,inDrop1,quiescent_stellate
human1_lib1.final_cell_0408,inDrop1,endothelial
human1_lib1.final_cell_0409,inDrop1,beta
human1_lib1.final_cell_0410,inDrop1,ductal
human1_lib1.final_cell_0411,inDrop1,endothelial
human1_lib1.final_cell_0412,inDrop1,ductal
human1_lib1.final_cell_0413,inDrop1,acinar
human1_lib1.final_cell_0414,inDrop1,alpha
human1_lib1.final_cell_0415,inDrop1,delta
human1_lib1.final_cell_0416,inDrop1,beta
human1_lib1.final_cell_0417,inDrop1,macrophage
human1_lib1.final_cell_0418,inDrop1,ductal
human1_lib1.final_cell_0419,inDrop1,endothelial
human1_lib1.final_cell_0420,inDrop1,endothelial
human1_lib1.final_cell_0421,inDrop1,gamma
human1_lib1.final_cell_0422,inDrop1,endothelial
human1_lib1.final_cell_0423,inDrop1,endothelial
human1_lib1.final_cell_0424,inDrop1,beta
human1_lib1.final_cell_0425,inDrop1,beta
human1_lib1.final_cell_0426,inDrop1,gamma
human1_lib1.final_cell_0427,inDrop1,beta
human1_lib1.final_cell_0428,inDrop1,mast
human1_lib1.final_cell_0429,inDrop1,beta
human1_lib1.final_cell_0430,inDrop1,endothelial
human1_lib1.final_cell_0431,inDrop1,gamma
human1_lib1.final_cell_0432,inDrop1,quiescent_stellate
human1_lib1.final_cell_0433,inDrop1,alpha
human1_lib1.final_cell_0434,inDrop1,beta
human1_lib1.final_cell_0435,inDrop1,alpha
human1_lib1.final_cell_0436,inDrop1,acinar
human1_lib1.final_cell_0437,inDrop1,ductal
human1_lib1.final_cell_0438,inDrop1,beta
human1_lib1.final_cell_0439,inDrop1,beta
human1_lib1.final_cell_0440,inDrop1,ductal
human1_lib1.final_cell_0441,inDrop1,beta
human1_lib1.final_cell_0442,inDrop1,beta
human1_lib1.final_cell_0443,inDrop1,ductal
human1_lib1.final_cell_0444,inDrop1,acinar
human1_lib1.final_cell_0445,inDrop1,endothelial
human1_lib1.final_cell_0446,inDrop1,beta
human1_lib1.final_cell_0447,inDrop1,beta
human1_lib1.final_cell_0448,inDrop1,beta
human1_lib1.final_cell_0449,inDrop1,ductal
human1_lib1.final_cell_0450,inDrop1,activated_stellate
human1_lib1.final_cell_0451,inDrop1,beta
human1_lib1.final_cell_0452,inDrop1,quiescent_stellate
human1_lib1.final_cell_0453,inDrop1,acinar
human1_lib1.final_cell_0454,inDrop1,gamma
human1_lib1.final_cell_0455,inDrop1,quiescent_stellate
human1_lib1.final_cell_0456,inDrop1,endothelial
human1_lib1.final_cell_0457,inDrop1,endothelial
human1_lib1.final_cell_0458,inDrop1,alpha
human1_lib1.final_cell_0459,inDrop1,quiescent_stellate
human1_lib1.final_cell_0460,inDrop1,beta
human1_lib1.final_cell_0461,inDrop1,acinar
human1_lib1.final_cell_0462,inDrop1,beta
human1_lib1.final_cell_0463,inDrop1,endothelial
human1_lib1.final_cell_0464,inDrop1,endothelial
human1_lib1.final_cell_0465,inDrop1,beta
human1_lib1.final_cell_0466,inDrop1,acinar
human1_lib1.final_cell_0467,inDrop1,delta
human1_lib1.final_cell_0468,inDrop1,beta
human1_lib1.final_cell_0469,inDrop1,beta
human1_lib1.final_cell_0470,inDrop1,beta
human1_lib1.final_cell_0471,inDrop1,beta
human1_lib1.final_cell_0472,inDrop1,beta
human1_lib1.final_cell_0473,inDrop1,beta
human1_lib1.final_cell_0474,inDrop1,beta
human1_lib1.final_cell_0475,inDrop1,beta
human1_lib1.final_cell_0476,inDrop1,gamma
human1_lib1.final_cell_0477,inDrop1,ductal
human1_lib1.final_cell_0478,inDrop1,beta
human1_lib1.final_cell_0479,inDrop1,gamma
human1_lib1.final_cell_0480,inDrop1,beta
human1_lib1.final_cell_0481,inDrop1,delta
human1_lib1.final_cell_0482,inDrop1,beta
human1_lib1.final_cell_0483,inDrop1,beta
human1_lib1.final_cell_0484,inDrop1,gamma
human1_lib1.final_cell_0485,inDrop1,quiescent_stellate
human1_lib1.final_cell_0486,inDrop1,delta
human1_lib1.final_cell_0487,inDrop1,beta
human1_lib1.final_cell_0488,inDrop1,delta
human1_lib1.final_cell_0489,inDrop1,quiescent_stellate
human1_lib1.final_cell_0490,inDrop1,delta
human1_lib1.final_cell_0491,inDrop1,beta
human1_lib1.final_cell_0492,inDrop1,alpha
human1_lib1.final_cell_0493,inDrop1,delta
human1_lib1.final_cell_0494,inDrop1,alpha
human1_lib1.final_cell_0495,inDrop1,quiescent_stellate
human1_lib1.final_cell_0496,inDrop1,quiescent_stellate
human1_lib1.final_cell_0497,inDrop1,beta
human1_lib1.final_cell_0498,inDrop1,endothelial
human1_lib1.final_cell_0499,inDrop1,endothelial
human1_lib1.final_cell_0500,inDrop1,activated_stellate
human1_lib1.final_cell_0501,inDrop1,beta
human1_lib1.final_cell_0502,inDrop1,alpha
human1_lib1.final_cell_0503,inDrop1,delta
human1_lib1.final_cell_0504,inDrop1,beta
human1_lib1.final_cell_0505,inDrop1,endothelial
human1_lib1.final_cell_0506,inDrop1,alpha
human1_lib1.final_cell_0507,inDrop1,quiescent_stellate
human1_lib1.final_cell_0508,inDrop1,beta
human1_lib1.final_cell_0509,inDrop1,endothelial
human1_lib1.final_cell_0510,inDrop1,activated_stellate
human1_lib1.final_cell_0511,inDrop1,gamma
human1_lib1.final_cell_0512,inDrop1,beta
human1_lib1.final_cell_0513,inDrop1,quiescent_stellate
human1_lib1.final_cell_0514,inDrop1,beta
human1_lib1.final_cell_0515,inDrop1,endothelial
human1_lib1.final_cell_0516,inDrop1,gamma
human1_lib1.final_cell_0517,inDrop1,beta
human1_lib1.final_cell_0518,inDrop1,beta
human1_lib1.final_cell_0519,inDrop1,alpha
human1_lib1.final_cell_0520,inDrop1,endothelial
human1_lib1.final_cell_0521,inDrop1,gamma
human1_lib1.final_cell_0522,inDrop1,beta
human1_lib1.final_cell_0523,inDrop1,beta
human1_lib1.final_cell_0524,inDrop1,beta
human1_lib1.final_cell_0525,inDrop1,beta
human1_lib1.final_cell_0526,inDrop1,endothelial
human1_lib1.final_cell_0527,inDrop1,mast
human1_lib1.final_cell_0528,inDrop1,beta
human1_lib1.final_cell_0529,inDrop1,beta
human1_lib1.final_cell_0530,inDrop1,endothelial
human1_lib1.final_cell_0531,inDrop1,beta
human1_lib1.final_cell_0532,inDrop1,endothelial
human1_lib1.final_cell_0533,inDrop1,beta
human1_lib1.final_cell_0534,inDrop1,endothelial
human1_lib1.final_cell_0535,inDrop1,beta
human1_lib1.final_cell_0536,inDrop1,quiescent_stellate
human1_lib1.final_cell_0537,inDrop1,endothelial
human1_lib1.final_cell_0538,inDrop1,endothelial
human1_lib1.final_cell_0539,inDrop1,beta
human1_lib1.final_cell_0540,inDrop1,endothelial
human1_lib1.final_cell_0541,inDrop1,quiescent_stellate
human1_lib1.final_cell_0542,inDrop1,beta
human1_lib1.final_cell_0543,inDrop1,alpha
human1_lib1.final_cell_0544,inDrop1,ductal
human1_lib1.final_cell_0545,inDrop1,endothelial
human1_lib1.final_cell_0546,inDrop1,beta
human1_lib1.final_cell_0547,inDrop1,beta
human1_lib1.final_cell_0548,inDrop1,endothelial
human1_lib1.final_cell_0549,inDrop1,beta
human1_lib1.final_cell_0550,inDrop1,beta
human1_lib1.final_cell_0551,inDrop1,beta
human1_lib1.final_cell_0552,inDrop1,endothelial
human1_lib1.final_cell_0553,inDrop1,macrophage
human1_lib1.final_cell_0554,inDrop1,endothelial
human1_lib1.final_cell_0555,inDrop1,ductal
human1_lib1.final_cell_0556,inDrop1,beta
human1_lib1.final_cell_0557,inDrop1,ductal
human1_lib1.final_cell_0558,inDrop1,endothelial
human1_lib1.final_cell_0559,inDrop1,quiescent_stellate
human1_lib1.final_cell_0560,inDrop1,beta
human1_lib1.final_cell_0561,inDrop1,endothelial
human1_lib1.final_cell_0562,inDrop1,endothelial
human1_lib1.final_cell_0563,inDrop1,beta
human1_lib1.final_cell_0564,inDrop1,endothelial
human1_lib1.final_cell_0565,inDrop1,endothelial
human1_lib1.final_cell_0566,inDrop1,alpha
human1_lib1.final_cell_0567,inDrop1,ductal
human1_lib1.final_cell_0568,inDrop1,beta
human1_lib2.final_cell_0001,inDrop1,delta
human1_lib2.final_cell_0002,inDrop1,delta
human1_lib2.final_cell_0003,inDrop1,delta
human1_lib2.final_cell_0004,inDrop1,acinar
human1_lib2.final_cell_0005,inDrop1,acinar
human1_lib2.final_cell_0006,inDrop1,acinar
human1_lib2.final_cell_0007,inDrop1,acinar
human1_lib2.final_cell_0008,inDrop1,delta
human1_lib2.final_cell_0009,inDrop1,acinar
human1_lib2.final_cell_0010,inDrop1,ductal
human1_lib2.final_cell_0011,inDrop1,alpha
human1_lib2.final_cell_0012,inDrop1,delta
human1_lib2.final_cell_0013,inDrop1,delta
human1_lib2.final_cell_0014,inDrop1,delta
human1_lib2.final_cell_0015,inDrop1,delta
human1_lib2.final_cell_0016,inDrop1,acinar
human1_lib2.final_cell_0017,inDrop1,beta
human1_lib2.final_cell_0018,inDrop1,acinar
human1_lib2.final_cell_0019,inDrop1,endothelial
human1_lib2.final_cell_0020,inDrop1,delta
human1_lib2.final_cell_0021,inDrop1,beta
human1_lib2.final_cell_0022,inDrop1,delta
human1_lib2.final_cell_0023,inDrop1,alpha
human1_lib2.final_cell_0024,inDrop1,ductal
human1_lib2.final_cell_0025,inDrop1,delta
human1_lib2.final_cell_0026,inDrop1,delta
human1_lib2.final_cell_0027,inDrop1,beta
human1_lib2.final_cell_0028,inDrop1,delta
human1_lib2.final_cell_0029,inDrop1,beta
human1_lib2.final_cell_0030,inDrop1,beta
human1_lib2.final_cell_0031,inDrop1,delta
human1_lib2.final_cell_0032,inDrop1,gamma
human1_lib2.final_cell_0033,inDrop1,beta
human1_lib2.final_cell_0034,inDrop1,delta
human1_lib2.final_cell_0035,inDrop1,beta
human1_lib2.final_cell_0036,inDrop1,delta
human1_lib2.final_cell_0037,inDrop1,beta
human1_lib2.final_cell_0038,inDrop1,alpha
human1_lib2.final_cell_0039,inDrop1,beta
human1_lib2.final_cell_0040,inDrop1,delta
human1_lib2.final_cell_0041,inDrop1,delta
human1_lib2.final_cell_0042,inDrop1,beta
human1_lib2.final_cell_0043,inDrop1,delta
human1_lib2.final_cell_0044,inDrop1,delta
human1_lib2.final_cell_0045,inDrop1,ductal
human1_lib2.final_cell_0046,inDrop1,beta
human1_lib2.final_cell_0047,inDrop1,delta
human1_lib2.final_cell_0048,inDrop1,delta
human1_lib2.final_cell_0049,inDrop1,alpha
human1_lib2.final_cell_0050,inDrop1,beta
human1_lib2.final_cell_0051,inDrop1,alpha
human1_lib2.final_cell_0052,inDrop1,alpha
human1_lib2.final_cell_0053,inDrop1,beta
human1_lib2.final_cell_0054,inDrop1,acinar
human1_lib2.final_cell_0055,inDrop1,beta
human1_lib2.final_cell_0056,inDrop1,beta
human1_lib2.final_cell_0057,inDrop1,beta
human1_lib2.final_cell_0058,inDrop1,delta
human1_lib2.final_cell_0059,inDrop1,activated_stellate
human1_lib2.final_cell_0060,inDrop1,beta
human1_lib2.final_cell_0061,inDrop1,beta
human1_lib2.final_cell_0062,inDrop1,beta
human1_lib2.final_cell_0063,inDrop1,delta
human1_lib2.final_cell_0064,inDrop1,beta
human1_lib2.final_cell_0065,inDrop1,alpha
human1_lib2.final_cell_0066,inDrop1,ductal
human1_lib2.final_cell_0067,inDrop1,acinar
human1_lib2.final_cell_0068,inDrop1,delta
human1_lib2.final_cell_0069,inDrop1,beta
human1_lib2.final_cell_0070,inDrop1,beta
human1_lib2.final_cell_0071,inDrop1,beta
human1_lib2.final_cell_0072,inDrop1,acinar
human1_lib2.final_cell_0073,inDrop1,beta
human1_lib2.final_cell_0074,inDrop1,delta
human1_lib2.final_cell_0075,inDrop1,beta
human1_lib2.final_cell_0076,inDrop1,beta
human1_lib2.final_cell_0077,inDrop1,beta
human1_lib2.final_cell_0078,inDrop1,delta
human1_lib2.final_cell_0079,inDrop1,delta
human1_lib2.final_cell_0080,inDrop1,beta
human1_lib2.final_cell_0081,inDrop1,delta
human1_lib2.final_cell_0082,inDrop1,beta
human1_lib2.final_cell_0083,inDrop1,beta
human1_lib2.final_cell_0084,inDrop1,beta
human1_lib2.final_cell_0085,inDrop1,beta
human1_lib2.final_cell_0086,inDrop1,beta
human1_lib2.final_cell_0087,inDrop1,beta
human1_lib2.final_cell_0088,inDrop1,acinar
human1_lib2.final_cell_0089,inDrop1,beta
human1_lib2.final_cell_0090,inDrop1,beta
human1_lib2.final_cell_0091,inDrop1,beta
human1_lib2.final_cell_0092,inDrop1,alpha
human1_lib2.final_cell_0093,inDrop1,endothelial
human1_lib2.final_cell_0094,inDrop1,beta
human1_lib2.final_cell_0095,inDrop1,delta
human1_lib2.final_cell_0096,inDrop1,beta
human1_lib2.final_cell_0097,inDrop1,delta
human1_lib2.final_cell_0098,inDrop1,beta
human1_lib2.final_cell_0099,inDrop1,delta
human1_lib2.final_cell_0100,inDrop1,beta
human1_lib2.final_cell_0101,inDrop1,beta
human1_lib2.final_cell_0102,inDrop1,delta
human1_lib2.final_cell_0103,inDrop1,ductal
human1_lib2.final_cell_0104,inDrop1,beta
human1_lib2.final_cell_0105,inDrop1,beta
human1_lib2.final_cell_0106,inDrop1,ductal
human1_lib2.final_cell_0107,inDrop1,beta
human1_lib2.final_cell_0108,inDrop1,beta
human1_lib2.final_cell_0109,inDrop1,beta
human1_lib2.final_cell_0110,inDrop1,beta
human1_lib2.final_cell_0111,inDrop1,acinar
human1_lib2.final_cell_0112,inDrop1,acinar
human1_lib2.final_cell_0113,inDrop1,beta
human1_lib2.final_cell_0114,inDrop1,alpha
human1_lib2.final_cell_0115,inDrop1,beta
human1_lib2.final_cell_0116,inDrop1,delta
human1_lib2.final_cell_0117,inDrop1,beta
human1_lib2.final_cell_0118,inDrop1,beta
human1_lib2.final_cell_0119,inDrop1,beta
human1_lib2.final_cell_0120,inDrop1,beta
human1_lib2.final_cell_0121,inDrop1,beta
human1_lib2.final_cell_0122,inDrop1,ductal
human1_lib2.final_cell_0123,inDrop1,beta
human1_lib2.final_cell_0124,inDrop1,acinar
human1_lib2.final_cell_0125,inDrop1,beta
human1_lib2.final_cell_0126,inDrop1,acinar
human1_lib2.final_cell_0127,inDrop1,beta
human1_lib2.final_cell_0128,inDrop1,ductal
human1_lib2.final_cell_0129,inDrop1,beta
human1_lib2.final_cell_0130,inDrop1,activated_stellate
human1_lib2.final_cell_0131,inDrop1,alpha
human1_lib2.final_cell_0132,inDrop1,beta
human1_lib2.final_cell_0133,inDrop1,delta
human1_lib2.final_cell_0134,inDrop1,delta
human1_lib2.final_cell_0135,inDrop1,beta
human1_lib2.final_cell_0136,inDrop1,beta
human1_lib2.final_cell_0137,inDrop1,beta
human1_lib2.final_cell_0138,inDrop1,beta
human1_lib2.final_cell_0139,inDrop1,acinar
human1_lib2.final_cell_0140,inDrop1,beta
human1_lib2.final_cell_0141,inDrop1,beta
human1_lib2.final_cell_0142,inDrop1,beta
human1_lib2.final_cell_0143,inDrop1,delta
human1_lib2.final_cell_0144,inDrop1,beta
human1_lib2.final_cell_0145,inDrop1,ductal
human1_lib2.final_cell_0146,inDrop1,beta
human1_lib2.final_cell_0147,inDrop1,beta
human1_lib2.final_cell_0148,inDrop1,ductal
human1_lib2.final_cell_0149,inDrop1,macrophage
human1_lib2.final_cell_0150,inDrop1,beta
human1_lib2.final_cell_0151,inDrop1,delta
human1_lib2.final_cell_0152,inDrop1,beta
human1_lib2.final_cell_0153,inDrop1,beta
human1_lib2.final_cell_0154,inDrop1,beta
human1_lib2.final_cell_0155,inDrop1,beta
human1_lib2.final_cell_0156,inDrop1,beta
human1_lib2.final_cell_0157,inDrop1,activated_stellate
human1_lib2.final_cell_0158,inDrop1,beta
human1_lib2.final_cell_0159,inDrop1,beta
human1_lib2.final_cell_0160,inDrop1,ductal
human1_lib2.final_cell_0161,inDrop1,beta
human1_lib2.final_cell_0162,inDrop1,beta
human1_lib2.final_cell_0163,inDrop1,beta
human1_lib2.final_cell_0164,inDrop1,beta
human1_lib2.final_cell_0165,inDrop1,beta
human1_lib2.final_cell_0166,inDrop1,delta
human1_lib2.final_cell_0167,inDrop1,beta
human1_lib2.final_cell_0168,inDrop1,beta
human1_lib2.final_cell_0169,inDrop1,delta
human1_lib2.final_cell_0170,inDrop1,beta
human1_lib2.final_cell_0171,inDrop1,beta
human1_lib2.final_cell_0172,inDrop1,beta
human1_lib2.final_cell_0173,inDrop1,beta
human1_lib2.final_cell_0174,inDrop1,alpha
human1_lib2.final_cell_0175,inDrop1,beta
human1_lib2.final_cell_0176,inDrop1,beta
human1_lib2.final_cell_0177,inDrop1,acinar
human1_lib2.final_cell_0178,inDrop1,beta
human1_lib2.final_cell_0179,inDrop1,beta
human1_lib2.final_cell_0180,inDrop1,beta
human1_lib2.final_cell_0181,inDrop1,beta
human1_lib2.final_cell_0182,inDrop1,ductal
human1_lib2.final_cell_0183,inDrop1,beta
human1_lib2.final_cell_0184,inDrop1,delta
human1_lib2.final_cell_0185,inDrop1,beta
human1_lib2.final_cell_0186,inDrop1,alpha
human1_lib2.final_cell_0187,inDrop1,beta
human1_lib2.final_cell_0188,inDrop1,beta
human1_lib2.final_cell_0189,inDrop1,beta
human1_lib2.final_cell_0190,inDrop1,beta
human1_lib2.final_cell_0191,inDrop1,delta
human1_lib2.final_cell_0192,inDrop1,beta
human1_lib2.final_cell_0193,inDrop1,beta
human1_lib2.final_cell_0194,inDrop1,delta
human1_lib2.final_cell_0195,inDrop1,beta
human1_lib2.final_cell_0196,inDrop1,beta
human1_lib2.final_cell_0197,inDrop1,beta
human1_lib2.final_cell_0198,inDrop1,beta
human1_lib2.final_cell_0199,inDrop1,beta
human1_lib2.final_cell_0200,inDrop1,beta
human1_lib2.final_cell_0201,inDrop1,beta
human1_lib2.final_cell_0202,inDrop1,gamma
human1_lib2.final_cell_0203,inDrop1,beta
human1_lib2.final_cell_0204,inDrop1,beta
human1_lib2.final_cell_0205,inDrop1,delta
human1_lib2.final_cell_0206,inDrop1,ductal
human1_lib2.final_cell_0207,inDrop1,beta
human1_lib2.final_cell_0208,inDrop1,beta
human1_lib2.final_cell_0209,inDrop1,beta
human1_lib2.final_cell_0210,inDrop1,delta
human1_lib2.final_cell_0211,inDrop1,beta
human1_lib2.final_cell_0212,inDrop1,ductal
human1_lib2.final_cell_0213,inDrop1,beta
human1_lib2.final_cell_0214,inDrop1,beta
human1_lib2.final_cell_0215,inDrop1,beta
human1_lib2.final_cell_0216,inDrop1,beta
human1_lib2.final_cell_0217,inDrop1,ductal
human1_lib2.final_cell_0218,inDrop1,activated_stellate
human1_lib2.final_cell_0219,inDrop1,beta
human1_lib2.final_cell_0220,inDrop1,alpha
human1_lib2.final_cell_0221,inDrop1,beta
human1_lib2.final_cell_0222,inDrop1,beta
human1_lib2.final_cell_0223,inDrop1,activated_stellate
human1_lib2.final_cell_0224,inDrop1,alpha
human1_lib2.final_cell_0225,inDrop1,acinar
human1_lib2.final_cell_0226,inDrop1,gamma
human1_lib2.final_cell_0227,inDrop1,beta
human1_lib2.final_cell_0228,inDrop1,beta
human1_lib2.final_cell_0229,inDrop1,beta
human1_lib2.final_cell_0230,inDrop1,delta
human1_lib2.final_cell_0231,inDrop1,alpha
human1_lib2.final_cell_0232,inDrop1,endothelial
human1_lib2.final_cell_0233,inDrop1,gamma
human1_lib2.final_cell_0234,inDrop1,beta
human1_lib2.final_cell_0235,inDrop1,alpha
human1_lib2.final_cell_0236,inDrop1,beta
human1_lib2.final_cell_0237,inDrop1,beta
human1_lib2.final_cell_0238,inDrop1,beta
human1_lib2.final_cell_0239,inDrop1,beta
human1_lib2.final_cell_0240,inDrop1,beta
human1_lib2.final_cell_0241,inDrop1,endothelial
human1_lib2.final_cell_0242,inDrop1,beta
human1_lib2.final_cell_0243,inDrop1,delta
human1_lib2.final_cell_0244,inDrop1,beta
human1_lib2.final_cell_0245,inDrop1,alpha
human1_lib2.final_cell_0246,inDrop1,beta
human1_lib2.final_cell_0247,inDrop1,alpha
human1_lib2.final_cell_0248,inDrop1,alpha
human1_lib2.final_cell_0249,inDrop1,delta
human1_lib2.final_cell_0250,inDrop1,alpha
human1_lib2.final_cell_0251,inDrop1,ductal
human1_lib2.final_cell_0252,inDrop1,beta
human1_lib2.final_cell_0253,inDrop1,alpha
human1_lib2.final_cell_0254,inDrop1,endothelial
human1_lib2.final_cell_0255,inDrop1,beta
human1_lib2.final_cell_0256,inDrop1,beta
human1_lib2.final_cell_0257,inDrop1,ductal
human1_lib2.final_cell_0258,inDrop1,delta
human1_lib2.final_cell_0259,inDrop1,beta
human1_lib2.final_cell_0260,inDrop1,beta
human1_lib2.final_cell_0261,inDrop1,alpha
human1_lib2.final_cell_0262,inDrop1,alpha
human1_lib2.final_cell_0263,inDrop1,delta
human1_lib2.final_cell_0264,inDrop1,gamma
human1_lib2.final_cell_0265,inDrop1,alpha
human1_lib2.final_cell_0266,inDrop1,beta
human1_lib2.final_cell_0267,inDrop1,alpha
human1_lib2.final_cell_0268,inDrop1,ductal
human1_lib2.final_cell_0269,inDrop1,beta
human1_lib2.final_cell_0270,inDrop1,gamma
human1_lib2.final_cell_0271,inDrop1,beta
human1_lib2.final_cell_0272,inDrop1,schwann
human1_lib2.final_cell_0273,inDrop1,delta
human1_lib2.final_cell_0274,inDrop1,beta
human1_lib2.final_cell_0275,inDrop1,alpha
human1_lib2.final_cell_0276,inDrop1,delta
human1_lib2.final_cell_0277,inDrop1,beta
human1_lib2.final_cell_0278,inDrop1,acinar
human1_lib2.final_cell_0279,inDrop1,beta
human1_lib2.final_cell_0280,inDrop1,beta
human1_lib2.final_cell_0281,inDrop1,beta
human1_lib2.final_cell_0282,inDrop1,beta
human1_lib2.final_cell_0283,inDrop1,beta
human1_lib2.final_cell_0284,inDrop1,alpha
human1_lib2.final_cell_0285,inDrop1,beta
human1_lib2.final_cell_0286,inDrop1,beta
human1_lib2.final_cell_0287,inDrop1,macrophage
human1_lib2.final_cell_0288,inDrop1,gamma
human1_lib2.final_cell_0289,inDrop1,beta
human1_lib2.final_cell_0290,inDrop1,beta
human1_lib2.final_cell_0291,inDrop1,alpha
human1_lib2.final_cell_0292,inDrop1,acinar
human1_lib2.final_cell_0293,inDrop1,endothelial
human1_lib2.final_cell_0294,inDrop1,alpha
human1_lib2.final_cell_0295,inDrop1,beta
human1_lib2.final_cell_0296,inDrop1,alpha
human1_lib2.final_cell_0297,inDrop1,alpha
human1_lib2.final_cell_0298,inDrop1,alpha
human1_lib2.final_cell_0299,inDrop1,beta
human1_lib2.final_cell_0300,inDrop1,beta
human1_lib2.final_cell_0301,inDrop1,alpha
human1_lib2.final_cell_0302,inDrop1,alpha
human1_lib2.final_cell_0303,inDrop1,macrophage
human1_lib2.final_cell_0304,inDrop1,alpha
human1_lib2.final_cell_0305,inDrop1,beta
human1_lib2.final_cell_0306,inDrop1,beta
human1_lib2.final_cell_0307,inDrop1,beta
human1_lib2.final_cell_0308,inDrop1,alpha
human1_lib2.final_cell_0309,inDrop1,activated_stellate
human1_lib2.final_cell_0310,inDrop1,delta
human1_lib2.final_cell_0311,inDrop1,alpha
human1_lib2.final_cell_0312,inDrop1,alpha
human1_lib2.final_cell_0313,inDrop1,endothelial
human1_lib2.final_cell_0314,inDrop1,beta
human1_lib2.final_cell_0315,inDrop1,delta
human1_lib2.final_cell_0316,inDrop1,beta
human1_lib2.final_cell_0317,inDrop1,beta
human1_lib2.final_cell_0318,inDrop1,beta
human1_lib2.final_cell_0319,inDrop1,ductal
human1_lib2.final_cell_0320,inDrop1,beta
human1_lib2.final_cell_0321,inDrop1,ductal
human1_lib2.final_cell_0322,inDrop1,beta
human1_lib2.final_cell_0323,inDrop1,beta
human1_lib2.final_cell_0324,inDrop1,activated_stellate
human1_lib2.final_cell_0325,inDrop1,beta
human1_lib2.final_cell_0326,inDrop1,ductal
human1_lib2.final_cell_0327,inDrop1,beta
human1_lib2.final_cell_0328,inDrop1,beta
human1_lib2.final_cell_0329,inDrop1,delta
human1_lib2.final_cell_0330,inDrop1,ductal
human1_lib2.final_cell_0331,inDrop1,alpha
human1_lib2.final_cell_0332,inDrop1,ductal
human1_lib2.final_cell_0333,inDrop1,beta
human1_lib2.final_cell_0334,inDrop1,gamma
human1_lib2.final_cell_0335,inDrop1,ductal
human1_lib2.final_cell_0336,inDrop1,beta
human1_lib2.final_cell_0337,inDrop1,gamma
human1_lib2.final_cell_0338,inDrop1,delta
human1_lib2.final_cell_0339,inDrop1,alpha
human1_lib2.final_cell_0340,inDrop1,gamma
human1_lib2.final_cell_0341,inDrop1,alpha
human1_lib2.final_cell_0342,inDrop1,beta
human1_lib2.final_cell_0343,inDrop1,macrophage
human1_lib2.final_cell_0344,inDrop1,beta
human1_lib2.final_cell_0345,inDrop1,beta
human1_lib2.final_cell_0346,inDrop1,quiescent_stellate
human1_lib2.final_cell_0347,inDrop1,delta
human1_lib2.final_cell_0348,inDrop1,beta
human1_lib2.final_cell_0349,inDrop1,alpha
human1_lib2.final_cell_0350,inDrop1,beta
human1_lib2.final_cell_0351,inDrop1,alpha
human1_lib2.final_cell_0352,inDrop1,beta
human1_lib2.final_cell_0353,inDrop1,beta
human1_lib2.final_cell_0354,inDrop1,gamma
human1_lib2.final_cell_0355,inDrop1,alpha
human1_lib2.final_cell_0356,inDrop1,beta
human1_lib2.final_cell_0357,inDrop1,beta
human1_lib2.final_cell_0358,inDrop1,beta
human1_lib2.final_cell_0359,inDrop1,beta
human1_lib2.final_cell_0360,inDrop1,macrophage
human1_lib2.final_cell_0361,inDrop1,beta
human1_lib2.final_cell_0362,inDrop1,delta
human1_lib2.final_cell_0363,inDrop1,beta
human1_lib2.final_cell_0364,inDrop1,gamma
human1_lib2.final_cell_0365,inDrop1,epsilon
human1_lib2.final_cell_0366,inDrop1,delta
human1_lib2.final_cell_0367,inDrop1,alpha
human1_lib2.final_cell_0368,inDrop1,beta
human1_lib2.final_cell_0369,inDrop1,beta
human1_lib2.final_cell_0370,inDrop1,delta
human1_lib2.final_cell_0371,inDrop1,alpha
human1_lib2.final_cell_0372,inDrop1,endothelial
human1_lib2.final_cell_0373,inDrop1,beta
human1_lib2.final_cell_0374,inDrop1,activated_stellate
human1_lib2.final_cell_0375,inDrop1,acinar
human1_lib2.final_cell_0376,inDrop1,beta
human1_lib2.final_cell_0377,inDrop1,acinar
human1_lib2.final_cell_0378,inDrop1,alpha
human1_lib2.final_cell_0379,inDrop1,gamma
human1_lib2.final_cell_0380,inDrop1,macrophage
human1_lib2.final_cell_0381,inDrop1,beta
human1_lib2.final_cell_0382,inDrop1,beta
human1_lib2.final_cell_0383,inDrop1,acinar
human1_lib2.final_cell_0384,inDrop1,beta
human1_lib2.final_cell_0385,inDrop1,beta
human1_lib2.final_cell_0386,inDrop1,alpha
human1_lib2.final_cell_0387,inDrop1,delta
human1_lib2.final_cell_0388,inDrop1,beta
human1_lib2.final_cell_0389,inDrop1,ductal
human1_lib2.final_cell_0390,inDrop1,alpha
human1_lib2.final_cell_0391,inDrop1,beta
human1_lib2.final_cell_0392,inDrop1,delta
human1_lib2.final_cell_0393,inDrop1,beta
human1_lib2.final_cell_0394,inDrop1,beta
human1_lib2.final_cell_0395,inDrop1,acinar
human1_lib2.final_cell_0396,inDrop1,beta
human1_lib2.final_cell_0397,inDrop1,beta
human1_lib2.final_cell_0398,inDrop1,beta
human1_lib2.final_cell_0399,inDrop1,alpha
human1_lib2.final_cell_0400,inDrop1,alpha
human1_lib2.final_cell_0401,inDrop1,alpha
human1_lib2.final_cell_0402,inDrop1,ductal
human1_lib2.final_cell_0403,inDrop1,alpha
human1_lib2.final_cell_0404,inDrop1,acinar
human1_lib2.final_cell_0405,inDrop1,acinar
human1_lib2.final_cell_0406,inDrop1,beta
human1_lib2.final_cell_0407,inDrop1,delta
human1_lib2.final_cell_0408,inDrop1,quiescent_stellate
human1_lib2.final_cell_0409,inDrop1,alpha
human1_lib2.final_cell_0410,inDrop1,delta
human1_lib2.final_cell_0411,inDrop1,beta
human1_lib2.final_cell_0412,inDrop1,ductal
human1_lib2.final_cell_0413,inDrop1,beta
human1_lib2.final_cell_0414,inDrop1,beta
human1_lib2.final_cell_0415,inDrop1,beta
human1_lib2.final_cell_0416,inDrop1,beta
human1_lib2.final_cell_0417,inDrop1,quiescent_stellate
human1_lib2.final_cell_0418,inDrop1,endothelial
human1_lib2.final_cell_0419,inDrop1,acinar
human1_lib2.final_cell_0420,inDrop1,activated_stellate
human1_lib2.final_cell_0421,inDrop1,delta
human1_lib2.final_cell_0422,inDrop1,beta
human1_lib2.final_cell_0423,inDrop1,alpha
human1_lib2.final_cell_0424,inDrop1,endothelial
human1_lib2.final_cell_0425,inDrop1,endothelial
human1_lib2.final_cell_0426,inDrop1,alpha
human1_lib2.final_cell_0427,inDrop1,beta
human1_lib2.final_cell_0428,inDrop1,gamma
human1_lib2.final_cell_0429,inDrop1,beta
human1_lib2.final_cell_0430,inDrop1,ductal
human1_lib2.final_cell_0431,inDrop1,activated_stellate
human1_lib2.final_cell_0432,inDrop1,alpha
human1_lib2.final_cell_0433,inDrop1,beta
human1_lib2.final_cell_0434,inDrop1,beta
human1_lib2.final_cell_0435,inDrop1,alpha
human1_lib2.final_cell_0436,inDrop1,acinar
human1_lib2.final_cell_0437,inDrop1,quiescent_stellate
human1_lib2.final_cell_0438,inDrop1,beta
human1_lib2.final_cell_0439,inDrop1,alpha
human1_lib2.final_cell_0440,inDrop1,beta
human1_lib2.final_cell_0441,inDrop1,ductal
human1_lib2.final_cell_0442,inDrop1,beta
human1_lib2.final_cell_0443,inDrop1,delta
human1_lib2.final_cell_0444,inDrop1,beta
human1_lib2.final_cell_0445,inDrop1,beta
human1_lib2.final_cell_0446,inDrop1,beta
human1_lib2.final_cell_0447,inDrop1,beta
human1_lib2.final_cell_0448,inDrop1,quiescent_stellate
human1_lib2.final_cell_0449,inDrop1,beta
human1_lib2.final_cell_0450,inDrop1,beta
human1_lib2.final_cell_0451,inDrop1,schwann
human1_lib2.final_cell_0452,inDrop1,endothelial
human1_lib2.final_cell_0453,inDrop1,beta
human1_lib2.final_cell_0454,inDrop1,beta
human1_lib2.final_cell_0455,inDrop1,ductal
human1_lib2.final_cell_0456,inDrop1,gamma
human1_lib2.final_cell_0457,inDrop1,alpha
human1_lib2.final_cell_0458,inDrop1,gamma
human1_lib2.final_cell_0459,inDrop1,alpha
human1_lib2.final_cell_0460,inDrop1,quiescent_stellate
human1_lib2.final_cell_0461,inDrop1,endothelial
human1_lib2.final_cell_0462,inDrop1,quiescent_stellate
human1_lib2.final_cell_0463,inDrop1,delta
human1_lib2.final_cell_0464,inDrop1,beta
human1_lib2.final_cell_0465,inDrop1,ductal
human1_lib2.final_cell_0466,inDrop1,endothelial
human1_lib2.final_cell_0467,inDrop1,beta
human1_lib2.final_cell_0468,inDrop1,delta
human1_lib2.final_cell_0469,inDrop1,activated_stellate
human1_lib2.final_cell_0470,inDrop1,endothelial
human1_lib2.final_cell_0471,inDrop1,acinar
human1_lib2.final_cell_0472,inDrop1,endothelial
human1_lib2.final_cell_0473,inDrop1,delta
human1_lib2.final_cell_0474,inDrop1,gamma
human1_lib2.final_cell_0475,inDrop1,activated_stellate
human1_lib2.final_cell_0476,inDrop1,endothelial
human1_lib2.final_cell_0477,inDrop1,beta
human1_lib2.final_cell_0478,inDrop1,ductal
human1_lib2.final_cell_0479,inDrop1,beta
human1_lib2.final_cell_0480,inDrop1,beta
human1_lib2.final_cell_0481,inDrop1,alpha
human1_lib2.final_cell_0482,inDrop1,alpha
human1_lib2.final_cell_0483,inDrop1,beta
human1_lib2.final_cell_0484,inDrop1,ductal
human1_lib2.final_cell_0485,inDrop1,beta
human1_lib2.final_cell_0486,inDrop1,alpha
human1_lib2.final_cell_0487,inDrop1,endothelial
human1_lib2.final_cell_0488,inDrop1,endothelial
human1_lib2.final_cell_0489,inDrop1,beta
human1_lib2.final_cell_0490,inDrop1,endothelial
human1_lib2.final_cell_0491,inDrop1,endothelial
human1_lib2.final_cell_0492,inDrop1,alpha
human1_lib2.final_cell_0493,inDrop1,quiescent_stellate
human1_lib2.final_cell_0494,inDrop1,ductal
human1_lib2.final_cell_0495,inDrop1,beta
human1_lib2.final_cell_0496,inDrop1,quiescent_stellate
human1_lib2.final_cell_0497,inDrop1,epsilon
human1_lib2.final_cell_0498,inDrop1,delta
human1_lib2.final_cell_0499,inDrop1,macrophage
human1_lib2.final_cell_0500,inDrop1,gamma
human1_lib2.final_cell_0501,inDrop1,ductal
human1_lib2.final_cell_0502,inDrop1,alpha
human1_lib2.final_cell_0503,inDrop1,beta
human1_lib2.final_cell_0504,inDrop1,alpha
human1_lib2.final_cell_0505,inDrop1,endothelial
human1_lib2.final_cell_0506,inDrop1,beta
human1_lib2.final_cell_0507,inDrop1,gamma
human1_lib2.final_cell_0508,inDrop1,beta
human1_lib2.final_cell_0509,inDrop1,beta
human1_lib2.final_cell_0510,inDrop1,quiescent_stellate
human1_lib2.final_cell_0511,inDrop1,alpha
human1_lib2.final_cell_0512,inDrop1,beta
human1_lib2.final_cell_0513,inDrop1,gamma
human1_lib2.final_cell_0514,inDrop1,alpha
human1_lib2.final_cell_0515,inDrop1,alpha
human1_lib2.final_cell_0516,inDrop1,beta
human1_lib2.final_cell_0517,inDrop1,endothelial
human1_lib2.final_cell_0518,inDrop1,beta
human1_lib2.final_cell_0519,inDrop1,quiescent_stellate
human1_lib2.final_cell_0520,inDrop1,endothelial
human1_lib2.final_cell_0521,inDrop1,beta
human1_lib2.final_cell_0522,inDrop1,beta
human1_lib2.final_cell_0523,inDrop1,beta
human1_lib2.final_cell_0524,inDrop1,beta
human1_lib2.final_cell_0525,inDrop1,ductal
human1_lib2.final_cell_0526,inDrop1,beta
human1_lib2.final_cell_0527,inDrop1,alpha
human1_lib2.final_cell_0528,inDrop1,quiescent_stellate
human1_lib2.final_cell_0529,inDrop1,beta
human1_lib2.final_cell_0530,inDrop1,endothelial
human1_lib2.final_cell_0531,inDrop1,beta
human1_lib2.final_cell_0532,inDrop1,ductal
human1_lib2.final_cell_0533,inDrop1,ductal
human1_lib2.final_cell_0534,inDrop1,beta
human1_lib2.final_cell_0535,inDrop1,activated_stellate
human1_lib2.final_cell_0536,inDrop1,beta
human1_lib2.final_cell_0537,inDrop1,ductal
human1_lib2.final_cell_0538,inDrop1,beta
human1_lib2.final_cell_0539,inDrop1,endothelial
human1_lib2.final_cell_0540,inDrop1,beta
human1_lib2.final_cell_0541,inDrop1,beta
human1_lib2.final_cell_0542,inDrop1,acinar
human1_lib2.final_cell_0543,inDrop1,alpha
human1_lib2.final_cell_0544,inDrop1,schwann
human1_lib2.final_cell_0545,inDrop1,beta
human1_lib2.final_cell_0546,inDrop1,beta
human1_lib2.final_cell_0547,inDrop1,quiescent_stellate
human1_lib2.final_cell_0548,inDrop1,beta
human1_lib2.final_cell_0549,inDrop1,gamma
human1_lib2.final_cell_0550,inDrop1,endothelial
human1_lib2.final_cell_0551,inDrop1,beta
human1_lib2.final_cell_0552,inDrop1,mast
human1_lib2.final_cell_0553,inDrop1,beta
human1_lib2.final_cell_0554,inDrop1,gamma
human1_lib2.final_cell_0555,inDrop1,quiescent_stellate
human1_lib2.final_cell_0556,inDrop1,beta
human1_lib2.final_cell_0557,inDrop1,beta
human1_lib2.final_cell_0558,inDrop1,beta
human1_lib2.final_cell_0559,inDrop1,endothelial
human1_lib2.final_cell_0560,inDrop1,beta
human1_lib2.final_cell_0561,inDrop1,alpha
human1_lib2.final_cell_0562,inDrop1,quiescent_stellate
human1_lib2.final_cell_0563,inDrop1,activated_stellate
human1_lib2.final_cell_0564,inDrop1,beta
human1_lib2.final_cell_0565,inDrop1,alpha
human1_lib2.final_cell_0566,inDrop1,endothelial
human1_lib2.final_cell_0567,inDrop1,quiescent_stellate
human1_lib2.final_cell_0568,inDrop1,endothelial
human1_lib2.final_cell_0569,inDrop1,endothelial
human1_lib2.final_cell_0570,inDrop1,endothelial
human1_lib2.final_cell_0571,inDrop1,endothelial
human1_lib2.final_cell_0572,inDrop1,ductal
human1_lib2.final_cell_0573,inDrop1,beta
human1_lib2.final_cell_0574,inDrop1,ductal
human1_lib2.final_cell_0575,inDrop1,quiescent_stellate
human1_lib2.final_cell_0576,inDrop1,beta
human1_lib2.final_cell_0577,inDrop1,endothelial
human1_lib2.final_cell_0578,inDrop1,endothelial
human1_lib2.final_cell_0579,inDrop1,alpha
human1_lib2.final_cell_0580,inDrop1,quiescent_stellate
human1_lib2.final_cell_0581,inDrop1,alpha
human1_lib2.final_cell_0582,inDrop1,acinar
human1_lib2.final_cell_0583,inDrop1,gamma
human1_lib2.final_cell_0584,inDrop1,endothelial
human1_lib2.final_cell_0585,inDrop1,beta
human1_lib2.final_cell_0586,inDrop1,quiescent_stellate
human1_lib2.final_cell_0587,inDrop1,activated_stellate
human1_lib2.final_cell_0588,inDrop1,beta
human1_lib2.final_cell_0589,inDrop1,beta
human1_lib2.final_cell_0590,inDrop1,endothelial
human1_lib2.final_cell_0591,inDrop1,alpha
human1_lib2.final_cell_0592,inDrop1,quiescent_stellate
human1_lib2.final_cell_0593,inDrop1,quiescent_stellate
human1_lib2.final_cell_0594,inDrop1,quiescent_stellate
human1_lib2.final_cell_0595,inDrop1,quiescent_stellate
human1_lib2.final_cell_0596,inDrop1,endothelial
human1_lib2.final_cell_0597,inDrop1,beta
human1_lib2.final_cell_0598,inDrop1,quiescent_stellate
human1_lib2.final_cell_0599,inDrop1,beta
human1_lib2.final_cell_0600,inDrop1,quiescent_stellate
human1_lib2.final_cell_0601,inDrop1,quiescent_stellate
human1_lib2.final_cell_0602,inDrop1,beta
human1_lib2.final_cell_0603,inDrop1,beta
human1_lib2.final_cell_0604,inDrop1,beta
human1_lib2.final_cell_0605,inDrop1,beta
human1_lib2.final_cell_0606,inDrop1,beta
human1_lib2.final_cell_0607,inDrop1,endothelial
human1_lib2.final_cell_0608,inDrop1,alpha
human1_lib2.final_cell_0609,inDrop1,beta
human1_lib2.final_cell_0610,inDrop1,endothelial
human1_lib2.final_cell_0611,inDrop1,endothelial
human1_lib2.final_cell_0612,inDrop1,activated_stellate
human1_lib2.final_cell_0613,inDrop1,alpha
human1_lib2.final_cell_0614,inDrop1,beta
human1_lib2.final_cell_0615,inDrop1,beta
human1_lib2.final_cell_0616,inDrop1,acinar
human1_lib2.final_cell_0617,inDrop1,quiescent_stellate
human1_lib2.final_cell_0618,inDrop1,endothelial
human1_lib2.final_cell_0619,inDrop1,endothelial
human1_lib2.final_cell_0620,inDrop1,endothelial
human1_lib2.final_cell_0621,inDrop1,delta
human1_lib2.final_cell_0622,inDrop1,endothelial
human1_lib2.final_cell_0623,inDrop1,alpha
human1_lib2.final_cell_0624,inDrop1,beta
human1_lib2.final_cell_0625,inDrop1,quiescent_stellate
human1_lib2.final_cell_0626,inDrop1,endothelial
human1_lib2.final_cell_0627,inDrop1,quiescent_stellate
human1_lib2.final_cell_0628,inDrop1,alpha
human1_lib2.final_cell_0629,inDrop1,quiescent_stellate
human1_lib3.final_cell_0001,inDrop1,acinar
human1_lib3.final_cell_0002,inDrop1,acinar
human1_lib3.final_cell_0003,inDrop1,delta
human1_lib3.final_cell_0004,inDrop1,acinar
human1_lib3.final_cell_0005,inDrop1,activated_stellate
human1_lib3.final_cell_0006,inDrop1,acinar
human1_lib3.final_cell_0007,inDrop1,acinar
human1_lib3.final_cell_0008,inDrop1,delta
human1_lib3.final_cell_0009,inDrop1,delta
human1_lib3.final_cell_0010,inDrop1,delta
human1_lib3.final_cell_0011,inDrop1,acinar
human1_lib3.final_cell_0012,inDrop1,beta
human1_lib3.final_cell_0013,inDrop1,activated_stellate
human1_lib3.final_cell_0014,inDrop1,delta
human1_lib3.final_cell_0015,inDrop1,delta
human1_lib3.final_cell_0016,inDrop1,delta
human1_lib3.final_cell_0017,inDrop1,delta
human1_lib3.final_cell_0018,inDrop1,beta
human1_lib3.final_cell_0019,inDrop1,delta
human1_lib3.final_cell_0020,inDrop1,acinar
human1_lib3.final_cell_0021,inDrop1,activated_stellate
human1_lib3.final_cell_0022,inDrop1,activated_stellate
human1_lib3.final_cell_0023,inDrop1,delta
human1_lib3.final_cell_0024,inDrop1,beta
human1_lib3.final_cell_0025,inDrop1,acinar
human1_lib3.final_cell_0026,inDrop1,delta
human1_lib3.final_cell_0027,inDrop1,beta
human1_lib3.final_cell_0028,inDrop1,delta
human1_lib3.final_cell_0029,inDrop1,ductal
human1_lib3.final_cell_0030,inDrop1,acinar
human1_lib3.final_cell_0031,inDrop1,acinar
human1_lib3.final_cell_0032,inDrop1,delta
human1_lib3.final_cell_0033,inDrop1,beta
human1_lib3.final_cell_0034,inDrop1,beta
human1_lib3.final_cell_0035,inDrop1,beta
human1_lib3.final_cell_0036,inDrop1,delta
human1_lib3.final_cell_0037,inDrop1,beta
human1_lib3.final_cell_0038,inDrop1,beta
human1_lib3.final_cell_0039,inDrop1,beta
human1_lib3.final_cell_0040,inDrop1,delta
human1_lib3.final_cell_0041,inDrop1,delta
human1_lib3.final_cell_0042,inDrop1,delta
human1_lib3.final_cell_0043,inDrop1,acinar
human1_lib3.final_cell_0044,inDrop1,ductal
human1_lib3.final_cell_0045,inDrop1,delta
human1_lib3.final_cell_0046,inDrop1,activated_stellate
human1_lib3.final_cell_0047,inDrop1,beta
human1_lib3.final_cell_0048,inDrop1,activated_stellate
human1_lib3.final_cell_0049,inDrop1,alpha
human1_lib3.final_cell_0050,inDrop1,delta
human1_lib3.final_cell_0051,inDrop1,beta
human1_lib3.final_cell_0052,inDrop1,beta
human1_lib3.final_cell_0053,inDrop1,beta
human1_lib3.final_cell_0054,inDrop1,acinar
human1_lib3.final_cell_0055,inDrop1,delta
human1_lib3.final_cell_0056,inDrop1,ductal
human1_lib3.final_cell_0057,inDrop1,macrophage
human1_lib3.final_cell_0058,inDrop1,delta
human1_lib3.final_cell_0059,inDrop1,beta
human1_lib3.final_cell_0060,inDrop1,beta
human1_lib3.final_cell_0061,inDrop1,delta
human1_lib3.final_cell_0062,inDrop1,delta
human1_lib3.final_cell_0063,inDrop1,beta
human1_lib3.final_cell_0064,inDrop1,delta
human1_lib3.final_cell_0065,inDrop1,beta
human1_lib3.final_cell_0066,inDrop1,delta
human1_lib3.final_cell_0067,inDrop1,acinar
human1_lib3.final_cell_0068,inDrop1,delta
human1_lib3.final_cell_0069,inDrop1,beta
human1_lib3.final_cell_0070,inDrop1,acinar
human1_lib3.final_cell_0071,inDrop1,beta
human1_lib3.final_cell_0072,inDrop1,beta
human1_lib3.final_cell_0073,inDrop1,ductal
human1_lib3.final_cell_0074,inDrop1,delta
human1_lib3.final_cell_0075,inDrop1,delta
human1_lib3.final_cell_0076,inDrop1,beta
human1_lib3.final_cell_0077,inDrop1,delta
human1_lib3.final_cell_0078,inDrop1,delta
human1_lib3.final_cell_0079,inDrop1,beta
human1_lib3.final_cell_0080,inDrop1,alpha
human1_lib3.final_cell_0081,inDrop1,beta
human1_lib3.final_cell_0082,inDrop1,acinar
human1_lib3.final_cell_0083,inDrop1,alpha
human1_lib3.final_cell_0084,inDrop1,alpha
human1_lib3.final_cell_0085,inDrop1,beta
human1_lib3.final_cell_0086,inDrop1,beta
human1_lib3.final_cell_0087,inDrop1,beta
human1_lib3.final_cell_0088,inDrop1,beta
human1_lib3.final_cell_0089,inDrop1,beta
human1_lib3.final_cell_0090,inDrop1,beta
human1_lib3.final_cell_0091,inDrop1,beta
human1_lib3.final_cell_0092,inDrop1,beta
human1_lib3.final_cell_0093,inDrop1,delta
human1_lib3.final_cell_0094,inDrop1,beta
human1_lib3.final_cell_0095,inDrop1,beta
human1_lib3.final_cell_0096,inDrop1,delta
human1_lib3.final_cell_0097,inDrop1,beta
human1_lib3.final_cell_0098,inDrop1,beta
human1_lib3.final_cell_0099,inDrop1,beta
human1_lib3.final_cell_0100,inDrop1,alpha
human1_lib3.final_cell_0101,inDrop1,delta
human1_lib3.final_cell_0102,inDrop1,alpha
human1_lib3.final_cell_0103,inDrop1,beta
human1_lib3.final_cell_0104,inDrop1,delta
human1_lib3.final_cell_0105,inDrop1,beta
human1_lib3.final_cell_0106,inDrop1,activated_stellate
human1_lib3.final_cell_0107,inDrop1,beta
human1_lib3.final_cell_0108,inDrop1,beta
human1_lib3.final_cell_0109,inDrop1,delta
human1_lib3.final_cell_0110,inDrop1,delta
human1_lib3.final_cell_0111,inDrop1,ductal
human1_lib3.final_cell_0112,inDrop1,acinar
human1_lib3.final_cell_0113,inDrop1,acinar
human1_lib3.final_cell_0114,inDrop1,delta
human1_lib3.final_cell_0115,inDrop1,ductal
human1_lib3.final_cell_0116,inDrop1,delta
human1_lib3.final_cell_0117,inDrop1,beta
human1_lib3.final_cell_0118,inDrop1,ductal
human1_lib3.final_cell_0119,inDrop1,beta
human1_lib3.final_cell_0120,inDrop1,beta
human1_lib3.final_cell_0121,inDrop1,beta
human1_lib3.final_cell_0122,inDrop1,beta
human1_lib3.final_cell_0123,inDrop1,alpha
human1_lib3.final_cell_0124,inDrop1,beta
human1_lib3.final_cell_0125,inDrop1,beta
human1_lib3.final_cell_0126,inDrop1,beta
human1_lib3.final_cell_0127,inDrop1,beta
human1_lib3.final_cell_0128,inDrop1,beta
human1_lib3.final_cell_0129,inDrop1,alpha
human1_lib3.final_cell_0130,inDrop1,acinar
human1_lib3.final_cell_0131,inDrop1,beta
human1_lib3.final_cell_0132,inDrop1,beta
human1_lib3.final_cell_0133,inDrop1,beta
human1_lib3.final_cell_0134,inDrop1,beta
human1_lib3.final_cell_0135,inDrop1,delta
human1_lib3.final_cell_0136,inDrop1,beta
human1_lib3.final_cell_0137,inDrop1,beta
human1_lib3.final_cell_0138,inDrop1,beta
human1_lib3.final_cell_0139,inDrop1,activated_stellate
human1_lib3.final_cell_0140,inDrop1,beta
human1_lib3.final_cell_0141,inDrop1,delta
human1_lib3.final_cell_0142,inDrop1,beta
human1_lib3.final_cell_0143,inDrop1,acinar
human1_lib3.final_cell_0144,inDrop1,beta
human1_lib3.final_cell_0145,inDrop1,beta
human1_lib3.final_cell_0146,inDrop1,activated_stellate
human1_lib3.final_cell_0147,inDrop1,alpha
human1_lib3.final_cell_0148,inDrop1,beta
human1_lib3.final_cell_0149,inDrop1,beta
human1_lib3.final_cell_0150,inDrop1,quiescent_stellate
human1_lib3.final_cell_0151,inDrop1,activated_stellate
human1_lib3.final_cell_0152,inDrop1,acinar
human1_lib3.final_cell_0153,inDrop1,beta
human1_lib3.final_cell_0154,inDrop1,alpha
human1_lib3.final_cell_0155,inDrop1,delta
human1_lib3.final_cell_0156,inDrop1,acinar
human1_lib3.final_cell_0157,inDrop1,beta
human1_lib3.final_cell_0158,inDrop1,beta
human1_lib3.final_cell_0159,inDrop1,beta
human1_lib3.final_cell_0160,inDrop1,beta
human1_lib3.final_cell_0161,inDrop1,ductal
human1_lib3.final_cell_0162,inDrop1,beta
human1_lib3.final_cell_0163,inDrop1,acinar
human1_lib3.final_cell_0164,inDrop1,beta
human1_lib3.final_cell_0165,inDrop1,beta
human1_lib3.final_cell_0166,inDrop1,beta
human1_lib3.final_cell_0167,inDrop1,beta
human1_lib3.final_cell_0168,inDrop1,beta
human1_lib3.final_cell_0169,inDrop1,beta
human1_lib3.final_cell_0170,inDrop1,alpha
human1_lib3.final_cell_0171,inDrop1,acinar
human1_lib3.final_cell_0172,inDrop1,beta
human1_lib3.final_cell_0173,inDrop1,beta
human1_lib3.final_cell_0174,inDrop1,alpha
human1_lib3.final_cell_0175,inDrop1,beta
human1_lib3.final_cell_0176,inDrop1,beta
human1_lib3.final_cell_0177,inDrop1,gamma
human1_lib3.final_cell_0178,inDrop1,delta
human1_lib3.final_cell_0179,inDrop1,macrophage
human1_lib3.final_cell_0180,inDrop1,alpha
human1_lib3.final_cell_0181,inDrop1,delta
human1_lib3.final_cell_0182,inDrop1,beta
human1_lib3.final_cell_0183,inDrop1,ductal
human1_lib3.final_cell_0184,inDrop1,ductal
human1_lib3.final_cell_0185,inDrop1,alpha
human1_lib3.final_cell_0186,inDrop1,beta
human1_lib3.final_cell_0187,inDrop1,beta
human1_lib3.final_cell_0188,inDrop1,acinar
human1_lib3.final_cell_0189,inDrop1,endothelial
human1_lib3.final_cell_0190,inDrop1,alpha
human1_lib3.final_cell_0191,inDrop1,gamma
human1_lib3.final_cell_0192,inDrop1,beta
human1_lib3.final_cell_0193,inDrop1,quiescent_stellate
human1_lib3.final_cell_0194,inDrop1,beta
human1_lib3.final_cell_0195,inDrop1,delta
human1_lib3.final_cell_0196,inDrop1,beta
human1_lib3.final_cell_0197,inDrop1,ductal
human1_lib3.final_cell_0198,inDrop1,beta
human1_lib3.final_cell_0199,inDrop1,alpha
human1_lib3.final_cell_0200,inDrop1,beta
human1_lib3.final_cell_0201,inDrop1,delta
human1_lib3.final_cell_0202,inDrop1,beta
human1_lib3.final_cell_0203,inDrop1,alpha
human1_lib3.final_cell_0204,inDrop1,quiescent_stellate
human1_lib3.final_cell_0205,inDrop1,ductal
human1_lib3.final_cell_0206,inDrop1,delta
human1_lib3.final_cell_0207,inDrop1,beta
human1_lib3.final_cell_0208,inDrop1,beta
human1_lib3.final_cell_0209,inDrop1,delta
human1_lib3.final_cell_0210,inDrop1,alpha
human1_lib3.final_cell_0211,inDrop1,beta
human1_lib3.final_cell_0212,inDrop1,beta
human1_lib3.final_cell_0213,inDrop1,delta
human1_lib3.final_cell_0214,inDrop1,beta
human1_lib3.final_cell_0215,inDrop1,beta
human1_lib3.final_cell_0216,inDrop1,delta
human1_lib3.final_cell_0217,inDrop1,ductal
human1_lib3.final_cell_0218,inDrop1,ductal
human1_lib3.final_cell_0219,inDrop1,beta
human1_lib3.final_cell_0220,inDrop1,beta
human1_lib3.final_cell_0221,inDrop1,beta
human1_lib3.final_cell_0222,inDrop1,beta
human1_lib3.final_cell_0223,inDrop1,endothelial
human1_lib3.final_cell_0224,inDrop1,beta
human1_lib3.final_cell_0225,inDrop1,beta
human1_lib3.final_cell_0226,inDrop1,alpha
human1_lib3.final_cell_0227,inDrop1,beta
human1_lib3.final_cell_0228,inDrop1,beta
human1_lib3.final_cell_0229,inDrop1,alpha
human1_lib3.final_cell_0230,inDrop1,beta
human1_lib3.final_cell_0231,inDrop1,acinar
human1_lib3.final_cell_0232,inDrop1,delta
human1_lib3.final_cell_0233,inDrop1,beta
human1_lib3.final_cell_0234,inDrop1,beta
human1_lib3.final_cell_0235,inDrop1,ductal
human1_lib3.final_cell_0236,inDrop1,ductal
human1_lib3.final_cell_0237,inDrop1,beta
human1_lib3.final_cell_0238,inDrop1,alpha
human1_lib3.final_cell_0239,inDrop1,beta
human1_lib3.final_cell_0240,inDrop1,beta
human1_lib3.final_cell_0241,inDrop1,ductal
human1_lib3.final_cell_0242,inDrop1,alpha
human1_lib3.final_cell_0243,inDrop1,activated_stellate
human1_lib3.final_cell_0244,inDrop1,beta
human1_lib3.final_cell_0245,inDrop1,alpha
human1_lib3.final_cell_0246,inDrop1,ductal
human1_lib3.final_cell_0247,inDrop1,delta
human1_lib3.final_cell_0248,inDrop1,alpha
human1_lib3.final_cell_0249,inDrop1,gamma
human1_lib3.final_cell_0250,inDrop1,beta
human1_lib3.final_cell_0251,inDrop1,activated_stellate
human1_lib3.final_cell_0252,inDrop1,ductal
human1_lib3.final_cell_0253,inDrop1,beta
human1_lib3.final_cell_0254,inDrop1,beta
human1_lib3.final_cell_0255,inDrop1,activated_stellate
human1_lib3.final_cell_0256,inDrop1,beta
human1_lib3.final_cell_0257,inDrop1,delta
human1_lib3.final_cell_0258,inDrop1,activated_stellate
human1_lib3.final_cell_0259,inDrop1,beta
human1_lib3.final_cell_0260,inDrop1,gamma
human1_lib3.final_cell_0261,inDrop1,beta
human1_lib3.final_cell_0262,inDrop1,beta
human1_lib3.final_cell_0263,inDrop1,beta
human1_lib3.final_cell_0264,inDrop1,delta
human1_lib3.final_cell_0265,inDrop1,beta
human1_lib3.final_cell_0266,inDrop1,beta
human1_lib3.final_cell_0267,inDrop1,alpha
human1_lib3.final_cell_0268,inDrop1,beta
human1_lib3.final_cell_0269,inDrop1,alpha
human1_lib3.final_cell_0270,inDrop1,epsilon
human1_lib3.final_cell_0271,inDrop1,activated_stellate
human1_lib3.final_cell_0272,inDrop1,beta
human1_lib3.final_cell_0273,inDrop1,alpha
human1_lib3.final_cell_0274,inDrop1,ductal
human1_lib3.final_cell_0275,inDrop1,alpha
human1_lib3.final_cell_0276,inDrop1,beta
human1_lib3.final_cell_0277,inDrop1,beta
human1_lib3.final_cell_0278,inDrop1,delta
human1_lib3.final_cell_0279,inDrop1,ductal
human1_lib3.final_cell_0280,inDrop1,beta
human1_lib3.final_cell_0281,inDrop1,alpha
human1_lib3.final_cell_0282,inDrop1,delta
human1_lib3.final_cell_0283,inDrop1,beta
human1_lib3.final_cell_0284,inDrop1,beta
human1_lib3.final_cell_0285,inDrop1,beta
human1_lib3.final_cell_0286,inDrop1,beta
human1_lib3.final_cell_0287,inDrop1,beta
human1_lib3.final_cell_0288,inDrop1,activated_stellate
human1_lib3.final_cell_0289,inDrop1,alpha
human1_lib3.final_cell_0290,inDrop1,beta
human1_lib3.final_cell_0291,inDrop1,ductal
human1_lib3.final_cell_0292,inDrop1,delta
human1_lib3.final_cell_0293,inDrop1,alpha
human1_lib3.final_cell_0294,inDrop1,alpha
human1_lib3.final_cell_0295,inDrop1,beta
human1_lib3.final_cell_0296,inDrop1,beta
human1_lib3.final_cell_0297,inDrop1,beta
human1_lib3.final_cell_0298,inDrop1,delta
human1_lib3.final_cell_0299,inDrop1,alpha
human1_lib3.final_cell_0300,inDrop1,beta
human1_lib3.final_cell_0301,inDrop1,beta
human1_lib3.final_cell_0302,inDrop1,beta
human1_lib3.final_cell_0303,inDrop1,beta
human1_lib3.final_cell_0304,inDrop1,beta
human1_lib3.final_cell_0305,inDrop1,delta
human1_lib3.final_cell_0306,inDrop1,beta
human1_lib3.final_cell_0307,inDrop1,beta
human1_lib3.final_cell_0308,inDrop1,beta
human1_lib3.final_cell_0309,inDrop1,alpha
human1_lib3.final_cell_0310,inDrop1,beta
human1_lib3.final_cell_0311,inDrop1,gamma
human1_lib3.final_cell_0312,inDrop1,beta
human1_lib3.final_cell_0313,inDrop1,activated_stellate
human1_lib3.final_cell_0314,inDrop1,beta
human1_lib3.final_cell_0315,inDrop1,alpha
human1_lib3.final_cell_0316,inDrop1,alpha
human1_lib3.final_cell_0317,inDrop1,beta
human1_lib3.final_cell_0318,inDrop1,beta
human1_lib3.final_cell_0319,inDrop1,delta
human1_lib3.final_cell_0320,inDrop1,beta
human1_lib3.final_cell_0321,inDrop1,beta
human1_lib3.final_cell_0322,inDrop1,beta
human1_lib3.final_cell_0323,inDrop1,beta
human1_lib3.final_cell_0324,inDrop1,beta
human1_lib3.final_cell_0325,inDrop1,beta
human1_lib3.final_cell_0326,inDrop1,quiescent_stellate
human1_lib3.final_cell_0327,inDrop1,ductal
human1_lib3.final_cell_0328,inDrop1,ductal
human1_lib3.final_cell_0329,inDrop1,delta
human1_lib3.final_cell_0330,inDrop1,alpha
human1_lib3.final_cell_0331,inDrop1,beta
human1_lib3.final_cell_0332,inDrop1,beta
human1_lib3.final_cell_0333,inDrop1,beta
human1_lib3.final_cell_0334,inDrop1,beta
human1_lib3.final_cell_0335,inDrop1,beta
human1_lib3.final_cell_0336,inDrop1,beta
human1_lib3.final_cell_0337,inDrop1,gamma
human1_lib3.final_cell_0338,inDrop1,beta
human1_lib3.final_cell_0339,inDrop1,beta
human1_lib3.final_cell_0340,inDrop1,gamma
human1_lib3.final_cell_0341,inDrop1,alpha
human1_lib3.final_cell_0342,inDrop1,beta
human1_lib3.final_cell_0343,inDrop1,alpha
human1_lib3.final_cell_0344,inDrop1,alpha
human1_lib3.final_cell_0345,inDrop1,beta
human1_lib3.final_cell_0346,inDrop1,delta
human1_lib3.final_cell_0347,inDrop1,beta
human1_lib3.final_cell_0348,inDrop1,beta
human1_lib3.final_cell_0349,inDrop1,beta
human1_lib3.final_cell_0350,inDrop1,beta
human1_lib3.final_cell_0351,inDrop1,endothelial
human1_lib3.final_cell_0352,inDrop1,beta
human1_lib3.final_cell_0353,inDrop1,quiescent_stellate
human1_lib3.final_cell_0354,inDrop1,beta
human1_lib3.final_cell_0355,inDrop1,beta
human1_lib3.final_cell_0356,inDrop1,alpha
human1_lib3.final_cell_0357,inDrop1,ductal
human1_lib3.final_cell_0358,inDrop1,beta
human1_lib3.final_cell_0359,inDrop1,beta
human1_lib3.final_cell_0360,inDrop1,gamma
human1_lib3.final_cell_0361,inDrop1,alpha
human1_lib3.final_cell_0362,inDrop1,gamma
human1_lib3.final_cell_0363,inDrop1,beta
human1_lib3.final_cell_0364,inDrop1,beta
human1_lib3.final_cell_0365,inDrop1,alpha
human1_lib3.final_cell_0366,inDrop1,alpha
human1_lib3.final_cell_0367,inDrop1,ductal
human1_lib3.final_cell_0368,inDrop1,beta
human1_lib3.final_cell_0369,inDrop1,alpha
human1_lib3.final_cell_0370,inDrop1,beta
human1_lib3.final_cell_0371,inDrop1,delta
human1_lib3.final_cell_0372,inDrop1,ductal
human1_lib3.final_cell_0373,inDrop1,beta
human1_lib3.final_cell_0374,inDrop1,beta
human1_lib3.final_cell_0375,inDrop1,beta
human1_lib3.final_cell_0376,inDrop1,beta
human1_lib3.final_cell_0377,inDrop1,beta
human1_lib3.final_cell_0378,inDrop1,beta
human1_lib3.final_cell_0379,inDrop1,ductal
human1_lib3.final_cell_0380,inDrop1,beta
human1_lib3.final_cell_0381,inDrop1,alpha
human1_lib3.final_cell_0382,inDrop1,beta
human1_lib3.final_cell_0383,inDrop1,beta
human1_lib3.final_cell_0384,inDrop1,alpha
human1_lib3.final_cell_0385,inDrop1,acinar
human1_lib3.final_cell_0386,inDrop1,acinar
human1_lib3.final_cell_0387,inDrop1,beta
human1_lib3.final_cell_0388,inDrop1,beta
human1_lib3.final_cell_0389,inDrop1,beta
human1_lib3.final_cell_0390,inDrop1,alpha
human1_lib3.final_cell_0391,inDrop1,alpha
human1_lib3.final_cell_0392,inDrop1,alpha
human1_lib3.final_cell_0393,inDrop1,alpha
human1_lib3.final_cell_0394,inDrop1,beta
human1_lib3.final_cell_0395,inDrop1,alpha
human1_lib3.final_cell_0396,inDrop1,beta
human1_lib3.final_cell_0397,inDrop1,alpha
human1_lib3.final_cell_0398,inDrop1,beta
human1_lib3.final_cell_0399,inDrop1,beta
human1_lib3.final_cell_0400,inDrop1,beta
human1_lib3.final_cell_0401,inDrop1,alpha
human1_lib3.final_cell_0402,inDrop1,delta
human1_lib3.final_cell_0403,inDrop1,alpha
human1_lib3.final_cell_0404,inDrop1,beta
human1_lib3.final_cell_0405,inDrop1,beta
human1_lib3.final_cell_0406,inDrop1,beta
human1_lib3.final_cell_0407,inDrop1,alpha
human1_lib3.final_cell_0408,inDrop1,gamma
human1_lib3.final_cell_0409,inDrop1,acinar
human1_lib3.final_cell_0410,inDrop1,beta
human1_lib3.final_cell_0411,inDrop1,ductal
human1_lib3.final_cell_0412,inDrop1,delta
human1_lib3.final_cell_0413,inDrop1,beta
human1_lib3.final_cell_0414,inDrop1,ductal
human1_lib3.final_cell_0415,inDrop1,gamma
human1_lib3.final_cell_0416,inDrop1,beta
human1_lib3.final_cell_0417,inDrop1,quiescent_stellate
human1_lib3.final_cell_0418,inDrop1,ductal
human1_lib3.final_cell_0419,inDrop1,delta
human1_lib3.final_cell_0420,inDrop1,gamma
human1_lib3.final_cell_0421,inDrop1,beta
human1_lib3.final_cell_0422,inDrop1,beta
human1_lib3.final_cell_0423,inDrop1,beta
human1_lib3.final_cell_0424,inDrop1,gamma
human1_lib3.final_cell_0425,inDrop1,ductal
human1_lib3.final_cell_0426,inDrop1,alpha
human1_lib3.final_cell_0427,inDrop1,acinar
human1_lib3.final_cell_0428,inDrop1,ductal
human1_lib3.final_cell_0429,inDrop1,endothelial
human1_lib3.final_cell_0430,inDrop1,alpha
human1_lib3.final_cell_0431,inDrop1,endothelial
human1_lib3.final_cell_0432,inDrop1,beta
human1_lib3.final_cell_0433,inDrop1,beta
human1_lib3.final_cell_0434,inDrop1,beta
human1_lib3.final_cell_0435,inDrop1,beta
human1_lib3.final_cell_0436,inDrop1,alpha
human1_lib3.final_cell_0437,inDrop1,beta
human1_lib3.final_cell_0438,inDrop1,ductal
human1_lib3.final_cell_0439,inDrop1,ductal
human1_lib3.final_cell_0440,inDrop1,beta
human1_lib3.final_cell_0441,inDrop1,beta
human1_lib3.final_cell_0442,inDrop1,gamma
human1_lib3.final_cell_0443,inDrop1,beta
human1_lib3.final_cell_0444,inDrop1,quiescent_stellate
human1_lib3.final_cell_0445,inDrop1,ductal
human1_lib3.final_cell_0446,inDrop1,beta
human1_lib3.final_cell_0447,inDrop1,acinar
human1_lib3.final_cell_0448,inDrop1,ductal
human1_lib3.final_cell_0449,inDrop1,endothelial
human1_lib3.final_cell_0450,inDrop1,acinar
human1_lib3.final_cell_0451,inDrop1,gamma
human1_lib3.final_cell_0452,inDrop1,beta
human1_lib3.final_cell_0453,inDrop1,beta
human1_lib3.final_cell_0454,inDrop1,quiescent_stellate
human1_lib3.final_cell_0455,inDrop1,beta
human1_lib3.final_cell_0456,inDrop1,beta
human1_lib3.final_cell_0457,inDrop1,epsilon
human1_lib3.final_cell_0458,inDrop1,beta
human1_lib3.final_cell_0459,inDrop1,alpha
human1_lib3.final_cell_0460,inDrop1,alpha
human1_lib3.final_cell_0461,inDrop1,delta
human1_lib3.final_cell_0462,inDrop1,beta
human1_lib3.final_cell_0463,inDrop1,epsilon
human1_lib3.final_cell_0464,inDrop1,beta
human1_lib3.final_cell_0465,inDrop1,alpha
human1_lib3.final_cell_0466,inDrop1,beta
human1_lib3.final_cell_0467,inDrop1,beta
human1_lib3.final_cell_0468,inDrop1,gamma
human1_lib3.final_cell_0469,inDrop1,acinar
human1_lib3.final_cell_0470,inDrop1,beta
human1_lib3.final_cell_0471,inDrop1,alpha
human1_lib3.final_cell_0472,inDrop1,beta
human1_lib3.final_cell_0473,inDrop1,alpha
human1_lib3.final_cell_0474,inDrop1,ductal
human1_lib3.final_cell_0475,inDrop1,alpha
human1_lib3.final_cell_0476,inDrop1,beta
human1_lib3.final_cell_0477,inDrop1,beta
human1_lib3.final_cell_0478,inDrop1,gamma
human1_lib3.final_cell_0479,inDrop1,beta
human1_lib3.final_cell_0480,inDrop1,beta
human1_lib3.final_cell_0481,inDrop1,delta
human1_lib3.final_cell_0482,inDrop1,delta
human1_lib3.final_cell_0483,inDrop1,delta
human1_lib3.final_cell_0484,inDrop1,quiescent_stellate
human1_lib3.final_cell_0485,inDrop1,beta
human1_lib3.final_cell_0486,inDrop1,beta
human1_lib3.final_cell_0487,inDrop1,alpha
human1_lib3.final_cell_0488,inDrop1,beta
human1_lib3.final_cell_0489,inDrop1,alpha
human1_lib3.final_cell_0490,inDrop1,alpha
human1_lib3.final_cell_0491,inDrop1,beta
human1_lib3.final_cell_0492,inDrop1,beta
human1_lib3.final_cell_0493,inDrop1,beta
human1_lib3.final_cell_0494,inDrop1,alpha
human1_lib3.final_cell_0495,inDrop1,beta
human1_lib3.final_cell_0496,inDrop1,beta
human1_lib3.final_cell_0497,inDrop1,quiescent_stellate
human1_lib3.final_cell_0498,inDrop1,alpha
human1_lib3.final_cell_0499,inDrop1,endothelial
human1_lib3.final_cell_0500,inDrop1,gamma
human1_lib3.final_cell_0501,inDrop1,beta
human1_lib3.final_cell_0502,inDrop1,beta
human1_lib3.final_cell_0503,inDrop1,quiescent_stellate
human1_lib3.final_cell_0504,inDrop1,beta
human1_lib3.final_cell_0505,inDrop1,alpha
human1_lib3.final_cell_0506,inDrop1,delta
human1_lib3.final_cell_0507,inDrop1,beta
human1_lib3.final_cell_0508,inDrop1,acinar
human1_lib3.final_cell_0509,inDrop1,beta
human1_lib3.final_cell_0510,inDrop1,endothelial
human1_lib3.final_cell_0511,inDrop1,endothelial
human1_lib3.final_cell_0512,inDrop1,beta
human1_lib3.final_cell_0513,inDrop1,beta
human1_lib3.final_cell_0514,inDrop1,alpha
human1_lib3.final_cell_0515,inDrop1,beta
human1_lib3.final_cell_0516,inDrop1,mast
human1_lib3.final_cell_0517,inDrop1,beta
human1_lib3.final_cell_0518,inDrop1,alpha
human1_lib3.final_cell_0519,inDrop1,endothelial
human1_lib3.final_cell_0520,inDrop1,beta
human1_lib3.final_cell_0521,inDrop1,beta
human1_lib3.final_cell_0522,inDrop1,beta
human1_lib3.final_cell_0523,inDrop1,endothelial
human1_lib3.final_cell_0524,inDrop1,alpha
human1_lib3.final_cell_0525,inDrop1,beta
human1_lib3.final_cell_0526,inDrop1,beta
human1_lib3.final_cell_0527,inDrop1,beta
human1_lib3.final_cell_0528,inDrop1,beta
human1_lib3.final_cell_0529,inDrop1,alpha
human1_lib3.final_cell_0530,inDrop1,mast
human1_lib3.final_cell_0531,inDrop1,beta
human1_lib3.final_cell_0532,inDrop1,epsilon
human1_lib3.final_cell_0533,inDrop1,endothelial
human1_lib3.final_cell_0534,inDrop1,quiescent_stellate
human1_lib3.final_cell_0535,inDrop1,alpha
human1_lib3.final_cell_0536,inDrop1,alpha
human1_lib3.final_cell_0537,inDrop1,beta
human1_lib3.final_cell_0538,inDrop1,beta
human1_lib3.final_cell_0539,inDrop1,acinar
human1_lib3.final_cell_0540,inDrop1,delta
human1_lib3.final_cell_0541,inDrop1,acinar
human1_lib3.final_cell_0542,inDrop1,beta
human1_lib3.final_cell_0543,inDrop1,beta
human1_lib3.final_cell_0544,inDrop1,endothelial
human1_lib3.final_cell_0545,inDrop1,beta
human1_lib3.final_cell_0546,inDrop1,macrophage
human1_lib3.final_cell_0547,inDrop1,acinar
human1_lib3.final_cell_0548,inDrop1,quiescent_stellate
human1_lib3.final_cell_0549,inDrop1,beta
human1_lib3.final_cell_0550,inDrop1,beta
human1_lib3.final_cell_0551,inDrop1,beta
human1_lib3.final_cell_0552,inDrop1,endothelial
human1_lib3.final_cell_0553,inDrop1,beta
human1_lib3.final_cell_0554,inDrop1,beta
human1_lib3.final_cell_0555,inDrop1,ductal
human1_lib3.final_cell_0556,inDrop1,beta
human1_lib3.final_cell_0557,inDrop1,beta
human1_lib3.final_cell_0558,inDrop1,quiescent_stellate
human1_lib3.final_cell_0559,inDrop1,beta
human1_lib3.final_cell_0560,inDrop1,acinar
human1_lib3.final_cell_0561,inDrop1,beta
human1_lib3.final_cell_0562,inDrop1,delta
human1_lib3.final_cell_0563,inDrop1,beta
human1_lib3.final_cell_0564,inDrop1,beta
human1_lib3.final_cell_0565,inDrop1,beta
human1_lib3.final_cell_0566,inDrop1,beta
human1_lib3.final_cell_0567,inDrop1,quiescent_stellate
human1_lib3.final_cell_0568,inDrop1,alpha
human1_lib3.final_cell_0569,inDrop1,endothelial
human1_lib3.final_cell_0570,inDrop1,beta
human1_lib3.final_cell_0571,inDrop1,delta
human1_lib3.final_cell_0572,inDrop1,gamma
human1_lib3.final_cell_0573,inDrop1,beta
human1_lib3.final_cell_0574,inDrop1,quiescent_stellate
human1_lib3.final_cell_0575,inDrop1,endothelial
human1_lib3.final_cell_0576,inDrop1,alpha
human1_lib3.final_cell_0577,inDrop1,beta
human1_lib3.final_cell_0578,inDrop1,ductal
human1_lib3.final_cell_0579,inDrop1,beta
human1_lib3.final_cell_0580,inDrop1,beta
human1_lib3.final_cell_0581,inDrop1,beta
human1_lib3.final_cell_0582,inDrop1,quiescent_stellate
human1_lib3.final_cell_0583,inDrop1,beta
human1_lib3.final_cell_0584,inDrop1,epsilon
human1_lib3.final_cell_0585,inDrop1,beta
human1_lib3.final_cell_0586,inDrop1,beta
human1_lib3.final_cell_0587,inDrop1,alpha
human1_lib3.final_cell_0588,inDrop1,beta
human1_lib3.final_cell_0589,inDrop1,endothelial
human1_lib3.final_cell_0590,inDrop1,endothelial
human1_lib3.final_cell_0591,inDrop1,quiescent_stellate
human1_lib3.final_cell_0592,inDrop1,beta
human1_lib3.final_cell_0593,inDrop1,beta
human1_lib3.final_cell_0594,inDrop1,epsilon
human1_lib3.final_cell_0595,inDrop1,quiescent_stellate
human1_lib3.final_cell_0596,inDrop1,beta
human1_lib3.final_cell_0597,inDrop1,mast
human1_lib3.final_cell_0598,inDrop1,ductal
human1_lib3.final_cell_0599,inDrop1,alpha
human1_lib3.final_cell_0600,inDrop1,acinar
human1_lib3.final_cell_0601,inDrop1,acinar
human1_lib3.final_cell_0602,inDrop1,endothelial
human1_lib3.final_cell_0603,inDrop1,ductal
human1_lib3.final_cell_0604,inDrop1,endothelial
human1_lib3.final_cell_0605,inDrop1,alpha
human1_lib3.final_cell_0606,inDrop1,delta
human1_lib3.final_cell_0607,inDrop1,beta
human1_lib3.final_cell_0608,inDrop1,beta
human1_lib3.final_cell_0609,inDrop1,beta
human1_lib3.final_cell_0610,inDrop1,ductal
human1_lib3.final_cell_0611,inDrop1,quiescent_stellate
human1_lib3.final_cell_0612,inDrop1,beta
human1_lib3.final_cell_0613,inDrop1,macrophage
human1_lib3.final_cell_0614,inDrop1,delta
human1_lib3.final_cell_0615,inDrop1,endothelial
human1_lib3.final_cell_0616,inDrop1,alpha
human1_lib3.final_cell_0617,inDrop1,beta
human1_lib3.final_cell_0618,inDrop1,endothelial
human1_lib3.final_cell_0619,inDrop1,beta
human1_lib3.final_cell_0620,inDrop1,beta
human1_lib3.final_cell_0621,inDrop1,endothelial
human1_lib3.final_cell_0622,inDrop1,delta
human1_lib3.final_cell_0623,inDrop1,acinar
human1_lib3.final_cell_0624,inDrop1,acinar
human1_lib3.final_cell_0625,inDrop1,endothelial
human1_lib3.final_cell_0626,inDrop1,beta
human1_lib3.final_cell_0627,inDrop1,endothelial
human1_lib3.final_cell_0628,inDrop1,acinar
human1_lib3.final_cell_0629,inDrop1,beta
human1_lib3.final_cell_0630,inDrop1,delta
human1_lib3.final_cell_0631,inDrop1,quiescent_stellate
human1_lib3.final_cell_0632,inDrop1,quiescent_stellate
human1_lib3.final_cell_0633,inDrop1,beta
human1_lib3.final_cell_0634,inDrop1,beta
human1_lib3.final_cell_0635,inDrop1,quiescent_stellate
human1_lib3.final_cell_0636,inDrop1,alpha
human1_lib3.final_cell_0637,inDrop1,quiescent_stellate
human1_lib3.final_cell_0638,inDrop1,quiescent_stellate
human1_lib3.final_cell_0639,inDrop1,beta
human1_lib3.final_cell_0640,inDrop1,quiescent_stellate
human1_lib3.final_cell_0641,inDrop1,schwann
human1_lib3.final_cell_0642,inDrop1,beta
human1_lib3.final_cell_0643,inDrop1,beta
human1_lib3.final_cell_0644,inDrop1,beta
human1_lib3.final_cell_0645,inDrop1,beta
human1_lib3.final_cell_0646,inDrop1,beta
human1_lib3.final_cell_0647,inDrop1,beta
human1_lib3.final_cell_0648,inDrop1,beta
human1_lib3.final_cell_0649,inDrop1,endothelial
human1_lib3.final_cell_0650,inDrop1,ductal
human1_lib3.final_cell_0651,inDrop1,beta
human1_lib3.final_cell_0652,inDrop1,beta
human1_lib3.final_cell_0653,inDrop1,beta
human1_lib3.final_cell_0654,inDrop1,beta
human1_lib3.final_cell_0655,inDrop1,alpha
human1_lib3.final_cell_0656,inDrop1,quiescent_stellate
human1_lib3.final_cell_0657,inDrop1,quiescent_stellate
human1_lib3.final_cell_0658,inDrop1,beta
human1_lib3.final_cell_0659,inDrop1,beta
human1_lib3.final_cell_0660,inDrop1,alpha
human1_lib3.final_cell_0661,inDrop1,ductal
human1_lib3.final_cell_0662,inDrop1,quiescent_stellate
human1_lib3.final_cell_0663,inDrop1,beta
human1_lib3.final_cell_0664,inDrop1,endothelial
human1_lib3.final_cell_0665,inDrop1,delta
human1_lib3.final_cell_0666,inDrop1,beta
human1_lib3.final_cell_0667,inDrop1,beta
human1_lib3.final_cell_0668,inDrop1,alpha
human1_lib3.final_cell_0669,inDrop1,beta
human1_lib3.final_cell_0670,inDrop1,beta
human1_lib3.final_cell_0671,inDrop1,endothelial
human1_lib3.final_cell_0672,inDrop1,beta
human1_lib3.final_cell_0673,inDrop1,endothelial
human1_lib3.final_cell_0674,inDrop1,alpha
human1_lib3.final_cell_0675,inDrop1,quiescent_stellate
human1_lib3.final_cell_0676,inDrop1,endothelial
human1_lib3.final_cell_0677,inDrop1,alpha
human1_lib3.final_cell_0678,inDrop1,alpha
human1_lib3.final_cell_0679,inDrop1,ductal
human1_lib3.final_cell_0680,inDrop1,quiescent_stellate
human1_lib3.final_cell_0681,inDrop1,endothelial
human1_lib3.final_cell_0682,inDrop1,beta
human1_lib3.final_cell_0683,inDrop1,gamma
human1_lib3.final_cell_0684,inDrop1,epsilon
human1_lib3.final_cell_0685,inDrop1,activated_stellate
human1_lib3.final_cell_0686,inDrop1,alpha
human1_lib3.final_cell_0687,inDrop1,activated_stellate
human1_lib3.final_cell_0688,inDrop1,beta
human1_lib3.final_cell_0689,inDrop1,beta
human1_lib3.final_cell_0690,inDrop1,mast
human1_lib3.final_cell_0691,inDrop1,activated_stellate
human1_lib3.final_cell_0692,inDrop1,epsilon
human1_lib3.final_cell_0693,inDrop1,quiescent_stellate
human1_lib3.final_cell_0694,inDrop1,endothelial
human1_lib3.final_cell_0695,inDrop1,gamma
human1_lib3.final_cell_0696,inDrop1,beta
human1_lib3.final_cell_0697,inDrop1,quiescent_stellate
human1_lib3.final_cell_0698,inDrop1,quiescent_stellate
human1_lib3.final_cell_0699,inDrop1,alpha
human1_lib3.final_cell_0700,inDrop1,beta
human1_lib3.final_cell_0701,inDrop1,beta
human1_lib3.final_cell_0702,inDrop1,beta
human1_lib3.final_cell_0703,inDrop1,beta
human1_lib3.final_cell_0704,inDrop1,t_cell
human1_lib3.final_cell_0705,inDrop1,beta
human1_lib3.final_cell_0706,inDrop1,beta
human1_lib3.final_cell_0707,inDrop1,beta
human1_lib3.final_cell_0708,inDrop1,alpha
human1_lib3.final_cell_0709,inDrop1,beta
human1_lib3.final_cell_0710,inDrop1,endothelial
human1_lib3.final_cell_0711,inDrop1,endothelial
human1_lib3.final_cell_0712,inDrop1,mast
human1_lib3.final_cell_0713,inDrop1,beta
human1_lib3.final_cell_0714,inDrop1,quiescent_stellate
human1_lib3.final_cell_0715,inDrop1,beta
human1_lib3.final_cell_0716,inDrop1,beta
human1_lib3.final_cell_0717,inDrop1,beta
human1_lib3.final_cell_0718,inDrop1,beta
human1_lib3.final_cell_0719,inDrop1,beta
human1_lib3.final_cell_0720,inDrop1,endothelial
human1_lib3.final_cell_0721,inDrop1,t_cell
human1_lib3.final_cell_0722,inDrop1,ductal
human1_lib3.final_cell_0723,inDrop1,quiescent_stellate
human1_lib3.final_cell_0724,inDrop1,beta
human1_lib3.final_cell_0725,inDrop1,beta
human1_lib3.final_cell_0726,inDrop1,quiescent_stellate
human1_lib3.final_cell_0727,inDrop1,quiescent_stellate
human1_lib3.final_cell_0728,inDrop1,quiescent_stellate
human1_lib3.final_cell_0729,inDrop1,beta
human1_lib3.final_cell_0730,inDrop1,beta
human1_lib3.final_cell_0731,inDrop1,alpha
human1_lib3.final_cell_0732,inDrop1,beta
human1_lib3.final_cell_0733,inDrop1,beta
human1_lib3.final_cell_0734,inDrop1,beta
human1_lib3.final_cell_0735,inDrop1,alpha
human1_lib3.final_cell_0736,inDrop1,endothelial
human1_lib3.final_cell_0737,inDrop1,beta
human1_lib3.final_cell_0738,inDrop1,endothelial
human1_lib3.final_cell_0739,inDrop1,beta
human1_lib3.final_cell_0740,inDrop1,quiescent_stellate
human2_lib1.final_cell_0001,inDrop2,delta
human2_lib1.final_cell_0002,inDrop2,delta
human2_lib1.final_cell_0003,inDrop2,alpha
human2_lib1.final_cell_0004,inDrop2,delta
human2_lib1.final_cell_0005,inDrop2,delta
human2_lib1.final_cell_0006,inDrop2,delta
human2_lib1.final_cell_0007,inDrop2,delta
human2_lib1.final_cell_0008,inDrop2,delta
human2_lib1.final_cell_0009,inDrop2,activated_stellate
human2_lib1.final_cell_0010,inDrop2,ductal
human2_lib1.final_cell_0011,inDrop2,delta
human2_lib1.final_cell_0012,inDrop2,delta
human2_lib1.final_cell_0013,inDrop2,alpha
human2_lib1.final_cell_0014,inDrop2,delta
human2_lib1.final_cell_0015,inDrop2,alpha
human2_lib1.final_cell_0016,inDrop2,alpha
human2_lib1.final_cell_0017,inDrop2,beta
human2_lib1.final_cell_0018,inDrop2,ductal
human2_lib1.final_cell_0019,inDrop2,alpha
human2_lib1.final_cell_0020,inDrop2,alpha
human2_lib1.final_cell_0021,inDrop2,ductal
human2_lib1.final_cell_0022,inDrop2,alpha
human2_lib1.final_cell_0023,inDrop2,alpha
human2_lib1.final_cell_0024,inDrop2,delta
human2_lib1.final_cell_0025,inDrop2,ductal
human2_lib1.final_cell_0026,inDrop2,alpha
human2_lib1.final_cell_0027,inDrop2,delta
human2_lib1.final_cell_0028,inDrop2,ductal
human2_lib1.final_cell_0029,inDrop2,ductal
human2_lib1.final_cell_0030,inDrop2,ductal
human2_lib1.final_cell_0031,inDrop2,activated_stellate
human2_lib1.final_cell_0032,inDrop2,ductal
human2_lib1.final_cell_0033,inDrop2,alpha
human2_lib1.final_cell_0034,inDrop2,delta
human2_lib1.final_cell_0035,inDrop2,delta
human2_lib1.final_cell_0036,inDrop2,delta
human2_lib1.final_cell_0037,inDrop2,alpha
human2_lib1.final_cell_0038,inDrop2,ductal
human2_lib1.final_cell_0039,inDrop2,alpha
human2_lib1.final_cell_0040,inDrop2,macrophage
human2_lib1.final_cell_0041,inDrop2,alpha
human2_lib1.final_cell_0042,inDrop2,delta
human2_lib1.final_cell_0043,inDrop2,ductal
human2_lib1.final_cell_0044,inDrop2,delta
human2_lib1.final_cell_0045,inDrop2,alpha
human2_lib1.final_cell_0046,inDrop2,alpha
human2_lib1.final_cell_0047,inDrop2,alpha
human2_lib1.final_cell_0048,inDrop2,alpha
human2_lib1.final_cell_0049,inDrop2,ductal
human2_lib1.final_cell_0050,inDrop2,activated_stellate
human2_lib1.final_cell_0051,inDrop2,ductal
human2_lib1.final_cell_0052,inDrop2,alpha
human2_lib1.final_cell_0053,inDrop2,quiescent_stellate
human2_lib1.final_cell_0054,inDrop2,beta
human2_lib1.final_cell_0055,inDrop2,alpha
human2_lib1.final_cell_0056,inDrop2,beta
human2_lib1.final_cell_0057,inDrop2,beta
human2_lib1.final_cell_0058,inDrop2,beta
human2_lib1.final_cell_0059,inDrop2,alpha
human2_lib1.final_cell_0060,inDrop2,delta
human2_lib1.final_cell_0061,inDrop2,delta
human2_lib1.final_cell_0062,inDrop2,alpha
human2_lib1.final_cell_0063,inDrop2,beta
human2_lib1.final_cell_0064,inDrop2,alpha
human2_lib1.final_cell_0065,inDrop2,alpha
human2_lib1.final_cell_0066,inDrop2,alpha
human2_lib1.final_cell_0067,inDrop2,ductal
human2_lib1.final_cell_0068,inDrop2,beta
human2_lib1.final_cell_0069,inDrop2,ductal
human2_lib1.final_cell_0070,inDrop2,activated_stellate
human2_lib1.final_cell_0071,inDrop2,ductal
human2_lib1.final_cell_0072,inDrop2,alpha
human2_lib1.final_cell_0073,inDrop2,beta
human2_lib1.final_cell_0074,inDrop2,ductal
human2_lib1.final_cell_0075,inDrop2,alpha
human2_lib1.final_cell_0076,inDrop2,beta
human2_lib1.final_cell_0077,inDrop2,alpha
human2_lib1.final_cell_0078,inDrop2,ductal
human2_lib1.final_cell_0079,inDrop2,alpha
human2_lib1.final_cell_0080,inDrop2,beta
human2_lib1.final_cell_0081,inDrop2,alpha
human2_lib1.final_cell_0082,inDrop2,ductal
human2_lib1.final_cell_0083,inDrop2,ductal
human2_lib1.final_cell_0084,inDrop2,alpha
human2_lib1.final_cell_0085,inDrop2,alpha
human2_lib1.final_cell_0086,inDrop2,ductal
human2_lib1.final_cell_0087,inDrop2,alpha
human2_lib1.final_cell_0088,inDrop2,alpha
human2_lib1.final_cell_0089,inDrop2,alpha
human2_lib1.final_cell_0090,inDrop2,beta
human2_lib1.final_cell_0091,inDrop2,alpha
human2_lib1.final_cell_0092,inDrop2,beta
human2_lib1.final_cell_0093,inDrop2,alpha
human2_lib1.final_cell_0094,inDrop2,ductal
human2_lib1.final_cell_0095,inDrop2,delta
human2_lib1.final_cell_0096,inDrop2,gamma
human2_lib1.final_cell_0097,inDrop2,alpha
human2_lib1.final_cell_0098,inDrop2,ductal
human2_lib1.final_cell_0099,inDrop2,alpha
human2_lib1.final_cell_0100,inDrop2,beta
human2_lib1.final_cell_0101,inDrop2,beta
human2_lib1.final_cell_0102,inDrop2,gamma
human2_lib1.final_cell_0103,inDrop2,alpha
human2_lib1.final_cell_0104,inDrop2,delta
human2_lib1.final_cell_0105,inDrop2,beta
human2_lib1.final_cell_0106,inDrop2,alpha
human2_lib1.final_cell_0107,inDrop2,beta
human2_lib1.final_cell_0108,inDrop2,alpha
human2_lib1.final_cell_0109,inDrop2,alpha
human2_lib1.final_cell_0110,inDrop2,alpha
human2_lib1.final_cell_0111,inDrop2,beta
human2_lib1.final_cell_0112,inDrop2,ductal
human2_lib1.final_cell_0113,inDrop2,ductal
human2_lib1.final_cell_0114,inDrop2,alpha
human2_lib1.final_cell_0115,inDrop2,beta
human2_lib1.final_cell_0116,inDrop2,alpha
human2_lib1.final_cell_0117,inDrop2,ductal
human2_lib1.final_cell_0118,inDrop2,alpha
human2_lib1.final_cell_0119,inDrop2,beta
human2_lib1.final_cell_0120,inDrop2,alpha
human2_lib1.final_cell_0121,inDrop2,ductal
human2_lib1.final_cell_0122,inDrop2,alpha
human2_lib1.final_cell_0123,inDrop2,delta
human2_lib1.final_cell_0124,inDrop2,beta
human2_lib1.final_cell_0125,inDrop2,ductal
human2_lib1.final_cell_0126,inDrop2,beta
human2_lib1.final_cell_0127,inDrop2,alpha
human2_lib1.final_cell_0128,inDrop2,beta
human2_lib1.final_cell_0129,inDrop2,ductal
human2_lib1.final_cell_0130,inDrop2,alpha
human2_lib1.final_cell_0131,inDrop2,alpha
human2_lib1.final_cell_0132,inDrop2,alpha
human2_lib1.final_cell_0133,inDrop2,alpha
human2_lib1.final_cell_0134,inDrop2,ductal
human2_lib1.final_cell_0135,inDrop2,alpha
human2_lib1.final_cell_0136,inDrop2,ductal
human2_lib1.final_cell_0137,inDrop2,beta
human2_lib1.final_cell_0138,inDrop2,ductal
human2_lib1.final_cell_0139,inDrop2,beta
human2_lib1.final_cell_0140,inDrop2,alpha
human2_lib1.final_cell_0141,inDrop2,beta
human2_lib1.final_cell_0142,inDrop2,alpha
human2_lib1.final_cell_0143,inDrop2,activated_stellate
human2_lib1.final_cell_0144,inDrop2,alpha
human2_lib1.final_cell_0145,inDrop2,beta
human2_lib1.final_cell_0146,inDrop2,alpha
human2_lib1.final_cell_0147,inDrop2,alpha
human2_lib1.final_cell_0148,inDrop2,alpha
human2_lib1.final_cell_0149,inDrop2,alpha
human2_lib1.final_cell_0150,inDrop2,beta
human2_lib1.final_cell_0151,inDrop2,ductal
human2_lib1.final_cell_0152,inDrop2,activated_stellate
human2_lib1.final_cell_0153,inDrop2,alpha
human2_lib1.final_cell_0154,inDrop2,alpha
human2_lib1.final_cell_0155,inDrop2,ductal
human2_lib1.final_cell_0156,inDrop2,delta
human2_lib1.final_cell_0157,inDrop2,alpha
human2_lib1.final_cell_0158,inDrop2,alpha
human2_lib1.final_cell_0159,inDrop2,ductal
human2_lib1.final_cell_0160,inDrop2,ductal
human2_lib1.final_cell_0161,inDrop2,alpha
human2_lib1.final_cell_0162,inDrop2,alpha
human2_lib1.final_cell_0163,inDrop2,alpha
human2_lib1.final_cell_0164,inDrop2,alpha
human2_lib1.final_cell_0165,inDrop2,activated_stellate
human2_lib1.final_cell_0166,inDrop2,alpha
human2_lib1.final_cell_0167,inDrop2,macrophage
human2_lib1.final_cell_0168,inDrop2,alpha
human2_lib1.final_cell_0169,inDrop2,delta
human2_lib1.final_cell_0170,inDrop2,alpha
human2_lib1.final_cell_0171,inDrop2,activated_stellate
human2_lib1.final_cell_0172,inDrop2,alpha
human2_lib1.final_cell_0173,inDrop2,delta
human2_lib1.final_cell_0174,inDrop2,alpha
human2_lib1.final_cell_0175,inDrop2,alpha
human2_lib1.final_cell_0176,inDrop2,alpha
human2_lib1.final_cell_0177,inDrop2,ductal
human2_lib1.final_cell_0178,inDrop2,alpha
human2_lib1.final_cell_0179,inDrop2,alpha
human2_lib1.final_cell_0180,inDrop2,alpha
human2_lib1.final_cell_0181,inDrop2,ductal
human2_lib1.final_cell_0182,inDrop2,beta
human2_lib1.final_cell_0183,inDrop2,beta
human2_lib1.final_cell_0184,inDrop2,alpha
human2_lib1.final_cell_0185,inDrop2,gamma
human2_lib1.final_cell_0186,inDrop2,ductal
human2_lib1.final_cell_0187,inDrop2,beta
human2_lib1.final_cell_0188,inDrop2,endothelial
human2_lib1.final_cell_0189,inDrop2,gamma
human2_lib1.final_cell_0190,inDrop2,ductal
human2_lib1.final_cell_0191,inDrop2,alpha
human2_lib1.final_cell_0192,inDrop2,ductal
human2_lib1.final_cell_0193,inDrop2,delta
human2_lib1.final_cell_0194,inDrop2,ductal
human2_lib1.final_cell_0195,inDrop2,beta
human2_lib1.final_cell_0196,inDrop2,beta
human2_lib1.final_cell_0197,inDrop2,endothelial
human2_lib1.final_cell_0198,inDrop2,beta
human2_lib1.final_cell_0199,inDrop2,alpha
human2_lib1.final_cell_0200,inDrop2,delta
human2_lib1.final_cell_0201,inDrop2,beta
human2_lib1.final_cell_0202,inDrop2,activated_stellate
human2_lib1.final_cell_0203,inDrop2,alpha
human2_lib1.final_cell_0204,inDrop2,beta
human2_lib1.final_cell_0205,inDrop2,ductal
human2_lib1.final_cell_0206,inDrop2,beta
human2_lib1.final_cell_0207,inDrop2,gamma
human2_lib1.final_cell_0208,inDrop2,alpha
human2_lib1.final_cell_0209,inDrop2,alpha
human2_lib1.final_cell_0210,inDrop2,alpha
human2_lib1.final_cell_0211,inDrop2,delta
human2_lib1.final_cell_0212,inDrop2,alpha
human2_lib1.final_cell_0213,inDrop2,ductal
human2_lib1.final_cell_0214,inDrop2,alpha
human2_lib1.final_cell_0215,inDrop2,beta
human2_lib1.final_cell_0216,inDrop2,endothelial
human2_lib1.final_cell_0217,inDrop2,activated_stellate
human2_lib1.final_cell_0218,inDrop2,alpha
human2_lib1.final_cell_0219,inDrop2,beta
human2_lib1.final_cell_0220,inDrop2,alpha
human2_lib1.final_cell_0221,inDrop2,alpha
human2_lib1.final_cell_0222,inDrop2,alpha
human2_lib1.final_cell_0223,inDrop2,beta
human2_lib1.final_cell_0224,inDrop2,beta
human2_lib1.final_cell_0225,inDrop2,alpha
human2_lib1.final_cell_0226,inDrop2,gamma
human2_lib1.final_cell_0227,inDrop2,beta
human2_lib1.final_cell_0228,inDrop2,alpha
human2_lib1.final_cell_0229,inDrop2,alpha
human2_lib1.final_cell_0230,inDrop2,alpha
human2_lib1.final_cell_0231,inDrop2,beta
human2_lib1.final_cell_0232,inDrop2,ductal
human2_lib1.final_cell_0233,inDrop2,beta
human2_lib1.final_cell_0234,inDrop2,activated_stellate
human2_lib1.final_cell_0235,inDrop2,alpha
human2_lib1.final_cell_0236,inDrop2,beta
human2_lib1.final_cell_0237,inDrop2,beta
human2_lib1.final_cell_0238,inDrop2,gamma
human2_lib1.final_cell_0239,inDrop2,alpha
human2_lib1.final_cell_0240,inDrop2,alpha
human2_lib1.final_cell_0241,inDrop2,alpha
human2_lib1.final_cell_0242,inDrop2,beta
human2_lib1.final_cell_0243,inDrop2,alpha
human2_lib1.final_cell_0244,inDrop2,endothelial
human2_lib1.final_cell_0245,inDrop2,alpha
human2_lib1.final_cell_0246,inDrop2,delta
human2_lib1.final_cell_0247,inDrop2,activated_stellate
human2_lib1.final_cell_0248,inDrop2,gamma
human2_lib1.final_cell_0249,inDrop2,beta
human2_lib1.final_cell_0250,inDrop2,alpha
human2_lib1.final_cell_0251,inDrop2,ductal
human2_lib1.final_cell_0252,inDrop2,beta
human2_lib1.final_cell_0253,inDrop2,gamma
human2_lib1.final_cell_0254,inDrop2,beta
human2_lib1.final_cell_0255,inDrop2,beta
human2_lib1.final_cell_0256,inDrop2,ductal
human2_lib1.final_cell_0257,inDrop2,ductal
human2_lib1.final_cell_0258,inDrop2,alpha
human2_lib1.final_cell_0259,inDrop2,beta
human2_lib1.final_cell_0260,inDrop2,beta
human2_lib1.final_cell_0261,inDrop2,ductal
human2_lib1.final_cell_0262,inDrop2,beta
human2_lib1.final_cell_0263,inDrop2,ductal
human2_lib1.final_cell_0264,inDrop2,alpha
human2_lib1.final_cell_0265,inDrop2,alpha
human2_lib1.final_cell_0266,inDrop2,activated_stellate
human2_lib1.final_cell_0267,inDrop2,delta
human2_lib1.final_cell_0268,inDrop2,alpha
human2_lib1.final_cell_0269,inDrop2,activated_stellate
human2_lib1.final_cell_0270,inDrop2,beta
human2_lib1.final_cell_0271,inDrop2,alpha
human2_lib1.final_cell_0272,inDrop2,delta
human2_lib1.final_cell_0273,inDrop2,beta
human2_lib1.final_cell_0274,inDrop2,beta
human2_lib1.final_cell_0275,inDrop2,delta
human2_lib1.final_cell_0276,inDrop2,ductal
human2_lib1.final_cell_0277,inDrop2,alpha
human2_lib1.final_cell_0278,inDrop2,delta
human2_lib1.final_cell_0279,inDrop2,alpha
human2_lib1.final_cell_0280,inDrop2,beta
human2_lib1.final_cell_0281,inDrop2,ductal
human2_lib1.final_cell_0282,inDrop2,beta
human2_lib1.final_cell_0283,inDrop2,endothelial
human2_lib1.final_cell_0284,inDrop2,ductal
human2_lib1.final_cell_0285,inDrop2,beta
human2_lib1.final_cell_0286,inDrop2,alpha
human2_lib1.final_cell_0287,inDrop2,activated_stellate
human2_lib1.final_cell_0288,inDrop2,beta
human2_lib1.final_cell_0289,inDrop2,alpha
human2_lib1.final_cell_0290,inDrop2,beta
human2_lib1.final_cell_0291,inDrop2,beta
human2_lib1.final_cell_0292,inDrop2,alpha
human2_lib1.final_cell_0293,inDrop2,beta
human2_lib1.final_cell_0294,inDrop2,alpha
human2_lib1.final_cell_0295,inDrop2,gamma
human2_lib1.final_cell_0296,inDrop2,beta
human2_lib1.final_cell_0297,inDrop2,ductal
human2_lib1.final_cell_0298,inDrop2,beta
human2_lib1.final_cell_0299,inDrop2,alpha
human2_lib1.final_cell_0300,inDrop2,alpha
human2_lib1.final_cell_0301,inDrop2,alpha
human2_lib1.final_cell_0302,inDrop2,alpha
human2_lib1.final_cell_0303,inDrop2,ductal
human2_lib1.final_cell_0304,inDrop2,beta
human2_lib1.final_cell_0305,inDrop2,alpha
human2_lib1.final_cell_0306,inDrop2,alpha
human2_lib1.final_cell_0307,inDrop2,ductal
human2_lib1.final_cell_0308,inDrop2,alpha
human2_lib1.final_cell_0309,inDrop2,ductal
human2_lib1.final_cell_0310,inDrop2,alpha
human2_lib1.final_cell_0311,inDrop2,alpha
human2_lib1.final_cell_0312,inDrop2,gamma
human2_lib1.final_cell_0313,inDrop2,ductal
human2_lib1.final_cell_0314,inDrop2,ductal
human2_lib1.final_cell_0315,inDrop2,alpha
human2_lib1.final_cell_0316,inDrop2,alpha
human2_lib1.final_cell_0317,inDrop2,ductal
human2_lib1.final_cell_0318,inDrop2,beta
human2_lib1.final_cell_0319,inDrop2,ductal
human2_lib1.final_cell_0320,inDrop2,alpha
human2_lib1.final_cell_0321,inDrop2,ductal
human2_lib1.final_cell_0322,inDrop2,alpha
human2_lib1.final_cell_0323,inDrop2,ductal
human2_lib1.final_cell_0324,inDrop2,beta
human2_lib1.final_cell_0325,inDrop2,beta
human2_lib1.final_cell_0326,inDrop2,beta
human2_lib1.final_cell_0327,inDrop2,ductal
human2_lib1.final_cell_0328,inDrop2,ductal
human2_lib1.final_cell_0329,inDrop2,alpha
human2_lib1.final_cell_0330,inDrop2,delta
human2_lib1.final_cell_0331,inDrop2,alpha
human2_lib1.final_cell_0332,inDrop2,beta
human2_lib1.final_cell_0333,inDrop2,beta
human2_lib1.final_cell_0334,inDrop2,endothelial
human2_lib1.final_cell_0335,inDrop2,alpha
human2_lib1.final_cell_0336,inDrop2,alpha
human2_lib1.final_cell_0337,inDrop2,alpha
human2_lib1.final_cell_0338,inDrop2,alpha
human2_lib1.final_cell_0339,inDrop2,alpha
human2_lib1.final_cell_0340,inDrop2,alpha
human2_lib1.final_cell_0341,inDrop2,ductal
human2_lib1.final_cell_0342,inDrop2,alpha
human2_lib1.final_cell_0343,inDrop2,alpha
human2_lib1.final_cell_0344,inDrop2,ductal
human2_lib1.final_cell_0345,inDrop2,alpha
human2_lib1.final_cell_0346,inDrop2,ductal
human2_lib1.final_cell_0347,inDrop2,ductal
human2_lib1.final_cell_0348,inDrop2,ductal
human2_lib1.final_cell_0349,inDrop2,alpha
human2_lib1.final_cell_0350,inDrop2,activated_stellate
human2_lib1.final_cell_0351,inDrop2,ductal
human2_lib1.final_cell_0352,inDrop2,alpha
human2_lib1.final_cell_0353,inDrop2,alpha
human2_lib1.final_cell_0354,inDrop2,beta
human2_lib1.final_cell_0355,inDrop2,delta
human2_lib1.final_cell_0356,inDrop2,alpha
human2_lib1.final_cell_0357,inDrop2,alpha
human2_lib1.final_cell_0358,inDrop2,ductal
human2_lib1.final_cell_0359,inDrop2,alpha
human2_lib1.final_cell_0360,inDrop2,alpha
human2_lib1.final_cell_0361,inDrop2,gamma
human2_lib1.final_cell_0362,inDrop2,ductal
human2_lib1.final_cell_0363,inDrop2,alpha
human2_lib1.final_cell_0364,inDrop2,delta
human2_lib1.final_cell_0365,inDrop2,endothelial
human2_lib1.final_cell_0366,inDrop2,beta
human2_lib1.final_cell_0367,inDrop2,alpha
human2_lib1.final_cell_0368,inDrop2,beta
human2_lib1.final_cell_0369,inDrop2,alpha
human2_lib1.final_cell_0370,inDrop2,alpha
human2_lib1.final_cell_0371,inDrop2,alpha
human2_lib1.final_cell_0372,inDrop2,gamma
human2_lib1.final_cell_0373,inDrop2,ductal
human2_lib1.final_cell_0374,inDrop2,alpha
human2_lib1.final_cell_0375,inDrop2,alpha
human2_lib1.final_cell_0376,inDrop2,gamma
human2_lib1.final_cell_0377,inDrop2,alpha
human2_lib1.final_cell_0378,inDrop2,quiescent_stellate
human2_lib1.final_cell_0379,inDrop2,beta
human2_lib1.final_cell_0380,inDrop2,ductal
human2_lib1.final_cell_0381,inDrop2,ductal
human2_lib1.final_cell_0382,inDrop2,beta
human2_lib1.final_cell_0383,inDrop2,alpha
human2_lib1.final_cell_0384,inDrop2,alpha
human2_lib1.final_cell_0385,inDrop2,alpha
human2_lib1.final_cell_0386,inDrop2,alpha
human2_lib1.final_cell_0387,inDrop2,alpha
human2_lib1.final_cell_0388,inDrop2,beta
human2_lib1.final_cell_0389,inDrop2,alpha
human2_lib1.final_cell_0390,inDrop2,beta
human2_lib1.final_cell_0391,inDrop2,ductal
human2_lib1.final_cell_0392,inDrop2,gamma
human2_lib1.final_cell_0393,inDrop2,beta
human2_lib1.final_cell_0394,inDrop2,activated_stellate
human2_lib1.final_cell_0395,inDrop2,ductal
human2_lib1.final_cell_0396,inDrop2,ductal
human2_lib1.final_cell_0397,inDrop2,alpha
human2_lib1.final_cell_0398,inDrop2,gamma
human2_lib1.final_cell_0399,inDrop2,epsilon
human2_lib1.final_cell_0400,inDrop2,alpha
human2_lib1.final_cell_0401,inDrop2,delta
human2_lib1.final_cell_0402,inDrop2,alpha
human2_lib1.final_cell_0403,inDrop2,ductal
human2_lib1.final_cell_0404,inDrop2,alpha
human2_lib1.final_cell_0405,inDrop2,beta
human2_lib1.final_cell_0406,inDrop2,activated_stellate
human2_lib1.final_cell_0407,inDrop2,gamma
human2_lib1.final_cell_0408,inDrop2,alpha
human2_lib1.final_cell_0409,inDrop2,alpha
human2_lib1.final_cell_0410,inDrop2,schwann
human2_lib1.final_cell_0411,inDrop2,ductal
human2_lib1.final_cell_0412,inDrop2,alpha
human2_lib1.final_cell_0413,inDrop2,alpha
human2_lib1.final_cell_0414,inDrop2,gamma
human2_lib1.final_cell_0415,inDrop2,alpha
human2_lib1.final_cell_0416,inDrop2,alpha
human2_lib1.final_cell_0417,inDrop2,alpha
human2_lib1.final_cell_0418,inDrop2,alpha
human2_lib1.final_cell_0419,inDrop2,alpha
human2_lib1.final_cell_0420,inDrop2,alpha
human2_lib1.final_cell_0421,inDrop2,beta
human2_lib1.final_cell_0422,inDrop2,macrophage
human2_lib1.final_cell_0423,inDrop2,ductal
human2_lib1.final_cell_0424,inDrop2,alpha
human2_lib1.final_cell_0425,inDrop2,alpha
human2_lib1.final_cell_0426,inDrop2,ductal
human2_lib1.final_cell_0427,inDrop2,alpha
human2_lib1.final_cell_0428,inDrop2,alpha
human2_lib1.final_cell_0429,inDrop2,alpha
human2_lib1.final_cell_0430,inDrop2,beta
human2_lib1.final_cell_0431,inDrop2,ductal
human2_lib1.final_cell_0432,inDrop2,gamma
human2_lib1.final_cell_0433,inDrop2,delta
human2_lib1.final_cell_0434,inDrop2,ductal
human2_lib1.final_cell_0435,inDrop2,delta
human2_lib1.final_cell_0436,inDrop2,beta
human2_lib1.final_cell_0437,inDrop2,alpha
human2_lib1.final_cell_0438,inDrop2,ductal
human2_lib1.final_cell_0439,inDrop2,gamma
human2_lib1.final_cell_0440,inDrop2,alpha
human2_lib1.final_cell_0441,inDrop2,alpha
human2_lib1.final_cell_0442,inDrop2,alpha
human2_lib1.final_cell_0443,inDrop2,gamma
human2_lib1.final_cell_0444,inDrop2,activated_stellate
human2_lib1.final_cell_0445,inDrop2,alpha
human2_lib1.final_cell_0446,inDrop2,ductal
human2_lib1.final_cell_0447,inDrop2,alpha
human2_lib1.final_cell_0448,inDrop2,alpha
human2_lib1.final_cell_0449,inDrop2,beta
human2_lib1.final_cell_0450,inDrop2,ductal
human2_lib1.final_cell_0451,inDrop2,alpha
human2_lib1.final_cell_0452,inDrop2,gamma
human2_lib1.final_cell_0453,inDrop2,delta
human2_lib1.final_cell_0454,inDrop2,alpha
human2_lib1.final_cell_0455,inDrop2,alpha
human2_lib1.final_cell_0456,inDrop2,ductal
human2_lib1.final_cell_0457,inDrop2,activated_stellate
human2_lib1.final_cell_0458,inDrop2,alpha
human2_lib1.final_cell_0459,inDrop2,alpha
human2_lib1.final_cell_0460,inDrop2,alpha
human2_lib1.final_cell_0461,inDrop2,gamma
human2_lib1.final_cell_0462,inDrop2,alpha
human2_lib1.final_cell_0463,inDrop2,beta
human2_lib1.final_cell_0464,inDrop2,alpha
human2_lib1.final_cell_0465,inDrop2,alpha
human2_lib1.final_cell_0466,inDrop2,beta
human2_lib1.final_cell_0467,inDrop2,ductal
human2_lib1.final_cell_0468,inDrop2,schwann
human2_lib1.final_cell_0469,inDrop2,delta
human2_lib1.final_cell_0470,inDrop2,gamma
human2_lib1.final_cell_0471,inDrop2,activated_stellate
human2_lib1.final_cell_0472,inDrop2,alpha
human2_lib1.final_cell_0473,inDrop2,ductal
human2_lib1.final_cell_0474,inDrop2,beta
human2_lib1.final_cell_0475,inDrop2,beta
human2_lib1.final_cell_0476,inDrop2,alpha
human2_lib1.final_cell_0477,inDrop2,gamma
human2_lib1.final_cell_0478,inDrop2,gamma
human2_lib1.final_cell_0479,inDrop2,ductal
human2_lib1.final_cell_0480,inDrop2,alpha
human2_lib1.final_cell_0481,inDrop2,activated_stellate
human2_lib1.final_cell_0482,inDrop2,endothelial
human2_lib1.final_cell_0483,inDrop2,beta
human2_lib1.final_cell_0484,inDrop2,beta
human2_lib1.final_cell_0485,inDrop2,endothelial
human2_lib1.final_cell_0486,inDrop2,alpha
human2_lib1.final_cell_0487,inDrop2,beta
human2_lib1.final_cell_0488,inDrop2,beta
human2_lib1.final_cell_0489,inDrop2,alpha
human2_lib1.final_cell_0490,inDrop2,ductal
human2_lib1.final_cell_0491,inDrop2,alpha
human2_lib1.final_cell_0492,inDrop2,alpha
human2_lib1.final_cell_0493,inDrop2,alpha
human2_lib1.final_cell_0494,inDrop2,gamma
human2_lib1.final_cell_0495,inDrop2,activated_stellate
human2_lib1.final_cell_0496,inDrop2,alpha
human2_lib1.final_cell_0497,inDrop2,beta
human2_lib1.final_cell_0498,inDrop2,alpha
human2_lib1.final_cell_0499,inDrop2,alpha
human2_lib1.final_cell_0500,inDrop2,quiescent_stellate
human2_lib1.final_cell_0501,inDrop2,gamma
human2_lib1.final_cell_0502,inDrop2,alpha
human2_lib1.final_cell_0503,inDrop2,alpha
human2_lib1.final_cell_0504,inDrop2,alpha
human2_lib1.final_cell_0505,inDrop2,alpha
human2_lib1.final_cell_0506,inDrop2,alpha
human2_lib1.final_cell_0507,inDrop2,quiescent_stellate
human2_lib1.final_cell_0508,inDrop2,alpha
human2_lib1.final_cell_0509,inDrop2,alpha
human2_lib1.final_cell_0510,inDrop2,alpha
human2_lib1.final_cell_0511,inDrop2,ductal
human2_lib1.final_cell_0512,inDrop2,alpha
human2_lib1.final_cell_0513,inDrop2,beta
human2_lib1.final_cell_0514,inDrop2,beta
human2_lib1.final_cell_0515,inDrop2,beta
human2_lib1.final_cell_0516,inDrop2,beta
human2_lib1.final_cell_0517,inDrop2,ductal
human2_lib1.final_cell_0518,inDrop2,alpha
human2_lib1.final_cell_0519,inDrop2,alpha
human2_lib1.final_cell_0520,inDrop2,ductal
human2_lib1.final_cell_0521,inDrop2,alpha
human2_lib1.final_cell_0522,inDrop2,beta
human2_lib1.final_cell_0523,inDrop2,activated_stellate
human2_lib1.final_cell_0524,inDrop2,ductal
human2_lib1.final_cell_0525,inDrop2,mast
human2_lib1.final_cell_0526,inDrop2,alpha
human2_lib1.final_cell_0527,inDrop2,beta
human2_lib1.final_cell_0528,inDrop2,alpha
human2_lib1.final_cell_0529,inDrop2,alpha
human2_lib1.final_cell_0530,inDrop2,beta
human2_lib1.final_cell_0531,inDrop2,gamma
human2_lib1.final_cell_0532,inDrop2,beta
human2_lib1.final_cell_0533,inDrop2,ductal
human2_lib1.final_cell_0534,inDrop2,ductal
human2_lib1.final_cell_0535,inDrop2,ductal
human2_lib1.final_cell_0536,inDrop2,ductal
human2_lib1.final_cell_0537,inDrop2,alpha
human2_lib1.final_cell_0538,inDrop2,beta
human2_lib1.final_cell_0539,inDrop2,ductal
human2_lib1.final_cell_0540,inDrop2,beta
human2_lib1.final_cell_0541,inDrop2,endothelial
human2_lib1.final_cell_0542,inDrop2,beta
human2_lib1.final_cell_0543,inDrop2,beta
human2_lib1.final_cell_0544,inDrop2,macrophage
human2_lib1.final_cell_0545,inDrop2,gamma
human2_lib1.final_cell_0546,inDrop2,ductal
human2_lib1.final_cell_0547,inDrop2,ductal
human2_lib1.final_cell_0548,inDrop2,beta
human2_lib1.final_cell_0549,inDrop2,quiescent_stellate
human2_lib1.final_cell_0550,inDrop2,ductal
human2_lib1.final_cell_0551,inDrop2,alpha
human2_lib1.final_cell_0552,inDrop2,alpha
human2_lib1.final_cell_0553,inDrop2,ductal
human2_lib1.final_cell_0554,inDrop2,alpha
human2_lib1.final_cell_0555,inDrop2,ductal
human2_lib1.final_cell_0556,inDrop2,beta
human2_lib1.final_cell_0557,inDrop2,alpha
human2_lib1.final_cell_0558,inDrop2,ductal
human2_lib1.final_cell_0559,inDrop2,beta
human2_lib2.final_cell_0001,inDrop2,delta
human2_lib2.final_cell_0002,inDrop2,alpha
human2_lib2.final_cell_0003,inDrop2,alpha
human2_lib2.final_cell_0004,inDrop2,alpha
human2_lib2.final_cell_0005,inDrop2,alpha
human2_lib2.final_cell_0006,inDrop2,delta
human2_lib2.final_cell_0007,inDrop2,ductal
human2_lib2.final_cell_0008,inDrop2,alpha
human2_lib2.final_cell_0009,inDrop2,delta
human2_lib2.final_cell_0010,inDrop2,delta
human2_lib2.final_cell_0011,inDrop2,delta
human2_lib2.final_cell_0012,inDrop2,activated_stellate
human2_lib2.final_cell_0013,inDrop2,beta
human2_lib2.final_cell_0014,inDrop2,delta
human2_lib2.final_cell_0015,inDrop2,ductal
human2_lib2.final_cell_0016,inDrop2,ductal
human2_lib2.final_cell_0017,inDrop2,ductal
human2_lib2.final_cell_0018,inDrop2,ductal
human2_lib2.final_cell_0019,inDrop2,alpha
human2_lib2.final_cell_0020,inDrop2,delta
human2_lib2.final_cell_0021,inDrop2,macrophage
human2_lib2.final_cell_0022,inDrop2,beta
human2_lib2.final_cell_0023,inDrop2,delta
human2_lib2.final_cell_0024,inDrop2,ductal
human2_lib2.final_cell_0025,inDrop2,beta
human2_lib2.final_cell_0026,inDrop2,delta
human2_lib2.final_cell_0027,inDrop2,alpha
human2_lib2.final_cell_0028,inDrop2,alpha
human2_lib2.final_cell_0029,inDrop2,activated_stellate
human2_lib2.final_cell_0030,inDrop2,ductal
human2_lib2.final_cell_0031,inDrop2,beta
human2_lib2.final_cell_0032,inDrop2,ductal
human2_lib2.final_cell_0033,inDrop2,alpha
human2_lib2.final_cell_0034,inDrop2,delta
human2_lib2.final_cell_0035,inDrop2,ductal
human2_lib2.final_cell_0036,inDrop2,ductal
human2_lib2.final_cell_0037,inDrop2,beta
human2_lib2.final_cell_0038,inDrop2,alpha
human2_lib2.final_cell_0039,inDrop2,alpha
human2_lib2.final_cell_0040,inDrop2,beta
human2_lib2.final_cell_0041,inDrop2,alpha
human2_lib2.final_cell_0042,inDrop2,beta
human2_lib2.final_cell_0043,inDrop2,ductal
human2_lib2.final_cell_0044,inDrop2,ductal
human2_lib2.final_cell_0045,inDrop2,ductal
human2_lib2.final_cell_0046,inDrop2,beta
human2_lib2.final_cell_0047,inDrop2,delta
human2_lib2.final_cell_0048,inDrop2,beta
human2_lib2.final_cell_0049,inDrop2,beta
human2_lib2.final_cell_0050,inDrop2,ductal
human2_lib2.final_cell_0051,inDrop2,alpha
human2_lib2.final_cell_0052,inDrop2,ductal
human2_lib2.final_cell_0053,inDrop2,ductal
human2_lib2.final_cell_0054,inDrop2,beta
human2_lib2.final_cell_0055,inDrop2,alpha
human2_lib2.final_cell_0056,inDrop2,beta
human2_lib2.final_cell_0057,inDrop2,beta
human2_lib2.final_cell_0058,inDrop2,beta
human2_lib2.final_cell_0059,inDrop2,alpha
human2_lib2.final_cell_0060,inDrop2,alpha
human2_lib2.final_cell_0061,inDrop2,beta
human2_lib2.final_cell_0062,inDrop2,beta
human2_lib2.final_cell_0063,inDrop2,alpha
human2_lib2.final_cell_0064,inDrop2,beta
human2_lib2.final_cell_0065,inDrop2,beta
human2_lib2.final_cell_0066,inDrop2,beta
human2_lib2.final_cell_0067,inDrop2,ductal
human2_lib2.final_cell_0068,inDrop2,beta
human2_lib2.final_cell_0069,inDrop2,activated_stellate
human2_lib2.final_cell_0070,inDrop2,beta
human2_lib2.final_cell_0071,inDrop2,ductal
human2_lib2.final_cell_0072,inDrop2,beta
human2_lib2.final_cell_0073,inDrop2,beta
human2_lib2.final_cell_0074,inDrop2,alpha
human2_lib2.final_cell_0075,inDrop2,ductal
human2_lib2.final_cell_0076,inDrop2,ductal
human2_lib2.final_cell_0077,inDrop2,beta
human2_lib2.final_cell_0078,inDrop2,ductal
human2_lib2.final_cell_0079,inDrop2,alpha
human2_lib2.final_cell_0080,inDrop2,ductal
human2_lib2.final_cell_0081,inDrop2,gamma
human2_lib2.final_cell_0082,inDrop2,alpha
human2_lib2.final_cell_0083,inDrop2,beta
human2_lib2.final_cell_0084,inDrop2,beta
human2_lib2.final_cell_0085,inDrop2,activated_stellate
human2_lib2.final_cell_0086,inDrop2,beta
human2_lib2.final_cell_0087,inDrop2,beta
human2_lib2.final_cell_0088,inDrop2,alpha
human2_lib2.final_cell_0089,inDrop2,beta
human2_lib2.final_cell_0090,inDrop2,gamma
human2_lib2.final_cell_0091,inDrop2,beta
human2_lib2.final_cell_0092,inDrop2,alpha
human2_lib2.final_cell_0093,inDrop2,ductal
human2_lib2.final_cell_0094,inDrop2,beta
human2_lib2.final_cell_0095,inDrop2,alpha
human2_lib2.final_cell_0096,inDrop2,alpha
human2_lib2.final_cell_0097,inDrop2,beta
human2_lib2.final_cell_0098,inDrop2,alpha
human2_lib2.final_cell_0099,inDrop2,alpha
human2_lib2.final_cell_0100,inDrop2,alpha
human2_lib2.final_cell_0101,inDrop2,alpha
human2_lib2.final_cell_0102,inDrop2,activated_stellate
human2_lib2.final_cell_0103,inDrop2,alpha
human2_lib2.final_cell_0104,inDrop2,activated_stellate
human2_lib2.final_cell_0105,inDrop2,beta
human2_lib2.final_cell_0106,inDrop2,gamma
human2_lib2.final_cell_0107,inDrop2,alpha
human2_lib2.final_cell_0108,inDrop2,beta
human2_lib2.final_cell_0109,inDrop2,delta
human2_lib2.final_cell_0110,inDrop2,ductal
human2_lib2.final_cell_0111,inDrop2,alpha
human2_lib2.final_cell_0112,inDrop2,activated_stellate
human2_lib2.final_cell_0113,inDrop2,beta
human2_lib2.final_cell_0114,inDrop2,alpha
human2_lib2.final_cell_0115,inDrop2,alpha
human2_lib2.final_cell_0116,inDrop2,alpha
human2_lib2.final_cell_0117,inDrop2,beta
human2_lib2.final_cell_0118,inDrop2,beta
human2_lib2.final_cell_0119,inDrop2,activated_stellate
human2_lib2.final_cell_0120,inDrop2,macrophage
human2_lib2.final_cell_0121,inDrop2,ductal
human2_lib2.final_cell_0122,inDrop2,beta
human2_lib2.final_cell_0123,inDrop2,beta
human2_lib2.final_cell_0124,inDrop2,alpha
human2_lib2.final_cell_0125,inDrop2,beta
human2_lib2.final_cell_0126,inDrop2,beta
human2_lib2.final_cell_0127,inDrop2,ductal
human2_lib2.final_cell_0128,inDrop2,alpha
human2_lib2.final_cell_0129,inDrop2,delta
human2_lib2.final_cell_0130,inDrop2,beta
human2_lib2.final_cell_0131,inDrop2,beta
human2_lib2.final_cell_0132,inDrop2,alpha
human2_lib2.final_cell_0133,inDrop2,beta
human2_lib2.final_cell_0134,inDrop2,alpha
human2_lib2.final_cell_0135,inDrop2,beta
human2_lib2.final_cell_0136,inDrop2,ductal
human2_lib2.final_cell_0137,inDrop2,beta
human2_lib2.final_cell_0138,inDrop2,alpha
human2_lib2.final_cell_0139,inDrop2,alpha
human2_lib2.final_cell_0140,inDrop2,delta
human2_lib2.final_cell_0141,inDrop2,beta
human2_lib2.final_cell_0142,inDrop2,beta
human2_lib2.final_cell_0143,inDrop2,alpha
human2_lib2.final_cell_0144,inDrop2,macrophage
human2_lib2.final_cell_0145,inDrop2,activated_stellate
human2_lib2.final_cell_0146,inDrop2,ductal
human2_lib2.final_cell_0147,inDrop2,beta
human2_lib2.final_cell_0148,inDrop2,alpha
human2_lib2.final_cell_0149,inDrop2,delta
human2_lib2.final_cell_0150,inDrop2,macrophage
human2_lib2.final_cell_0151,inDrop2,delta
human2_lib2.final_cell_0152,inDrop2,alpha
human2_lib2.final_cell_0153,inDrop2,ductal
human2_lib2.final_cell_0154,inDrop2,acinar
human2_lib2.final_cell_0155,inDrop2,delta
human2_lib2.final_cell_0156,inDrop2,alpha
human2_lib2.final_cell_0157,inDrop2,ductal
human2_lib2.final_cell_0158,inDrop2,ductal
human2_lib2.final_cell_0159,inDrop2,alpha
human2_lib2.final_cell_0160,inDrop2,beta
human2_lib2.final_cell_0161,inDrop2,ductal
human2_lib2.final_cell_0162,inDrop2,ductal
human2_lib2.final_cell_0163,inDrop2,alpha
human2_lib2.final_cell_0164,inDrop2,alpha
human2_lib2.final_cell_0165,inDrop2,delta
human2_lib2.final_cell_0166,inDrop2,delta
human2_lib2.final_cell_0167,inDrop2,alpha
human2_lib2.final_cell_0168,inDrop2,alpha
human2_lib2.final_cell_0169,inDrop2,ductal
human2_lib2.final_cell_0170,inDrop2,alpha
human2_lib2.final_cell_0171,inDrop2,alpha
human2_lib2.final_cell_0172,inDrop2,delta
human2_lib2.final_cell_0173,inDrop2,alpha
human2_lib2.final_cell_0174,inDrop2,beta
human2_lib2.final_cell_0175,inDrop2,beta
human2_lib2.final_cell_0176,inDrop2,alpha
human2_lib2.final_cell_0177,inDrop2,ductal
human2_lib2.final_cell_0178,inDrop2,delta
human2_lib2.final_cell_0179,inDrop2,alpha
human2_lib2.final_cell_0180,inDrop2,activated_stellate
human2_lib2.final_cell_0181,inDrop2,delta
human2_lib2.final_cell_0182,inDrop2,beta
human2_lib2.final_cell_0183,inDrop2,gamma
human2_lib2.final_cell_0184,inDrop2,delta
human2_lib2.final_cell_0185,inDrop2,gamma
human2_lib2.final_cell_0186,inDrop2,beta
human2_lib2.final_cell_0187,inDrop2,ductal
human2_lib2.final_cell_0188,inDrop2,alpha
human2_lib2.final_cell_0189,inDrop2,ductal
human2_lib2.final_cell_0190,inDrop2,alpha
human2_lib2.final_cell_0191,inDrop2,ductal
human2_lib2.final_cell_0192,inDrop2,beta
human2_lib2.final_cell_0193,inDrop2,ductal
human2_lib2.final_cell_0194,inDrop2,alpha
human2_lib2.final_cell_0195,inDrop2,beta
human2_lib2.final_cell_0196,inDrop2,beta
human2_lib2.final_cell_0197,inDrop2,ductal
human2_lib2.final_cell_0198,inDrop2,beta
human2_lib2.final_cell_0199,inDrop2,alpha
human2_lib2.final_cell_0200,inDrop2,ductal
human2_lib2.final_cell_0201,inDrop2,activated_stellate
human2_lib2.final_cell_0202,inDrop2,alpha
human2_lib2.final_cell_0203,inDrop2,beta
human2_lib2.final_cell_0204,inDrop2,beta
human2_lib2.final_cell_0205,inDrop2,ductal
human2_lib2.final_cell_0206,inDrop2,alpha
human2_lib2.final_cell_0207,inDrop2,ductal
human2_lib2.final_cell_0208,inDrop2,alpha
human2_lib2.final_cell_0209,inDrop2,alpha
human2_lib2.final_cell_0210,inDrop2,alpha
human2_lib2.final_cell_0211,inDrop2,alpha
human2_lib2.final_cell_0212,inDrop2,alpha
human2_lib2.final_cell_0213,inDrop2,beta
human2_lib2.final_cell_0214,inDrop2,ductal
human2_lib2.final_cell_0215,inDrop2,alpha
human2_lib2.final_cell_0216,inDrop2,alpha
human2_lib2.final_cell_0217,inDrop2,alpha
human2_lib2.final_cell_0218,inDrop2,ductal
human2_lib2.final_cell_0219,inDrop2,beta
human2_lib2.final_cell_0220,inDrop2,ductal
human2_lib2.final_cell_0221,inDrop2,activated_stellate
human2_lib2.final_cell_0222,inDrop2,alpha
human2_lib2.final_cell_0223,inDrop2,beta
human2_lib2.final_cell_0224,inDrop2,alpha
human2_lib2.final_cell_0225,inDrop2,alpha
human2_lib2.final_cell_0226,inDrop2,ductal
human2_lib2.final_cell_0227,inDrop2,alpha
human2_lib2.final_cell_0228,inDrop2,alpha
human2_lib2.final_cell_0229,inDrop2,beta
human2_lib2.final_cell_0230,inDrop2,beta
human2_lib2.final_cell_0231,inDrop2,beta
human2_lib2.final_cell_0232,inDrop2,beta
human2_lib2.final_cell_0233,inDrop2,ductal
human2_lib2.final_cell_0234,inDrop2,macrophage
human2_lib2.final_cell_0235,inDrop2,alpha
human2_lib2.final_cell_0236,inDrop2,ductal
human2_lib2.final_cell_0237,inDrop2,alpha
human2_lib2.final_cell_0238,inDrop2,beta
human2_lib2.final_cell_0239,inDrop2,beta
human2_lib2.final_cell_0240,inDrop2,ductal
human2_lib2.final_cell_0241,inDrop2,beta
human2_lib2.final_cell_0242,inDrop2,delta
human2_lib2.final_cell_0243,inDrop2,quiescent_stellate
human2_lib2.final_cell_0244,inDrop2,alpha
human2_lib2.final_cell_0245,inDrop2,alpha
human2_lib2.final_cell_0246,inDrop2,beta
human2_lib2.final_cell_0247,inDrop2,ductal
human2_lib2.final_cell_0248,inDrop2,beta
human2_lib2.final_cell_0249,inDrop2,alpha
human2_lib2.final_cell_0250,inDrop2,beta
human2_lib2.final_cell_0251,inDrop2,alpha
human2_lib2.final_cell_0252,inDrop2,beta
human2_lib2.final_cell_0253,inDrop2,beta
human2_lib2.final_cell_0254,inDrop2,beta
human2_lib2.final_cell_0255,inDrop2,beta
human2_lib2.final_cell_0256,inDrop2,alpha
human2_lib2.final_cell_0257,inDrop2,alpha
human2_lib2.final_cell_0258,inDrop2,beta
human2_lib2.final_cell_0259,inDrop2,alpha
human2_lib2.final_cell_0260,inDrop2,delta
human2_lib2.final_cell_0261,inDrop2,alpha
human2_lib2.final_cell_0262,inDrop2,beta
human2_lib2.final_cell_0263,inDrop2,schwann
human2_lib2.final_cell_0264,inDrop2,beta
human2_lib2.final_cell_0265,inDrop2,beta
human2_lib2.final_cell_0266,inDrop2,alpha
human2_lib2.final_cell_0267,inDrop2,alpha
human2_lib2.final_cell_0268,inDrop2,alpha
human2_lib2.final_cell_0269,inDrop2,beta
human2_lib2.final_cell_0270,inDrop2,alpha
human2_lib2.final_cell_0271,inDrop2,beta
human2_lib2.final_cell_0272,inDrop2,ductal
human2_lib2.final_cell_0273,inDrop2,ductal
human2_lib2.final_cell_0274,inDrop2,gamma
human2_lib2.final_cell_0275,inDrop2,beta
human2_lib2.final_cell_0276,inDrop2,alpha
human2_lib2.final_cell_0277,inDrop2,ductal
human2_lib2.final_cell_0278,inDrop2,beta
human2_lib2.final_cell_0279,inDrop2,ductal
human2_lib2.final_cell_0280,inDrop2,ductal
human2_lib2.final_cell_0281,inDrop2,alpha
human2_lib2.final_cell_0282,inDrop2,activated_stellate
human2_lib2.final_cell_0283,inDrop2,delta
human2_lib2.final_cell_0284,inDrop2,beta
human2_lib2.final_cell_0285,inDrop2,beta
human2_lib2.final_cell_0286,inDrop2,beta
human2_lib2.final_cell_0287,inDrop2,alpha
human2_lib2.final_cell_0288,inDrop2,alpha
human2_lib2.final_cell_0289,inDrop2,alpha
human2_lib2.final_cell_0290,inDrop2,activated_stellate
human2_lib2.final_cell_0291,inDrop2,alpha
human2_lib2.final_cell_0292,inDrop2,alpha
human2_lib2.final_cell_0293,inDrop2,alpha
human2_lib2.final_cell_0294,inDrop2,alpha
human2_lib2.final_cell_0295,inDrop2,alpha
human2_lib2.final_cell_0296,inDrop2,delta
human2_lib2.final_cell_0297,inDrop2,alpha
human2_lib2.final_cell_0298,inDrop2,gamma
human2_lib2.final_cell_0299,inDrop2,alpha
human2_lib2.final_cell_0300,inDrop2,alpha
human2_lib2.final_cell_0301,inDrop2,gamma
human2_lib2.final_cell_0302,inDrop2,alpha
human2_lib2.final_cell_0303,inDrop2,alpha
human2_lib2.final_cell_0304,inDrop2,alpha
human2_lib2.final_cell_0305,inDrop2,alpha
human2_lib2.final_cell_0306,inDrop2,ductal
human2_lib2.final_cell_0307,inDrop2,alpha
human2_lib2.final_cell_0308,inDrop2,activated_stellate
human2_lib2.final_cell_0309,inDrop2,alpha
human2_lib2.final_cell_0310,inDrop2,delta
human2_lib2.final_cell_0311,inDrop2,alpha
human2_lib2.final_cell_0312,inDrop2,alpha
human2_lib2.final_cell_0313,inDrop2,alpha
human2_lib2.final_cell_0314,inDrop2,ductal
human2_lib2.final_cell_0315,inDrop2,delta
human2_lib2.final_cell_0316,inDrop2,alpha
human2_lib2.final_cell_0317,inDrop2,alpha
human2_lib2.final_cell_0318,inDrop2,alpha
human2_lib2.final_cell_0319,inDrop2,alpha
human2_lib2.final_cell_0320,inDrop2,beta
human2_lib2.final_cell_0321,inDrop2,beta
human2_lib2.final_cell_0322,inDrop2,alpha
human2_lib2.final_cell_0323,inDrop2,activated_stellate
human2_lib2.final_cell_0324,inDrop2,alpha
human2_lib2.final_cell_0325,inDrop2,beta
human2_lib2.final_cell_0326,inDrop2,alpha
human2_lib2.final_cell_0327,inDrop2,beta
human2_lib2.final_cell_0328,inDrop2,beta
human2_lib2.final_cell_0329,inDrop2,alpha
human2_lib2.final_cell_0330,inDrop2,alpha
human2_lib2.final_cell_0331,inDrop2,activated_stellate
human2_lib2.final_cell_0332,inDrop2,beta
human2_lib2.final_cell_0333,inDrop2,alpha
human2_lib2.final_cell_0334,inDrop2,beta
human2_lib2.final_cell_0335,inDrop2,delta
human2_lib2.final_cell_0336,inDrop2,beta
human2_lib2.final_cell_0337,inDrop2,alpha
human2_lib2.final_cell_0338,inDrop2,beta
human2_lib2.final_cell_0339,inDrop2,gamma
human2_lib2.final_cell_0340,inDrop2,alpha
human2_lib2.final_cell_0341,inDrop2,alpha
human2_lib2.final_cell_0342,inDrop2,alpha
human2_lib2.final_cell_0343,inDrop2,beta
human2_lib2.final_cell_0344,inDrop2,beta
human2_lib2.final_cell_0345,inDrop2,beta
human2_lib2.final_cell_0346,inDrop2,activated_stellate
human2_lib2.final_cell_0347,inDrop2,endothelial
human2_lib2.final_cell_0348,inDrop2,macrophage
human2_lib2.final_cell_0349,inDrop2,alpha
human2_lib2.final_cell_0350,inDrop2,alpha
human2_lib2.final_cell_0351,inDrop2,gamma
human2_lib2.final_cell_0352,inDrop2,alpha
human2_lib2.final_cell_0353,inDrop2,endothelial
human2_lib2.final_cell_0354,inDrop2,alpha
human2_lib2.final_cell_0355,inDrop2,alpha
human2_lib2.final_cell_0356,inDrop2,alpha
human2_lib2.final_cell_0357,inDrop2,beta
human2_lib2.final_cell_0358,inDrop2,quiescent_stellate
human2_lib2.final_cell_0359,inDrop2,beta
human2_lib2.final_cell_0360,inDrop2,alpha
human2_lib2.final_cell_0361,inDrop2,ductal
human2_lib2.final_cell_0362,inDrop2,ductal
human2_lib2.final_cell_0363,inDrop2,alpha
human2_lib2.final_cell_0364,inDrop2,alpha
human2_lib2.final_cell_0365,inDrop2,ductal
human2_lib2.final_cell_0366,inDrop2,beta
human2_lib2.final_cell_0367,inDrop2,alpha
human2_lib2.final_cell_0368,inDrop2,alpha
human2_lib2.final_cell_0369,inDrop2,ductal
human2_lib2.final_cell_0370,inDrop2,beta
human2_lib2.final_cell_0371,inDrop2,endothelial
human2_lib2.final_cell_0372,inDrop2,alpha
human2_lib2.final_cell_0373,inDrop2,alpha
human2_lib2.final_cell_0374,inDrop2,alpha
human2_lib2.final_cell_0375,inDrop2,activated_stellate
human2_lib2.final_cell_0376,inDrop2,ductal
human2_lib2.final_cell_0377,inDrop2,alpha
human2_lib2.final_cell_0378,inDrop2,gamma
human2_lib2.final_cell_0379,inDrop2,alpha
human2_lib2.final_cell_0380,inDrop2,alpha
human2_lib2.final_cell_0381,inDrop2,ductal
human2_lib2.final_cell_0382,inDrop2,quiescent_stellate
human2_lib2.final_cell_0383,inDrop2,ductal
human2_lib2.final_cell_0384,inDrop2,ductal
human2_lib2.final_cell_0385,inDrop2,alpha
human2_lib2.final_cell_0386,inDrop2,activated_stellate
human2_lib2.final_cell_0387,inDrop2,gamma
human2_lib2.final_cell_0388,inDrop2,ductal
human2_lib2.final_cell_0389,inDrop2,endothelial
human2_lib2.final_cell_0390,inDrop2,alpha
human2_lib2.final_cell_0391,inDrop2,ductal
human2_lib2.final_cell_0392,inDrop2,beta
human2_lib2.final_cell_0393,inDrop2,ductal
human2_lib2.final_cell_0394,inDrop2,macrophage
human2_lib2.final_cell_0395,inDrop2,alpha
human2_lib2.final_cell_0396,inDrop2,alpha
human2_lib2.final_cell_0397,inDrop2,beta
human2_lib2.final_cell_0398,inDrop2,beta
human2_lib2.final_cell_0399,inDrop2,beta
human2_lib2.final_cell_0400,inDrop2,alpha
human2_lib2.final_cell_0401,inDrop2,activated_stellate
human2_lib2.final_cell_0402,inDrop2,alpha
human2_lib2.final_cell_0403,inDrop2,ductal
human2_lib2.final_cell_0404,inDrop2,alpha
human2_lib2.final_cell_0405,inDrop2,alpha
human2_lib2.final_cell_0406,inDrop2,alpha
human2_lib2.final_cell_0407,inDrop2,alpha
human2_lib2.final_cell_0408,inDrop2,gamma
human2_lib2.final_cell_0409,inDrop2,beta
human2_lib2.final_cell_0410,inDrop2,ductal
human2_lib2.final_cell_0411,inDrop2,beta
human2_lib2.final_cell_0412,inDrop2,alpha
human2_lib2.final_cell_0413,inDrop2,beta
human2_lib2.final_cell_0414,inDrop2,alpha
human2_lib2.final_cell_0415,inDrop2,alpha
human2_lib2.final_cell_0416,inDrop2,beta
human2_lib2.final_cell_0417,inDrop2,alpha
human2_lib2.final_cell_0418,inDrop2,alpha
human2_lib2.final_cell_0419,inDrop2,gamma
human2_lib2.final_cell_0420,inDrop2,ductal
human2_lib2.final_cell_0421,inDrop2,beta
human2_lib2.final_cell_0422,inDrop2,alpha
human2_lib2.final_cell_0423,inDrop2,alpha
human2_lib2.final_cell_0424,inDrop2,alpha
human2_lib2.final_cell_0425,inDrop2,alpha
human2_lib2.final_cell_0426,inDrop2,gamma
human2_lib2.final_cell_0427,inDrop2,delta
human2_lib2.final_cell_0428,inDrop2,alpha
human2_lib2.final_cell_0429,inDrop2,activated_stellate
human2_lib2.final_cell_0430,inDrop2,macrophage
human2_lib2.final_cell_0431,inDrop2,beta
human2_lib2.final_cell_0432,inDrop2,beta
human2_lib2.final_cell_0433,inDrop2,alpha
human2_lib2.final_cell_0434,inDrop2,gamma
human2_lib2.final_cell_0435,inDrop2,beta
human2_lib2.final_cell_0436,inDrop2,alpha
human2_lib2.final_cell_0437,inDrop2,alpha
human2_lib2.final_cell_0438,inDrop2,ductal
human2_lib2.final_cell_0439,inDrop2,beta
human2_lib2.final_cell_0440,inDrop2,beta
human2_lib2.final_cell_0441,inDrop2,alpha
human2_lib2.final_cell_0442,inDrop2,alpha
human2_lib2.final_cell_0443,inDrop2,ductal
human2_lib2.final_cell_0444,inDrop2,alpha
human2_lib2.final_cell_0445,inDrop2,alpha
human2_lib2.final_cell_0446,inDrop2,alpha
human2_lib2.final_cell_0447,inDrop2,alpha
human2_lib2.final_cell_0448,inDrop2,activated_stellate
human2_lib2.final_cell_0449,inDrop2,alpha
human2_lib2.final_cell_0450,inDrop2,alpha
human2_lib2.final_cell_0451,inDrop2,alpha
human2_lib2.final_cell_0452,inDrop2,alpha
human2_lib2.final_cell_0453,inDrop2,gamma
human2_lib2.final_cell_0454,inDrop2,beta
human2_lib2.final_cell_0455,inDrop2,alpha
human2_lib2.final_cell_0456,inDrop2,alpha
human2_lib2.final_cell_0457,inDrop2,alpha
human2_lib2.final_cell_0458,inDrop2,beta
human2_lib2.final_cell_0459,inDrop2,beta
human2_lib2.final_cell_0460,inDrop2,alpha
human2_lib2.final_cell_0461,inDrop2,alpha
human2_lib2.final_cell_0462,inDrop2,quiescent_stellate
human2_lib2.final_cell_0463,inDrop2,ductal
human2_lib2.final_cell_0464,inDrop2,alpha
human2_lib2.final_cell_0465,inDrop2,beta
human2_lib2.final_cell_0466,inDrop2,alpha
human2_lib2.final_cell_0467,inDrop2,beta
human2_lib2.final_cell_0468,inDrop2,ductal
human2_lib2.final_cell_0469,inDrop2,beta
human2_lib2.final_cell_0470,inDrop2,alpha
human2_lib2.final_cell_0471,inDrop2,alpha
human2_lib2.final_cell_0472,inDrop2,gamma
human2_lib2.final_cell_0473,inDrop2,alpha
human2_lib2.final_cell_0474,inDrop2,alpha
human2_lib2.final_cell_0475,inDrop2,beta
human2_lib2.final_cell_0476,inDrop2,activated_stellate
human2_lib2.final_cell_0477,inDrop2,alpha
human2_lib2.final_cell_0478,inDrop2,endothelial
human2_lib2.final_cell_0479,inDrop2,alpha
human2_lib2.final_cell_0480,inDrop2,alpha
human2_lib2.final_cell_0481,inDrop2,alpha
human2_lib2.final_cell_0482,inDrop2,alpha
human2_lib2.final_cell_0483,inDrop2,beta
human2_lib2.final_cell_0484,inDrop2,alpha
human2_lib2.final_cell_0485,inDrop2,beta
human2_lib2.final_cell_0486,inDrop2,alpha
human2_lib2.final_cell_0487,inDrop2,alpha
human2_lib2.final_cell_0488,inDrop2,gamma
human2_lib2.final_cell_0489,inDrop2,alpha
human2_lib2.final_cell_0490,inDrop2,alpha
human2_lib2.final_cell_0491,inDrop2,alpha
human2_lib2.final_cell_0492,inDrop2,alpha
human2_lib2.final_cell_0493,inDrop2,alpha
human2_lib2.final_cell_0494,inDrop2,alpha
human2_lib2.final_cell_0495,inDrop2,alpha
human2_lib2.final_cell_0496,inDrop2,beta
human2_lib2.final_cell_0497,inDrop2,alpha
human2_lib2.final_cell_0498,inDrop2,alpha
human2_lib2.final_cell_0499,inDrop2,ductal
human2_lib2.final_cell_0500,inDrop2,activated_stellate
human2_lib2.final_cell_0501,inDrop2,ductal
human2_lib2.final_cell_0502,inDrop2,alpha
human2_lib2.final_cell_0503,inDrop2,alpha
human2_lib2.final_cell_0504,inDrop2,mast
human2_lib2.final_cell_0505,inDrop2,alpha
human2_lib2.final_cell_0506,inDrop2,alpha
human2_lib2.final_cell_0507,inDrop2,beta
human2_lib2.final_cell_0508,inDrop2,beta
human2_lib2.final_cell_0509,inDrop2,beta
human2_lib2.final_cell_0510,inDrop2,ductal
human2_lib2.final_cell_0511,inDrop2,beta
human2_lib2.final_cell_0512,inDrop2,alpha
human2_lib2.final_cell_0513,inDrop2,beta
human2_lib2.final_cell_0514,inDrop2,ductal
human2_lib2.final_cell_0515,inDrop2,alpha
human2_lib2.final_cell_0516,inDrop2,schwann
human2_lib2.final_cell_0517,inDrop2,alpha
human2_lib2.final_cell_0518,inDrop2,alpha
human2_lib2.final_cell_0519,inDrop2,beta
human2_lib2.final_cell_0520,inDrop2,gamma
human2_lib2.final_cell_0521,inDrop2,beta
human2_lib2.final_cell_0522,inDrop2,ductal
human2_lib2.final_cell_0523,inDrop2,ductal
human2_lib2.final_cell_0524,inDrop2,alpha
human2_lib2.final_cell_0525,inDrop2,gamma
human2_lib2.final_cell_0526,inDrop2,mast
human2_lib2.final_cell_0527,inDrop2,gamma
human2_lib2.final_cell_0528,inDrop2,mast
human2_lib2.final_cell_0529,inDrop2,alpha
human2_lib2.final_cell_0530,inDrop2,ductal
human2_lib2.final_cell_0531,inDrop2,gamma
human2_lib2.final_cell_0532,inDrop2,alpha
human2_lib2.final_cell_0533,inDrop2,alpha
human2_lib2.final_cell_0534,inDrop2,alpha
human2_lib2.final_cell_0535,inDrop2,alpha
human2_lib2.final_cell_0536,inDrop2,ductal
human2_lib2.final_cell_0537,inDrop2,alpha
human2_lib2.final_cell_0538,inDrop2,alpha
human2_lib2.final_cell_0539,inDrop2,alpha
human2_lib2.final_cell_0540,inDrop2,mast
human2_lib2.final_cell_0541,inDrop2,alpha
human2_lib2.final_cell_0542,inDrop2,alpha
human2_lib2.final_cell_0543,inDrop2,quiescent_stellate
human2_lib2.final_cell_0544,inDrop2,beta
human2_lib2.final_cell_0545,inDrop2,alpha
human2_lib2.final_cell_0546,inDrop2,beta
human2_lib2.final_cell_0547,inDrop2,alpha
human2_lib2.final_cell_0548,inDrop2,alpha
human2_lib2.final_cell_0549,inDrop2,gamma
human2_lib2.final_cell_0550,inDrop2,gamma
human2_lib2.final_cell_0551,inDrop2,ductal
human2_lib2.final_cell_0552,inDrop2,alpha
human2_lib2.final_cell_0553,inDrop2,activated_stellate
human2_lib2.final_cell_0554,inDrop2,alpha
human2_lib2.final_cell_0555,inDrop2,ductal
human2_lib2.final_cell_0556,inDrop2,delta
human2_lib2.final_cell_0557,inDrop2,alpha
human2_lib2.final_cell_0558,inDrop2,alpha
human2_lib2.final_cell_0559,inDrop2,activated_stellate
human2_lib2.final_cell_0560,inDrop2,beta
human2_lib2.final_cell_0561,inDrop2,alpha
human2_lib2.final_cell_0562,inDrop2,quiescent_stellate
human2_lib2.final_cell_0563,inDrop2,ductal
human2_lib2.final_cell_0564,inDrop2,alpha
human2_lib2.final_cell_0565,inDrop2,quiescent_stellate
human2_lib2.final_cell_0566,inDrop2,ductal
human2_lib2.final_cell_0567,inDrop2,alpha
human2_lib2.final_cell_0568,inDrop2,activated_stellate
human2_lib2.final_cell_0569,inDrop2,beta
human2_lib2.final_cell_0570,inDrop2,beta
human2_lib2.final_cell_0571,inDrop2,activated_stellate
human2_lib2.final_cell_0572,inDrop2,alpha
human2_lib2.final_cell_0573,inDrop2,alpha
human2_lib2.final_cell_0574,inDrop2,ductal
human2_lib2.final_cell_0575,inDrop2,beta
human2_lib2.final_cell_0576,inDrop2,beta
human2_lib2.final_cell_0577,inDrop2,alpha
human2_lib2.final_cell_0578,inDrop2,schwann
human2_lib2.final_cell_0579,inDrop2,gamma
human2_lib2.final_cell_0580,inDrop2,ductal
human2_lib2.final_cell_0581,inDrop2,alpha
human2_lib2.final_cell_0582,inDrop2,t_cell
human2_lib2.final_cell_0583,inDrop2,schwann
human2_lib2.final_cell_0584,inDrop2,beta
human2_lib2.final_cell_0585,inDrop2,gamma
human2_lib2.final_cell_0586,inDrop2,beta
human2_lib2.final_cell_0587,inDrop2,beta
human2_lib2.final_cell_0588,inDrop2,beta
human2_lib2.final_cell_0589,inDrop2,beta
human2_lib2.final_cell_0590,inDrop2,t_cell
human2_lib2.final_cell_0591,inDrop2,beta
human2_lib2.final_cell_0592,inDrop2,beta
human2_lib2.final_cell_0593,inDrop2,alpha
human2_lib2.final_cell_0594,inDrop2,beta
human2_lib2.final_cell_0595,inDrop2,alpha
human2_lib2.final_cell_0596,inDrop2,ductal
human2_lib2.final_cell_0597,inDrop2,beta
human2_lib2.final_cell_0598,inDrop2,alpha
human2_lib2.final_cell_0599,inDrop2,ductal
human2_lib2.final_cell_0600,inDrop2,alpha
human2_lib3.final_cell_0001,inDrop2,beta
human2_lib3.final_cell_0002,inDrop2,delta
human2_lib3.final_cell_0003,inDrop2,delta
human2_lib3.final_cell_0004,inDrop2,beta
human2_lib3.final_cell_0005,inDrop2,ductal
human2_lib3.final_cell_0006,inDrop2,alpha
human2_lib3.final_cell_0007,inDrop2,beta
human2_lib3.final_cell_0008,inDrop2,ductal
human2_lib3.final_cell_0009,inDrop2,alpha
human2_lib3.final_cell_0010,inDrop2,delta
human2_lib3.final_cell_0011,inDrop2,ductal
human2_lib3.final_cell_0012,inDrop2,alpha
human2_lib3.final_cell_0013,inDrop2,ductal
human2_lib3.final_cell_0014,inDrop2,delta
human2_lib3.final_cell_0015,inDrop2,ductal
human2_lib3.final_cell_0016,inDrop2,alpha
human2_lib3.final_cell_0017,inDrop2,ductal
human2_lib3.final_cell_0018,inDrop2,ductal
human2_lib3.final_cell_0019,inDrop2,delta
human2_lib3.final_cell_0020,inDrop2,delta
human2_lib3.final_cell_0021,inDrop2,alpha
human2_lib3.final_cell_0022,inDrop2,beta
human2_lib3.final_cell_0023,inDrop2,delta
human2_lib3.final_cell_0024,inDrop2,delta
human2_lib3.final_cell_0025,inDrop2,beta
human2_lib3.final_cell_0026,inDrop2,delta
human2_lib3.final_cell_0027,inDrop2,ductal
human2_lib3.final_cell_0028,inDrop2,ductal
human2_lib3.final_cell_0029,inDrop2,ductal
human2_lib3.final_cell_0030,inDrop2,ductal
human2_lib3.final_cell_0031,inDrop2,delta
human2_lib3.final_cell_0032,inDrop2,alpha
human2_lib3.final_cell_0033,inDrop2,delta
human2_lib3.final_cell_0034,inDrop2,alpha
human2_lib3.final_cell_0035,inDrop2,beta
human2_lib3.final_cell_0036,inDrop2,ductal
human2_lib3.final_cell_0037,inDrop2,epsilon
human2_lib3.final_cell_0038,inDrop2,alpha
human2_lib3.final_cell_0039,inDrop2,delta
human2_lib3.final_cell_0040,inDrop2,alpha
human2_lib3.final_cell_0041,inDrop2,delta
human2_lib3.final_cell_0042,inDrop2,alpha
human2_lib3.final_cell_0043,inDrop2,delta
human2_lib3.final_cell_0044,inDrop2,activated_stellate
human2_lib3.final_cell_0045,inDrop2,alpha
human2_lib3.final_cell_0046,inDrop2,alpha
human2_lib3.final_cell_0047,inDrop2,delta
human2_lib3.final_cell_0048,inDrop2,delta
human2_lib3.final_cell_0049,inDrop2,beta
human2_lib3.final_cell_0050,inDrop2,beta
human2_lib3.final_cell_0051,inDrop2,alpha
human2_lib3.final_cell_0052,inDrop2,alpha
human2_lib3.final_cell_0053,inDrop2,beta
human2_lib3.final_cell_0054,inDrop2,delta
human2_lib3.final_cell_0055,inDrop2,alpha
human2_lib3.final_cell_0056,inDrop2,alpha
human2_lib3.final_cell_0057,inDrop2,activated_stellate
human2_lib3.final_cell_0058,inDrop2,ductal
human2_lib3.final_cell_0059,inDrop2,alpha
human2_lib3.final_cell_0060,inDrop2,beta
human2_lib3.final_cell_0061,inDrop2,alpha
human2_lib3.final_cell_0062,inDrop2,activated_stellate
human2_lib3.final_cell_0063,inDrop2,alpha
human2_lib3.final_cell_0064,inDrop2,ductal
human2_lib3.final_cell_0065,inDrop2,alpha
human2_lib3.final_cell_0066,inDrop2,acinar
human2_lib3.final_cell_0067,inDrop2,alpha
human2_lib3.final_cell_0068,inDrop2,beta
human2_lib3.final_cell_0069,inDrop2,delta
human2_lib3.final_cell_0070,inDrop2,alpha
human2_lib3.final_cell_0071,inDrop2,alpha
human2_lib3.final_cell_0072,inDrop2,alpha
human2_lib3.final_cell_0073,inDrop2,alpha
human2_lib3.final_cell_0074,inDrop2,alpha
human2_lib3.final_cell_0075,inDrop2,alpha
human2_lib3.final_cell_0076,inDrop2,macrophage
human2_lib3.final_cell_0077,inDrop2,macrophage
human2_lib3.final_cell_0078,inDrop2,ductal
human2_lib3.final_cell_0079,inDrop2,beta
human2_lib3.final_cell_0080,inDrop2,ductal
human2_lib3.final_cell_0081,inDrop2,ductal
human2_lib3.final_cell_0082,inDrop2,alpha
human2_lib3.final_cell_0083,inDrop2,alpha
human2_lib3.final_cell_0084,inDrop2,alpha
human2_lib3.final_cell_0085,inDrop2,alpha
human2_lib3.final_cell_0086,inDrop2,ductal
human2_lib3.final_cell_0087,inDrop2,delta
human2_lib3.final_cell_0088,inDrop2,delta
human2_lib3.final_cell_0089,inDrop2,beta
human2_lib3.final_cell_0090,inDrop2,alpha
human2_lib3.final_cell_0091,inDrop2,ductal
human2_lib3.final_cell_0092,inDrop2,ductal
human2_lib3.final_cell_0093,inDrop2,beta
human2_lib3.final_cell_0094,inDrop2,alpha
human2_lib3.final_cell_0095,inDrop2,delta
human2_lib3.final_cell_0096,inDrop2,beta
human2_lib3.final_cell_0097,inDrop2,quiescent_stellate
human2_lib3.final_cell_0098,inDrop2,delta
human2_lib3.final_cell_0099,inDrop2,quiescent_stellate
human2_lib3.final_cell_0100,inDrop2,activated_stellate
human2_lib3.final_cell_0101,inDrop2,alpha
human2_lib3.final_cell_0102,inDrop2,activated_stellate
human2_lib3.final_cell_0103,inDrop2,ductal
human2_lib3.final_cell_0104,inDrop2,alpha
human2_lib3.final_cell_0105,inDrop2,alpha
human2_lib3.final_cell_0106,inDrop2,beta
human2_lib3.final_cell_0107,inDrop2,beta
human2_lib3.final_cell_0108,inDrop2,activated_stellate
human2_lib3.final_cell_0109,inDrop2,beta
human2_lib3.final_cell_0110,inDrop2,beta
human2_lib3.final_cell_0111,inDrop2,ductal
human2_lib3.final_cell_0112,inDrop2,ductal
human2_lib3.final_cell_0113,inDrop2,alpha
human2_lib3.final_cell_0114,inDrop2,ductal
human2_lib3.final_cell_0115,inDrop2,ductal
human2_lib3.final_cell_0116,inDrop2,alpha
human2_lib3.final_cell_0117,inDrop2,activated_stellate
human2_lib3.final_cell_0118,inDrop2,alpha
human2_lib3.final_cell_0119,inDrop2,ductal
human2_lib3.final_cell_0120,inDrop2,beta
human2_lib3.final_cell_0121,inDrop2,beta
human2_lib3.final_cell_0122,inDrop2,alpha
human2_lib3.final_cell_0123,inDrop2,delta
human2_lib3.final_cell_0124,inDrop2,activated_stellate
human2_lib3.final_cell_0125,inDrop2,ductal
human2_lib3.final_cell_0126,inDrop2,beta
human2_lib3.final_cell_0127,inDrop2,alpha
human2_lib3.final_cell_0128,inDrop2,alpha
human2_lib3.final_cell_0129,inDrop2,alpha
human2_lib3.final_cell_0130,inDrop2,alpha
human2_lib3.final_cell_0131,inDrop2,activated_stellate
human2_lib3.final_cell_0132,inDrop2,beta
human2_lib3.final_cell_0133,inDrop2,beta
human2_lib3.final_cell_0134,inDrop2,beta
human2_lib3.final_cell_0135,inDrop2,alpha
human2_lib3.final_cell_0136,inDrop2,beta
human2_lib3.final_cell_0137,inDrop2,delta
human2_lib3.final_cell_0138,inDrop2,alpha
human2_lib3.final_cell_0139,inDrop2,alpha
human2_lib3.final_cell_0140,inDrop2,alpha
human2_lib3.final_cell_0141,inDrop2,beta
human2_lib3.final_cell_0142,inDrop2,alpha
human2_lib3.final_cell_0143,inDrop2,alpha
human2_lib3.final_cell_0144,inDrop2,ductal
human2_lib3.final_cell_0145,inDrop2,beta
human2_lib3.final_cell_0146,inDrop2,alpha
human2_lib3.final_cell_0147,inDrop2,macrophage
human2_lib3.final_cell_0148,inDrop2,ductal
human2_lib3.final_cell_0149,inDrop2,delta
human2_lib3.final_cell_0150,inDrop2,alpha
human2_lib3.final_cell_0151,inDrop2,beta
human2_lib3.final_cell_0152,inDrop2,alpha
human2_lib3.final_cell_0153,inDrop2,alpha
human2_lib3.final_cell_0154,inDrop2,alpha
human2_lib3.final_cell_0155,inDrop2,activated_stellate
human2_lib3.final_cell_0156,inDrop2,ductal
human2_lib3.final_cell_0157,inDrop2,alpha
human2_lib3.final_cell_0158,inDrop2,ductal
human2_lib3.final_cell_0159,inDrop2,delta
human2_lib3.final_cell_0160,inDrop2,beta
human2_lib3.final_cell_0161,inDrop2,delta
human2_lib3.final_cell_0162,inDrop2,ductal
human2_lib3.final_cell_0163,inDrop2,alpha
human2_lib3.final_cell_0164,inDrop2,alpha
human2_lib3.final_cell_0165,inDrop2,beta
human2_lib3.final_cell_0166,inDrop2,activated_stellate
human2_lib3.final_cell_0167,inDrop2,ductal
human2_lib3.final_cell_0168,inDrop2,ductal
human2_lib3.final_cell_0169,inDrop2,ductal
human2_lib3.final_cell_0170,inDrop2,ductal
human2_lib3.final_cell_0171,inDrop2,alpha
human2_lib3.final_cell_0172,inDrop2,delta
human2_lib3.final_cell_0173,inDrop2,ductal
human2_lib3.final_cell_0174,inDrop2,alpha
human2_lib3.final_cell_0175,inDrop2,alpha
human2_lib3.final_cell_0176,inDrop2,alpha
human2_lib3.final_cell_0177,inDrop2,alpha
human2_lib3.final_cell_0178,inDrop2,alpha
human2_lib3.final_cell_0179,inDrop2,beta
human2_lib3.final_cell_0180,inDrop2,alpha
human2_lib3.final_cell_0181,inDrop2,alpha
human2_lib3.final_cell_0182,inDrop2,alpha
human2_lib3.final_cell_0183,inDrop2,activated_stellate
human2_lib3.final_cell_0184,inDrop2,alpha
human2_lib3.final_cell_0185,inDrop2,beta
human2_lib3.final_cell_0186,inDrop2,alpha
human2_lib3.final_cell_0187,inDrop2,ductal
human2_lib3.final_cell_0188,inDrop2,alpha
human2_lib3.final_cell_0189,inDrop2,alpha
human2_lib3.final_cell_0190,inDrop2,alpha
human2_lib3.final_cell_0191,inDrop2,ductal
human2_lib3.final_cell_0192,inDrop2,alpha
human2_lib3.final_cell_0193,inDrop2,alpha
human2_lib3.final_cell_0194,inDrop2,acinar
human2_lib3.final_cell_0195,inDrop2,beta
human2_lib3.final_cell_0196,inDrop2,ductal
human2_lib3.final_cell_0197,inDrop2,beta
human2_lib3.final_cell_0198,inDrop2,ductal
human2_lib3.final_cell_0199,inDrop2,alpha
human2_lib3.final_cell_0200,inDrop2,beta
human2_lib3.final_cell_0201,inDrop2,alpha
human2_lib3.final_cell_0202,inDrop2,delta
human2_lib3.final_cell_0203,inDrop2,alpha
human2_lib3.final_cell_0204,inDrop2,ductal
human2_lib3.final_cell_0205,inDrop2,alpha
human2_lib3.final_cell_0206,inDrop2,alpha
human2_lib3.final_cell_0207,inDrop2,alpha
human2_lib3.final_cell_0208,inDrop2,endothelial
human2_lib3.final_cell_0209,inDrop2,ductal
human2_lib3.final_cell_0210,inDrop2,delta
human2_lib3.final_cell_0211,inDrop2,beta
human2_lib3.final_cell_0212,inDrop2,alpha
human2_lib3.final_cell_0213,inDrop2,alpha
human2_lib3.final_cell_0214,inDrop2,alpha
human2_lib3.final_cell_0215,inDrop2,beta
human2_lib3.final_cell_0216,inDrop2,alpha
human2_lib3.final_cell_0217,inDrop2,ductal
human2_lib3.final_cell_0218,inDrop2,alpha
human2_lib3.final_cell_0219,inDrop2,alpha
human2_lib3.final_cell_0220,inDrop2,beta
human2_lib3.final_cell_0221,inDrop2,alpha
human2_lib3.final_cell_0222,inDrop2,alpha
human2_lib3.final_cell_0223,inDrop2,delta
human2_lib3.final_cell_0224,inDrop2,alpha
human2_lib3.final_cell_0225,inDrop2,alpha
human2_lib3.final_cell_0226,inDrop2,delta
human2_lib3.final_cell_0227,inDrop2,activated_stellate
human2_lib3.final_cell_0228,inDrop2,alpha
human2_lib3.final_cell_0229,inDrop2,ductal
human2_lib3.final_cell_0230,inDrop2,quiescent_stellate
human2_lib3.final_cell_0231,inDrop2,alpha
human2_lib3.final_cell_0232,inDrop2,alpha
human2_lib3.final_cell_0233,inDrop2,ductal
human2_lib3.final_cell_0234,inDrop2,beta
human2_lib3.final_cell_0235,inDrop2,beta
human2_lib3.final_cell_0236,inDrop2,alpha
human2_lib3.final_cell_0237,inDrop2,ductal
human2_lib3.final_cell_0238,inDrop2,ductal
human2_lib3.final_cell_0239,inDrop2,gamma
human2_lib3.final_cell_0240,inDrop2,activated_stellate
human2_lib3.final_cell_0241,inDrop2,alpha
human2_lib3.final_cell_0242,inDrop2,alpha
human2_lib3.final_cell_0243,inDrop2,delta
human2_lib3.final_cell_0244,inDrop2,beta
human2_lib3.final_cell_0245,inDrop2,alpha
human2_lib3.final_cell_0246,inDrop2,beta
human2_lib3.final_cell_0247,inDrop2,activated_stellate
human2_lib3.final_cell_0248,inDrop2,beta
human2_lib3.final_cell_0249,inDrop2,delta
human2_lib3.final_cell_0250,inDrop2,delta
human2_lib3.final_cell_0251,inDrop2,quiescent_stellate
human2_lib3.final_cell_0252,inDrop2,delta
human2_lib3.final_cell_0253,inDrop2,beta
human2_lib3.final_cell_0254,inDrop2,ductal
human2_lib3.final_cell_0255,inDrop2,alpha
human2_lib3.final_cell_0256,inDrop2,beta
human2_lib3.final_cell_0257,inDrop2,beta
human2_lib3.final_cell_0258,inDrop2,alpha
human2_lib3.final_cell_0259,inDrop2,alpha
human2_lib3.final_cell_0260,inDrop2,delta
human2_lib3.final_cell_0261,inDrop2,beta
human2_lib3.final_cell_0262,inDrop2,alpha
human2_lib3.final_cell_0263,inDrop2,gamma
human2_lib3.final_cell_0264,inDrop2,alpha
human2_lib3.final_cell_0265,inDrop2,activated_stellate
human2_lib3.final_cell_0266,inDrop2,beta
human2_lib3.final_cell_0267,inDrop2,alpha
human2_lib3.final_cell_0268,inDrop2,ductal
human2_lib3.final_cell_0269,inDrop2,ductal
human2_lib3.final_cell_0270,inDrop2,beta
human2_lib3.final_cell_0271,inDrop2,macrophage
human2_lib3.final_cell_0272,inDrop2,beta
human2_lib3.final_cell_0273,inDrop2,activated_stellate
human2_lib3.final_cell_0274,inDrop2,ductal
human2_lib3.final_cell_0275,inDrop2,beta
human2_lib3.final_cell_0276,inDrop2,alpha
human2_lib3.final_cell_0277,inDrop2,alpha
human2_lib3.final_cell_0278,inDrop2,alpha
human2_lib3.final_cell_0279,inDrop2,activated_stellate
human2_lib3.final_cell_0280,inDrop2,activated_stellate
human2_lib3.final_cell_0281,inDrop2,ductal
human2_lib3.final_cell_0282,inDrop2,alpha
human2_lib3.final_cell_0283,inDrop2,alpha
human2_lib3.final_cell_0284,inDrop2,beta
human2_lib3.final_cell_0285,inDrop2,alpha
human2_lib3.final_cell_0286,inDrop2,alpha
human2_lib3.final_cell_0287,inDrop2,alpha
human2_lib3.final_cell_0288,inDrop2,delta
human2_lib3.final_cell_0289,inDrop2,activated_stellate
human2_lib3.final_cell_0290,inDrop2,beta
human2_lib3.final_cell_0291,inDrop2,beta
human2_lib3.final_cell_0292,inDrop2,endothelial
human2_lib3.final_cell_0293,inDrop2,beta
human2_lib3.final_cell_0294,inDrop2,alpha
human2_lib3.final_cell_0295,inDrop2,alpha
human2_lib3.final_cell_0296,inDrop2,alpha
human2_lib3.final_cell_0297,inDrop2,ductal
human2_lib3.final_cell_0298,inDrop2,ductal
human2_lib3.final_cell_0299,inDrop2,alpha
human2_lib3.final_cell_0300,inDrop2,beta
human2_lib3.final_cell_0301,inDrop2,beta
human2_lib3.final_cell_0302,inDrop2,alpha
human2_lib3.final_cell_0303,inDrop2,beta
human2_lib3.final_cell_0304,inDrop2,alpha
human2_lib3.final_cell_0305,inDrop2,endothelial
human2_lib3.final_cell_0306,inDrop2,delta
human2_lib3.final_cell_0307,inDrop2,beta
human2_lib3.final_cell_0308,inDrop2,ductal
human2_lib3.final_cell_0309,inDrop2,alpha
human2_lib3.final_cell_0310,inDrop2,quiescent_stellate
human2_lib3.final_cell_0311,inDrop2,delta
human2_lib3.final_cell_0312,inDrop2,ductal
human2_lib3.final_cell_0313,inDrop2,beta
human2_lib3.final_cell_0314,inDrop2,delta
human2_lib3.final_cell_0315,inDrop2,ductal
human2_lib3.final_cell_0316,inDrop2,alpha
human2_lib3.final_cell_0317,inDrop2,delta
human2_lib3.final_cell_0318,inDrop2,ductal
human2_lib3.final_cell_0319,inDrop2,beta
human2_lib3.final_cell_0320,inDrop2,beta
human2_lib3.final_cell_0321,inDrop2,alpha
human2_lib3.final_cell_0322,inDrop2,beta
human2_lib3.final_cell_0323,inDrop2,ductal
human2_lib3.final_cell_0324,inDrop2,beta
human2_lib3.final_cell_0325,inDrop2,alpha
human2_lib3.final_cell_0326,inDrop2,alpha
human2_lib3.final_cell_0327,inDrop2,ductal
human2_lib3.final_cell_0328,inDrop2,ductal
human2_lib3.final_cell_0329,inDrop2,alpha
human2_lib3.final_cell_0330,inDrop2,gamma
human2_lib3.final_cell_0331,inDrop2,delta
human2_lib3.final_cell_0332,inDrop2,ductal
human2_lib3.final_cell_0333,inDrop2,alpha
human2_lib3.final_cell_0334,inDrop2,beta
human2_lib3.final_cell_0335,inDrop2,ductal
human2_lib3.final_cell_0336,inDrop2,alpha
human2_lib3.final_cell_0337,inDrop2,alpha
human2_lib3.final_cell_0338,inDrop2,gamma
human2_lib3.final_cell_0339,inDrop2,alpha
human2_lib3.final_cell_0340,inDrop2,alpha
human2_lib3.final_cell_0341,inDrop2,ductal
human2_lib3.final_cell_0342,inDrop2,gamma
human2_lib3.final_cell_0343,inDrop2,alpha
human2_lib3.final_cell_0344,inDrop2,alpha
human2_lib3.final_cell_0345,inDrop2,alpha
human2_lib3.final_cell_0346,inDrop2,delta
human2_lib3.final_cell_0347,inDrop2,gamma
human2_lib3.final_cell_0348,inDrop2,alpha
human2_lib3.final_cell_0349,inDrop2,endothelial
human2_lib3.final_cell_0350,inDrop2,delta
human2_lib3.final_cell_0351,inDrop2,alpha
human2_lib3.final_cell_0352,inDrop2,ductal
human2_lib3.final_cell_0353,inDrop2,gamma
human2_lib3.final_cell_0354,inDrop2,activated_stellate
human2_lib3.final_cell_0355,inDrop2,beta
human2_lib3.final_cell_0356,inDrop2,ductal
human2_lib3.final_cell_0357,inDrop2,activated_stellate
human2_lib3.final_cell_0358,inDrop2,gamma
human2_lib3.final_cell_0359,inDrop2,alpha
human2_lib3.final_cell_0360,inDrop2,beta
human2_lib3.final_cell_0361,inDrop2,gamma
human2_lib3.final_cell_0362,inDrop2,alpha
human2_lib3.final_cell_0363,inDrop2,gamma
human2_lib3.final_cell_0364,inDrop2,alpha
human2_lib3.final_cell_0365,inDrop2,alpha
human2_lib3.final_cell_0366,inDrop2,beta
human2_lib3.final_cell_0367,inDrop2,ductal
human2_lib3.final_cell_0368,inDrop2,alpha
human2_lib3.final_cell_0369,inDrop2,ductal
human2_lib3.final_cell_0370,inDrop2,delta
human2_lib3.final_cell_0371,inDrop2,ductal
human2_lib3.final_cell_0372,inDrop2,alpha
human2_lib3.final_cell_0373,inDrop2,alpha
human2_lib3.final_cell_0374,inDrop2,beta
human2_lib3.final_cell_0375,inDrop2,alpha
human2_lib3.final_cell_0376,inDrop2,beta
human2_lib3.final_cell_0377,inDrop2,alpha
human2_lib3.final_cell_0378,inDrop2,ductal
human2_lib3.final_cell_0379,inDrop2,gamma
human2_lib3.final_cell_0380,inDrop2,alpha
human2_lib3.final_cell_0381,inDrop2,alpha
human2_lib3.final_cell_0382,inDrop2,alpha
human2_lib3.final_cell_0383,inDrop2,ductal
human2_lib3.final_cell_0384,inDrop2,alpha
human2_lib3.final_cell_0385,inDrop2,gamma
human2_lib3.final_cell_0386,inDrop2,quiescent_stellate
human2_lib3.final_cell_0387,inDrop2,beta
human2_lib3.final_cell_0388,inDrop2,ductal
human2_lib3.final_cell_0389,inDrop2,alpha
human2_lib3.final_cell_0390,inDrop2,alpha
human2_lib3.final_cell_0391,inDrop2,alpha
human2_lib3.final_cell_0392,inDrop2,ductal
human2_lib3.final_cell_0393,inDrop2,alpha
human2_lib3.final_cell_0394,inDrop2,beta
human2_lib3.final_cell_0395,inDrop2,ductal
human2_lib3.final_cell_0396,inDrop2,alpha
human2_lib3.final_cell_0397,inDrop2,beta
human2_lib3.final_cell_0398,inDrop2,alpha
human2_lib3.final_cell_0399,inDrop2,gamma
human2_lib3.final_cell_0400,inDrop2,gamma
human2_lib3.final_cell_0401,inDrop2,alpha
human2_lib3.final_cell_0402,inDrop2,beta
human2_lib3.final_cell_0403,inDrop2,alpha
human2_lib3.final_cell_0404,inDrop2,alpha
human2_lib3.final_cell_0405,inDrop2,beta
human2_lib3.final_cell_0406,inDrop2,alpha
human2_lib3.final_cell_0407,inDrop2,alpha
human2_lib3.final_cell_0408,inDrop2,gamma
human2_lib3.final_cell_0409,inDrop2,alpha
human2_lib3.final_cell_0410,inDrop2,delta
human2_lib3.final_cell_0411,inDrop2,alpha
human2_lib3.final_cell_0412,inDrop2,alpha
human2_lib3.final_cell_0413,inDrop2,beta
human2_lib3.final_cell_0414,inDrop2,beta
human2_lib3.final_cell_0415,inDrop2,alpha
human2_lib3.final_cell_0416,inDrop2,alpha
human2_lib3.final_cell_0417,inDrop2,endothelial
human2_lib3.final_cell_0418,inDrop2,ductal
human2_lib3.final_cell_0419,inDrop2,gamma
human2_lib3.final_cell_0420,inDrop2,alpha
human2_lib3.final_cell_0421,inDrop2,endothelial
human2_lib3.final_cell_0422,inDrop2,ductal
human2_lib3.final_cell_0423,inDrop2,gamma
human2_lib3.final_cell_0424,inDrop2,delta
human2_lib3.final_cell_0425,inDrop2,gamma
human2_lib3.final_cell_0426,inDrop2,alpha
human2_lib3.final_cell_0427,inDrop2,ductal
human2_lib3.final_cell_0428,inDrop2,quiescent_stellate
human2_lib3.final_cell_0429,inDrop2,quiescent_stellate
human2_lib3.final_cell_0430,inDrop2,beta
human2_lib3.final_cell_0431,inDrop2,beta
human2_lib3.final_cell_0432,inDrop2,gamma
human2_lib3.final_cell_0433,inDrop2,beta
human2_lib3.final_cell_0434,inDrop2,alpha
human2_lib3.final_cell_0435,inDrop2,ductal
human2_lib3.final_cell_0436,inDrop2,beta
human2_lib3.final_cell_0437,inDrop2,beta
human2_lib3.final_cell_0438,inDrop2,delta
human2_lib3.final_cell_0439,inDrop2,gamma
human2_lib3.final_cell_0440,inDrop2,ductal
human2_lib3.final_cell_0441,inDrop2,alpha
human2_lib3.final_cell_0442,inDrop2,alpha
human2_lib3.final_cell_0443,inDrop2,delta
human2_lib3.final_cell_0444,inDrop2,alpha
human2_lib3.final_cell_0445,inDrop2,ductal
human2_lib3.final_cell_0446,inDrop2,beta
human2_lib3.final_cell_0447,inDrop2,beta
human2_lib3.final_cell_0448,inDrop2,ductal
human2_lib3.final_cell_0449,inDrop2,alpha
human2_lib3.final_cell_0450,inDrop2,ductal
human2_lib3.final_cell_0451,inDrop2,beta
human2_lib3.final_cell_0452,inDrop2,alpha
human2_lib3.final_cell_0453,inDrop2,alpha
human2_lib3.final_cell_0454,inDrop2,alpha
human2_lib3.final_cell_0455,inDrop2,gamma
human2_lib3.final_cell_0456,inDrop2,alpha
human2_lib3.final_cell_0457,inDrop2,delta
human2_lib3.final_cell_0458,inDrop2,alpha
human2_lib3.final_cell_0459,inDrop2,beta
human2_lib3.final_cell_0460,inDrop2,ductal
human2_lib3.final_cell_0461,inDrop2,alpha
human2_lib3.final_cell_0462,inDrop2,alpha
human2_lib3.final_cell_0463,inDrop2,beta
human2_lib3.final_cell_0464,inDrop2,alpha
human2_lib3.final_cell_0465,inDrop2,beta
human2_lib3.final_cell_0466,inDrop2,beta
human2_lib3.final_cell_0467,inDrop2,ductal
human2_lib3.final_cell_0468,inDrop2,ductal
human2_lib3.final_cell_0469,inDrop2,alpha
human2_lib3.final_cell_0470,inDrop2,gamma
human2_lib3.final_cell_0471,inDrop2,alpha
human2_lib3.final_cell_0472,inDrop2,alpha
human2_lib3.final_cell_0473,inDrop2,ductal
human2_lib3.final_cell_0474,inDrop2,ductal
human2_lib3.final_cell_0475,inDrop2,beta
human2_lib3.final_cell_0476,inDrop2,alpha
human2_lib3.final_cell_0477,inDrop2,gamma
human2_lib3.final_cell_0478,inDrop2,ductal
human2_lib3.final_cell_0479,inDrop2,beta
human2_lib3.final_cell_0480,inDrop2,ductal
human2_lib3.final_cell_0481,inDrop2,beta
human2_lib3.final_cell_0482,inDrop2,alpha
human2_lib3.final_cell_0483,inDrop2,alpha
human2_lib3.final_cell_0484,inDrop2,beta
human2_lib3.final_cell_0485,inDrop2,alpha
human2_lib3.final_cell_0486,inDrop2,alpha
human2_lib3.final_cell_0487,inDrop2,ductal
human2_lib3.final_cell_0488,inDrop2,activated_stellate
human2_lib3.final_cell_0489,inDrop2,alpha
human2_lib3.final_cell_0490,inDrop2,ductal
human2_lib3.final_cell_0491,inDrop2,delta
human2_lib3.final_cell_0492,inDrop2,alpha
human2_lib3.final_cell_0493,inDrop2,quiescent_stellate
human2_lib3.final_cell_0494,inDrop2,gamma
human2_lib3.final_cell_0495,inDrop2,beta
human2_lib3.final_cell_0496,inDrop2,mast
human2_lib3.final_cell_0497,inDrop2,alpha
human2_lib3.final_cell_0498,inDrop2,quiescent_stellate
human2_lib3.final_cell_0499,inDrop2,alpha
human2_lib3.final_cell_0500,inDrop2,activated_stellate
human2_lib3.final_cell_0501,inDrop2,alpha
human2_lib3.final_cell_0502,inDrop2,beta
human2_lib3.final_cell_0503,inDrop2,alpha
human2_lib3.final_cell_0504,inDrop2,alpha
human2_lib3.final_cell_0505,inDrop2,ductal
human2_lib3.final_cell_0506,inDrop2,ductal
human2_lib3.final_cell_0507,inDrop2,ductal
human2_lib3.final_cell_0508,inDrop2,beta
human2_lib3.final_cell_0509,inDrop2,endothelial
human2_lib3.final_cell_0510,inDrop2,ductal
human2_lib3.final_cell_0511,inDrop2,beta
human2_lib3.final_cell_0512,inDrop2,ductal
human2_lib3.final_cell_0513,inDrop2,alpha
human2_lib3.final_cell_0514,inDrop2,alpha
human2_lib3.final_cell_0515,inDrop2,beta
human2_lib3.final_cell_0516,inDrop2,gamma
human2_lib3.final_cell_0517,inDrop2,alpha
human2_lib3.final_cell_0518,inDrop2,alpha
human2_lib3.final_cell_0519,inDrop2,beta
human2_lib3.final_cell_0520,inDrop2,alpha
human2_lib3.final_cell_0521,inDrop2,beta
human2_lib3.final_cell_0522,inDrop2,beta
human2_lib3.final_cell_0523,inDrop2,endothelial
human2_lib3.final_cell_0524,inDrop2,beta
human2_lib3.final_cell_0525,inDrop2,mast
human2_lib3.final_cell_0526,inDrop2,gamma
human2_lib3.final_cell_0527,inDrop2,gamma
human2_lib3.final_cell_0528,inDrop2,alpha
human2_lib3.final_cell_0529,inDrop2,ductal
human2_lib3.final_cell_0530,inDrop2,mast
human2_lib3.final_cell_0531,inDrop2,alpha
human2_lib3.final_cell_0532,inDrop2,alpha
human2_lib3.final_cell_0533,inDrop2,alpha
human2_lib3.final_cell_0534,inDrop2,beta
human2_lib3.final_cell_0535,inDrop2,alpha
human2_lib3.final_cell_0536,inDrop2,alpha
human2_lib3.final_cell_0537,inDrop2,alpha
human2_lib3.final_cell_0538,inDrop2,alpha
human2_lib3.final_cell_0539,inDrop2,alpha
human2_lib3.final_cell_0540,inDrop2,ductal
human2_lib3.final_cell_0541,inDrop2,alpha
human2_lib3.final_cell_0542,inDrop2,beta
human2_lib3.final_cell_0543,inDrop2,beta
human2_lib3.final_cell_0544,inDrop2,alpha
human2_lib3.final_cell_0545,inDrop2,activated_stellate
human2_lib3.final_cell_0546,inDrop2,mast
human2_lib3.final_cell_0547,inDrop2,activated_stellate
human2_lib3.final_cell_0548,inDrop2,alpha
human2_lib3.final_cell_0549,inDrop2,ductal
human2_lib3.final_cell_0550,inDrop2,beta
human2_lib3.final_cell_0551,inDrop2,alpha
human2_lib3.final_cell_0552,inDrop2,ductal
human2_lib3.final_cell_0553,inDrop2,gamma
human2_lib3.final_cell_0554,inDrop2,beta
human2_lib3.final_cell_0555,inDrop2,beta
human2_lib3.final_cell_0556,inDrop2,alpha
human2_lib3.final_cell_0557,inDrop2,beta
human2_lib3.final_cell_0558,inDrop2,alpha
human2_lib3.final_cell_0559,inDrop2,gamma
human2_lib3.final_cell_0560,inDrop2,beta
human2_lib3.final_cell_0561,inDrop2,activated_stellate
human2_lib3.final_cell_0562,inDrop2,macrophage
human2_lib3.final_cell_0563,inDrop2,ductal
human2_lib3.final_cell_0564,inDrop2,activated_stellate
human2_lib3.final_cell_0565,inDrop2,alpha
human3_lib1.final_cell_0001,inDrop3,acinar
human3_lib1.final_cell_0002,inDrop3,acinar
human3_lib1.final_cell_0003,inDrop3,acinar
human3_lib1.final_cell_0004,inDrop3,acinar
human3_lib1.final_cell_0005,inDrop3,acinar
human3_lib1.final_cell_0006,inDrop3,acinar
human3_lib1.final_cell_0007,inDrop3,acinar
human3_lib1.final_cell_0008,inDrop3,acinar
human3_lib1.final_cell_0009,inDrop3,acinar
human3_lib1.final_cell_0010,inDrop3,acinar
human3_lib1.final_cell_0011,inDrop3,acinar
human3_lib1.final_cell_0012,inDrop3,acinar
human3_lib1.final_cell_0013,inDrop3,acinar
human3_lib1.final_cell_0014,inDrop3,acinar
human3_lib1.final_cell_0015,inDrop3,acinar
human3_lib1.final_cell_0016,inDrop3,acinar
human3_lib1.final_cell_0017,inDrop3,acinar
human3_lib1.final_cell_0018,inDrop3,acinar
human3_lib1.final_cell_0019,inDrop3,acinar
human3_lib1.final_cell_0020,inDrop3,acinar
human3_lib1.final_cell_0021,inDrop3,acinar
human3_lib1.final_cell_0022,inDrop3,acinar
human3_lib1.final_cell_0023,inDrop3,acinar
human3_lib1.final_cell_0024,inDrop3,acinar
human3_lib1.final_cell_0025,inDrop3,acinar
human3_lib1.final_cell_0026,inDrop3,acinar
human3_lib1.final_cell_0027,inDrop3,acinar
human3_lib1.final_cell_0028,inDrop3,delta
human3_lib1.final_cell_0029,inDrop3,acinar
human3_lib1.final_cell_0030,inDrop3,delta
human3_lib1.final_cell_0031,inDrop3,acinar
human3_lib1.final_cell_0032,inDrop3,acinar
human3_lib1.final_cell_0033,inDrop3,acinar
human3_lib1.final_cell_0034,inDrop3,acinar
human3_lib1.final_cell_0035,inDrop3,acinar
human3_lib1.final_cell_0036,inDrop3,acinar
human3_lib1.final_cell_0037,inDrop3,acinar
human3_lib1.final_cell_0038,inDrop3,acinar
human3_lib1.final_cell_0039,inDrop3,delta
human3_lib1.final_cell_0040,inDrop3,acinar
human3_lib1.final_cell_0041,inDrop3,acinar
human3_lib1.final_cell_0042,inDrop3,acinar
human3_lib1.final_cell_0043,inDrop3,acinar
human3_lib1.final_cell_0044,inDrop3,acinar
human3_lib1.final_cell_0045,inDrop3,acinar
human3_lib1.final_cell_0046,inDrop3,acinar
human3_lib1.final_cell_0047,inDrop3,acinar
human3_lib1.final_cell_0048,inDrop3,ductal
human3_lib1.final_cell_0049,inDrop3,acinar
human3_lib1.final_cell_0050,inDrop3,acinar
human3_lib1.final_cell_0051,inDrop3,acinar
human3_lib1.final_cell_0052,inDrop3,acinar
human3_lib1.final_cell_0053,inDrop3,acinar
human3_lib1.final_cell_0054,inDrop3,acinar
human3_lib1.final_cell_0055,inDrop3,acinar
human3_lib1.final_cell_0056,inDrop3,alpha
human3_lib1.final_cell_0057,inDrop3,acinar
human3_lib1.final_cell_0058,inDrop3,acinar
human3_lib1.final_cell_0059,inDrop3,acinar
human3_lib1.final_cell_0060,inDrop3,acinar
human3_lib1.final_cell_0061,inDrop3,acinar
human3_lib1.final_cell_0062,inDrop3,acinar
human3_lib1.final_cell_0063,inDrop3,acinar
human3_lib1.final_cell_0064,inDrop3,beta
human3_lib1.final_cell_0065,inDrop3,ductal
human3_lib1.final_cell_0066,inDrop3,acinar
human3_lib1.final_cell_0067,inDrop3,acinar
human3_lib1.final_cell_0068,inDrop3,alpha
human3_lib1.final_cell_0069,inDrop3,acinar
human3_lib1.final_cell_0070,inDrop3,acinar
human3_lib1.final_cell_0071,inDrop3,endothelial
human3_lib1.final_cell_0072,inDrop3,acinar
human3_lib1.final_cell_0073,inDrop3,acinar
human3_lib1.final_cell_0074,inDrop3,acinar
human3_lib1.final_cell_0075,inDrop3,delta
human3_lib1.final_cell_0076,inDrop3,acinar
human3_lib1.final_cell_0077,inDrop3,acinar
human3_lib1.final_cell_0078,inDrop3,acinar
human3_lib1.final_cell_0079,inDrop3,acinar
human3_lib1.final_cell_0080,inDrop3,acinar
human3_lib1.final_cell_0081,inDrop3,alpha
human3_lib1.final_cell_0082,inDrop3,acinar
human3_lib1.final_cell_0083,inDrop3,alpha
human3_lib1.final_cell_0084,inDrop3,acinar
human3_lib1.final_cell_0085,inDrop3,acinar
human3_lib1.final_cell_0086,inDrop3,acinar
human3_lib1.final_cell_0087,inDrop3,acinar
human3_lib1.final_cell_0088,inDrop3,activated_stellate
human3_lib1.final_cell_0089,inDrop3,acinar
human3_lib1.final_cell_0090,inDrop3,acinar
human3_lib1.final_cell_0091,inDrop3,delta
human3_lib1.final_cell_0092,inDrop3,acinar
human3_lib1.final_cell_0093,inDrop3,acinar
human3_lib1.final_cell_0094,inDrop3,acinar
human3_lib1.final_cell_0095,inDrop3,acinar
human3_lib1.final_cell_0096,inDrop3,acinar
human3_lib1.final_cell_0097,inDrop3,acinar
human3_lib1.final_cell_0098,inDrop3,acinar
human3_lib1.final_cell_0099,inDrop3,beta
human3_lib1.final_cell_0100,inDrop3,beta
human3_lib1.final_cell_0101,inDrop3,acinar
human3_lib1.final_cell_0102,inDrop3,alpha
human3_lib1.final_cell_0103,inDrop3,alpha
human3_lib1.final_cell_0104,inDrop3,delta
human3_lib1.final_cell_0105,inDrop3,acinar
human3_lib1.final_cell_0106,inDrop3,delta
human3_lib1.final_cell_0107,inDrop3,acinar
human3_lib1.final_cell_0108,inDrop3,acinar
human3_lib1.final_cell_0109,inDrop3,acinar
human3_lib1.final_cell_0110,inDrop3,delta
human3_lib1.final_cell_0111,inDrop3,alpha
human3_lib1.final_cell_0112,inDrop3,acinar
human3_lib1.final_cell_0113,inDrop3,acinar
human3_lib1.final_cell_0114,inDrop3,delta
human3_lib1.final_cell_0115,inDrop3,alpha
human3_lib1.final_cell_0116,inDrop3,acinar
human3_lib1.final_cell_0117,inDrop3,acinar
human3_lib1.final_cell_0118,inDrop3,alpha
human3_lib1.final_cell_0119,inDrop3,acinar
human3_lib1.final_cell_0120,inDrop3,acinar
human3_lib1.final_cell_0121,inDrop3,acinar
human3_lib1.final_cell_0122,inDrop3,beta
human3_lib1.final_cell_0123,inDrop3,acinar
human3_lib1.final_cell_0124,inDrop3,acinar
human3_lib1.final_cell_0125,inDrop3,acinar
human3_lib1.final_cell_0126,inDrop3,beta
human3_lib1.final_cell_0127,inDrop3,alpha
human3_lib1.final_cell_0128,inDrop3,delta
human3_lib1.final_cell_0129,inDrop3,alpha
human3_lib1.final_cell_0130,inDrop3,delta
human3_lib1.final_cell_0131,inDrop3,acinar
human3_lib1.final_cell_0132,inDrop3,beta
human3_lib1.final_cell_0133,inDrop3,ductal
human3_lib1.final_cell_0134,inDrop3,beta
human3_lib1.final_cell_0135,inDrop3,ductal
human3_lib1.final_cell_0136,inDrop3,delta
human3_lib1.final_cell_0137,inDrop3,beta
human3_lib1.final_cell_0138,inDrop3,acinar
human3_lib1.final_cell_0139,inDrop3,alpha
human3_lib1.final_cell_0140,inDrop3,beta
human3_lib1.final_cell_0141,inDrop3,delta
human3_lib1.final_cell_0142,inDrop3,activated_stellate
human3_lib1.final_cell_0143,inDrop3,beta
human3_lib1.final_cell_0144,inDrop3,alpha
human3_lib1.final_cell_0145,inDrop3,delta
human3_lib1.final_cell_0146,inDrop3,acinar
human3_lib1.final_cell_0147,inDrop3,beta
human3_lib1.final_cell_0148,inDrop3,alpha
human3_lib1.final_cell_0149,inDrop3,beta
human3_lib1.final_cell_0150,inDrop3,acinar
human3_lib1.final_cell_0151,inDrop3,beta
human3_lib1.final_cell_0152,inDrop3,alpha
human3_lib1.final_cell_0153,inDrop3,alpha
human3_lib1.final_cell_0154,inDrop3,beta
human3_lib1.final_cell_0155,inDrop3,acinar
human3_lib1.final_cell_0156,inDrop3,alpha
human3_lib1.final_cell_0157,inDrop3,activated_stellate
human3_lib1.final_cell_0158,inDrop3,acinar
human3_lib1.final_cell_0159,inDrop3,beta
human3_lib1.final_cell_0160,inDrop3,ductal
human3_lib1.final_cell_0161,inDrop3,acinar
human3_lib1.final_cell_0162,inDrop3,ductal
human3_lib1.final_cell_0163,inDrop3,beta
human3_lib1.final_cell_0164,inDrop3,beta
human3_lib1.final_cell_0165,inDrop3,delta
human3_lib1.final_cell_0166,inDrop3,beta
human3_lib1.final_cell_0167,inDrop3,beta
human3_lib1.final_cell_0168,inDrop3,acinar
human3_lib1.final_cell_0169,inDrop3,alpha
human3_lib1.final_cell_0170,inDrop3,acinar
human3_lib1.final_cell_0171,inDrop3,alpha
human3_lib1.final_cell_0172,inDrop3,acinar
human3_lib1.final_cell_0173,inDrop3,alpha
human3_lib1.final_cell_0174,inDrop3,acinar
human3_lib1.final_cell_0175,inDrop3,beta
human3_lib1.final_cell_0176,inDrop3,beta
human3_lib1.final_cell_0177,inDrop3,alpha
human3_lib1.final_cell_0178,inDrop3,beta
human3_lib1.final_cell_0179,inDrop3,acinar
human3_lib1.final_cell_0180,inDrop3,beta
human3_lib1.final_cell_0181,inDrop3,acinar
human3_lib1.final_cell_0182,inDrop3,alpha
human3_lib1.final_cell_0183,inDrop3,beta
human3_lib1.final_cell_0184,inDrop3,alpha
human3_lib1.final_cell_0185,inDrop3,acinar
human3_lib1.final_cell_0186,inDrop3,alpha
human3_lib1.final_cell_0187,inDrop3,alpha
human3_lib1.final_cell_0188,inDrop3,delta
human3_lib1.final_cell_0189,inDrop3,beta
human3_lib1.final_cell_0190,inDrop3,acinar
human3_lib1.final_cell_0191,inDrop3,alpha
human3_lib1.final_cell_0192,inDrop3,delta
human3_lib1.final_cell_0193,inDrop3,delta
human3_lib1.final_cell_0194,inDrop3,delta
human3_lib1.final_cell_0195,inDrop3,acinar
human3_lib1.final_cell_0196,inDrop3,acinar
human3_lib1.final_cell_0197,inDrop3,acinar
human3_lib1.final_cell_0198,inDrop3,alpha
human3_lib1.final_cell_0199,inDrop3,beta
human3_lib1.final_cell_0200,inDrop3,acinar
human3_lib1.final_cell_0201,inDrop3,acinar
human3_lib1.final_cell_0202,inDrop3,beta
human3_lib1.final_cell_0203,inDrop3,beta
human3_lib1.final_cell_0204,inDrop3,acinar
human3_lib1.final_cell_0205,inDrop3,alpha
human3_lib1.final_cell_0206,inDrop3,ductal
human3_lib1.final_cell_0207,inDrop3,alpha
human3_lib1.final_cell_0208,inDrop3,beta
human3_lib1.final_cell_0209,inDrop3,acinar
human3_lib1.final_cell_0210,inDrop3,beta
human3_lib1.final_cell_0211,inDrop3,acinar
human3_lib1.final_cell_0212,inDrop3,acinar
human3_lib1.final_cell_0213,inDrop3,beta
human3_lib1.final_cell_0214,inDrop3,acinar
human3_lib1.final_cell_0215,inDrop3,acinar
human3_lib1.final_cell_0216,inDrop3,delta
human3_lib1.final_cell_0217,inDrop3,delta
human3_lib1.final_cell_0218,inDrop3,beta
human3_lib1.final_cell_0219,inDrop3,beta
human3_lib1.final_cell_0220,inDrop3,acinar
human3_lib1.final_cell_0221,inDrop3,alpha
human3_lib1.final_cell_0222,inDrop3,alpha
human3_lib1.final_cell_0223,inDrop3,alpha
human3_lib1.final_cell_0224,inDrop3,acinar
human3_lib1.final_cell_0225,inDrop3,ductal
human3_lib1.final_cell_0226,inDrop3,beta
human3_lib1.final_cell_0227,inDrop3,alpha
human3_lib1.final_cell_0228,inDrop3,ductal
human3_lib1.final_cell_0229,inDrop3,alpha
human3_lib1.final_cell_0230,inDrop3,acinar
human3_lib1.final_cell_0231,inDrop3,activated_stellate
human3_lib1.final_cell_0232,inDrop3,alpha
human3_lib1.final_cell_0233,inDrop3,beta
human3_lib1.final_cell_0234,inDrop3,beta
human3_lib1.final_cell_0235,inDrop3,beta
human3_lib1.final_cell_0236,inDrop3,alpha
human3_lib1.final_cell_0237,inDrop3,alpha
human3_lib1.final_cell_0238,inDrop3,acinar
human3_lib1.final_cell_0239,inDrop3,alpha
human3_lib1.final_cell_0240,inDrop3,alpha
human3_lib1.final_cell_0241,inDrop3,beta
human3_lib1.final_cell_0242,inDrop3,beta
human3_lib1.final_cell_0243,inDrop3,alpha
human3_lib1.final_cell_0244,inDrop3,acinar
human3_lib1.final_cell_0245,inDrop3,beta
human3_lib1.final_cell_0246,inDrop3,acinar
human3_lib1.final_cell_0247,inDrop3,ductal
human3_lib1.final_cell_0248,inDrop3,beta
human3_lib1.final_cell_0249,inDrop3,beta
human3_lib1.final_cell_0250,inDrop3,alpha
human3_lib1.final_cell_0251,inDrop3,alpha
human3_lib1.final_cell_0252,inDrop3,alpha
human3_lib1.final_cell_0253,inDrop3,acinar
human3_lib1.final_cell_0254,inDrop3,alpha
human3_lib1.final_cell_0255,inDrop3,acinar
human3_lib1.final_cell_0256,inDrop3,alpha
human3_lib1.final_cell_0257,inDrop3,beta
human3_lib1.final_cell_0258,inDrop3,alpha
human3_lib1.final_cell_0259,inDrop3,beta
human3_lib1.final_cell_0260,inDrop3,beta
human3_lib1.final_cell_0261,inDrop3,delta
human3_lib1.final_cell_0262,inDrop3,activated_stellate
human3_lib1.final_cell_0263,inDrop3,alpha
human3_lib1.final_cell_0264,inDrop3,acinar
human3_lib1.final_cell_0265,inDrop3,ductal
human3_lib1.final_cell_0266,inDrop3,alpha
human3_lib1.final_cell_0267,inDrop3,alpha
human3_lib1.final_cell_0268,inDrop3,acinar
human3_lib1.final_cell_0269,inDrop3,beta
human3_lib1.final_cell_0270,inDrop3,acinar
human3_lib1.final_cell_0271,inDrop3,delta
human3_lib1.final_cell_0272,inDrop3,delta
human3_lib1.final_cell_0273,inDrop3,alpha
human3_lib1.final_cell_0274,inDrop3,delta
human3_lib1.final_cell_0275,inDrop3,beta
human3_lib1.final_cell_0276,inDrop3,activated_stellate
human3_lib1.final_cell_0277,inDrop3,alpha
human3_lib1.final_cell_0278,inDrop3,beta
human3_lib1.final_cell_0279,inDrop3,acinar
human3_lib1.final_cell_0280,inDrop3,alpha
human3_lib1.final_cell_0281,inDrop3,alpha
human3_lib1.final_cell_0282,inDrop3,acinar
human3_lib1.final_cell_0283,inDrop3,beta
human3_lib1.final_cell_0284,inDrop3,ductal
human3_lib1.final_cell_0285,inDrop3,alpha
human3_lib1.final_cell_0286,inDrop3,alpha
human3_lib1.final_cell_0287,inDrop3,beta
human3_lib1.final_cell_0288,inDrop3,ductal
human3_lib1.final_cell_0289,inDrop3,alpha
human3_lib1.final_cell_0290,inDrop3,quiescent_stellate
human3_lib1.final_cell_0291,inDrop3,alpha
human3_lib1.final_cell_0292,inDrop3,ductal
human3_lib1.final_cell_0293,inDrop3,alpha
human3_lib1.final_cell_0294,inDrop3,beta
human3_lib1.final_cell_0295,inDrop3,alpha
human3_lib1.final_cell_0296,inDrop3,alpha
human3_lib1.final_cell_0297,inDrop3,alpha
human3_lib1.final_cell_0298,inDrop3,delta
human3_lib1.final_cell_0299,inDrop3,alpha
human3_lib1.final_cell_0300,inDrop3,acinar
human3_lib1.final_cell_0301,inDrop3,delta
human3_lib1.final_cell_0302,inDrop3,acinar
human3_lib1.final_cell_0303,inDrop3,alpha
human3_lib1.final_cell_0304,inDrop3,beta
human3_lib1.final_cell_0305,inDrop3,ductal
human3_lib1.final_cell_0306,inDrop3,ductal
human3_lib1.final_cell_0307,inDrop3,acinar
human3_lib1.final_cell_0308,inDrop3,ductal
human3_lib1.final_cell_0309,inDrop3,ductal
human3_lib1.final_cell_0310,inDrop3,delta
human3_lib1.final_cell_0311,inDrop3,alpha
human3_lib1.final_cell_0312,inDrop3,beta
human3_lib1.final_cell_0313,inDrop3,beta
human3_lib1.final_cell_0314,inDrop3,delta
human3_lib1.final_cell_0315,inDrop3,alpha
human3_lib1.final_cell_0316,inDrop3,beta
human3_lib1.final_cell_0317,inDrop3,beta
human3_lib1.final_cell_0318,inDrop3,alpha
human3_lib1.final_cell_0319,inDrop3,alpha
human3_lib1.final_cell_0320,inDrop3,endothelial
human3_lib1.final_cell_0321,inDrop3,alpha
human3_lib1.final_cell_0322,inDrop3,beta
human3_lib1.final_cell_0323,inDrop3,beta
human3_lib1.final_cell_0324,inDrop3,alpha
human3_lib1.final_cell_0325,inDrop3,alpha
human3_lib1.final_cell_0326,inDrop3,acinar
human3_lib1.final_cell_0327,inDrop3,beta
human3_lib1.final_cell_0328,inDrop3,alpha
human3_lib1.final_cell_0329,inDrop3,beta
human3_lib1.final_cell_0330,inDrop3,acinar
human3_lib1.final_cell_0331,inDrop3,acinar
human3_lib1.final_cell_0332,inDrop3,alpha
human3_lib1.final_cell_0333,inDrop3,beta
human3_lib1.final_cell_0334,inDrop3,alpha
human3_lib1.final_cell_0335,inDrop3,alpha
human3_lib1.final_cell_0336,inDrop3,alpha
human3_lib1.final_cell_0337,inDrop3,alpha
human3_lib1.final_cell_0338,inDrop3,ductal
human3_lib1.final_cell_0339,inDrop3,delta
human3_lib1.final_cell_0340,inDrop3,alpha
human3_lib1.final_cell_0341,inDrop3,ductal
human3_lib1.final_cell_0342,inDrop3,ductal
human3_lib1.final_cell_0343,inDrop3,beta
human3_lib1.final_cell_0344,inDrop3,beta
human3_lib1.final_cell_0345,inDrop3,delta
human3_lib1.final_cell_0346,inDrop3,activated_stellate
human3_lib1.final_cell_0347,inDrop3,beta
human3_lib1.final_cell_0348,inDrop3,beta
human3_lib1.final_cell_0349,inDrop3,acinar
human3_lib1.final_cell_0350,inDrop3,alpha
human3_lib1.final_cell_0351,inDrop3,alpha
human3_lib1.final_cell_0352,inDrop3,alpha
human3_lib1.final_cell_0353,inDrop3,acinar
human3_lib1.final_cell_0354,inDrop3,alpha
human3_lib1.final_cell_0355,inDrop3,beta
human3_lib1.final_cell_0356,inDrop3,alpha
human3_lib1.final_cell_0357,inDrop3,beta
human3_lib1.final_cell_0358,inDrop3,alpha
human3_lib1.final_cell_0359,inDrop3,delta
human3_lib1.final_cell_0360,inDrop3,acinar
human3_lib1.final_cell_0361,inDrop3,activated_stellate
human3_lib1.final_cell_0362,inDrop3,acinar
human3_lib1.final_cell_0363,inDrop3,alpha
human3_lib1.final_cell_0364,inDrop3,beta
human3_lib1.final_cell_0365,inDrop3,activated_stellate
human3_lib1.final_cell_0366,inDrop3,alpha
human3_lib1.final_cell_0367,inDrop3,alpha
human3_lib1.final_cell_0368,inDrop3,alpha
human3_lib1.final_cell_0369,inDrop3,alpha
human3_lib1.final_cell_0370,inDrop3,alpha
human3_lib1.final_cell_0371,inDrop3,acinar
human3_lib1.final_cell_0372,inDrop3,alpha
human3_lib1.final_cell_0373,inDrop3,acinar
human3_lib1.final_cell_0374,inDrop3,alpha
human3_lib1.final_cell_0375,inDrop3,alpha
human3_lib1.final_cell_0376,inDrop3,ductal
human3_lib1.final_cell_0377,inDrop3,beta
human3_lib1.final_cell_0378,inDrop3,alpha
human3_lib1.final_cell_0379,inDrop3,delta
human3_lib1.final_cell_0380,inDrop3,beta
human3_lib1.final_cell_0381,inDrop3,activated_stellate
human3_lib1.final_cell_0382,inDrop3,ductal
human3_lib1.final_cell_0383,inDrop3,beta
human3_lib1.final_cell_0384,inDrop3,alpha
human3_lib1.final_cell_0385,inDrop3,acinar
human3_lib1.final_cell_0386,inDrop3,alpha
human3_lib1.final_cell_0387,inDrop3,alpha
human3_lib1.final_cell_0388,inDrop3,alpha
human3_lib1.final_cell_0389,inDrop3,acinar
human3_lib1.final_cell_0390,inDrop3,alpha
human3_lib1.final_cell_0391,inDrop3,acinar
human3_lib1.final_cell_0392,inDrop3,activated_stellate
human3_lib1.final_cell_0393,inDrop3,alpha
human3_lib1.final_cell_0394,inDrop3,beta
human3_lib1.final_cell_0395,inDrop3,beta
human3_lib1.final_cell_0396,inDrop3,beta
human3_lib1.final_cell_0397,inDrop3,activated_stellate
human3_lib1.final_cell_0398,inDrop3,acinar
human3_lib1.final_cell_0399,inDrop3,alpha
human3_lib1.final_cell_0400,inDrop3,ductal
human3_lib1.final_cell_0401,inDrop3,alpha
human3_lib1.final_cell_0402,inDrop3,beta
human3_lib1.final_cell_0403,inDrop3,beta
human3_lib1.final_cell_0404,inDrop3,beta
human3_lib1.final_cell_0405,inDrop3,alpha
human3_lib1.final_cell_0406,inDrop3,delta
human3_lib1.final_cell_0407,inDrop3,alpha
human3_lib1.final_cell_0408,inDrop3,beta
human3_lib1.final_cell_0409,inDrop3,beta
human3_lib1.final_cell_0410,inDrop3,alpha
human3_lib1.final_cell_0411,inDrop3,beta
human3_lib1.final_cell_0412,inDrop3,beta
human3_lib1.final_cell_0413,inDrop3,alpha
human3_lib1.final_cell_0414,inDrop3,beta
human3_lib1.final_cell_0415,inDrop3,alpha
human3_lib1.final_cell_0416,inDrop3,alpha
human3_lib1.final_cell_0417,inDrop3,alpha
human3_lib1.final_cell_0418,inDrop3,alpha
human3_lib1.final_cell_0419,inDrop3,acinar
human3_lib1.final_cell_0420,inDrop3,alpha
human3_lib1.final_cell_0421,inDrop3,beta
human3_lib1.final_cell_0422,inDrop3,acinar
human3_lib1.final_cell_0423,inDrop3,beta
human3_lib1.final_cell_0424,inDrop3,beta
human3_lib1.final_cell_0425,inDrop3,alpha
human3_lib1.final_cell_0426,inDrop3,delta
human3_lib1.final_cell_0427,inDrop3,alpha
human3_lib1.final_cell_0428,inDrop3,alpha
human3_lib1.final_cell_0429,inDrop3,alpha
human3_lib1.final_cell_0430,inDrop3,delta
human3_lib1.final_cell_0431,inDrop3,beta
human3_lib1.final_cell_0432,inDrop3,ductal
human3_lib1.final_cell_0433,inDrop3,ductal
human3_lib1.final_cell_0434,inDrop3,beta
human3_lib1.final_cell_0435,inDrop3,ductal
human3_lib1.final_cell_0436,inDrop3,endothelial
human3_lib1.final_cell_0437,inDrop3,ductal
human3_lib1.final_cell_0438,inDrop3,alpha
human3_lib1.final_cell_0439,inDrop3,acinar
human3_lib1.final_cell_0440,inDrop3,acinar
human3_lib1.final_cell_0441,inDrop3,alpha
human3_lib1.final_cell_0442,inDrop3,alpha
human3_lib1.final_cell_0443,inDrop3,beta
human3_lib1.final_cell_0444,inDrop3,alpha
human3_lib1.final_cell_0445,inDrop3,alpha
human3_lib1.final_cell_0446,inDrop3,beta
human3_lib1.final_cell_0447,inDrop3,acinar
human3_lib1.final_cell_0448,inDrop3,alpha
human3_lib1.final_cell_0449,inDrop3,beta
human3_lib1.final_cell_0450,inDrop3,alpha
human3_lib1.final_cell_0451,inDrop3,alpha
human3_lib1.final_cell_0452,inDrop3,alpha
human3_lib1.final_cell_0453,inDrop3,activated_stellate
human3_lib1.final_cell_0454,inDrop3,alpha
human3_lib1.final_cell_0455,inDrop3,alpha
human3_lib1.final_cell_0456,inDrop3,gamma
human3_lib1.final_cell_0457,inDrop3,beta
human3_lib1.final_cell_0458,inDrop3,ductal
human3_lib1.final_cell_0459,inDrop3,beta
human3_lib1.final_cell_0460,inDrop3,beta
human3_lib1.final_cell_0461,inDrop3,alpha
human3_lib1.final_cell_0462,inDrop3,ductal
human3_lib1.final_cell_0463,inDrop3,beta
human3_lib1.final_cell_0464,inDrop3,alpha
human3_lib1.final_cell_0465,inDrop3,alpha
human3_lib1.final_cell_0466,inDrop3,alpha
human3_lib1.final_cell_0467,inDrop3,alpha
human3_lib1.final_cell_0468,inDrop3,alpha
human3_lib1.final_cell_0469,inDrop3,ductal
human3_lib1.final_cell_0470,inDrop3,activated_stellate
human3_lib1.final_cell_0471,inDrop3,alpha
human3_lib1.final_cell_0472,inDrop3,alpha
human3_lib1.final_cell_0473,inDrop3,delta
human3_lib1.final_cell_0474,inDrop3,beta
human3_lib1.final_cell_0475,inDrop3,alpha
human3_lib1.final_cell_0476,inDrop3,acinar
human3_lib1.final_cell_0477,inDrop3,alpha
human3_lib1.final_cell_0478,inDrop3,alpha
human3_lib1.final_cell_0479,inDrop3,beta
human3_lib1.final_cell_0480,inDrop3,ductal
human3_lib1.final_cell_0481,inDrop3,alpha
human3_lib1.final_cell_0482,inDrop3,delta
human3_lib1.final_cell_0483,inDrop3,acinar
human3_lib1.final_cell_0484,inDrop3,acinar
human3_lib1.final_cell_0485,inDrop3,beta
human3_lib1.final_cell_0486,inDrop3,alpha
human3_lib1.final_cell_0487,inDrop3,alpha
human3_lib1.final_cell_0488,inDrop3,ductal
human3_lib1.final_cell_0489,inDrop3,macrophage
human3_lib1.final_cell_0490,inDrop3,alpha
human3_lib1.final_cell_0491,inDrop3,delta
human3_lib1.final_cell_0492,inDrop3,beta
human3_lib1.final_cell_0493,inDrop3,alpha
human3_lib1.final_cell_0494,inDrop3,beta
human3_lib1.final_cell_0495,inDrop3,ductal
human3_lib1.final_cell_0496,inDrop3,ductal
human3_lib1.final_cell_0497,inDrop3,alpha
human3_lib1.final_cell_0498,inDrop3,alpha
human3_lib1.final_cell_0499,inDrop3,activated_stellate
human3_lib1.final_cell_0500,inDrop3,ductal
human3_lib1.final_cell_0501,inDrop3,endothelial
human3_lib1.final_cell_0502,inDrop3,gamma
human3_lib1.final_cell_0503,inDrop3,alpha
human3_lib1.final_cell_0504,inDrop3,beta
human3_lib1.final_cell_0505,inDrop3,acinar
human3_lib1.final_cell_0506,inDrop3,alpha
human3_lib1.final_cell_0507,inDrop3,alpha
human3_lib1.final_cell_0508,inDrop3,alpha
human3_lib1.final_cell_0509,inDrop3,beta
human3_lib1.final_cell_0510,inDrop3,alpha
human3_lib1.final_cell_0511,inDrop3,alpha
human3_lib1.final_cell_0512,inDrop3,gamma
human3_lib1.final_cell_0513,inDrop3,beta
human3_lib1.final_cell_0514,inDrop3,alpha
human3_lib1.final_cell_0515,inDrop3,ductal
human3_lib1.final_cell_0516,inDrop3,delta
human3_lib1.final_cell_0517,inDrop3,ductal
human3_lib1.final_cell_0518,inDrop3,alpha
human3_lib1.final_cell_0519,inDrop3,alpha
human3_lib1.final_cell_0520,inDrop3,endothelial
human3_lib1.final_cell_0521,inDrop3,alpha
human3_lib1.final_cell_0522,inDrop3,alpha
human3_lib1.final_cell_0523,inDrop3,beta
human3_lib1.final_cell_0524,inDrop3,activated_stellate
human3_lib1.final_cell_0525,inDrop3,alpha
human3_lib1.final_cell_0526,inDrop3,acinar
human3_lib1.final_cell_0527,inDrop3,alpha
human3_lib1.final_cell_0528,inDrop3,beta
human3_lib1.final_cell_0529,inDrop3,ductal
human3_lib1.final_cell_0530,inDrop3,acinar
human3_lib1.final_cell_0531,inDrop3,beta
human3_lib1.final_cell_0532,inDrop3,beta
human3_lib1.final_cell_0533,inDrop3,beta
human3_lib1.final_cell_0534,inDrop3,alpha
human3_lib1.final_cell_0535,inDrop3,delta
human3_lib1.final_cell_0536,inDrop3,acinar
human3_lib1.final_cell_0537,inDrop3,alpha
human3_lib1.final_cell_0538,inDrop3,beta
human3_lib1.final_cell_0539,inDrop3,alpha
human3_lib1.final_cell_0540,inDrop3,ductal
human3_lib1.final_cell_0541,inDrop3,alpha
human3_lib1.final_cell_0542,inDrop3,alpha
human3_lib1.final_cell_0543,inDrop3,beta
human3_lib1.final_cell_0544,inDrop3,alpha
human3_lib1.final_cell_0545,inDrop3,acinar
human3_lib1.final_cell_0546,inDrop3,acinar
human3_lib1.final_cell_0547,inDrop3,beta
human3_lib1.final_cell_0548,inDrop3,beta
human3_lib1.final_cell_0549,inDrop3,alpha
human3_lib1.final_cell_0550,inDrop3,ductal
human3_lib1.final_cell_0551,inDrop3,ductal
human3_lib1.final_cell_0552,inDrop3,alpha
human3_lib1.final_cell_0553,inDrop3,beta
human3_lib1.final_cell_0554,inDrop3,ductal
human3_lib1.final_cell_0555,inDrop3,alpha
human3_lib1.final_cell_0556,inDrop3,macrophage
human3_lib1.final_cell_0557,inDrop3,ductal
human3_lib1.final_cell_0558,inDrop3,acinar
human3_lib1.final_cell_0559,inDrop3,beta
human3_lib1.final_cell_0560,inDrop3,acinar
human3_lib1.final_cell_0561,inDrop3,beta
human3_lib1.final_cell_0562,inDrop3,ductal
human3_lib1.final_cell_0563,inDrop3,gamma
human3_lib1.final_cell_0564,inDrop3,ductal
human3_lib1.final_cell_0565,inDrop3,alpha
human3_lib1.final_cell_0566,inDrop3,alpha
human3_lib1.final_cell_0567,inDrop3,ductal
human3_lib1.final_cell_0568,inDrop3,alpha
human3_lib1.final_cell_0569,inDrop3,alpha
human3_lib1.final_cell_0570,inDrop3,delta
human3_lib1.final_cell_0571,inDrop3,ductal
human3_lib1.final_cell_0572,inDrop3,acinar
human3_lib1.final_cell_0573,inDrop3,alpha
human3_lib1.final_cell_0574,inDrop3,alpha
human3_lib1.final_cell_0575,inDrop3,alpha
human3_lib1.final_cell_0576,inDrop3,ductal
human3_lib1.final_cell_0577,inDrop3,ductal
human3_lib1.final_cell_0578,inDrop3,ductal
human3_lib1.final_cell_0579,inDrop3,ductal
human3_lib1.final_cell_0580,inDrop3,acinar
human3_lib1.final_cell_0581,inDrop3,alpha
human3_lib1.final_cell_0582,inDrop3,alpha
human3_lib1.final_cell_0583,inDrop3,delta
human3_lib1.final_cell_0584,inDrop3,delta
human3_lib1.final_cell_0585,inDrop3,alpha
human3_lib1.final_cell_0586,inDrop3,alpha
human3_lib1.final_cell_0587,inDrop3,ductal
human3_lib1.final_cell_0588,inDrop3,acinar
human3_lib1.final_cell_0589,inDrop3,alpha
human3_lib1.final_cell_0590,inDrop3,alpha
human3_lib1.final_cell_0591,inDrop3,beta
human3_lib1.final_cell_0592,inDrop3,alpha
human3_lib1.final_cell_0593,inDrop3,activated_stellate
human3_lib1.final_cell_0594,inDrop3,ductal
human3_lib1.final_cell_0595,inDrop3,alpha
human3_lib1.final_cell_0596,inDrop3,activated_stellate
human3_lib1.final_cell_0597,inDrop3,alpha
human3_lib1.final_cell_0598,inDrop3,acinar
human3_lib1.final_cell_0599,inDrop3,ductal
human3_lib1.final_cell_0600,inDrop3,alpha
human3_lib1.final_cell_0601,inDrop3,alpha
human3_lib1.final_cell_0602,inDrop3,alpha
human3_lib1.final_cell_0603,inDrop3,acinar
human3_lib1.final_cell_0604,inDrop3,activated_stellate
human3_lib1.final_cell_0605,inDrop3,endothelial
human3_lib1.final_cell_0606,inDrop3,beta
human3_lib1.final_cell_0607,inDrop3,alpha
human3_lib1.final_cell_0608,inDrop3,ductal
human3_lib1.final_cell_0609,inDrop3,alpha
human3_lib1.final_cell_0610,inDrop3,beta
human3_lib1.final_cell_0611,inDrop3,alpha
human3_lib1.final_cell_0612,inDrop3,alpha
human3_lib1.final_cell_0613,inDrop3,quiescent_stellate
human3_lib1.final_cell_0614,inDrop3,ductal
human3_lib1.final_cell_0615,inDrop3,ductal
human3_lib1.final_cell_0616,inDrop3,alpha
human3_lib1.final_cell_0617,inDrop3,alpha
human3_lib1.final_cell_0618,inDrop3,acinar
human3_lib1.final_cell_0619,inDrop3,acinar
human3_lib1.final_cell_0620,inDrop3,alpha
human3_lib1.final_cell_0621,inDrop3,beta
human3_lib1.final_cell_0622,inDrop3,alpha
human3_lib1.final_cell_0623,inDrop3,delta
human3_lib1.final_cell_0624,inDrop3,alpha
human3_lib1.final_cell_0625,inDrop3,acinar
human3_lib1.final_cell_0626,inDrop3,beta
human3_lib1.final_cell_0627,inDrop3,acinar
human3_lib1.final_cell_0628,inDrop3,acinar
human3_lib1.final_cell_0629,inDrop3,alpha
human3_lib1.final_cell_0630,inDrop3,ductal
human3_lib1.final_cell_0631,inDrop3,alpha
human3_lib1.final_cell_0632,inDrop3,alpha
human3_lib1.final_cell_0633,inDrop3,endothelial
human3_lib1.final_cell_0634,inDrop3,ductal
human3_lib1.final_cell_0635,inDrop3,ductal
human3_lib1.final_cell_0636,inDrop3,ductal
human3_lib1.final_cell_0637,inDrop3,alpha
human3_lib1.final_cell_0638,inDrop3,alpha
human3_lib1.final_cell_0639,inDrop3,activated_stellate
human3_lib1.final_cell_0640,inDrop3,beta
human3_lib1.final_cell_0641,inDrop3,alpha
human3_lib1.final_cell_0642,inDrop3,acinar
human3_lib1.final_cell_0643,inDrop3,gamma
human3_lib1.final_cell_0644,inDrop3,alpha
human3_lib1.final_cell_0645,inDrop3,alpha
human3_lib1.final_cell_0646,inDrop3,ductal
human3_lib1.final_cell_0647,inDrop3,mast
human3_lib1.final_cell_0648,inDrop3,ductal
human3_lib1.final_cell_0649,inDrop3,alpha
human3_lib1.final_cell_0650,inDrop3,acinar
human3_lib1.final_cell_0651,inDrop3,alpha
human3_lib1.final_cell_0652,inDrop3,quiescent_stellate
human3_lib1.final_cell_0653,inDrop3,activated_stellate
human3_lib1.final_cell_0654,inDrop3,beta
human3_lib1.final_cell_0655,inDrop3,acinar
human3_lib1.final_cell_0656,inDrop3,alpha
human3_lib1.final_cell_0657,inDrop3,alpha
human3_lib1.final_cell_0658,inDrop3,alpha
human3_lib1.final_cell_0659,inDrop3,ductal
human3_lib1.final_cell_0660,inDrop3,acinar
human3_lib1.final_cell_0661,inDrop3,acinar
human3_lib1.final_cell_0662,inDrop3,endothelial
human3_lib1.final_cell_0663,inDrop3,ductal
human3_lib1.final_cell_0664,inDrop3,alpha
human3_lib1.final_cell_0665,inDrop3,delta
human3_lib1.final_cell_0666,inDrop3,alpha
human3_lib1.final_cell_0667,inDrop3,ductal
human3_lib1.final_cell_0668,inDrop3,alpha
human3_lib1.final_cell_0669,inDrop3,activated_stellate
human3_lib1.final_cell_0670,inDrop3,ductal
human3_lib1.final_cell_0671,inDrop3,beta
human3_lib1.final_cell_0672,inDrop3,ductal
human3_lib1.final_cell_0673,inDrop3,beta
human3_lib1.final_cell_0674,inDrop3,alpha
human3_lib1.final_cell_0675,inDrop3,alpha
human3_lib1.final_cell_0676,inDrop3,ductal
human3_lib1.final_cell_0677,inDrop3,alpha
human3_lib1.final_cell_0678,inDrop3,alpha
human3_lib1.final_cell_0679,inDrop3,alpha
human3_lib1.final_cell_0680,inDrop3,alpha
human3_lib1.final_cell_0681,inDrop3,alpha
human3_lib1.final_cell_0682,inDrop3,activated_stellate
human3_lib1.final_cell_0683,inDrop3,acinar
human3_lib1.final_cell_0684,inDrop3,beta
human3_lib1.final_cell_0685,inDrop3,alpha
human3_lib1.final_cell_0686,inDrop3,quiescent_stellate
human3_lib1.final_cell_0687,inDrop3,alpha
human3_lib1.final_cell_0688,inDrop3,alpha
human3_lib1.final_cell_0689,inDrop3,alpha
human3_lib1.final_cell_0690,inDrop3,alpha
human3_lib1.final_cell_0691,inDrop3,activated_stellate
human3_lib1.final_cell_0692,inDrop3,alpha
human3_lib1.final_cell_0693,inDrop3,alpha
human3_lib1.final_cell_0694,inDrop3,alpha
human3_lib1.final_cell_0695,inDrop3,alpha
human3_lib1.final_cell_0696,inDrop3,beta
human3_lib1.final_cell_0697,inDrop3,endothelial
human3_lib1.final_cell_0698,inDrop3,acinar
human3_lib1.final_cell_0699,inDrop3,alpha
human3_lib1.final_cell_0700,inDrop3,quiescent_stellate
human3_lib1.final_cell_0701,inDrop3,alpha
human3_lib1.final_cell_0702,inDrop3,ductal
human3_lib1.final_cell_0703,inDrop3,alpha
human3_lib1.final_cell_0704,inDrop3,quiescent_stellate
human3_lib1.final_cell_0705,inDrop3,alpha
human3_lib1.final_cell_0706,inDrop3,ductal
human3_lib1.final_cell_0707,inDrop3,beta
human3_lib1.final_cell_0708,inDrop3,alpha
human3_lib1.final_cell_0709,inDrop3,ductal
human3_lib1.final_cell_0710,inDrop3,activated_stellate
human3_lib1.final_cell_0711,inDrop3,ductal
human3_lib1.final_cell_0712,inDrop3,alpha
human3_lib1.final_cell_0713,inDrop3,beta
human3_lib1.final_cell_0714,inDrop3,beta
human3_lib1.final_cell_0715,inDrop3,alpha
human3_lib1.final_cell_0716,inDrop3,alpha
human3_lib1.final_cell_0717,inDrop3,alpha
human3_lib1.final_cell_0718,inDrop3,delta
human3_lib1.final_cell_0719,inDrop3,ductal
human3_lib1.final_cell_0720,inDrop3,endothelial
human3_lib1.final_cell_0721,inDrop3,beta
human3_lib1.final_cell_0722,inDrop3,alpha
human3_lib1.final_cell_0723,inDrop3,alpha
human3_lib1.final_cell_0724,inDrop3,ductal
human3_lib1.final_cell_0725,inDrop3,endothelial
human3_lib1.final_cell_0726,inDrop3,alpha
human3_lib1.final_cell_0727,inDrop3,alpha
human3_lib1.final_cell_0728,inDrop3,beta
human3_lib1.final_cell_0729,inDrop3,alpha
human3_lib1.final_cell_0730,inDrop3,ductal
human3_lib1.final_cell_0731,inDrop3,alpha
human3_lib1.final_cell_0732,inDrop3,acinar
human3_lib1.final_cell_0733,inDrop3,gamma
human3_lib1.final_cell_0734,inDrop3,endothelial
human3_lib1.final_cell_0735,inDrop3,alpha
human3_lib1.final_cell_0736,inDrop3,ductal
human3_lib1.final_cell_0737,inDrop3,alpha
human3_lib1.final_cell_0738,inDrop3,beta
human3_lib1.final_cell_0739,inDrop3,endothelial
human3_lib1.final_cell_0740,inDrop3,endothelial
human3_lib1.final_cell_0741,inDrop3,beta
human3_lib1.final_cell_0742,inDrop3,alpha
human3_lib1.final_cell_0743,inDrop3,ductal
human3_lib1.final_cell_0744,inDrop3,alpha
human3_lib1.final_cell_0745,inDrop3,alpha
human3_lib1.final_cell_0746,inDrop3,alpha
human3_lib1.final_cell_0747,inDrop3,activated_stellate
human3_lib1.final_cell_0748,inDrop3,alpha
human3_lib1.final_cell_0749,inDrop3,quiescent_stellate
human3_lib1.final_cell_0750,inDrop3,beta
human3_lib1.final_cell_0751,inDrop3,delta
human3_lib1.final_cell_0752,inDrop3,beta
human3_lib1.final_cell_0753,inDrop3,activated_stellate
human3_lib1.final_cell_0754,inDrop3,endothelial
human3_lib1.final_cell_0755,inDrop3,delta
human3_lib1.final_cell_0756,inDrop3,ductal
human3_lib1.final_cell_0757,inDrop3,beta
human3_lib1.final_cell_0758,inDrop3,beta
human3_lib1.final_cell_0759,inDrop3,alpha
human3_lib1.final_cell_0760,inDrop3,endothelial
human3_lib1.final_cell_0761,inDrop3,activated_stellate
human3_lib1.final_cell_0762,inDrop3,alpha
human3_lib1.final_cell_0763,inDrop3,alpha
human3_lib1.final_cell_0764,inDrop3,beta
human3_lib1.final_cell_0765,inDrop3,ductal
human3_lib1.final_cell_0766,inDrop3,beta
human3_lib1.final_cell_0767,inDrop3,quiescent_stellate
human3_lib1.final_cell_0768,inDrop3,gamma
human3_lib1.final_cell_0769,inDrop3,alpha
human3_lib1.final_cell_0770,inDrop3,beta
human3_lib1.final_cell_0771,inDrop3,acinar
human3_lib1.final_cell_0772,inDrop3,ductal
human3_lib1.final_cell_0773,inDrop3,alpha
human3_lib1.final_cell_0774,inDrop3,endothelial
human3_lib1.final_cell_0775,inDrop3,beta
human3_lib1.final_cell_0776,inDrop3,alpha
human3_lib1.final_cell_0777,inDrop3,acinar
human3_lib1.final_cell_0778,inDrop3,acinar
human3_lib1.final_cell_0779,inDrop3,alpha
human3_lib1.final_cell_0780,inDrop3,alpha
human3_lib1.final_cell_0781,inDrop3,beta
human3_lib1.final_cell_0782,inDrop3,beta
human3_lib1.final_cell_0783,inDrop3,alpha
human3_lib1.final_cell_0784,inDrop3,quiescent_stellate
human3_lib1.final_cell_0785,inDrop3,alpha
human3_lib1.final_cell_0786,inDrop3,endothelial
human3_lib1.final_cell_0787,inDrop3,quiescent_stellate
human3_lib1.final_cell_0788,inDrop3,beta
human3_lib1.final_cell_0789,inDrop3,beta
human3_lib1.final_cell_0790,inDrop3,acinar
human3_lib1.final_cell_0791,inDrop3,beta
human3_lib1.final_cell_0792,inDrop3,alpha
human3_lib1.final_cell_0793,inDrop3,ductal
human3_lib1.final_cell_0794,inDrop3,acinar
human3_lib1.final_cell_0795,inDrop3,beta
human3_lib1.final_cell_0796,inDrop3,alpha
human3_lib1.final_cell_0797,inDrop3,alpha
human3_lib1.final_cell_0798,inDrop3,endothelial
human3_lib1.final_cell_0799,inDrop3,alpha
human3_lib1.final_cell_0800,inDrop3,alpha
human3_lib1.final_cell_0801,inDrop3,beta
human3_lib1.final_cell_0802,inDrop3,quiescent_stellate
human3_lib1.final_cell_0803,inDrop3,beta
human3_lib1.final_cell_0804,inDrop3,beta
human3_lib1.final_cell_0805,inDrop3,beta
human3_lib1.final_cell_0806,inDrop3,alpha
human3_lib1.final_cell_0807,inDrop3,alpha
human3_lib1.final_cell_0808,inDrop3,alpha
human3_lib1.final_cell_0809,inDrop3,alpha
human3_lib1.final_cell_0810,inDrop3,acinar
human3_lib1.final_cell_0811,inDrop3,beta
human3_lib1.final_cell_0812,inDrop3,acinar
human3_lib1.final_cell_0813,inDrop3,alpha
human3_lib1.final_cell_0814,inDrop3,ductal
human3_lib1.final_cell_0815,inDrop3,delta
human3_lib1.final_cell_0816,inDrop3,delta
human3_lib1.final_cell_0817,inDrop3,beta
human3_lib1.final_cell_0818,inDrop3,alpha
human3_lib1.final_cell_0819,inDrop3,alpha
human3_lib1.final_cell_0820,inDrop3,activated_stellate
human3_lib1.final_cell_0821,inDrop3,beta
human3_lib1.final_cell_0822,inDrop3,beta
human3_lib1.final_cell_0823,inDrop3,endothelial
human3_lib1.final_cell_0824,inDrop3,endothelial
human3_lib1.final_cell_0825,inDrop3,beta
human3_lib1.final_cell_0826,inDrop3,alpha
human3_lib1.final_cell_0827,inDrop3,ductal
human3_lib1.final_cell_0828,inDrop3,alpha
human3_lib1.final_cell_0829,inDrop3,alpha
human3_lib1.final_cell_0830,inDrop3,alpha
human3_lib1.final_cell_0831,inDrop3,endothelial
human3_lib1.final_cell_0832,inDrop3,alpha
human3_lib1.final_cell_0833,inDrop3,alpha
human3_lib1.final_cell_0834,inDrop3,beta
human3_lib1.final_cell_0835,inDrop3,ductal
human3_lib1.final_cell_0836,inDrop3,beta
human3_lib1.final_cell_0837,inDrop3,beta
human3_lib1.final_cell_0838,inDrop3,alpha
human3_lib1.final_cell_0839,inDrop3,alpha
human3_lib1.final_cell_0840,inDrop3,beta
human3_lib1.final_cell_0841,inDrop3,ductal
human3_lib1.final_cell_0842,inDrop3,quiescent_stellate
human3_lib1.final_cell_0843,inDrop3,alpha
human3_lib1.final_cell_0844,inDrop3,ductal
human3_lib1.final_cell_0845,inDrop3,beta
human3_lib1.final_cell_0846,inDrop3,beta
human3_lib1.final_cell_0847,inDrop3,delta
human3_lib1.final_cell_0848,inDrop3,quiescent_stellate
human3_lib1.final_cell_0849,inDrop3,delta
human3_lib1.final_cell_0850,inDrop3,beta
human3_lib1.final_cell_0851,inDrop3,ductal
human3_lib1.final_cell_0852,inDrop3,beta
human3_lib1.final_cell_0853,inDrop3,endothelial
human3_lib1.final_cell_0854,inDrop3,beta
human3_lib1.final_cell_0855,inDrop3,endothelial
human3_lib1.final_cell_0856,inDrop3,beta
human3_lib1.final_cell_0857,inDrop3,ductal
human3_lib1.final_cell_0858,inDrop3,ductal
human3_lib1.final_cell_0859,inDrop3,alpha
human3_lib1.final_cell_0860,inDrop3,alpha
human3_lib1.final_cell_0861,inDrop3,gamma
human3_lib1.final_cell_0862,inDrop3,beta
human3_lib1.final_cell_0863,inDrop3,endothelial
human3_lib1.final_cell_0864,inDrop3,endothelial
human3_lib1.final_cell_0865,inDrop3,beta
human3_lib1.final_cell_0866,inDrop3,alpha
human3_lib1.final_cell_0867,inDrop3,beta
human3_lib1.final_cell_0868,inDrop3,beta
human3_lib1.final_cell_0869,inDrop3,beta
human3_lib1.final_cell_0870,inDrop3,beta
human3_lib1.final_cell_0871,inDrop3,ductal
human3_lib1.final_cell_0872,inDrop3,quiescent_stellate
human3_lib1.final_cell_0873,inDrop3,beta
human3_lib1.final_cell_0874,inDrop3,alpha
human3_lib1.final_cell_0875,inDrop3,beta
human3_lib1.final_cell_0876,inDrop3,alpha
human3_lib1.final_cell_0877,inDrop3,beta
human3_lib1.final_cell_0878,inDrop3,beta
human3_lib1.final_cell_0879,inDrop3,beta
human3_lib1.final_cell_0880,inDrop3,beta
human3_lib1.final_cell_0881,inDrop3,beta
human3_lib1.final_cell_0882,inDrop3,alpha
human3_lib1.final_cell_0883,inDrop3,beta
human3_lib1.final_cell_0884,inDrop3,endothelial
human3_lib1.final_cell_0885,inDrop3,quiescent_stellate
human3_lib1.final_cell_0886,inDrop3,beta
human3_lib1.final_cell_0887,inDrop3,beta
human3_lib1.final_cell_0888,inDrop3,beta
human3_lib1.final_cell_0889,inDrop3,beta
human3_lib1.final_cell_0890,inDrop3,quiescent_stellate
human3_lib1.final_cell_0891,inDrop3,endothelial
human3_lib1.final_cell_0892,inDrop3,alpha
human3_lib1.final_cell_0893,inDrop3,alpha
human3_lib1.final_cell_0894,inDrop3,beta
human3_lib1.final_cell_0895,inDrop3,ductal
human3_lib1.final_cell_0896,inDrop3,endothelial
human3_lib1.final_cell_0897,inDrop3,endothelial
human3_lib2.final_cell_0001,inDrop3,acinar
human3_lib2.final_cell_0002,inDrop3,acinar
human3_lib2.final_cell_0003,inDrop3,acinar
human3_lib2.final_cell_0004,inDrop3,acinar
human3_lib2.final_cell_0005,inDrop3,acinar
human3_lib2.final_cell_0006,inDrop3,acinar
human3_lib2.final_cell_0007,inDrop3,acinar
human3_lib2.final_cell_0008,inDrop3,acinar
human3_lib2.final_cell_0009,inDrop3,acinar
human3_lib2.final_cell_0010,inDrop3,acinar
human3_lib2.final_cell_0011,inDrop3,acinar
human3_lib2.final_cell_0012,inDrop3,acinar
human3_lib2.final_cell_0013,inDrop3,acinar
human3_lib2.final_cell_0014,inDrop3,acinar
human3_lib2.final_cell_0015,inDrop3,acinar
human3_lib2.final_cell_0016,inDrop3,delta
human3_lib2.final_cell_0017,inDrop3,acinar
human3_lib2.final_cell_0018,inDrop3,acinar
human3_lib2.final_cell_0019,inDrop3,acinar
human3_lib2.final_cell_0020,inDrop3,acinar
human3_lib2.final_cell_0021,inDrop3,acinar
human3_lib2.final_cell_0022,inDrop3,acinar
human3_lib2.final_cell_0023,inDrop3,acinar
human3_lib2.final_cell_0024,inDrop3,acinar
human3_lib2.final_cell_0025,inDrop3,acinar
human3_lib2.final_cell_0026,inDrop3,acinar
human3_lib2.final_cell_0027,inDrop3,acinar
human3_lib2.final_cell_0028,inDrop3,acinar
human3_lib2.final_cell_0029,inDrop3,acinar
human3_lib2.final_cell_0030,inDrop3,beta
human3_lib2.final_cell_0031,inDrop3,acinar
human3_lib2.final_cell_0032,inDrop3,acinar
human3_lib2.final_cell_0033,inDrop3,acinar
human3_lib2.final_cell_0034,inDrop3,acinar
human3_lib2.final_cell_0035,inDrop3,acinar
human3_lib2.final_cell_0036,inDrop3,acinar
human3_lib2.final_cell_0037,inDrop3,acinar
human3_lib2.final_cell_0038,inDrop3,acinar
human3_lib2.final_cell_0039,inDrop3,acinar
human3_lib2.final_cell_0040,inDrop3,beta
human3_lib2.final_cell_0041,inDrop3,acinar
human3_lib2.final_cell_0042,inDrop3,acinar
human3_lib2.final_cell_0043,inDrop3,acinar
human3_lib2.final_cell_0044,inDrop3,acinar
human3_lib2.final_cell_0045,inDrop3,acinar
human3_lib2.final_cell_0046,inDrop3,acinar
human3_lib2.final_cell_0047,inDrop3,acinar
human3_lib2.final_cell_0048,inDrop3,acinar
human3_lib2.final_cell_0049,inDrop3,acinar
human3_lib2.final_cell_0050,inDrop3,beta
human3_lib2.final_cell_0051,inDrop3,acinar
human3_lib2.final_cell_0052,inDrop3,acinar
human3_lib2.final_cell_0053,inDrop3,acinar
human3_lib2.final_cell_0054,inDrop3,acinar
human3_lib2.final_cell_0055,inDrop3,acinar
human3_lib2.final_cell_0056,inDrop3,acinar
human3_lib2.final_cell_0057,inDrop3,acinar
human3_lib2.final_cell_0058,inDrop3,acinar
human3_lib2.final_cell_0059,inDrop3,acinar
human3_lib2.final_cell_0060,inDrop3,acinar
human3_lib2.final_cell_0061,inDrop3,acinar
human3_lib2.final_cell_0062,inDrop3,acinar
human3_lib2.final_cell_0063,inDrop3,acinar
human3_lib2.final_cell_0064,inDrop3,acinar
human3_lib2.final_cell_0065,inDrop3,beta
human3_lib2.final_cell_0066,inDrop3,delta
human3_lib2.final_cell_0067,inDrop3,acinar
human3_lib2.final_cell_0068,inDrop3,ductal
human3_lib2.final_cell_0069,inDrop3,acinar
human3_lib2.final_cell_0070,inDrop3,delta
human3_lib2.final_cell_0071,inDrop3,acinar
human3_lib2.final_cell_0072,inDrop3,acinar
human3_lib2.final_cell_0073,inDrop3,acinar
human3_lib2.final_cell_0074,inDrop3,acinar
human3_lib2.final_cell_0075,inDrop3,acinar
human3_lib2.final_cell_0076,inDrop3,acinar
human3_lib2.final_cell_0077,inDrop3,beta
human3_lib2.final_cell_0078,inDrop3,acinar
human3_lib2.final_cell_0079,inDrop3,acinar
human3_lib2.final_cell_0080,inDrop3,acinar
human3_lib2.final_cell_0081,inDrop3,acinar
human3_lib2.final_cell_0082,inDrop3,acinar
human3_lib2.final_cell_0083,inDrop3,acinar
human3_lib2.final_cell_0084,inDrop3,acinar
human3_lib2.final_cell_0085,inDrop3,beta
human3_lib2.final_cell_0086,inDrop3,acinar
human3_lib2.final_cell_0087,inDrop3,delta
human3_lib2.final_cell_0088,inDrop3,acinar
human3_lib2.final_cell_0089,inDrop3,beta
human3_lib2.final_cell_0090,inDrop3,acinar
human3_lib2.final_cell_0091,inDrop3,acinar
human3_lib2.final_cell_0092,inDrop3,delta
human3_lib2.final_cell_0093,inDrop3,acinar
human3_lib2.final_cell_0094,inDrop3,acinar
human3_lib2.final_cell_0095,inDrop3,delta
human3_lib2.final_cell_0096,inDrop3,acinar
human3_lib2.final_cell_0097,inDrop3,acinar
human3_lib2.final_cell_0098,inDrop3,acinar
human3_lib2.final_cell_0099,inDrop3,acinar
human3_lib2.final_cell_0100,inDrop3,acinar
human3_lib2.final_cell_0101,inDrop3,acinar
human3_lib2.final_cell_0102,inDrop3,acinar
human3_lib2.final_cell_0103,inDrop3,delta
human3_lib2.final_cell_0104,inDrop3,acinar
human3_lib2.final_cell_0105,inDrop3,acinar
human3_lib2.final_cell_0106,inDrop3,beta
human3_lib2.final_cell_0107,inDrop3,acinar
human3_lib2.final_cell_0108,inDrop3,acinar
human3_lib2.final_cell_0109,inDrop3,acinar
human3_lib2.final_cell_0110,inDrop3,acinar
human3_lib2.final_cell_0111,inDrop3,alpha
human3_lib2.final_cell_0112,inDrop3,acinar
human3_lib2.final_cell_0113,inDrop3,beta
human3_lib2.final_cell_0114,inDrop3,alpha
human3_lib2.final_cell_0115,inDrop3,acinar
human3_lib2.final_cell_0116,inDrop3,acinar
human3_lib2.final_cell_0117,inDrop3,acinar
human3_lib2.final_cell_0118,inDrop3,acinar
human3_lib2.final_cell_0119,inDrop3,acinar
human3_lib2.final_cell_0120,inDrop3,acinar
human3_lib2.final_cell_0121,inDrop3,gamma
human3_lib2.final_cell_0122,inDrop3,ductal
human3_lib2.final_cell_0123,inDrop3,acinar
human3_lib2.final_cell_0124,inDrop3,acinar
human3_lib2.final_cell_0125,inDrop3,acinar
human3_lib2.final_cell_0126,inDrop3,acinar
human3_lib2.final_cell_0127,inDrop3,acinar
human3_lib2.final_cell_0128,inDrop3,ductal
human3_lib2.final_cell_0129,inDrop3,acinar
human3_lib2.final_cell_0130,inDrop3,acinar
human3_lib2.final_cell_0131,inDrop3,delta
human3_lib2.final_cell_0132,inDrop3,beta
human3_lib2.final_cell_0133,inDrop3,alpha
human3_lib2.final_cell_0134,inDrop3,acinar
human3_lib2.final_cell_0135,inDrop3,acinar
human3_lib2.final_cell_0136,inDrop3,delta
human3_lib2.final_cell_0137,inDrop3,beta
human3_lib2.final_cell_0138,inDrop3,acinar
human3_lib2.final_cell_0139,inDrop3,beta
human3_lib2.final_cell_0140,inDrop3,acinar
human3_lib2.final_cell_0141,inDrop3,ductal
human3_lib2.final_cell_0142,inDrop3,alpha
human3_lib2.final_cell_0143,inDrop3,ductal
human3_lib2.final_cell_0144,inDrop3,beta
human3_lib2.final_cell_0145,inDrop3,alpha
human3_lib2.final_cell_0146,inDrop3,beta
human3_lib2.final_cell_0147,inDrop3,alpha
human3_lib2.final_cell_0148,inDrop3,acinar
human3_lib2.final_cell_0149,inDrop3,delta
human3_lib2.final_cell_0150,inDrop3,beta
human3_lib2.final_cell_0151,inDrop3,beta
human3_lib2.final_cell_0152,inDrop3,alpha
human3_lib2.final_cell_0153,inDrop3,beta
human3_lib2.final_cell_0154,inDrop3,alpha
human3_lib2.final_cell_0155,inDrop3,delta
human3_lib2.final_cell_0156,inDrop3,alpha
human3_lib2.final_cell_0157,inDrop3,beta
human3_lib2.final_cell_0158,inDrop3,acinar
human3_lib2.final_cell_0159,inDrop3,acinar
human3_lib2.final_cell_0160,inDrop3,acinar
human3_lib2.final_cell_0161,inDrop3,ductal
human3_lib2.final_cell_0162,inDrop3,ductal
human3_lib2.final_cell_0163,inDrop3,beta
human3_lib2.final_cell_0164,inDrop3,acinar
human3_lib2.final_cell_0165,inDrop3,delta
human3_lib2.final_cell_0166,inDrop3,beta
human3_lib2.final_cell_0167,inDrop3,gamma
human3_lib2.final_cell_0168,inDrop3,acinar
human3_lib2.final_cell_0169,inDrop3,beta
human3_lib2.final_cell_0170,inDrop3,beta
human3_lib2.final_cell_0171,inDrop3,acinar
human3_lib2.final_cell_0172,inDrop3,acinar
human3_lib2.final_cell_0173,inDrop3,alpha
human3_lib2.final_cell_0174,inDrop3,acinar
human3_lib2.final_cell_0175,inDrop3,beta
human3_lib2.final_cell_0176,inDrop3,alpha
human3_lib2.final_cell_0177,inDrop3,beta
human3_lib2.final_cell_0178,inDrop3,alpha
human3_lib2.final_cell_0179,inDrop3,gamma
human3_lib2.final_cell_0180,inDrop3,acinar
human3_lib2.final_cell_0181,inDrop3,alpha
human3_lib2.final_cell_0182,inDrop3,beta
human3_lib2.final_cell_0183,inDrop3,acinar
human3_lib2.final_cell_0184,inDrop3,acinar
human3_lib2.final_cell_0185,inDrop3,delta
human3_lib2.final_cell_0186,inDrop3,alpha
human3_lib2.final_cell_0187,inDrop3,ductal
human3_lib2.final_cell_0188,inDrop3,delta
human3_lib2.final_cell_0189,inDrop3,delta
human3_lib2.final_cell_0190,inDrop3,alpha
human3_lib2.final_cell_0191,inDrop3,ductal
human3_lib2.final_cell_0192,inDrop3,beta
human3_lib2.final_cell_0193,inDrop3,beta
human3_lib2.final_cell_0194,inDrop3,delta
human3_lib2.final_cell_0195,inDrop3,alpha
human3_lib2.final_cell_0196,inDrop3,beta
human3_lib2.final_cell_0197,inDrop3,alpha
human3_lib2.final_cell_0198,inDrop3,beta
human3_lib2.final_cell_0199,inDrop3,acinar
human3_lib2.final_cell_0200,inDrop3,beta
human3_lib2.final_cell_0201,inDrop3,acinar
human3_lib2.final_cell_0202,inDrop3,alpha
human3_lib2.final_cell_0203,inDrop3,beta
human3_lib2.final_cell_0204,inDrop3,beta
human3_lib2.final_cell_0205,inDrop3,alpha
human3_lib2.final_cell_0206,inDrop3,beta
human3_lib2.final_cell_0207,inDrop3,acinar
human3_lib2.final_cell_0208,inDrop3,ductal
human3_lib2.final_cell_0209,inDrop3,ductal
human3_lib2.final_cell_0210,inDrop3,beta
human3_lib2.final_cell_0211,inDrop3,alpha
human3_lib2.final_cell_0212,inDrop3,alpha
human3_lib2.final_cell_0213,inDrop3,acinar
human3_lib2.final_cell_0214,inDrop3,acinar
human3_lib2.final_cell_0215,inDrop3,gamma
human3_lib2.final_cell_0216,inDrop3,alpha
human3_lib2.final_cell_0217,inDrop3,alpha
human3_lib2.final_cell_0218,inDrop3,acinar
human3_lib2.final_cell_0219,inDrop3,beta
human3_lib2.final_cell_0220,inDrop3,delta
human3_lib2.final_cell_0221,inDrop3,alpha
human3_lib2.final_cell_0222,inDrop3,ductal
human3_lib2.final_cell_0223,inDrop3,delta
human3_lib2.final_cell_0224,inDrop3,ductal
human3_lib2.final_cell_0225,inDrop3,delta
human3_lib2.final_cell_0226,inDrop3,acinar
human3_lib2.final_cell_0227,inDrop3,ductal
human3_lib2.final_cell_0228,inDrop3,acinar
human3_lib2.final_cell_0229,inDrop3,acinar
human3_lib2.final_cell_0230,inDrop3,beta
human3_lib2.final_cell_0231,inDrop3,alpha
human3_lib2.final_cell_0232,inDrop3,ductal
human3_lib2.final_cell_0233,inDrop3,beta
human3_lib2.final_cell_0234,inDrop3,beta
human3_lib2.final_cell_0235,inDrop3,acinar
human3_lib2.final_cell_0236,inDrop3,alpha
human3_lib2.final_cell_0237,inDrop3,acinar
human3_lib2.final_cell_0238,inDrop3,alpha
human3_lib2.final_cell_0239,inDrop3,activated_stellate
human3_lib2.final_cell_0240,inDrop3,alpha
human3_lib2.final_cell_0241,inDrop3,ductal
human3_lib2.final_cell_0242,inDrop3,beta
human3_lib2.final_cell_0243,inDrop3,alpha
human3_lib2.final_cell_0244,inDrop3,beta
human3_lib2.final_cell_0245,inDrop3,delta
human3_lib2.final_cell_0246,inDrop3,alpha
human3_lib2.final_cell_0247,inDrop3,acinar
human3_lib2.final_cell_0248,inDrop3,alpha
human3_lib2.final_cell_0249,inDrop3,beta
human3_lib2.final_cell_0250,inDrop3,alpha
human3_lib2.final_cell_0251,inDrop3,alpha
human3_lib2.final_cell_0252,inDrop3,activated_stellate
human3_lib2.final_cell_0253,inDrop3,ductal
human3_lib2.final_cell_0254,inDrop3,acinar
human3_lib2.final_cell_0255,inDrop3,alpha
human3_lib2.final_cell_0256,inDrop3,alpha
human3_lib2.final_cell_0257,inDrop3,acinar
human3_lib2.final_cell_0258,inDrop3,alpha
human3_lib2.final_cell_0259,inDrop3,beta
human3_lib2.final_cell_0260,inDrop3,acinar
human3_lib2.final_cell_0261,inDrop3,beta
human3_lib2.final_cell_0262,inDrop3,ductal
human3_lib2.final_cell_0263,inDrop3,beta
human3_lib2.final_cell_0264,inDrop3,delta
human3_lib2.final_cell_0265,inDrop3,beta
human3_lib2.final_cell_0266,inDrop3,acinar
human3_lib2.final_cell_0267,inDrop3,acinar
human3_lib2.final_cell_0268,inDrop3,acinar
human3_lib2.final_cell_0269,inDrop3,acinar
human3_lib2.final_cell_0270,inDrop3,acinar
human3_lib2.final_cell_0271,inDrop3,activated_stellate
human3_lib2.final_cell_0272,inDrop3,acinar
human3_lib2.final_cell_0273,inDrop3,beta
human3_lib2.final_cell_0274,inDrop3,ductal
human3_lib2.final_cell_0275,inDrop3,alpha
human3_lib2.final_cell_0276,inDrop3,beta
human3_lib2.final_cell_0277,inDrop3,acinar
human3_lib2.final_cell_0278,inDrop3,beta
human3_lib2.final_cell_0279,inDrop3,beta
human3_lib2.final_cell_0280,inDrop3,acinar
human3_lib2.final_cell_0281,inDrop3,ductal
human3_lib2.final_cell_0282,inDrop3,beta
human3_lib2.final_cell_0283,inDrop3,acinar
human3_lib2.final_cell_0284,inDrop3,beta
human3_lib2.final_cell_0285,inDrop3,beta
human3_lib2.final_cell_0286,inDrop3,alpha
human3_lib2.final_cell_0287,inDrop3,beta
human3_lib2.final_cell_0288,inDrop3,alpha
human3_lib2.final_cell_0289,inDrop3,ductal
human3_lib2.final_cell_0290,inDrop3,alpha
human3_lib2.final_cell_0291,inDrop3,acinar
human3_lib2.final_cell_0292,inDrop3,alpha
human3_lib2.final_cell_0293,inDrop3,ductal
human3_lib2.final_cell_0294,inDrop3,activated_stellate
human3_lib2.final_cell_0295,inDrop3,alpha
human3_lib2.final_cell_0296,inDrop3,alpha
human3_lib2.final_cell_0297,inDrop3,ductal
human3_lib2.final_cell_0298,inDrop3,acinar
human3_lib2.final_cell_0299,inDrop3,acinar
human3_lib2.final_cell_0300,inDrop3,acinar
human3_lib2.final_cell_0301,inDrop3,alpha
human3_lib2.final_cell_0302,inDrop3,alpha
human3_lib2.final_cell_0303,inDrop3,alpha
human3_lib2.final_cell_0304,inDrop3,beta
human3_lib2.final_cell_0305,inDrop3,alpha
human3_lib2.final_cell_0306,inDrop3,beta
human3_lib2.final_cell_0307,inDrop3,alpha
human3_lib2.final_cell_0308,inDrop3,beta
human3_lib2.final_cell_0309,inDrop3,beta
human3_lib2.final_cell_0310,inDrop3,alpha
human3_lib2.final_cell_0311,inDrop3,delta
human3_lib2.final_cell_0312,inDrop3,alpha
human3_lib2.final_cell_0313,inDrop3,alpha
human3_lib2.final_cell_0314,inDrop3,alpha
human3_lib2.final_cell_0315,inDrop3,ductal
human3_lib2.final_cell_0316,inDrop3,ductal
human3_lib2.final_cell_0317,inDrop3,delta
human3_lib2.final_cell_0318,inDrop3,alpha
human3_lib2.final_cell_0319,inDrop3,ductal
human3_lib2.final_cell_0320,inDrop3,ductal
human3_lib2.final_cell_0321,inDrop3,alpha
human3_lib2.final_cell_0322,inDrop3,alpha
human3_lib2.final_cell_0323,inDrop3,ductal
human3_lib2.final_cell_0324,inDrop3,acinar
human3_lib2.final_cell_0325,inDrop3,beta
human3_lib2.final_cell_0326,inDrop3,beta
human3_lib2.final_cell_0327,inDrop3,alpha
human3_lib2.final_cell_0328,inDrop3,alpha
human3_lib2.final_cell_0329,inDrop3,alpha
human3_lib2.final_cell_0330,inDrop3,alpha
human3_lib2.final_cell_0331,inDrop3,beta
human3_lib2.final_cell_0332,inDrop3,beta
human3_lib2.final_cell_0333,inDrop3,ductal
human3_lib2.final_cell_0334,inDrop3,acinar
human3_lib2.final_cell_0335,inDrop3,beta
human3_lib2.final_cell_0336,inDrop3,beta
human3_lib2.final_cell_0337,inDrop3,alpha
human3_lib2.final_cell_0338,inDrop3,alpha
human3_lib2.final_cell_0339,inDrop3,beta
human3_lib2.final_cell_0340,inDrop3,ductal
human3_lib2.final_cell_0341,inDrop3,ductal
human3_lib2.final_cell_0342,inDrop3,beta
human3_lib2.final_cell_0343,inDrop3,ductal
human3_lib2.final_cell_0344,inDrop3,activated_stellate
human3_lib2.final_cell_0345,inDrop3,ductal
human3_lib2.final_cell_0346,inDrop3,beta
human3_lib2.final_cell_0347,inDrop3,beta
human3_lib2.final_cell_0348,inDrop3,alpha
human3_lib2.final_cell_0349,inDrop3,alpha
human3_lib2.final_cell_0350,inDrop3,alpha
human3_lib2.final_cell_0351,inDrop3,beta
human3_lib2.final_cell_0352,inDrop3,beta
human3_lib2.final_cell_0353,inDrop3,alpha
human3_lib2.final_cell_0354,inDrop3,beta
human3_lib2.final_cell_0355,inDrop3,beta
human3_lib2.final_cell_0356,inDrop3,alpha
human3_lib2.final_cell_0357,inDrop3,alpha
human3_lib2.final_cell_0358,inDrop3,beta
human3_lib2.final_cell_0359,inDrop3,acinar
human3_lib2.final_cell_0360,inDrop3,alpha
human3_lib2.final_cell_0361,inDrop3,beta
human3_lib2.final_cell_0362,inDrop3,alpha
human3_lib2.final_cell_0363,inDrop3,alpha
human3_lib2.final_cell_0364,inDrop3,alpha
human3_lib2.final_cell_0365,inDrop3,alpha
human3_lib2.final_cell_0366,inDrop3,beta
human3_lib2.final_cell_0367,inDrop3,beta
human3_lib2.final_cell_0368,inDrop3,activated_stellate
human3_lib2.final_cell_0369,inDrop3,beta
human3_lib2.final_cell_0370,inDrop3,activated_stellate
human3_lib2.final_cell_0371,inDrop3,beta
human3_lib2.final_cell_0372,inDrop3,alpha
human3_lib2.final_cell_0373,inDrop3,endothelial
human3_lib2.final_cell_0374,inDrop3,acinar
human3_lib2.final_cell_0375,inDrop3,ductal
human3_lib2.final_cell_0376,inDrop3,alpha
human3_lib2.final_cell_0377,inDrop3,alpha
human3_lib2.final_cell_0378,inDrop3,alpha
human3_lib2.final_cell_0379,inDrop3,ductal
human3_lib2.final_cell_0380,inDrop3,gamma
human3_lib2.final_cell_0381,inDrop3,beta
human3_lib2.final_cell_0382,inDrop3,beta
human3_lib2.final_cell_0383,inDrop3,ductal
human3_lib2.final_cell_0384,inDrop3,acinar
human3_lib2.final_cell_0385,inDrop3,alpha
human3_lib2.final_cell_0386,inDrop3,delta
human3_lib2.final_cell_0387,inDrop3,delta
human3_lib2.final_cell_0388,inDrop3,beta
human3_lib2.final_cell_0389,inDrop3,alpha
human3_lib2.final_cell_0390,inDrop3,beta
human3_lib2.final_cell_0391,inDrop3,ductal
human3_lib2.final_cell_0392,inDrop3,alpha
human3_lib2.final_cell_0393,inDrop3,alpha
human3_lib2.final_cell_0394,inDrop3,ductal
human3_lib2.final_cell_0395,inDrop3,alpha
human3_lib2.final_cell_0396,inDrop3,acinar
human3_lib2.final_cell_0397,inDrop3,alpha
human3_lib2.final_cell_0398,inDrop3,ductal
human3_lib2.final_cell_0399,inDrop3,ductal
human3_lib2.final_cell_0400,inDrop3,alpha
human3_lib2.final_cell_0401,inDrop3,alpha
human3_lib2.final_cell_0402,inDrop3,ductal
human3_lib2.final_cell_0403,inDrop3,acinar
human3_lib2.final_cell_0404,inDrop3,alpha
human3_lib2.final_cell_0405,inDrop3,alpha
human3_lib2.final_cell_0406,inDrop3,ductal
human3_lib2.final_cell_0407,inDrop3,alpha
human3_lib2.final_cell_0408,inDrop3,alpha
human3_lib2.final_cell_0409,inDrop3,ductal
human3_lib2.final_cell_0410,inDrop3,alpha
human3_lib2.final_cell_0411,inDrop3,acinar
human3_lib2.final_cell_0412,inDrop3,beta
human3_lib2.final_cell_0413,inDrop3,beta
human3_lib2.final_cell_0414,inDrop3,ductal
human3_lib2.final_cell_0415,inDrop3,alpha
human3_lib2.final_cell_0416,inDrop3,activated_stellate
human3_lib2.final_cell_0417,inDrop3,ductal
human3_lib2.final_cell_0418,inDrop3,beta
human3_lib2.final_cell_0419,inDrop3,beta
human3_lib2.final_cell_0420,inDrop3,alpha
human3_lib2.final_cell_0421,inDrop3,acinar
human3_lib2.final_cell_0422,inDrop3,beta
human3_lib2.final_cell_0423,inDrop3,alpha
human3_lib2.final_cell_0424,inDrop3,alpha
human3_lib2.final_cell_0425,inDrop3,alpha
human3_lib2.final_cell_0426,inDrop3,acinar
human3_lib2.final_cell_0427,inDrop3,alpha
human3_lib2.final_cell_0428,inDrop3,beta
human3_lib2.final_cell_0429,inDrop3,endothelial
human3_lib2.final_cell_0430,inDrop3,alpha
human3_lib2.final_cell_0431,inDrop3,alpha
human3_lib2.final_cell_0432,inDrop3,gamma
human3_lib2.final_cell_0433,inDrop3,alpha
human3_lib2.final_cell_0434,inDrop3,beta
human3_lib2.final_cell_0435,inDrop3,beta
human3_lib2.final_cell_0436,inDrop3,ductal
human3_lib2.final_cell_0437,inDrop3,delta
human3_lib2.final_cell_0438,inDrop3,beta
human3_lib2.final_cell_0439,inDrop3,beta
human3_lib2.final_cell_0440,inDrop3,alpha
human3_lib2.final_cell_0441,inDrop3,activated_stellate
human3_lib2.final_cell_0442,inDrop3,alpha
human3_lib2.final_cell_0443,inDrop3,beta
human3_lib2.final_cell_0444,inDrop3,alpha
human3_lib2.final_cell_0445,inDrop3,acinar
human3_lib2.final_cell_0446,inDrop3,alpha
human3_lib2.final_cell_0447,inDrop3,alpha
human3_lib2.final_cell_0448,inDrop3,alpha
human3_lib2.final_cell_0449,inDrop3,alpha
human3_lib2.final_cell_0450,inDrop3,beta
human3_lib2.final_cell_0451,inDrop3,alpha
human3_lib2.final_cell_0452,inDrop3,alpha
human3_lib2.final_cell_0453,inDrop3,acinar
human3_lib2.final_cell_0454,inDrop3,beta
human3_lib2.final_cell_0455,inDrop3,alpha
human3_lib2.final_cell_0456,inDrop3,alpha
human3_lib2.final_cell_0457,inDrop3,alpha
human3_lib2.final_cell_0458,inDrop3,ductal
human3_lib2.final_cell_0459,inDrop3,ductal
human3_lib2.final_cell_0460,inDrop3,ductal
human3_lib2.final_cell_0461,inDrop3,activated_stellate
human3_lib2.final_cell_0462,inDrop3,acinar
human3_lib2.final_cell_0463,inDrop3,alpha
human3_lib2.final_cell_0464,inDrop3,beta
human3_lib2.final_cell_0465,inDrop3,beta
human3_lib2.final_cell_0466,inDrop3,acinar
human3_lib2.final_cell_0467,inDrop3,alpha
human3_lib2.final_cell_0468,inDrop3,alpha
human3_lib2.final_cell_0469,inDrop3,acinar
human3_lib2.final_cell_0470,inDrop3,alpha
human3_lib2.final_cell_0471,inDrop3,alpha
human3_lib2.final_cell_0472,inDrop3,acinar
human3_lib2.final_cell_0473,inDrop3,acinar
human3_lib2.final_cell_0474,inDrop3,acinar
human3_lib2.final_cell_0475,inDrop3,delta
human3_lib2.final_cell_0476,inDrop3,ductal
human3_lib2.final_cell_0477,inDrop3,acinar
human3_lib2.final_cell_0478,inDrop3,alpha
human3_lib2.final_cell_0479,inDrop3,alpha
human3_lib2.final_cell_0480,inDrop3,alpha
human3_lib2.final_cell_0481,inDrop3,acinar
human3_lib2.final_cell_0482,inDrop3,alpha
human3_lib2.final_cell_0483,inDrop3,alpha
human3_lib2.final_cell_0484,inDrop3,alpha
human3_lib2.final_cell_0485,inDrop3,alpha
human3_lib2.final_cell_0486,inDrop3,acinar
human3_lib2.final_cell_0487,inDrop3,alpha
human3_lib2.final_cell_0488,inDrop3,alpha
human3_lib2.final_cell_0489,inDrop3,alpha
human3_lib2.final_cell_0490,inDrop3,beta
human3_lib2.final_cell_0491,inDrop3,acinar
human3_lib2.final_cell_0492,inDrop3,activated_stellate
human3_lib2.final_cell_0493,inDrop3,alpha
human3_lib2.final_cell_0494,inDrop3,quiescent_stellate
human3_lib2.final_cell_0495,inDrop3,alpha
human3_lib2.final_cell_0496,inDrop3,alpha
human3_lib2.final_cell_0497,inDrop3,acinar
human3_lib2.final_cell_0498,inDrop3,alpha
human3_lib2.final_cell_0499,inDrop3,beta
human3_lib2.final_cell_0500,inDrop3,alpha
human3_lib2.final_cell_0501,inDrop3,alpha
human3_lib2.final_cell_0502,inDrop3,ductal
human3_lib2.final_cell_0503,inDrop3,alpha
human3_lib2.final_cell_0504,inDrop3,ductal
human3_lib2.final_cell_0505,inDrop3,alpha
human3_lib2.final_cell_0506,inDrop3,acinar
human3_lib2.final_cell_0507,inDrop3,alpha
human3_lib2.final_cell_0508,inDrop3,beta
human3_lib2.final_cell_0509,inDrop3,alpha
human3_lib2.final_cell_0510,inDrop3,alpha
human3_lib2.final_cell_0511,inDrop3,beta
human3_lib2.final_cell_0512,inDrop3,beta
human3_lib2.final_cell_0513,inDrop3,alpha
human3_lib2.final_cell_0514,inDrop3,alpha
human3_lib2.final_cell_0515,inDrop3,alpha
human3_lib2.final_cell_0516,inDrop3,ductal
human3_lib2.final_cell_0517,inDrop3,alpha
human3_lib2.final_cell_0518,inDrop3,alpha
human3_lib2.final_cell_0519,inDrop3,alpha
human3_lib2.final_cell_0520,inDrop3,alpha
human3_lib2.final_cell_0521,inDrop3,alpha
human3_lib2.final_cell_0522,inDrop3,alpha
human3_lib2.final_cell_0523,inDrop3,beta
human3_lib2.final_cell_0524,inDrop3,beta
human3_lib2.final_cell_0525,inDrop3,alpha
human3_lib2.final_cell_0526,inDrop3,ductal
human3_lib2.final_cell_0527,inDrop3,ductal
human3_lib2.final_cell_0528,inDrop3,ductal
human3_lib2.final_cell_0529,inDrop3,beta
human3_lib2.final_cell_0530,inDrop3,endothelial
human3_lib2.final_cell_0531,inDrop3,alpha
human3_lib2.final_cell_0532,inDrop3,beta
human3_lib2.final_cell_0533,inDrop3,alpha
human3_lib2.final_cell_0534,inDrop3,beta
human3_lib2.final_cell_0535,inDrop3,alpha
human3_lib2.final_cell_0536,inDrop3,alpha
human3_lib2.final_cell_0537,inDrop3,alpha
human3_lib2.final_cell_0538,inDrop3,ductal
human3_lib2.final_cell_0539,inDrop3,beta
human3_lib2.final_cell_0540,inDrop3,activated_stellate
human3_lib2.final_cell_0541,inDrop3,alpha
human3_lib2.final_cell_0542,inDrop3,alpha
human3_lib2.final_cell_0543,inDrop3,alpha
human3_lib2.final_cell_0544,inDrop3,endothelial
human3_lib2.final_cell_0545,inDrop3,alpha
human3_lib2.final_cell_0546,inDrop3,beta
human3_lib2.final_cell_0547,inDrop3,acinar
human3_lib2.final_cell_0548,inDrop3,alpha
human3_lib2.final_cell_0549,inDrop3,ductal
human3_lib2.final_cell_0550,inDrop3,alpha
human3_lib2.final_cell_0551,inDrop3,alpha
human3_lib2.final_cell_0552,inDrop3,alpha
human3_lib2.final_cell_0553,inDrop3,beta
human3_lib2.final_cell_0554,inDrop3,alpha
human3_lib2.final_cell_0555,inDrop3,alpha
human3_lib2.final_cell_0556,inDrop3,alpha
human3_lib2.final_cell_0557,inDrop3,alpha
human3_lib2.final_cell_0558,inDrop3,quiescent_stellate
human3_lib2.final_cell_0559,inDrop3,alpha
human3_lib2.final_cell_0560,inDrop3,alpha
human3_lib2.final_cell_0561,inDrop3,alpha
human3_lib2.final_cell_0562,inDrop3,beta
human3_lib2.final_cell_0563,inDrop3,beta
human3_lib2.final_cell_0564,inDrop3,alpha
human3_lib2.final_cell_0565,inDrop3,alpha
human3_lib2.final_cell_0566,inDrop3,beta
human3_lib2.final_cell_0567,inDrop3,alpha
human3_lib2.final_cell_0568,inDrop3,alpha
human3_lib2.final_cell_0569,inDrop3,acinar
human3_lib2.final_cell_0570,inDrop3,ductal
human3_lib2.final_cell_0571,inDrop3,alpha
human3_lib2.final_cell_0572,inDrop3,alpha
human3_lib2.final_cell_0573,inDrop3,beta
human3_lib2.final_cell_0574,inDrop3,beta
human3_lib2.final_cell_0575,inDrop3,alpha
human3_lib2.final_cell_0576,inDrop3,acinar
human3_lib2.final_cell_0577,inDrop3,alpha
human3_lib2.final_cell_0578,inDrop3,alpha
human3_lib2.final_cell_0579,inDrop3,alpha
human3_lib2.final_cell_0580,inDrop3,macrophage
human3_lib2.final_cell_0581,inDrop3,beta
human3_lib2.final_cell_0582,inDrop3,beta
human3_lib2.final_cell_0583,inDrop3,alpha
human3_lib2.final_cell_0584,inDrop3,alpha
human3_lib2.final_cell_0585,inDrop3,ductal
human3_lib2.final_cell_0586,inDrop3,acinar
human3_lib2.final_cell_0587,inDrop3,alpha
human3_lib2.final_cell_0588,inDrop3,alpha
human3_lib2.final_cell_0589,inDrop3,alpha
human3_lib2.final_cell_0590,inDrop3,alpha
human3_lib2.final_cell_0591,inDrop3,alpha
human3_lib2.final_cell_0592,inDrop3,alpha
human3_lib2.final_cell_0593,inDrop3,activated_stellate
human3_lib2.final_cell_0594,inDrop3,beta
human3_lib2.final_cell_0595,inDrop3,alpha
human3_lib2.final_cell_0596,inDrop3,gamma
human3_lib2.final_cell_0597,inDrop3,alpha
human3_lib2.final_cell_0598,inDrop3,alpha
human3_lib2.final_cell_0599,inDrop3,ductal
human3_lib2.final_cell_0600,inDrop3,alpha
human3_lib2.final_cell_0601,inDrop3,alpha
human3_lib2.final_cell_0602,inDrop3,alpha
human3_lib2.final_cell_0603,inDrop3,alpha
human3_lib2.final_cell_0604,inDrop3,alpha
human3_lib2.final_cell_0605,inDrop3,quiescent_stellate
human3_lib2.final_cell_0606,inDrop3,ductal
human3_lib2.final_cell_0607,inDrop3,ductal
human3_lib2.final_cell_0608,inDrop3,acinar
human3_lib2.final_cell_0609,inDrop3,delta
human3_lib2.final_cell_0610,inDrop3,alpha
human3_lib2.final_cell_0611,inDrop3,ductal
human3_lib2.final_cell_0612,inDrop3,alpha
human3_lib2.final_cell_0613,inDrop3,alpha
human3_lib2.final_cell_0614,inDrop3,acinar
human3_lib2.final_cell_0615,inDrop3,delta
human3_lib2.final_cell_0616,inDrop3,acinar
human3_lib2.final_cell_0617,inDrop3,alpha
human3_lib2.final_cell_0618,inDrop3,alpha
human3_lib2.final_cell_0619,inDrop3,alpha
human3_lib2.final_cell_0620,inDrop3,acinar
human3_lib2.final_cell_0621,inDrop3,activated_stellate
human3_lib2.final_cell_0622,inDrop3,beta
human3_lib2.final_cell_0623,inDrop3,acinar
human3_lib2.final_cell_0624,inDrop3,beta
human3_lib2.final_cell_0625,inDrop3,alpha
human3_lib2.final_cell_0626,inDrop3,acinar
human3_lib2.final_cell_0627,inDrop3,beta
human3_lib2.final_cell_0628,inDrop3,alpha
human3_lib2.final_cell_0629,inDrop3,alpha
human3_lib2.final_cell_0630,inDrop3,ductal
human3_lib2.final_cell_0631,inDrop3,alpha
human3_lib2.final_cell_0632,inDrop3,ductal
human3_lib2.final_cell_0633,inDrop3,alpha
human3_lib2.final_cell_0634,inDrop3,alpha
human3_lib2.final_cell_0635,inDrop3,alpha
human3_lib2.final_cell_0636,inDrop3,acinar
human3_lib2.final_cell_0637,inDrop3,ductal
human3_lib2.final_cell_0638,inDrop3,acinar
human3_lib2.final_cell_0639,inDrop3,alpha
human3_lib2.final_cell_0640,inDrop3,delta
human3_lib2.final_cell_0641,inDrop3,alpha
human3_lib2.final_cell_0642,inDrop3,alpha
human3_lib2.final_cell_0643,inDrop3,acinar
human3_lib2.final_cell_0644,inDrop3,beta
human3_lib2.final_cell_0645,inDrop3,alpha
human3_lib2.final_cell_0646,inDrop3,acinar
human3_lib2.final_cell_0647,inDrop3,endothelial
human3_lib2.final_cell_0648,inDrop3,beta
human3_lib2.final_cell_0649,inDrop3,alpha
human3_lib2.final_cell_0650,inDrop3,activated_stellate
human3_lib2.final_cell_0651,inDrop3,activated_stellate
human3_lib2.final_cell_0652,inDrop3,acinar
human3_lib2.final_cell_0653,inDrop3,alpha
human3_lib2.final_cell_0654,inDrop3,alpha
human3_lib2.final_cell_0655,inDrop3,alpha
human3_lib2.final_cell_0656,inDrop3,alpha
human3_lib2.final_cell_0657,inDrop3,ductal
human3_lib2.final_cell_0658,inDrop3,alpha
human3_lib2.final_cell_0659,inDrop3,endothelial
human3_lib2.final_cell_0660,inDrop3,activated_stellate
human3_lib2.final_cell_0661,inDrop3,alpha
human3_lib2.final_cell_0662,inDrop3,alpha
human3_lib2.final_cell_0663,inDrop3,beta
human3_lib2.final_cell_0664,inDrop3,alpha
human3_lib2.final_cell_0665,inDrop3,beta
human3_lib2.final_cell_0666,inDrop3,alpha
human3_lib2.final_cell_0667,inDrop3,beta
human3_lib2.final_cell_0668,inDrop3,quiescent_stellate
human3_lib2.final_cell_0669,inDrop3,alpha
human3_lib2.final_cell_0670,inDrop3,ductal
human3_lib2.final_cell_0671,inDrop3,acinar
human3_lib2.final_cell_0672,inDrop3,beta
human3_lib2.final_cell_0673,inDrop3,mast
human3_lib2.final_cell_0674,inDrop3,acinar
human3_lib2.final_cell_0675,inDrop3,acinar
human3_lib2.final_cell_0676,inDrop3,beta
human3_lib2.final_cell_0677,inDrop3,beta
human3_lib2.final_cell_0678,inDrop3,beta
human3_lib2.final_cell_0679,inDrop3,alpha
human3_lib2.final_cell_0680,inDrop3,alpha
human3_lib2.final_cell_0681,inDrop3,activated_stellate
human3_lib2.final_cell_0682,inDrop3,alpha
human3_lib2.final_cell_0683,inDrop3,alpha
human3_lib2.final_cell_0684,inDrop3,acinar
human3_lib2.final_cell_0685,inDrop3,acinar
human3_lib2.final_cell_0686,inDrop3,ductal
human3_lib2.final_cell_0687,inDrop3,beta
human3_lib2.final_cell_0688,inDrop3,alpha
human3_lib2.final_cell_0689,inDrop3,acinar
human3_lib2.final_cell_0690,inDrop3,ductal
human3_lib2.final_cell_0691,inDrop3,beta
human3_lib2.final_cell_0692,inDrop3,alpha
human3_lib2.final_cell_0693,inDrop3,ductal
human3_lib2.final_cell_0694,inDrop3,alpha
human3_lib2.final_cell_0695,inDrop3,ductal
human3_lib2.final_cell_0696,inDrop3,alpha
human3_lib2.final_cell_0697,inDrop3,activated_stellate
human3_lib2.final_cell_0698,inDrop3,ductal
human3_lib2.final_cell_0699,inDrop3,beta
human3_lib2.final_cell_0700,inDrop3,alpha
human3_lib2.final_cell_0701,inDrop3,quiescent_stellate
human3_lib2.final_cell_0702,inDrop3,delta
human3_lib2.final_cell_0703,inDrop3,beta
human3_lib2.final_cell_0704,inDrop3,alpha
human3_lib2.final_cell_0705,inDrop3,ductal
human3_lib2.final_cell_0706,inDrop3,alpha
human3_lib2.final_cell_0707,inDrop3,alpha
human3_lib2.final_cell_0708,inDrop3,beta
human3_lib2.final_cell_0709,inDrop3,alpha
human3_lib2.final_cell_0710,inDrop3,acinar
human3_lib2.final_cell_0711,inDrop3,alpha
human3_lib2.final_cell_0712,inDrop3,quiescent_stellate
human3_lib2.final_cell_0713,inDrop3,ductal
human3_lib2.final_cell_0714,inDrop3,alpha
human3_lib2.final_cell_0715,inDrop3,ductal
human3_lib2.final_cell_0716,inDrop3,activated_stellate
human3_lib2.final_cell_0717,inDrop3,alpha
human3_lib2.final_cell_0718,inDrop3,beta
human3_lib2.final_cell_0719,inDrop3,alpha
human3_lib2.final_cell_0720,inDrop3,acinar
human3_lib2.final_cell_0721,inDrop3,acinar
human3_lib2.final_cell_0722,inDrop3,alpha
human3_lib2.final_cell_0723,inDrop3,alpha
human3_lib2.final_cell_0724,inDrop3,alpha
human3_lib2.final_cell_0725,inDrop3,ductal
human3_lib2.final_cell_0726,inDrop3,beta
human3_lib2.final_cell_0727,inDrop3,alpha
human3_lib2.final_cell_0728,inDrop3,acinar
human3_lib2.final_cell_0729,inDrop3,activated_stellate
human3_lib2.final_cell_0730,inDrop3,alpha
human3_lib2.final_cell_0731,inDrop3,beta
human3_lib2.final_cell_0732,inDrop3,alpha
human3_lib2.final_cell_0733,inDrop3,beta
human3_lib2.final_cell_0734,inDrop3,beta
human3_lib2.final_cell_0735,inDrop3,beta
human3_lib2.final_cell_0736,inDrop3,alpha
human3_lib2.final_cell_0737,inDrop3,macrophage
human3_lib2.final_cell_0738,inDrop3,ductal
human3_lib2.final_cell_0739,inDrop3,alpha
human3_lib2.final_cell_0740,inDrop3,beta
human3_lib2.final_cell_0741,inDrop3,alpha
human3_lib2.final_cell_0742,inDrop3,beta
human3_lib2.final_cell_0743,inDrop3,ductal
human3_lib2.final_cell_0744,inDrop3,alpha
human3_lib2.final_cell_0745,inDrop3,alpha
human3_lib2.final_cell_0746,inDrop3,alpha
human3_lib2.final_cell_0747,inDrop3,alpha
human3_lib2.final_cell_0748,inDrop3,alpha
human3_lib2.final_cell_0749,inDrop3,beta
human3_lib2.final_cell_0750,inDrop3,alpha
human3_lib2.final_cell_0751,inDrop3,beta
human3_lib2.final_cell_0752,inDrop3,ductal
human3_lib2.final_cell_0753,inDrop3,ductal
human3_lib2.final_cell_0754,inDrop3,ductal
human3_lib2.final_cell_0755,inDrop3,alpha
human3_lib2.final_cell_0756,inDrop3,ductal
human3_lib2.final_cell_0757,inDrop3,activated_stellate
human3_lib2.final_cell_0758,inDrop3,alpha
human3_lib2.final_cell_0759,inDrop3,beta
human3_lib2.final_cell_0760,inDrop3,activated_stellate
human3_lib2.final_cell_0761,inDrop3,alpha
human3_lib2.final_cell_0762,inDrop3,acinar
human3_lib2.final_cell_0763,inDrop3,acinar
human3_lib2.final_cell_0764,inDrop3,alpha
human3_lib2.final_cell_0765,inDrop3,delta
human3_lib2.final_cell_0766,inDrop3,endothelial
human3_lib2.final_cell_0767,inDrop3,quiescent_stellate
human3_lib2.final_cell_0768,inDrop3,beta
human3_lib2.final_cell_0769,inDrop3,beta
human3_lib2.final_cell_0770,inDrop3,alpha
human3_lib2.final_cell_0771,inDrop3,activated_stellate
human3_lib2.final_cell_0772,inDrop3,alpha
human3_lib2.final_cell_0773,inDrop3,beta
human3_lib2.final_cell_0774,inDrop3,acinar
human3_lib2.final_cell_0775,inDrop3,alpha
human3_lib2.final_cell_0776,inDrop3,delta
human3_lib2.final_cell_0777,inDrop3,acinar
human3_lib2.final_cell_0778,inDrop3,quiescent_stellate
human3_lib2.final_cell_0779,inDrop3,beta
human3_lib2.final_cell_0780,inDrop3,alpha
human3_lib2.final_cell_0781,inDrop3,alpha
human3_lib2.final_cell_0782,inDrop3,ductal
human3_lib2.final_cell_0783,inDrop3,alpha
human3_lib2.final_cell_0784,inDrop3,alpha
human3_lib2.final_cell_0785,inDrop3,alpha
human3_lib2.final_cell_0786,inDrop3,alpha
human3_lib2.final_cell_0787,inDrop3,alpha
human3_lib2.final_cell_0788,inDrop3,gamma
human3_lib2.final_cell_0789,inDrop3,alpha
human3_lib2.final_cell_0790,inDrop3,beta
human3_lib2.final_cell_0791,inDrop3,beta
human3_lib2.final_cell_0792,inDrop3,delta
human3_lib2.final_cell_0793,inDrop3,alpha
human3_lib2.final_cell_0794,inDrop3,activated_stellate
human3_lib2.final_cell_0795,inDrop3,alpha
human3_lib2.final_cell_0796,inDrop3,quiescent_stellate
human3_lib2.final_cell_0797,inDrop3,beta
human3_lib2.final_cell_0798,inDrop3,mast
human3_lib2.final_cell_0799,inDrop3,alpha
human3_lib2.final_cell_0800,inDrop3,acinar
human3_lib2.final_cell_0801,inDrop3,alpha
human3_lib2.final_cell_0802,inDrop3,alpha
human3_lib2.final_cell_0803,inDrop3,endothelial
human3_lib2.final_cell_0804,inDrop3,beta
human3_lib2.final_cell_0805,inDrop3,macrophage
human3_lib2.final_cell_0806,inDrop3,ductal
human3_lib2.final_cell_0807,inDrop3,beta
human3_lib2.final_cell_0808,inDrop3,beta
human3_lib2.final_cell_0809,inDrop3,beta
human3_lib2.final_cell_0810,inDrop3,alpha
human3_lib2.final_cell_0811,inDrop3,beta
human3_lib2.final_cell_0812,inDrop3,alpha
human3_lib2.final_cell_0813,inDrop3,mast
human3_lib2.final_cell_0814,inDrop3,alpha
human3_lib2.final_cell_0815,inDrop3,alpha
human3_lib2.final_cell_0816,inDrop3,beta
human3_lib2.final_cell_0817,inDrop3,endothelial
human3_lib2.final_cell_0818,inDrop3,acinar
human3_lib2.final_cell_0819,inDrop3,endothelial
human3_lib2.final_cell_0820,inDrop3,beta
human3_lib2.final_cell_0821,inDrop3,beta
human3_lib2.final_cell_0822,inDrop3,alpha
human3_lib2.final_cell_0823,inDrop3,quiescent_stellate
human3_lib2.final_cell_0824,inDrop3,ductal
human3_lib2.final_cell_0825,inDrop3,ductal
human3_lib2.final_cell_0826,inDrop3,beta
human3_lib2.final_cell_0827,inDrop3,beta
human3_lib2.final_cell_0828,inDrop3,alpha
human3_lib2.final_cell_0829,inDrop3,beta
human3_lib2.final_cell_0830,inDrop3,beta
human3_lib2.final_cell_0831,inDrop3,beta
human3_lib2.final_cell_0832,inDrop3,quiescent_stellate
human3_lib2.final_cell_0833,inDrop3,quiescent_stellate
human3_lib2.final_cell_0834,inDrop3,beta
human3_lib2.final_cell_0835,inDrop3,alpha
human3_lib2.final_cell_0836,inDrop3,delta
human3_lib2.final_cell_0837,inDrop3,alpha
human3_lib2.final_cell_0838,inDrop3,ductal
human3_lib2.final_cell_0839,inDrop3,acinar
human3_lib2.final_cell_0840,inDrop3,alpha
human3_lib2.final_cell_0841,inDrop3,alpha
human3_lib2.final_cell_0842,inDrop3,alpha
human3_lib2.final_cell_0843,inDrop3,quiescent_stellate
human3_lib2.final_cell_0844,inDrop3,alpha
human3_lib2.final_cell_0845,inDrop3,beta
human3_lib2.final_cell_0846,inDrop3,endothelial
human3_lib2.final_cell_0847,inDrop3,activated_stellate
human3_lib2.final_cell_0848,inDrop3,alpha
human3_lib2.final_cell_0849,inDrop3,alpha
human3_lib2.final_cell_0850,inDrop3,beta
human3_lib2.final_cell_0851,inDrop3,alpha
human3_lib2.final_cell_0852,inDrop3,beta
human3_lib2.final_cell_0853,inDrop3,beta
human3_lib2.final_cell_0854,inDrop3,alpha
human3_lib2.final_cell_0855,inDrop3,ductal
human3_lib2.final_cell_0856,inDrop3,endothelial
human3_lib2.final_cell_0857,inDrop3,endothelial
human3_lib2.final_cell_0858,inDrop3,endothelial
human3_lib2.final_cell_0859,inDrop3,beta
human3_lib2.final_cell_0860,inDrop3,beta
human3_lib2.final_cell_0861,inDrop3,quiescent_stellate
human3_lib2.final_cell_0862,inDrop3,beta
human3_lib2.final_cell_0863,inDrop3,beta
human3_lib2.final_cell_0864,inDrop3,beta
human3_lib2.final_cell_0865,inDrop3,beta
human3_lib2.final_cell_0866,inDrop3,ductal
human3_lib2.final_cell_0867,inDrop3,beta
human3_lib2.final_cell_0868,inDrop3,ductal
human3_lib2.final_cell_0869,inDrop3,endothelial
human3_lib2.final_cell_0870,inDrop3,endothelial
human3_lib2.final_cell_0871,inDrop3,alpha
human3_lib2.final_cell_0872,inDrop3,beta
human3_lib2.final_cell_0873,inDrop3,activated_stellate
human3_lib2.final_cell_0874,inDrop3,beta
human3_lib2.final_cell_0875,inDrop3,alpha
human3_lib3.final_cell_0001,inDrop3,acinar
human3_lib3.final_cell_0002,inDrop3,acinar
human3_lib3.final_cell_0003,inDrop3,acinar
human3_lib3.final_cell_0004,inDrop3,acinar
human3_lib3.final_cell_0005,inDrop3,acinar
human3_lib3.final_cell_0006,inDrop3,acinar
human3_lib3.final_cell_0007,inDrop3,acinar
human3_lib3.final_cell_0008,inDrop3,acinar
human3_lib3.final_cell_0009,inDrop3,acinar
human3_lib3.final_cell_0010,inDrop3,acinar
human3_lib3.final_cell_0011,inDrop3,acinar
human3_lib3.final_cell_0012,inDrop3,acinar
human3_lib3.final_cell_0013,inDrop3,acinar
human3_lib3.final_cell_0014,inDrop3,acinar
human3_lib3.final_cell_0015,inDrop3,acinar
human3_lib3.final_cell_0016,inDrop3,acinar
human3_lib3.final_cell_0017,inDrop3,acinar
human3_lib3.final_cell_0018,inDrop3,acinar
human3_lib3.final_cell_0019,inDrop3,acinar
human3_lib3.final_cell_0020,inDrop3,acinar
human3_lib3.final_cell_0021,inDrop3,acinar
human3_lib3.final_cell_0022,inDrop3,acinar
human3_lib3.final_cell_0023,inDrop3,acinar
human3_lib3.final_cell_0024,inDrop3,acinar
human3_lib3.final_cell_0025,inDrop3,acinar
human3_lib3.final_cell_0026,inDrop3,acinar
human3_lib3.final_cell_0027,inDrop3,acinar
human3_lib3.final_cell_0028,inDrop3,acinar
human3_lib3.final_cell_0029,inDrop3,acinar
human3_lib3.final_cell_0030,inDrop3,acinar
human3_lib3.final_cell_0031,inDrop3,acinar
human3_lib3.final_cell_0032,inDrop3,alpha
human3_lib3.final_cell_0033,inDrop3,acinar
human3_lib3.final_cell_0034,inDrop3,delta
human3_lib3.final_cell_0035,inDrop3,acinar
human3_lib3.final_cell_0036,inDrop3,acinar
human3_lib3.final_cell_0037,inDrop3,acinar
human3_lib3.final_cell_0038,inDrop3,acinar
human3_lib3.final_cell_0039,inDrop3,acinar
human3_lib3.final_cell_0040,inDrop3,acinar
human3_lib3.final_cell_0041,inDrop3,acinar
human3_lib3.final_cell_0042,inDrop3,acinar
human3_lib3.final_cell_0043,inDrop3,acinar
human3_lib3.final_cell_0044,inDrop3,acinar
human3_lib3.final_cell_0045,inDrop3,acinar
human3_lib3.final_cell_0046,inDrop3,acinar
human3_lib3.final_cell_0047,inDrop3,acinar
human3_lib3.final_cell_0048,inDrop3,acinar
human3_lib3.final_cell_0049,inDrop3,acinar
human3_lib3.final_cell_0050,inDrop3,acinar
human3_lib3.final_cell_0051,inDrop3,acinar
human3_lib3.final_cell_0052,inDrop3,beta
human3_lib3.final_cell_0053,inDrop3,acinar
human3_lib3.final_cell_0054,inDrop3,beta
human3_lib3.final_cell_0055,inDrop3,acinar
human3_lib3.final_cell_0056,inDrop3,acinar
human3_lib3.final_cell_0057,inDrop3,acinar
human3_lib3.final_cell_0058,inDrop3,acinar
human3_lib3.final_cell_0059,inDrop3,acinar
human3_lib3.final_cell_0060,inDrop3,acinar
human3_lib3.final_cell_0061,inDrop3,acinar
human3_lib3.final_cell_0062,inDrop3,acinar
human3_lib3.final_cell_0063,inDrop3,acinar
human3_lib3.final_cell_0064,inDrop3,acinar
human3_lib3.final_cell_0065,inDrop3,acinar
human3_lib3.final_cell_0066,inDrop3,acinar
human3_lib3.final_cell_0067,inDrop3,acinar
human3_lib3.final_cell_0068,inDrop3,acinar
human3_lib3.final_cell_0069,inDrop3,acinar
human3_lib3.final_cell_0070,inDrop3,acinar
human3_lib3.final_cell_0071,inDrop3,acinar
human3_lib3.final_cell_0072,inDrop3,acinar
human3_lib3.final_cell_0073,inDrop3,acinar
human3_lib3.final_cell_0074,inDrop3,acinar
human3_lib3.final_cell_0075,inDrop3,acinar
human3_lib3.final_cell_0076,inDrop3,acinar
human3_lib3.final_cell_0077,inDrop3,acinar
human3_lib3.final_cell_0078,inDrop3,acinar
human3_lib3.final_cell_0079,inDrop3,acinar
human3_lib3.final_cell_0080,inDrop3,acinar
human3_lib3.final_cell_0081,inDrop3,acinar
human3_lib3.final_cell_0082,inDrop3,acinar
human3_lib3.final_cell_0083,inDrop3,ductal
human3_lib3.final_cell_0084,inDrop3,acinar
human3_lib3.final_cell_0085,inDrop3,acinar
human3_lib3.final_cell_0086,inDrop3,beta
human3_lib3.final_cell_0087,inDrop3,beta
human3_lib3.final_cell_0088,inDrop3,acinar
human3_lib3.final_cell_0089,inDrop3,acinar
human3_lib3.final_cell_0090,inDrop3,acinar
human3_lib3.final_cell_0091,inDrop3,delta
human3_lib3.final_cell_0092,inDrop3,acinar
human3_lib3.final_cell_0093,inDrop3,beta
human3_lib3.final_cell_0094,inDrop3,acinar
human3_lib3.final_cell_0095,inDrop3,acinar
human3_lib3.final_cell_0096,inDrop3,acinar
human3_lib3.final_cell_0097,inDrop3,alpha
human3_lib3.final_cell_0098,inDrop3,acinar
human3_lib3.final_cell_0099,inDrop3,acinar
human3_lib3.final_cell_0100,inDrop3,acinar
human3_lib3.final_cell_0101,inDrop3,acinar
human3_lib3.final_cell_0102,inDrop3,delta
human3_lib3.final_cell_0103,inDrop3,acinar
human3_lib3.final_cell_0104,inDrop3,alpha
human3_lib3.final_cell_0105,inDrop3,beta
human3_lib3.final_cell_0106,inDrop3,acinar
human3_lib3.final_cell_0107,inDrop3,beta
human3_lib3.final_cell_0108,inDrop3,beta
human3_lib3.final_cell_0109,inDrop3,acinar
human3_lib3.final_cell_0110,inDrop3,ductal
human3_lib3.final_cell_0111,inDrop3,acinar
human3_lib3.final_cell_0112,inDrop3,beta
human3_lib3.final_cell_0113,inDrop3,acinar
human3_lib3.final_cell_0114,inDrop3,alpha
human3_lib3.final_cell_0115,inDrop3,alpha
human3_lib3.final_cell_0116,inDrop3,alpha
human3_lib3.final_cell_0117,inDrop3,activated_stellate
human3_lib3.final_cell_0118,inDrop3,acinar
human3_lib3.final_cell_0119,inDrop3,acinar
human3_lib3.final_cell_0120,inDrop3,acinar
human3_lib3.final_cell_0121,inDrop3,beta
human3_lib3.final_cell_0122,inDrop3,acinar
human3_lib3.final_cell_0123,inDrop3,acinar
human3_lib3.final_cell_0124,inDrop3,beta
human3_lib3.final_cell_0125,inDrop3,alpha
human3_lib3.final_cell_0126,inDrop3,acinar
human3_lib3.final_cell_0127,inDrop3,alpha
human3_lib3.final_cell_0128,inDrop3,acinar
human3_lib3.final_cell_0129,inDrop3,acinar
human3_lib3.final_cell_0130,inDrop3,alpha
human3_lib3.final_cell_0131,inDrop3,beta
human3_lib3.final_cell_0132,inDrop3,acinar
human3_lib3.final_cell_0133,inDrop3,alpha
human3_lib3.final_cell_0134,inDrop3,activated_stellate
human3_lib3.final_cell_0135,inDrop3,acinar
human3_lib3.final_cell_0136,inDrop3,beta
human3_lib3.final_cell_0137,inDrop3,beta
human3_lib3.final_cell_0138,inDrop3,beta
human3_lib3.final_cell_0139,inDrop3,acinar
human3_lib3.final_cell_0140,inDrop3,beta
human3_lib3.final_cell_0141,inDrop3,beta
human3_lib3.final_cell_0142,inDrop3,beta
human3_lib3.final_cell_0143,inDrop3,acinar
human3_lib3.final_cell_0144,inDrop3,acinar
human3_lib3.final_cell_0145,inDrop3,acinar
human3_lib3.final_cell_0146,inDrop3,endothelial
human3_lib3.final_cell_0147,inDrop3,alpha
human3_lib3.final_cell_0148,inDrop3,beta
human3_lib3.final_cell_0149,inDrop3,delta
human3_lib3.final_cell_0150,inDrop3,beta
human3_lib3.final_cell_0151,inDrop3,beta
human3_lib3.final_cell_0152,inDrop3,acinar
human3_lib3.final_cell_0153,inDrop3,beta
human3_lib3.final_cell_0154,inDrop3,activated_stellate
human3_lib3.final_cell_0155,inDrop3,acinar
human3_lib3.final_cell_0156,inDrop3,acinar
human3_lib3.final_cell_0157,inDrop3,acinar
human3_lib3.final_cell_0158,inDrop3,alpha
human3_lib3.final_cell_0159,inDrop3,delta
human3_lib3.final_cell_0160,inDrop3,acinar
human3_lib3.final_cell_0161,inDrop3,beta
human3_lib3.final_cell_0162,inDrop3,acinar
human3_lib3.final_cell_0163,inDrop3,acinar
human3_lib3.final_cell_0164,inDrop3,acinar
human3_lib3.final_cell_0165,inDrop3,beta
human3_lib3.final_cell_0166,inDrop3,acinar
human3_lib3.final_cell_0167,inDrop3,beta
human3_lib3.final_cell_0168,inDrop3,acinar
human3_lib3.final_cell_0169,inDrop3,beta
human3_lib3.final_cell_0170,inDrop3,acinar
human3_lib3.final_cell_0171,inDrop3,alpha
human3_lib3.final_cell_0172,inDrop3,ductal
human3_lib3.final_cell_0173,inDrop3,acinar
human3_lib3.final_cell_0174,inDrop3,acinar
human3_lib3.final_cell_0175,inDrop3,activated_stellate
human3_lib3.final_cell_0176,inDrop3,acinar
human3_lib3.final_cell_0177,inDrop3,acinar
human3_lib3.final_cell_0178,inDrop3,beta
human3_lib3.final_cell_0179,inDrop3,acinar
human3_lib3.final_cell_0180,inDrop3,acinar
human3_lib3.final_cell_0181,inDrop3,beta
human3_lib3.final_cell_0182,inDrop3,activated_stellate
human3_lib3.final_cell_0183,inDrop3,alpha
human3_lib3.final_cell_0184,inDrop3,beta
human3_lib3.final_cell_0185,inDrop3,beta
human3_lib3.final_cell_0186,inDrop3,acinar
human3_lib3.final_cell_0187,inDrop3,beta
human3_lib3.final_cell_0188,inDrop3,acinar
human3_lib3.final_cell_0189,inDrop3,alpha
human3_lib3.final_cell_0190,inDrop3,beta
human3_lib3.final_cell_0191,inDrop3,acinar
human3_lib3.final_cell_0192,inDrop3,acinar
human3_lib3.final_cell_0193,inDrop3,beta
human3_lib3.final_cell_0194,inDrop3,acinar
human3_lib3.final_cell_0195,inDrop3,acinar
human3_lib3.final_cell_0196,inDrop3,alpha
human3_lib3.final_cell_0197,inDrop3,beta
human3_lib3.final_cell_0198,inDrop3,acinar
human3_lib3.final_cell_0199,inDrop3,beta
human3_lib3.final_cell_0200,inDrop3,beta
human3_lib3.final_cell_0201,inDrop3,acinar
human3_lib3.final_cell_0202,inDrop3,beta
human3_lib3.final_cell_0203,inDrop3,acinar
human3_lib3.final_cell_0204,inDrop3,acinar
human3_lib3.final_cell_0205,inDrop3,acinar
human3_lib3.final_cell_0206,inDrop3,beta
human3_lib3.final_cell_0207,inDrop3,acinar
human3_lib3.final_cell_0208,inDrop3,acinar
human3_lib3.final_cell_0209,inDrop3,beta
human3_lib3.final_cell_0210,inDrop3,beta
human3_lib3.final_cell_0211,inDrop3,delta
human3_lib3.final_cell_0212,inDrop3,alpha
human3_lib3.final_cell_0213,inDrop3,endothelial
human3_lib3.final_cell_0214,inDrop3,acinar
human3_lib3.final_cell_0215,inDrop3,beta
human3_lib3.final_cell_0216,inDrop3,alpha
human3_lib3.final_cell_0217,inDrop3,alpha
human3_lib3.final_cell_0218,inDrop3,beta
human3_lib3.final_cell_0219,inDrop3,alpha
human3_lib3.final_cell_0220,inDrop3,acinar
human3_lib3.final_cell_0221,inDrop3,acinar
human3_lib3.final_cell_0222,inDrop3,alpha
human3_lib3.final_cell_0223,inDrop3,acinar
human3_lib3.final_cell_0224,inDrop3,ductal
human3_lib3.final_cell_0225,inDrop3,beta
human3_lib3.final_cell_0226,inDrop3,acinar
human3_lib3.final_cell_0227,inDrop3,acinar
human3_lib3.final_cell_0228,inDrop3,acinar
human3_lib3.final_cell_0229,inDrop3,acinar
human3_lib3.final_cell_0230,inDrop3,ductal
human3_lib3.final_cell_0231,inDrop3,acinar
human3_lib3.final_cell_0232,inDrop3,beta
human3_lib3.final_cell_0233,inDrop3,acinar
human3_lib3.final_cell_0234,inDrop3,alpha
human3_lib3.final_cell_0235,inDrop3,acinar
human3_lib3.final_cell_0236,inDrop3,beta
human3_lib3.final_cell_0237,inDrop3,gamma
human3_lib3.final_cell_0238,inDrop3,beta
human3_lib3.final_cell_0239,inDrop3,beta
human3_lib3.final_cell_0240,inDrop3,alpha
human3_lib3.final_cell_0241,inDrop3,acinar
human3_lib3.final_cell_0242,inDrop3,alpha
human3_lib3.final_cell_0243,inDrop3,acinar
human3_lib3.final_cell_0244,inDrop3,ductal
human3_lib3.final_cell_0245,inDrop3,alpha
human3_lib3.final_cell_0246,inDrop3,beta
human3_lib3.final_cell_0247,inDrop3,beta
human3_lib3.final_cell_0248,inDrop3,beta
human3_lib3.final_cell_0249,inDrop3,beta
human3_lib3.final_cell_0250,inDrop3,ductal
human3_lib3.final_cell_0251,inDrop3,beta
human3_lib3.final_cell_0252,inDrop3,ductal
human3_lib3.final_cell_0253,inDrop3,beta
human3_lib3.final_cell_0254,inDrop3,beta
human3_lib3.final_cell_0255,inDrop3,ductal
human3_lib3.final_cell_0256,inDrop3,beta
human3_lib3.final_cell_0257,inDrop3,beta
human3_lib3.final_cell_0258,inDrop3,acinar
human3_lib3.final_cell_0259,inDrop3,beta
human3_lib3.final_cell_0260,inDrop3,beta
human3_lib3.final_cell_0261,inDrop3,alpha
human3_lib3.final_cell_0262,inDrop3,acinar
human3_lib3.final_cell_0263,inDrop3,beta
human3_lib3.final_cell_0264,inDrop3,delta
human3_lib3.final_cell_0265,inDrop3,activated_stellate
human3_lib3.final_cell_0266,inDrop3,acinar
human3_lib3.final_cell_0267,inDrop3,ductal
human3_lib3.final_cell_0268,inDrop3,acinar
human3_lib3.final_cell_0269,inDrop3,beta
human3_lib3.final_cell_0270,inDrop3,beta
human3_lib3.final_cell_0271,inDrop3,ductal
human3_lib3.final_cell_0272,inDrop3,acinar
human3_lib3.final_cell_0273,inDrop3,alpha
human3_lib3.final_cell_0274,inDrop3,delta
human3_lib3.final_cell_0275,inDrop3,beta
human3_lib3.final_cell_0276,inDrop3,acinar
human3_lib3.final_cell_0277,inDrop3,alpha
human3_lib3.final_cell_0278,inDrop3,ductal
human3_lib3.final_cell_0279,inDrop3,beta
human3_lib3.final_cell_0280,inDrop3,alpha
human3_lib3.final_cell_0281,inDrop3,alpha
human3_lib3.final_cell_0282,inDrop3,beta
human3_lib3.final_cell_0283,inDrop3,activated_stellate
human3_lib3.final_cell_0284,inDrop3,acinar
human3_lib3.final_cell_0285,inDrop3,delta
human3_lib3.final_cell_0286,inDrop3,beta
human3_lib3.final_cell_0287,inDrop3,alpha
human3_lib3.final_cell_0288,inDrop3,ductal
human3_lib3.final_cell_0289,inDrop3,acinar
human3_lib3.final_cell_0290,inDrop3,ductal
human3_lib3.final_cell_0291,inDrop3,alpha
human3_lib3.final_cell_0292,inDrop3,endothelial
human3_lib3.final_cell_0293,inDrop3,acinar
human3_lib3.final_cell_0294,inDrop3,alpha
human3_lib3.final_cell_0295,inDrop3,alpha
human3_lib3.final_cell_0296,inDrop3,acinar
human3_lib3.final_cell_0297,inDrop3,beta
human3_lib3.final_cell_0298,inDrop3,beta
human3_lib3.final_cell_0299,inDrop3,ductal
human3_lib3.final_cell_0300,inDrop3,ductal
human3_lib3.final_cell_0301,inDrop3,acinar
human3_lib3.final_cell_0302,inDrop3,ductal
human3_lib3.final_cell_0303,inDrop3,delta
human3_lib3.final_cell_0304,inDrop3,beta
human3_lib3.final_cell_0305,inDrop3,delta
human3_lib3.final_cell_0306,inDrop3,acinar
human3_lib3.final_cell_0307,inDrop3,delta
human3_lib3.final_cell_0308,inDrop3,alpha
human3_lib3.final_cell_0309,inDrop3,alpha
human3_lib3.final_cell_0310,inDrop3,beta
human3_lib3.final_cell_0311,inDrop3,endothelial
human3_lib3.final_cell_0312,inDrop3,ductal
human3_lib3.final_cell_0313,inDrop3,beta
human3_lib3.final_cell_0314,inDrop3,beta
human3_lib3.final_cell_0315,inDrop3,alpha
human3_lib3.final_cell_0316,inDrop3,acinar
human3_lib3.final_cell_0317,inDrop3,alpha
human3_lib3.final_cell_0318,inDrop3,delta
human3_lib3.final_cell_0319,inDrop3,alpha
human3_lib3.final_cell_0320,inDrop3,alpha
human3_lib3.final_cell_0321,inDrop3,beta
human3_lib3.final_cell_0322,inDrop3,ductal
human3_lib3.final_cell_0323,inDrop3,beta
human3_lib3.final_cell_0324,inDrop3,macrophage
human3_lib3.final_cell_0325,inDrop3,alpha
human3_lib3.final_cell_0326,inDrop3,delta
human3_lib3.final_cell_0327,inDrop3,ductal
human3_lib3.final_cell_0328,inDrop3,beta
human3_lib3.final_cell_0329,inDrop3,ductal
human3_lib3.final_cell_0330,inDrop3,alpha
human3_lib3.final_cell_0331,inDrop3,delta
human3_lib3.final_cell_0332,inDrop3,beta
human3_lib3.final_cell_0333,inDrop3,acinar
human3_lib3.final_cell_0334,inDrop3,ductal
human3_lib3.final_cell_0335,inDrop3,ductal
human3_lib3.final_cell_0336,inDrop3,beta
human3_lib3.final_cell_0337,inDrop3,alpha
human3_lib3.final_cell_0338,inDrop3,alpha
human3_lib3.final_cell_0339,inDrop3,acinar
human3_lib3.final_cell_0340,inDrop3,beta
human3_lib3.final_cell_0341,inDrop3,ductal
human3_lib3.final_cell_0342,inDrop3,ductal
human3_lib3.final_cell_0343,inDrop3,beta
human3_lib3.final_cell_0344,inDrop3,alpha
human3_lib3.final_cell_0345,inDrop3,delta
human3_lib3.final_cell_0346,inDrop3,alpha
human3_lib3.final_cell_0347,inDrop3,alpha
human3_lib3.final_cell_0348,inDrop3,alpha
human3_lib3.final_cell_0349,inDrop3,beta
human3_lib3.final_cell_0350,inDrop3,beta
human3_lib3.final_cell_0351,inDrop3,beta
human3_lib3.final_cell_0352,inDrop3,alpha
human3_lib3.final_cell_0353,inDrop3,alpha
human3_lib3.final_cell_0354,inDrop3,acinar
human3_lib3.final_cell_0355,inDrop3,acinar
human3_lib3.final_cell_0356,inDrop3,beta
human3_lib3.final_cell_0357,inDrop3,alpha
human3_lib3.final_cell_0358,inDrop3,alpha
human3_lib3.final_cell_0359,inDrop3,beta
human3_lib3.final_cell_0360,inDrop3,alpha
human3_lib3.final_cell_0361,inDrop3,acinar
human3_lib3.final_cell_0362,inDrop3,delta
human3_lib3.final_cell_0363,inDrop3,acinar
human3_lib3.final_cell_0364,inDrop3,beta
human3_lib3.final_cell_0365,inDrop3,alpha
human3_lib3.final_cell_0366,inDrop3,ductal
human3_lib3.final_cell_0367,inDrop3,beta
human3_lib3.final_cell_0368,inDrop3,alpha
human3_lib3.final_cell_0369,inDrop3,alpha
human3_lib3.final_cell_0370,inDrop3,alpha
human3_lib3.final_cell_0371,inDrop3,beta
human3_lib3.final_cell_0372,inDrop3,alpha
human3_lib3.final_cell_0373,inDrop3,gamma
human3_lib3.final_cell_0374,inDrop3,delta
human3_lib3.final_cell_0375,inDrop3,endothelial
human3_lib3.final_cell_0376,inDrop3,alpha
human3_lib3.final_cell_0377,inDrop3,beta
human3_lib3.final_cell_0378,inDrop3,alpha
human3_lib3.final_cell_0379,inDrop3,delta
human3_lib3.final_cell_0380,inDrop3,beta
human3_lib3.final_cell_0381,inDrop3,delta
human3_lib3.final_cell_0382,inDrop3,ductal
human3_lib3.final_cell_0383,inDrop3,beta
human3_lib3.final_cell_0384,inDrop3,alpha
human3_lib3.final_cell_0385,inDrop3,acinar
human3_lib3.final_cell_0386,inDrop3,alpha
human3_lib3.final_cell_0387,inDrop3,beta
human3_lib3.final_cell_0388,inDrop3,ductal
human3_lib3.final_cell_0389,inDrop3,beta
human3_lib3.final_cell_0390,inDrop3,alpha
human3_lib3.final_cell_0391,inDrop3,beta
human3_lib3.final_cell_0392,inDrop3,ductal
human3_lib3.final_cell_0393,inDrop3,acinar
human3_lib3.final_cell_0394,inDrop3,alpha
human3_lib3.final_cell_0395,inDrop3,beta
human3_lib3.final_cell_0396,inDrop3,acinar
human3_lib3.final_cell_0397,inDrop3,alpha
human3_lib3.final_cell_0398,inDrop3,alpha
human3_lib3.final_cell_0399,inDrop3,alpha
human3_lib3.final_cell_0400,inDrop3,alpha
human3_lib3.final_cell_0401,inDrop3,beta
human3_lib3.final_cell_0402,inDrop3,ductal
human3_lib3.final_cell_0403,inDrop3,beta
human3_lib3.final_cell_0404,inDrop3,alpha
human3_lib3.final_cell_0405,inDrop3,alpha
human3_lib3.final_cell_0406,inDrop3,acinar
human3_lib3.final_cell_0407,inDrop3,ductal
human3_lib3.final_cell_0408,inDrop3,beta
human3_lib3.final_cell_0409,inDrop3,ductal
human3_lib3.final_cell_0410,inDrop3,alpha
human3_lib3.final_cell_0411,inDrop3,beta
human3_lib3.final_cell_0412,inDrop3,beta
human3_lib3.final_cell_0413,inDrop3,macrophage
human3_lib3.final_cell_0414,inDrop3,beta
human3_lib3.final_cell_0415,inDrop3,acinar
human3_lib3.final_cell_0416,inDrop3,beta
human3_lib3.final_cell_0417,inDrop3,ductal
human3_lib3.final_cell_0418,inDrop3,beta
human3_lib3.final_cell_0419,inDrop3,beta
human3_lib3.final_cell_0420,inDrop3,ductal
human3_lib3.final_cell_0421,inDrop3,alpha
human3_lib3.final_cell_0422,inDrop3,beta
human3_lib3.final_cell_0423,inDrop3,alpha
human3_lib3.final_cell_0424,inDrop3,alpha
human3_lib3.final_cell_0425,inDrop3,alpha
human3_lib3.final_cell_0426,inDrop3,alpha
human3_lib3.final_cell_0427,inDrop3,alpha
human3_lib3.final_cell_0428,inDrop3,beta
human3_lib3.final_cell_0429,inDrop3,beta
human3_lib3.final_cell_0430,inDrop3,alpha
human3_lib3.final_cell_0431,inDrop3,alpha
human3_lib3.final_cell_0432,inDrop3,beta
human3_lib3.final_cell_0433,inDrop3,endothelial
human3_lib3.final_cell_0434,inDrop3,alpha
human3_lib3.final_cell_0435,inDrop3,beta
human3_lib3.final_cell_0436,inDrop3,alpha
human3_lib3.final_cell_0437,inDrop3,ductal
human3_lib3.final_cell_0438,inDrop3,endothelial
human3_lib3.final_cell_0439,inDrop3,alpha
human3_lib3.final_cell_0440,inDrop3,acinar
human3_lib3.final_cell_0441,inDrop3,ductal
human3_lib3.final_cell_0442,inDrop3,activated_stellate
human3_lib3.final_cell_0443,inDrop3,alpha
human3_lib3.final_cell_0444,inDrop3,beta
human3_lib3.final_cell_0445,inDrop3,beta
human3_lib3.final_cell_0446,inDrop3,alpha
human3_lib3.final_cell_0447,inDrop3,endothelial
human3_lib3.final_cell_0448,inDrop3,alpha
human3_lib3.final_cell_0449,inDrop3,ductal
human3_lib3.final_cell_0450,inDrop3,delta
human3_lib3.final_cell_0451,inDrop3,alpha
human3_lib3.final_cell_0452,inDrop3,alpha
human3_lib3.final_cell_0453,inDrop3,acinar
human3_lib3.final_cell_0454,inDrop3,ductal
human3_lib3.final_cell_0455,inDrop3,alpha
human3_lib3.final_cell_0456,inDrop3,alpha
human3_lib3.final_cell_0457,inDrop3,alpha
human3_lib3.final_cell_0458,inDrop3,alpha
human3_lib3.final_cell_0459,inDrop3,ductal
human3_lib3.final_cell_0460,inDrop3,alpha
human3_lib3.final_cell_0461,inDrop3,ductal
human3_lib3.final_cell_0462,inDrop3,alpha
human3_lib3.final_cell_0463,inDrop3,alpha
human3_lib3.final_cell_0464,inDrop3,beta
human3_lib3.final_cell_0465,inDrop3,beta
human3_lib3.final_cell_0466,inDrop3,beta
human3_lib3.final_cell_0467,inDrop3,acinar
human3_lib3.final_cell_0468,inDrop3,alpha
human3_lib3.final_cell_0469,inDrop3,alpha
human3_lib3.final_cell_0470,inDrop3,alpha
human3_lib3.final_cell_0471,inDrop3,ductal
human3_lib3.final_cell_0472,inDrop3,alpha
human3_lib3.final_cell_0473,inDrop3,acinar
human3_lib3.final_cell_0474,inDrop3,alpha
human3_lib3.final_cell_0475,inDrop3,beta
human3_lib3.final_cell_0476,inDrop3,beta
human3_lib3.final_cell_0477,inDrop3,delta
human3_lib3.final_cell_0478,inDrop3,acinar
human3_lib3.final_cell_0479,inDrop3,alpha
human3_lib3.final_cell_0480,inDrop3,alpha
human3_lib3.final_cell_0481,inDrop3,beta
human3_lib3.final_cell_0482,inDrop3,alpha
human3_lib3.final_cell_0483,inDrop3,acinar
human3_lib3.final_cell_0484,inDrop3,gamma
human3_lib3.final_cell_0485,inDrop3,alpha
human3_lib3.final_cell_0486,inDrop3,alpha
human3_lib3.final_cell_0487,inDrop3,beta
human3_lib3.final_cell_0488,inDrop3,alpha
human3_lib3.final_cell_0489,inDrop3,beta
human3_lib3.final_cell_0490,inDrop3,ductal
human3_lib3.final_cell_0491,inDrop3,ductal
human3_lib3.final_cell_0492,inDrop3,alpha
human3_lib3.final_cell_0493,inDrop3,beta
human3_lib3.final_cell_0494,inDrop3,alpha
human3_lib3.final_cell_0495,inDrop3,acinar
human3_lib3.final_cell_0496,inDrop3,ductal
human3_lib3.final_cell_0497,inDrop3,alpha
human3_lib3.final_cell_0498,inDrop3,alpha
human3_lib3.final_cell_0499,inDrop3,alpha
human3_lib3.final_cell_0500,inDrop3,alpha
human3_lib3.final_cell_0501,inDrop3,beta
human3_lib3.final_cell_0502,inDrop3,alpha
human3_lib3.final_cell_0503,inDrop3,beta
human3_lib3.final_cell_0504,inDrop3,beta
human3_lib3.final_cell_0505,inDrop3,alpha
human3_lib3.final_cell_0506,inDrop3,alpha
human3_lib3.final_cell_0507,inDrop3,beta
human3_lib3.final_cell_0508,inDrop3,alpha
human3_lib3.final_cell_0509,inDrop3,alpha
human3_lib3.final_cell_0510,inDrop3,alpha
human3_lib3.final_cell_0511,inDrop3,alpha
human3_lib3.final_cell_0512,inDrop3,alpha
human3_lib3.final_cell_0513,inDrop3,alpha
human3_lib3.final_cell_0514,inDrop3,beta
human3_lib3.final_cell_0515,inDrop3,beta
human3_lib3.final_cell_0516,inDrop3,activated_stellate
human3_lib3.final_cell_0517,inDrop3,endothelial
human3_lib3.final_cell_0518,inDrop3,activated_stellate
human3_lib3.final_cell_0519,inDrop3,activated_stellate
human3_lib3.final_cell_0520,inDrop3,beta
human3_lib3.final_cell_0521,inDrop3,ductal
human3_lib3.final_cell_0522,inDrop3,ductal
human3_lib3.final_cell_0523,inDrop3,activated_stellate
human3_lib3.final_cell_0524,inDrop3,ductal
human3_lib3.final_cell_0525,inDrop3,acinar
human3_lib3.final_cell_0526,inDrop3,alpha
human3_lib3.final_cell_0527,inDrop3,beta
human3_lib3.final_cell_0528,inDrop3,ductal
human3_lib3.final_cell_0529,inDrop3,gamma
human3_lib3.final_cell_0530,inDrop3,activated_stellate
human3_lib3.final_cell_0531,inDrop3,beta
human3_lib3.final_cell_0532,inDrop3,delta
human3_lib3.final_cell_0533,inDrop3,alpha
human3_lib3.final_cell_0534,inDrop3,beta
human3_lib3.final_cell_0535,inDrop3,alpha
human3_lib3.final_cell_0536,inDrop3,acinar
human3_lib3.final_cell_0537,inDrop3,acinar
human3_lib3.final_cell_0538,inDrop3,alpha
human3_lib3.final_cell_0539,inDrop3,alpha
human3_lib3.final_cell_0540,inDrop3,ductal
human3_lib3.final_cell_0541,inDrop3,ductal
human3_lib3.final_cell_0542,inDrop3,beta
human3_lib3.final_cell_0543,inDrop3,alpha
human3_lib3.final_cell_0544,inDrop3,alpha
human3_lib3.final_cell_0545,inDrop3,alpha
human3_lib3.final_cell_0546,inDrop3,ductal
human3_lib3.final_cell_0547,inDrop3,ductal
human3_lib3.final_cell_0548,inDrop3,alpha
human3_lib3.final_cell_0549,inDrop3,beta
human3_lib3.final_cell_0550,inDrop3,alpha
human3_lib3.final_cell_0551,inDrop3,acinar
human3_lib3.final_cell_0552,inDrop3,alpha
human3_lib3.final_cell_0553,inDrop3,beta
human3_lib3.final_cell_0554,inDrop3,activated_stellate
human3_lib3.final_cell_0555,inDrop3,beta
human3_lib3.final_cell_0556,inDrop3,beta
human3_lib3.final_cell_0557,inDrop3,alpha
human3_lib3.final_cell_0558,inDrop3,ductal
human3_lib3.final_cell_0559,inDrop3,alpha
human3_lib3.final_cell_0560,inDrop3,acinar
human3_lib3.final_cell_0561,inDrop3,alpha
human3_lib3.final_cell_0562,inDrop3,gamma
human3_lib3.final_cell_0563,inDrop3,delta
human3_lib3.final_cell_0564,inDrop3,activated_stellate
human3_lib3.final_cell_0565,inDrop3,alpha
human3_lib3.final_cell_0566,inDrop3,alpha
human3_lib3.final_cell_0567,inDrop3,alpha
human3_lib3.final_cell_0568,inDrop3,alpha
human3_lib3.final_cell_0569,inDrop3,alpha
human3_lib3.final_cell_0570,inDrop3,acinar
human3_lib3.final_cell_0571,inDrop3,alpha
human3_lib3.final_cell_0572,inDrop3,delta
human3_lib3.final_cell_0573,inDrop3,alpha
human3_lib3.final_cell_0574,inDrop3,beta
human3_lib3.final_cell_0575,inDrop3,alpha
human3_lib3.final_cell_0576,inDrop3,ductal
human3_lib3.final_cell_0577,inDrop3,alpha
human3_lib3.final_cell_0578,inDrop3,alpha
human3_lib3.final_cell_0579,inDrop3,beta
human3_lib3.final_cell_0580,inDrop3,alpha
human3_lib3.final_cell_0581,inDrop3,quiescent_stellate
human3_lib3.final_cell_0582,inDrop3,alpha
human3_lib3.final_cell_0583,inDrop3,beta
human3_lib3.final_cell_0584,inDrop3,delta
human3_lib3.final_cell_0585,inDrop3,alpha
human3_lib3.final_cell_0586,inDrop3,acinar
human3_lib3.final_cell_0587,inDrop3,alpha
human3_lib3.final_cell_0588,inDrop3,ductal
human3_lib3.final_cell_0589,inDrop3,beta
human3_lib3.final_cell_0590,inDrop3,alpha
human3_lib3.final_cell_0591,inDrop3,beta
human3_lib3.final_cell_0592,inDrop3,beta
human3_lib3.final_cell_0593,inDrop3,acinar
human3_lib3.final_cell_0594,inDrop3,beta
human3_lib3.final_cell_0595,inDrop3,alpha
human3_lib3.final_cell_0596,inDrop3,endothelial
human3_lib3.final_cell_0597,inDrop3,ductal
human3_lib3.final_cell_0598,inDrop3,alpha
human3_lib3.final_cell_0599,inDrop3,alpha
human3_lib3.final_cell_0600,inDrop3,alpha
human3_lib3.final_cell_0601,inDrop3,alpha
human3_lib3.final_cell_0602,inDrop3,delta
human3_lib3.final_cell_0603,inDrop3,acinar
human3_lib3.final_cell_0604,inDrop3,beta
human3_lib3.final_cell_0605,inDrop3,beta
human3_lib3.final_cell_0606,inDrop3,alpha
human3_lib3.final_cell_0607,inDrop3,acinar
human3_lib3.final_cell_0608,inDrop3,activated_stellate
human3_lib3.final_cell_0609,inDrop3,alpha
human3_lib3.final_cell_0610,inDrop3,acinar
human3_lib3.final_cell_0611,inDrop3,alpha
human3_lib3.final_cell_0612,inDrop3,alpha
human3_lib3.final_cell_0613,inDrop3,acinar
human3_lib3.final_cell_0614,inDrop3,gamma
human3_lib3.final_cell_0615,inDrop3,alpha
human3_lib3.final_cell_0616,inDrop3,alpha
human3_lib3.final_cell_0617,inDrop3,acinar
human3_lib3.final_cell_0618,inDrop3,alpha
human3_lib3.final_cell_0619,inDrop3,alpha
human3_lib3.final_cell_0620,inDrop3,alpha
human3_lib3.final_cell_0621,inDrop3,epsilon
human3_lib3.final_cell_0622,inDrop3,alpha
human3_lib3.final_cell_0623,inDrop3,alpha
human3_lib3.final_cell_0624,inDrop3,alpha
human3_lib3.final_cell_0625,inDrop3,delta
human3_lib3.final_cell_0626,inDrop3,ductal
human3_lib3.final_cell_0627,inDrop3,alpha
human3_lib3.final_cell_0628,inDrop3,ductal
human3_lib3.final_cell_0629,inDrop3,beta
human3_lib3.final_cell_0630,inDrop3,alpha
human3_lib3.final_cell_0631,inDrop3,alpha
human3_lib3.final_cell_0632,inDrop3,alpha
human3_lib3.final_cell_0633,inDrop3,alpha
human3_lib3.final_cell_0634,inDrop3,beta
human3_lib3.final_cell_0635,inDrop3,alpha
human3_lib3.final_cell_0636,inDrop3,alpha
human3_lib3.final_cell_0637,inDrop3,acinar
human3_lib3.final_cell_0638,inDrop3,ductal
human3_lib3.final_cell_0639,inDrop3,endothelial
human3_lib3.final_cell_0640,inDrop3,ductal
human3_lib3.final_cell_0641,inDrop3,acinar
human3_lib3.final_cell_0642,inDrop3,acinar
human3_lib3.final_cell_0643,inDrop3,alpha
human3_lib3.final_cell_0644,inDrop3,alpha
human3_lib3.final_cell_0645,inDrop3,alpha
human3_lib3.final_cell_0646,inDrop3,acinar
human3_lib3.final_cell_0647,inDrop3,alpha
human3_lib3.final_cell_0648,inDrop3,alpha
human3_lib3.final_cell_0649,inDrop3,activated_stellate
human3_lib3.final_cell_0650,inDrop3,alpha
human3_lib3.final_cell_0651,inDrop3,acinar
human3_lib3.final_cell_0652,inDrop3,alpha
human3_lib3.final_cell_0653,inDrop3,beta
human3_lib3.final_cell_0654,inDrop3,ductal
human3_lib3.final_cell_0655,inDrop3,alpha
human3_lib3.final_cell_0656,inDrop3,beta
human3_lib3.final_cell_0657,inDrop3,alpha
human3_lib3.final_cell_0658,inDrop3,alpha
human3_lib3.final_cell_0659,inDrop3,alpha
human3_lib3.final_cell_0660,inDrop3,beta
human3_lib3.final_cell_0661,inDrop3,acinar
human3_lib3.final_cell_0662,inDrop3,alpha
human3_lib3.final_cell_0663,inDrop3,alpha
human3_lib3.final_cell_0664,inDrop3,acinar
human3_lib3.final_cell_0665,inDrop3,delta
human3_lib3.final_cell_0666,inDrop3,alpha
human3_lib3.final_cell_0667,inDrop3,alpha
human3_lib3.final_cell_0668,inDrop3,alpha
human3_lib3.final_cell_0669,inDrop3,activated_stellate
human3_lib3.final_cell_0670,inDrop3,beta
human3_lib3.final_cell_0671,inDrop3,beta
human3_lib3.final_cell_0672,inDrop3,alpha
human3_lib3.final_cell_0673,inDrop3,delta
human3_lib3.final_cell_0674,inDrop3,ductal
human3_lib3.final_cell_0675,inDrop3,beta
human3_lib3.final_cell_0676,inDrop3,alpha
human3_lib3.final_cell_0677,inDrop3,ductal
human3_lib3.final_cell_0678,inDrop3,alpha
human3_lib3.final_cell_0679,inDrop3,alpha
human3_lib3.final_cell_0680,inDrop3,acinar
human3_lib3.final_cell_0681,inDrop3,gamma
human3_lib3.final_cell_0682,inDrop3,activated_stellate
human3_lib3.final_cell_0683,inDrop3,beta
human3_lib3.final_cell_0684,inDrop3,acinar
human3_lib3.final_cell_0685,inDrop3,acinar
human3_lib3.final_cell_0686,inDrop3,alpha
human3_lib3.final_cell_0687,inDrop3,beta
human3_lib3.final_cell_0688,inDrop3,alpha
human3_lib3.final_cell_0689,inDrop3,beta
human3_lib3.final_cell_0690,inDrop3,beta
human3_lib3.final_cell_0691,inDrop3,alpha
human3_lib3.final_cell_0692,inDrop3,alpha
human3_lib3.final_cell_0693,inDrop3,ductal
human3_lib3.final_cell_0694,inDrop3,ductal
human3_lib3.final_cell_0695,inDrop3,activated_stellate
human3_lib3.final_cell_0696,inDrop3,acinar
human3_lib3.final_cell_0697,inDrop3,beta
human3_lib3.final_cell_0698,inDrop3,beta
human3_lib3.final_cell_0699,inDrop3,acinar
human3_lib3.final_cell_0700,inDrop3,beta
human3_lib3.final_cell_0701,inDrop3,alpha
human3_lib3.final_cell_0702,inDrop3,activated_stellate
human3_lib3.final_cell_0703,inDrop3,acinar
human3_lib3.final_cell_0704,inDrop3,alpha
human3_lib3.final_cell_0705,inDrop3,ductal
human3_lib3.final_cell_0706,inDrop3,beta
human3_lib3.final_cell_0707,inDrop3,alpha
human3_lib3.final_cell_0708,inDrop3,alpha
human3_lib3.final_cell_0709,inDrop3,beta
human3_lib3.final_cell_0710,inDrop3,alpha
human3_lib3.final_cell_0711,inDrop3,alpha
human3_lib3.final_cell_0712,inDrop3,acinar
human3_lib3.final_cell_0713,inDrop3,alpha
human3_lib3.final_cell_0714,inDrop3,alpha
human3_lib3.final_cell_0715,inDrop3,alpha
human3_lib3.final_cell_0716,inDrop3,beta
human3_lib3.final_cell_0717,inDrop3,alpha
human3_lib3.final_cell_0718,inDrop3,beta
human3_lib3.final_cell_0719,inDrop3,ductal
human3_lib3.final_cell_0720,inDrop3,alpha
human3_lib3.final_cell_0721,inDrop3,alpha
human3_lib3.final_cell_0722,inDrop3,ductal
human3_lib3.final_cell_0723,inDrop3,acinar
human3_lib3.final_cell_0724,inDrop3,ductal
human3_lib3.final_cell_0725,inDrop3,acinar
human3_lib3.final_cell_0726,inDrop3,acinar
human3_lib3.final_cell_0727,inDrop3,beta
human3_lib3.final_cell_0728,inDrop3,acinar
human3_lib3.final_cell_0729,inDrop3,alpha
human3_lib3.final_cell_0730,inDrop3,alpha
human3_lib3.final_cell_0731,inDrop3,ductal
human3_lib3.final_cell_0732,inDrop3,alpha
human3_lib3.final_cell_0733,inDrop3,alpha
human3_lib3.final_cell_0734,inDrop3,activated_stellate
human3_lib3.final_cell_0735,inDrop3,acinar
human3_lib3.final_cell_0736,inDrop3,acinar
human3_lib3.final_cell_0737,inDrop3,alpha
human3_lib3.final_cell_0738,inDrop3,acinar
human3_lib3.final_cell_0739,inDrop3,alpha
human3_lib3.final_cell_0740,inDrop3,alpha
human3_lib3.final_cell_0741,inDrop3,beta
human3_lib3.final_cell_0742,inDrop3,alpha
human3_lib3.final_cell_0743,inDrop3,ductal
human3_lib3.final_cell_0744,inDrop3,endothelial
human3_lib3.final_cell_0745,inDrop3,acinar
human3_lib3.final_cell_0746,inDrop3,alpha
human3_lib3.final_cell_0747,inDrop3,ductal
human3_lib3.final_cell_0748,inDrop3,ductal
human3_lib3.final_cell_0749,inDrop3,ductal
human3_lib3.final_cell_0750,inDrop3,alpha
human3_lib3.final_cell_0751,inDrop3,alpha
human3_lib3.final_cell_0752,inDrop3,alpha
human3_lib3.final_cell_0753,inDrop3,macrophage
human3_lib3.final_cell_0754,inDrop3,ductal
human3_lib3.final_cell_0755,inDrop3,alpha
human3_lib3.final_cell_0756,inDrop3,alpha
human3_lib3.final_cell_0757,inDrop3,alpha
human3_lib3.final_cell_0758,inDrop3,alpha
human3_lib3.final_cell_0759,inDrop3,activated_stellate
human3_lib3.final_cell_0760,inDrop3,alpha
human3_lib3.final_cell_0761,inDrop3,alpha
human3_lib3.final_cell_0762,inDrop3,ductal
human3_lib3.final_cell_0763,inDrop3,alpha
human3_lib3.final_cell_0764,inDrop3,alpha
human3_lib3.final_cell_0765,inDrop3,alpha
human3_lib3.final_cell_0766,inDrop3,ductal
human3_lib3.final_cell_0767,inDrop3,alpha
human3_lib3.final_cell_0768,inDrop3,alpha
human3_lib3.final_cell_0769,inDrop3,alpha
human3_lib3.final_cell_0770,inDrop3,alpha
human3_lib3.final_cell_0771,inDrop3,alpha
human3_lib3.final_cell_0772,inDrop3,alpha
human3_lib3.final_cell_0773,inDrop3,alpha
human3_lib3.final_cell_0774,inDrop3,endothelial
human3_lib3.final_cell_0775,inDrop3,beta
human3_lib3.final_cell_0776,inDrop3,beta
human3_lib3.final_cell_0777,inDrop3,ductal
human3_lib3.final_cell_0778,inDrop3,beta
human3_lib3.final_cell_0779,inDrop3,alpha
human3_lib3.final_cell_0780,inDrop3,beta
human3_lib3.final_cell_0781,inDrop3,delta
human3_lib3.final_cell_0782,inDrop3,acinar
human3_lib3.final_cell_0783,inDrop3,alpha
human3_lib3.final_cell_0784,inDrop3,acinar
human3_lib3.final_cell_0785,inDrop3,ductal
human3_lib3.final_cell_0786,inDrop3,beta
human3_lib3.final_cell_0787,inDrop3,ductal
human3_lib3.final_cell_0788,inDrop3,gamma
human3_lib3.final_cell_0789,inDrop3,acinar
human3_lib3.final_cell_0790,inDrop3,beta
human3_lib3.final_cell_0791,inDrop3,alpha
human3_lib3.final_cell_0792,inDrop3,alpha
human3_lib3.final_cell_0793,inDrop3,beta
human3_lib3.final_cell_0794,inDrop3,beta
human3_lib3.final_cell_0795,inDrop3,acinar
human3_lib3.final_cell_0796,inDrop3,alpha
human3_lib3.final_cell_0797,inDrop3,alpha
human3_lib3.final_cell_0798,inDrop3,alpha
human3_lib3.final_cell_0799,inDrop3,alpha
human3_lib3.final_cell_0800,inDrop3,delta
human3_lib3.final_cell_0801,inDrop3,alpha
human3_lib3.final_cell_0802,inDrop3,mast
human3_lib3.final_cell_0803,inDrop3,acinar
human3_lib3.final_cell_0804,inDrop3,alpha
human3_lib3.final_cell_0805,inDrop3,alpha
human3_lib3.final_cell_0806,inDrop3,activated_stellate
human3_lib3.final_cell_0807,inDrop3,endothelial
human3_lib3.final_cell_0808,inDrop3,beta
human3_lib3.final_cell_0809,inDrop3,acinar
human3_lib3.final_cell_0810,inDrop3,delta
human3_lib3.final_cell_0811,inDrop3,beta
human3_lib3.final_cell_0812,inDrop3,alpha
human3_lib3.final_cell_0813,inDrop3,alpha
human3_lib3.final_cell_0814,inDrop3,alpha
human3_lib3.final_cell_0815,inDrop3,beta
human3_lib3.final_cell_0816,inDrop3,endothelial
human3_lib3.final_cell_0817,inDrop3,alpha
human3_lib3.final_cell_0818,inDrop3,acinar
human3_lib3.final_cell_0819,inDrop3,mast
human3_lib3.final_cell_0820,inDrop3,ductal
human3_lib3.final_cell_0821,inDrop3,alpha
human3_lib3.final_cell_0822,inDrop3,endothelial
human3_lib3.final_cell_0823,inDrop3,ductal
human3_lib3.final_cell_0824,inDrop3,alpha
human3_lib3.final_cell_0825,inDrop3,alpha
human3_lib3.final_cell_0826,inDrop3,alpha
human3_lib3.final_cell_0827,inDrop3,alpha
human3_lib3.final_cell_0828,inDrop3,alpha
human3_lib3.final_cell_0829,inDrop3,delta
human3_lib3.final_cell_0830,inDrop3,quiescent_stellate
human3_lib3.final_cell_0831,inDrop3,alpha
human3_lib3.final_cell_0832,inDrop3,beta
human3_lib3.final_cell_0833,inDrop3,ductal
human3_lib3.final_cell_0834,inDrop3,alpha
human3_lib3.final_cell_0835,inDrop3,endothelial
human3_lib3.final_cell_0836,inDrop3,alpha
human3_lib3.final_cell_0837,inDrop3,alpha
human3_lib3.final_cell_0838,inDrop3,alpha
human3_lib3.final_cell_0839,inDrop3,alpha
human3_lib3.final_cell_0840,inDrop3,acinar
human3_lib3.final_cell_0841,inDrop3,endothelial
human3_lib3.final_cell_0842,inDrop3,ductal
human3_lib3.final_cell_0843,inDrop3,alpha
human3_lib3.final_cell_0844,inDrop3,beta
human3_lib3.final_cell_0845,inDrop3,beta
human3_lib3.final_cell_0846,inDrop3,alpha
human3_lib3.final_cell_0847,inDrop3,beta
human3_lib3.final_cell_0848,inDrop3,alpha
human3_lib3.final_cell_0849,inDrop3,beta
human3_lib3.final_cell_0850,inDrop3,beta
human3_lib3.final_cell_0851,inDrop3,acinar
human3_lib3.final_cell_0852,inDrop3,beta
human3_lib3.final_cell_0853,inDrop3,beta
human3_lib3.final_cell_0854,inDrop3,beta
human3_lib3.final_cell_0855,inDrop3,macrophage
human3_lib3.final_cell_0856,inDrop3,quiescent_stellate
human3_lib3.final_cell_0857,inDrop3,alpha
human3_lib3.final_cell_0858,inDrop3,ductal
human3_lib3.final_cell_0859,inDrop3,ductal
human3_lib3.final_cell_0860,inDrop3,endothelial
human3_lib3.final_cell_0861,inDrop3,beta
human3_lib3.final_cell_0862,inDrop3,quiescent_stellate
human3_lib3.final_cell_0863,inDrop3,endothelial
human3_lib3.final_cell_0864,inDrop3,alpha
human3_lib3.final_cell_0865,inDrop3,alpha
human3_lib3.final_cell_0866,inDrop3,t_cell
human3_lib3.final_cell_0867,inDrop3,alpha
human3_lib3.final_cell_0868,inDrop3,alpha
human3_lib3.final_cell_0869,inDrop3,beta
human3_lib3.final_cell_0870,inDrop3,beta
human3_lib3.final_cell_0871,inDrop3,beta
human3_lib3.final_cell_0872,inDrop3,beta
human3_lib3.final_cell_0873,inDrop3,beta
human3_lib3.final_cell_0874,inDrop3,alpha
human3_lib3.final_cell_0875,inDrop3,alpha
human3_lib3.final_cell_0876,inDrop3,acinar
human3_lib3.final_cell_0877,inDrop3,beta
human3_lib3.final_cell_0878,inDrop3,beta
human3_lib3.final_cell_0879,inDrop3,beta
human3_lib3.final_cell_0880,inDrop3,quiescent_stellate
human3_lib3.final_cell_0881,inDrop3,delta
human3_lib3.final_cell_0882,inDrop3,endothelial
human3_lib3.final_cell_0883,inDrop3,macrophage
human3_lib3.final_cell_0884,inDrop3,ductal
human3_lib3.final_cell_0885,inDrop3,mast
human3_lib3.final_cell_0886,inDrop3,alpha
human3_lib3.final_cell_0887,inDrop3,acinar
human3_lib3.final_cell_0888,inDrop3,beta
human3_lib3.final_cell_0889,inDrop3,endothelial
human3_lib3.final_cell_0890,inDrop3,quiescent_stellate
human3_lib3.final_cell_0891,inDrop3,alpha
human3_lib3.final_cell_0892,inDrop3,beta
human3_lib3.final_cell_0893,inDrop3,beta
human3_lib3.final_cell_0894,inDrop3,quiescent_stellate
human3_lib3.final_cell_0895,inDrop3,acinar
human3_lib3.final_cell_0896,inDrop3,t_cell
human3_lib3.final_cell_0897,inDrop3,beta
human3_lib3.final_cell_0898,inDrop3,endothelial
human3_lib3.final_cell_0899,inDrop3,beta
human3_lib3.final_cell_0900,inDrop3,beta
human3_lib3.final_cell_0901,inDrop3,quiescent_stellate
human3_lib3.final_cell_0902,inDrop3,delta
human3_lib3.final_cell_0903,inDrop3,beta
human3_lib3.final_cell_0904,inDrop3,endothelial
human3_lib3.final_cell_0905,inDrop3,beta
human3_lib3.final_cell_0906,inDrop3,beta
human3_lib3.final_cell_0907,inDrop3,delta
human3_lib3.final_cell_0908,inDrop3,macrophage
human3_lib3.final_cell_0909,inDrop3,beta
human3_lib3.final_cell_0910,inDrop3,beta
human3_lib3.final_cell_0911,inDrop3,beta
human3_lib3.final_cell_0912,inDrop3,beta
human3_lib3.final_cell_0913,inDrop3,endothelial
human3_lib3.final_cell_0914,inDrop3,beta
human3_lib3.final_cell_0915,inDrop3,activated_stellate
human3_lib3.final_cell_0916,inDrop3,beta
human3_lib3.final_cell_0917,inDrop3,alpha
human3_lib3.final_cell_0918,inDrop3,beta
human3_lib3.final_cell_0919,inDrop3,endothelial
human3_lib3.final_cell_0920,inDrop3,quiescent_stellate
human3_lib3.final_cell_0921,inDrop3,ductal
human3_lib3.final_cell_0922,inDrop3,endothelial
human3_lib3.final_cell_0923,inDrop3,endothelial
human3_lib3.final_cell_0924,inDrop3,beta
human3_lib3.final_cell_0925,inDrop3,endothelial
human3_lib3.final_cell_0926,inDrop3,beta
human3_lib3.final_cell_0927,inDrop3,beta
human3_lib3.final_cell_0928,inDrop3,alpha
human3_lib3.final_cell_0929,inDrop3,beta
human3_lib3.final_cell_0930,inDrop3,beta
human3_lib3.final_cell_0931,inDrop3,endothelial
human3_lib3.final_cell_0932,inDrop3,beta
human3_lib3.final_cell_0933,inDrop3,endothelial
human3_lib3.final_cell_0934,inDrop3,beta
human3_lib4.final_cell_0001,inDrop3,acinar
human3_lib4.final_cell_0002,inDrop3,acinar
human3_lib4.final_cell_0003,inDrop3,acinar
human3_lib4.final_cell_0004,inDrop3,acinar
human3_lib4.final_cell_0005,inDrop3,acinar
human3_lib4.final_cell_0006,inDrop3,acinar
human3_lib4.final_cell_0007,inDrop3,acinar
human3_lib4.final_cell_0008,inDrop3,acinar
human3_lib4.final_cell_0009,inDrop3,acinar
human3_lib4.final_cell_0010,inDrop3,acinar
human3_lib4.final_cell_0011,inDrop3,acinar
human3_lib4.final_cell_0012,inDrop3,acinar
human3_lib4.final_cell_0013,inDrop3,acinar
human3_lib4.final_cell_0014,inDrop3,acinar
human3_lib4.final_cell_0015,inDrop3,acinar
human3_lib4.final_cell_0016,inDrop3,acinar
human3_lib4.final_cell_0017,inDrop3,acinar
human3_lib4.final_cell_0018,inDrop3,acinar
human3_lib4.final_cell_0019,inDrop3,acinar
human3_lib4.final_cell_0020,inDrop3,acinar
human3_lib4.final_cell_0021,inDrop3,acinar
human3_lib4.final_cell_0022,inDrop3,acinar
human3_lib4.final_cell_0023,inDrop3,acinar
human3_lib4.final_cell_0024,inDrop3,acinar
human3_lib4.final_cell_0025,inDrop3,acinar
human3_lib4.final_cell_0026,inDrop3,acinar
human3_lib4.final_cell_0027,inDrop3,acinar
human3_lib4.final_cell_0028,inDrop3,acinar
human3_lib4.final_cell_0029,inDrop3,acinar
human3_lib4.final_cell_0030,inDrop3,delta
human3_lib4.final_cell_0031,inDrop3,acinar
human3_lib4.final_cell_0032,inDrop3,acinar
human3_lib4.final_cell_0033,inDrop3,acinar
human3_lib4.final_cell_0034,inDrop3,acinar
human3_lib4.final_cell_0035,inDrop3,acinar
human3_lib4.final_cell_0036,inDrop3,acinar
human3_lib4.final_cell_0037,inDrop3,acinar
human3_lib4.final_cell_0038,inDrop3,acinar
human3_lib4.final_cell_0039,inDrop3,acinar
human3_lib4.final_cell_0040,inDrop3,beta
human3_lib4.final_cell_0041,inDrop3,acinar
human3_lib4.final_cell_0042,inDrop3,beta
human3_lib4.final_cell_0043,inDrop3,acinar
human3_lib4.final_cell_0044,inDrop3,acinar
human3_lib4.final_cell_0045,inDrop3,alpha
human3_lib4.final_cell_0046,inDrop3,acinar
human3_lib4.final_cell_0047,inDrop3,delta
human3_lib4.final_cell_0048,inDrop3,acinar
human3_lib4.final_cell_0049,inDrop3,acinar
human3_lib4.final_cell_0050,inDrop3,delta
human3_lib4.final_cell_0051,inDrop3,acinar
human3_lib4.final_cell_0052,inDrop3,ductal
human3_lib4.final_cell_0053,inDrop3,acinar
human3_lib4.final_cell_0054,inDrop3,acinar
human3_lib4.final_cell_0055,inDrop3,acinar
human3_lib4.final_cell_0056,inDrop3,acinar
human3_lib4.final_cell_0057,inDrop3,acinar
human3_lib4.final_cell_0058,inDrop3,beta
human3_lib4.final_cell_0059,inDrop3,acinar
human3_lib4.final_cell_0060,inDrop3,acinar
human3_lib4.final_cell_0061,inDrop3,acinar
human3_lib4.final_cell_0062,inDrop3,acinar
human3_lib4.final_cell_0063,inDrop3,acinar
human3_lib4.final_cell_0064,inDrop3,acinar
human3_lib4.final_cell_0065,inDrop3,acinar
human3_lib4.final_cell_0066,inDrop3,acinar
human3_lib4.final_cell_0067,inDrop3,delta
human3_lib4.final_cell_0068,inDrop3,acinar
human3_lib4.final_cell_0069,inDrop3,acinar
human3_lib4.final_cell_0070,inDrop3,acinar
human3_lib4.final_cell_0071,inDrop3,beta
human3_lib4.final_cell_0072,inDrop3,acinar
human3_lib4.final_cell_0073,inDrop3,acinar
human3_lib4.final_cell_0074,inDrop3,acinar
human3_lib4.final_cell_0075,inDrop3,acinar
human3_lib4.final_cell_0076,inDrop3,acinar
human3_lib4.final_cell_0077,inDrop3,acinar
human3_lib4.final_cell_0078,inDrop3,acinar
human3_lib4.final_cell_0079,inDrop3,ductal
human3_lib4.final_cell_0080,inDrop3,acinar
human3_lib4.final_cell_0081,inDrop3,acinar
human3_lib4.final_cell_0082,inDrop3,delta
human3_lib4.final_cell_0083,inDrop3,acinar
human3_lib4.final_cell_0084,inDrop3,alpha
human3_lib4.final_cell_0085,inDrop3,ductal
human3_lib4.final_cell_0086,inDrop3,acinar
human3_lib4.final_cell_0087,inDrop3,acinar
human3_lib4.final_cell_0088,inDrop3,acinar
human3_lib4.final_cell_0089,inDrop3,alpha
human3_lib4.final_cell_0090,inDrop3,acinar
human3_lib4.final_cell_0091,inDrop3,acinar
human3_lib4.final_cell_0092,inDrop3,beta
human3_lib4.final_cell_0093,inDrop3,acinar
human3_lib4.final_cell_0094,inDrop3,beta
human3_lib4.final_cell_0095,inDrop3,beta
human3_lib4.final_cell_0096,inDrop3,beta
human3_lib4.final_cell_0097,inDrop3,beta
human3_lib4.final_cell_0098,inDrop3,beta
human3_lib4.final_cell_0099,inDrop3,delta
human3_lib4.final_cell_0100,inDrop3,ductal
human3_lib4.final_cell_0101,inDrop3,acinar
human3_lib4.final_cell_0102,inDrop3,acinar
human3_lib4.final_cell_0103,inDrop3,acinar
human3_lib4.final_cell_0104,inDrop3,delta
human3_lib4.final_cell_0105,inDrop3,beta
human3_lib4.final_cell_0106,inDrop3,acinar
human3_lib4.final_cell_0107,inDrop3,alpha
human3_lib4.final_cell_0108,inDrop3,acinar
human3_lib4.final_cell_0109,inDrop3,acinar
human3_lib4.final_cell_0110,inDrop3,acinar
human3_lib4.final_cell_0111,inDrop3,acinar
human3_lib4.final_cell_0112,inDrop3,beta
human3_lib4.final_cell_0113,inDrop3,acinar
human3_lib4.final_cell_0114,inDrop3,acinar
human3_lib4.final_cell_0115,inDrop3,acinar
human3_lib4.final_cell_0116,inDrop3,alpha
human3_lib4.final_cell_0117,inDrop3,beta
human3_lib4.final_cell_0118,inDrop3,delta
human3_lib4.final_cell_0119,inDrop3,activated_stellate
human3_lib4.final_cell_0120,inDrop3,acinar
human3_lib4.final_cell_0121,inDrop3,ductal
human3_lib4.final_cell_0122,inDrop3,acinar
human3_lib4.final_cell_0123,inDrop3,acinar
human3_lib4.final_cell_0124,inDrop3,beta
human3_lib4.final_cell_0125,inDrop3,acinar
human3_lib4.final_cell_0126,inDrop3,acinar
human3_lib4.final_cell_0127,inDrop3,acinar
human3_lib4.final_cell_0128,inDrop3,acinar
human3_lib4.final_cell_0129,inDrop3,acinar
human3_lib4.final_cell_0130,inDrop3,delta
human3_lib4.final_cell_0131,inDrop3,acinar
human3_lib4.final_cell_0132,inDrop3,beta
human3_lib4.final_cell_0133,inDrop3,acinar
human3_lib4.final_cell_0134,inDrop3,beta
human3_lib4.final_cell_0135,inDrop3,acinar
human3_lib4.final_cell_0136,inDrop3,beta
human3_lib4.final_cell_0137,inDrop3,acinar
human3_lib4.final_cell_0138,inDrop3,beta
human3_lib4.final_cell_0139,inDrop3,acinar
human3_lib4.final_cell_0140,inDrop3,beta
human3_lib4.final_cell_0141,inDrop3,beta
human3_lib4.final_cell_0142,inDrop3,acinar
human3_lib4.final_cell_0143,inDrop3,acinar
human3_lib4.final_cell_0144,inDrop3,delta
human3_lib4.final_cell_0145,inDrop3,ductal
human3_lib4.final_cell_0146,inDrop3,acinar
human3_lib4.final_cell_0147,inDrop3,acinar
human3_lib4.final_cell_0148,inDrop3,acinar
human3_lib4.final_cell_0149,inDrop3,acinar
human3_lib4.final_cell_0150,inDrop3,ductal
human3_lib4.final_cell_0151,inDrop3,alpha
human3_lib4.final_cell_0152,inDrop3,alpha
human3_lib4.final_cell_0153,inDrop3,alpha
human3_lib4.final_cell_0154,inDrop3,alpha
human3_lib4.final_cell_0155,inDrop3,acinar
human3_lib4.final_cell_0156,inDrop3,alpha
human3_lib4.final_cell_0157,inDrop3,acinar
human3_lib4.final_cell_0158,inDrop3,delta
human3_lib4.final_cell_0159,inDrop3,beta
human3_lib4.final_cell_0160,inDrop3,alpha
human3_lib4.final_cell_0161,inDrop3,beta
human3_lib4.final_cell_0162,inDrop3,beta
human3_lib4.final_cell_0163,inDrop3,beta
human3_lib4.final_cell_0164,inDrop3,acinar
human3_lib4.final_cell_0165,inDrop3,acinar
human3_lib4.final_cell_0166,inDrop3,alpha
human3_lib4.final_cell_0167,inDrop3,ductal
human3_lib4.final_cell_0168,inDrop3,alpha
human3_lib4.final_cell_0169,inDrop3,beta
human3_lib4.final_cell_0170,inDrop3,acinar
human3_lib4.final_cell_0171,inDrop3,acinar
human3_lib4.final_cell_0172,inDrop3,alpha
human3_lib4.final_cell_0173,inDrop3,acinar
human3_lib4.final_cell_0174,inDrop3,ductal
human3_lib4.final_cell_0175,inDrop3,acinar
human3_lib4.final_cell_0176,inDrop3,acinar
human3_lib4.final_cell_0177,inDrop3,acinar
human3_lib4.final_cell_0178,inDrop3,ductal
human3_lib4.final_cell_0179,inDrop3,acinar
human3_lib4.final_cell_0180,inDrop3,delta
human3_lib4.final_cell_0181,inDrop3,ductal
human3_lib4.final_cell_0182,inDrop3,acinar
human3_lib4.final_cell_0183,inDrop3,delta
human3_lib4.final_cell_0184,inDrop3,acinar
human3_lib4.final_cell_0185,inDrop3,alpha
human3_lib4.final_cell_0186,inDrop3,alpha
human3_lib4.final_cell_0187,inDrop3,acinar
human3_lib4.final_cell_0188,inDrop3,beta
human3_lib4.final_cell_0189,inDrop3,alpha
human3_lib4.final_cell_0190,inDrop3,acinar
human3_lib4.final_cell_0191,inDrop3,ductal
human3_lib4.final_cell_0192,inDrop3,delta
human3_lib4.final_cell_0193,inDrop3,beta
human3_lib4.final_cell_0194,inDrop3,beta
human3_lib4.final_cell_0195,inDrop3,acinar
human3_lib4.final_cell_0196,inDrop3,beta
human3_lib4.final_cell_0197,inDrop3,acinar
human3_lib4.final_cell_0198,inDrop3,acinar
human3_lib4.final_cell_0199,inDrop3,acinar
human3_lib4.final_cell_0200,inDrop3,acinar
human3_lib4.final_cell_0201,inDrop3,beta
human3_lib4.final_cell_0202,inDrop3,delta
human3_lib4.final_cell_0203,inDrop3,delta
human3_lib4.final_cell_0204,inDrop3,ductal
human3_lib4.final_cell_0205,inDrop3,beta
human3_lib4.final_cell_0206,inDrop3,alpha
human3_lib4.final_cell_0207,inDrop3,acinar
human3_lib4.final_cell_0208,inDrop3,beta
human3_lib4.final_cell_0209,inDrop3,alpha
human3_lib4.final_cell_0210,inDrop3,ductal
human3_lib4.final_cell_0211,inDrop3,acinar
human3_lib4.final_cell_0212,inDrop3,delta
human3_lib4.final_cell_0213,inDrop3,acinar
human3_lib4.final_cell_0214,inDrop3,acinar
human3_lib4.final_cell_0215,inDrop3,beta
human3_lib4.final_cell_0216,inDrop3,alpha
human3_lib4.final_cell_0217,inDrop3,alpha
human3_lib4.final_cell_0218,inDrop3,beta
human3_lib4.final_cell_0219,inDrop3,acinar
human3_lib4.final_cell_0220,inDrop3,gamma
human3_lib4.final_cell_0221,inDrop3,alpha
human3_lib4.final_cell_0222,inDrop3,alpha
human3_lib4.final_cell_0223,inDrop3,beta
human3_lib4.final_cell_0224,inDrop3,acinar
human3_lib4.final_cell_0225,inDrop3,beta
human3_lib4.final_cell_0226,inDrop3,beta
human3_lib4.final_cell_0227,inDrop3,beta
human3_lib4.final_cell_0228,inDrop3,acinar
human3_lib4.final_cell_0229,inDrop3,beta
human3_lib4.final_cell_0230,inDrop3,delta
human3_lib4.final_cell_0231,inDrop3,alpha
human3_lib4.final_cell_0232,inDrop3,ductal
human3_lib4.final_cell_0233,inDrop3,acinar
human3_lib4.final_cell_0234,inDrop3,acinar
human3_lib4.final_cell_0235,inDrop3,delta
human3_lib4.final_cell_0236,inDrop3,beta
human3_lib4.final_cell_0237,inDrop3,quiescent_stellate
human3_lib4.final_cell_0238,inDrop3,alpha
human3_lib4.final_cell_0239,inDrop3,ductal
human3_lib4.final_cell_0240,inDrop3,beta
human3_lib4.final_cell_0241,inDrop3,alpha
human3_lib4.final_cell_0242,inDrop3,acinar
human3_lib4.final_cell_0243,inDrop3,beta
human3_lib4.final_cell_0244,inDrop3,beta
human3_lib4.final_cell_0245,inDrop3,alpha
human3_lib4.final_cell_0246,inDrop3,alpha
human3_lib4.final_cell_0247,inDrop3,alpha
human3_lib4.final_cell_0248,inDrop3,alpha
human3_lib4.final_cell_0249,inDrop3,ductal
human3_lib4.final_cell_0250,inDrop3,alpha
human3_lib4.final_cell_0251,inDrop3,beta
human3_lib4.final_cell_0252,inDrop3,alpha
human3_lib4.final_cell_0253,inDrop3,alpha
human3_lib4.final_cell_0254,inDrop3,beta
human3_lib4.final_cell_0255,inDrop3,activated_stellate
human3_lib4.final_cell_0256,inDrop3,alpha
human3_lib4.final_cell_0257,inDrop3,beta
human3_lib4.final_cell_0258,inDrop3,alpha
human3_lib4.final_cell_0259,inDrop3,alpha
human3_lib4.final_cell_0260,inDrop3,alpha
human3_lib4.final_cell_0261,inDrop3,gamma
human3_lib4.final_cell_0262,inDrop3,ductal
human3_lib4.final_cell_0263,inDrop3,beta
human3_lib4.final_cell_0264,inDrop3,beta
human3_lib4.final_cell_0265,inDrop3,beta
human3_lib4.final_cell_0266,inDrop3,ductal
human3_lib4.final_cell_0267,inDrop3,ductal
human3_lib4.final_cell_0268,inDrop3,beta
human3_lib4.final_cell_0269,inDrop3,acinar
human3_lib4.final_cell_0270,inDrop3,acinar
human3_lib4.final_cell_0271,inDrop3,ductal
human3_lib4.final_cell_0272,inDrop3,acinar
human3_lib4.final_cell_0273,inDrop3,alpha
human3_lib4.final_cell_0274,inDrop3,ductal
human3_lib4.final_cell_0275,inDrop3,beta
human3_lib4.final_cell_0276,inDrop3,alpha
human3_lib4.final_cell_0277,inDrop3,acinar
human3_lib4.final_cell_0278,inDrop3,delta
human3_lib4.final_cell_0279,inDrop3,beta
human3_lib4.final_cell_0280,inDrop3,alpha
human3_lib4.final_cell_0281,inDrop3,beta
human3_lib4.final_cell_0282,inDrop3,beta
human3_lib4.final_cell_0283,inDrop3,epsilon
human3_lib4.final_cell_0284,inDrop3,ductal
human3_lib4.final_cell_0285,inDrop3,beta
human3_lib4.final_cell_0286,inDrop3,beta
human3_lib4.final_cell_0287,inDrop3,acinar
human3_lib4.final_cell_0288,inDrop3,alpha
human3_lib4.final_cell_0289,inDrop3,beta
human3_lib4.final_cell_0290,inDrop3,alpha
human3_lib4.final_cell_0291,inDrop3,beta
human3_lib4.final_cell_0292,inDrop3,acinar
human3_lib4.final_cell_0293,inDrop3,beta
human3_lib4.final_cell_0294,inDrop3,alpha
human3_lib4.final_cell_0295,inDrop3,beta
human3_lib4.final_cell_0296,inDrop3,delta
human3_lib4.final_cell_0297,inDrop3,alpha
human3_lib4.final_cell_0298,inDrop3,beta
human3_lib4.final_cell_0299,inDrop3,beta
human3_lib4.final_cell_0300,inDrop3,acinar
human3_lib4.final_cell_0301,inDrop3,beta
human3_lib4.final_cell_0302,inDrop3,alpha
human3_lib4.final_cell_0303,inDrop3,activated_stellate
human3_lib4.final_cell_0304,inDrop3,alpha
human3_lib4.final_cell_0305,inDrop3,alpha
human3_lib4.final_cell_0306,inDrop3,beta
human3_lib4.final_cell_0307,inDrop3,ductal
human3_lib4.final_cell_0308,inDrop3,beta
human3_lib4.final_cell_0309,inDrop3,beta
human3_lib4.final_cell_0310,inDrop3,alpha
human3_lib4.final_cell_0311,inDrop3,ductal
human3_lib4.final_cell_0312,inDrop3,beta
human3_lib4.final_cell_0313,inDrop3,beta
human3_lib4.final_cell_0314,inDrop3,ductal
human3_lib4.final_cell_0315,inDrop3,ductal
human3_lib4.final_cell_0316,inDrop3,ductal
human3_lib4.final_cell_0317,inDrop3,ductal
human3_lib4.final_cell_0318,inDrop3,acinar
human3_lib4.final_cell_0319,inDrop3,alpha
human3_lib4.final_cell_0320,inDrop3,alpha
human3_lib4.final_cell_0321,inDrop3,beta
human3_lib4.final_cell_0322,inDrop3,delta
human3_lib4.final_cell_0323,inDrop3,beta
human3_lib4.final_cell_0324,inDrop3,beta
human3_lib4.final_cell_0325,inDrop3,alpha
human3_lib4.final_cell_0326,inDrop3,alpha
human3_lib4.final_cell_0327,inDrop3,activated_stellate
human3_lib4.final_cell_0328,inDrop3,alpha
human3_lib4.final_cell_0329,inDrop3,beta
human3_lib4.final_cell_0330,inDrop3,beta
human3_lib4.final_cell_0331,inDrop3,alpha
human3_lib4.final_cell_0332,inDrop3,ductal
human3_lib4.final_cell_0333,inDrop3,alpha
human3_lib4.final_cell_0334,inDrop3,alpha
human3_lib4.final_cell_0335,inDrop3,ductal
human3_lib4.final_cell_0336,inDrop3,alpha
human3_lib4.final_cell_0337,inDrop3,beta
human3_lib4.final_cell_0338,inDrop3,alpha
human3_lib4.final_cell_0339,inDrop3,ductal
human3_lib4.final_cell_0340,inDrop3,delta
human3_lib4.final_cell_0341,inDrop3,beta
human3_lib4.final_cell_0342,inDrop3,acinar
human3_lib4.final_cell_0343,inDrop3,activated_stellate
human3_lib4.final_cell_0344,inDrop3,beta
human3_lib4.final_cell_0345,inDrop3,acinar
human3_lib4.final_cell_0346,inDrop3,beta
human3_lib4.final_cell_0347,inDrop3,beta
human3_lib4.final_cell_0348,inDrop3,beta
human3_lib4.final_cell_0349,inDrop3,alpha
human3_lib4.final_cell_0350,inDrop3,beta
human3_lib4.final_cell_0351,inDrop3,alpha
human3_lib4.final_cell_0352,inDrop3,ductal
human3_lib4.final_cell_0353,inDrop3,delta
human3_lib4.final_cell_0354,inDrop3,beta
human3_lib4.final_cell_0355,inDrop3,acinar
human3_lib4.final_cell_0356,inDrop3,acinar
human3_lib4.final_cell_0357,inDrop3,beta
human3_lib4.final_cell_0358,inDrop3,acinar
human3_lib4.final_cell_0359,inDrop3,ductal
human3_lib4.final_cell_0360,inDrop3,alpha
human3_lib4.final_cell_0361,inDrop3,ductal
human3_lib4.final_cell_0362,inDrop3,beta
human3_lib4.final_cell_0363,inDrop3,alpha
human3_lib4.final_cell_0364,inDrop3,beta
human3_lib4.final_cell_0365,inDrop3,acinar
human3_lib4.final_cell_0366,inDrop3,alpha
human3_lib4.final_cell_0367,inDrop3,alpha
human3_lib4.final_cell_0368,inDrop3,acinar
human3_lib4.final_cell_0369,inDrop3,alpha
human3_lib4.final_cell_0370,inDrop3,alpha
human3_lib4.final_cell_0371,inDrop3,acinar
human3_lib4.final_cell_0372,inDrop3,alpha
human3_lib4.final_cell_0373,inDrop3,beta
human3_lib4.final_cell_0374,inDrop3,beta
human3_lib4.final_cell_0375,inDrop3,alpha
human3_lib4.final_cell_0376,inDrop3,alpha
human3_lib4.final_cell_0377,inDrop3,endothelial
human3_lib4.final_cell_0378,inDrop3,alpha
human3_lib4.final_cell_0379,inDrop3,delta
human3_lib4.final_cell_0380,inDrop3,beta
human3_lib4.final_cell_0381,inDrop3,acinar
human3_lib4.final_cell_0382,inDrop3,alpha
human3_lib4.final_cell_0383,inDrop3,acinar
human3_lib4.final_cell_0384,inDrop3,ductal
human3_lib4.final_cell_0385,inDrop3,beta
human3_lib4.final_cell_0386,inDrop3,beta
human3_lib4.final_cell_0387,inDrop3,beta
human3_lib4.final_cell_0388,inDrop3,beta
human3_lib4.final_cell_0389,inDrop3,alpha
human3_lib4.final_cell_0390,inDrop3,alpha
human3_lib4.final_cell_0391,inDrop3,ductal
human3_lib4.final_cell_0392,inDrop3,beta
human3_lib4.final_cell_0393,inDrop3,endothelial
human3_lib4.final_cell_0394,inDrop3,ductal
human3_lib4.final_cell_0395,inDrop3,alpha
human3_lib4.final_cell_0396,inDrop3,ductal
human3_lib4.final_cell_0397,inDrop3,alpha
human3_lib4.final_cell_0398,inDrop3,alpha
human3_lib4.final_cell_0399,inDrop3,beta
human3_lib4.final_cell_0400,inDrop3,alpha
human3_lib4.final_cell_0401,inDrop3,alpha
human3_lib4.final_cell_0402,inDrop3,gamma
human3_lib4.final_cell_0403,inDrop3,ductal
human3_lib4.final_cell_0404,inDrop3,alpha
human3_lib4.final_cell_0405,inDrop3,acinar
human3_lib4.final_cell_0406,inDrop3,acinar
human3_lib4.final_cell_0407,inDrop3,acinar
human3_lib4.final_cell_0408,inDrop3,alpha
human3_lib4.final_cell_0409,inDrop3,alpha
human3_lib4.final_cell_0410,inDrop3,alpha
human3_lib4.final_cell_0411,inDrop3,ductal
human3_lib4.final_cell_0412,inDrop3,ductal
human3_lib4.final_cell_0413,inDrop3,delta
human3_lib4.final_cell_0414,inDrop3,acinar
human3_lib4.final_cell_0415,inDrop3,alpha
human3_lib4.final_cell_0416,inDrop3,alpha
human3_lib4.final_cell_0417,inDrop3,alpha
human3_lib4.final_cell_0418,inDrop3,acinar
human3_lib4.final_cell_0419,inDrop3,alpha
human3_lib4.final_cell_0420,inDrop3,beta
human3_lib4.final_cell_0421,inDrop3,alpha
human3_lib4.final_cell_0422,inDrop3,beta
human3_lib4.final_cell_0423,inDrop3,alpha
human3_lib4.final_cell_0424,inDrop3,ductal
human3_lib4.final_cell_0425,inDrop3,alpha
human3_lib4.final_cell_0426,inDrop3,ductal
human3_lib4.final_cell_0427,inDrop3,beta
human3_lib4.final_cell_0428,inDrop3,alpha
human3_lib4.final_cell_0429,inDrop3,beta
human3_lib4.final_cell_0430,inDrop3,beta
human3_lib4.final_cell_0431,inDrop3,alpha
human3_lib4.final_cell_0432,inDrop3,alpha
human3_lib4.final_cell_0433,inDrop3,alpha
human3_lib4.final_cell_0434,inDrop3,ductal
human3_lib4.final_cell_0435,inDrop3,delta
human3_lib4.final_cell_0436,inDrop3,alpha
human3_lib4.final_cell_0437,inDrop3,alpha
human3_lib4.final_cell_0438,inDrop3,alpha
human3_lib4.final_cell_0439,inDrop3,alpha
human3_lib4.final_cell_0440,inDrop3,alpha
human3_lib4.final_cell_0441,inDrop3,alpha
human3_lib4.final_cell_0442,inDrop3,ductal
human3_lib4.final_cell_0443,inDrop3,ductal
human3_lib4.final_cell_0444,inDrop3,ductal
human3_lib4.final_cell_0445,inDrop3,acinar
human3_lib4.final_cell_0446,inDrop3,alpha
human3_lib4.final_cell_0447,inDrop3,ductal
human3_lib4.final_cell_0448,inDrop3,alpha
human3_lib4.final_cell_0449,inDrop3,activated_stellate
human3_lib4.final_cell_0450,inDrop3,beta
human3_lib4.final_cell_0451,inDrop3,gamma
human3_lib4.final_cell_0452,inDrop3,beta
human3_lib4.final_cell_0453,inDrop3,alpha
human3_lib4.final_cell_0454,inDrop3,alpha
human3_lib4.final_cell_0455,inDrop3,activated_stellate
human3_lib4.final_cell_0456,inDrop3,alpha
human3_lib4.final_cell_0457,inDrop3,quiescent_stellate
human3_lib4.final_cell_0458,inDrop3,alpha
human3_lib4.final_cell_0459,inDrop3,acinar
human3_lib4.final_cell_0460,inDrop3,alpha
human3_lib4.final_cell_0461,inDrop3,alpha
human3_lib4.final_cell_0462,inDrop3,beta
human3_lib4.final_cell_0463,inDrop3,beta
human3_lib4.final_cell_0464,inDrop3,alpha
human3_lib4.final_cell_0465,inDrop3,beta
human3_lib4.final_cell_0466,inDrop3,acinar
human3_lib4.final_cell_0467,inDrop3,beta
human3_lib4.final_cell_0468,inDrop3,ductal
human3_lib4.final_cell_0469,inDrop3,ductal
human3_lib4.final_cell_0470,inDrop3,beta
human3_lib4.final_cell_0471,inDrop3,alpha
human3_lib4.final_cell_0472,inDrop3,beta
human3_lib4.final_cell_0473,inDrop3,beta
human3_lib4.final_cell_0474,inDrop3,ductal
human3_lib4.final_cell_0475,inDrop3,beta
human3_lib4.final_cell_0476,inDrop3,beta
human3_lib4.final_cell_0477,inDrop3,alpha
human3_lib4.final_cell_0478,inDrop3,ductal
human3_lib4.final_cell_0479,inDrop3,alpha
human3_lib4.final_cell_0480,inDrop3,macrophage
human3_lib4.final_cell_0481,inDrop3,beta
human3_lib4.final_cell_0482,inDrop3,beta
human3_lib4.final_cell_0483,inDrop3,alpha
human3_lib4.final_cell_0484,inDrop3,alpha
human3_lib4.final_cell_0485,inDrop3,alpha
human3_lib4.final_cell_0486,inDrop3,alpha
human3_lib4.final_cell_0487,inDrop3,ductal
human3_lib4.final_cell_0488,inDrop3,alpha
human3_lib4.final_cell_0489,inDrop3,ductal
human3_lib4.final_cell_0490,inDrop3,quiescent_stellate
human3_lib4.final_cell_0491,inDrop3,ductal
human3_lib4.final_cell_0492,inDrop3,alpha
human3_lib4.final_cell_0493,inDrop3,alpha
human3_lib4.final_cell_0494,inDrop3,acinar
human3_lib4.final_cell_0495,inDrop3,alpha
human3_lib4.final_cell_0496,inDrop3,alpha
human3_lib4.final_cell_0497,inDrop3,beta
human3_lib4.final_cell_0498,inDrop3,alpha
human3_lib4.final_cell_0499,inDrop3,ductal
human3_lib4.final_cell_0500,inDrop3,alpha
human3_lib4.final_cell_0501,inDrop3,beta
human3_lib4.final_cell_0502,inDrop3,acinar
human3_lib4.final_cell_0503,inDrop3,alpha
human3_lib4.final_cell_0504,inDrop3,beta
human3_lib4.final_cell_0505,inDrop3,acinar
human3_lib4.final_cell_0506,inDrop3,beta
human3_lib4.final_cell_0507,inDrop3,ductal
human3_lib4.final_cell_0508,inDrop3,beta
human3_lib4.final_cell_0509,inDrop3,alpha
human3_lib4.final_cell_0510,inDrop3,alpha
human3_lib4.final_cell_0511,inDrop3,alpha
human3_lib4.final_cell_0512,inDrop3,acinar
human3_lib4.final_cell_0513,inDrop3,ductal
human3_lib4.final_cell_0514,inDrop3,alpha
human3_lib4.final_cell_0515,inDrop3,ductal
human3_lib4.final_cell_0516,inDrop3,alpha
human3_lib4.final_cell_0517,inDrop3,ductal
human3_lib4.final_cell_0518,inDrop3,acinar
human3_lib4.final_cell_0519,inDrop3,acinar
human3_lib4.final_cell_0520,inDrop3,ductal
human3_lib4.final_cell_0521,inDrop3,quiescent_stellate
human3_lib4.final_cell_0522,inDrop3,alpha
human3_lib4.final_cell_0523,inDrop3,alpha
human3_lib4.final_cell_0524,inDrop3,ductal
human3_lib4.final_cell_0525,inDrop3,beta
human3_lib4.final_cell_0526,inDrop3,beta
human3_lib4.final_cell_0527,inDrop3,alpha
human3_lib4.final_cell_0528,inDrop3,beta
human3_lib4.final_cell_0529,inDrop3,delta
human3_lib4.final_cell_0530,inDrop3,activated_stellate
human3_lib4.final_cell_0531,inDrop3,delta
human3_lib4.final_cell_0532,inDrop3,beta
human3_lib4.final_cell_0533,inDrop3,acinar
human3_lib4.final_cell_0534,inDrop3,ductal
human3_lib4.final_cell_0535,inDrop3,alpha
human3_lib4.final_cell_0536,inDrop3,activated_stellate
human3_lib4.final_cell_0537,inDrop3,acinar
human3_lib4.final_cell_0538,inDrop3,ductal
human3_lib4.final_cell_0539,inDrop3,alpha
human3_lib4.final_cell_0540,inDrop3,ductal
human3_lib4.final_cell_0541,inDrop3,beta
human3_lib4.final_cell_0542,inDrop3,alpha
human3_lib4.final_cell_0543,inDrop3,beta
human3_lib4.final_cell_0544,inDrop3,beta
human3_lib4.final_cell_0545,inDrop3,alpha
human3_lib4.final_cell_0546,inDrop3,alpha
human3_lib4.final_cell_0547,inDrop3,beta
human3_lib4.final_cell_0548,inDrop3,acinar
human3_lib4.final_cell_0549,inDrop3,acinar
human3_lib4.final_cell_0550,inDrop3,endothelial
human3_lib4.final_cell_0551,inDrop3,beta
human3_lib4.final_cell_0552,inDrop3,activated_stellate
human3_lib4.final_cell_0553,inDrop3,alpha
human3_lib4.final_cell_0554,inDrop3,alpha
human3_lib4.final_cell_0555,inDrop3,acinar
human3_lib4.final_cell_0556,inDrop3,alpha
human3_lib4.final_cell_0557,inDrop3,alpha
human3_lib4.final_cell_0558,inDrop3,alpha
human3_lib4.final_cell_0559,inDrop3,alpha
human3_lib4.final_cell_0560,inDrop3,beta
human3_lib4.final_cell_0561,inDrop3,acinar
human3_lib4.final_cell_0562,inDrop3,alpha
human3_lib4.final_cell_0563,inDrop3,beta
human3_lib4.final_cell_0564,inDrop3,ductal
human3_lib4.final_cell_0565,inDrop3,ductal
human3_lib4.final_cell_0566,inDrop3,ductal
human3_lib4.final_cell_0567,inDrop3,alpha
human3_lib4.final_cell_0568,inDrop3,gamma
human3_lib4.final_cell_0569,inDrop3,alpha
human3_lib4.final_cell_0570,inDrop3,beta
human3_lib4.final_cell_0571,inDrop3,alpha
human3_lib4.final_cell_0572,inDrop3,endothelial
human3_lib4.final_cell_0573,inDrop3,alpha
human3_lib4.final_cell_0574,inDrop3,macrophage
human3_lib4.final_cell_0575,inDrop3,acinar
human3_lib4.final_cell_0576,inDrop3,activated_stellate
human3_lib4.final_cell_0577,inDrop3,beta
human3_lib4.final_cell_0578,inDrop3,alpha
human3_lib4.final_cell_0579,inDrop3,alpha
human3_lib4.final_cell_0580,inDrop3,alpha
human3_lib4.final_cell_0581,inDrop3,ductal
human3_lib4.final_cell_0582,inDrop3,alpha
human3_lib4.final_cell_0583,inDrop3,beta
human3_lib4.final_cell_0584,inDrop3,alpha
human3_lib4.final_cell_0585,inDrop3,beta
human3_lib4.final_cell_0586,inDrop3,beta
human3_lib4.final_cell_0587,inDrop3,alpha
human3_lib4.final_cell_0588,inDrop3,beta
human3_lib4.final_cell_0589,inDrop3,delta
human3_lib4.final_cell_0590,inDrop3,alpha
human3_lib4.final_cell_0591,inDrop3,activated_stellate
human3_lib4.final_cell_0592,inDrop3,alpha
human3_lib4.final_cell_0593,inDrop3,activated_stellate
human3_lib4.final_cell_0594,inDrop3,alpha
human3_lib4.final_cell_0595,inDrop3,beta
human3_lib4.final_cell_0596,inDrop3,alpha
human3_lib4.final_cell_0597,inDrop3,ductal
human3_lib4.final_cell_0598,inDrop3,beta
human3_lib4.final_cell_0599,inDrop3,beta
human3_lib4.final_cell_0600,inDrop3,alpha
human3_lib4.final_cell_0601,inDrop3,acinar
human3_lib4.final_cell_0602,inDrop3,alpha
human3_lib4.final_cell_0603,inDrop3,endothelial
human3_lib4.final_cell_0604,inDrop3,beta
human3_lib4.final_cell_0605,inDrop3,alpha
human3_lib4.final_cell_0606,inDrop3,alpha
human3_lib4.final_cell_0607,inDrop3,alpha
human3_lib4.final_cell_0608,inDrop3,beta
human3_lib4.final_cell_0609,inDrop3,ductal
human3_lib4.final_cell_0610,inDrop3,acinar
human3_lib4.final_cell_0611,inDrop3,acinar
human3_lib4.final_cell_0612,inDrop3,alpha
human3_lib4.final_cell_0613,inDrop3,endothelial
human3_lib4.final_cell_0614,inDrop3,ductal
human3_lib4.final_cell_0615,inDrop3,acinar
human3_lib4.final_cell_0616,inDrop3,beta
human3_lib4.final_cell_0617,inDrop3,beta
human3_lib4.final_cell_0618,inDrop3,beta
human3_lib4.final_cell_0619,inDrop3,ductal
human3_lib4.final_cell_0620,inDrop3,alpha
human3_lib4.final_cell_0621,inDrop3,alpha
human3_lib4.final_cell_0622,inDrop3,acinar
human3_lib4.final_cell_0623,inDrop3,gamma
human3_lib4.final_cell_0624,inDrop3,alpha
human3_lib4.final_cell_0625,inDrop3,alpha
human3_lib4.final_cell_0626,inDrop3,acinar
human3_lib4.final_cell_0627,inDrop3,alpha
human3_lib4.final_cell_0628,inDrop3,alpha
human3_lib4.final_cell_0629,inDrop3,alpha
human3_lib4.final_cell_0630,inDrop3,beta
human3_lib4.final_cell_0631,inDrop3,beta
human3_lib4.final_cell_0632,inDrop3,beta
human3_lib4.final_cell_0633,inDrop3,acinar
human3_lib4.final_cell_0634,inDrop3,alpha
human3_lib4.final_cell_0635,inDrop3,beta
human3_lib4.final_cell_0636,inDrop3,acinar
human3_lib4.final_cell_0637,inDrop3,alpha
human3_lib4.final_cell_0638,inDrop3,ductal
human3_lib4.final_cell_0639,inDrop3,alpha
human3_lib4.final_cell_0640,inDrop3,alpha
human3_lib4.final_cell_0641,inDrop3,alpha
human3_lib4.final_cell_0642,inDrop3,beta
human3_lib4.final_cell_0643,inDrop3,acinar
human3_lib4.final_cell_0644,inDrop3,beta
human3_lib4.final_cell_0645,inDrop3,beta
human3_lib4.final_cell_0646,inDrop3,alpha
human3_lib4.final_cell_0647,inDrop3,acinar
human3_lib4.final_cell_0648,inDrop3,activated_stellate
human3_lib4.final_cell_0649,inDrop3,alpha
human3_lib4.final_cell_0650,inDrop3,alpha
human3_lib4.final_cell_0651,inDrop3,alpha
human3_lib4.final_cell_0652,inDrop3,alpha
human3_lib4.final_cell_0653,inDrop3,ductal
human3_lib4.final_cell_0654,inDrop3,alpha
human3_lib4.final_cell_0655,inDrop3,acinar
human3_lib4.final_cell_0656,inDrop3,alpha
human3_lib4.final_cell_0657,inDrop3,beta
human3_lib4.final_cell_0658,inDrop3,alpha
human3_lib4.final_cell_0659,inDrop3,alpha
human3_lib4.final_cell_0660,inDrop3,alpha
human3_lib4.final_cell_0661,inDrop3,alpha
human3_lib4.final_cell_0662,inDrop3,acinar
human3_lib4.final_cell_0663,inDrop3,beta
human3_lib4.final_cell_0664,inDrop3,alpha
human3_lib4.final_cell_0665,inDrop3,acinar
human3_lib4.final_cell_0666,inDrop3,alpha
human3_lib4.final_cell_0667,inDrop3,acinar
human3_lib4.final_cell_0668,inDrop3,alpha
human3_lib4.final_cell_0669,inDrop3,alpha
human3_lib4.final_cell_0670,inDrop3,ductal
human3_lib4.final_cell_0671,inDrop3,beta
human3_lib4.final_cell_0672,inDrop3,beta
human3_lib4.final_cell_0673,inDrop3,acinar
human3_lib4.final_cell_0674,inDrop3,alpha
human3_lib4.final_cell_0675,inDrop3,activated_stellate
human3_lib4.final_cell_0676,inDrop3,alpha
human3_lib4.final_cell_0677,inDrop3,alpha
human3_lib4.final_cell_0678,inDrop3,alpha
human3_lib4.final_cell_0679,inDrop3,beta
human3_lib4.final_cell_0680,inDrop3,beta
human3_lib4.final_cell_0681,inDrop3,gamma
human3_lib4.final_cell_0682,inDrop3,alpha
human3_lib4.final_cell_0683,inDrop3,beta
human3_lib4.final_cell_0684,inDrop3,activated_stellate
human3_lib4.final_cell_0685,inDrop3,acinar
human3_lib4.final_cell_0686,inDrop3,ductal
human3_lib4.final_cell_0687,inDrop3,alpha
human3_lib4.final_cell_0688,inDrop3,alpha
human3_lib4.final_cell_0689,inDrop3,beta
human3_lib4.final_cell_0690,inDrop3,ductal
human3_lib4.final_cell_0691,inDrop3,beta
human3_lib4.final_cell_0692,inDrop3,delta
human3_lib4.final_cell_0693,inDrop3,ductal
human3_lib4.final_cell_0694,inDrop3,acinar
human3_lib4.final_cell_0695,inDrop3,ductal
human3_lib4.final_cell_0696,inDrop3,acinar
human3_lib4.final_cell_0697,inDrop3,alpha
human3_lib4.final_cell_0698,inDrop3,ductal
human3_lib4.final_cell_0699,inDrop3,alpha
human3_lib4.final_cell_0700,inDrop3,beta
human3_lib4.final_cell_0701,inDrop3,beta
human3_lib4.final_cell_0702,inDrop3,alpha
human3_lib4.final_cell_0703,inDrop3,alpha
human3_lib4.final_cell_0704,inDrop3,alpha
human3_lib4.final_cell_0705,inDrop3,endothelial
human3_lib4.final_cell_0706,inDrop3,acinar
human3_lib4.final_cell_0707,inDrop3,ductal
human3_lib4.final_cell_0708,inDrop3,alpha
human3_lib4.final_cell_0709,inDrop3,beta
human3_lib4.final_cell_0710,inDrop3,ductal
human3_lib4.final_cell_0711,inDrop3,alpha
human3_lib4.final_cell_0712,inDrop3,alpha
human3_lib4.final_cell_0713,inDrop3,beta
human3_lib4.final_cell_0714,inDrop3,alpha
human3_lib4.final_cell_0715,inDrop3,ductal
human3_lib4.final_cell_0716,inDrop3,beta
human3_lib4.final_cell_0717,inDrop3,ductal
human3_lib4.final_cell_0718,inDrop3,ductal
human3_lib4.final_cell_0719,inDrop3,ductal
human3_lib4.final_cell_0720,inDrop3,alpha
human3_lib4.final_cell_0721,inDrop3,alpha
human3_lib4.final_cell_0722,inDrop3,alpha
human3_lib4.final_cell_0723,inDrop3,beta
human3_lib4.final_cell_0724,inDrop3,ductal
human3_lib4.final_cell_0725,inDrop3,alpha
human3_lib4.final_cell_0726,inDrop3,endothelial
human3_lib4.final_cell_0727,inDrop3,alpha
human3_lib4.final_cell_0728,inDrop3,quiescent_stellate
human3_lib4.final_cell_0729,inDrop3,beta
human3_lib4.final_cell_0730,inDrop3,delta
human3_lib4.final_cell_0731,inDrop3,alpha
human3_lib4.final_cell_0732,inDrop3,acinar
human3_lib4.final_cell_0733,inDrop3,alpha
human3_lib4.final_cell_0734,inDrop3,beta
human3_lib4.final_cell_0735,inDrop3,beta
human3_lib4.final_cell_0736,inDrop3,alpha
human3_lib4.final_cell_0737,inDrop3,quiescent_stellate
human3_lib4.final_cell_0738,inDrop3,alpha
human3_lib4.final_cell_0739,inDrop3,beta
human3_lib4.final_cell_0740,inDrop3,alpha
human3_lib4.final_cell_0741,inDrop3,quiescent_stellate
human3_lib4.final_cell_0742,inDrop3,acinar
human3_lib4.final_cell_0743,inDrop3,alpha
human3_lib4.final_cell_0744,inDrop3,alpha
human3_lib4.final_cell_0745,inDrop3,beta
human3_lib4.final_cell_0746,inDrop3,acinar
human3_lib4.final_cell_0747,inDrop3,delta
human3_lib4.final_cell_0748,inDrop3,acinar
human3_lib4.final_cell_0749,inDrop3,alpha
human3_lib4.final_cell_0750,inDrop3,alpha
human3_lib4.final_cell_0751,inDrop3,ductal
human3_lib4.final_cell_0752,inDrop3,gamma
human3_lib4.final_cell_0753,inDrop3,endothelial
human3_lib4.final_cell_0754,inDrop3,beta
human3_lib4.final_cell_0755,inDrop3,alpha
human3_lib4.final_cell_0756,inDrop3,alpha
human3_lib4.final_cell_0757,inDrop3,ductal
human3_lib4.final_cell_0758,inDrop3,alpha
human3_lib4.final_cell_0759,inDrop3,alpha
human3_lib4.final_cell_0760,inDrop3,alpha
human3_lib4.final_cell_0761,inDrop3,beta
human3_lib4.final_cell_0762,inDrop3,acinar
human3_lib4.final_cell_0763,inDrop3,alpha
human3_lib4.final_cell_0764,inDrop3,beta
human3_lib4.final_cell_0765,inDrop3,alpha
human3_lib4.final_cell_0766,inDrop3,alpha
human3_lib4.final_cell_0767,inDrop3,alpha
human3_lib4.final_cell_0768,inDrop3,ductal
human3_lib4.final_cell_0769,inDrop3,delta
human3_lib4.final_cell_0770,inDrop3,alpha
human3_lib4.final_cell_0771,inDrop3,alpha
human3_lib4.final_cell_0772,inDrop3,alpha
human3_lib4.final_cell_0773,inDrop3,acinar
human3_lib4.final_cell_0774,inDrop3,ductal
human3_lib4.final_cell_0775,inDrop3,ductal
human3_lib4.final_cell_0776,inDrop3,alpha
human3_lib4.final_cell_0777,inDrop3,alpha
human3_lib4.final_cell_0778,inDrop3,alpha
human3_lib4.final_cell_0779,inDrop3,acinar
human3_lib4.final_cell_0780,inDrop3,beta
human3_lib4.final_cell_0781,inDrop3,alpha
human3_lib4.final_cell_0782,inDrop3,gamma
human3_lib4.final_cell_0783,inDrop3,acinar
human3_lib4.final_cell_0784,inDrop3,alpha
human3_lib4.final_cell_0785,inDrop3,gamma
human3_lib4.final_cell_0786,inDrop3,gamma
human3_lib4.final_cell_0787,inDrop3,beta
human3_lib4.final_cell_0788,inDrop3,beta
human3_lib4.final_cell_0789,inDrop3,alpha
human3_lib4.final_cell_0790,inDrop3,beta
human3_lib4.final_cell_0791,inDrop3,beta
human3_lib4.final_cell_0792,inDrop3,acinar
human3_lib4.final_cell_0793,inDrop3,acinar
human3_lib4.final_cell_0794,inDrop3,acinar
human3_lib4.final_cell_0795,inDrop3,quiescent_stellate
human3_lib4.final_cell_0796,inDrop3,quiescent_stellate
human3_lib4.final_cell_0797,inDrop3,ductal
human3_lib4.final_cell_0798,inDrop3,beta
human3_lib4.final_cell_0799,inDrop3,alpha
human3_lib4.final_cell_0800,inDrop3,beta
human3_lib4.final_cell_0801,inDrop3,alpha
human3_lib4.final_cell_0802,inDrop3,ductal
human3_lib4.final_cell_0803,inDrop3,alpha
human3_lib4.final_cell_0804,inDrop3,alpha
human3_lib4.final_cell_0805,inDrop3,alpha
human3_lib4.final_cell_0806,inDrop3,alpha
human3_lib4.final_cell_0807,inDrop3,alpha
human3_lib4.final_cell_0808,inDrop3,beta
human3_lib4.final_cell_0809,inDrop3,beta
human3_lib4.final_cell_0810,inDrop3,beta
human3_lib4.final_cell_0811,inDrop3,acinar
human3_lib4.final_cell_0812,inDrop3,alpha
human3_lib4.final_cell_0813,inDrop3,beta
human3_lib4.final_cell_0814,inDrop3,beta
human3_lib4.final_cell_0815,inDrop3,beta
human3_lib4.final_cell_0816,inDrop3,beta
human3_lib4.final_cell_0817,inDrop3,gamma
human3_lib4.final_cell_0818,inDrop3,endothelial
human3_lib4.final_cell_0819,inDrop3,quiescent_stellate
human3_lib4.final_cell_0820,inDrop3,alpha
human3_lib4.final_cell_0821,inDrop3,alpha
human3_lib4.final_cell_0822,inDrop3,beta
human3_lib4.final_cell_0823,inDrop3,beta
human3_lib4.final_cell_0824,inDrop3,beta
human3_lib4.final_cell_0825,inDrop3,ductal
human3_lib4.final_cell_0826,inDrop3,ductal
human3_lib4.final_cell_0827,inDrop3,beta
human3_lib4.final_cell_0828,inDrop3,quiescent_stellate
human3_lib4.final_cell_0829,inDrop3,alpha
human3_lib4.final_cell_0830,inDrop3,alpha
human3_lib4.final_cell_0831,inDrop3,alpha
human3_lib4.final_cell_0832,inDrop3,activated_stellate
human3_lib4.final_cell_0833,inDrop3,acinar
human3_lib4.final_cell_0834,inDrop3,beta
human3_lib4.final_cell_0835,inDrop3,alpha
human3_lib4.final_cell_0836,inDrop3,alpha
human3_lib4.final_cell_0837,inDrop3,ductal
human3_lib4.final_cell_0838,inDrop3,alpha
human3_lib4.final_cell_0839,inDrop3,beta
human3_lib4.final_cell_0840,inDrop3,alpha
human3_lib4.final_cell_0841,inDrop3,beta
human3_lib4.final_cell_0842,inDrop3,endothelial
human3_lib4.final_cell_0843,inDrop3,ductal
human3_lib4.final_cell_0844,inDrop3,endothelial
human3_lib4.final_cell_0845,inDrop3,beta
human3_lib4.final_cell_0846,inDrop3,quiescent_stellate
human3_lib4.final_cell_0847,inDrop3,endothelial
human3_lib4.final_cell_0848,inDrop3,alpha
human3_lib4.final_cell_0849,inDrop3,alpha
human3_lib4.final_cell_0850,inDrop3,beta
human3_lib4.final_cell_0851,inDrop3,alpha
human3_lib4.final_cell_0852,inDrop3,activated_stellate
human3_lib4.final_cell_0853,inDrop3,quiescent_stellate
human3_lib4.final_cell_0854,inDrop3,alpha
human3_lib4.final_cell_0855,inDrop3,beta
human3_lib4.final_cell_0856,inDrop3,alpha
human3_lib4.final_cell_0857,inDrop3,alpha
human3_lib4.final_cell_0858,inDrop3,beta
human3_lib4.final_cell_0859,inDrop3,activated_stellate
human3_lib4.final_cell_0860,inDrop3,beta
human3_lib4.final_cell_0861,inDrop3,alpha
human3_lib4.final_cell_0862,inDrop3,beta
human3_lib4.final_cell_0863,inDrop3,delta
human3_lib4.final_cell_0864,inDrop3,quiescent_stellate
human3_lib4.final_cell_0865,inDrop3,alpha
human3_lib4.final_cell_0866,inDrop3,beta
human3_lib4.final_cell_0867,inDrop3,beta
human3_lib4.final_cell_0868,inDrop3,alpha
human3_lib4.final_cell_0869,inDrop3,beta
human3_lib4.final_cell_0870,inDrop3,alpha
human3_lib4.final_cell_0871,inDrop3,beta
human3_lib4.final_cell_0872,inDrop3,delta
human3_lib4.final_cell_0873,inDrop3,ductal
human3_lib4.final_cell_0874,inDrop3,alpha
human3_lib4.final_cell_0875,inDrop3,beta
human3_lib4.final_cell_0876,inDrop3,endothelial
human3_lib4.final_cell_0877,inDrop3,beta
human3_lib4.final_cell_0878,inDrop3,beta
human3_lib4.final_cell_0879,inDrop3,alpha
human3_lib4.final_cell_0880,inDrop3,alpha
human3_lib4.final_cell_0881,inDrop3,alpha
human3_lib4.final_cell_0882,inDrop3,alpha
human3_lib4.final_cell_0883,inDrop3,schwann
human3_lib4.final_cell_0884,inDrop3,alpha
human3_lib4.final_cell_0885,inDrop3,beta
human3_lib4.final_cell_0886,inDrop3,macrophage
human3_lib4.final_cell_0887,inDrop3,endothelial
human3_lib4.final_cell_0888,inDrop3,ductal
human3_lib4.final_cell_0889,inDrop3,beta
human3_lib4.final_cell_0890,inDrop3,alpha
human3_lib4.final_cell_0891,inDrop3,alpha
human3_lib4.final_cell_0892,inDrop3,quiescent_stellate
human3_lib4.final_cell_0893,inDrop3,acinar
human3_lib4.final_cell_0894,inDrop3,ductal
human3_lib4.final_cell_0895,inDrop3,alpha
human3_lib4.final_cell_0896,inDrop3,beta
human3_lib4.final_cell_0897,inDrop3,alpha
human3_lib4.final_cell_0898,inDrop3,beta
human3_lib4.final_cell_0899,inDrop3,alpha
human4_lib1.final_cell_0001,inDrop4,ductal
human4_lib1.final_cell_0002,inDrop4,delta
human4_lib1.final_cell_0003,inDrop4,delta
human4_lib1.final_cell_0004,inDrop4,ductal
human4_lib1.final_cell_0005,inDrop4,ductal
human4_lib1.final_cell_0006,inDrop4,ductal
human4_lib1.final_cell_0007,inDrop4,ductal
human4_lib1.final_cell_0008,inDrop4,alpha
human4_lib1.final_cell_0009,inDrop4,ductal
human4_lib1.final_cell_0010,inDrop4,ductal
human4_lib1.final_cell_0011,inDrop4,alpha
human4_lib1.final_cell_0012,inDrop4,ductal
human4_lib1.final_cell_0013,inDrop4,ductal
human4_lib1.final_cell_0014,inDrop4,ductal
human4_lib1.final_cell_0015,inDrop4,delta
human4_lib1.final_cell_0016,inDrop4,activated_stellate
human4_lib1.final_cell_0017,inDrop4,beta
human4_lib1.final_cell_0018,inDrop4,ductal
human4_lib1.final_cell_0019,inDrop4,ductal
human4_lib1.final_cell_0020,inDrop4,beta
human4_lib1.final_cell_0021,inDrop4,beta
human4_lib1.final_cell_0022,inDrop4,delta
human4_lib1.final_cell_0023,inDrop4,ductal
human4_lib1.final_cell_0024,inDrop4,delta
human4_lib1.final_cell_0025,inDrop4,alpha
human4_lib1.final_cell_0026,inDrop4,beta
human4_lib1.final_cell_0027,inDrop4,beta
human4_lib1.final_cell_0028,inDrop4,delta
human4_lib1.final_cell_0029,inDrop4,ductal
human4_lib1.final_cell_0030,inDrop4,activated_stellate
human4_lib1.final_cell_0031,inDrop4,ductal
human4_lib1.final_cell_0032,inDrop4,ductal
human4_lib1.final_cell_0033,inDrop4,ductal
human4_lib1.final_cell_0034,inDrop4,beta
human4_lib1.final_cell_0035,inDrop4,macrophage
human4_lib1.final_cell_0036,inDrop4,alpha
human4_lib1.final_cell_0037,inDrop4,beta
human4_lib1.final_cell_0038,inDrop4,beta
human4_lib1.final_cell_0039,inDrop4,alpha
human4_lib1.final_cell_0040,inDrop4,ductal
human4_lib1.final_cell_0041,inDrop4,beta
human4_lib1.final_cell_0042,inDrop4,beta
human4_lib1.final_cell_0043,inDrop4,alpha
human4_lib1.final_cell_0044,inDrop4,ductal
human4_lib1.final_cell_0045,inDrop4,ductal
human4_lib1.final_cell_0046,inDrop4,beta
human4_lib1.final_cell_0047,inDrop4,beta
human4_lib1.final_cell_0048,inDrop4,alpha
human4_lib1.final_cell_0049,inDrop4,beta
human4_lib1.final_cell_0050,inDrop4,alpha
human4_lib1.final_cell_0051,inDrop4,beta
human4_lib1.final_cell_0052,inDrop4,ductal
human4_lib1.final_cell_0053,inDrop4,beta
human4_lib1.final_cell_0054,inDrop4,ductal
human4_lib1.final_cell_0055,inDrop4,alpha
human4_lib1.final_cell_0056,inDrop4,beta
human4_lib1.final_cell_0057,inDrop4,delta
human4_lib1.final_cell_0058,inDrop4,beta
human4_lib1.final_cell_0059,inDrop4,beta
human4_lib1.final_cell_0060,inDrop4,ductal
human4_lib1.final_cell_0061,inDrop4,beta
human4_lib1.final_cell_0062,inDrop4,ductal
human4_lib1.final_cell_0063,inDrop4,beta
human4_lib1.final_cell_0064,inDrop4,ductal
human4_lib1.final_cell_0065,inDrop4,ductal
human4_lib1.final_cell_0066,inDrop4,activated_stellate
human4_lib1.final_cell_0067,inDrop4,alpha
human4_lib1.final_cell_0068,inDrop4,alpha
human4_lib1.final_cell_0069,inDrop4,delta
human4_lib1.final_cell_0070,inDrop4,activated_stellate
human4_lib1.final_cell_0071,inDrop4,activated_stellate
human4_lib1.final_cell_0072,inDrop4,beta
human4_lib1.final_cell_0073,inDrop4,activated_stellate
human4_lib1.final_cell_0074,inDrop4,alpha
human4_lib1.final_cell_0075,inDrop4,beta
human4_lib1.final_cell_0076,inDrop4,ductal
human4_lib1.final_cell_0077,inDrop4,quiescent_stellate
human4_lib1.final_cell_0078,inDrop4,beta
human4_lib1.final_cell_0079,inDrop4,ductal
human4_lib1.final_cell_0080,inDrop4,beta
human4_lib1.final_cell_0081,inDrop4,beta
human4_lib1.final_cell_0082,inDrop4,activated_stellate
human4_lib1.final_cell_0083,inDrop4,delta
human4_lib1.final_cell_0084,inDrop4,beta
human4_lib1.final_cell_0085,inDrop4,beta
human4_lib1.final_cell_0086,inDrop4,beta
human4_lib1.final_cell_0087,inDrop4,beta
human4_lib1.final_cell_0088,inDrop4,delta
human4_lib1.final_cell_0089,inDrop4,beta
human4_lib1.final_cell_0090,inDrop4,delta
human4_lib1.final_cell_0091,inDrop4,alpha
human4_lib1.final_cell_0092,inDrop4,ductal
human4_lib1.final_cell_0093,inDrop4,alpha
human4_lib1.final_cell_0094,inDrop4,alpha
human4_lib1.final_cell_0095,inDrop4,alpha
human4_lib1.final_cell_0096,inDrop4,macrophage
human4_lib1.final_cell_0097,inDrop4,delta
human4_lib1.final_cell_0098,inDrop4,ductal
human4_lib1.final_cell_0099,inDrop4,ductal
human4_lib1.final_cell_0100,inDrop4,beta
human4_lib1.final_cell_0101,inDrop4,ductal
human4_lib1.final_cell_0102,inDrop4,beta
human4_lib1.final_cell_0103,inDrop4,beta
human4_lib1.final_cell_0104,inDrop4,alpha
human4_lib1.final_cell_0105,inDrop4,beta
human4_lib1.final_cell_0106,inDrop4,delta
human4_lib1.final_cell_0107,inDrop4,alpha
human4_lib1.final_cell_0108,inDrop4,alpha
human4_lib1.final_cell_0109,inDrop4,delta
human4_lib1.final_cell_0110,inDrop4,beta
human4_lib1.final_cell_0111,inDrop4,ductal
human4_lib1.final_cell_0112,inDrop4,beta
human4_lib1.final_cell_0113,inDrop4,beta
human4_lib1.final_cell_0114,inDrop4,delta
human4_lib1.final_cell_0115,inDrop4,acinar
human4_lib1.final_cell_0116,inDrop4,ductal
human4_lib1.final_cell_0117,inDrop4,alpha
human4_lib1.final_cell_0118,inDrop4,ductal
human4_lib1.final_cell_0119,inDrop4,ductal
human4_lib1.final_cell_0120,inDrop4,beta
human4_lib1.final_cell_0121,inDrop4,beta
human4_lib1.final_cell_0122,inDrop4,gamma
human4_lib1.final_cell_0123,inDrop4,alpha
human4_lib1.final_cell_0124,inDrop4,beta
human4_lib1.final_cell_0125,inDrop4,beta
human4_lib1.final_cell_0126,inDrop4,beta
human4_lib1.final_cell_0127,inDrop4,ductal
human4_lib1.final_cell_0128,inDrop4,activated_stellate
human4_lib1.final_cell_0129,inDrop4,delta
human4_lib1.final_cell_0130,inDrop4,beta
human4_lib1.final_cell_0131,inDrop4,ductal
human4_lib1.final_cell_0132,inDrop4,beta
human4_lib1.final_cell_0133,inDrop4,ductal
human4_lib1.final_cell_0134,inDrop4,ductal
human4_lib1.final_cell_0135,inDrop4,beta
human4_lib1.final_cell_0136,inDrop4,alpha
human4_lib1.final_cell_0137,inDrop4,ductal
human4_lib1.final_cell_0138,inDrop4,delta
human4_lib1.final_cell_0139,inDrop4,beta
human4_lib1.final_cell_0140,inDrop4,delta
human4_lib1.final_cell_0141,inDrop4,delta
human4_lib1.final_cell_0142,inDrop4,alpha
human4_lib1.final_cell_0143,inDrop4,alpha
human4_lib1.final_cell_0144,inDrop4,ductal
human4_lib1.final_cell_0145,inDrop4,macrophage
human4_lib1.final_cell_0146,inDrop4,alpha
human4_lib1.final_cell_0147,inDrop4,ductal
human4_lib1.final_cell_0148,inDrop4,ductal
human4_lib1.final_cell_0149,inDrop4,ductal
human4_lib1.final_cell_0150,inDrop4,beta
human4_lib1.final_cell_0151,inDrop4,beta
human4_lib1.final_cell_0152,inDrop4,alpha
human4_lib1.final_cell_0153,inDrop4,beta
human4_lib1.final_cell_0154,inDrop4,alpha
human4_lib1.final_cell_0155,inDrop4,beta
human4_lib1.final_cell_0156,inDrop4,beta
human4_lib1.final_cell_0157,inDrop4,ductal
human4_lib1.final_cell_0158,inDrop4,ductal
human4_lib1.final_cell_0159,inDrop4,beta
human4_lib1.final_cell_0160,inDrop4,beta
human4_lib1.final_cell_0161,inDrop4,alpha
human4_lib1.final_cell_0162,inDrop4,alpha
human4_lib1.final_cell_0163,inDrop4,beta
human4_lib1.final_cell_0164,inDrop4,beta
human4_lib1.final_cell_0165,inDrop4,alpha
human4_lib1.final_cell_0166,inDrop4,beta
human4_lib1.final_cell_0167,inDrop4,beta
human4_lib1.final_cell_0168,inDrop4,alpha
human4_lib1.final_cell_0169,inDrop4,delta
human4_lib1.final_cell_0170,inDrop4,beta
human4_lib1.final_cell_0171,inDrop4,alpha
human4_lib1.final_cell_0172,inDrop4,beta
human4_lib1.final_cell_0173,inDrop4,beta
human4_lib1.final_cell_0174,inDrop4,beta
human4_lib1.final_cell_0175,inDrop4,beta
human4_lib1.final_cell_0176,inDrop4,delta
human4_lib1.final_cell_0177,inDrop4,beta
human4_lib1.final_cell_0178,inDrop4,ductal
human4_lib1.final_cell_0179,inDrop4,gamma
human4_lib1.final_cell_0180,inDrop4,delta
human4_lib1.final_cell_0181,inDrop4,ductal
human4_lib1.final_cell_0182,inDrop4,alpha
human4_lib1.final_cell_0183,inDrop4,ductal
human4_lib1.final_cell_0184,inDrop4,alpha
human4_lib1.final_cell_0185,inDrop4,alpha
human4_lib1.final_cell_0186,inDrop4,delta
human4_lib1.final_cell_0187,inDrop4,alpha
human4_lib1.final_cell_0188,inDrop4,beta
human4_lib1.final_cell_0189,inDrop4,delta
human4_lib1.final_cell_0190,inDrop4,alpha
human4_lib1.final_cell_0191,inDrop4,alpha
human4_lib1.final_cell_0192,inDrop4,delta
human4_lib1.final_cell_0193,inDrop4,beta
human4_lib1.final_cell_0194,inDrop4,beta
human4_lib1.final_cell_0195,inDrop4,alpha
human4_lib1.final_cell_0196,inDrop4,gamma
human4_lib1.final_cell_0197,inDrop4,beta
human4_lib1.final_cell_0198,inDrop4,beta
human4_lib1.final_cell_0199,inDrop4,gamma
human4_lib1.final_cell_0200,inDrop4,delta
human4_lib1.final_cell_0201,inDrop4,ductal
human4_lib1.final_cell_0202,inDrop4,beta
human4_lib1.final_cell_0203,inDrop4,alpha
human4_lib1.final_cell_0204,inDrop4,delta
human4_lib1.final_cell_0205,inDrop4,beta
human4_lib1.final_cell_0206,inDrop4,beta
human4_lib1.final_cell_0207,inDrop4,alpha
human4_lib1.final_cell_0208,inDrop4,ductal
human4_lib1.final_cell_0209,inDrop4,ductal
human4_lib1.final_cell_0210,inDrop4,beta
human4_lib1.final_cell_0211,inDrop4,alpha
human4_lib1.final_cell_0212,inDrop4,ductal
human4_lib1.final_cell_0213,inDrop4,activated_stellate
human4_lib1.final_cell_0214,inDrop4,alpha
human4_lib1.final_cell_0215,inDrop4,beta
human4_lib1.final_cell_0216,inDrop4,alpha
human4_lib1.final_cell_0217,inDrop4,ductal
human4_lib1.final_cell_0218,inDrop4,beta
human4_lib1.final_cell_0219,inDrop4,beta
human4_lib1.final_cell_0220,inDrop4,ductal
human4_lib1.final_cell_0221,inDrop4,beta
human4_lib1.final_cell_0222,inDrop4,beta
human4_lib1.final_cell_0223,inDrop4,ductal
human4_lib1.final_cell_0224,inDrop4,beta
human4_lib1.final_cell_0225,inDrop4,beta
human4_lib1.final_cell_0226,inDrop4,beta
human4_lib1.final_cell_0227,inDrop4,beta
human4_lib1.final_cell_0228,inDrop4,alpha
human4_lib1.final_cell_0229,inDrop4,delta
human4_lib1.final_cell_0230,inDrop4,alpha
human4_lib1.final_cell_0231,inDrop4,macrophage
human4_lib1.final_cell_0232,inDrop4,alpha
human4_lib1.final_cell_0233,inDrop4,alpha
human4_lib1.final_cell_0234,inDrop4,beta
human4_lib1.final_cell_0235,inDrop4,activated_stellate
human4_lib1.final_cell_0236,inDrop4,beta
human4_lib1.final_cell_0237,inDrop4,beta
human4_lib1.final_cell_0238,inDrop4,ductal
human4_lib1.final_cell_0239,inDrop4,ductal
human4_lib1.final_cell_0240,inDrop4,gamma
human4_lib1.final_cell_0241,inDrop4,beta
human4_lib1.final_cell_0242,inDrop4,ductal
human4_lib1.final_cell_0243,inDrop4,beta
human4_lib1.final_cell_0244,inDrop4,beta
human4_lib1.final_cell_0245,inDrop4,beta
human4_lib1.final_cell_0246,inDrop4,beta
human4_lib1.final_cell_0247,inDrop4,beta
human4_lib1.final_cell_0248,inDrop4,alpha
human4_lib1.final_cell_0249,inDrop4,delta
human4_lib1.final_cell_0250,inDrop4,alpha
human4_lib1.final_cell_0251,inDrop4,ductal
human4_lib1.final_cell_0252,inDrop4,ductal
human4_lib1.final_cell_0253,inDrop4,beta
human4_lib1.final_cell_0254,inDrop4,alpha
human4_lib1.final_cell_0255,inDrop4,alpha
human4_lib1.final_cell_0256,inDrop4,ductal
human4_lib1.final_cell_0257,inDrop4,ductal
human4_lib1.final_cell_0258,inDrop4,alpha
human4_lib1.final_cell_0259,inDrop4,alpha
human4_lib1.final_cell_0260,inDrop4,ductal
human4_lib1.final_cell_0261,inDrop4,beta
human4_lib1.final_cell_0262,inDrop4,beta
human4_lib1.final_cell_0263,inDrop4,alpha
human4_lib1.final_cell_0264,inDrop4,ductal
human4_lib1.final_cell_0265,inDrop4,gamma
human4_lib1.final_cell_0266,inDrop4,beta
human4_lib1.final_cell_0267,inDrop4,delta
human4_lib1.final_cell_0268,inDrop4,gamma
human4_lib1.final_cell_0269,inDrop4,beta
human4_lib1.final_cell_0270,inDrop4,ductal
human4_lib1.final_cell_0271,inDrop4,ductal
human4_lib1.final_cell_0272,inDrop4,beta
human4_lib1.final_cell_0273,inDrop4,ductal
human4_lib1.final_cell_0274,inDrop4,beta
human4_lib1.final_cell_0275,inDrop4,alpha
human4_lib1.final_cell_0276,inDrop4,beta
human4_lib1.final_cell_0277,inDrop4,beta
human4_lib1.final_cell_0278,inDrop4,beta
human4_lib1.final_cell_0279,inDrop4,alpha
human4_lib1.final_cell_0280,inDrop4,beta
human4_lib1.final_cell_0281,inDrop4,alpha
human4_lib1.final_cell_0282,inDrop4,beta
human4_lib1.final_cell_0283,inDrop4,beta
human4_lib1.final_cell_0284,inDrop4,alpha
human4_lib1.final_cell_0285,inDrop4,ductal
human4_lib1.final_cell_0286,inDrop4,alpha
human4_lib1.final_cell_0287,inDrop4,ductal
human4_lib1.final_cell_0288,inDrop4,beta
human4_lib1.final_cell_0289,inDrop4,alpha
human4_lib1.final_cell_0290,inDrop4,beta
human4_lib1.final_cell_0291,inDrop4,beta
human4_lib1.final_cell_0292,inDrop4,beta
human4_lib1.final_cell_0293,inDrop4,beta
human4_lib1.final_cell_0294,inDrop4,alpha
human4_lib1.final_cell_0295,inDrop4,macrophage
human4_lib1.final_cell_0296,inDrop4,alpha
human4_lib1.final_cell_0297,inDrop4,delta
human4_lib1.final_cell_0298,inDrop4,gamma
human4_lib1.final_cell_0299,inDrop4,beta
human4_lib1.final_cell_0300,inDrop4,beta
human4_lib1.final_cell_0301,inDrop4,delta
human4_lib1.final_cell_0302,inDrop4,ductal
human4_lib1.final_cell_0303,inDrop4,ductal
human4_lib1.final_cell_0304,inDrop4,beta
human4_lib1.final_cell_0305,inDrop4,beta
human4_lib1.final_cell_0306,inDrop4,alpha
human4_lib1.final_cell_0307,inDrop4,beta
human4_lib1.final_cell_0308,inDrop4,alpha
human4_lib1.final_cell_0309,inDrop4,activated_stellate
human4_lib1.final_cell_0310,inDrop4,alpha
human4_lib1.final_cell_0311,inDrop4,gamma
human4_lib1.final_cell_0312,inDrop4,delta
human4_lib1.final_cell_0313,inDrop4,beta
human4_lib1.final_cell_0314,inDrop4,alpha
human4_lib1.final_cell_0315,inDrop4,alpha
human4_lib1.final_cell_0316,inDrop4,beta
human4_lib1.final_cell_0317,inDrop4,delta
human4_lib1.final_cell_0318,inDrop4,delta
human4_lib1.final_cell_0319,inDrop4,delta
human4_lib1.final_cell_0320,inDrop4,alpha
human4_lib1.final_cell_0321,inDrop4,beta
human4_lib1.final_cell_0322,inDrop4,beta
human4_lib1.final_cell_0323,inDrop4,activated_stellate
human4_lib1.final_cell_0324,inDrop4,ductal
human4_lib1.final_cell_0325,inDrop4,beta
human4_lib1.final_cell_0326,inDrop4,epsilon
human4_lib1.final_cell_0327,inDrop4,alpha
human4_lib1.final_cell_0328,inDrop4,gamma
human4_lib1.final_cell_0329,inDrop4,gamma
human4_lib1.final_cell_0330,inDrop4,beta
human4_lib1.final_cell_0331,inDrop4,gamma
human4_lib1.final_cell_0332,inDrop4,alpha
human4_lib1.final_cell_0333,inDrop4,alpha
human4_lib1.final_cell_0334,inDrop4,beta
human4_lib1.final_cell_0335,inDrop4,alpha
human4_lib1.final_cell_0336,inDrop4,ductal
human4_lib1.final_cell_0337,inDrop4,delta
human4_lib1.final_cell_0338,inDrop4,alpha
human4_lib1.final_cell_0339,inDrop4,beta
human4_lib1.final_cell_0340,inDrop4,beta
human4_lib1.final_cell_0341,inDrop4,alpha
human4_lib1.final_cell_0342,inDrop4,beta
human4_lib1.final_cell_0343,inDrop4,ductal
human4_lib1.final_cell_0344,inDrop4,alpha
human4_lib1.final_cell_0345,inDrop4,alpha
human4_lib1.final_cell_0346,inDrop4,ductal
human4_lib1.final_cell_0347,inDrop4,delta
human4_lib1.final_cell_0348,inDrop4,beta
human4_lib1.final_cell_0349,inDrop4,macrophage
human4_lib1.final_cell_0350,inDrop4,alpha
human4_lib1.final_cell_0351,inDrop4,ductal
human4_lib1.final_cell_0352,inDrop4,beta
human4_lib1.final_cell_0353,inDrop4,alpha
human4_lib1.final_cell_0354,inDrop4,activated_stellate
human4_lib1.final_cell_0355,inDrop4,ductal
human4_lib1.final_cell_0356,inDrop4,beta
human4_lib1.final_cell_0357,inDrop4,alpha
human4_lib1.final_cell_0358,inDrop4,beta
human4_lib1.final_cell_0359,inDrop4,beta
human4_lib1.final_cell_0360,inDrop4,ductal
human4_lib1.final_cell_0361,inDrop4,endothelial
human4_lib1.final_cell_0362,inDrop4,ductal
human4_lib1.final_cell_0363,inDrop4,alpha
human4_lib1.final_cell_0364,inDrop4,ductal
human4_lib1.final_cell_0365,inDrop4,gamma
human4_lib1.final_cell_0366,inDrop4,beta
human4_lib1.final_cell_0367,inDrop4,activated_stellate
human4_lib1.final_cell_0368,inDrop4,beta
human4_lib1.final_cell_0369,inDrop4,alpha
human4_lib1.final_cell_0370,inDrop4,alpha
human4_lib1.final_cell_0371,inDrop4,activated_stellate
human4_lib1.final_cell_0372,inDrop4,ductal
human4_lib1.final_cell_0373,inDrop4,alpha
human4_lib1.final_cell_0374,inDrop4,beta
human4_lib1.final_cell_0375,inDrop4,beta
human4_lib1.final_cell_0376,inDrop4,alpha
human4_lib1.final_cell_0377,inDrop4,delta
human4_lib1.final_cell_0378,inDrop4,beta
human4_lib1.final_cell_0379,inDrop4,ductal
human4_lib1.final_cell_0380,inDrop4,beta
human4_lib1.final_cell_0381,inDrop4,beta
human4_lib1.final_cell_0382,inDrop4,beta
human4_lib1.final_cell_0383,inDrop4,beta
human4_lib1.final_cell_0384,inDrop4,alpha
human4_lib1.final_cell_0385,inDrop4,beta
human4_lib1.final_cell_0386,inDrop4,alpha
human4_lib1.final_cell_0387,inDrop4,delta
human4_lib1.final_cell_0388,inDrop4,gamma
human4_lib1.final_cell_0389,inDrop4,beta
human4_lib1.final_cell_0390,inDrop4,beta
human4_lib1.final_cell_0391,inDrop4,alpha
human4_lib1.final_cell_0392,inDrop4,alpha
human4_lib1.final_cell_0393,inDrop4,delta
human4_lib1.final_cell_0394,inDrop4,alpha
human4_lib1.final_cell_0395,inDrop4,gamma
human4_lib1.final_cell_0396,inDrop4,beta
human4_lib1.final_cell_0397,inDrop4,beta
human4_lib1.final_cell_0398,inDrop4,beta
human4_lib1.final_cell_0399,inDrop4,ductal
human4_lib1.final_cell_0400,inDrop4,activated_stellate
human4_lib1.final_cell_0401,inDrop4,beta
human4_lib1.final_cell_0402,inDrop4,ductal
human4_lib1.final_cell_0403,inDrop4,beta
human4_lib1.final_cell_0404,inDrop4,beta
human4_lib1.final_cell_0405,inDrop4,beta
human4_lib1.final_cell_0406,inDrop4,delta
human4_lib1.final_cell_0407,inDrop4,beta
human4_lib1.final_cell_0408,inDrop4,alpha
human4_lib1.final_cell_0409,inDrop4,beta
human4_lib1.final_cell_0410,inDrop4,beta
human4_lib1.final_cell_0411,inDrop4,beta
human4_lib1.final_cell_0412,inDrop4,beta
human4_lib1.final_cell_0413,inDrop4,ductal
human4_lib1.final_cell_0414,inDrop4,beta
human4_lib1.final_cell_0415,inDrop4,beta
human4_lib1.final_cell_0416,inDrop4,alpha
human4_lib1.final_cell_0417,inDrop4,beta
human4_lib1.final_cell_0418,inDrop4,beta
human4_lib1.final_cell_0419,inDrop4,delta
human4_lib1.final_cell_0420,inDrop4,ductal
human4_lib1.final_cell_0421,inDrop4,alpha
human4_lib1.final_cell_0422,inDrop4,ductal
human4_lib1.final_cell_0423,inDrop4,beta
human4_lib1.final_cell_0424,inDrop4,alpha
human4_lib1.final_cell_0425,inDrop4,endothelial
human4_lib1.final_cell_0426,inDrop4,beta
human4_lib1.final_cell_0427,inDrop4,beta
human4_lib1.final_cell_0428,inDrop4,alpha
human4_lib1.final_cell_0429,inDrop4,beta
human4_lib1.final_cell_0430,inDrop4,beta
human4_lib1.final_cell_0431,inDrop4,beta
human4_lib1.final_cell_0432,inDrop4,beta
human4_lib1.final_cell_0433,inDrop4,beta
human4_lib1.final_cell_0434,inDrop4,beta
human4_lib1.final_cell_0435,inDrop4,alpha
human4_lib1.final_cell_0436,inDrop4,beta
human4_lib1.final_cell_0437,inDrop4,beta
human4_lib1.final_cell_0438,inDrop4,ductal
human4_lib1.final_cell_0439,inDrop4,ductal
human4_lib1.final_cell_0440,inDrop4,activated_stellate
human4_lib1.final_cell_0441,inDrop4,alpha
human4_lib1.final_cell_0442,inDrop4,alpha
human4_lib1.final_cell_0443,inDrop4,alpha
human4_lib1.final_cell_0444,inDrop4,beta
human4_lib1.final_cell_0445,inDrop4,beta
human4_lib1.final_cell_0446,inDrop4,ductal
human4_lib1.final_cell_0447,inDrop4,activated_stellate
human4_lib1.final_cell_0448,inDrop4,alpha
human4_lib1.final_cell_0449,inDrop4,gamma
human4_lib1.final_cell_0450,inDrop4,quiescent_stellate
human4_lib1.final_cell_0451,inDrop4,beta
human4_lib1.final_cell_0452,inDrop4,ductal
human4_lib1.final_cell_0453,inDrop4,delta
human4_lib1.final_cell_0454,inDrop4,beta
human4_lib1.final_cell_0455,inDrop4,ductal
human4_lib1.final_cell_0456,inDrop4,beta
human4_lib1.final_cell_0457,inDrop4,alpha
human4_lib1.final_cell_0458,inDrop4,gamma
human4_lib1.final_cell_0459,inDrop4,beta
human4_lib1.final_cell_0460,inDrop4,alpha
human4_lib1.final_cell_0461,inDrop4,beta
human4_lib1.final_cell_0462,inDrop4,ductal
human4_lib1.final_cell_0463,inDrop4,beta
human4_lib1.final_cell_0464,inDrop4,gamma
human4_lib1.final_cell_0465,inDrop4,beta
human4_lib1.final_cell_0466,inDrop4,ductal
human4_lib1.final_cell_0467,inDrop4,beta
human4_lib1.final_cell_0468,inDrop4,ductal
human4_lib1.final_cell_0469,inDrop4,ductal
human4_lib1.final_cell_0470,inDrop4,gamma
human4_lib1.final_cell_0471,inDrop4,activated_stellate
human4_lib1.final_cell_0472,inDrop4,alpha
human4_lib1.final_cell_0473,inDrop4,alpha
human4_lib1.final_cell_0474,inDrop4,beta
human4_lib1.final_cell_0475,inDrop4,beta
human4_lib1.final_cell_0476,inDrop4,beta
human4_lib1.final_cell_0477,inDrop4,alpha
human4_lib1.final_cell_0478,inDrop4,beta
human4_lib1.final_cell_0479,inDrop4,alpha
human4_lib1.final_cell_0480,inDrop4,alpha
human4_lib1.final_cell_0481,inDrop4,alpha
human4_lib1.final_cell_0482,inDrop4,beta
human4_lib1.final_cell_0483,inDrop4,alpha
human4_lib1.final_cell_0484,inDrop4,gamma
human4_lib1.final_cell_0485,inDrop4,endothelial
human4_lib1.final_cell_0486,inDrop4,beta
human4_lib1.final_cell_0487,inDrop4,alpha
human4_lib1.final_cell_0488,inDrop4,gamma
human4_lib1.final_cell_0489,inDrop4,beta
human4_lib1.final_cell_0490,inDrop4,beta
human4_lib1.final_cell_0491,inDrop4,beta
human4_lib1.final_cell_0492,inDrop4,ductal
human4_lib1.final_cell_0493,inDrop4,activated_stellate
human4_lib1.final_cell_0494,inDrop4,delta
human4_lib1.final_cell_0495,inDrop4,activated_stellate
human4_lib1.final_cell_0496,inDrop4,ductal
human4_lib1.final_cell_0497,inDrop4,beta
human4_lib1.final_cell_0498,inDrop4,alpha
human4_lib1.final_cell_0499,inDrop4,beta
human4_lib1.final_cell_0500,inDrop4,beta
human4_lib1.final_cell_0501,inDrop4,beta
human4_lib1.final_cell_0502,inDrop4,beta
human4_lib1.final_cell_0503,inDrop4,beta
human4_lib1.final_cell_0504,inDrop4,beta
human4_lib1.final_cell_0505,inDrop4,gamma
human4_lib1.final_cell_0506,inDrop4,activated_stellate
human4_lib1.final_cell_0507,inDrop4,ductal
human4_lib1.final_cell_0508,inDrop4,alpha
human4_lib1.final_cell_0509,inDrop4,beta
human4_lib1.final_cell_0510,inDrop4,beta
human4_lib1.final_cell_0511,inDrop4,alpha
human4_lib1.final_cell_0512,inDrop4,beta
human4_lib1.final_cell_0513,inDrop4,beta
human4_lib1.final_cell_0514,inDrop4,beta
human4_lib1.final_cell_0515,inDrop4,beta
human4_lib1.final_cell_0516,inDrop4,beta
human4_lib1.final_cell_0517,inDrop4,gamma
human4_lib1.final_cell_0518,inDrop4,alpha
human4_lib1.final_cell_0519,inDrop4,alpha
human4_lib1.final_cell_0520,inDrop4,ductal
human4_lib1.final_cell_0521,inDrop4,beta
human4_lib1.final_cell_0522,inDrop4,beta
human4_lib1.final_cell_0523,inDrop4,beta
human4_lib1.final_cell_0524,inDrop4,beta
human4_lib1.final_cell_0525,inDrop4,beta
human4_lib1.final_cell_0526,inDrop4,ductal
human4_lib1.final_cell_0527,inDrop4,beta
human4_lib1.final_cell_0528,inDrop4,ductal
human4_lib1.final_cell_0529,inDrop4,beta
human4_lib1.final_cell_0530,inDrop4,delta
human4_lib1.final_cell_0531,inDrop4,beta
human4_lib1.final_cell_0532,inDrop4,beta
human4_lib1.final_cell_0533,inDrop4,delta
human4_lib1.final_cell_0534,inDrop4,ductal
human4_lib1.final_cell_0535,inDrop4,beta
human4_lib1.final_cell_0536,inDrop4,alpha
human4_lib1.final_cell_0537,inDrop4,beta
human4_lib1.final_cell_0538,inDrop4,beta
human4_lib1.final_cell_0539,inDrop4,beta
human4_lib1.final_cell_0540,inDrop4,ductal
human4_lib1.final_cell_0541,inDrop4,alpha
human4_lib1.final_cell_0542,inDrop4,beta
human4_lib1.final_cell_0543,inDrop4,beta
human4_lib1.final_cell_0544,inDrop4,ductal
human4_lib1.final_cell_0545,inDrop4,alpha
human4_lib1.final_cell_0546,inDrop4,beta
human4_lib1.final_cell_0547,inDrop4,alpha
human4_lib1.final_cell_0548,inDrop4,activated_stellate
human4_lib1.final_cell_0549,inDrop4,activated_stellate
human4_lib1.final_cell_0550,inDrop4,delta
human4_lib1.final_cell_0551,inDrop4,beta
human4_lib1.final_cell_0552,inDrop4,beta
human4_lib1.final_cell_0553,inDrop4,beta
human4_lib1.final_cell_0554,inDrop4,ductal
human4_lib1.final_cell_0555,inDrop4,beta
human4_lib1.final_cell_0556,inDrop4,ductal
human4_lib1.final_cell_0557,inDrop4,beta
human4_lib1.final_cell_0558,inDrop4,alpha
human4_lib1.final_cell_0559,inDrop4,ductal
human4_lib1.final_cell_0560,inDrop4,alpha
human4_lib1.final_cell_0561,inDrop4,gamma
human4_lib1.final_cell_0562,inDrop4,alpha
human4_lib1.final_cell_0563,inDrop4,beta
human4_lib1.final_cell_0564,inDrop4,ductal
human4_lib1.final_cell_0565,inDrop4,beta
human4_lib1.final_cell_0566,inDrop4,ductal
human4_lib1.final_cell_0567,inDrop4,beta
human4_lib1.final_cell_0568,inDrop4,t_cell
human4_lib1.final_cell_0569,inDrop4,alpha
human4_lib1.final_cell_0570,inDrop4,gamma
human4_lib1.final_cell_0571,inDrop4,delta
human4_lib1.final_cell_0572,inDrop4,endothelial
human4_lib1.final_cell_0573,inDrop4,alpha
human4_lib1.final_cell_0574,inDrop4,alpha
human4_lib1.final_cell_0575,inDrop4,gamma
human4_lib1.final_cell_0576,inDrop4,beta
human4_lib1.final_cell_0577,inDrop4,beta
human4_lib1.final_cell_0578,inDrop4,quiescent_stellate
human4_lib1.final_cell_0579,inDrop4,macrophage
human4_lib1.final_cell_0580,inDrop4,gamma
human4_lib1.final_cell_0581,inDrop4,alpha
human4_lib1.final_cell_0582,inDrop4,beta
human4_lib1.final_cell_0583,inDrop4,beta
human4_lib1.final_cell_0584,inDrop4,ductal
human4_lib1.final_cell_0585,inDrop4,ductal
human4_lib1.final_cell_0586,inDrop4,beta
human4_lib1.final_cell_0587,inDrop4,beta
human4_lib1.final_cell_0588,inDrop4,alpha
human4_lib1.final_cell_0589,inDrop4,beta
human4_lib1.final_cell_0590,inDrop4,ductal
human4_lib1.final_cell_0591,inDrop4,alpha
human4_lib1.final_cell_0592,inDrop4,ductal
human4_lib1.final_cell_0593,inDrop4,alpha
human4_lib1.final_cell_0594,inDrop4,activated_stellate
human4_lib1.final_cell_0595,inDrop4,ductal
human4_lib1.final_cell_0596,inDrop4,ductal
human4_lib1.final_cell_0597,inDrop4,beta
human4_lib1.final_cell_0598,inDrop4,beta
human4_lib1.final_cell_0599,inDrop4,ductal
human4_lib1.final_cell_0600,inDrop4,ductal
human4_lib1.final_cell_0601,inDrop4,ductal
human4_lib1.final_cell_0602,inDrop4,ductal
human4_lib3.final_cell_0001,inDrop4,beta
human4_lib3.final_cell_0002,inDrop4,delta
human4_lib3.final_cell_0003,inDrop4,delta
human4_lib3.final_cell_0004,inDrop4,beta
human4_lib3.final_cell_0005,inDrop4,ductal
human4_lib3.final_cell_0006,inDrop4,ductal
human4_lib3.final_cell_0007,inDrop4,beta
human4_lib3.final_cell_0008,inDrop4,ductal
human4_lib3.final_cell_0009,inDrop4,ductal
human4_lib3.final_cell_0010,inDrop4,beta
human4_lib3.final_cell_0011,inDrop4,ductal
human4_lib3.final_cell_0012,inDrop4,beta
human4_lib3.final_cell_0013,inDrop4,ductal
human4_lib3.final_cell_0014,inDrop4,ductal
human4_lib3.final_cell_0015,inDrop4,ductal
human4_lib3.final_cell_0016,inDrop4,beta
human4_lib3.final_cell_0017,inDrop4,ductal
human4_lib3.final_cell_0018,inDrop4,delta
human4_lib3.final_cell_0019,inDrop4,alpha
human4_lib3.final_cell_0020,inDrop4,ductal
human4_lib3.final_cell_0021,inDrop4,ductal
human4_lib3.final_cell_0022,inDrop4,ductal
human4_lib3.final_cell_0023,inDrop4,activated_stellate
human4_lib3.final_cell_0024,inDrop4,beta
human4_lib3.final_cell_0025,inDrop4,beta
human4_lib3.final_cell_0026,inDrop4,delta
human4_lib3.final_cell_0027,inDrop4,beta
human4_lib3.final_cell_0028,inDrop4,ductal
human4_lib3.final_cell_0029,inDrop4,beta
human4_lib3.final_cell_0030,inDrop4,delta
human4_lib3.final_cell_0031,inDrop4,ductal
human4_lib3.final_cell_0032,inDrop4,alpha
human4_lib3.final_cell_0033,inDrop4,delta
human4_lib3.final_cell_0034,inDrop4,beta
human4_lib3.final_cell_0035,inDrop4,ductal
human4_lib3.final_cell_0036,inDrop4,delta
human4_lib3.final_cell_0037,inDrop4,beta
human4_lib3.final_cell_0038,inDrop4,ductal
human4_lib3.final_cell_0039,inDrop4,delta
human4_lib3.final_cell_0040,inDrop4,beta
human4_lib3.final_cell_0041,inDrop4,beta
human4_lib3.final_cell_0042,inDrop4,beta
human4_lib3.final_cell_0043,inDrop4,ductal
human4_lib3.final_cell_0044,inDrop4,ductal
human4_lib3.final_cell_0045,inDrop4,ductal
human4_lib3.final_cell_0046,inDrop4,ductal
human4_lib3.final_cell_0047,inDrop4,delta
human4_lib3.final_cell_0048,inDrop4,alpha
human4_lib3.final_cell_0049,inDrop4,ductal
human4_lib3.final_cell_0050,inDrop4,delta
human4_lib3.final_cell_0051,inDrop4,beta
human4_lib3.final_cell_0052,inDrop4,beta
human4_lib3.final_cell_0053,inDrop4,delta
human4_lib3.final_cell_0054,inDrop4,ductal
human4_lib3.final_cell_0055,inDrop4,ductal
human4_lib3.final_cell_0056,inDrop4,delta
human4_lib3.final_cell_0057,inDrop4,ductal
human4_lib3.final_cell_0058,inDrop4,delta
human4_lib3.final_cell_0059,inDrop4,activated_stellate
human4_lib3.final_cell_0060,inDrop4,alpha
human4_lib3.final_cell_0061,inDrop4,beta
human4_lib3.final_cell_0062,inDrop4,ductal
human4_lib3.final_cell_0063,inDrop4,ductal
human4_lib3.final_cell_0064,inDrop4,macrophage
human4_lib3.final_cell_0065,inDrop4,beta
human4_lib3.final_cell_0066,inDrop4,beta
human4_lib3.final_cell_0067,inDrop4,beta
human4_lib3.final_cell_0068,inDrop4,beta
human4_lib3.final_cell_0069,inDrop4,ductal
human4_lib3.final_cell_0070,inDrop4,delta
human4_lib3.final_cell_0071,inDrop4,ductal
human4_lib3.final_cell_0072,inDrop4,activated_stellate
human4_lib3.final_cell_0073,inDrop4,alpha
human4_lib3.final_cell_0074,inDrop4,delta
human4_lib3.final_cell_0075,inDrop4,ductal
human4_lib3.final_cell_0076,inDrop4,ductal
human4_lib3.final_cell_0077,inDrop4,beta
human4_lib3.final_cell_0078,inDrop4,beta
human4_lib3.final_cell_0079,inDrop4,ductal
human4_lib3.final_cell_0080,inDrop4,delta
human4_lib3.final_cell_0081,inDrop4,beta
human4_lib3.final_cell_0082,inDrop4,alpha
human4_lib3.final_cell_0083,inDrop4,delta
human4_lib3.final_cell_0084,inDrop4,gamma
human4_lib3.final_cell_0085,inDrop4,beta
human4_lib3.final_cell_0086,inDrop4,ductal
human4_lib3.final_cell_0087,inDrop4,alpha
human4_lib3.final_cell_0088,inDrop4,alpha
human4_lib3.final_cell_0089,inDrop4,beta
human4_lib3.final_cell_0090,inDrop4,activated_stellate
human4_lib3.final_cell_0091,inDrop4,beta
human4_lib3.final_cell_0092,inDrop4,beta
human4_lib3.final_cell_0093,inDrop4,delta
human4_lib3.final_cell_0094,inDrop4,beta
human4_lib3.final_cell_0095,inDrop4,alpha
human4_lib3.final_cell_0096,inDrop4,ductal
human4_lib3.final_cell_0097,inDrop4,beta
human4_lib3.final_cell_0098,inDrop4,alpha
human4_lib3.final_cell_0099,inDrop4,beta
human4_lib3.final_cell_0100,inDrop4,ductal
human4_lib3.final_cell_0101,inDrop4,beta
human4_lib3.final_cell_0102,inDrop4,alpha
human4_lib3.final_cell_0103,inDrop4,beta
human4_lib3.final_cell_0104,inDrop4,ductal
human4_lib3.final_cell_0105,inDrop4,beta
human4_lib3.final_cell_0106,inDrop4,ductal
human4_lib3.final_cell_0107,inDrop4,delta
human4_lib3.final_cell_0108,inDrop4,beta
human4_lib3.final_cell_0109,inDrop4,alpha
human4_lib3.final_cell_0110,inDrop4,delta
human4_lib3.final_cell_0111,inDrop4,delta
human4_lib3.final_cell_0112,inDrop4,beta
human4_lib3.final_cell_0113,inDrop4,ductal
human4_lib3.final_cell_0114,inDrop4,alpha
human4_lib3.final_cell_0115,inDrop4,delta
human4_lib3.final_cell_0116,inDrop4,beta
human4_lib3.final_cell_0117,inDrop4,beta
human4_lib3.final_cell_0118,inDrop4,alpha
human4_lib3.final_cell_0119,inDrop4,quiescent_stellate
human4_lib3.final_cell_0120,inDrop4,alpha
human4_lib3.final_cell_0121,inDrop4,beta
human4_lib3.final_cell_0122,inDrop4,activated_stellate
human4_lib3.final_cell_0123,inDrop4,ductal
human4_lib3.final_cell_0124,inDrop4,alpha
human4_lib3.final_cell_0125,inDrop4,ductal
human4_lib3.final_cell_0126,inDrop4,beta
human4_lib3.final_cell_0127,inDrop4,alpha
human4_lib3.final_cell_0128,inDrop4,alpha
human4_lib3.final_cell_0129,inDrop4,ductal
human4_lib3.final_cell_0130,inDrop4,ductal
human4_lib3.final_cell_0131,inDrop4,ductal
human4_lib3.final_cell_0132,inDrop4,alpha
human4_lib3.final_cell_0133,inDrop4,alpha
human4_lib3.final_cell_0134,inDrop4,alpha
human4_lib3.final_cell_0135,inDrop4,beta
human4_lib3.final_cell_0136,inDrop4,beta
human4_lib3.final_cell_0137,inDrop4,delta
human4_lib3.final_cell_0138,inDrop4,ductal
human4_lib3.final_cell_0139,inDrop4,beta
human4_lib3.final_cell_0140,inDrop4,beta
human4_lib3.final_cell_0141,inDrop4,ductal
human4_lib3.final_cell_0142,inDrop4,beta
human4_lib3.final_cell_0143,inDrop4,beta
human4_lib3.final_cell_0144,inDrop4,ductal
human4_lib3.final_cell_0145,inDrop4,gamma
human4_lib3.final_cell_0146,inDrop4,ductal
human4_lib3.final_cell_0147,inDrop4,alpha
human4_lib3.final_cell_0148,inDrop4,delta
human4_lib3.final_cell_0149,inDrop4,beta
human4_lib3.final_cell_0150,inDrop4,beta
human4_lib3.final_cell_0151,inDrop4,beta
human4_lib3.final_cell_0152,inDrop4,beta
human4_lib3.final_cell_0153,inDrop4,alpha
human4_lib3.final_cell_0154,inDrop4,delta
human4_lib3.final_cell_0155,inDrop4,beta
human4_lib3.final_cell_0156,inDrop4,beta
human4_lib3.final_cell_0157,inDrop4,beta
human4_lib3.final_cell_0158,inDrop4,ductal
human4_lib3.final_cell_0159,inDrop4,ductal
human4_lib3.final_cell_0160,inDrop4,ductal
human4_lib3.final_cell_0161,inDrop4,delta
human4_lib3.final_cell_0162,inDrop4,beta
human4_lib3.final_cell_0163,inDrop4,alpha
human4_lib3.final_cell_0164,inDrop4,alpha
human4_lib3.final_cell_0165,inDrop4,delta
human4_lib3.final_cell_0166,inDrop4,ductal
human4_lib3.final_cell_0167,inDrop4,ductal
human4_lib3.final_cell_0168,inDrop4,beta
human4_lib3.final_cell_0169,inDrop4,beta
human4_lib3.final_cell_0170,inDrop4,alpha
human4_lib3.final_cell_0171,inDrop4,gamma
human4_lib3.final_cell_0172,inDrop4,beta
human4_lib3.final_cell_0173,inDrop4,alpha
human4_lib3.final_cell_0174,inDrop4,delta
human4_lib3.final_cell_0175,inDrop4,alpha
human4_lib3.final_cell_0176,inDrop4,beta
human4_lib3.final_cell_0177,inDrop4,delta
human4_lib3.final_cell_0178,inDrop4,ductal
human4_lib3.final_cell_0179,inDrop4,ductal
human4_lib3.final_cell_0180,inDrop4,beta
human4_lib3.final_cell_0181,inDrop4,ductal
human4_lib3.final_cell_0182,inDrop4,beta
human4_lib3.final_cell_0183,inDrop4,alpha
human4_lib3.final_cell_0184,inDrop4,alpha
human4_lib3.final_cell_0185,inDrop4,ductal
human4_lib3.final_cell_0186,inDrop4,beta
human4_lib3.final_cell_0187,inDrop4,gamma
human4_lib3.final_cell_0188,inDrop4,alpha
human4_lib3.final_cell_0189,inDrop4,beta
human4_lib3.final_cell_0190,inDrop4,delta
human4_lib3.final_cell_0191,inDrop4,ductal
human4_lib3.final_cell_0192,inDrop4,beta
human4_lib3.final_cell_0193,inDrop4,alpha
human4_lib3.final_cell_0194,inDrop4,ductal
human4_lib3.final_cell_0195,inDrop4,alpha
human4_lib3.final_cell_0196,inDrop4,gamma
human4_lib3.final_cell_0197,inDrop4,beta
human4_lib3.final_cell_0198,inDrop4,beta
human4_lib3.final_cell_0199,inDrop4,beta
human4_lib3.final_cell_0200,inDrop4,ductal
human4_lib3.final_cell_0201,inDrop4,ductal
human4_lib3.final_cell_0202,inDrop4,beta
human4_lib3.final_cell_0203,inDrop4,gamma
human4_lib3.final_cell_0204,inDrop4,ductal
human4_lib3.final_cell_0205,inDrop4,alpha
human4_lib3.final_cell_0206,inDrop4,activated_stellate
human4_lib3.final_cell_0207,inDrop4,ductal
human4_lib3.final_cell_0208,inDrop4,gamma
human4_lib3.final_cell_0209,inDrop4,ductal
human4_lib3.final_cell_0210,inDrop4,alpha
human4_lib3.final_cell_0211,inDrop4,activated_stellate
human4_lib3.final_cell_0212,inDrop4,alpha
human4_lib3.final_cell_0213,inDrop4,beta
human4_lib3.final_cell_0214,inDrop4,beta
human4_lib3.final_cell_0215,inDrop4,macrophage
human4_lib3.final_cell_0216,inDrop4,ductal
human4_lib3.final_cell_0217,inDrop4,alpha
human4_lib3.final_cell_0218,inDrop4,delta
human4_lib3.final_cell_0219,inDrop4,beta
human4_lib3.final_cell_0220,inDrop4,ductal
human4_lib3.final_cell_0221,inDrop4,ductal
human4_lib3.final_cell_0222,inDrop4,ductal
human4_lib3.final_cell_0223,inDrop4,beta
human4_lib3.final_cell_0224,inDrop4,delta
human4_lib3.final_cell_0225,inDrop4,beta
human4_lib3.final_cell_0226,inDrop4,alpha
human4_lib3.final_cell_0227,inDrop4,ductal
human4_lib3.final_cell_0228,inDrop4,beta
human4_lib3.final_cell_0229,inDrop4,ductal
human4_lib3.final_cell_0230,inDrop4,activated_stellate
human4_lib3.final_cell_0231,inDrop4,alpha
human4_lib3.final_cell_0232,inDrop4,beta
human4_lib3.final_cell_0233,inDrop4,delta
human4_lib3.final_cell_0234,inDrop4,beta
human4_lib3.final_cell_0235,inDrop4,beta
human4_lib3.final_cell_0236,inDrop4,delta
human4_lib3.final_cell_0237,inDrop4,beta
human4_lib3.final_cell_0238,inDrop4,alpha
human4_lib3.final_cell_0239,inDrop4,alpha
human4_lib3.final_cell_0240,inDrop4,alpha
human4_lib3.final_cell_0241,inDrop4,ductal
human4_lib3.final_cell_0242,inDrop4,alpha
human4_lib3.final_cell_0243,inDrop4,alpha
human4_lib3.final_cell_0244,inDrop4,beta
human4_lib3.final_cell_0245,inDrop4,ductal
human4_lib3.final_cell_0246,inDrop4,ductal
human4_lib3.final_cell_0247,inDrop4,ductal
human4_lib3.final_cell_0248,inDrop4,alpha
human4_lib3.final_cell_0249,inDrop4,beta
human4_lib3.final_cell_0250,inDrop4,delta
human4_lib3.final_cell_0251,inDrop4,beta
human4_lib3.final_cell_0252,inDrop4,ductal
human4_lib3.final_cell_0253,inDrop4,beta
human4_lib3.final_cell_0254,inDrop4,ductal
human4_lib3.final_cell_0255,inDrop4,beta
human4_lib3.final_cell_0256,inDrop4,alpha
human4_lib3.final_cell_0257,inDrop4,beta
human4_lib3.final_cell_0258,inDrop4,beta
human4_lib3.final_cell_0259,inDrop4,ductal
human4_lib3.final_cell_0260,inDrop4,activated_stellate
human4_lib3.final_cell_0261,inDrop4,ductal
human4_lib3.final_cell_0262,inDrop4,beta
human4_lib3.final_cell_0263,inDrop4,ductal
human4_lib3.final_cell_0264,inDrop4,activated_stellate
human4_lib3.final_cell_0265,inDrop4,ductal
human4_lib3.final_cell_0266,inDrop4,beta
human4_lib3.final_cell_0267,inDrop4,beta
human4_lib3.final_cell_0268,inDrop4,beta
human4_lib3.final_cell_0269,inDrop4,delta
human4_lib3.final_cell_0270,inDrop4,alpha
human4_lib3.final_cell_0271,inDrop4,delta
human4_lib3.final_cell_0272,inDrop4,alpha
human4_lib3.final_cell_0273,inDrop4,ductal
human4_lib3.final_cell_0274,inDrop4,gamma
human4_lib3.final_cell_0275,inDrop4,gamma
human4_lib3.final_cell_0276,inDrop4,alpha
human4_lib3.final_cell_0277,inDrop4,ductal
human4_lib3.final_cell_0278,inDrop4,beta
human4_lib3.final_cell_0279,inDrop4,alpha
human4_lib3.final_cell_0280,inDrop4,alpha
human4_lib3.final_cell_0281,inDrop4,alpha
human4_lib3.final_cell_0282,inDrop4,ductal
human4_lib3.final_cell_0283,inDrop4,ductal
human4_lib3.final_cell_0284,inDrop4,beta
human4_lib3.final_cell_0285,inDrop4,beta
human4_lib3.final_cell_0286,inDrop4,ductal
human4_lib3.final_cell_0287,inDrop4,activated_stellate
human4_lib3.final_cell_0288,inDrop4,beta
human4_lib3.final_cell_0289,inDrop4,ductal
human4_lib3.final_cell_0290,inDrop4,ductal
human4_lib3.final_cell_0291,inDrop4,ductal
human4_lib3.final_cell_0292,inDrop4,acinar
human4_lib3.final_cell_0293,inDrop4,ductal
human4_lib3.final_cell_0294,inDrop4,gamma
human4_lib3.final_cell_0295,inDrop4,alpha
human4_lib3.final_cell_0296,inDrop4,ductal
human4_lib3.final_cell_0297,inDrop4,beta
human4_lib3.final_cell_0298,inDrop4,ductal
human4_lib3.final_cell_0299,inDrop4,gamma
human4_lib3.final_cell_0300,inDrop4,beta
human4_lib3.final_cell_0301,inDrop4,beta
human4_lib3.final_cell_0302,inDrop4,beta
human4_lib3.final_cell_0303,inDrop4,delta
human4_lib3.final_cell_0304,inDrop4,alpha
human4_lib3.final_cell_0305,inDrop4,beta
human4_lib3.final_cell_0306,inDrop4,beta
human4_lib3.final_cell_0307,inDrop4,beta
human4_lib3.final_cell_0308,inDrop4,activated_stellate
human4_lib3.final_cell_0309,inDrop4,ductal
human4_lib3.final_cell_0310,inDrop4,beta
human4_lib3.final_cell_0311,inDrop4,ductal
human4_lib3.final_cell_0312,inDrop4,beta
human4_lib3.final_cell_0313,inDrop4,beta
human4_lib3.final_cell_0314,inDrop4,gamma
human4_lib3.final_cell_0315,inDrop4,beta
human4_lib3.final_cell_0316,inDrop4,gamma
human4_lib3.final_cell_0317,inDrop4,ductal
human4_lib3.final_cell_0318,inDrop4,ductal
human4_lib3.final_cell_0319,inDrop4,beta
human4_lib3.final_cell_0320,inDrop4,beta
human4_lib3.final_cell_0321,inDrop4,alpha
human4_lib3.final_cell_0322,inDrop4,delta
human4_lib3.final_cell_0323,inDrop4,beta
human4_lib3.final_cell_0324,inDrop4,alpha
human4_lib3.final_cell_0325,inDrop4,ductal
human4_lib3.final_cell_0326,inDrop4,delta
human4_lib3.final_cell_0327,inDrop4,alpha
human4_lib3.final_cell_0328,inDrop4,ductal
human4_lib3.final_cell_0329,inDrop4,alpha
human4_lib3.final_cell_0330,inDrop4,ductal
human4_lib3.final_cell_0331,inDrop4,delta
human4_lib3.final_cell_0332,inDrop4,alpha
human4_lib3.final_cell_0333,inDrop4,alpha
human4_lib3.final_cell_0334,inDrop4,beta
human4_lib3.final_cell_0335,inDrop4,ductal
human4_lib3.final_cell_0336,inDrop4,ductal
human4_lib3.final_cell_0337,inDrop4,ductal
human4_lib3.final_cell_0338,inDrop4,beta
human4_lib3.final_cell_0339,inDrop4,ductal
human4_lib3.final_cell_0340,inDrop4,alpha
human4_lib3.final_cell_0341,inDrop4,beta
human4_lib3.final_cell_0342,inDrop4,ductal
human4_lib3.final_cell_0343,inDrop4,alpha
human4_lib3.final_cell_0344,inDrop4,beta
human4_lib3.final_cell_0345,inDrop4,gamma
human4_lib3.final_cell_0346,inDrop4,delta
human4_lib3.final_cell_0347,inDrop4,alpha
human4_lib3.final_cell_0348,inDrop4,ductal
human4_lib3.final_cell_0349,inDrop4,gamma
human4_lib3.final_cell_0350,inDrop4,ductal
human4_lib3.final_cell_0351,inDrop4,beta
human4_lib3.final_cell_0352,inDrop4,beta
human4_lib3.final_cell_0353,inDrop4,beta
human4_lib3.final_cell_0354,inDrop4,ductal
human4_lib3.final_cell_0355,inDrop4,alpha
human4_lib3.final_cell_0356,inDrop4,beta
human4_lib3.final_cell_0357,inDrop4,beta
human4_lib3.final_cell_0358,inDrop4,beta
human4_lib3.final_cell_0359,inDrop4,alpha
human4_lib3.final_cell_0360,inDrop4,alpha
human4_lib3.final_cell_0361,inDrop4,beta
human4_lib3.final_cell_0362,inDrop4,alpha
human4_lib3.final_cell_0363,inDrop4,alpha
human4_lib3.final_cell_0364,inDrop4,beta
human4_lib3.final_cell_0365,inDrop4,beta
human4_lib3.final_cell_0366,inDrop4,alpha
human4_lib3.final_cell_0367,inDrop4,beta
human4_lib3.final_cell_0368,inDrop4,beta
human4_lib3.final_cell_0369,inDrop4,alpha
human4_lib3.final_cell_0370,inDrop4,beta
human4_lib3.final_cell_0371,inDrop4,alpha
human4_lib3.final_cell_0372,inDrop4,delta
human4_lib3.final_cell_0373,inDrop4,beta
human4_lib3.final_cell_0374,inDrop4,beta
human4_lib3.final_cell_0375,inDrop4,alpha
human4_lib3.final_cell_0376,inDrop4,activated_stellate
human4_lib3.final_cell_0377,inDrop4,beta
human4_lib3.final_cell_0378,inDrop4,gamma
human4_lib3.final_cell_0379,inDrop4,alpha
human4_lib3.final_cell_0380,inDrop4,beta
human4_lib3.final_cell_0381,inDrop4,beta
human4_lib3.final_cell_0382,inDrop4,alpha
human4_lib3.final_cell_0383,inDrop4,alpha
human4_lib3.final_cell_0384,inDrop4,activated_stellate
human4_lib3.final_cell_0385,inDrop4,activated_stellate
human4_lib3.final_cell_0386,inDrop4,alpha
human4_lib3.final_cell_0387,inDrop4,beta
human4_lib3.final_cell_0388,inDrop4,alpha
human4_lib3.final_cell_0389,inDrop4,ductal
human4_lib3.final_cell_0390,inDrop4,ductal
human4_lib3.final_cell_0391,inDrop4,beta
human4_lib3.final_cell_0392,inDrop4,beta
human4_lib3.final_cell_0393,inDrop4,gamma
human4_lib3.final_cell_0394,inDrop4,gamma
human4_lib3.final_cell_0395,inDrop4,beta
human4_lib3.final_cell_0396,inDrop4,activated_stellate
human4_lib3.final_cell_0397,inDrop4,ductal
human4_lib3.final_cell_0398,inDrop4,beta
human4_lib3.final_cell_0399,inDrop4,alpha
human4_lib3.final_cell_0400,inDrop4,ductal
human4_lib3.final_cell_0401,inDrop4,alpha
human4_lib3.final_cell_0402,inDrop4,beta
human4_lib3.final_cell_0403,inDrop4,beta
human4_lib3.final_cell_0404,inDrop4,alpha
human4_lib3.final_cell_0405,inDrop4,ductal
human4_lib3.final_cell_0406,inDrop4,beta
human4_lib3.final_cell_0407,inDrop4,alpha
human4_lib3.final_cell_0408,inDrop4,alpha
human4_lib3.final_cell_0409,inDrop4,gamma
human4_lib3.final_cell_0410,inDrop4,delta
human4_lib3.final_cell_0411,inDrop4,alpha
human4_lib3.final_cell_0412,inDrop4,beta
human4_lib3.final_cell_0413,inDrop4,ductal
human4_lib3.final_cell_0414,inDrop4,beta
human4_lib3.final_cell_0415,inDrop4,beta
human4_lib3.final_cell_0416,inDrop4,ductal
human4_lib3.final_cell_0417,inDrop4,beta
human4_lib3.final_cell_0418,inDrop4,ductal
human4_lib3.final_cell_0419,inDrop4,beta
human4_lib3.final_cell_0420,inDrop4,beta
human4_lib3.final_cell_0421,inDrop4,ductal
human4_lib3.final_cell_0422,inDrop4,alpha
human4_lib3.final_cell_0423,inDrop4,ductal
human4_lib3.final_cell_0424,inDrop4,ductal
human4_lib3.final_cell_0425,inDrop4,gamma
human4_lib3.final_cell_0426,inDrop4,alpha
human4_lib3.final_cell_0427,inDrop4,endothelial
human4_lib3.final_cell_0428,inDrop4,ductal
human4_lib3.final_cell_0429,inDrop4,beta
human4_lib3.final_cell_0430,inDrop4,gamma
human4_lib3.final_cell_0431,inDrop4,beta
human4_lib3.final_cell_0432,inDrop4,ductal
human4_lib3.final_cell_0433,inDrop4,alpha
human4_lib3.final_cell_0434,inDrop4,ductal
human4_lib3.final_cell_0435,inDrop4,activated_stellate
human4_lib3.final_cell_0436,inDrop4,gamma
human4_lib3.final_cell_0437,inDrop4,beta
human4_lib3.final_cell_0438,inDrop4,alpha
human4_lib3.final_cell_0439,inDrop4,ductal
human4_lib3.final_cell_0440,inDrop4,beta
human4_lib3.final_cell_0441,inDrop4,ductal
human4_lib3.final_cell_0442,inDrop4,activated_stellate
human4_lib3.final_cell_0443,inDrop4,gamma
human4_lib3.final_cell_0444,inDrop4,ductal
human4_lib3.final_cell_0445,inDrop4,alpha
human4_lib3.final_cell_0446,inDrop4,beta
human4_lib3.final_cell_0447,inDrop4,beta
human4_lib3.final_cell_0448,inDrop4,ductal
human4_lib3.final_cell_0449,inDrop4,beta
human4_lib3.final_cell_0450,inDrop4,beta
human4_lib3.final_cell_0451,inDrop4,delta
human4_lib3.final_cell_0452,inDrop4,gamma
human4_lib3.final_cell_0453,inDrop4,ductal
human4_lib3.final_cell_0454,inDrop4,beta
human4_lib3.final_cell_0455,inDrop4,beta
human4_lib3.final_cell_0456,inDrop4,beta
human4_lib3.final_cell_0457,inDrop4,beta
human4_lib3.final_cell_0458,inDrop4,beta
human4_lib3.final_cell_0459,inDrop4,activated_stellate
human4_lib3.final_cell_0460,inDrop4,beta
human4_lib3.final_cell_0461,inDrop4,alpha
human4_lib3.final_cell_0462,inDrop4,ductal
human4_lib3.final_cell_0463,inDrop4,beta
human4_lib3.final_cell_0464,inDrop4,gamma
human4_lib3.final_cell_0465,inDrop4,ductal
human4_lib3.final_cell_0466,inDrop4,beta
human4_lib3.final_cell_0467,inDrop4,beta
human4_lib3.final_cell_0468,inDrop4,alpha
human4_lib3.final_cell_0469,inDrop4,activated_stellate
human4_lib3.final_cell_0470,inDrop4,beta
human4_lib3.final_cell_0471,inDrop4,alpha
human4_lib3.final_cell_0472,inDrop4,beta
human4_lib3.final_cell_0473,inDrop4,beta
human4_lib3.final_cell_0474,inDrop4,alpha
human4_lib3.final_cell_0475,inDrop4,ductal
human4_lib3.final_cell_0476,inDrop4,beta
human4_lib3.final_cell_0477,inDrop4,alpha
human4_lib3.final_cell_0478,inDrop4,beta
human4_lib3.final_cell_0479,inDrop4,ductal
human4_lib3.final_cell_0480,inDrop4,beta
human4_lib3.final_cell_0481,inDrop4,delta
human4_lib3.final_cell_0482,inDrop4,alpha
human4_lib3.final_cell_0483,inDrop4,beta
human4_lib3.final_cell_0484,inDrop4,alpha
human4_lib3.final_cell_0485,inDrop4,alpha
human4_lib3.final_cell_0486,inDrop4,ductal
human4_lib3.final_cell_0487,inDrop4,beta
human4_lib3.final_cell_0488,inDrop4,alpha
human4_lib3.final_cell_0489,inDrop4,beta
human4_lib3.final_cell_0490,inDrop4,beta
human4_lib3.final_cell_0491,inDrop4,beta
human4_lib3.final_cell_0492,inDrop4,beta
human4_lib3.final_cell_0493,inDrop4,beta
human4_lib3.final_cell_0494,inDrop4,beta
human4_lib3.final_cell_0495,inDrop4,alpha
human4_lib3.final_cell_0496,inDrop4,ductal
human4_lib3.final_cell_0497,inDrop4,endothelial
human4_lib3.final_cell_0498,inDrop4,alpha
human4_lib3.final_cell_0499,inDrop4,delta
human4_lib3.final_cell_0500,inDrop4,beta
human4_lib3.final_cell_0501,inDrop4,alpha
human4_lib3.final_cell_0502,inDrop4,beta
human4_lib3.final_cell_0503,inDrop4,beta
human4_lib3.final_cell_0504,inDrop4,alpha
human4_lib3.final_cell_0505,inDrop4,beta
human4_lib3.final_cell_0506,inDrop4,beta
human4_lib3.final_cell_0507,inDrop4,ductal
human4_lib3.final_cell_0508,inDrop4,beta
human4_lib3.final_cell_0509,inDrop4,alpha
human4_lib3.final_cell_0510,inDrop4,ductal
human4_lib3.final_cell_0511,inDrop4,beta
human4_lib3.final_cell_0512,inDrop4,beta
human4_lib3.final_cell_0513,inDrop4,gamma
human4_lib3.final_cell_0514,inDrop4,beta
human4_lib3.final_cell_0515,inDrop4,beta
human4_lib3.final_cell_0516,inDrop4,ductal
human4_lib3.final_cell_0517,inDrop4,ductal
human4_lib3.final_cell_0518,inDrop4,beta
human4_lib3.final_cell_0519,inDrop4,beta
human4_lib3.final_cell_0520,inDrop4,alpha
human4_lib3.final_cell_0521,inDrop4,alpha
human4_lib3.final_cell_0522,inDrop4,alpha
human4_lib3.final_cell_0523,inDrop4,alpha
human4_lib3.final_cell_0524,inDrop4,activated_stellate
human4_lib3.final_cell_0525,inDrop4,alpha
human4_lib3.final_cell_0526,inDrop4,alpha
human4_lib3.final_cell_0527,inDrop4,alpha
human4_lib3.final_cell_0528,inDrop4,alpha
human4_lib3.final_cell_0529,inDrop4,gamma
human4_lib3.final_cell_0530,inDrop4,ductal
human4_lib3.final_cell_0531,inDrop4,alpha
human4_lib3.final_cell_0532,inDrop4,alpha
human4_lib3.final_cell_0533,inDrop4,beta
human4_lib3.final_cell_0534,inDrop4,beta
human4_lib3.final_cell_0535,inDrop4,beta
human4_lib3.final_cell_0536,inDrop4,ductal
human4_lib3.final_cell_0537,inDrop4,alpha
human4_lib3.final_cell_0538,inDrop4,alpha
human4_lib3.final_cell_0539,inDrop4,beta
human4_lib3.final_cell_0540,inDrop4,alpha
human4_lib3.final_cell_0541,inDrop4,alpha
human4_lib3.final_cell_0542,inDrop4,beta
human4_lib3.final_cell_0543,inDrop4,beta
human4_lib3.final_cell_0544,inDrop4,delta
human4_lib3.final_cell_0545,inDrop4,ductal
human4_lib3.final_cell_0546,inDrop4,alpha
human4_lib3.final_cell_0547,inDrop4,beta
human4_lib3.final_cell_0548,inDrop4,beta
human4_lib3.final_cell_0549,inDrop4,ductal
human4_lib3.final_cell_0550,inDrop4,beta
human4_lib3.final_cell_0551,inDrop4,beta
human4_lib3.final_cell_0552,inDrop4,beta
human4_lib3.final_cell_0553,inDrop4,beta
human4_lib3.final_cell_0554,inDrop4,beta
human4_lib3.final_cell_0555,inDrop4,beta
human4_lib3.final_cell_0556,inDrop4,ductal
human4_lib3.final_cell_0557,inDrop4,beta
human4_lib3.final_cell_0558,inDrop4,alpha
human4_lib3.final_cell_0559,inDrop4,alpha
human4_lib3.final_cell_0560,inDrop4,alpha
human4_lib3.final_cell_0561,inDrop4,alpha
human4_lib3.final_cell_0562,inDrop4,beta
human4_lib3.final_cell_0563,inDrop4,alpha
human4_lib3.final_cell_0564,inDrop4,beta
human4_lib3.final_cell_0565,inDrop4,alpha
human4_lib3.final_cell_0566,inDrop4,gamma
human4_lib3.final_cell_0567,inDrop4,beta
human4_lib3.final_cell_0568,inDrop4,gamma
human4_lib3.final_cell_0569,inDrop4,beta
human4_lib3.final_cell_0570,inDrop4,gamma
human4_lib3.final_cell_0571,inDrop4,beta
human4_lib3.final_cell_0572,inDrop4,beta
human4_lib3.final_cell_0573,inDrop4,alpha
human4_lib3.final_cell_0574,inDrop4,macrophage
human4_lib3.final_cell_0575,inDrop4,ductal
human4_lib3.final_cell_0576,inDrop4,beta
human4_lib3.final_cell_0577,inDrop4,alpha
human4_lib3.final_cell_0578,inDrop4,alpha
human4_lib3.final_cell_0579,inDrop4,beta
human4_lib3.final_cell_0580,inDrop4,beta
human4_lib3.final_cell_0581,inDrop4,delta
human4_lib3.final_cell_0582,inDrop4,beta
human4_lib3.final_cell_0583,inDrop4,beta
human4_lib3.final_cell_0584,inDrop4,beta
human4_lib3.final_cell_0585,inDrop4,beta
human4_lib3.final_cell_0586,inDrop4,alpha
human4_lib3.final_cell_0587,inDrop4,ductal
human4_lib3.final_cell_0588,inDrop4,alpha
human4_lib3.final_cell_0589,inDrop4,alpha
human4_lib3.final_cell_0590,inDrop4,activated_stellate
human4_lib3.final_cell_0591,inDrop4,gamma
human4_lib3.final_cell_0592,inDrop4,beta
human4_lib3.final_cell_0593,inDrop4,beta
human4_lib3.final_cell_0594,inDrop4,ductal
human4_lib3.final_cell_0595,inDrop4,ductal
human4_lib3.final_cell_0596,inDrop4,alpha
human4_lib3.final_cell_0597,inDrop4,beta
human4_lib3.final_cell_0598,inDrop4,alpha
human4_lib3.final_cell_0599,inDrop4,delta
human4_lib3.final_cell_0600,inDrop4,activated_stellate
human4_lib3.final_cell_0601,inDrop4,beta
human4_lib3.final_cell_0602,inDrop4,ductal
human4_lib3.final_cell_0603,inDrop4,alpha
human4_lib3.final_cell_0604,inDrop4,endothelial
human4_lib3.final_cell_0605,inDrop4,beta
human4_lib3.final_cell_0606,inDrop4,beta
human4_lib3.final_cell_0607,inDrop4,ductal
human4_lib3.final_cell_0608,inDrop4,alpha
human4_lib3.final_cell_0609,inDrop4,beta
human4_lib3.final_cell_0610,inDrop4,beta
human4_lib3.final_cell_0611,inDrop4,ductal
human4_lib3.final_cell_0612,inDrop4,beta
human4_lib3.final_cell_0613,inDrop4,ductal
human4_lib3.final_cell_0614,inDrop4,alpha
human4_lib3.final_cell_0615,inDrop4,alpha
human4_lib3.final_cell_0616,inDrop4,alpha
human4_lib3.final_cell_0617,inDrop4,gamma
human4_lib3.final_cell_0618,inDrop4,beta
human4_lib3.final_cell_0619,inDrop4,beta
human4_lib3.final_cell_0620,inDrop4,alpha
human4_lib3.final_cell_0621,inDrop4,beta
human4_lib3.final_cell_0622,inDrop4,gamma
human4_lib3.final_cell_0623,inDrop4,beta
human4_lib3.final_cell_0624,inDrop4,beta
human4_lib3.final_cell_0625,inDrop4,beta
human4_lib3.final_cell_0626,inDrop4,beta
human4_lib3.final_cell_0627,inDrop4,beta
human4_lib3.final_cell_0628,inDrop4,ductal
human4_lib3.final_cell_0629,inDrop4,alpha
human4_lib3.final_cell_0630,inDrop4,beta
human4_lib3.final_cell_0631,inDrop4,beta
human4_lib3.final_cell_0632,inDrop4,beta
human4_lib3.final_cell_0633,inDrop4,beta
human4_lib3.final_cell_0634,inDrop4,beta
human4_lib3.final_cell_0635,inDrop4,alpha
human4_lib3.final_cell_0636,inDrop4,beta
human4_lib3.final_cell_0637,inDrop4,gamma
human4_lib3.final_cell_0638,inDrop4,beta
human4_lib3.final_cell_0639,inDrop4,ductal
human4_lib3.final_cell_0640,inDrop4,alpha
human4_lib3.final_cell_0641,inDrop4,alpha
human4_lib3.final_cell_0642,inDrop4,ductal
human4_lib3.final_cell_0643,inDrop4,gamma
human4_lib3.final_cell_0644,inDrop4,activated_stellate
human4_lib3.final_cell_0645,inDrop4,alpha
human4_lib3.final_cell_0646,inDrop4,alpha
human4_lib3.final_cell_0647,inDrop4,alpha
human4_lib3.final_cell_0648,inDrop4,alpha
human4_lib3.final_cell_0649,inDrop4,alpha
human4_lib3.final_cell_0650,inDrop4,ductal
human4_lib3.final_cell_0651,inDrop4,beta
human4_lib3.final_cell_0652,inDrop4,alpha
human4_lib3.final_cell_0653,inDrop4,beta
human4_lib3.final_cell_0654,inDrop4,activated_stellate
human4_lib3.final_cell_0655,inDrop4,delta
human4_lib3.final_cell_0656,inDrop4,ductal
human4_lib3.final_cell_0657,inDrop4,beta
human4_lib3.final_cell_0658,inDrop4,alpha
human4_lib3.final_cell_0659,inDrop4,gamma
human4_lib3.final_cell_0660,inDrop4,alpha
human4_lib3.final_cell_0661,inDrop4,beta
human4_lib3.final_cell_0662,inDrop4,mast
human4_lib3.final_cell_0663,inDrop4,beta
human4_lib3.final_cell_0664,inDrop4,ductal
human4_lib3.final_cell_0665,inDrop4,beta
human4_lib3.final_cell_0666,inDrop4,ductal
human4_lib3.final_cell_0667,inDrop4,beta
human4_lib3.final_cell_0668,inDrop4,beta
human4_lib3.final_cell_0669,inDrop4,beta
human4_lib3.final_cell_0670,inDrop4,schwann
human4_lib3.final_cell_0671,inDrop4,alpha
human4_lib3.final_cell_0672,inDrop4,ductal
human4_lib3.final_cell_0673,inDrop4,beta
human4_lib3.final_cell_0674,inDrop4,beta
human4_lib3.final_cell_0675,inDrop4,beta
human4_lib3.final_cell_0676,inDrop4,ductal
human4_lib3.final_cell_0677,inDrop4,ductal
human4_lib3.final_cell_0678,inDrop4,beta
human4_lib3.final_cell_0679,inDrop4,ductal
human4_lib3.final_cell_0680,inDrop4,delta
human4_lib3.final_cell_0681,inDrop4,alpha
human4_lib3.final_cell_0682,inDrop4,alpha
human4_lib3.final_cell_0683,inDrop4,quiescent_stellate
human4_lib3.final_cell_0684,inDrop4,beta
human4_lib3.final_cell_0685,inDrop4,beta
human4_lib3.final_cell_0686,inDrop4,activated_stellate
human4_lib3.final_cell_0687,inDrop4,beta
human4_lib3.final_cell_0688,inDrop4,beta
human4_lib3.final_cell_0689,inDrop4,alpha
human4_lib3.final_cell_0690,inDrop4,beta
human4_lib3.final_cell_0691,inDrop4,beta
human4_lib3.final_cell_0692,inDrop4,beta
human4_lib3.final_cell_0693,inDrop4,beta
human4_lib3.final_cell_0694,inDrop4,alpha
human4_lib3.final_cell_0695,inDrop4,beta
human4_lib3.final_cell_0696,inDrop4,beta
human4_lib3.final_cell_0697,inDrop4,activated_stellate
human4_lib3.final_cell_0698,inDrop4,alpha
human4_lib3.final_cell_0699,inDrop4,beta
human4_lib3.final_cell_0700,inDrop4,beta
human4_lib3.final_cell_0701,inDrop4,ductal
Sample_1,smarter,beta
Sample_2,smarter,beta
Sample_3,smarter,beta
Sample_4,smarter,beta
Sample_5,smarter,beta
Sample_6,smarter,beta
Sample_7,smarter,beta
Sample_8,smarter,beta
Sample_9,smarter,beta
Sample_10,smarter,beta
Sample_11,smarter,beta
Sample_12,smarter,beta
Sample_13,smarter,beta
Sample_14,smarter,beta
Sample_15,smarter,beta
Sample_16,smarter,beta
Sample_17,smarter,beta
Sample_18,smarter,beta
Sample_19,smarter,beta
Sample_20,smarter,beta
Sample_21,smarter,beta
Sample_22,smarter,beta
Sample_23,smarter,beta
Sample_24,smarter,beta
Sample_25,smarter,beta
Sample_26,smarter,beta
Sample_27,smarter,beta
Sample_28,smarter,beta
Sample_29,smarter,beta
Sample_30,smarter,beta
Sample_32,smarter,beta
Sample_33,smarter,beta
Sample_34,smarter,beta
Sample_35,smarter,beta
Sample_36,smarter,beta
Sample_37,smarter,beta
Sample_38,smarter,beta
Sample_39,smarter,beta
Sample_40,smarter,beta
Sample_41,smarter,beta
Sample_42,smarter,beta
Sample_44,smarter,beta
Sample_45,smarter,beta
Sample_46,smarter,beta
Sample_47,smarter,beta
Sample_48,smarter,beta
Sample_49,smarter,beta
Sample_50,smarter,beta
Sample_51,smarter,beta
Sample_52,smarter,beta
Sample_53,smarter,beta
Sample_54,smarter,beta
Sample_55,smarter,beta
Sample_56,smarter,beta
Sample_57,smarter,beta
Sample_58,smarter,beta
Sample_59,smarter,beta
Sample_60,smarter,beta
Sample_61,smarter,beta
Sample_62,smarter,beta
Sample_63,smarter,beta
Sample_64,smarter,beta
Sample_65,smarter,beta
Sample_66,smarter,beta
Sample_67,smarter,beta
Sample_68,smarter,beta
Sample_69,smarter,beta
Sample_71,smarter,beta
Sample_72,smarter,beta
Sample_74,smarter,beta
Sample_75,smarter,beta
Sample_76,smarter,beta
Sample_77,smarter,beta
Sample_78,smarter,beta
Sample_79,smarter,beta
Sample_80,smarter,beta
Sample_81,smarter,beta
Sample_82,smarter,beta
Sample_83,smarter,beta
Sample_84,smarter,beta
Sample_85,smarter,beta
Sample_86,smarter,beta
Sample_87,smarter,beta
Sample_88,smarter,beta
Sample_89,smarter,beta
Sample_90,smarter,beta
Sample_91,smarter,beta
Sample_92,smarter,beta
Sample_93,smarter,beta
Sample_95,smarter,beta
Sample_96,smarter,beta
Sample_97,smarter,beta
Sample_98,smarter,beta
Sample_99,smarter,beta
Sample_100,smarter,beta
Sample_101,smarter,beta
Sample_102,smarter,beta
Sample_103,smarter,beta
Sample_104,smarter,beta
Sample_105,smarter,beta
Sample_106,smarter,beta
Sample_107,smarter,beta
Sample_108,smarter,beta
Sample_109,smarter,beta
Sample_110,smarter,beta
Sample_111,smarter,beta
Sample_112,smarter,beta
Sample_113,smarter,beta
Sample_115,smarter,beta
Sample_116,smarter,beta
Sample_117,smarter,beta
Sample_119,smarter,beta
Sample_120,smarter,beta
Sample_121,smarter,beta
Sample_122,smarter,beta
Sample_124,smarter,beta
Sample_125,smarter,beta
Sample_126,smarter,beta
Sample_127,smarter,beta
Sample_128,smarter,beta
Sample_129,smarter,beta
Sample_130,smarter,beta
Sample_131,smarter,beta
Sample_132,smarter,beta
Sample_133,smarter,beta
Sample_134,smarter,beta
Sample_135,smarter,beta
Sample_136,smarter,beta
Sample_137,smarter,beta
Sample_138,smarter,beta
Sample_139,smarter,beta
Sample_140,smarter,beta
Sample_141,smarter,beta
Sample_142,smarter,beta
Sample_143,smarter,beta
Sample_145,smarter,beta
Sample_147,smarter,beta
Sample_148,smarter,beta
Sample_149,smarter,beta
Sample_150,smarter,beta
Sample_151,smarter,beta
Sample_152,smarter,beta
Sample_153,smarter,beta
Sample_154,smarter,beta
Sample_155,smarter,beta
Sample_156,smarter,beta
Sample_157,smarter,beta
Sample_158,smarter,beta
Sample_159,smarter,beta
Sample_160,smarter,beta
Sample_161,smarter,beta
Sample_162,smarter,beta
Sample_163,smarter,beta
Sample_164,smarter,beta
Sample_165,smarter,beta
Sample_166,smarter,beta
Sample_167,smarter,beta
Sample_168,smarter,beta
Sample_169,smarter,beta
Sample_170,smarter,beta
Sample_172,smarter,beta
Sample_174,smarter,beta
Sample_175,smarter,beta
Sample_176,smarter,beta
Sample_177,smarter,beta
Sample_178,smarter,beta
Sample_179,smarter,beta
Sample_180,smarter,beta
Sample_181,smarter,beta
Sample_182,smarter,beta
Sample_183,smarter,beta
Sample_184,smarter,beta
Sample_185,smarter,beta
Sample_186,smarter,beta
Sample_187,smarter,beta
Sample_188,smarter,beta
Sample_189,smarter,beta
Sample_190,smarter,beta
Sample_191,smarter,beta
Sample_192,smarter,beta
Sample_193,smarter,beta
Sample_194,smarter,beta
Sample_195,smarter,beta
Sample_196,smarter,beta
Sample_197,smarter,beta
Sample_198,smarter,beta
Sample_199,smarter,beta
Sample_200,smarter,beta
Sample_201,smarter,beta
Sample_202,smarter,beta
Sample_203,smarter,beta
Sample_205,smarter,beta
Sample_206,smarter,beta
Sample_207,smarter,beta
Sample_208,smarter,alpha
Sample_209,smarter,alpha
Sample_211,smarter,alpha
Sample_212,smarter,alpha
Sample_213,smarter,alpha
Sample_214,smarter,alpha
Sample_215,smarter,alpha
Sample_216,smarter,alpha
Sample_217,smarter,alpha
Sample_218,smarter,alpha
Sample_219,smarter,alpha
Sample_220,smarter,alpha
Sample_221,smarter,alpha
Sample_222,smarter,alpha
Sample_223,smarter,alpha
Sample_224,smarter,alpha
Sample_225,smarter,alpha
Sample_226,smarter,alpha
Sample_227,smarter,alpha
Sample_228,smarter,alpha
Sample_229,smarter,alpha
Sample_230,smarter,alpha
Sample_231,smarter,alpha
Sample_232,smarter,alpha
Sample_234,smarter,alpha
Sample_235,smarter,alpha
Sample_236,smarter,alpha
Sample_237,smarter,alpha
Sample_238,smarter,alpha
Sample_239,smarter,alpha
Sample_240,smarter,alpha
Sample_241,smarter,alpha
Sample_242,smarter,alpha
Sample_243,smarter,alpha
Sample_244,smarter,alpha
Sample_245,smarter,alpha
Sample_246,smarter,alpha
Sample_247,smarter,alpha
Sample_248,smarter,alpha
Sample_249,smarter,alpha
Sample_250,smarter,alpha
Sample_251,smarter,alpha
Sample_252,smarter,alpha
Sample_253,smarter,alpha
Sample_255,smarter,alpha
Sample_256,smarter,alpha
Sample_257,smarter,alpha
Sample_258,smarter,alpha
Sample_259,smarter,alpha
Sample_260,smarter,alpha
Sample_261,smarter,alpha
Sample_262,smarter,alpha
Sample_263,smarter,alpha
Sample_264,smarter,alpha
Sample_265,smarter,alpha
Sample_266,smarter,alpha
Sample_267,smarter,alpha
Sample_268,smarter,alpha
Sample_269,smarter,alpha
Sample_270,smarter,alpha
Sample_272,smarter,alpha
Sample_273,smarter,alpha
Sample_274,smarter,alpha
Sample_275,smarter,alpha
Sample_276,smarter,alpha
Sample_277,smarter,alpha
Sample_279,smarter,alpha
Sample_280,smarter,alpha
Sample_281,smarter,alpha
Sample_282,smarter,alpha
Sample_283,smarter,alpha
Sample_284,smarter,alpha
Sample_285,smarter,alpha
Sample_286,smarter,alpha
Sample_287,smarter,alpha
Sample_290,smarter,alpha
Sample_291,smarter,alpha
Sample_292,smarter,alpha
Sample_293,smarter,alpha
Sample_294,smarter,alpha
Sample_295,smarter,alpha
Sample_296,smarter,alpha
Sample_297,smarter,alpha
Sample_298,smarter,alpha
Sample_299,smarter,alpha
Sample_300,smarter,alpha
Sample_301,smarter,alpha
Sample_302,smarter,alpha
Sample_303,smarter,alpha
Sample_304,smarter,alpha
Sample_305,smarter,alpha
Sample_306,smarter,alpha
Sample_307,smarter,alpha
Sample_308,smarter,alpha
Sample_309,smarter,alpha
Sample_310,smarter,alpha
Sample_311,smarter,alpha
Sample_312,smarter,alpha
Sample_313,smarter,alpha
Sample_314,smarter,alpha
Sample_315,smarter,alpha
Sample_316,smarter,alpha
Sample_317,smarter,alpha
Sample_318,smarter,alpha
Sample_319,smarter,alpha
Sample_320,smarter,alpha
Sample_321,smarter,alpha
Sample_322,smarter,alpha
Sample_323,smarter,alpha
Sample_324,smarter,alpha
Sample_325,smarter,alpha
Sample_326,smarter,alpha
Sample_327,smarter,alpha
Sample_328,smarter,alpha
Sample_329,smarter,alpha
Sample_330,smarter,alpha
Sample_332,smarter,alpha
Sample_333,smarter,alpha
Sample_334,smarter,alpha
Sample_335,smarter,alpha
Sample_336,smarter,alpha
Sample_337,smarter,alpha
Sample_338,smarter,alpha
Sample_340,smarter,alpha
Sample_341,smarter,alpha
Sample_342,smarter,alpha
Sample_343,smarter,alpha
Sample_344,smarter,alpha
Sample_345,smarter,alpha
Sample_346,smarter,alpha
Sample_347,smarter,alpha
Sample_348,smarter,alpha
Sample_349,smarter,alpha
Sample_350,smarter,alpha
Sample_351,smarter,alpha
Sample_352,smarter,alpha
Sample_353,smarter,alpha
Sample_354,smarter,alpha
Sample_355,smarter,alpha
Sample_356,smarter,alpha
Sample_357,smarter,alpha
Sample_358,smarter,alpha
Sample_359,smarter,alpha
Sample_360,smarter,alpha
Sample_361,smarter,alpha
Sample_362,smarter,alpha
Sample_363,smarter,alpha
Sample_364,smarter,alpha
Sample_365,smarter,alpha
Sample_366,smarter,alpha
Sample_367,smarter,alpha
Sample_368,smarter,alpha
Sample_369,smarter,alpha
Sample_370,smarter,alpha
Sample_372,smarter,alpha
Sample_373,smarter,alpha
Sample_374,smarter,alpha
Sample_375,smarter,alpha
Sample_376,smarter,alpha
Sample_377,smarter,alpha
Sample_378,smarter,alpha
Sample_379,smarter,alpha
Sample_380,smarter,alpha
Sample_381,smarter,alpha
Sample_382,smarter,alpha
Sample_383,smarter,alpha
Sample_384,smarter,alpha
Sample_385,smarter,alpha
Sample_386,smarter,alpha
Sample_387,smarter,alpha
Sample_388,smarter,alpha
Sample_389,smarter,alpha
Sample_390,smarter,alpha
Sample_391,smarter,alpha
Sample_392,smarter,alpha
Sample_393,smarter,alpha
Sample_394,smarter,alpha
Sample_395,smarter,alpha
Sample_396,smarter,alpha
Sample_397,smarter,alpha
Sample_398,smarter,alpha
Sample_399,smarter,alpha
Sample_400,smarter,alpha
Sample_401,smarter,alpha
Sample_402,smarter,alpha
Sample_403,smarter,alpha
Sample_404,smarter,alpha
Sample_405,smarter,alpha
Sample_406,smarter,alpha
Sample_407,smarter,alpha
Sample_408,smarter,alpha
Sample_409,smarter,alpha
Sample_410,smarter,alpha
Sample_411,smarter,alpha
Sample_412,smarter,alpha
Sample_413,smarter,alpha
Sample_414,smarter,alpha
Sample_416,smarter,alpha
Sample_417,smarter,alpha
Sample_418,smarter,alpha
Sample_419,smarter,alpha
Sample_421,smarter,alpha
Sample_422,smarter,alpha
Sample_423,smarter,alpha
Sample_424,smarter,alpha
Sample_425,smarter,alpha
Sample_426,smarter,alpha
Sample_427,smarter,alpha
Sample_428,smarter,alpha
Sample_429,smarter,alpha
Sample_430,smarter,alpha
Sample_431,smarter,alpha
Sample_432,smarter,alpha
Sample_433,smarter,alpha
Sample_434,smarter,alpha
Sample_435,smarter,alpha
Sample_438,smarter,alpha
Sample_439,smarter,alpha
Sample_440,smarter,alpha
Sample_441,smarter,alpha
Sample_442,smarter,alpha
Sample_443,smarter,alpha
Sample_444,smarter,alpha
Sample_445,smarter,alpha
Sample_446,smarter,alpha
Sample_447,smarter,alpha
Sample_448,smarter,alpha
Sample_449,smarter,alpha
Sample_450,smarter,alpha
Sample_451,smarter,alpha
Sample_452,smarter,alpha
Sample_453,smarter,alpha
Sample_454,smarter,alpha
Sample_455,smarter,alpha
Sample_456,smarter,alpha
Sample_457,smarter,alpha
Sample_458,smarter,alpha
Sample_459,smarter,alpha
Sample_460,smarter,alpha
Sample_461,smarter,alpha
Sample_462,smarter,alpha
Sample_463,smarter,alpha
Sample_464,smarter,alpha
Sample_465,smarter,alpha
Sample_466,smarter,alpha
Sample_467,smarter,alpha
Sample_468,smarter,alpha
Sample_469,smarter,alpha
Sample_470,smarter,alpha
Sample_471,smarter,alpha
Sample_472,smarter,alpha
Sample_473,smarter,alpha
Sample_474,smarter,alpha
Sample_475,smarter,alpha
Sample_476,smarter,alpha
Sample_477,smarter,alpha
Sample_478,smarter,alpha
Sample_479,smarter,alpha
Sample_480,smarter,alpha
Sample_481,smarter,alpha
Sample_482,smarter,alpha
Sample_483,smarter,alpha
Sample_484,smarter,alpha
Sample_485,smarter,alpha
Sample_486,smarter,alpha
Sample_487,smarter,alpha
Sample_489,smarter,alpha
Sample_491,smarter,alpha
Sample_492,smarter,alpha
Sample_493,smarter,alpha
Sample_494,smarter,alpha
Sample_495,smarter,alpha
Sample_496,smarter,alpha
Sample_497,smarter,alpha
Sample_498,smarter,alpha
Sample_499,smarter,alpha
Sample_500,smarter,alpha
Sample_501,smarter,alpha
Sample_502,smarter,alpha
Sample_503,smarter,alpha
Sample_504,smarter,alpha
Sample_505,smarter,alpha
Sample_506,smarter,alpha
Sample_507,smarter,alpha
Sample_508,smarter,alpha
Sample_509,smarter,alpha
Sample_510,smarter,alpha
Sample_511,smarter,alpha
Sample_513,smarter,alpha
Sample_514,smarter,alpha
Sample_515,smarter,alpha
Sample_516,smarter,alpha
Sample_517,smarter,alpha
Sample_518,smarter,alpha
Sample_519,smarter,alpha
Sample_520,smarter,alpha
Sample_521,smarter,alpha
Sample_522,smarter,alpha
Sample_523,smarter,alpha
Sample_524,smarter,alpha
Sample_525,smarter,alpha
Sample_526,smarter,alpha
Sample_527,smarter,alpha
Sample_528,smarter,alpha
Sample_530,smarter,alpha
Sample_532,smarter,alpha
Sample_533,smarter,alpha
Sample_534,smarter,alpha
Sample_535,smarter,alpha
Sample_536,smarter,alpha
Sample_537,smarter,alpha
Sample_538,smarter,alpha
Sample_539,smarter,alpha
Sample_540,smarter,alpha
Sample_541,smarter,alpha
Sample_542,smarter,alpha
Sample_543,smarter,alpha
Sample_544,smarter,alpha
Sample_546,smarter,alpha
Sample_547,smarter,alpha
Sample_548,smarter,alpha
Sample_549,smarter,alpha
Sample_550,smarter,alpha
Sample_551,smarter,alpha
Sample_552,smarter,alpha
Sample_554,smarter,alpha
Sample_555,smarter,alpha
Sample_556,smarter,alpha
Sample_557,smarter,alpha
Sample_558,smarter,alpha
Sample_559,smarter,alpha
Sample_560,smarter,alpha
Sample_561,smarter,alpha
Sample_562,smarter,alpha
Sample_563,smarter,alpha
Sample_564,smarter,alpha
Sample_565,smarter,alpha
Sample_566,smarter,alpha
Sample_567,smarter,alpha
Sample_568,smarter,alpha
Sample_570,smarter,alpha
Sample_571,smarter,alpha
Sample_572,smarter,alpha
Sample_573,smarter,alpha
Sample_575,smarter,alpha
Sample_576,smarter,alpha
Sample_577,smarter,alpha
Sample_578,smarter,alpha
Sample_579,smarter,alpha
Sample_580,smarter,alpha
Sample_581,smarter,alpha
Sample_582,smarter,alpha
Sample_583,smarter,alpha
Sample_584,smarter,alpha
Sample_585,smarter,delta
Sample_586,smarter,delta
Sample_587,smarter,delta
Sample_588,smarter,delta
Sample_589,smarter,delta
Sample_590,smarter,delta
Sample_591,smarter,delta
Sample_592,smarter,delta
Sample_593,smarter,delta
Sample_594,smarter,delta
Sample_595,smarter,delta
Sample_596,smarter,delta
Sample_597,smarter,delta
Sample_598,smarter,delta
Sample_599,smarter,delta
Sample_600,smarter,delta
Sample_601,smarter,delta
Sample_602,smarter,delta
Sample_603,smarter,delta
Sample_604,smarter,delta
Sample_605,smarter,delta
Sample_606,smarter,delta
Sample_607,smarter,delta
Sample_608,smarter,delta
Sample_609,smarter,delta
Sample_610,smarter,delta
Sample_611,smarter,delta
Sample_612,smarter,delta
Sample_613,smarter,gamma
Sample_614,smarter,gamma
Sample_615,smarter,gamma
Sample_616,smarter,gamma
Sample_617,smarter,gamma
Sample_618,smarter,gamma
Sample_619,smarter,gamma
Sample_620,smarter,gamma
Sample_621,smarter,gamma
Sample_622,smarter,gamma
Sample_623,smarter,gamma
Sample_624,smarter,gamma
Sample_625,smarter,gamma
Sample_626,smarter,gamma
Sample_627,smarter,gamma
Sample_628,smarter,gamma
Sample_629,smarter,gamma
Sample_630,smarter,gamma
Sample_631,smarter,gamma
Sample_633,smarter,gamma
Sample_634,smarter,gamma
Sample_635,smarter,gamma
Sample_636,smarter,gamma
Sample_637,smarter,gamma
Sample_638,smarter,gamma
Sample_639,smarter,gamma
Sample_641,smarter,gamma
Sample_643,smarter,gamma
Sample_644,smarter,gamma
Sample_646,smarter,gamma
Sample_647,smarter,gamma
Sample_650,smarter,gamma
Sample_651,smarter,gamma
Sample_652,smarter,beta
Sample_653,smarter,beta
Sample_654,smarter,beta
Sample_655,smarter,beta
Sample_656,smarter,beta
Sample_657,smarter,beta
Sample_658,smarter,beta
Sample_659,smarter,beta
Sample_660,smarter,beta
Sample_661,smarter,beta
Sample_662,smarter,beta
Sample_663,smarter,beta
Sample_664,smarter,beta
Sample_666,smarter,beta
Sample_668,smarter,beta
Sample_669,smarter,beta
Sample_670,smarter,beta
Sample_671,smarter,beta
Sample_672,smarter,beta
Sample_673,smarter,beta
Sample_674,smarter,beta
Sample_675,smarter,beta
Sample_676,smarter,beta
Sample_677,smarter,beta
Sample_678,smarter,beta
Sample_679,smarter,beta
Sample_680,smarter,beta
Sample_682,smarter,beta
Sample_683,smarter,beta
Sample_684,smarter,beta
Sample_685,smarter,beta
Sample_686,smarter,beta
Sample_687,smarter,beta
Sample_688,smarter,beta
Sample_689,smarter,beta
Sample_690,smarter,beta
Sample_691,smarter,beta
Sample_692,smarter,beta
Sample_693,smarter,beta
Sample_694,smarter,beta
Sample_695,smarter,beta
Sample_696,smarter,beta
Sample_697,smarter,beta
Sample_698,smarter,beta
Sample_699,smarter,beta
Sample_700,smarter,beta
Sample_701,smarter,beta
Sample_702,smarter,beta
Sample_703,smarter,beta
Sample_704,smarter,beta
Sample_705,smarter,beta
Sample_706,smarter,beta
Sample_707,smarter,beta
Sample_708,smarter,beta
Sample_709,smarter,beta
Sample_711,smarter,beta
Sample_712,smarter,beta
Sample_713,smarter,beta
Sample_714,smarter,beta
Sample_715,smarter,beta
Sample_716,smarter,beta
Sample_717,smarter,beta
Sample_718,smarter,beta
Sample_719,smarter,beta
Sample_721,smarter,beta
Sample_722,smarter,beta
Sample_723,smarter,beta
Sample_724,smarter,beta
Sample_725,smarter,beta
Sample_726,smarter,beta
Sample_727,smarter,beta
Sample_728,smarter,beta
Sample_729,smarter,beta
Sample_730,smarter,beta
Sample_732,smarter,beta
Sample_733,smarter,beta
Sample_734,smarter,beta
Sample_736,smarter,beta
Sample_737,smarter,beta
Sample_739,smarter,beta
Sample_740,smarter,beta
Sample_741,smarter,beta
Sample_742,smarter,beta
Sample_743,smarter,beta
Sample_744,smarter,beta
Sample_745,smarter,beta
Sample_746,smarter,beta
Sample_747,smarter,beta
Sample_748,smarter,beta
Sample_749,smarter,beta
Sample_750,smarter,beta
Sample_751,smarter,beta
Sample_752,smarter,beta
Sample_753,smarter,beta
Sample_754,smarter,beta
Sample_755,smarter,beta
Sample_756,smarter,beta
Sample_757,smarter,beta
Sample_758,smarter,beta
Sample_759,smarter,beta
Sample_760,smarter,beta
Sample_761,smarter,beta
Sample_762,smarter,beta
Sample_763,smarter,beta
Sample_764,smarter,beta
Sample_765,smarter,beta
Sample_766,smarter,beta
Sample_767,smarter,beta
Sample_769,smarter,beta
Sample_770,smarter,beta
Sample_771,smarter,beta
Sample_772,smarter,beta
Sample_773,smarter,beta
Sample_774,smarter,beta
Sample_775,smarter,beta
Sample_776,smarter,beta
Sample_777,smarter,beta
Sample_778,smarter,beta
Sample_779,smarter,beta
Sample_780,smarter,beta
Sample_781,smarter,beta
Sample_782,smarter,beta
Sample_783,smarter,beta
Sample_784,smarter,beta
Sample_785,smarter,beta
Sample_786,smarter,beta
Sample_787,smarter,beta
Sample_788,smarter,beta
Sample_789,smarter,beta
Sample_790,smarter,beta
Sample_791,smarter,beta
Sample_792,smarter,beta
Sample_793,smarter,beta
Sample_794,smarter,beta
Sample_795,smarter,beta
Sample_796,smarter,beta
Sample_797,smarter,beta
Sample_798,smarter,beta
Sample_799,smarter,beta
Sample_800,smarter,beta
Sample_801,smarter,beta
Sample_802,smarter,beta
Sample_803,smarter,beta
Sample_804,smarter,beta
Sample_805,smarter,beta
Sample_806,smarter,beta
Sample_807,smarter,beta
Sample_808,smarter,beta
Sample_809,smarter,beta
Sample_810,smarter,beta
Sample_811,smarter,beta
Sample_812,smarter,beta
Sample_813,smarter,beta
Sample_814,smarter,beta
Sample_815,smarter,beta
Sample_816,smarter,beta
Sample_817,smarter,beta
Sample_818,smarter,beta
Sample_819,smarter,beta
Sample_821,smarter,beta
Sample_823,smarter,beta
Sample_824,smarter,beta
Sample_825,smarter,beta
Sample_826,smarter,beta
Sample_827,smarter,beta
Sample_828,smarter,beta
Sample_829,smarter,beta
Sample_830,smarter,beta
Sample_831,smarter,beta
Sample_832,smarter,beta
Sample_833,smarter,beta
Sample_834,smarter,beta
Sample_835,smarter,beta
Sample_837,smarter,beta
Sample_838,smarter,beta
Sample_839,smarter,beta
Sample_840,smarter,beta
Sample_841,smarter,beta
Sample_842,smarter,beta
Sample_843,smarter,beta
Sample_844,smarter,beta
Sample_845,smarter,beta
Sample_846,smarter,beta
Sample_847,smarter,beta
Sample_848,smarter,beta
Sample_849,smarter,beta
Sample_850,smarter,beta
Sample_851,smarter,beta
Sample_852,smarter,beta
Sample_853,smarter,beta
Sample_854,smarter,beta
Sample_855,smarter,beta
Sample_856,smarter,beta
Sample_857,smarter,beta
Sample_858,smarter,beta
Sample_859,smarter,beta
Sample_860,smarter,beta
Sample_861,smarter,beta
Sample_862,smarter,beta
Sample_863,smarter,beta
Sample_864,smarter,beta
Sample_866,smarter,beta
Sample_868,smarter,beta
Sample_869,smarter,beta
Sample_870,smarter,beta
Sample_871,smarter,beta
Sample_872,smarter,beta
Sample_873,smarter,beta
Sample_874,smarter,beta
Sample_875,smarter,beta
Sample_876,smarter,beta
Sample_877,smarter,beta
Sample_879,smarter,beta
Sample_880,smarter,beta
Sample_881,smarter,beta
Sample_883,smarter,beta
Sample_884,smarter,beta
Sample_885,smarter,beta
Sample_886,smarter,beta
Sample_887,smarter,beta
Sample_888,smarter,beta
Sample_889,smarter,beta
Sample_890,smarter,beta
Sample_891,smarter,beta
Sample_892,smarter,beta
Sample_893,smarter,beta
Sample_895,smarter,beta
Sample_896,smarter,beta
Sample_897,smarter,beta
Sample_898,smarter,beta
Sample_899,smarter,beta
Sample_901,smarter,beta
Sample_902,smarter,beta
Sample_903,smarter,beta
Sample_904,smarter,beta
Sample_905,smarter,beta
Sample_906,smarter,beta
Sample_907,smarter,beta
Sample_908,smarter,beta
Sample_909,smarter,beta
Sample_910,smarter,beta
Sample_911,smarter,beta
Sample_912,smarter,beta
Sample_913,smarter,beta
Sample_914,smarter,beta
Sample_915,smarter,beta
Sample_916,smarter,beta
Sample_917,smarter,beta
Sample_918,smarter,beta
Sample_919,smarter,beta
Sample_920,smarter,beta
Sample_921,smarter,beta
Sample_922,smarter,beta
Sample_923,smarter,beta
Sample_924,smarter,beta
Sample_925,smarter,beta
Sample_926,smarter,beta
Sample_927,smarter,beta
Sample_928,smarter,beta
Sample_929,smarter,beta
Sample_930,smarter,beta
Sample_931,smarter,beta
Sample_932,smarter,beta
Sample_933,smarter,beta
Sample_934,smarter,beta
Sample_935,smarter,beta
Sample_936,smarter,beta
Sample_937,smarter,beta
Sample_938,smarter,beta
Sample_939,smarter,beta
Sample_940,smarter,beta
Sample_941,smarter,beta
Sample_942,smarter,beta
Sample_943,smarter,beta
Sample_944,smarter,beta
Sample_945,smarter,beta
Sample_946,smarter,beta
Sample_947,smarter,beta
Sample_948,smarter,alpha
Sample_949,smarter,alpha
Sample_950,smarter,alpha
Sample_951,smarter,alpha
Sample_952,smarter,alpha
Sample_953,smarter,alpha
Sample_954,smarter,alpha
Sample_955,smarter,alpha
Sample_956,smarter,alpha
Sample_957,smarter,alpha
Sample_958,smarter,alpha
Sample_959,smarter,alpha
Sample_960,smarter,alpha
Sample_961,smarter,alpha
Sample_962,smarter,alpha
Sample_963,smarter,alpha
Sample_964,smarter,alpha
Sample_965,smarter,alpha
Sample_966,smarter,alpha
Sample_967,smarter,alpha
Sample_968,smarter,alpha
Sample_969,smarter,alpha
Sample_970,smarter,alpha
Sample_971,smarter,alpha
Sample_972,smarter,alpha
Sample_973,smarter,alpha
Sample_974,smarter,alpha
Sample_976,smarter,alpha
Sample_977,smarter,alpha
Sample_978,smarter,alpha
Sample_979,smarter,alpha
Sample_980,smarter,alpha
Sample_981,smarter,alpha
Sample_982,smarter,alpha
Sample_983,smarter,alpha
Sample_984,smarter,alpha
Sample_985,smarter,alpha
Sample_987,smarter,alpha
Sample_988,smarter,alpha
Sample_989,smarter,alpha
Sample_990,smarter,alpha
Sample_991,smarter,alpha
Sample_992,smarter,alpha
Sample_993,smarter,alpha
Sample_994,smarter,alpha
Sample_995,smarter,alpha
Sample_996,smarter,alpha
Sample_997,smarter,alpha
Sample_998,smarter,alpha
Sample_999,smarter,alpha
Sample_1000,smarter,alpha
Sample_1001,smarter,alpha
Sample_1002,smarter,alpha
Sample_1003,smarter,alpha
Sample_1005,smarter,alpha
Sample_1006,smarter,alpha
Sample_1007,smarter,alpha
Sample_1008,smarter,alpha
Sample_1009,smarter,alpha
Sample_1010,smarter,alpha
Sample_1011,smarter,alpha
Sample_1012,smarter,alpha
Sample_1013,smarter,alpha
Sample_1014,smarter,alpha
Sample_1015,smarter,alpha
Sample_1016,smarter,alpha
Sample_1017,smarter,alpha
Sample_1018,smarter,alpha
Sample_1020,smarter,alpha
Sample_1022,smarter,alpha
Sample_1023,smarter,alpha
Sample_1024,smarter,alpha
Sample_1025,smarter,alpha
Sample_1026,smarter,alpha
Sample_1027,smarter,alpha
Sample_1028,smarter,alpha
Sample_1029,smarter,alpha
Sample_1030,smarter,alpha
Sample_1032,smarter,alpha
Sample_1033,smarter,alpha
Sample_1034,smarter,alpha
Sample_1035,smarter,alpha
Sample_1036,smarter,alpha
Sample_1037,smarter,alpha
Sample_1038,smarter,alpha
Sample_1039,smarter,alpha
Sample_1040,smarter,alpha
Sample_1041,smarter,alpha
Sample_1042,smarter,alpha
Sample_1043,smarter,alpha
Sample_1044,smarter,alpha
Sample_1046,smarter,alpha
Sample_1047,smarter,alpha
Sample_1049,smarter,alpha
Sample_1050,smarter,alpha
Sample_1051,smarter,alpha
Sample_1052,smarter,alpha
Sample_1053,smarter,alpha
Sample_1054,smarter,alpha
Sample_1055,smarter,alpha
Sample_1056,smarter,alpha
Sample_1057,smarter,alpha
Sample_1058,smarter,alpha
Sample_1059,smarter,alpha
Sample_1060,smarter,alpha
Sample_1061,smarter,alpha
Sample_1062,smarter,alpha
Sample_1063,smarter,alpha
Sample_1064,smarter,alpha
Sample_1065,smarter,alpha
Sample_1066,smarter,alpha
Sample_1067,smarter,alpha
Sample_1068,smarter,alpha
Sample_1069,smarter,alpha
Sample_1070,smarter,alpha
Sample_1071,smarter,alpha
Sample_1072,smarter,alpha
Sample_1073,smarter,alpha
Sample_1074,smarter,alpha
Sample_1075,smarter,alpha
Sample_1076,smarter,alpha
Sample_1077,smarter,alpha
Sample_1078,smarter,alpha
Sample_1079,smarter,alpha
Sample_1080,smarter,alpha
Sample_1081,smarter,alpha
Sample_1082,smarter,alpha
Sample_1083,smarter,alpha
Sample_1084,smarter,alpha
Sample_1085,smarter,alpha
Sample_1087,smarter,alpha
Sample_1090,smarter,alpha
Sample_1091,smarter,alpha
Sample_1092,smarter,alpha
Sample_1093,smarter,alpha
Sample_1094,smarter,alpha
Sample_1095,smarter,alpha
Sample_1096,smarter,alpha
Sample_1097,smarter,alpha
Sample_1098,smarter,alpha
Sample_1099,smarter,alpha
Sample_1100,smarter,alpha
Sample_1101,smarter,alpha
Sample_1102,smarter,alpha
Sample_1103,smarter,alpha
Sample_1104,smarter,alpha
Sample_1105,smarter,alpha
Sample_1106,smarter,alpha
Sample_1107,smarter,alpha
Sample_1108,smarter,alpha
Sample_1109,smarter,alpha
Sample_1110,smarter,alpha
Sample_1111,smarter,alpha
Sample_1112,smarter,alpha
Sample_1113,smarter,alpha
Sample_1114,smarter,alpha
Sample_1115,smarter,alpha
Sample_1116,smarter,alpha
Sample_1117,smarter,alpha
Sample_1118,smarter,alpha
Sample_1119,smarter,alpha
Sample_1121,smarter,alpha
Sample_1123,smarter,alpha
Sample_1124,smarter,alpha
Sample_1125,smarter,alpha
Sample_1126,smarter,alpha
Sample_1127,smarter,alpha
Sample_1128,smarter,alpha
Sample_1129,smarter,alpha
Sample_1130,smarter,alpha
Sample_1131,smarter,alpha
Sample_1133,smarter,alpha
Sample_1135,smarter,alpha
Sample_1136,smarter,alpha
Sample_1138,smarter,alpha
Sample_1139,smarter,alpha
Sample_1141,smarter,alpha
Sample_1142,smarter,alpha
Sample_1143,smarter,alpha
Sample_1144,smarter,alpha
Sample_1145,smarter,alpha
Sample_1146,smarter,alpha
Sample_1147,smarter,alpha
Sample_1148,smarter,alpha
Sample_1149,smarter,alpha
Sample_1150,smarter,alpha
Sample_1151,smarter,alpha
Sample_1152,smarter,alpha
Sample_1153,smarter,alpha
Sample_1154,smarter,alpha
Sample_1155,smarter,alpha
Sample_1156,smarter,alpha
Sample_1157,smarter,alpha
Sample_1158,smarter,alpha
Sample_1159,smarter,alpha
Sample_1160,smarter,alpha
Sample_1161,smarter,alpha
Sample_1162,smarter,alpha
Sample_1163,smarter,alpha
Sample_1164,smarter,alpha
Sample_1165,smarter,alpha
Sample_1166,smarter,alpha
Sample_1167,smarter,alpha
Sample_1168,smarter,alpha
Sample_1169,smarter,alpha
Sample_1170,smarter,alpha
Sample_1171,smarter,alpha
Sample_1172,smarter,alpha
Sample_1173,smarter,alpha
Sample_1174,smarter,alpha
Sample_1175,smarter,alpha
Sample_1176,smarter,alpha
Sample_1177,smarter,alpha
Sample_1178,smarter,alpha
Sample_1179,smarter,alpha
Sample_1180,smarter,alpha
Sample_1181,smarter,alpha
Sample_1182,smarter,alpha
Sample_1185,smarter,alpha
Sample_1186,smarter,alpha
Sample_1187,smarter,alpha
Sample_1188,smarter,alpha
Sample_1189,smarter,alpha
Sample_1190,smarter,alpha
Sample_1191,smarter,alpha
Sample_1192,smarter,alpha
Sample_1193,smarter,alpha
Sample_1194,smarter,alpha
Sample_1195,smarter,alpha
Sample_1196,smarter,alpha
Sample_1197,smarter,alpha
Sample_1198,smarter,alpha
Sample_1199,smarter,alpha
Sample_1200,smarter,alpha
Sample_1201,smarter,alpha
Sample_1202,smarter,alpha
Sample_1203,smarter,alpha
Sample_1204,smarter,alpha
Sample_1205,smarter,alpha
Sample_1206,smarter,alpha
Sample_1207,smarter,alpha
Sample_1208,smarter,alpha
Sample_1209,smarter,alpha
Sample_1210,smarter,alpha
Sample_1211,smarter,alpha
Sample_1212,smarter,alpha
Sample_1213,smarter,alpha
Sample_1214,smarter,alpha
Sample_1215,smarter,alpha
Sample_1216,smarter,alpha
Sample_1217,smarter,alpha
Sample_1218,smarter,alpha
Sample_1219,smarter,alpha
Sample_1220,smarter,alpha
Sample_1221,smarter,alpha
Sample_1222,smarter,alpha
Sample_1223,smarter,alpha
Sample_1224,smarter,alpha
Sample_1225,smarter,alpha
Sample_1226,smarter,alpha
Sample_1227,smarter,alpha
Sample_1228,smarter,alpha
Sample_1229,smarter,alpha
Sample_1230,smarter,alpha
Sample_1231,smarter,alpha
Sample_1232,smarter,alpha
Sample_1233,smarter,alpha
Sample_1234,smarter,alpha
Sample_1235,smarter,alpha
Sample_1236,smarter,alpha
Sample_1237,smarter,alpha
Sample_1238,smarter,alpha
Sample_1239,smarter,alpha
Sample_1240,smarter,alpha
Sample_1241,smarter,alpha
Sample_1242,smarter,alpha
Sample_1243,smarter,alpha
Sample_1244,smarter,alpha
Sample_1245,smarter,alpha
Sample_1246,smarter,alpha
Sample_1247,smarter,alpha
Sample_1248,smarter,alpha
Sample_1249,smarter,alpha
Sample_1250,smarter,alpha
Sample_1251,smarter,alpha
Sample_1252,smarter,alpha
Sample_1253,smarter,alpha
Sample_1254,smarter,alpha
Sample_1256,smarter,alpha
Sample_1257,smarter,alpha
Sample_1258,smarter,alpha
Sample_1259,smarter,alpha
Sample_1260,smarter,alpha
Sample_1261,smarter,alpha
Sample_1262,smarter,alpha
Sample_1263,smarter,alpha
Sample_1264,smarter,alpha
Sample_1265,smarter,alpha
Sample_1266,smarter,alpha
Sample_1267,smarter,alpha
Sample_1269,smarter,alpha
Sample_1270,smarter,alpha
Sample_1271,smarter,alpha
Sample_1272,smarter,alpha
Sample_1273,smarter,alpha
Sample_1274,smarter,alpha
Sample_1275,smarter,alpha
Sample_1276,smarter,alpha
Sample_1277,smarter,alpha
Sample_1278,smarter,alpha
Sample_1279,smarter,alpha
Sample_1280,smarter,alpha
Sample_1281,smarter,alpha
Sample_1282,smarter,alpha
Sample_1283,smarter,alpha
Sample_1284,smarter,alpha
Sample_1285,smarter,alpha
Sample_1286,smarter,alpha
Sample_1287,smarter,alpha
Sample_1288,smarter,alpha
Sample_1289,smarter,alpha
Sample_1290,smarter,alpha
Sample_1291,smarter,alpha
Sample_1292,smarter,alpha
Sample_1293,smarter,alpha
Sample_1294,smarter,alpha
Sample_1295,smarter,alpha
Sample_1297,smarter,alpha
Sample_1298,smarter,alpha
Sample_1299,smarter,alpha
Sample_1300,smarter,alpha
Sample_1301,smarter,alpha
Sample_1302,smarter,alpha
Sample_1303,smarter,alpha
Sample_1304,smarter,alpha
Sample_1305,smarter,alpha
Sample_1307,smarter,alpha
Sample_1308,smarter,alpha
Sample_1309,smarter,alpha
Sample_1311,smarter,alpha
Sample_1312,smarter,alpha
Sample_1313,smarter,alpha
Sample_1314,smarter,alpha
Sample_1315,smarter,alpha
Sample_1316,smarter,alpha
Sample_1317,smarter,alpha
Sample_1318,smarter,alpha
Sample_1319,smarter,alpha
Sample_1320,smarter,alpha
Sample_1321,smarter,alpha
Sample_1322,smarter,alpha
Sample_1323,smarter,alpha
Sample_1324,smarter,alpha
Sample_1325,smarter,alpha
Sample_1326,smarter,alpha
Sample_1327,smarter,alpha
Sample_1328,smarter,alpha
Sample_1329,smarter,alpha
Sample_1330,smarter,alpha
Sample_1331,smarter,alpha
Sample_1332,smarter,alpha
Sample_1333,smarter,alpha
Sample_1334,smarter,alpha
Sample_1335,smarter,alpha
Sample_1336,smarter,alpha
Sample_1338,smarter,alpha
Sample_1340,smarter,alpha
Sample_1341,smarter,alpha
Sample_1342,smarter,alpha
Sample_1343,smarter,alpha
Sample_1344,smarter,alpha
Sample_1346,smarter,alpha
Sample_1347,smarter,alpha
Sample_1348,smarter,alpha
Sample_1349,smarter,alpha
Sample_1350,smarter,alpha
Sample_1351,smarter,alpha
Sample_1352,smarter,alpha
Sample_1353,smarter,alpha
Sample_1354,smarter,alpha
Sample_1355,smarter,alpha
Sample_1356,smarter,alpha
Sample_1357,smarter,alpha
Sample_1358,smarter,alpha
Sample_1359,smarter,alpha
Sample_1360,smarter,alpha
Sample_1361,smarter,alpha
Sample_1362,smarter,alpha
Sample_1363,smarter,alpha
Sample_1364,smarter,alpha
Sample_1365,smarter,alpha
Sample_1366,smarter,alpha
Sample_1367,smarter,alpha
Sample_1368,smarter,alpha
Sample_1369,smarter,alpha
Sample_1370,smarter,alpha
Sample_1371,smarter,alpha
Sample_1372,smarter,alpha
Sample_1373,smarter,alpha
Sample_1374,smarter,alpha
Sample_1375,smarter,alpha
Sample_1377,smarter,alpha
Sample_1378,smarter,alpha
Sample_1379,smarter,alpha
Sample_1380,smarter,alpha
Sample_1381,smarter,alpha
Sample_1382,smarter,alpha
Sample_1383,smarter,alpha
Sample_1384,smarter,alpha
Sample_1385,smarter,alpha
Sample_1386,smarter,alpha
Sample_1387,smarter,alpha
Sample_1388,smarter,alpha
Sample_1389,smarter,alpha
Sample_1390,smarter,alpha
Sample_1391,smarter,alpha
Sample_1392,smarter,alpha
Sample_1393,smarter,alpha
Sample_1394,smarter,alpha
Sample_1395,smarter,alpha
Sample_1396,smarter,alpha
Sample_1397,smarter,alpha
Sample_1398,smarter,alpha
Sample_1399,smarter,alpha
Sample_1401,smarter,alpha
Sample_1402,smarter,alpha
Sample_1403,smarter,alpha
Sample_1404,smarter,alpha
Sample_1405,smarter,alpha
Sample_1406,smarter,alpha
Sample_1407,smarter,alpha
Sample_1408,smarter,alpha
Sample_1409,smarter,alpha
Sample_1410,smarter,alpha
Sample_1411,smarter,alpha
Sample_1412,smarter,alpha
Sample_1414,smarter,alpha
Sample_1415,smarter,alpha
Sample_1417,smarter,alpha
Sample_1418,smarter,alpha
Sample_1419,smarter,alpha
Sample_1420,smarter,alpha
Sample_1421,smarter,alpha
Sample_1422,smarter,alpha
Sample_1423,smarter,alpha
Sample_1424,smarter,alpha
Sample_1425,smarter,alpha
Sample_1426,smarter,alpha
Sample_1427,smarter,alpha
Sample_1428,smarter,alpha
Sample_1429,smarter,alpha
Sample_1430,smarter,alpha
Sample_1431,smarter,alpha
Sample_1432,smarter,alpha
Sample_1433,smarter,alpha
Sample_1434,smarter,alpha
Sample_1435,smarter,alpha
Sample_1436,smarter,alpha
Sample_1437,smarter,alpha
Sample_1438,smarter,alpha
Sample_1439,smarter,alpha
Sample_1440,smarter,alpha
Sample_1441,smarter,alpha
Sample_1442,smarter,alpha
Sample_1443,smarter,alpha
Sample_1444,smarter,alpha
Sample_1445,smarter,alpha
Sample_1446,smarter,alpha
Sample_1447,smarter,alpha
Sample_1448,smarter,alpha
Sample_1449,smarter,alpha
Sample_1450,smarter,alpha
Sample_1451,smarter,alpha
Sample_1452,smarter,alpha
Sample_1453,smarter,alpha
Sample_1454,smarter,alpha
Sample_1455,smarter,alpha
Sample_1456,smarter,alpha
Sample_1457,smarter,alpha
Sample_1458,smarter,alpha
Sample_1459,smarter,alpha
Sample_1461,smarter,alpha
Sample_1462,smarter,alpha
Sample_1463,smarter,alpha
Sample_1464,smarter,alpha
Sample_1465,smarter,alpha
Sample_1466,smarter,alpha
Sample_1467,smarter,alpha
Sample_1468,smarter,alpha
Sample_1469,smarter,alpha
Sample_1470,smarter,alpha
Sample_1471,smarter,alpha
Sample_1472,smarter,alpha
Sample_1473,smarter,alpha
Sample_1474,smarter,alpha
Sample_1475,smarter,alpha
Sample_1476,smarter,alpha
Sample_1478,smarter,alpha
Sample_1479,smarter,alpha
Sample_1480,smarter,alpha
Sample_1481,smarter,alpha
Sample_1482,smarter,alpha
Sample_1483,smarter,alpha
Sample_1484,smarter,alpha
Sample_1485,smarter,alpha
Sample_1487,smarter,alpha
Sample_1488,smarter,alpha
Sample_1489,smarter,alpha
Sample_1490,smarter,alpha
Sample_1491,smarter,alpha
Sample_1492,smarter,alpha
Sample_1493,smarter,alpha
Sample_1495,smarter,alpha
Sample_1496,smarter,alpha
Sample_1497,smarter,alpha
Sample_1498,smarter,alpha
Sample_1499,smarter,alpha
Sample_1500,smarter,alpha
Sample_1501,smarter,alpha
Sample_1502,smarter,alpha
Sample_1503,smarter,alpha
Sample_1506,smarter,alpha
Sample_1507,smarter,alpha
Sample_1508,smarter,alpha
Sample_1509,smarter,alpha
Sample_1510,smarter,alpha
Sample_1511,smarter,alpha
Sample_1512,smarter,alpha
Sample_1513,smarter,alpha
Sample_1514,smarter,alpha
Sample_1515,smarter,alpha
Sample_1516,smarter,alpha
Sample_1517,smarter,delta
Sample_1518,smarter,delta
Sample_1519,smarter,delta
Sample_1522,smarter,delta
Sample_1523,smarter,delta
Sample_1525,smarter,delta
Sample_1526,smarter,delta
Sample_1527,smarter,delta
Sample_1528,smarter,delta
Sample_1529,smarter,delta
Sample_1533,smarter,delta
Sample_1534,smarter,delta
Sample_1535,smarter,delta
Sample_1536,smarter,delta
Sample_1537,smarter,delta
Sample_1538,smarter,delta
Sample_1539,smarter,delta
Sample_1540,smarter,delta
Sample_1541,smarter,delta
Sample_1542,smarter,delta
Sample_1546,smarter,delta
Sample_1547,smarter,gamma
Sample_1548,smarter,gamma
Sample_1549,smarter,gamma
Sample_1550,smarter,gamma
Sample_1551,smarter,gamma
Sample_1552,smarter,gamma
Sample_1553,smarter,gamma
Sample_1554,smarter,gamma
Sample_1555,smarter,gamma
Sample_1556,smarter,gamma
Sample_1557,smarter,gamma
Sample_1558,smarter,gamma
Sample_1559,smarter,gamma
Sample_1560,smarter,gamma
Sample_1561,smarter,gamma
Sample_1562,smarter,gamma
Sample_1563,smarter,gamma
Sample_1564,smarter,gamma
Sample_1565,smarter,gamma
Sample_1566,smarter,gamma
Sample_1567,smarter,gamma
Sample_1568,smarter,gamma
Sample_1569,smarter,gamma
Sample_1570,smarter,gamma
Sample_1571,smarter,gamma
Sample_1572,smarter,gamma
Sample_1573,smarter,gamma
Sample_1574,smarter,gamma
Sample_1575,smarter,gamma
Sample_1576,smarter,gamma
Sample_1577,smarter,gamma
Sample_1578,smarter,gamma
Sample_1579,smarter,gamma
Sample_1580,smarter,gamma
Sample_1581,smarter,gamma
Sample_1582,smarter,gamma
Sample_1583,smarter,gamma
Sample_1584,smarter,gamma
Sample_1585,smarter,gamma
Sample_1586,smarter,gamma
Sample_1587,smarter,gamma
Sample_1588,smarter,gamma
Sample_1589,smarter,gamma
Sample_1590,smarter,gamma
Sample_1591,smarter,gamma
Sample_1592,smarter,gamma
Sample_1593,smarter,gamma
Sample_1594,smarter,gamma
Sample_1595,smarter,gamma
Sample_1597,smarter,gamma
Sample_1598,smarter,gamma
Sample_1600,smarter,gamma
